pmid,contrast_id,contrast_label,contrast_type,condition_1_type,condition_2_type,contrast_category,method_category,tissue_level,has_usable_coordinates,n_coordinates,direction,analysis_method,integrated_from
41351443,FC_GROUP_TIME_INTERACTION,significant group × time interaction effects in brain network functional connectivity,"group × time interaction (acupuncture group vs sham acupuncture group, pre vs post 12-week intervention)",baseline,baseline,group_comparison,network_ica,,False,0,two FCs within SMN increased in AG; three inter-network (SMN-CON) FCs decreased in AG,"mixed-effects models with random 5000-time permutation test; confirmed by repeated-measures GLM adjusting for age, sex, education, and head motion",
41351443,TOPO_NODAL_EFF,significant group × time interaction in nodal efficiency AUC of left parietal lobe,"group × time interaction (acupuncture group vs sham acupuncture group, pre vs post 12-week intervention)",baseline,baseline,group_comparison,graph_theory,,True,1,enhanced nodal efficiency in AG compared to SG,"Graph Theoretical Analysis in DPABINet Version 1.1; mixed-effects models with random 5000-time permutation test; confirmed by repeated-measures GLM adjusting for age, sex, education, head motion; AUC across sparsity range 10-34% with 1% step",
41351443,TOPO_BETWEENNESS,significant group × time interaction in betweenness AUC of right parietal lobe,"group × time interaction (acupuncture group vs sham acupuncture group, pre vs post 12-week intervention)",baseline,baseline,group_comparison,graph_theory,,True,1,significant decrease in betweenness in AG,"Graph Theoretical Analysis in DPABINet Version 1.1; mixed-effects models with random 5000-time permutation test; confirmed by repeated-measures GLM adjusting for age, sex, education, head motion; AUC across sparsity range 10-34% with 1% step",
41351443,TOPO_NON_SIG,non-significant group × time interaction in topological properties of remaining seven ROIs,"group × time interaction (non-significant results, reported for completeness)",baseline,baseline,group_comparison,graph_theory,,True,7,not significant,Graph Theoretical Analysis in DPABINet Version 1.1; mixed-effects models with random 5000-time permutation test,
41351443,CORR_FC_AVLT_AG,correlation between change in functional connectivity (middle insular to left PCC) and AVLT improvement in acupuncture group,correlation between change in FC and change in clinical outcome within AG,verum,not_applicable,correlation_clinical,correlation_brain_behavior,,False,0,negative correlation (decrease in FC associated with improvement in AVLT),Spearman correlation analysis,
41351443,CORR_FC_AVLT_SG,correlation between change in functional connectivity (middle insular to left PCC) and AVLT improvement in sham acupuncture group,correlation between change in FC and change in clinical outcome within SG,sham,not_applicable,correlation_clinical,correlation_brain_behavior,,False,0,not significant,Pearson correlation analysis,
41351443,18571795_C1,LV3 acupuncture > rest (activation),activation,verum,rest,verum_gt_rest,whole_brain_activation,,True,13,activation,activation,extraction_results.json
41351443,18571795_C2,LV2 acupuncture > rest (activation),activation,verum,rest,verum_gt_rest,whole_brain_activation,,True,13,activation,activation,extraction_results.json
41351443,18571795_C3,ST44 acupuncture > rest (activation),activation,verum,rest,verum_gt_rest,whole_brain_activation,,True,12,activation,activation,extraction_results.json
41351443,18571795_C4,Sham acupuncture > rest (activation),activation,sham,rest,sham_gt_rest,whole_brain_activation,3.0,True,12,activation,activation,extraction_results.json
41351443,18571795_C5,LV3 acupuncture > rest (deactivation),activation,verum,rest,deactivation,whole_brain_activation,,True,15,deactivation,activation,extraction_results.json
41351443,18571795_C6,LV2 acupuncture > rest (deactivation),activation,verum,rest,deactivation,whole_brain_activation,,True,15,deactivation,activation,extraction_results.json
41351443,18571795_C7,ST44 acupuncture > rest (deactivation),activation,verum,rest,deactivation,whole_brain_activation,,True,10,deactivation,activation,extraction_results.json
41351443,18571795_C8,Sham acupuncture > rest (deactivation),activation,sham,rest,deactivation,whole_brain_activation,,True,19,deactivation,activation,extraction_results.json
41351443,18571795_C9,LV2 vs Sham (one-way ANOVA),activation,verum,sham,verum_gt_sham,whole_brain_activation,,True,4,activation,activation,extraction_results.json
41351443,18571795_C10,ST44 vs Sham (one-way ANOVA),activation,verum,sham,verum_gt_sham,whole_brain_activation,,True,2,activation,activation,extraction_results.json
40974865,NR_01,BC-HF vs. NC: decreased FC at baseline,between-group comparison at baseline,baseline,baseline,group_comparison,roi_fc,,False,0,decreased FC in BC-HF compared with NC,ANOVA with post-hoc analysis (Bonferroni corrected),
40974865,NR_02,BC-NF vs. NC: reduced FC at baseline,between-group comparison at baseline,baseline,baseline,group_comparison,roi_fc,,False,0,reduced FC in BC-NF compared with NC,ANOVA with post-hoc analysis (Bonferroni corrected),
40974865,NR_03,BC-HF vs. BC-NF: notably reduced FC at baseline,between-group comparison at baseline,baseline,baseline,group_comparison,roi_fc,,False,0,notably reduced FC in BC-HF compared with BC-NF,ANOVA with post-hoc analysis (Bonferroni corrected),
40974865,NR_04,BC-HF post-treatment vs. baseline: increased FC between right temporal gyrus and angular area,within-group pre-post comparison after acupuncture,verum,baseline,verum_post_gt_pre,roi_fc,,False,0,increased FC after acupuncture,not_reported (statistical model details in supplementary materials),
40974865,NR_05,BC-HF post-treatment vs. baseline: increased FC between right temporal gyrus and MPFC,within-group pre-post comparison after acupuncture,verum,baseline,verum_post_gt_pre,roi_fc,,False,0,increased FC after acupuncture,not_reported (statistical model details in supplementary materials),
40974865,NR_06,"BC-HF post-treatment vs. baseline: increased FC between PCC and left RT, and PCC and MPFC",within-group pre-post comparison after acupuncture,verum,baseline,verum_post_gt_pre,roi_fc,,False,0,increased FC after acupuncture,not_reported,
40974865,NR_07,Correlation: increased FC (RT–RA) and HFCS reduction in positive-responders at post-treatment,correlation between FC change and clinical outcome change in positive-responder subgroup,verum,baseline,correlation_clinical,correlation_brain_behavior,,False,0,negative correlation (increased FC associated with reduction in HFCS),Spearman correlation (FDR-corrected),
40974865,NR_08,Correlation: increased FC (RT–RA) predicts stable improvement in HFCS at 4–6 months follow-up in positive-responders,correlation between FC change and clinical outcome change at follow-up in positive-responder subgroup,verum,baseline,correlation_clinical,correlation_brain_behavior,,False,0,negative correlation (increased FC associated with reduced HFCS at follow-up),Spearman correlation (FDR-corrected),
40974865,NR_09,Interaction effect: time × menopausal status (or endocrine therapy type) on FC within DMN,interaction effect in linear mixed-effects model,verum,baseline,group_comparison,roi_fc,,False,0,not significant; interaction effect did not reach statistical significance,linear mixed-effects model analysis,
40974865,NR_10,Main effect: menopausal status on FC between right temporal gyrus and angular area,main effect in linear mixed-effects model,verum,baseline,group_comparison,roi_fc,,False,0,significant main effect of menopausal status specifically for FC between right temporal gyrus and angular area,linear mixed-effects model analysis,
40974865,15876491_C1,Liv3 > Sham Liv3 (activation),activation,verum,sham,verum_gt_sham,whole_brain_activation,,True,14,activation,activation,extraction_results.json
40974865,15876491_C2,Liv3 > Sham Liv3 (deactivation),activation,verum,sham,deactivation,whole_brain_activation,,True,9,deactivation,activation,extraction_results.json
40974865,15876491_C3,LI4 > Sham LI4 (activation),activation,verum,sham,verum_gt_sham,whole_brain_activation,,True,3,activation,activation,extraction_results.json
40974865,15876491_C4,LI4 > Sham LI4 (deactivation),activation,verum,sham,deactivation,whole_brain_activation,,True,10,deactivation,activation,extraction_results.json
39468590,contrast_fALFF_acup_vs_control,Difference in whole brain fALFF using 2x2 repeated-measures ANOVA analysis of variance between acupuncture and control group,group x time interaction: acupuncture group > control group (post-pre change),verum,sham,group_comparison,whole_brain_activation,,True,2,acupuncture group > control group,2x2 repeated-measures ANOVA analysis of variance with intervention (control versus acupuncture) and time point (baseline versus follow-up),
39468590,contrast_ReHo_acup_vs_control,Difference in whole brain ReHo using 2x2 repeated-measures ANOVA analysis of variance between acupuncture and control group,group x time interaction: acupuncture group > control group (post-pre change),verum,sham,group_comparison,whole_brain_activation,,True,2,acupuncture group > control group,2x2 repeated-measures ANOVA analysis of variance with intervention (control versus acupuncture) and time point (baseline versus follow-up),
39468590,19427842_C1,Spontaneous activation - Right AI network during RS,other,rest,not_applicable,other,seed_based_fc,,True,9,activation,other,extraction_results.json
39468590,19427842_C2,Spontaneous deactivation - Right AI network during RS,other,rest,not_applicable,deactivation,seed_based_fc,,True,6,deactivation,other,extraction_results.json
39468590,19427842_C3,Increased spontaneous activation: PARS > RS (right AI network),other,verum,rest,verum_gt_rest,seed_based_fc,,True,16,increase,other,extraction_results.json
39468590,19427842_C4,Increased spontaneous deactivation: PARS > RS (right AI network),other,verum,rest,deactivation,seed_based_fc,,True,8,decrease,other,extraction_results.json
39468590,19427842_C5,Increased spontaneous activation: PSRS > RS (right AI network),other,sham,rest,sham_gt_rest,seed_based_fc,1.0,True,7,increase,other,extraction_results.json
39468590,19427842_C6,Increased spontaneous deactivation: PSRS > RS (right AI network),other,sham,rest,deactivation,seed_based_fc,,True,1,decrease,other,extraction_results.json
21080967,contrast_genuine_EA_fcMRI,Positive functional connectivity during genuine EA state,one sample t-test (random effects); PAG seed connectivity during genuine EA,verum,not_applicable,verum_gt_rest,seed_based_fc,,True,9,positive functional connectivity,functional connectivity fMRI (fcMRI); seed-based correlation; Fisher r-to-z transformation; random effects one sample t-test,
21080967,contrast_sham_EA_fcMRI,Positive functional connectivity during sham EA state,one sample t-test (random effects); PAG seed connectivity during sham EA,sham,not_applicable,sham_gt_rest,seed_based_fc,3.0,True,8,positive functional connectivity,functional connectivity fMRI (fcMRI); seed-based correlation; Fisher r-to-z transformation; random effects one sample t-test,
21080967,contrast_genuine_gt_sham,GEA > SEA (genuine EA greater than sham EA),two-sample t-test; main effect of acupuncture mode (genuine > sham); pooling expectancy groups,verum,sham,verum_gt_sham,seed_based_fc,3.0,True,1,genuine EA > sham EA,two-sample t-test comparing genuine EA (pooling the two expectancy groups) and sham EA (pooling the two expectancy groups); analysis equivalent to ANOVA main effect,
21080967,contrast_sham_gt_genuine,SEA > GEA (sham EA greater than genuine EA),two-sample t-test; main effect of acupuncture mode (sham > genuine); pooling expectancy groups,sham,verum,verum_gt_sham,seed_based_fc,3.0,True,1,sham EA > genuine EA,two-sample t-test comparing genuine EA (pooling the two expectancy groups) and sham EA (pooling the two expectancy groups); analysis equivalent to ANOVA main effect,
21080967,contrast_HE_gt_LE,HE > LE (high expectancy greater than low expectancy),two-sample t-test; main effect of expectancy (HE > LE); pooling acupuncture groups,verum,verum,correlation_expectancy,seed_based_fc,,False,0,high expectancy > low expectancy,two-sample t-test; main effect of expectancy (pooling acupuncture groups),
21080967,contrast_LE_gt_HE,LE > HE (low expectancy greater than high expectancy),two-sample t-test; main effect of expectancy (LE > HE); pooling acupuncture groups,verum,verum,correlation_expectancy,seed_based_fc,,False,0,low expectancy > high expectancy,two-sample t-test; main effect of expectancy (pooling acupuncture groups),
21080967,contrast_interaction,Interaction (treatment mode x expectancy level),two-sample t-test; interaction between treatment mode and expectancy level,verum,sham,group_comparison,seed_based_fc,3.0,True,1,interaction,two-sample t-test comparing cohorts receiving genuine EA with high expectancy + sham EA with low expectancy and cohorts receiving sham EA with high expectancy + genuine EA with low expectancy,
21080967,contrast_GH_gt_SH,GH > SH (genuine EA high expectancy > sham EA high expectancy),post-hoc two-sample t-test,verum,sham,verum_gt_sham,seed_based_fc,3.0,False,0,GH > SH,post-hoc two-sample t-test,
21080967,contrast_SH_gt_GH,SH > GH (sham EA high expectancy > genuine EA high expectancy),post-hoc two-sample t-test,sham,verum,verum_gt_sham,seed_based_fc,3.0,False,0,SH > GH,post-hoc two-sample t-test,
21080967,contrast_GH_gt_GL,GH > GL (genuine EA high expectancy > genuine EA low expectancy),post-hoc two-sample t-test,verum,verum,correlation_expectancy,seed_based_fc,,True,1,GH > GL,post-hoc two-sample t-test,
21080967,contrast_GL_gt_GH,GL > GH (genuine EA low expectancy > genuine EA high expectancy),post-hoc two-sample t-test,verum,verum,correlation_expectancy,seed_based_fc,,False,0,GL > GH,post-hoc two-sample t-test,
21080967,contrast_SH_gt_SL,SH > SL (sham EA high expectancy > sham EA low expectancy),post-hoc two-sample t-test,sham,sham,correlation_expectancy,seed_based_fc,3.0,False,0,SH > SL,post-hoc two-sample t-test,
21080967,contrast_SL_gt_SH,SL > SH (sham EA low expectancy > sham EA high expectancy),post-hoc two-sample t-test,sham,sham,correlation_expectancy,seed_based_fc,3.0,False,0,SL > SH,post-hoc two-sample t-test,
21080967,contrast_GL_gt_SL,GL > SL (genuine EA low expectancy > sham EA low expectancy),post-hoc two-sample t-test,verum,sham,verum_gt_sham,seed_based_fc,3.0,False,0,GL > SL,post-hoc two-sample t-test,
21080967,contrast_SL_gt_GL,SL > GL (sham EA low expectancy > genuine EA low expectancy),post-hoc two-sample t-test,sham,verum,verum_gt_sham,seed_based_fc,3.0,True,1,SL > GL,post-hoc two-sample t-test,
21080967,17240066_C1,Baseline GROUP x STIM interaction: [CTS(acup)-CTS(sham)] - [HC(acup)-HC(sham)] — positive (LHA activation),activation,verum,verum,group_comparison,whole_brain_activation,,True,1,activation,activation,extraction_results.json
21080967,17240066_C2,Baseline GROUP x STIM interaction: [CTS(acup)-CTS(sham)] - [HC(acup)-HC(sham)] — negative (deactivations in CTS),activation,verum,verum,deactivation,whole_brain_activation,,True,12,deactivation,activation,extraction_results.json
21080967,17240066_C3,Sham acupuncture: CTS > HC at baseline (CTS > HC for sham processing),activation,sham,sham,group_comparison,whole_brain_activation,,True,5,activation,activation,extraction_results.json
21080967,17240066_C4,Longitudinal CTS STIM x TIME interaction: [CTSbase(acup)-CTSbase(sham)] - [CTSpost(acup)-CTSpost(sham)] — positive (LHA activation),activation,verum,verum,group_comparison,whole_brain_activation,,True,1,activation,activation,extraction_results.json
21080967,17240066_C5,Longitudinal CTS STIM x TIME interaction: [CTSbase(acup)-CTSbase(sham)] - [CTSpost(acup)-CTSpost(sham)] — negative (deactivations),activation,verum,verum,deactivation,whole_brain_activation,,True,6,deactivation,activation,extraction_results.json
21080967,17240066_C6,HC test-retest STIM x TIME interaction: [HCbase(acup)-HCbase(sham)] - [HCpost(acup)-HCpost(sham)],activation,verum,verum,group_comparison,whole_brain_activation,,True,4,activation,activation,extraction_results.json
21080967,17240066_SR_C1,Sham EA state (positive functional connectivity with PAG seed),FC,sham,not_applicable,sham_gt_rest,seed_based_fc,3.0,True,8,activation,FC,sham_rest_extract
41591775,cpm_vas_neg,CPM negative network predicting VAS score reduction,predictive model — negative functional connectivity predicting VAS score change,baseline,not_applicable,correlation_clinical,multivariate,,False,0,negative connectivity predicts greater VAS score reduction,Connectome-based predictive modeling (CPM) with leave-one-out cross-validation; feature selection P < .01; 5000 permutation test,
41591775,cpm_hit6_pos,CPM positive network predicting HIT-6 score improvement,predictive model — positive functional connectivity predicting HIT-6 score change,baseline,not_applicable,correlation_clinical,multivariate,,False,0,positive connectivity predicts greater HIT-6 score improvement,Connectome-based predictive modeling (CPM) with leave-one-out cross-validation; feature selection P < .01; 5000 permutation test,
41591775,cpm_mmd_null,CPM for MMDs — no significant predictive performance,predictive model — null result for MMD prediction,baseline,not_applicable,correlation_clinical,multivariate,,False,0,not_reported,Connectome-based predictive modeling (CPM),
41591775,cpm_mhd_null,CPM for MHDs — no significant predictive performance,predictive model — null result for MHD prediction,baseline,not_applicable,correlation_clinical,multivariate,,False,0,not_reported,Connectome-based predictive modeling (CPM),
41591775,cpm_meduse_null,CPM for acute medication use days — no significant predictive performance,predictive model — null result,baseline,not_applicable,correlation_clinical,multivariate,,False,0,not_reported,Connectome-based predictive modeling (CPM),
41591775,cpm_msq_null,CPM for MSQ scores — no significant predictive performance,predictive model — null result for MSQ domains,baseline,not_applicable,correlation_clinical,multivariate,,False,0,not_reported,Connectome-based predictive modeling (CPM),
40963943,con_TTH_ALFF_decrease,ALFF: Acupuncture state < Resting state (TTH patients),within-group paired comparison: acupuncture state vs. resting state,verum,rest,deactivation,whole_brain_activation,,True,5,decrease (acupuncture state < resting state),paired t-test,
40963943,con_TTH_ALFF_increase,ALFF: Acupuncture state > Resting state (TTH patients),within-group paired comparison: acupuncture state vs. resting state,verum,rest,verum_gt_rest,whole_brain_activation,,True,2,increase (acupuncture state > resting state),paired t-test,
40963943,con_TTH_fALFF_decrease,fALFF: Acupuncture state < Resting state (TTH patients),within-group paired comparison: acupuncture state vs. resting state,verum,rest,deactivation,whole_brain_activation,,True,3,decrease (acupuncture state < resting state),paired t-test,
40963943,con_TTH_fALFF_increase,fALFF: Acupuncture state > Resting state (TTH patients),within-group paired comparison: acupuncture state vs. resting state,verum,rest,verum_gt_rest,whole_brain_activation,,True,1,increase (acupuncture state > resting state),paired t-test,
40963943,con_TTH_ReHo_decrease,ReHo: Acupuncture state < Resting state (TTH patients),within-group paired comparison: acupuncture state vs. resting state,verum,rest,deactivation,whole_brain_activation,,True,6,decrease (acupuncture state < resting state),paired t-test,
40963943,con_TTH_ReHo_increase,ReHo: Acupuncture state > Resting state (TTH patients),within-group paired comparison: acupuncture state vs. resting state,verum,rest,verum_gt_rest,whole_brain_activation,,True,5,increase (acupuncture state > resting state),paired t-test,
40963943,con_HC_ALFF_decrease,ALFF: Acupuncture state < Resting state (HCs),within-group paired comparison: acupuncture state vs. resting state,verum,rest,deactivation,whole_brain_activation,,True,6,decrease (acupuncture state < resting state),paired t-test,
40963943,con_HC_ALFF_increase,ALFF: Acupuncture state > Resting state (HCs),within-group paired comparison: acupuncture state vs. resting state,verum,rest,verum_gt_rest,whole_brain_activation,,True,1,increase (acupuncture state > resting state),paired t-test,
40963943,con_HC_fALFF_decrease,fALFF: Acupuncture state < Resting state (HCs),within-group paired comparison: acupuncture state vs. resting state,verum,rest,deactivation,whole_brain_activation,,True,2,decrease (acupuncture state < resting state),paired t-test,
40963943,con_HC_fALFF_increase,fALFF: Acupuncture state > Resting state (HCs),within-group paired comparison: acupuncture state vs. resting state,verum,rest,verum_gt_rest,whole_brain_activation,,False,0,increase (acupuncture state > resting state),paired t-test,
40963943,con_HC_ReHo_decrease,ReHo: Acupuncture state < Resting state (HCs),within-group paired comparison: acupuncture state vs. resting state,verum,rest,deactivation,whole_brain_activation,,True,5,decrease (acupuncture state < resting state),paired t-test,
40963943,con_HC_ReHo_increase,ReHo: Acupuncture state > Resting state (HCs),within-group paired comparison: acupuncture state vs. resting state,verum,rest,verum_gt_rest,whole_brain_activation,,True,4,increase (acupuncture state > resting state),paired t-test,
40963943,con_TTH_pain_ALFF_decrease,ALFF changes in TTH patients with acute pain sensation during instant acupuncture (decrease),within-subgroup paired comparison: acupuncture state vs. resting state in TTH patients with predominant acute pain,verum,rest,correlation_deqi,whole_brain_activation,,True,2,decrease,paired t-test,
40963943,con_TTH_pain_ReHo_decrease,ReHo changes in TTH patients with acute pain sensation during instant acupuncture (decrease),within-subgroup paired comparison: acupuncture state vs. resting state in TTH patients with predominant acute pain,verum,rest,correlation_deqi,whole_brain_activation,,True,3,decrease,paired t-test,
40963943,con_TTH_deqi_no_results,TTH patients with composite Deqi sensation: no results,within-subgroup paired comparison: acupuncture state vs. resting state in TTH patients with predominant Deqi,verum,rest,correlation_deqi,whole_brain_activation,,False,0,not_applicable,paired t-test,
40963943,con_HC_pain_ALFF_decrease,ALFF changes in HCs with acute pain sensation during instant acupuncture (decrease),within-subgroup paired comparison: acupuncture state vs. resting state in HCs with predominant acute pain,verum,rest,correlation_deqi,whole_brain_activation,,True,1,decrease,paired t-test,
40963943,con_HC_pain_ReHo_mixed,ReHo changes in HCs with acute pain sensation during instant acupuncture,within-subgroup paired comparison: acupuncture state vs. resting state in HCs with predominant acute pain,verum,rest,correlation_deqi,whole_brain_activation,,True,4,mixed (decrease and increase),paired t-test,
40963943,con_HC_deqi_ReHo_decrease,ReHo changes in HCs with composite Deqi sensation during instant acupuncture (decrease),within-subgroup paired comparison: acupuncture state vs. resting state in HCs with predominant Deqi,verum,rest,correlation_deqi,whole_brain_activation,,True,2,decrease,paired t-test,
40963943,con_HC_deqi_ALFF_no_results,ALFF changes in HCs with composite Deqi sensation: no results,within-subgroup paired comparison: acupuncture state vs. resting state in HCs with predominant Deqi,verum,rest,correlation_deqi,whole_brain_activation,,False,0,not_applicable,paired t-test,
41601526,con_ST36_FCNM,Brain activated network of ST36 in healthy controls (HCs),Seed-to-whole-brain functional connectivity network mapping (FCNM); voxel-wise one-sample t-test of individual FC maps,verum,rest,verum_gt_rest,seed_based_fc,,False,0,Positive functional connectivity only,Functional connectivity network mapping (FCNM): spherical seeds (4 mm radius) around ST36 activation coordinates merged into contrast seed; Pearson's correlation coefficients between seed and whole-brain voxels; Fisher's z-transformation; voxel-wise one-sample t-test across 573 participants; FDR-corrected thresholded t-maps binarized; composite network probability maps thresholded at 60%,
41601526,con_ST36_neuro,Spatial correlation between ST36 activation network and neurotransmitter/metabolism distribution,Cross-modal spatial correlation (Fisher's z-transformed Spearman correlation) between FCNM map and neurotransmitter density maps,verum,not_applicable,other,correlation_brain_behavior,,False,0,not_reported,"JuSpace toolbox (version 2.0, computing option 3); Neuromorphometrics Atlas comprising 119 regions; Fisher's z-transformed Spearman correlation coefficients between FCNM map and spatial distributions of receptor/transporter maps; gray matter probability map incorporated as covariate; statistical significance via one-sample t-tests against zero with exact P-values from 10,000 permutations; FDR correction at P < 0.05",
41601526,con_GB34_FCNM,Brain activated network of GB34 in healthy controls (HCs),Seed-to-whole-brain functional connectivity network mapping (FCNM); voxel-wise one-sample t-test of individual FC maps,verum,rest,verum_gt_rest,seed_based_fc,,False,0,Positive functional connectivity only,Functional connectivity network mapping (FCNM): spherical seeds (4 mm radius) around GB34 activation coordinates merged into contrast seed; Pearson's correlation coefficients between seed and whole-brain voxels; Fisher's z-transformation; voxel-wise one-sample t-test across 573 participants; FDR-corrected thresholded t-maps binarized; composite network probability maps thresholded at 60%,
41601526,con_GB34_neuro,Spatial correlation between GB34 activation network and neurotransmitter/metabolism distribution,Cross-modal spatial correlation (Fisher's z-transformed Spearman correlation) between FCNM map and neurotransmitter density maps,verum,not_applicable,other,correlation_brain_behavior,,False,0,not_reported,"JuSpace toolbox (version 2.0, computing option 3); Neuromorphometrics Atlas comprising 119 regions; Fisher's z-transformed Spearman correlation coefficients between FCNM map and spatial distributions of receptor/transporter maps; gray matter probability map incorporated as covariate; statistical significance via one-sample t-tests against zero with exact P-values from 10,000 permutations; FDR correction at P < 0.05",
41601526,con_validation_ST36_seed,Validation: FCNM with different seed sizes for ST36,Validation analysis: FCNM repeated with 1-mm and 7-mm radius spheres for ST36,verum,not_applicable,other,seed_based_fc,,False,0,not_reported,FCNM procedure repeated with 1- and 7-mm radius spheres; Dice coefficient computed,
41601526,con_validation_GB34_seed,Validation: FCNM with different seed sizes for GB34,Validation analysis: FCNM repeated with 1-mm and 7-mm radius spheres for GB34,verum,not_applicable,other,seed_based_fc,,False,0,not_reported,FCNM procedure repeated with 1- and 7-mm radius spheres; Dice coefficient computed,
41601526,con_validation_FCP_replication,Validation: FCNM replication in FCP dataset for ST36 and GB34,Cross-scanner replication: FCNM applied to FCP dataset; Dice coefficient computed between SLIM and FCP networks,rest,rest,other,seed_based_fc,,False,0,not_reported,Same FCNM procedure applied to FCP dataset; Dice coefficient computed,
41601526,19345268_C1,Verum Acupuncture (VA) main effect - brainstem activation,activation,verum,not_applicable,verum_gt_rest,whole_brain_activation,,False,3,activation,activation,extraction_results.json
41601526,19345268_C2,Verum Acupuncture (VA) main effect - brainstem deactivation,activation,verum,not_applicable,deactivation,whole_brain_activation,,False,9,deactivation,activation,extraction_results.json
41601526,19345268_C3,VA > SPA contrast - brainstem,activation,verum,sham,verum_gt_sham,whole_brain_activation,,False,4,activation,activation,extraction_results.json
41601526,19345268_C4,SPA > VA contrast - brainstem,activation,sham,verum,verum_gt_sham,whole_brain_activation,,False,1,activation,activation,extraction_results.json
41601526,19345268_C5,Verum Acupuncture (VA) linear time-variant (decreasing) response,activation,verum,not_applicable,deactivation,whole_brain_activation,,True,21,decrease,activation,extraction_results.json
41601526,19345268_C6,Sham Point Acupuncture (SPA) linear time-variant (decreasing) response,activation,sham,not_applicable,deactivation,whole_brain_activation,,True,5,decrease,activation,extraction_results.json
24915066,con_armA_postVSpre,active acupoint group: ReHo changes after treatment vs baseline,within-group pre-post comparison (post-treatment minus baseline),verum,baseline,verum_post_gt_pre,whole_brain_activation,,True,34,both increase and decrease reported separately,ReHo analysis using Kendall's coefficient of concordance; KCC maps standardized by whole-brain mean KCC; smoothed with Gaussian kernel FWHM 4 mm; independent-sample t-test with age as covariate,
24915066,con_armB_postVSpre,inactive acupoint group: ReHo changes after treatment vs baseline,within-group pre-post comparison (post-treatment minus baseline),sham,baseline,sham_post_gt_pre,whole_brain_activation,,True,3,both increase and decrease reported separately,ReHo analysis using Kendall's coefficient of concordance; KCC maps standardized by whole-brain mean KCC; smoothed with Gaussian kernel FWHM 4 mm; independent-sample t-test with age as covariate,
24915066,con_armA_vs_armB_direct,direct comparison of ReHo changes between the active and inactive group,between-group comparison (active acupoint group > and < inactive acupoint group),verum,sham,verum_gt_sham,whole_brain_activation,,False,7,both higher and lower ReHo in active vs inactive group reported,direct between-group comparison of ReHo changes (end of treatment minus baseline),
24915066,con_corr_armA_VAS_ACC,correlation between decrease in VAS score and increased average ReHo values in ACC (active acupoint group),correlation between clinical variable change and neural change,verum,not_applicable,correlation_clinical,correlation_brain_behavior,,False,0,negative correlation (decrease in VAS associated with increase in ReHo),correlation analysis; mean subtraction (end of treatment - baseline) ReHo value in cluster correlated with changes in clinical variables; Bonferroni correction applied,
24915066,con_corr_armA_VAS_Insula,correlation between decrease in VAS score and increased average ReHo values in insula (active acupoint group),correlation between clinical variable change and neural change,verum,not_applicable,correlation_clinical,correlation_brain_behavior,,False,0,negative correlation (decrease in VAS associated with increase in ReHo),correlation analysis; mean subtraction (end of treatment - baseline) ReHo value in cluster correlated with changes in clinical variables; Bonferroni correction applied,
24915066,con_corr_armB_VAS_ACC,correlation between decrease in VAS score and increased average ReHo values in ACC (inactive acupoint group),correlation between clinical variable change and neural change,sham,not_applicable,correlation_clinical,correlation_brain_behavior,,False,0,negative correlation (decrease in VAS associated with increase in ReHo),correlation analysis; mean subtraction (end of treatment - baseline) ReHo value in cluster correlated with changes in clinical variables; Bonferroni correction applied,
24915066,24911975_C1,Table 3: Active acupoint group - ReHo increases after treatment vs baseline,ReHo,verum,baseline,verum_post_gt_pre,whole_brain_activation,,True,19,increase,ReHo,peak_only_extract
24915066,24911975_C2,Table 3: Active acupoint group - ReHo decreases after treatment vs baseline,ReHo,verum,baseline,deactivation,whole_brain_activation,,True,14,decrease,ReHo,peak_only_extract
24915066,24911975_C3,Table 3: Inactive acupoint group - ReHo increases after treatment vs baseline,ReHo,sham,baseline,sham_post_gt_pre,whole_brain_activation,,True,2,increase,ReHo,peak_only_extract
24915066,24911975_C4,Table 3: Inactive acupoint group - ReHo decreases after treatment vs baseline,ReHo,sham,baseline,deactivation,whole_brain_activation,,True,1,decrease,ReHo,peak_only_extract
24915066,19159691_SR_C1,Inactive acupoint group: post-treatment vs. baseline (ReHo increase),ReHo,sham,baseline,sham_post_gt_pre,whole_brain_activation,,True,3,activation,ReHo,sham_rest_extract
24915066,19159691_SR_C2,Inactive acupoint group: post-treatment vs. baseline (ReHo decrease),ReHo,sham,baseline,deactivation,whole_brain_activation,,True,1,deactivation,ReHo,sham_rest_extract
30719061,con_KI3_post_vs_pre,Changes of brain regions in KI3 group of posttreatment versus pretreatment,within-group pre vs post acupuncture,verum,baseline,verum_post_gt_pre,whole_brain_activation,,True,1,decreased ReHo,ReHo analysis; paired t-test,
30719061,con_LR3KI3_post_vs_pre_increased,Changes of brain regions in LR3+KI3 group of posttreatment versus pretreatment (increased ReHo),within-group pre vs post acupuncture,verum,baseline,verum_post_gt_pre,whole_brain_activation,,True,3,increased ReHo,ReHo analysis; paired t-test,
30719061,con_LR3KI3_post_vs_pre_decreased,Changes of brain regions in LR3+KI3 group of posttreatment versus pretreatment (decreased ReHo),within-group pre vs post acupuncture,verum,baseline,deactivation,whole_brain_activation,,True,1,decreased ReHo,ReHo analysis; paired t-test,
30719061,con_LR3_post_vs_pre,Changes of brain regions in LR3 group of posttreatment versus pretreatment,within-group pre vs post acupuncture,verum,baseline,verum_post_gt_pre,whole_brain_activation,,False,0,not_reported,ReHo analysis; paired t-test,
30719061,con_LR3KI3_vs_LR3_decreased,Differences of brain regions between LR3+KI3 and LR3 group of posttreatment versus pretreatment (decreased ReHo in LR3+KI3),between-group comparison of post-pre change,verum,verum,group_comparison,whole_brain_activation,,True,2,decreased ReHo in LR3+KI3 group compared to LR3 group,ReHo analysis; one-way ANOVA or Kruskal-Wallis H,
30719061,con_LR3KI3_vs_KI3_increased,Differences of brain regions between LR3+KI3 and KI3 group of posttreatment versus pretreatment (increased ReHo in LR3+KI3),between-group comparison of post-pre change,verum,verum,group_comparison,whole_brain_activation,,True,2,increased ReHo in LR3+KI3 group compared to KI3 group,ReHo analysis; one-way ANOVA or Kruskal-Wallis H,
30719061,con_LR3KI3_vs_KI3_decreased,Differences of brain regions between LR3+KI3 and KI3 group of posttreatment versus pretreatment (decreased ReHo in LR3+KI3),between-group comparison of post-pre change,verum,verum,group_comparison,whole_brain_activation,,True,1,decreased ReHo in LR3+KI3 group compared to KI3 group,ReHo analysis; one-way ANOVA or Kruskal-Wallis H,
30719061,30627200_C2,Changes of brain regions in LR3+KI3 group of posttreatment versus pretreatment,ReHo,verum,baseline,verum_post_gt_pre,whole_brain_activation,,True,4,increased and decreased ReHo,ReHo,peak_only_extract
30719061,30627200_C3,Differences of brain regions between LR3+KI3 and LR3 group of posttreatment versus pretreatment,ReHo,verum,verum,group_comparison,whole_brain_activation,,True,2,decreased ReHo in LR3+KI3 compared to LR3,ReHo,peak_only_extract
30719061,30627200_C4,Differences of brain regions between LR3+KI3 and KI3 group of posttreatment versus pretreatment,ReHo,verum,verum,group_comparison,whole_brain_activation,,True,3,increased and decreased ReHo in LR3+KI3 compared to KI3,ReHo,peak_only_extract
28480365,contrast_01,before vs. after acupuncture at LR3,within-group pre vs. post comparison (before vs. after acupuncture in LR3),baseline,verum,verum_post_gt_pre,seed_based_fc,,True,4,negative peak intensities (deactivation),seed-based functional connectivity analysis using REST1.8; t-test,
28480365,contrast_02,true vs. sham acupuncture at LR3,"between-group comparison (true acupuncture LR3 group vs. sham acupuncture LR3 group, post-treatment)",verum,sham,verum_gt_sham,seed_based_fc,3.0,True,3,negative peak intensities (deactivation),seed-based functional connectivity analysis using REST1.8; t-test,
28480365,contrast_03,acupuncture at LR3 vs. sham acupoint,"between-group comparison (LR3 group vs. sham acupoint group, post-treatment)",verum,sham,verum_gt_sham,seed_based_fc,1.0,True,4,positive peak intensities (activation),seed-based functional connectivity analysis using REST1.8; t-test,
28480365,contrast_04_ALFF,ALFF comparison across three groups to identify seed point,between-group ALFF comparison (three groups) to identify highest peak score,verum,not_applicable,other,whole_brain_activation,,True,1,"highest peak score identified in right cerebrum temporal lobe [36, -45, 9]",ALFF analysis using REST1.8; linear regression to remove linear tendency; Hamming bandpass filtering (0.01–0.08 Hz); standardized ALFF (divided by mean of whole brain),
28480365,18684074_C1,LR3 > sham (foot),activation,verum,sham,verum_gt_sham,whole_brain_activation,,True,13,activation,activation,extraction_results.json
28480365,18684074_C2,LR6 > sham (leg),activation,verum,sham,verum_gt_sham,whole_brain_activation,,True,10,activation,activation,extraction_results.json
28480365,18684074_C3,ST36 > sham (leg),activation,verum,sham,verum_gt_sham,whole_brain_activation,,True,10,activation,activation,extraction_results.json
28480365,18684074_C4,ST43 > sham (foot),activation,verum,sham,verum_gt_sham,whole_brain_activation,,True,9,activation,activation,extraction_results.json
27688791,con_LR3_pre_vs_post_once_ROI1,Changes in functional connectivity before and after once acupuncture in LR3 group – ROI 1 (SO right),within-group pre vs post (once acupuncture); paired t-test,baseline,verum,verum_post_gt_pre,seed_based_fc,,True,2,mixed (increases and decreases reported),seed-based functional connectivity; paired t-test,
27688791,con_LR3_pre_vs_post_once_ROI2,Changes in functional connectivity before and after once acupuncture in LR3 group – ROI 2 (SO left),within-group pre vs post (once acupuncture); paired t-test,baseline,verum,verum_post_gt_pre,seed_based_fc,,True,3,mixed (increases and decreases reported),seed-based functional connectivity; paired t-test,
27688791,con_LR3_pre_vs_post_once_ROI3,Changes in functional connectivity before and after once acupuncture in LR3 group – ROI 3 (Pa right),within-group pre vs post (once acupuncture); paired t-test,baseline,verum,verum_post_gt_pre,seed_based_fc,,True,2,mixed (increases and decreases reported),seed-based functional connectivity; paired t-test,
27688791,con_LR3_pre_vs_post_once_ROI4,Changes in functional connectivity before and after once acupuncture in LR3 group – ROI 4 (Pa left),within-group pre vs post (once acupuncture); paired t-test,baseline,verum,verum_post_gt_pre,seed_based_fc,,True,3,mixed (increases and decreases reported),seed-based functional connectivity; paired t-test,
27688791,con_sham_pre_vs_post_once_ROI1,Changes in functional connectivity before and after once acupuncture in sham group – ROI 1 (SO right),within-group pre vs post (once acupuncture); paired t-test,baseline,sham,sham_post_gt_pre,seed_based_fc,,True,1,negative peak intensity,seed-based functional connectivity; paired t-test,
27688791,con_sham_pre_vs_post_once_ROI2,Changes in functional connectivity before and after once acupuncture in sham group – ROI 2 (SO left),within-group pre vs post (once acupuncture); paired t-test,baseline,sham,sham_post_gt_pre,seed_based_fc,,True,1,negative peak intensity,seed-based functional connectivity; paired t-test,
27688791,con_sham_pre_vs_post_once_ROI3,Changes in functional connectivity before and after once acupuncture in sham group – ROI 3 (Pa right),within-group pre vs post (once acupuncture); paired t-test,baseline,sham,sham_post_gt_pre,seed_based_fc,,True,3,negative peak intensity,seed-based functional connectivity; paired t-test,
27688791,con_sham_pre_vs_post_once_ROI4,Changes in functional connectivity before and after once acupuncture in sham group – ROI 4 (Pa left),within-group pre vs post (once acupuncture); paired t-test,baseline,sham,sham_post_gt_pre,seed_based_fc,,True,1,negative peak intensity,seed-based functional connectivity; paired t-test,
27688791,con_LR3_pre_vs_post_treatment_ROI1,Changes in functional connectivity before and after treatment acupuncture in LR3 group – ROI 1 (SO right),within-group pre vs post (short-term treatment); paired t-test,baseline,verum,verum_post_gt_pre,seed_based_fc,,True,2,mixed (positive and positive peak intensities reported),seed-based functional connectivity; paired t-test,
27688791,con_LR3_pre_vs_post_treatment_ROI2,Changes in functional connectivity before and after treatment acupuncture in LR3 group – ROI 2 (SO left),within-group pre vs post (short-term treatment); paired t-test,baseline,verum,verum_post_gt_pre,seed_based_fc,,True,2,positive peak intensity,seed-based functional connectivity; paired t-test,
27688791,con_LR3_pre_vs_post_treatment_ROI3,Changes in functional connectivity before and after treatment acupuncture in LR3 group – ROI 3 (Pa right),within-group pre vs post (short-term treatment); paired t-test,baseline,verum,verum_post_gt_pre,seed_based_fc,,True,2,positive peak intensity,seed-based functional connectivity; paired t-test,
27688791,con_LR3_pre_vs_post_treatment_ROI4,Changes in functional connectivity before and after treatment acupuncture in LR3 group – ROI 4 (Pa left),within-group pre vs post (short-term treatment); paired t-test,baseline,verum,verum_post_gt_pre,seed_based_fc,,True,3,positive peak intensity,seed-based functional connectivity; paired t-test,
27688791,27525012_C1,The changes in functional connectivity before and after once acupuncture in LR3 group,FC,verum,baseline,verum_post_gt_pre,seed_based_fc,,True,10,mixed (both increases and decreases reported via signed peak intensity),FC,peak_only_extract
27688791,27525012_C2,The changes in functional connectivity before and after once acupuncture in sham group,FC,sham,baseline,sham_post_gt_pre,seed_based_fc,,True,6,mixed (both increases and decreases reported via signed peak intensity),FC,peak_only_extract
27688791,27525012_C3,The changes in functional connectivity before and after treatment acupuncture in LR3 group,FC,verum,baseline,verum_post_gt_pre,seed_based_fc,,True,9,mixed (both increases and decreases reported via signed peak intensity),FC,peak_only_extract
27688791,18606019_SR_C1,Changes in functional connectivity before and after once acupuncture in sham group (ROI 1: SO right),FC,sham,baseline,sham_post_gt_pre,seed_based_fc,,True,1,deactivation,FC,sham_rest_extract
27688791,18606019_SR_C2,Changes in functional connectivity before and after once acupuncture in sham group (ROI 2: SO left),FC,sham,baseline,sham_post_gt_pre,seed_based_fc,,True,1,deactivation,FC,sham_rest_extract
27688791,18606019_SR_C3,Changes in functional connectivity before and after once acupuncture in sham group (ROI 3: Pa right),FC,sham,baseline,sham_post_gt_pre,seed_based_fc,,True,3,deactivation,FC,sham_rest_extract
27688791,18606019_SR_C4,Changes in functional connectivity before and after once acupuncture in sham group (ROI 4: Pa left),FC,sham,baseline,sham_post_gt_pre,seed_based_fc,,True,1,deactivation,FC,sham_rest_extract
29563830,c1_between_group_effect,Comparison of the effect of acupuncture in contra-group and ipsi-group (contra effect minus ipsi effect),between-group comparison of acupuncture effect (post minus pre); contra-group effect minus ipsi-group effect,verum,verum,group_comparison,whole_brain_activation,,True,1,contra-group > ipsi-group,two-sample independent t-test on ReHo difference maps,
29563830,c2_contra_within,"Alterations in ReHo in the contra-group (post minus pre, n = 12)",within-group pre vs post treatment comparison (post minus pre),verum,baseline,verum_post_gt_pre,whole_brain_activation,,True,6,post > pre and pre > post,paired-samples t-test on individual ReHo maps,
29563830,c3_ipsi_within,"Alterations in ReHo in the ipsi-group (post minus pre, n = 8)",within-group pre vs post treatment comparison (post minus pre),verum,baseline,verum_post_gt_pre,whole_brain_activation,,True,4,post > pre and pre > post,paired-samples t-test on individual ReHo maps,
29563830,29503583_C1,Alterations in ReHo values (post minus pretreatment) in contra-group - Post > Pre,ReHo,verum,baseline,verum_post_gt_pre,whole_brain_activation,,True,3,Post > Pre (increase),ReHo,peak_only_extract
29563830,29503583_C2,Alterations in ReHo values (post minus pretreatment) in contra-group - Pre > Post,ReHo,baseline,verum,deactivation,whole_brain_activation,,True,3,Pre > Post (decrease),ReHo,peak_only_extract
29563830,29503583_C3,Alterations in ReHo values (post minus pretreatment) in ipsi-group - Post > Pre,ReHo,verum,baseline,verum_post_gt_pre,whole_brain_activation,,True,1,Post > Pre (increase),ReHo,peak_only_extract
29563830,29503583_C4,Alterations in ReHo values (post minus pretreatment) in ipsi-group - Pre > Post,ReHo,baseline,verum,deactivation,whole_brain_activation,,True,3,Pre > Post (decrease),ReHo,peak_only_extract
29563830,29503583_C5,Comparison of acupuncture effect: contra-group minus ipsi-group (Figure 3 caption),ReHo,verum,verum,group_comparison,whole_brain_activation,,True,1,contra > ipsi,ReHo,peak_only_extract
29563830,29535542_C5,Comparison of acupuncture effect between contra-group and ipsi-group (contra effect > ipsi effect),ReHo,verum,verum,group_comparison,whole_brain_activation,,True,1,contra-group > ipsi-group,ReHo,peak_only_extract
40634927,contrast_ALFF_overall,ALFF changes among three groups (ANCOVA),between-group ANCOVA on ALFF change (post minus pre),verum,baseline,group_comparison,other,,True,1,not_reported,ANCOVA analysis with GRF correction,
40634927,contrast_ALFF_AG_vs_SG,AG vs. SG ALFF change (post-hoc between-group comparison),between-group post-hoc comparison on ALFF change (post minus pre),verum,sham,group_comparison,other,3.0,False,0,"ALFF values decreased in both AG and SG, with greater decrease in AG compared to SG",two sample t-test (post hoc),
40634927,contrast_ALFF_SG_vs_WG,SG vs. WG ALFF change (post-hoc between-group comparison),between-group post-hoc comparison on ALFF change (post minus pre),sham,waiting_list,group_comparison,other,3.0,False,0,left DLPFC showed significantly decreased ALFF values in the SG compared to WG,two sample t-test (post hoc),
40634927,contrast_ALFF_corr_SG,Correlation between DLPFC ALFF change and NRS score change in SG,correlation between ALFF change and clinical outcome change within SG,sham,baseline,correlation_clinical,correlation_brain_behavior,3.0,False,0,positive correlation: decreased ALFF values of DLPFC had a positive correlation with NRS score changes,Spearman correlation analysis; partial correlation controlling for gender and duration,
40634927,contrast_ALFF_corr_AG,Correlation between DLPFC ALFF change and NRS score change in AG,correlation between ALFF change and clinical outcome change within AG,verum,baseline,correlation_clinical,correlation_brain_behavior,,False,0,no significant correlation found,Spearman correlation analysis; partial correlation controlling for gender and duration,
40634927,contrast_ALFF_corr_WG,Correlation between DLPFC ALFF change and NRS score change in WG,correlation between ALFF change and clinical outcome change within WG,waiting_list,baseline,correlation_clinical,correlation_brain_behavior,,False,0,no significant correlation found,Spearman correlation analysis; partial correlation controlling for gender and duration,
40634927,contrast_FC_AG_vs_SG,AG vs. SG FC changes with DLPFC seed (specific effect),"between-group ANCOVA on seed-based FC change (post minus pre), AG vs. SG",verum,sham,verum_gt_sham,seed_based_fc,3.0,True,1,increased FC in AG compared to SG,ANCOVA analysis with GRF correction; Mann-Whitney U for post-hoc FC values,
40634927,contrast_FC_SG_vs_WG,SG vs. WG FC changes with DLPFC seed (nonspecific effect),"between-group ANCOVA on seed-based FC change (post minus pre), SG vs. WG",sham,waiting_list,group_comparison,seed_based_fc,3.0,True,1,decreased FC in SG compared to WG,ANCOVA analysis with GRF correction; two sample t-test for post-hoc FC values,
40634927,15193624_C1,Real acupuncture > Rest,activation,verum,rest,verum_gt_rest,whole_brain_activation,,True,19,activation,activation,extraction_results.json
40634927,15193624_C2,Sham acupuncture > Rest,activation,sham,rest,sham_gt_rest,whole_brain_activation,4.0,True,13,activation,activation,extraction_results.json
40634927,15193624_C3,Tactile stimulation > Rest,activation,sham,rest,sham_gt_rest,whole_brain_activation,4.0,True,10,activation,activation,extraction_results.json
40634927,15193624_C4,Real acupuncture > Sham acupuncture,activation,verum,sham,verum_gt_sham,whole_brain_activation,,True,12,activation,activation,extraction_results.json
40634927,15193624_C5,Real acupuncture > Tactile stimulation,activation,verum,sham,verum_gt_sham,whole_brain_activation,,True,13,activation,activation,extraction_results.json
28334999,nc_01_fmri_D2D3_verum_vs_sham,Change in D2/D3 S1 cortical separation distance: verum versus sham acupuncture,between-group comparison of post-treatment change,verum,sham,verum_gt_sham,other,,False,0,verum > sham for D2/D3 separation increase,repeated measures ANOVA; post hoc unpaired t-test; Mann-Whitney U-test for % change (non-normally distributed by Shapiro-Wilk test); one-sample t-test and Wilcoxon Signed Rank test for within-group changes,
28334999,nc_02_fmri_D2D3_verum_group_effect,Group main effect for D2/D3 separation distance: verum vs sham (repeated measures ANOVA),between-group main effect,verum,sham,verum_gt_sham,other,,False,1,verum > sham,repeated measures ANOVA,
28334999,nc_03_fmri_D2D3_verum_within,Within-group change in D2/D3 separation distance: verum acupuncture (post-acup vs baseline),within-group pre-post change,verum,baseline,verum_post_gt_pre,other,,False,1,increase (post > baseline),one-sample t-test; Wilcoxon Signed Rank test for % change,
28334999,nc_04_fmri_D2D3_sham_within,Within-group change in D2/D3 separation distance: sham acupuncture (post-acup vs baseline),within-group pre-post change,sham,baseline,sham_post_gt_pre,other,,False,1,no significant change,one-sample t-test; % change test,
28334999,nc_05_fmri_D2D3_local_vs_sham,Change in D2/D3 separation distance: local acupuncture versus sham,between-group comparison of post-treatment change,verum,sham,verum_gt_sham,other,,False,1,"local > sham (significant increase for local, not distal)",one-sample t-test; Wilcoxon Signed Rank test for % change,
28334999,nc_06_fmri_D2D3_distal_within,Change in D2/D3 separation distance: distal acupuncture (post-acup vs baseline),within-group pre-post change,verum,baseline,verum_post_gt_pre,other,,False,1,not significant,one-sample t-test; % change test,
28334999,nc_07_fmri_D2D5_verum_within,Within-group change in D2/D5 separation distance: verum acupuncture (post-acup vs baseline),within-group pre-post change,verum,baseline,verum_post_gt_pre,other,,False,1,increase (significant),one-sample t-test; % change test,
28334999,nc_08_fmri_D3D5_verum_within,Within-group change in D3/D5 separation distance: verum acupuncture (post-acup vs baseline),within-group pre-post change,verum,baseline,verum_post_gt_pre,other,,False,1,not significant,one-sample t-test; % change test,
28334999,nc_09_fmri_D2D3_predict_3m,Correlation: change in D2/D3 separation distance following verum acupuncture predicts % change in BCTQ symptom score at 3-month follow-up,brain-behavior correlation (predictive),verum,baseline,correlation_clinical,correlation_brain_behavior,,False,1,negative correlation (greater D2/D3 increase predicts greater symptom reduction at follow-up),Pearson correlation; Spearman rho for % change,
28334999,nc_10_fmri_D2D3_predict_postacup,Correlation: change in D2/D3 separation distance following verum acupuncture with % change in BCTQ symptom score immediately post-therapy,brain-behavior correlation (concurrent),verum,baseline,correlation_clinical,correlation_brain_behavior,,False,1,not significant,Pearson correlation; Spearman rho for % change,
28334999,nc_11_dti_CTS_vs_HC_FA,DTI: CTS patients vs healthy controls - increased fractional anisotropy in S1-adjacent white matter,between-group comparison (CTS vs healthy controls) at baseline,baseline,baseline,group_comparison,other,,True,4,CTS > HC (increased FA in CTS),non-parametric permutation test (n = 5000 permutations); threshold-free cluster-enhancement (TFCE); masked-skeleton analysis of S1-adjacent white matter,
28334999,nc_12_dti_CTS_vs_HC_RD,DTI: CTS patients vs healthy controls - reduced radial diffusivity in S1-adjacent white matter,between-group comparison (CTS vs healthy controls) at baseline,baseline,baseline,group_comparison,other,,False,2,CTS < HC (reduced RD in CTS),non-parametric permutation test (n = 5000 permutations); threshold-free cluster-enhancement (TFCE); masked-skeleton analysis,
28334999,nc_13_dti_FA_verum_contralesional_hand_NCS,Correlation: FA change in contralesional S1-hand area with median sensory nerve latency change following verum acupuncture,within-group longitudinal brain-behavior correlation,verum,baseline,correlation_clinical,correlation_brain_behavior,,True,1,positive correlation (greater FA reduction = greater latency improvement),Pearson correlation between FA change and median sensory nerve latency change,
28334999,nc_14_dti_FA_sham_contralesional_hand_NCS,Correlation: FA change in contralesional S1-hand area with median sensory nerve latency change following sham acupuncture,within-group longitudinal brain-behavior correlation,sham,baseline,correlation_clinical,correlation_brain_behavior,,True,1,not significant,Pearson correlation between FA change and median sensory nerve latency change,
28334999,nc_15_dti_FA_local_ipsilesional_hand_NCS,Correlation: FA change in ipsilesional S1-hand area with median sensory nerve latency change following local acupuncture,within-group longitudinal brain-behavior correlation,verum,baseline,correlation_clinical,correlation_brain_behavior,,True,1,positive (significant; greater FA decrease associated with greater nerve latency improvement),Pearson correlation between FA change and median sensory nerve latency change,
28334999,nc_16_dti_FA_distal_ipsilesional_hand_NCS,Correlation: FA change in ipsilesional S1-hand area with median sensory nerve latency change following distal acupuncture (null result),within-group longitudinal brain-behavior correlation,verum,baseline,correlation_clinical,correlation_brain_behavior,,True,1,not significant,Pearson correlation between FA change and median sensory nerve latency change,
28334999,nc_17_dti_FA_sham_ipsilesional_hand_NCS,Correlation: FA change in ipsilesional S1-hand area with median sensory nerve latency change following sham acupuncture (null result),within-group longitudinal brain-behavior correlation,sham,baseline,correlation_clinical,correlation_brain_behavior,,True,1,not significant,Pearson correlation between FA change and median sensory nerve latency change,
28334999,nc_18_dti_FA_distal_ipsilesional_leg_NCS,Correlation: FA change in ipsilesional S1-leg area with median sensory nerve latency change following distal acupuncture,within-group longitudinal brain-behavior correlation,verum,baseline,correlation_clinical,correlation_brain_behavior,,True,1,positive (significant; greater FA decrease associated with greater nerve latency improvement) following distal acupuncture only,Pearson correlation between FA change and median sensory nerve latency change,
28334999,nc_19_dti_FA_local_ipsilesional_leg_NCS,Correlation: FA change in ipsilesional S1-leg area with median sensory nerve latency change following local acupuncture (null result),within-group longitudinal brain-behavior correlation,verum,baseline,correlation_clinical,correlation_brain_behavior,,True,1,not significant,Pearson correlation between FA change and median sensory nerve latency change,
28334999,nc_20_dti_FA_sham_ipsilesional_leg_NCS,Correlation: FA change in ipsilesional S1-leg area with median sensory nerve latency change following sham acupuncture (null result),within-group longitudinal brain-behavior correlation,sham,baseline,correlation_clinical,correlation_brain_behavior,,True,1,not significant,Pearson correlation between FA change and median sensory nerve latency change,
28334999,nc_21_dti_FA_S1face_no_correlation,Correlation: FA change in S1-face area with median sensory nerve latency change - no significant correlations for any therapy group,within-group longitudinal brain-behavior correlation (null for all groups),verum,baseline,correlation_clinical,correlation_brain_behavior,,False,0,not significant for any therapy group,Pearson correlation between FA change and median sensory nerve latency change,
28334999,16407533_C1,Placebo (post-pre) > Control (post-pre) — within mask and outside mask,activation,sham,rest,sham_post_gt_pre,whole_brain_activation,,True,12,activation,activation,extraction_results.json
28334999,16407533_C2,Control (post-pre) > Placebo (post-pre),activation,rest,sham,deactivation,whole_brain_activation,,True,1,activation,activation,extraction_results.json
28334999,16407533_C3,Correlation: fMRI signal [placebo(post-pre) - control(post-pre)] vs. pain rating difference — negative correlation,activation,sham,rest,correlation_clinical,correlation_brain_behavior,,True,10,deactivation,activation,extraction_results.json
28334999,16407533_C4,Post-treatment high pain: Placebo > Control (within mask and outside mask),activation,sham,rest,sham_post_gt_pre,whole_brain_activation,,True,16,activation,activation,extraction_results.json
33776442,con_ANOVA_3phases,Comparison of ReHo values among the three phases (one-way ANOVA),"one-way ANOVA across Phase I, Phase II, Phase III",verum,not_applicable,other,whole_brain_activation,,True,5,not_reported,"One-way ANOVA model, followed by post hoc t-tests; head motion adjusted as covariate",
33776442,con_P2vsP1_increase,Phase II > Phase I (ReHo increased during EA compared to baseline),"post hoc pairwise t-test: Phase II vs Phase I, increased",verum,baseline,verum_gt_rest,whole_brain_activation,,True,3,increased ReHo in Phase II compared to Phase I,post hoc t-test following one-way ANOVA,
33776442,con_P3vsP2_decrease,Phase III < Phase II (ReHo decreased after needle removal compared to during EA),"post hoc pairwise t-test: Phase III vs Phase II, decreased",verum,verum,deactivation,whole_brain_activation,,True,2,decreased ReHo in Phase III compared to Phase II,post hoc t-test following one-way ANOVA,
33776442,con_P3vsP1_increase,Phase III > Phase I (ReHo increased at sustained effect compared to baseline),"post hoc pairwise t-test: Phase III vs Phase I, increased",verum,baseline,verum_post_gt_pre,whole_brain_activation,,True,3,increased ReHo in Phase III compared to Phase I,post hoc t-test following one-way ANOVA,
33776442,con_P3vsP1_decrease,Phase III < Phase I (ReHo decreased at sustained effect compared to baseline),"post hoc pairwise t-test: Phase III vs Phase I, decreased",verum,baseline,deactivation,whole_brain_activation,,True,2,decreased ReHo in Phase III compared to Phase I,post hoc t-test following one-way ANOVA,
33776442,con_corr_VAS_P3_PoCGR,Correlation: ReHo of right postcentral gyri in Phase III vs VAS scores (positive),Pearson correlation: neural (Phase III ReHo) vs clinical (VAS),verum,not_applicable,correlation_clinical,correlation_brain_behavior,,False,0,positive correlation,Pearson correlation,
33776442,con_corr_VAS_P3_PoCGL,Correlation: ReHo of left postcentral gyri in Phase III vs VAS scores (positive),Pearson correlation: neural (Phase III ReHo) vs clinical (VAS),verum,not_applicable,correlation_clinical,correlation_brain_behavior,,False,0,positive correlation,Pearson correlation,
33776442,con_corr_VAS_P3_PCCR,Correlation: ReHo of right posterior cingulate cortex in Phase III vs VAS scores (negative),Pearson correlation: neural (Phase III ReHo) vs clinical (VAS),verum,not_applicable,correlation_clinical,correlation_brain_behavior,,False,0,negative correlation,Pearson correlation,
33776442,con_corr_VAS_P3_ANGR,Correlation: ReHo of right angular gyrus in Phase III vs VAS scores (negative),Pearson correlation: neural (Phase III ReHo) vs clinical (VAS),verum,not_applicable,correlation_clinical,correlation_brain_behavior,,False,0,negative correlation,Pearson correlation,
33776442,con_corr_VAS_P3_PCUNR,Correlation: ReHo of right precuneus in Phase III vs VAS scores (negative),Pearson correlation: neural (Phase III ReHo) vs clinical (VAS),verum,not_applicable,correlation_clinical,correlation_brain_behavior,,False,0,negative correlation,Pearson correlation,
33776442,con_corr_HRSD_P3_PoCGR,Correlation: ReHo of right postcentral gyri in Phase III vs HRSD-17 scores (positive),Pearson correlation: neural (Phase III ReHo) vs clinical (HRSD-17),verum,not_applicable,correlation_clinical,correlation_brain_behavior,,False,0,positive correlation,Pearson correlation,
33776442,con_corr_HRSD_P3_PoCGL,Correlation: ReHo of left postcentral gyri in Phase III vs HRSD-17 scores (positive),Pearson correlation: neural (Phase III ReHo) vs clinical (HRSD-17),verum,not_applicable,correlation_clinical,correlation_brain_behavior,,False,0,positive correlation,Pearson correlation,
33776442,con_corr_HRSD_P1_ANGR,Correlation: ReHo of right angular gyrus in Phase I vs HRSD-17 scores (positive),Pearson correlation: neural (Phase I ReHo) vs clinical (HRSD-17),baseline,not_applicable,correlation_clinical,correlation_brain_behavior,,False,0,positive correlation,Pearson correlation,
33776442,33688186_C1,"ReHo Regions Differences in 3 Phases (One-way ANOVA across Phase I, Phase II, Phase III)",ReHo,baseline,verum,other,whole_brain_activation,,True,5,significant difference among 3 phases,ReHo,peak_only_extract
33776442,33688186_C2,Pairwise Comparison: Phase II vs Phase I (PCUN.R/PCC.R),ReHo,verum,baseline,verum_gt_rest,whole_brain_activation,,True,5,Phase III < Phase II and Phase III < Phase I (decrease from Phase I to Phase III),ReHo,peak_only_extract
33776442,33688186_C3,Pairwise Comparison: Phase III vs Phase II,ReHo,verum,verum,deactivation,whole_brain_activation,,True,2,Phase III < Phase II (decreased),ReHo,peak_only_extract
33776442,33688186_C4,Pairwise Comparison: Phase III vs Phase I,ReHo,verum,baseline,verum_post_gt_pre,whole_brain_activation,,True,5,mixed: increased and decreased,ReHo,peak_only_extract
33776442,33688193_C1,ReHo Regions Differences in 3 Phases (One-way ANOVA),ReHo,baseline,verum,other,whole_brain_activation,,True,5,significant difference among 3 phases,ReHo,peak_only_extract
33776442,33688193_C2,Pairwise Comparison Phase III < Phase II (PCUN.R / PCC.R),ReHo,verum,verum,deactivation,whole_brain_activation,,True,2,decreased in Phase III relative to Phase II,ReHo,peak_only_extract
33776442,33688193_C3,Pairwise Comparison Phase III < Phase I (PCUN.R / PCC.R / ANG.R),ReHo,verum,baseline,deactivation,whole_brain_activation,,True,2,decreased in Phase III relative to Phase I,ReHo,peak_only_extract
33776442,33688193_C4,Pairwise Comparison Phase II > Phase I (CAL.R / CUN.R / PoCG.R / PoCG.L),ReHo,verum,baseline,verum_gt_rest,whole_brain_activation,,True,3,increased in Phase II relative to Phase I,ReHo,peak_only_extract
33776442,33688193_C5,Pairwise Comparison Phase III > Phase I (CAL.R / CUN.R / PoCG.R / PoCG.L),ReHo,verum,baseline,verum_post_gt_pre,whole_brain_activation,,True,3,increased in Phase III relative to Phase I,ReHo,peak_only_extract
34671239,C1_baseline_ALFF_SDS_corr,Correlation between ALFF value in right precuneus and SDS in MMoA patients at baseline,Positive correlation between ALFF and SDS scores,baseline,not_applicable,correlation_clinical,correlation_brain_behavior,,True,1,Positive correlation,"Pearson correlation analysis (voxel-wise); covariates: age, height, weight",
34671239,C2_baseline_ALFF_VAS_corr,Correlation between ALFF value in right middle temporal gyrus and VAS in MMoA patients at baseline,Negative correlation between ALFF and VAS scores,baseline,not_applicable,correlation_clinical,correlation_brain_behavior,,True,1,Negative correlation,"Pearson correlation analysis (voxel-wise); covariates: age, height, weight",
34671239,C3_TA_post_pre_ALFF_increase,ALFF increases in MMoA patients after true acupuncture treatment (post vs. pre),Within-group post-treatment minus pre-treatment increase in ALFF,verum,baseline,verum_post_gt_pre,whole_brain_activation,,True,1,Increase (post > pre),Paired t-test on ALFF differences (post-treatment minus pre-treatment),
34671239,C4_TA_post_pre_ALFF_decrease,ALFF decreases in MMoA patients after true acupuncture treatment (post vs. pre),Within-group post-treatment minus pre-treatment decrease in ALFF,verum,baseline,deactivation,whole_brain_activation,,True,2,Decrease (post < pre),Paired t-test on ALFF differences (post-treatment minus pre-treatment),
34671239,C5_TA_post_pre_ReHo_increase,ReHo increases in MMoA patients after true acupuncture treatment (post vs. pre),Within-group post-treatment minus pre-treatment increase in ReHo,verum,baseline,verum_post_gt_pre,whole_brain_activation,,True,3,Increase (post > pre),Paired t-test on ReHo differences (post-treatment minus pre-treatment),
34671239,C6_TA_post_pre_ReHo_decrease,ReHo decreases in MMoA patients after true acupuncture treatment (post vs. pre),Within-group post-treatment minus pre-treatment decrease in ReHo,verum,baseline,deactivation,whole_brain_activation,,True,1,Decrease (post < pre),Paired t-test on ReHo differences (post-treatment minus pre-treatment),
34671239,C7_SA_post_pre_ALFF_increase,ALFF increases in MMoA patients after sham acupuncture treatment (post vs. pre),Within-group post-treatment minus pre-treatment increase in ALFF,sham,baseline,sham_post_gt_pre,whole_brain_activation,1.0,True,2,Increase (post > pre),Paired t-test on ALFF differences (post-treatment minus pre-treatment),
34671239,C8_SA_post_pre_ReHo_increase,ReHo increases in MMoA patients after sham acupuncture treatment (post vs. pre),Within-group post-treatment minus pre-treatment increase in ReHo,sham,baseline,sham_post_gt_pre,whole_brain_activation,1.0,True,1,Increase (post > pre),Paired t-test on ReHo differences (post-treatment minus pre-treatment),
34671239,C9_TA_ACC_ALFF_SAS_corr,Correlation between altered ALFF values in left ACC and improvements in SAS scores in the TA group,Positive correlation between post-pre ALFF change in left ACC and decrease in SAS scores,verum,baseline,correlation_clinical,correlation_brain_behavior,,False,1,Positive correlation,"Pearson correlation analysis (voxel-wise); covariates: age, height, weight",
34671239,C10_TA_ACC_ALFF_SDS_corr,Correlation between altered ALFF values in left ACC and improvements in SDS scores in the TA group,Positive correlation between post-pre ALFF change in left ACC and decrease in SDS scores,verum,baseline,correlation_clinical,correlation_brain_behavior,,False,1,Positive correlation,"Pearson correlation analysis (voxel-wise); covariates: age, height, weight",
34671239,C11_SA_no_brain_clinical_corr,No significant correlations observed between brain regions and clinical variables in the SA group,Null result: correlation between ALFF/ReHo changes and clinical variables in SA group,sham,baseline,correlation_clinical,correlation_brain_behavior,1.0,False,0,not_applicable (null result),"Pearson correlation analysis (voxel-wise); covariates: age, height, weight",
34671239,34616269_C1,Baseline ALFF values in patients with MMoA,ALFF,baseline,not_applicable,correlation_clinical,correlation_brain_behavior,,True,2,correlation with clinical variables at baseline,ALFF,peak_only_extract
34671239,34616269_C2,ALFF and ReHo changes in patients with MMoA after TA - ALFF,ALFF,verum,baseline,verum_post_gt_pre,whole_brain_activation,,True,3,post minus pre,ALFF,peak_only_extract
34671239,34616269_C3,ALFF and ReHo changes in patients with MMoA after TA - ReHo,ReHo,verum,baseline,verum_post_gt_pre,whole_brain_activation,,True,4,post minus pre,ReHo,peak_only_extract
34671239,34616269_C4,ALFF and ReHo changes in patients with MMoA after SA - ALFF,ALFF,sham,baseline,sham_post_gt_pre,whole_brain_activation,,True,2,post minus pre,ALFF,peak_only_extract
34671239,34616269_C5,ALFF and ReHo changes in patients with MMoA after SA - ReHo,ReHo,sham,baseline,sham_post_gt_pre,whole_brain_activation,,True,1,post minus pre,ReHo,peak_only_extract
34671239,34616274_C2,ALFF and ReHo changes in patients with MMoA after TA,ALFF,verum,baseline,verum_post_gt_pre,whole_brain_activation,,True,3,post minus pre,ALFF,peak_only_extract
34671239,19501656_SR_C1,SA post-treatment vs pre-treatment (ALFF changes),ALFF,sham,baseline,sham_post_gt_pre,whole_brain_activation,,True,2,activation,ALFF,sham_rest_extract
34671239,19501656_SR_C2,SA post-treatment vs pre-treatment (ReHo changes),ReHo,sham,baseline,sham_post_gt_pre,whole_brain_activation,,True,1,activation,ReHo,sham_rest_extract
9482939,con_001,Visual stimulation of the eye – activation of visual cortex,task activation (on vs off),rest,rest,other,whole_brain_activation,,False,1,activation (signal intensity increase),correlation coefficient (cc) method for each pixel using box-car waveform as reference; activated pixels superimposed on anatomical images; time-course data derived by summing all activated data on each image,
9482939,con_002,Acupuncture stimulation at VA1 – activation of occipital lobes,task activation (stimulation vs nonstimulation),verum,rest,verum_gt_rest,whole_brain_activation,,False,1,activation (positive correlation/'yin' character) and deactivation (negative correlation/'yang' character),correlation coefficient (cc) method for each pixel using box-car waveform as reference; activated pixels superimposed on anatomical images; time-course data derived by summing all activated data on each image,
9482939,con_003,Nonacupoint stimulation (control) – no activation in occipital lobes,control condition (no activation observed),sham,not_applicable,sham_gt_rest,whole_brain_activation,1.0,False,1,no activation (null result),correlation coefficient (cc) method; same paradigm as acupuncture and visual experiments,
9482939,con_004,"Acupuncture stimulation at VA1, VA2, VA3, VA8 – relative activation of occipital lobes",comparison of activation across vision-related acupoints,verum,rest,verum_gt_rest,whole_brain_activation,,False,1,"activation in primary visual cortex (V-1) for VA1, VA3, VA8; VA2 did not activate the primary visual cortex","correlation coefficient (cc) method; activation maps compared across VA1, VA2, VA3, VA8 and reference visual stimulation",
9482939,con_005,Acupuncture stimulation VA1 – 'yin' character subjects: positive signal intensity correlation with visual stimulation,subgroup activation analysis (yin character),verum,not_applicable,verum_gt_rest,whole_brain_activation,,False,1,positive (same direction as visual stimulation),correlation coefficient (cc); time-course signal intensity compared; yin subjects show same direction signal intensity variation as visual stimulation,
9482939,con_006,Acupuncture stimulation VA1 – 'yang' character subjects: negative signal intensity correlation with visual stimulation,subgroup activation analysis (yang character),verum,not_applicable,deactivation,whole_brain_activation,,False,1,negative (opposite direction to visual stimulation),correlation coefficient (cc); time-course signal intensity compared; yang subjects show opposite signal intensity variation compared to visual stimulation,
29763448,con_01_ALFF_ADvsHC_baseline,"Between-group differences in AD and HC before acupuncture (AD vs HC, decreased ALFF)",between-group ALFF comparison at baseline resting state (AD < HC),baseline,baseline,group_comparison,whole_brain_activation,,True,2,decreased ALFF in AD patients compared to HC,"two-sample t test with age, gender, education level and mean FDR as covariates",
29763448,con_02_ALFF_ADvsHC_increased,"Between-group differences in AD and HC before acupuncture (AD vs HC, increased ALFF)",between-group ALFF comparison at baseline resting state (AD > HC),baseline,baseline,group_comparison,whole_brain_activation,,True,5,increased ALFF in AD patients compared to HC,"two-sample t test with age, gender, education level and mean FDR as covariates",
29763448,con_03_ALFF_post_vs_pre_AD_increased,ALFF changes between post-acupuncture and pre-acupuncture in AD patients (increased ALFF),within-subject pre vs post acupuncture ALFF comparison in AD patients (post > pre),verum,baseline,verum_post_gt_pre,roi_fc,,False,0,increased ALFF after acupuncture in AD patients,paired-samples t test analysis; ROI seeds selected from seven significantly changed ALFF regions (AD vs HC at baseline),
29763448,con_04_ALFF_post_vs_pre_AD_decreased,ALFF changes between post-acupuncture and pre-acupuncture in AD patients (decreased ALFF),within-subject pre vs post acupuncture ALFF comparison in AD patients (post < pre),verum,baseline,verum_post_gt_pre,roi_fc,,False,0,decreased ALFF after acupuncture in AD patients,paired-samples t test analysis; ROI seeds selected from seven significantly changed ALFF regions (AD vs HC at baseline),
29763448,con_05_ALFF_post_vs_pre_AD_no_change,ALFF changes between post-acupuncture and pre-acupuncture in AD patients (no significant difference),within-subject pre vs post acupuncture ALFF comparison in AD patients (non-significant),verum,baseline,other,roi_fc,,False,0,no significant difference between post-acupuncture and pre-acupuncture stages,paired-samples t test analysis,
29763448,con_06_FC_hippo_precentral_post_vs_pre_AD,FC differences between pre-acupuncture and post-acupuncture in AD patients (increased hippocampal connectivity),seed-based functional connectivity; post-acupuncture vs pre-acupuncture in AD patients,verum,baseline,verum_post_gt_pre,seed_based_fc,,True,1,increased connectivity between right hippocampus and left precentral gyrus after acupuncture,seed-based interregional correlation analysis; independent-samples t-test run for each ROI (pre-acupuncture versus post-acupuncture); z values extracted for pre-acupuncture and post-acupuncture stages,
29763448,con_07_corr_SCC_MMSE,Correlation between MMSE scores and ALFF values of the SCC in AD patients,partial correlation; clinical variable vs ALFF in AD patients,baseline,not_applicable,correlation_clinical,correlation_brain_behavior,,False,0,positive correlation,"partial correlation analysis with age, gender and education as nuisance covariates",
29763448,con_08_corr_SCC_MoCA,Correlation between MoCA scores and ALFF values of the SCC in AD patients,partial correlation; clinical variable vs ALFF in AD patients,baseline,not_applicable,correlation_clinical,correlation_brain_behavior,,False,0,positive correlation,"partial correlation analysis with age, gender and education as nuisance covariates",
29763448,con_09_corr_hippo_AVLT,Correlation between AVLT scores and ALFF values of the right hippocampus in AD patients,partial correlation; clinical variable vs ALFF in AD patients,baseline,not_applicable,correlation_clinical,correlation_brain_behavior,,False,0,negative correlation,"partial correlation analysis with age, gender and education as nuisance covariates",
29763448,con_10_corr_ITG_AVLT,Correlation between AVLT scores and ALFF values of the right inferior temporal gyrus in AD patients,partial correlation; clinical variable vs ALFF in AD patients,baseline,not_applicable,correlation_clinical,correlation_brain_behavior,,False,0,negative correlation,"partial correlation analysis with age, gender and education as nuisance covariates",
29763448,con_11_corr_FC_hippo_precentral_AVLT,Correlation between AVLT scores and connectivity of the right hippocampus and left precentral gyrus in AD patients,partial correlation; clinical variable vs functional connectivity in AD patients,not_applicable,not_applicable,correlation_clinical,correlation_brain_behavior,,False,0,negative correlation,"partial correlation analysis with age, gender and education as nuisance covariates",
29763448,19014532_C1,BLOCK acupuncture stimulation (deactivation),activation,verum,rest,deactivation,whole_brain_activation,,True,19,deactivation,activation,extraction_results.json
35153654,nc_sfc_pre_vs_control,SFC chronic tinnitus patients before acupuncture vs normal subjects,between-group comparison,baseline,rest,group_comparison,seed_based_fc,,False,0,No significant difference found after FDR correction,"General linear model (GLM) with age, sex, and mean FD as covariates; FDR correction",
35153654,nc_sfc_pre_vs_post,SFC chronic tinnitus patients before vs after acupuncture,within-group pre vs post comparison,baseline,verum,verum_post_gt_pre,seed_based_fc,,False,0,decreased after acupuncture,"paired Student's t-test; GLM with age, sex, and mean FD as covariates",
35153654,nc_dfc_sd_tinnitus_vs_control,DFC-SD between chronic tinnitus patients before acupuncture and normal subjects: SMA.L-SFGmed.L,between-group comparison,baseline,rest,group_comparison,seed_based_fc,,False,0,higher in chronic tinnitus patients before acupuncture than normal subjects,"General linear model (GLM) with age, sex, and mean FD as covariates; FDR correction",
35153654,nc_alfffc_tinnitus_vs_control,ALFF-FC between chronic tinnitus patients before acupuncture and normal subjects: SMA.L-SFGmed.L,between-group comparison,baseline,rest,group_comparison,seed_based_fc,,False,0,higher in chronic tinnitus patients before acupuncture than normal subjects,"General linear model (GLM) with age, sex, and mean FD as covariates; FDR correction",
35153654,nc_corr_alfffc_hearingR,Correlation of ALFF-FC (SMA.L-SFGmed.L) with hearing level of right ear in tinnitus patients before acupuncture,correlation analysis,baseline,not_applicable,correlation_clinical,correlation_brain_behavior,,False,0,positive correlation,Pearson's correlation coefficient,
35153654,nc_dfcstr_pre_vs_post,DFC-Str chronic tinnitus patients before vs after acupuncture: left PCC and right ANG,within-group pre vs post comparison,baseline,verum,verum_post_gt_pre,seed_based_fc,,False,0,decreased after acupuncture,"General linear model (GLM) with age, sex, and mean FD as covariates",
35153654,nc_corr_dfcstr_tdi,Correlation of decreased DFC-Str (left PCC - right ANG) with decreased TDI scores in chronic tinnitus patients before and after acupuncture,correlation analysis,baseline,verum,correlation_clinical,correlation_brain_behavior,,False,0,positive correlation,Spearman's correlation coefficient,
35153654,nc_tp_s2s3_tinnitus_vs_control,Transition probability from state 2 to state 3: chronic tinnitus patients before acupuncture vs normal subjects,between-group comparison,baseline,rest,group_comparison,network_ica,,False,0,higher in chronic tinnitus patients before acupuncture,"GLM with age, sex, mean FD as covariates; two-sample t-test; uncorrected",
35153654,nc_corr_tp_s2s3_thi,Correlation of TP from state 2 to state 3 with THI in chronic tinnitus patients before acupuncture,correlation analysis,baseline,not_applicable,correlation_clinical,correlation_brain_behavior,,False,0,positive correlation,Pearson's correlation coefficient,
35153654,nc_corr_tp_s2s3_vas,Correlation of TP from state 2 to state 3 with VAS in chronic tinnitus patients before acupuncture,correlation analysis,baseline,not_applicable,correlation_clinical,correlation_brain_behavior,,False,0,positive correlation,Pearson's correlation coefficient,
35153654,nc_corr_tp_s2s3_khq,Correlation of TP from state 2 to state 3 with KHQ in chronic tinnitus patients before acupuncture,correlation analysis,baseline,not_applicable,correlation_clinical,correlation_brain_behavior,,False,0,positive correlation,Pearson's correlation coefficient,
35153654,nc_tp_s3s1_pre_vs_post,Transition probability from state 3 (hyper-connected pattern) to state 1 (hypo-connected pattern): chronic tinnitus patients before vs after acupuncture,within-group pre vs post comparison,baseline,verum,verum_post_gt_pre,network_ica,,False,0,increased after acupuncture (TP from hyper-connected to hypo-connected state increased),"GLM with age, sex, mean FD as covariates; uncorrected",
35153654,nc_corr_tp_s3s1_tdi,Correlation of TP from state 3 to state 1 with TDI scores combining chronic tinnitus patients before and after acupuncture,correlation analysis,baseline,verum,correlation_clinical,correlation_brain_behavior,,False,0,negative correlation,Spearman's correlation coefficient,
19559684,con_GLM_acu_LI4_deact,BOLD deactivation during manual acupuncture at LI4,needle manipulation vs. needle in place (baseline),verum,rest,deactivation,whole_brain_activation,,False,0,deactivation (signal decrease),General linear model (GLM) using AFNI 3dDeconvolve,
19559684,con_GLM_acu_ST36_deact,BOLD deactivation during manual acupuncture at ST36,needle manipulation vs. needle in place (baseline),verum,rest,deactivation,whole_brain_activation,,False,0,deactivation (signal decrease),General linear model (GLM) using AFNI 3dDeconvolve,
19559684,con_GLM_acu_LV3_deact,BOLD deactivation during manual acupuncture at LV3,needle manipulation vs. needle in place (baseline),verum,rest,deactivation,whole_brain_activation,,False,0,deactivation (signal decrease),General linear model (GLM) using AFNI 3dDeconvolve,
19559684,con_GLM_acu_vs_tactile_deact,Acupuncture vs. tactile stimulation: deactivation network (task-negative),"paired t-test, acupuncture vs. tactile stimulation, deactivation network",verum,sham,verum_gt_sham,whole_brain_activation,,True,29,deactivation (signal decrease); acupuncture > tactile stimulation in extent and magnitude,Paired voxel by voxel t-test (AFNI); GLM,
19559684,con_GLM_acu_vs_tactile_act,Acupuncture vs. tactile stimulation: activation network (task-positive),"paired t-test, acupuncture vs. tactile stimulation, activation network",verum,sham,verum_gt_sham,whole_brain_activation,,True,10,activation (signal increase),Paired voxel by voxel t-test (AFNI); GLM,
19559684,con_GLM_deqi_vs_pain_deact,Deqi vs. deqi plus sharp pain: deactivation network,"two sample t-test, deqi vs. deqi mixed with sharp pain, deactivation network",verum,verum,correlation_deqi,whole_brain_activation,,True,20,"deactivation attenuated or reversed in presence of sharp pain; hypothalamus, left amygdala and cerebellar vermis became activated in pain condition","Standard voxel by voxel two sample t-test (3dttest, AFNI)",
19559684,con_GLM_deqi_vs_pain_act,Deqi vs. deqi plus sharp pain: activation network,"two sample t-test, deqi vs. deqi mixed with sharp pain, activation network",verum,verum,correlation_deqi,whole_brain_activation,,True,8,activation augmented in pain; right anterior insula activation attenuated in pain,"Standard voxel by voxel two sample t-test (3dttest, AFNI)",
19559684,con_CCA_deact_postCBA31_acu,"CCA deactivation network: seed postC_BA31 right, acupuncture","Seed-based cross correlation analysis, deactivation network, acupuncture",verum,rest,deactivation,seed_based_fc,,False,0,coherent deactivation,"Seed-based cross correlation analysis (CCA) using average time-course of seed region; band-pass filtered 0.003-0.08 Hz; global signal regression; Fisher r-to-z transformation; t-test across subjects (3dfim+, 3dttest, AFNI)",
19559684,con_CCA_deact_SG25_acu,"CCA deactivation network: seed SG25 right, acupuncture","Seed-based cross correlation analysis, deactivation network, acupuncture",verum,rest,deactivation,seed_based_fc,,False,0,coherent deactivation,Seed-based CCA; band-pass filtered 0.003-0.08 Hz; global signal regression,
19559684,con_CCA_deact_Amy_acu,"CCA deactivation network: seed amygdala right, acupuncture","Seed-based cross correlation analysis, deactivation network, acupuncture, amygdala seed",verum,rest,deactivation,seed_based_fc,,False,0,coherent deactivation; amygdala demonstrated weakest regional coherence among all seeds tested,Seed-based CCA; band-pass filtered 0.003-0.08 Hz; global signal regression,
19559684,con_CCA_deact_Hypo_acu,"CCA deactivation network: seed hypothalamus right, acupuncture","Seed-based cross correlation analysis, deactivation network, acupuncture, hypothalamus seed",verum,rest,deactivation,seed_based_fc,,False,0,coherent deactivation; strong coherence with orbitofrontal cortex and subgenual areas; no significant signal change or regional correlations in tactile stimulation,Seed-based CCA; band-pass filtered 0.003-0.08 Hz; global signal regression,
19559684,con_CCA_act_SII_acu,"CCA activation network: seed left SII (contralateral), acupuncture vs. tactile stimulation","Seed-based cross correlation analysis, activation network, acupuncture vs. tactile stimulation",verum,sham,verum_gt_sham,seed_based_fc,,False,0,activation; right anterior insula and antero-middle cingulate seen in acupuncture but not tactile stimulation,Seed-based CCA; band-pass filtered 0.003-0.08 Hz; global signal regression,
19559684,con_CCA_act_ant_insula_acu,"CCA activation network: seed right anterior insula, acupuncture","Seed-based cross correlation analysis, activation network, right anterior insula seed, acupuncture",verum,rest,verum_gt_rest,seed_based_fc,,False,0,"positive correlations with SII, thalamus, midC, postC_BA23, BA22; negative correlations with MPFC, MPC, MTL; no significant signal change or regional correlations in tactile stimulation",Seed-based CCA; band-pass filtered 0.003-0.08 Hz; global signal regression,
19559684,con_pICA_deact_acu,"pICA deactivation network, acupuncture","Probabilistic independent component analysis (pICA), deactivation network, acupuncture",verum,rest,deactivation,network_ica,,False,0,deactivation,Probabilistic independent component analysis (pICA) by MELODIC (FSL); Tensorial ICA; band-pass filtered 0.003-0.08 Hz; global signal regressed; mixture model-based inference 0.5,
19559684,con_pICA_act_acu,"pICA activation network, acupuncture","Probabilistic independent component analysis (pICA), activation network, acupuncture",verum,rest,verum_gt_rest,network_ica,,False,0,activation,Probabilistic independent component analysis (pICA) by MELODIC (FSL); Tensorial ICA; band-pass filtered 0.003-0.08 Hz; global signal regressed,
19559684,19591815_C1,Table 1 - Acupuncture: Deactivation Network,activation,verum,rest,deactivation,whole_brain_activation,,True,29,deactivation (signal decrease),activation,peak_only_extract
19559684,19591815_C2,Table 1 - Acupuncture: Activation Network,activation,verum,rest,verum_gt_rest,whole_brain_activation,,True,10,activation (signal increase),activation,peak_only_extract
19559684,19591815_C3,Table 1 - Tactile Stimulation: Deactivation Network,activation,sham,rest,verum_gt_sham,whole_brain_activation,3.0,True,25,deactivation (signal decrease),activation,peak_only_extract
19559684,19591815_C4,Table 1 - Tactile Stimulation: Activation Network,activation,sham,rest,verum_gt_sham,whole_brain_activation,3.0,True,4,activation (signal increase),activation,peak_only_extract
19559684,19591815_C5,Table 2A - Deqi vs Deqi+Pain: Deactivation Network,activation,verum,verum,correlation_deqi,whole_brain_activation,,True,36,deactivation attenuated by pain (deqi > mixed),activation,peak_only_extract
19559684,19591815_C6,Table 2B - Deqi vs Deqi+Pain: Activation Network,activation,verum,verum,correlation_deqi,whole_brain_activation,,True,15,activation network comparison,activation,peak_only_extract
24459533,contrast_ReHo_FD_post_vs_pre,ReHo changes in FD patients after acupuncture (postacupuncture minus preacupuncture),within-group pre vs post,verum,baseline,verum_post_gt_pre,whole_brain_activation,,False,9,both increase and decrease reported separately,paired t-test (postacupuncture minus preacupuncture),
24459533,contrast_ReHo_HC_post_vs_pre,ReHo changes in HC after acupuncture (postacupuncture minus preacupuncture),within-group pre vs post,verum,baseline,verum_post_gt_pre,whole_brain_activation,,False,6,both increase and decrease reported separately,paired t-test (postacupuncture minus preacupuncture),
24459533,contrast_ReHo_ACC_correlation,Correlation between increased ReHo in left ACC after acupuncture and change in defecation frequency in FD group,brain-behavior correlation,verum,baseline,correlation_clinical,correlation_brain_behavior,,False,1,negative correlation (increased ReHo in left ACC negatively correlated with reduction in defecation frequency),Pearson or Spearman correlation (not specified) between altered ReHo value in ACC area of FD and decrease in defecation frequency during the second week (second week of the treatment minus baseline),
24459533,contrast_FC_FD_post_vs_pre,Functional connectivity network of ACC-L changes in FD patients after treatment,"within-group pre vs post, seed-based functional connectivity",verum,baseline,verum_post_gt_pre,seed_based_fc,,False,0,negative correlation (decreased functional connectivity after acupuncture),"seed voxel correlation with Fisher's Z transformation, paired sample t-test",
24459533,contrast_FC_HC_post_vs_pre,Functional connectivity network of ACC-L changes in HC after treatment,"within-group pre vs post, seed-based functional connectivity",verum,baseline,verum_post_gt_pre,seed_based_fc,,False,0,negative correlation (decreased functional connectivity after acupuncture),"seed voxel correlation with Fisher's Z transformation, paired sample t-test",
39089662,NC_01,Increased fALFF values in the right superior parietal lobule (SPL) after 4-week acupuncture treatment in AG compared with SG,group by time interaction (AG post - AG pre) vs (SG post - SG pre),verum,sham,group_comparison,whole_brain_activation,3.0,True,1,increased fALFF in AG relative to SG,mixed-effects analysis,
39089662,NC_02,Increased fALFF values in the right postcentral gyrus (PoCG) after 4-week acupuncture treatment in AG compared with SG,group by time interaction (AG post - AG pre) vs (SG post - SG pre),verum,sham,group_comparison,whole_brain_activation,3.0,True,1,increased fALFF in AG relative to SG,mixed-effects analysis,
39089662,NC_03,SVR prediction of 4-week ODI values in AG using right SPL fALFF and baseline clinical features,predictive model (SVR) in acupuncture group,baseline,verum,correlation_clinical,multivariate,,False,0,positive correlation between predicted and actual 4-week ODI values,support vector regression (SVR) with linear kernel; leave-one-out cross-validation (LOOCV),
39089662,NC_04,Spearman correlation between baseline right SPL fALFF and 4-week VAS for leg pain in AG,Spearman correlation between baseline neuroimaging metric and post-treatment clinical outcome,baseline,verum,correlation_clinical,correlation_brain_behavior,,False,0,weakly correlated,Spearman correlation analysis,
39089662,15499576_C1,Manual Acupuncture > Rest (signal increase),activation,verum,rest,verum_gt_rest,whole_brain_activation,,True,14,activation,activation,extraction_results.json
39089662,15499576_C2,Manual Acupuncture > Rest (signal decrease),activation,verum,rest,deactivation,whole_brain_activation,,True,11,deactivation,activation,extraction_results.json
39089662,15499576_C3,Tactile Sensory Control > Rest (signal increase),activation,sham,rest,sham_gt_rest,whole_brain_activation,4.0,True,4,activation,activation,extraction_results.json
39089662,15499576_C4,2-Hz Electroacupuncture > Rest (signal increase),activation,verum,rest,verum_gt_rest,whole_brain_activation,,True,22,activation,activation,extraction_results.json
39089662,15499576_C5,2-Hz Electroacupuncture > Rest (signal decrease),activation,verum,rest,deactivation,whole_brain_activation,,True,9,deactivation,activation,extraction_results.json
39089662,15499576_C6,100-Hz Electroacupuncture > Rest (signal increase),activation,verum,rest,verum_gt_rest,whole_brain_activation,,True,14,activation,activation,extraction_results.json
39089662,15499576_C7,100-Hz Electroacupuncture > Rest (signal decrease),activation,verum,rest,deactivation,whole_brain_activation,,True,13,deactivation,activation,extraction_results.json
36530635,contrast_1_pre_vs_HC,Comparison of FC between pre-acupuncture in subjective tinnitus and healthy control,two-sample t-test: tinnitus pre-acupuncture vs healthy control,baseline,baseline,group_comparison,seed_based_fc,,True,2,decreased FC in tinnitus patients relative to HC,Two-sample t-test; age and gender included as covariates,
36530635,contrast_2_post_vs_HC,Comparison of FC between post-acupuncture in subjective tinnitus and healthy control,two-sample t-test: tinnitus post-acupuncture vs healthy control,verum,baseline,group_comparison,seed_based_fc,,True,2,decreased FC in tinnitus patients relative to HC,Two-sample t-test; age and gender included as covariates,
36530635,contrast_3_post_vs_pre,Comparison of FC between post-acupuncture and pre-acupuncture in subjective tinnitus,Paired Student's t-test: post-acupuncture vs pre-acupuncture within tinnitus patients,verum,baseline,verum_post_gt_pre,seed_based_fc,,True,2,decreased FC at post-acupuncture relative to pre-acupuncture,Paired Student's t-test,
36530635,contrast_4_regression_TEQ_pre,Linear regression: TEQ vs. FC at pre-acupuncture,"simple linear regression: TEQ score as independent variable, FC as dependent variable, pre-acupuncture",baseline,not_applicable,correlation_clinical,correlation_brain_behavior,,False,0,positive correlation,simple linear regression,
36530635,contrast_5_regression_VAS_pre,Linear regression: VAS vs. FC at pre-acupuncture,"simple linear regression: VAS score as independent variable, FC as dependent variable, pre-acupuncture",baseline,not_applicable,correlation_clinical,correlation_brain_behavior,,False,0,positive correlation (strong),simple linear regression,
36530635,contrast_6_regression_THI_pre,Linear regression: THI vs. FC at pre-acupuncture,"simple linear regression: THI score as independent variable, FC as dependent variable, pre-acupuncture",baseline,not_applicable,correlation_clinical,correlation_brain_behavior,,False,0,not statistically significant,simple linear regression,
36530635,contrast_7_regression_TEQ_post,Linear regression: TEQ vs. FC at post-acupuncture,"simple linear regression: TEQ score as independent variable, FC as dependent variable, post-acupuncture",verum,not_applicable,correlation_clinical,correlation_brain_behavior,,False,0,positive correlation,simple linear regression,
36530635,contrast_8_regression_VAS_post,Linear regression: VAS vs. FC at post-acupuncture,"simple linear regression: VAS score as independent variable, FC as dependent variable, post-acupuncture",verum,not_applicable,correlation_clinical,correlation_brain_behavior,,False,0,positive correlation,simple linear regression,
36530635,19500677_C1,ACUP sensation-related activation (percept-fMRI main effect),activation,verum,not_applicable,verum_gt_rest,whole_brain_activation,,True,20,activation,activation,extraction_results.json
36530635,19500677_C2,ACUP sensation-related deactivation (percept-fMRI main effect),activation,verum,not_applicable,deactivation,whole_brain_activation,,True,8,deactivation,activation,extraction_results.json
36530635,19500677_C3,SHAM sensation-related activation (percept-fMRI main effect),activation,sham,not_applicable,sham_gt_rest,whole_brain_activation,4.0,True,25,activation,activation,extraction_results.json
36530635,19500677_C4,SHAM sensation-related deactivation (percept-fMRI main effect),activation,sham,not_applicable,deactivation,whole_brain_activation,,True,14,deactivation,activation,extraction_results.json
36530635,19500677_C5,ACUP > SHAM (percept-fMRI difference map),activation,verum,sham,verum_gt_sham,whole_brain_activation,,True,15,activation,activation,extraction_results.json
36530635,19500677_C6,SHAM > ACUP (percept-fMRI difference map),activation,sham,verum,verum_gt_sham,whole_brain_activation,,True,7,activation,activation,extraction_results.json
24734113,cont_pre_stroke_vs_hc_decreased_fc,"Decreased connectivity to the PCC in stroke patients (vs healthy controls, before acupuncture)","two-sample t-test: stroke patients < healthy controls, resting-state functional connectivity to PCC, baseline",baseline,baseline,group_comparison,seed_based_fc,,True,7,decreased (stroke < healthy controls),seed-based functional connectivity with bilateral PCC as ROI; Fisher r-to-z transformation; two-sample t-test,
24734113,cont_pre_stroke_vs_hc_increased_fc,"Increased connectivity to the PCC in stroke patients (vs healthy controls, before acupuncture)","two-sample t-test: stroke patients > healthy controls, resting-state functional connectivity to PCC, baseline",baseline,baseline,group_comparison,seed_based_fc,,True,11,increased (stroke > healthy controls),seed-based functional connectivity with bilateral PCC as ROI; Fisher r-to-z transformation; two-sample t-test,
24734113,cont_post_hc_increased_fc,Increased connectivity to the PCC in control subjects (post-acupuncture vs baseline),"paired t-test: post-acupuncture > baseline, resting-state functional connectivity to PCC, healthy controls",rest,baseline,verum_post_gt_pre,seed_based_fc,,True,2,increased (post-acupuncture > baseline),seed-based functional connectivity with bilateral PCC as ROI; Fisher r-to-z transformation; paired t-test,
24734113,cont_post_stroke_increased_fc,Increased connectivity to the PCC in stroke patients (post-acupuncture vs baseline),"paired t-test: post-acupuncture > baseline, resting-state functional connectivity to PCC, stroke patients",rest,baseline,verum_post_gt_pre,seed_based_fc,,True,2,increased (post-acupuncture > baseline),seed-based functional connectivity with bilateral PCC as ROI; Fisher r-to-z transformation; paired t-test,
24734113,cont_post_stroke_decreased_fc,Decreased connectivity to the PCC in stroke patients (post-acupuncture vs baseline),"paired t-test: post-acupuncture < baseline, resting-state functional connectivity to PCC, stroke patients",rest,baseline,deactivation,seed_based_fc,,True,2,decreased (post-acupuncture < baseline),seed-based functional connectivity with bilateral PCC as ROI; Fisher r-to-z transformation; paired t-test,
36890655,nc_KOA_vs_HC,KOA knee pain patients vs. healthy controls (vlPAG rs-FC at baseline),two-sample t-test; KOA > HCs,baseline,baseline,group_comparison,seed_based_fc,,True,2,KOA > HCs (increased vlPAG rs-FC in KOA relative to HCs),two-sample t-test; seed-based resting-state functional connectivity,
36890655,nc_KOA_vs_HC_corr,Spearman correlation: bilateral thalamus rs-FC levels and SF-MPQ in KOA patients,Spearman correlation analysis,baseline,not_applicable,correlation_clinical,correlation_brain_behavior,,False,0,positive correlation,Spearman correlation analysis,
36890655,nc_VA_post_pre,vlPAG rs-FC changes in verum acupuncture group (post > pre),paired t-test; Post > Pre in VA group,verum,baseline,verum_post_gt_pre,seed_based_fc,,True,3,increased vlPAG rs-FC post-treatment (Post > Pre),paired t-test; seed-based resting-state functional connectivity,
36890655,nc_VA_vs_SA,"vlPAG rs-FC difference between verum acupuncture group and sham acupuncture group (VA > SA, post-pre)",factorial design; VA > SA (post-pre),verum,sham,verum_gt_sham,seed_based_fc,1.0,False,0,no significant variation (None),factorial design modules; seed-based resting-state functional connectivity,
36890655,nc_AG_post_pre,vlPAG rs-FC changes in acupuncture group (verum + sham) (Post > Pre),paired t-test; Post > Pre in AG group,verum,baseline,verum_post_gt_pre,seed_based_fc,,True,3,increased vlPAG rs-FC post-treatment (Post > Pre),paired t-test; seed-based resting-state functional connectivity,
36890655,nc_SC_post_pre,vlPAG rs-FC changes in celecoxib group (Post vs Pre),paired t-test; Post > Pre and Post < Pre in SC group,baseline,baseline,group_comparison,seed_based_fc,,False,0,no significant alterations (None),paired t-test; seed-based resting-state functional connectivity,
36890655,nc_PB_post_pre,vlPAG rs-FC changes in placebo group (Post vs Pre),paired t-test; Post > Pre and Post < Pre in PB group,baseline,baseline,group_comparison,seed_based_fc,4.0,False,0,no significant alterations (None),paired t-test; seed-based resting-state functional connectivity,
36890655,nc_WL_post_pre,vlPAG rs-FC changes in waiting list group (Post vs Pre),paired t-test; Post > Pre and Post < Pre in WL group,waiting_list,waiting_list,group_comparison,seed_based_fc,,False,0,no significant alterations (None),paired t-test; seed-based resting-state functional connectivity,
36890655,nc_AG_vs_SC,"vlPAG rs-FC difference between acupuncture group and celecoxib group (AG > SC, post-pre)",factorial design; AG > SC (post-pre),verum,baseline,group_comparison,seed_based_fc,,True,2,AG > SC (AG shows greater increase post-pre),factorial design modules; seed-based resting-state functional connectivity,
36890655,nc_AG_vs_SC_corr_DLPFC,Spearman correlation: vlPAG-DLPFC rs-FC percentage change and SF-MPQ percentage change in acupuncture group (AG vs SC context),Spearman correlation analysis,verum,baseline,correlation_clinical,correlation_brain_behavior,,False,0,positive correlation,Spearman correlation analysis on percentage variations (post-treatment minus pre-treatment/pre-treatment),
36890655,nc_AG_vs_SC_corr_angular,Spearman correlation: vlPAG-angular rs-FC percentage change and SF-MPQ percentage change in acupuncture group (AG vs SC context),Spearman correlation analysis,verum,baseline,correlation_clinical,correlation_brain_behavior,,False,0,positive correlation,Spearman correlation analysis on percentage variations (post-treatment minus pre-treatment/pre-treatment),
36890655,nc_AG_vs_PB,"vlPAG rs-FC difference between acupuncture group and placebo group (AG > PB, post-pre)",factorial design; AG > PB (post-pre),verum,sham,group_comparison,seed_based_fc,4.0,True,2,AG > PB (AG shows greater increase post-pre),factorial design modules; seed-based resting-state functional connectivity,
36890655,nc_AG_vs_PB_corr_DLPFC,Spearman correlation: vlPAG-DLPFC rs-FC percentage change and SF-MPQ percentage change in acupuncture group (AG vs PB context),Spearman correlation analysis,verum,baseline,correlation_clinical,correlation_brain_behavior,,False,0,positive correlation,Spearman correlation analysis on percentage variations,
36890655,nc_AG_vs_PB_corr_angular,Spearman correlation: vlPAG-angular rs-FC percentage change and SF-MPQ percentage change in acupuncture group (AG vs PB context),Spearman correlation analysis,verum,baseline,correlation_clinical,correlation_brain_behavior,,False,0,positive correlation,Spearman correlation analysis on percentage variations,
36890655,nc_AG_vs_WL,"vlPAG rs-FC difference between acupuncture group and waiting list group (AG > WL, post-pre)",factorial design; AG > WL (post-pre),verum,waiting_list,group_comparison,seed_based_fc,,True,2,AG > WL (AG shows greater increase post-pre),factorial design modules; seed-based resting-state functional connectivity,
36890655,nc_AG_vs_WL_corr_DLPFC,Spearman correlation: vlPAG-DLPFC rs-FC percentage change and SF-MPQ percentage change in acupuncture group (AG vs WL context),Spearman correlation analysis,verum,baseline,correlation_clinical,correlation_brain_behavior,,False,0,positive correlation,Spearman correlation analysis on percentage variations,
36890655,nc_AG_vs_WL_corr_precuneus,Spearman correlation: vlPAG-precuneus rs-FC percentage change and SF-MPQ percentage change in acupuncture group (AG vs WL context),Spearman correlation analysis,verum,baseline,correlation_clinical,correlation_brain_behavior,,False,0,positive correlation,Spearman correlation analysis on percentage variations,
36890655,37038274_C1,vlPAG rs-FC difference between KOA and HCs (KOA > HCs),FC,baseline,baseline,group_comparison,seed_based_fc,,True,2,KOA > HCs,FC,peak_only_extract
36890655,37038274_C5,vlPAG rs-FC changes in acupuncture group (verum + sham) - Post > Pre,FC,verum,baseline,verum_post_gt_pre,seed_based_fc,,True,3,Post > Pre,FC,peak_only_extract
36890655,37038274_C13,vlPAG rs-FC difference between acupuncture group and celecoxib group (AG > SC post-pre),FC,verum,baseline,group_comparison,seed_based_fc,,True,2,AG > SC (post-pre),FC,peak_only_extract
36890655,37038274_C15,vlPAG rs-FC difference between acupuncture group and placebo group (AG > PB post-pre),FC,verum,sham,group_comparison,seed_based_fc,,True,2,AG > PB (post-pre),FC,peak_only_extract
36890655,37038274_C17,vlPAG rs-FC difference between acupuncture group and waiting list group (AG > WL post-pre),FC,verum,waiting_list,group_comparison,seed_based_fc,,True,2,AG > WL (post-pre),FC,peak_only_extract
36890655,37038274_C19,vlPAG rs-FC changes in verum acupuncture group - Post > Pre (Figure 4A),FC,verum,baseline,verum_post_gt_pre,seed_based_fc,,False,2,Post > Pre,FC,peak_only_extract
36890655,37165813_C5,vlPAG rs-FC changes in acupuncture group (verum+sham) post > pre,FC,verum,baseline,verum_post_gt_pre,seed_based_fc,,True,3,Post > Pre,FC,peak_only_extract
26467429,con_real_vs_sham_ALFF,Changes of ALFF values between real versus sham acupuncture at KI3,real acupuncture at KI3 vs sham acupuncture at KI3 (paired t-test),verum,sham,verum_gt_sham,whole_brain_activation,3.0,True,3,both increased and decreased,paired t-test; sensation data was calculated as covariate,
26467429,con_real_vs_sham_ReHo,Changes of ReHo values between real versus sham acupuncture at KI3,real acupuncture at KI3 vs sham acupuncture at KI3 (paired t-test),verum,sham,verum_gt_sham,whole_brain_activation,3.0,True,3,both increased and decreased,paired t-test; sensation data was calculated as covariate,
26467429,con_KI3_prepost_ALFF,Changes of ALFF values before and after acupuncture at KI3,before vs after real acupuncture at KI3 (paired t-test),verum,baseline,verum_post_gt_pre,whole_brain_activation,,True,2,increased only (no value decreased after real acupuncture),paired t-test,
26467429,con_KI3_prepost_ReHo,Changes of REHO values before and after acupuncture at KI3,before vs after real acupuncture at KI3 (paired t-test),verum,baseline,verum_post_gt_pre,whole_brain_activation,,True,3,both increased and decreased,paired t-test,
26467429,con_nonacupoint_prepost_ALFF,Changes of ALFF of cerebral area before and after acupuncture at non-acupoint,before vs after real acupuncture at non-acupoint (paired t-test),sham,baseline,sham_post_gt_pre,whole_brain_activation,,True,6,both increased and decreased,paired t-test,
26467429,con_nonacupoint_prepost_ReHo,Changes of REHO values before and after acupuncture at non-acupoint,before vs after real acupuncture at non-acupoint (paired t-test),sham,baseline,sham_post_gt_pre,whole_brain_activation,,True,6,both increased and decreased,paired t-test,
26467429,con_KI3_vs_nonacupoint_ALFF,The difference of ALFF changes between the KI3 and non-acupoint group,direct comparison of ALFF changes between KI3 and non-acupoint group,verum,sham,group_comparison,whole_brain_activation,,True,8,both increased and decreased,direct comparison of the ALFF changes between the KI3 and non-acupoint group using REST1.8,
26467429,con_KI3_vs_nonacupoint_ReHo,The difference of ReHo changes between the KI3 and non-acupoint group,direct comparison of ReHo changes between KI3 and non-acupoint group,verum,sham,group_comparison,whole_brain_activation,,True,8,both increased and decreased,direct comparison of the ReHo changes between the KI3 and non-acupoint group using REST1.8,
29343693,con_real_activation,Main effect map summary for real acupuncture (REAL) group,main effect activation,verum,rest,verum_gt_rest,whole_brain_activation,,True,26,activation,"mixed effects statistical model (FLAME1+2, FSL-FEAT)",
29343693,con_real_deactivation,Main effect map summary for real acupuncture (REAL) group,main effect deactivation,verum,rest,deactivation,whole_brain_activation,,True,25,deactivation,"mixed effects statistical model (FLAME1+2, FSL-FEAT)",
29343693,con_phnt_activation,Main effect map summary for phantom acupuncture (PHNT) group,main effect activation,sham,rest,sham_gt_rest,whole_brain_activation,4.0,True,39,activation,"mixed effects statistical model (FLAME1+2, FSL-FEAT)",
29343693,con_phnt_deactivation,Main effect map summary for phantom acupuncture (PHNT) group,main effect deactivation,sham,rest,deactivation,whole_brain_activation,4.0,True,11,deactivation,"mixed effects statistical model (FLAME1+2, FSL-FEAT)",
29343693,con_conjunction_activation,Conjunction map analysis between REAL and PHNT (REAL & PHNT),conjunction activation,verum,sham,other,whole_brain_activation,4.0,True,18,activation,"mixed effects statistical model (FLAME1+2, FSL-FEAT)",
29343693,con_conjunction_deactivation,Conjunction map analysis between REAL and PHNT (REAL & PHNT),conjunction deactivation,verum,sham,deactivation,whole_brain_activation,4.0,True,3,deactivation,"mixed effects statistical model (FLAME1+2, FSL-FEAT)",
29343693,con_real_minus_phnt_activation,Summary of difference map analysis between REAL and PHNT (REAL - PHNT),difference activation,verum,sham,verum_gt_sham,whole_brain_activation,4.0,True,21,REAL > PHNT,"mixed effects statistical model (FLAME1+2, FSL-FEAT)",
29343693,con_real_minus_phnt_deactivation,Summary of difference map analysis between REAL and PHNT (REAL - PHNT),difference deactivation,sham,verum,deactivation,whole_brain_activation,4.0,True,23,PHNT > REAL,"mixed effects statistical model (FLAME1+2, FSL-FEAT)",
29343693,con_phnt_scr_covariate,Correlation between subjective brain activity and the skin conductance response metric for the PHNT group,covariate positive correlation,sham,not_applicable,correlation_deqi,correlation_brain_behavior,4.0,False,0,positive correlation,"analysis of covariance (ANCOVA, FSL-FEAT, cluster-corrected for multiple comparisons, Z = 2.3, p < 0.05)",
29343693,con_phnt_belief_covariate,Correlation between subjective brain activity and a score assessing belief in acupuncture effectiveness for the PHNT group,covariate positive correlation,sham,not_applicable,correlation_expectancy,correlation_brain_behavior,4.0,False,0,positive correlation,"analysis of covariance (ANCOVA, FSL-FEAT, cluster-corrected for multiple comparisons, Z = 2.3, p < 0.05)",
29343693,con_phnt_vas_covariate,Correlation between subjective brain activity and pain reduction,covariate correlation,sham,not_applicable,correlation_clinical,correlation_brain_behavior,4.0,False,0,positive correlation with left a/mIns and STG and negative correlation with right supramarginal gyrus and SI,"analysis of covariance (ANCOVA, FSL-FEAT, cluster-corrected for multiple comparisons, Z = 2.3, p < 0.05)",
29343693,16046146_C1,Acupuncture Deqi vs Baseline (cerebrum and brainstem - signal decreases),activation,verum,rest,deactivation,whole_brain_activation,,True,47,deactivation,activation,extraction_results.json
29343693,16046146_C2,Acupuncture Deqi vs Baseline (cerebrum and brainstem - signal increases),activation,verum,rest,verum_gt_rest,whole_brain_activation,,True,6,activation,activation,extraction_results.json
29343693,16046146_C3,Acupuncture Deqi+Pain vs Baseline (cerebrum and brainstem - signal increases),activation,verum,rest,verum_gt_rest,whole_brain_activation,,True,25,activation,activation,extraction_results.json
29343693,16046146_C4,Sensory Control vs Baseline (cerebrum and brainstem - signal increases),activation,sham,rest,sham_gt_rest,whole_brain_activation,3.0,True,32,activation,activation,extraction_results.json
29343693,16046146_C5,Sensory Control vs Baseline (cerebrum - signal decreases/deactivations),activation,sham,rest,deactivation,whole_brain_activation,,True,2,deactivation,activation,extraction_results.json
29343693,16046146_C6,Acupuncture Deqi vs Baseline - Cerebellum (deactivations),activation,verum,rest,deactivation,whole_brain_activation,,True,44,deactivation,activation,extraction_results.json
29343693,16046146_C7,Acupuncture Deqi+Pain vs Baseline - Cerebellum (activations),activation,verum,rest,verum_gt_rest,whole_brain_activation,,True,15,activation,activation,extraction_results.json
29343693,16046146_C8,Sensory Control vs Baseline - Cerebellum (activations),activation,sham,rest,sham_gt_rest,whole_brain_activation,3.0,True,25,activation,activation,extraction_results.json
29343693,16046146_SR_C1,PHNT Group Mean (main effect of phantom acupuncture stimulation),activation,sham,rest,sham_gt_rest,whole_brain_activation,3.0,True,39,activation,activation,sham_rest_extract
29343693,16046146_SR_C2,PHNT Group Mean (main effect of phantom acupuncture stimulation) - Deactivation,activation,sham,rest,deactivation,whole_brain_activation,,True,11,deactivation,activation,sham_rest_extract
38249582,c01_within_1min_decrease,Within-group ReHo change: 1-min group post vs pre (decrease),"Within-group longitudinal comparison (paired T-test), post > pre acupuncture",verum,baseline,verum_post_gt_pre,whole_brain_activation,,True,1,decreased,Paired T-test on ReHo values,
38249582,c02_within_2min_increase,Within-group ReHo change: 2-min group post vs pre (increase),"Within-group longitudinal comparison (paired T-test), post > pre acupuncture",verum,baseline,verum_post_gt_pre,whole_brain_activation,,True,1,increased,Paired T-test on ReHo values,
38249582,c03_within_3min_increase,Within-group ReHo change: 3-min group post vs pre (increase),"Within-group longitudinal comparison (paired T-test), post > pre acupuncture",verum,baseline,verum_post_gt_pre,whole_brain_activation,,True,1,increased,Paired T-test on ReHo values,
38249582,c04_between_2min_vs_1min_decrease,"Between-group ReHo difference: 2-min vs 1-min (2-min > 1-min, negative T)","Between-group comparison (two-sample T-test after ANOVA), 2-min vs 1-min",verum,verum,group_comparison,whole_brain_activation,,True,1,2-min group showed decreased ReHo values relative to 1-min group,ANOVA followed by two-sample T-test,
38249582,c05_between_3min_vs_2min_increase,"Between-group ReHo difference: 3-min vs 2-min (3-min > 2-min, increase)","Between-group comparison (two-sample T-test after ANOVA), 3-min vs 2-min",verum,verum,group_comparison,whole_brain_activation,,True,1,increased (3-min relative to 2-min),ANOVA followed by two-sample T-test,
38249582,c06_between_3min_vs_1min_increase,"Between-group ReHo difference: 3-min vs 1-min (3-min > 1-min, increase in left cerebellum posterior lobe)","Between-group comparison (two-sample T-test after ANOVA), 3-min vs 1-min",verum,verum,group_comparison,whole_brain_activation,,True,1,increased (3-min relative to 1-min),ANOVA followed by two-sample T-test,
38249582,c07_between_3min_vs_1min_decrease_pcg,"Between-group ReHo difference: 3-min vs 1-min (3-min > 1-min, decrease in right posterior cingulate gyrus)","Between-group comparison (two-sample T-test after ANOVA), 3-min vs 1-min",verum,verum,group_comparison,whole_brain_activation,,True,1,decreased (3-min relative to 1-min),ANOVA followed by two-sample T-test,
38249582,c08_between_3min_vs_1min_decrease_acg,"Between-group ReHo difference: 3-min vs 1-min (3-min > 1-min, decrease in right anterior cingulate gyrus)","Between-group comparison (two-sample T-test after ANOVA), 3-min vs 1-min",verum,verum,group_comparison,whole_brain_activation,,True,1,decreased (3-min relative to 1-min),ANOVA followed by two-sample T-test,
38249582,38192603_C1,Longitudinal comparison of ReHo values in three groups - 1-min group,ReHo,verum,baseline,verum_post_gt_pre,whole_brain_activation,,True,1,decreased,ReHo,peak_only_extract
38249582,38192603_C2,Longitudinal comparison of ReHo values in three groups - 2-min group,ReHo,verum,baseline,verum_post_gt_pre,whole_brain_activation,,True,1,increased,ReHo,peak_only_extract
38249582,38192603_C3,Longitudinal comparison of ReHo values in three groups - 3-min group,ReHo,verum,baseline,verum_post_gt_pre,whole_brain_activation,,True,1,increased,ReHo,peak_only_extract
38249582,38192603_C4,Between-group differences in ReHo values - 2-min > 1-min,ReHo,verum,verum,group_comparison,whole_brain_activation,,True,1,decreased (2-min < 1-min),ReHo,peak_only_extract
38249582,38192603_C5,Between-group differences in ReHo values - 3-min > 2-min,ReHo,verum,verum,group_comparison,whole_brain_activation,,True,1,increased (3-min > 2-min),ReHo,peak_only_extract
38249582,38192603_C6,Between-group differences in ReHo values - 3-min > 1-min,ReHo,verum,verum,group_comparison,whole_brain_activation,,True,3,mixed (increased in cerebellum posterior lobe; decreased in cingulate gyri),ReHo,peak_only_extract
34720908,nc_01,IBS-D patients after acupuncture vs HCs — increased AN-VAN,two-sample t-test: IBS-D after acupuncture > HCs,verum,baseline,group_comparison,network_ica,,False,0,increased (IBS-D after acupuncture > HCs),ICA-based inter-network functional connectivity; Pearson's correlation coefficient; Fisher's z-transformation; two-sample t-test; FDR corrected,
34720908,nc_02,IBS-D patients after acupuncture vs HCs — increased SMN-DMN,two-sample t-test: IBS-D after acupuncture > HCs,verum,baseline,group_comparison,network_ica,,False,0,increased (IBS-D after acupuncture > HCs),ICA-based inter-network functional connectivity; Pearson's correlation coefficient; Fisher's z-transformation; two-sample t-test; FDR corrected,
34720908,nc_03,IBS-D patients after acupuncture vs HCs — decreased RFPN-VAN,two-sample t-test: IBS-D after acupuncture < HCs,verum,baseline,group_comparison,network_ica,,False,0,decreased (IBS-D after acupuncture < HCs),ICA-based inter-network functional connectivity; Pearson's correlation coefficient; Fisher's z-transformation; two-sample t-test; FDR corrected,
34720908,nc_04,IBS-D before acupuncture vs HCs — no significant difference,two-sample t-test: IBS-D before acupuncture vs HCs,baseline,baseline,group_comparison,network_ica,,False,0,no significant difference,ICA-based inter-network functional connectivity; two-sample t-test; FDR corrected,
34720908,nc_05,IBS-D after acupuncture vs before acupuncture — increased DMN-DAN,paired t-test: IBS-D after > before acupuncture,verum,baseline,verum_post_gt_pre,network_ica,,False,0,increased (after > before acupuncture),ICA-based inter-network functional connectivity; Pearson's correlation coefficient; Fisher's z-transformation; paired t-test; FDR corrected,
34720908,nc_06,IBS-D after acupuncture vs before acupuncture — increased DAN-LFPN,paired t-test: IBS-D after > before acupuncture,verum,baseline,verum_post_gt_pre,network_ica,,False,0,increased (after > before acupuncture),ICA-based inter-network functional connectivity; Pearson's correlation coefficient; Fisher's z-transformation; paired t-test; FDR corrected,
34720908,nc_07,IBS-D after acupuncture vs before acupuncture — increased DMN-VAN,paired t-test: IBS-D after > before acupuncture,verum,baseline,verum_post_gt_pre,network_ica,,False,0,increased (after > before acupuncture),ICA-based inter-network functional connectivity; Pearson's correlation coefficient; Fisher's z-transformation; paired t-test; FDR corrected,
34720908,nc_08,Correlation: alteration of DMN-VAN vs changes in HAMA,Pearson correlation analysis,verum,not_applicable,correlation_clinical,correlation_brain_behavior,,False,0,positive correlation,Pearson correlation analysis,
34720908,nc_09,Correlation: alteration of DMN-VAN vs changes in life influence degree,Pearson correlation analysis,verum,not_applicable,correlation_clinical,correlation_brain_behavior,,False,0,positive correlation,Pearson correlation analysis,
34720908,nc_10,Correlation: alteration of DMN-VAN vs changes in IBS-SSS,Pearson correlation analysis,verum,not_applicable,correlation_clinical,correlation_brain_behavior,,False,0,positive correlation (at boundary of significance threshold),Pearson correlation analysis,
35965072,contrast_SVC_model,SVC prediction of acupuncture responders vs non-responders,classification model performance,baseline,not_applicable,other,multivariate,,False,0,not_applicable,"support vector classification (SVC) with linear kernel, default regularization parameter (c=1), 10-fold cross-validation iterated 100 times, feature selection via Spearman correlation filtering at α = 0.15",
35965072,contrast_SVR_model,SVR prediction of SID improvements,regression model performance,baseline,not_applicable,correlation_clinical,multivariate,,False,0,not_applicable,"support vector regression (SVR) with linear kernel, default parameters, 10-fold cross-validation iterated 100 times, based on 38 identified predictive features",
35965072,contrast_predictive_features_weights,Predictive features identification and weight calculation,predictive feature identification via SVC consensus features,baseline,not_applicable,other,multivariate,,False,0,not_reported,consensus features retained as support vectors in all 10-fold CV across all 100 iterations; weight = absolute value of mean over 100 iterations; relative IC weight = sum of one-half of predictive feature weights associated with that IC,
35965072,contrast_IC_relative_weights,Relative weight of ICs in predictive features,IC-level relative weight in predictive model,baseline,not_applicable,other,network_ica,,False,0,not_reported,relative weight of each IC = sum of one-half of predictive feature weights associated with that IC,
35965072,contrast_baseline_rsFC_SID_corr,Correlation between baseline rsFC of predictive features and SID improvements,correlation between pre-treatment rsFC and clinical outcomes,baseline,not_applicable,correlation_clinical,correlation_brain_behavior,,False,0,not_reported,Spearman correlation analysis between rsFC of predictive features and SID improvements in all patients,
35965072,contrast_longitudinal_responders,Within-group rsFC changes after treatment in acupuncture responders,within-group pre vs post treatment comparison,verum,baseline,verum_post_gt_pre,roi_fc,,False,0,increased and decreased,within-group comparison of ROI changes; taking identified predictive features as ROIs,
35965072,contrast_longitudinal_non_responders,Within-group rsFC changes after treatment in acupuncture non-responders,within-group pre vs post treatment comparison,verum,baseline,verum_post_gt_pre,roi_fc,,False,0,changed,within-group comparison of ROI changes; taking identified predictive features as ROIs,
35965072,contrast_between_group_longitudinal,Between-group differences of rsFC changes (responders vs non-responders),between-group comparison of post minus pre rsFC changes,verum,baseline,group_comparison,roi_fc,,False,0,responders showed significantly increased rsFC compared to non-responders in 11 predictive features,between-group comparison of ROI changes; results not significant after FDR correction,
35965072,contrast_edge_change_SID_corr,Correlation between rsFC changes of 11 between-group edges and SID improvements,correlation between post-pre rsFC change and clinical outcome,verum,baseline,correlation_clinical,correlation_brain_behavior,,False,0,positive correlation with SID improvements,correlation analyses between ROI changes and symptom improvements in all patients; P < 0.05 uncorrected (not significant after FDR correction),
37804240,con_SA_stimulation_effect,Stimulation effect of SA — contrast between the combined high + low doses vs. control,(high-dose SA + low-dose SA) vs. control SA,verum,verum,other,whole_brain_activation,,False,12,activation (positive),General linear model (GLM); one-sample t-test on contrast images from first-level analysis,
37804240,con_SA_dose_effect,Dose effect of SA — contrast between high-dose vs. low-dose,high-dose SA vs. low-dose SA,verum,verum,other,whole_brain_activation,,False,8,activation (positive),General linear model (GLM); one-sample t-test on contrast images from first-level analysis,
37804240,con_VA_stimulation_effect,Stimulation effect of VA — contrast between the combined high + low doses vs. control,(high-dose VA + low-dose VA) vs. control VA,sham,sham,other,whole_brain_activation,,False,4,activation (positive),General linear model (GLM); one-sample t-test on contrast images from first-level analysis,
37804240,con_VA_dose_effect,Dose effect of VA — contrast between high-dose vs. low-dose,high-dose VA vs. low-dose VA,sham,sham,other,whole_brain_activation,,False,3,activation (positive),General linear model (GLM); one-sample t-test on contrast images from first-level analysis,
37804240,con_SA_vs_VA_stimulation,Comparison between SA and VA — stimulation effect,SA stimulation effect > VA stimulation effect,verum,sham,verum_gt_sham,whole_brain_activation,,False,7,SA > VA (activation) and SA < VA (deactivation),Contrast between SA and VA for stimulation effect,
37804240,con_SA_vs_VA_dose,Comparison between SA and VA — dose effect,SA dose effect > VA dose effect,verum,sham,verum_gt_sham,whole_brain_activation,,False,7,SA > VA (activation) and deactivation regions noted,Contrast between SA and VA for dose effect,
37804240,con_MVPA_SA_dose_wholebrain,MVPA classification of three different doses of SA — whole brain,classification: high-dose SA vs. low-dose SA vs. control SA,verum,not_applicable,other,multivariate,,False,0,not_applicable,"Multivariate pattern analysis (MVPA); linear support vector classifier (SVC); 5-fold stratified cross-validation; nonparametric random permutation test (n = 1,000); FDR correction",
37804240,con_MVPA_VA_dose_wholebrain,MVPA classification of three different doses of VA — whole brain,classification: high-dose VA vs. low-dose VA vs. control VA,sham,not_applicable,other,multivariate,,False,0,not_applicable,"Multivariate pattern analysis (MVPA); linear support vector classifier (SVC); 5-fold stratified cross-validation; nonparametric random permutation test (n = 1,000); FDR correction",
37804240,con_MVPA_SA_vs_VA_accuracy,SA vs VA MVPA classification accuracy comparison,SA classification accuracy > VA classification accuracy for dose discrimination,verum,sham,verum_gt_sham,multivariate,,False,0,SA > VA,comparison of MVPA classification accuracies between SA and VA,
37804240,con_MVPA_SA_searchlight,MVPA searchlight analysis — dose discrimination for SA,searchlight classification of three SA dose levels,verum,not_applicable,other,multivariate,,False,8,above-chance classification,spherical multivariate searchlight analysis (radius = 5 mm) with linear SVC; uncorrected voxel-wise threshold P < 0.001 corrected using Monte Carlo simulation at P < 0.01,
37804240,con_MVPA_VA_searchlight,MVPA searchlight analysis — dose discrimination for VA,searchlight classification of three VA dose levels,sham,not_applicable,other,multivariate,,False,2,above-chance classification,spherical multivariate searchlight analysis (radius = 5 mm) with linear SVC; uncorrected voxel-wise threshold P < 0.001 corrected using Monte Carlo simulation at P < 0.01,
40881782,nc_BBGISvsHC_decreased_FCD,Regions of decreased brain FCD in BBGIS patients compared to HCs before IDSA treatment,Between-group (BBGIS < HC),baseline,baseline,group_comparison,graph_theory,,True,5,Decreased (BBGIS < HC),"Independent-samples T test with age, sex, and years of education as covariates; AlphaSim correction",
40881782,nc_BBGISvsHC_increased_FCD,Regions of increased brain FCD in BBGIS patients compared to HCs before IDSA treatment,Between-group (BBGIS > HC),baseline,baseline,group_comparison,graph_theory,,True,4,Increased (BBGIS > HC),"Independent-samples T test with age, sex, and years of education as covariates; AlphaSim correction",
40881782,nc_corr_SMA_FMA,Correlation between baseline FCD in SMA_R and FMA scores,Correlation (FCD ~ FMA),baseline,not_applicable,correlation_clinical,correlation_brain_behavior,,False,0,Positive correlation,Correlation analysis,
40881782,nc_corr_C8_FMA,Correlation between baseline FCD in C8_R and FMA scores,Correlation (FCD ~ FMA),baseline,not_applicable,correlation_clinical,correlation_brain_behavior,,False,0,Positive correlation,Correlation analysis,
40881782,nc_post_IDSA_SMA_within,Post-IDSA longitudinal FCD increase in SMA_R (within IDSA group),"Within-group pre vs. post (IDSA group, SMA_R)",verum,baseline,verum_post_gt_pre,graph_theory,,True,1,Increased post-treatment,Paired-sample t-test,
40881782,nc_post_IDSA_C8_within,Post-IDSA longitudinal FCD increase in C8_R (within IDSA group),"Within-group pre vs. post (IDSA group, C8_R)",verum,baseline,verum_post_gt_pre,graph_theory,3.0,True,1,Increased post-treatment,Paired-sample t-test,
40881782,nc_between_SMA_treatment,Between-group treatment effects in SMA_R FCD (IDSA vs. Sham IDSA),"Between-group post-treatment comparison (IDSA vs. Sham, SMA_R)",verum,sham,verum_gt_sham,graph_theory,3.0,True,1,IDSA > Sham,ANCOVA,
40881782,nc_between_C8_treatment,Between-group treatment effects in C8_R FCD (IDSA vs. Sham IDSA),"Between-group post-treatment comparison (IDSA vs. Sham, C8_R)",verum,sham,verum_gt_sham,graph_theory,3.0,True,1,IDSA > Sham,ANCOVA,
40881782,NR_C1,Regions of decreased and increased brain FCD in BBGIS patients compared to HCs before IDSA treatment,degree_centrality,baseline,baseline,group_comparison,graph_theory,,True,9,decreased and increased FCD in BBGIS vs HCs,degree_centrality,peak_only_extract
22291848,cont_GLM_CV4_stim_vs_rest,Brain activation and deactivation during EA at CV4,electric stimulation on vs off (within EA session),verum,rest,deactivation,whole_brain_activation,,False,9,deactivation,General Linear Model (GLM); random-effects model; group analysis,
22291848,cont_GLM_CV12_stim_vs_rest,Brain activation and deactivation during EA at CV12,electric stimulation on vs off (within EA session),verum,rest,verum_gt_rest,whole_brain_activation,,False,2,deactivation and activation,General Linear Model (GLM); random-effects model; group analysis,
22291848,cont_GLM_CV4_vs_CV12,Comparison of hemodynamic response between CV4 and CV12 during EA,between acupoints comparison,verum,verum,group_comparison,whole_brain_activation,,False,0,not_reported,t-test across all subjects; random-effects model,
22291848,cont_FC_local_sham_CV4_vs_rest,Sham EA at CV4: local functional connectivity changes vs resting state,sham condition vs resting state; local degree connectivity,sham,baseline,sham_gt_rest,graph_theory,1.0,False,1,increased local connectivity,Degree-based functional connectivity analysis; local degree map (sphere of 12 mm radius neighborhood; r > 0.25; Fisher's Z transformation),
22291848,cont_FC_local_sham_CV12_vs_rest,Sham EA at CV12: local functional connectivity changes vs resting state,sham condition vs resting state; local degree connectivity,sham,baseline,sham_gt_rest,graph_theory,1.0,False,5,increased and decreased,Degree-based functional connectivity analysis; local degree map (sphere of 12 mm radius neighborhood; r > 0.25; Fisher's Z transformation),
22291848,cont_FC_local_EA_CV4_vs_rest_increased,EA at CV4: increased local functional connectivity vs resting state,EA vs resting state; local degree connectivity; increased,verum,baseline,verum_gt_rest,graph_theory,,False,8,increased,Degree-based functional connectivity analysis; local degree map (sphere of 12 mm radius neighborhood; r > 0.25; Fisher's Z transformation),
22291848,cont_FC_local_EA_CV4_vs_rest_decreased,EA at CV4: decreased local functional connectivity vs resting state,EA vs resting state; local degree connectivity; decreased,verum,baseline,deactivation,graph_theory,,False,4,decreased,Degree-based functional connectivity analysis; local degree map (sphere of 12 mm radius neighborhood; r > 0.25; Fisher's Z transformation),
22291848,cont_FC_local_EA_CV12_vs_rest_increased,EA at CV12: increased local functional connectivity vs resting state,EA vs resting state; local degree connectivity; increased,verum,baseline,verum_gt_rest,graph_theory,,False,4,increased,Degree-based functional connectivity analysis; local degree map (sphere of 12 mm radius neighborhood; r > 0.25; Fisher's Z transformation),
22291848,cont_FC_postEA_CV4_vs_rest_increased,Post-EA resting state CV4 vs resting state prior to EA: enhanced local functional connectivity,post-EA resting state vs pre-EA resting state; local degree connectivity; increased,verum,baseline,verum_post_gt_pre,graph_theory,,True,16,increased,Degree-based functional connectivity analysis; local degree map (sphere of 12 mm radius neighborhood; r > 0.25; Fisher's Z transformation),
22291848,cont_FC_postEA_CV12_vs_rest_increased,Post-EA resting state CV12 vs resting state prior to EA: enhanced local functional connectivity,post-EA resting state vs pre-EA resting state; local degree connectivity; increased,verum,baseline,verum_post_gt_pre,graph_theory,,True,14,increased,Degree-based functional connectivity analysis; local degree map (sphere of 12 mm radius neighborhood; r > 0.25; Fisher's Z transformation),
22291848,cont_FC_postEA_CV4_vs_rest_decreased,Post-EA resting state CV4 vs resting state prior to EA: decreased local functional connectivity,post-EA resting state vs pre-EA resting state; local degree connectivity; decreased,verum,baseline,deactivation,graph_theory,,False,3,decreased,Degree-based functional connectivity analysis; local degree map (sphere of 12 mm radius neighborhood; r > 0.25; Fisher's Z transformation),
22291848,cont_FC_postEA_CV4_vs_CV12,Post-EA effects: CV4 versus CV12 (local functional connectivity differences),between acupoints post-EA comparison; local degree connectivity,verum,verum,group_comparison,graph_theory,,True,2,not_reported,Degree-based functional connectivity analysis; local degree map,
22291848,cont_FC_distant_EA_null,Distant functional connectivity during EA: no significant difference between CV4 and CV12,between acupoints comparison; distant degree connectivity,verum,verum,group_comparison,graph_theory,,False,0,not_reported,Degree-based functional connectivity analysis; distant degree map (outside 12 mm neighborhood; r > 0.25; Fisher's Z transformation),
22291848,22474503_C1,Post-EA effects: Resting state (CV4) - True RS,FC,verum,baseline,verum_post_gt_pre,graph_theory,,True,18,Enhanced local functional connectivity,FC,peak_only_extract
22291848,22474503_C2,Post-EA effects: Resting state (CV12) - True RS,FC,verum,baseline,verum_post_gt_pre,graph_theory,,True,15,Enhanced local functional connectivity,FC,peak_only_extract
22291848,22474503_C3,Post-EA effects: CV4 versus CV12 (difference),FC,verum,verum,group_comparison,graph_theory,,True,4,CV4 > CV12,FC,peak_only_extract
38585348,C1_EGpre_vs_CG,Comparison of FC in the INS between before electroacupuncture treatment in ST patients and CG,two independent samples t-test; FC data of before-electroacupuncture treatment in ST patients vs CG,baseline,baseline,group_comparison,seed_based_fc,,True,2,decreased (negative T-value) in ST patients compared to CG,two independent samples t-test on FC data,
38585348,C2_EGpost_vs_CG,Comparison of FC in the INS between after electroacupuncture treatment in ST patients and CG,two independent samples t-test; FC data of after-electroacupuncture treatment in ST patients vs CG,verum,baseline,group_comparison,seed_based_fc,,True,3,decreased (negative T-value) in ST patients compared to CG,two independent samples t-test on FC data,
38585348,C3_EGpost_vs_EGpre,Comparison of FC in the INS between before and after electroacupuncture treatment in ST patients,paired t-test; FC data of after- and before-electroacupuncture treatment in ST patients,verum,baseline,verum_post_gt_pre,seed_based_fc,,True,3,decreased (negative T-value) after treatment compared to before treatment,paired t-test on FC data,
38585348,C4_corr_THI_FC_pre,Correlation between THI score and FC value in INS-left superior frontal gyrus before electroacupuncture treatment,Pearson correlation between THI score in EG and FC value in INS-left superior frontal gyrus before treatment,baseline,not_applicable,correlation_clinical,correlation_brain_behavior,,False,0,negative correlation,Pearson correlation coefficient,
38585348,20838644_C1,LR14 verum laser > placebo (activation),activation,verum,sham,verum_gt_sham,whole_brain_activation,,True,3,activation,activation,extraction_results.json
38585348,20838644_C2,CV14 verum laser > placebo (activation),activation,verum,sham,verum_gt_sham,whole_brain_activation,,True,1,activation,activation,extraction_results.json
38585348,20838644_C3,LR8 verum laser > placebo (activation),activation,verum,sham,verum_gt_sham,whole_brain_activation,,True,1,activation,activation,extraction_results.json
38585348,20838644_C4,Control Point verum laser > placebo (activation),activation,verum,sham,verum_gt_sham,whole_brain_activation,,True,1,activation,activation,extraction_results.json
38585348,20838644_C5,LR14 placebo > verum laser (deactivation),activation,sham,verum,deactivation,whole_brain_activation,,True,2,deactivation,activation,extraction_results.json
38585348,20838644_C6,LR8 placebo > verum laser (deactivation),activation,sham,verum,deactivation,whole_brain_activation,,True,5,deactivation,activation,extraction_results.json
38585348,20838644_C7,Control Point placebo > verum laser (deactivation),activation,sham,verum,deactivation,whole_brain_activation,,True,1,deactivation,activation,extraction_results.json
24734108,con_motor_hubs_stroke,Causal connectivity during motor task in stroke patients — hub structure,within-group effective connectivity during motor task,rest,not_applicable,other,graph_theory,,False,0,not_reported,multivariate Granger causal analysis (mGCA) using Directed Transfer Function (DTF) based on multivariate autoregressive model (MVAR); surrogate data significance testing,
24734108,con_motor_hubs_control,Causal connectivity during motor task in healthy controls — hub structure,within-group effective connectivity during motor task,rest,not_applicable,other,graph_theory,,False,0,not_reported,multivariate Granger causal analysis (mGCA) using DTF based on MVAR; surrogate data significance testing,
24734108,con_rest_hubs_stroke,Causal connectivity during resting state in stroke patients — hub structure,within-group effective connectivity during resting state,baseline,not_applicable,other,graph_theory,,False,0,not_reported,mGCA using DTF based on MVAR,
24734108,con_rest_hubs_control,Causal connectivity during resting state in healthy controls — hub structure,within-group effective connectivity during resting state,baseline,not_applicable,other,graph_theory,,False,0,not_reported,mGCA using DTF based on MVAR,
24734108,con_postacu_increased_control,Changes in effective connectivity during postacupuncture resting state in controls — increased connectivity (Table 2),within-group pre vs post acupuncture comparison — increased effective connectivity,rest,baseline,verum_post_gt_pre,graph_theory,,False,0,increased,comparison of path weight between resting state and postacupuncture resting state using DTF/MVAR,
24734108,con_postacu_decreased_control,Changes in effective connectivity during postacupuncture resting state in controls — decreased connectivity (Table 2),within-group pre vs post acupuncture comparison — decreased effective connectivity,rest,baseline,deactivation,graph_theory,,False,0,decreased,comparison of path weight between resting state and postacupuncture resting state using DTF/MVAR,
24734108,con_postacu_increased_stroke,Changes in effective connectivity during postacupuncture resting state in patients — increased connectivity (Table 3),within-group pre vs post acupuncture comparison — increased effective connectivity,rest,baseline,verum_post_gt_pre,graph_theory,,False,0,increased,comparison of path weight between resting state and postacupuncture resting state using DTF/MVAR,
24734108,con_postacu_decreased_stroke,Changes in effective connectivity during postacupuncture resting state in patients — decreased connectivity (Table 3),within-group pre vs post acupuncture comparison — decreased effective connectivity,rest,baseline,deactivation,graph_theory,,False,0,decreased,comparison of path weight between resting state and postacupuncture resting state using DTF/MVAR,
24734108,con_postacu_hubs_stroke,Causal connectivity in postacupuncture state in stroke patients — hub structure,within-group effective connectivity postacupuncture resting state — hub analysis,rest,not_applicable,other,graph_theory,,False,0,not_reported,mGCA using DTF based on MVAR; 'in + out' degree hub analysis,
24734108,con_postacu_hubs_control,Causal connectivity in postacupuncture state in healthy controls — hub structure,within-group effective connectivity postacupuncture resting state — hub analysis,rest,not_applicable,other,graph_theory,,False,0,not_reported,mGCA using DTF based on MVAR; 'in + out' degree hub analysis,
24734108,25516481_C1,Moxibustion group: 50 ml distention After Treatment activation,activation,verum,not_applicable,verum_post_gt_pre,whole_brain_activation,,True,4,activation,activation,extraction_results.json
24734108,25516481_C2,Control group: 50 ml distention After Treatment activation,activation,sham,not_applicable,sham_post_gt_pre,whole_brain_activation,,True,5,activation,activation,extraction_results.json
24734108,25516481_C3,Moxibustion group: 100 ml distention Before Treatment activation,activation,baseline,not_applicable,other,whole_brain_activation,,True,8,activation,activation,extraction_results.json
24734108,25516481_C4,Moxibustion group: 100 ml distention After Treatment activation,activation,verum,not_applicable,verum_post_gt_pre,whole_brain_activation,,True,2,activation,activation,extraction_results.json
24734108,25516481_C5,Control group: 100 ml distention Before Treatment activation,activation,baseline,not_applicable,other,whole_brain_activation,,True,7,activation,activation,extraction_results.json
24734108,25516481_C6,Control group: 100 ml distention After Treatment activation,activation,sham,not_applicable,sham_post_gt_pre,whole_brain_activation,,True,4,activation,activation,extraction_results.json
33013312,con_real_post_vs_baseline_FC,FC alterations after real acupuncture treatment (post vs. baseline within real acupuncture group),"within-group pre-post comparison, paired t-test",verum,baseline,verum_post_gt_pre,roi_fc,,False,0,increased and decreased,paired t-tests on FC matrix,
33013312,con_sham_post_vs_baseline_FC,FC alterations after sham acupuncture treatment (post vs. baseline within sham acupuncture group),"within-group pre-post comparison, paired t-test",sham,baseline,sham_post_gt_pre,roi_fc,,False,0,increased and decreased,paired t-tests on FC matrix,
33013312,con_MANCOVA_group_x_time,Group differences in FC matrix alterations: 2×2 (group × time) MANCOVA between real and sham acupuncture,2 × 2 (group × time) multivariate analysis of covariance (MANCOVA) on the FC matrix,verum,sham,group_comparison,roi_fc,,False,0,differential alterations (increased in real/decreased in sham; decreased in real/increased in sham),MANCOVA (2 × 2 group × time),
33013312,con_MVPA_VAS_change,MVPA-based prediction of VAS change scores after treatment using baseline FC patterns,"multivariate pattern analysis, support vector regression (SVR), leave-one-out cross-validation",baseline,not_applicable,correlation_clinical,multivariate,,False,0,not_applicable,"MVPA based on linear support vector regression (SVR, implemented by LIBSVM); leave-one-out cross-validation (LOOCV); effects of age, treatment method and duration of disease regressed out",
33013312,con_MVPA_VAS_change_rate,MVPA-based prediction of VAS change rate after treatment using baseline FC patterns,"multivariate pattern analysis, support vector regression (SVR), leave-one-out cross-validation",baseline,not_applicable,correlation_clinical,multivariate,,False,0,not_applicable,"MVPA based on linear support vector regression (SVR, implemented by LIBSVM); leave-one-out cross-validation (LOOCV); effects of age, treatment method and duration of disease regressed out",
33013312,con_corr_FC_VAS_change,Traditional bivariate Pearson correlation between baseline FCs (from MANCOVA) and VAS changes after acupuncture treatment,Pearson correlation analysis,baseline,not_applicable,correlation_clinical,roi_fc,,False,0,not significant,Traditional Pearson correlation analyses,
42077350,contrast_cbffcs_prepost,Paired differences in CBF/FCS ratio before and after IA,Within-subject pre-post paired comparison (post IA minus pre IA),verum,baseline,verum_post_gt_pre,whole_brain_activation,,True,11,Increased CBF/FCS ratio after IA (warm colors); significantly increased CBF/FCS ratio reported,Voxel-wise paired comparison; general linear model constructed for zCBF/FCS ratio in SPM8 with age and sex as covariates,
42077350,contrast_cbffcs_hcvsmdd_groupcomp,Intergroup comparison of CBF/FCS ratio: HC vs. MDD (pre-IA),Between-group independent t-test,rest,baseline,group_comparison,whole_brain_activation,,False,0,"HC showed higher CBF/FCS in bilateral temporal pole, right postcentral and left precuneus; HC showed lower CBF/FCS in left postcentral, occipital, left sup frontal, extra-nuclear (L) and right Cerebellum",Whole-brain voxel-wise independent t-test controlling for age and sex; GRF correction (voxel level p < 0.001 and cluster level p < 0.05),
42077350,contrast_global_cbffcs_coupling_prepost,Subject-level CBF/FCS coupling change pre vs. post IA (whole gray matter),Within-subject pre-post comparison at subject level (spatial correlation across voxels),verum,baseline,verum_post_gt_pre,other,,False,0,Significantly increased after IA,Spatial correlation (r) between CBF and FCS across all gray matter voxels; subject-level CBF/FCS coupling coefficient compared pre vs. post IA,
42077350,contrast_global_cbf_prepost,Global CBF change pre vs. post IA,Within-subject pre-post paired comparison (global CBF),verum,baseline,verum_post_gt_pre,other,,False,0,No significant change,Paired t-test on global CBF values,
42077350,contrast_global_fcs_prepost,Global FCS change pre vs. post IA,Within-subject pre-post paired comparison (global FCS),verum,baseline,verum_post_gt_pre,other,,False,0,Significant decrease after IA,Paired t-test on global FCS values,
42077350,C1,Alterations of CBF/FCS coupling after intradermal acupuncture,other,verum,baseline,verum_post_gt_pre,whole_brain_activation,,True,11,increased CBF/FCS ratio after IA (warm colors); decreased CBF/FCS ratio after IA (cold colors),other,peak_only_extract
23935686,nr_hui_LI4_deactivation,fMRI signal decrease during acupuncture Deqi at LI4 vs pain/tactile control,deactivation during Deqi vs pain or superficial tactile control,verum,verum,deactivation,whole_brain_activation,,False,11,decrease (deactivation),BOLD fMRI signal change analysis,
23935686,nr_wu_ST36_LI4_deactivation,"fMRI deactivation during Deqi at analgesic acupoints (ST36, LI4)",deactivation during Deqi at analgesic acupoints,verum,not_applicable,deactivation,whole_brain_activation,,False,3,deactivation,BOLD fMRI,
23935686,nr_hui_ST36_pureDeqi_deactivation,Pure Deqi subjects at ST36 - concerted attenuation of signal intensity in limbic and paralimbic structures,deactivation during pure Deqi at ST36,verum,not_applicable,deactivation,whole_brain_activation,,False,1,attenuation (deactivation); generally 1%,BOLD fMRI,
23935686,nr_hui_ST36_sharpPain_activation,Subjects with sharp pain together with Deqi at ST36 - signal increase in cerebrocerebellar and limbic systems,activation during sharp pain with Deqi at ST36,verum,not_applicable,verum_gt_rest,whole_brain_activation,,False,1,increase (activation),BOLD fMRI,
23935686,nr_hui_pain_noDeqi_activation,Brain activation in subjects experiencing pain with nil Deqi or sharp pain with Deqi during acupuncture,activation during pain with nil Deqi or sharp pain with Deqi,verum,verum,other,whole_brain_activation,,False,5,activation dominated signal change,BOLD fMRI,
23935686,nr_superficial_tactile_activation,somatosensory cortex activation during superficial tactile stimulation control,activation during superficial tactile control,sham,not_applicable,sham_gt_rest,whole_brain_activation,1.0,False,1,activation,BOLD fMRI,
23935686,nr_hsieh_LI4_PET_activation,Activation of hypothalamus characterizing acupuncture Deqi at LI4 (PET study),activation at LI4 during Deqi (PET),verum,not_applicable,verum_gt_rest,whole_brain_activation,,False,1,activation,positron emission tomography (PET),
23935686,nr_chen_TE5_SPECT_activation,Deqi sensation at TE5 - increased glycometabolism in multiple brain areas (SPECT/PET),activation during Deqi at TE5,verum,not_applicable,verum_gt_rest,whole_brain_activation,,False,5,activation (increased glycometabolism),single-photon emission computed tomography (SPECT),
23935686,nr_yoo_PC6_activation,Acupuncture manipulation on PC6 inducing Deqi vs sham acupuncture and tactile stimulation - selective activation,activation during Deqi at PC6 vs sham/tactile,verum,sham,verum_gt_sham,whole_brain_activation,1.0,False,3,activation (selective),fMRI,
23935686,nr_classic_acup_deqi_activation,Classic acupuncture with Deqi - activation of brain areas common with acute and chronic pain,activation during Deqi at various acupoints (multiple studies),verum,not_applicable,verum_gt_rest,whole_brain_activation,,False,6,activation,fMRI (multiple studies cited),
23935686,nr_wu_deqi_descending_antinociception,Acupuncture with Deqi achieved - activation of descending antinociceptive pathway structures,activation during Deqi,verum,not_applicable,verum_gt_rest,whole_brain_activation,,False,2,activation,fMRI,
23935686,nr_LI11_deqi_activation,"Deqi at Yuchi (LI11) - activation of SI, SII and thalamus",activation during Deqi at LI11,verum,not_applicable,verum_gt_rest,whole_brain_activation,,False,3,activation,fMRI,
23935686,nr_GB34_sensorimotor_activation,Deqi at GB34 - activation of sensorimotor cortices,activation during Deqi at GB34 for motor function,verum,not_applicable,verum_gt_rest,whole_brain_activation,,False,1,activation,fMRI (3T),
23935686,nr_LI4_LI11_somatosensory_stroke_activation,Acupuncture at LI4 with LI11 - somatosensory cortex activation in stable somatosensory stroke patients,activation during acupuncture in stroke patients,verum,not_applicable,verum_gt_rest,whole_brain_activation,,False,1,activation,fMRI,
23935686,nr_zhang_ST36SP6_activation,ST36/SP6 stimulation - activation of orbital frontal cortex and dorsal thalamus,activation during ST36/SP6 stimulation,verum,not_applicable,verum_gt_rest,whole_brain_activation,,False,2,activation,fMRI,
23935686,nr_zhang_ST36SP6_deactivation,ST36/SP6 stimulation - deactivation of hippocampus,deactivation during ST36/SP6 stimulation,verum,not_applicable,deactivation,whole_brain_activation,,False,1,deactivation,fMRI,
23935686,nr_zhang_GB34BL57_activation,GB34/BL57 stimulation - activation of dorsal thalamus; inhibition of primary motor area and premotor cortex,activation/inhibition during GB34/BL57 stimulation,verum,not_applicable,verum_gt_rest,whole_brain_activation,,False,3,activation and inhibition,fMRI,
23935686,nr_gareus_GB37_visual_inactivated,Deqi at GB37 - inactivated BOLD response to visual cortex; activation clusters elsewhere,mixed activation/deactivation during Deqi at GB37,verum,not_applicable,verum_gt_rest,whole_brain_activation,,False,9,inactivated response to visual cortex; activated clusters elsewhere,fMRI,
23935686,nr_ea_limbic_increase,EA with 2 Hz or 100 Hz with Deqi - increased fMRI signal of limbic system similar to manual acupuncture,activation during EA at 2 Hz or 100 Hz vs manual acupuncture,verum,verum,other,whole_brain_activation,,False,4,increase,BOLD fMRI,
23935686,nr_long_duration_deqi_deactivation,Long duration (180 sec) manual acupuncture Deqi - enhanced deactivation mode and expanded extent vs short-term stimulation,deactivation enhancement with longer Deqi duration,verum,verum,deactivation,whole_brain_activation,,False,0,enhanced deactivation with longer duration,fMRI,
23935686,nr_deep_superficial_deqi_similar,Acupuncture Deqi induced cerebral response with marked similarities of BOLD regardless of deep or superficial needling method,deep vs superficial needling Deqi comparison,verum,verum,other,whole_brain_activation,,False,0,similar activation and deactivation for both deep and superficial needling,fMRI,
23935686,nr_hypothalamus_addicts_CTS,Activation of hypothalamus characterizing response to acupuncture stimulation in heroin addicts and carpal tunnel syndrome,activation during Deqi in patient populations vs healthy subjects,verum,not_applicable,group_comparison,whole_brain_activation,,False,1,activation; stronger psychophysical feeling in patients vs healthy subjects,fMRI / neuroimaging,
23935686,nr_fang_LV3_LV2_ST44_deactivation,"Similar salient deactivation response pattern for Deqi produced by Taichong (LV3), Xingjian (LV2), and Neiting (ST44)",deactivation during Deqi at LV3/LV2/ST44,verum,not_applicable,deactivation,whole_brain_activation,,False,1,deactivation (similar to Hui's points),BOLD fMRI,
23935686,nr_vpfc_deactivation_anticipatory,Attention and anticipatory anxiety modulated brain response - deactivation of ventromedial prefrontal cortex with Deqi,deactivation during Deqi (attention/anticipatory component),verum,not_applicable,deactivation,whole_brain_activation,,False,1,deactivation,BOLD fMRI,
32194493,contrast_svm_classification,Classification of responders vs. non-responders based on pre-treatment GM volume using linear SVM,machine learning classification: responders vs. non-responders,baseline,not_applicable,other,multivariate,,False,0,responders vs. non-responders,linear support vector machine (SVM) with 10-fold cross-validation; feature selection via two-sample t-test and 10-fold cross-validation-based LASSO,
32194493,contrast_10gm_regions_baseline,Baseline GM volume differences between responders and non-responders in 10 predictive regions,between-group comparison: responders vs. non-responders at baseline,baseline,not_applicable,other,other,,False,10,all predictive regions showed significant difference in baseline GM volume between responders and non-responders,two-sample t-test with Bonferroni correction,
32194493,contrast_corr_cuneus,Correlation between delta migraine days and baseline GM volume of left cuneus,Pearson correlation: clinical change vs. baseline GM volume,baseline,not_applicable,correlation_clinical,correlation_brain_behavior,,False,1,negative correlation (r = −0.455): lower baseline GM volume in left cuneus associated with greater reduction in migraine days,Pearson correlation,
32194493,contrast_corr_frontal,Correlation between delta migraine days and baseline GM volume of right middle frontal/inferior frontal gyrus,Pearson correlation: clinical change vs. baseline GM volume,baseline,not_applicable,correlation_clinical,correlation_brain_behavior,,False,1,negative correlation (r = −0.460): lower baseline GM volume associated with greater reduction in migraine days,Pearson correlation,
32194493,contrast_corr_parietal_L,Correlation between delta migraine days and baseline GM volume of left inferior parietal gyrus,Pearson correlation: clinical change vs. baseline GM volume,baseline,not_applicable,correlation_clinical,correlation_brain_behavior,,False,1,positive correlation (r = 0.433): higher baseline GM volume associated with greater reduction in migraine days,Pearson correlation,
32194493,contrast_corr_parietal_R,Correlation between delta migraine days and baseline GM volume of superior/inferior parietal gyrus,Pearson correlation: clinical change vs. baseline GM volume,baseline,not_applicable,correlation_clinical,correlation_brain_behavior,,False,1,positive correlation (r = 0.549): higher baseline GM volume associated with greater reduction in migraine days,Pearson correlation,
32194493,contrast_longitudinal_cuneus,Longitudinal change in GM volume of left cuneus: group × time interaction in responders vs. non-responders,repeated-measures ANOVA: group × time interaction,baseline,baseline,verum_post_gt_pre,other,,False,1,responders showed increase in GM volume after 4-weeks acupuncture treatment; non-responders did not,repeated-measures analysis of variance; post-hoc analysis with Bonferroni correction,
32194493,23843881_C1,Local EA > Rest (activation),activation,verum,rest,verum_gt_rest,whole_brain_activation,,True,9,activation,activation,extraction_results.json
32194493,23843881_C2,Local EA > Rest (deactivation),activation,verum,rest,deactivation,whole_brain_activation,,True,2,deactivation,activation,extraction_results.json
32194493,23843881_C3,Local EA > Rest (flipped analysis - activation),activation,verum,rest,verum_gt_rest,whole_brain_activation,,True,1,activation,activation,extraction_results.json
32194493,23843881_C4,Local EA > Rest (flipped analysis - deactivation),activation,verum,rest,deactivation,whole_brain_activation,,True,1,deactivation,activation,extraction_results.json
32194493,23843881_C5,"Distal EA > Rest (activation, nonflipped)",activation,verum,rest,verum_gt_rest,whole_brain_activation,,True,11,activation,activation,extraction_results.json
32194493,23843881_C6,Distal EA > Rest (flipped analysis - activation),activation,verum,rest,verum_gt_rest,whole_brain_activation,,True,1,activation,activation,extraction_results.json
32194493,23843881_C7,"Verum EA > Rest (activation, nonflipped)",activation,verum,rest,verum_gt_rest,whole_brain_activation,,True,18,activation,activation,extraction_results.json
32194493,23843881_C8,"Verum EA > Rest (deactivation, nonflipped)",activation,verum,rest,deactivation,whole_brain_activation,,True,6,deactivation,activation,extraction_results.json
32194493,23843881_C9,Verum EA > Rest (flipped analysis - activation),activation,verum,rest,verum_gt_rest,whole_brain_activation,,True,3,activation,activation,extraction_results.json
32194493,23843881_C10,Verum EA > Rest (flipped analysis - deactivation),activation,verum,rest,deactivation,whole_brain_activation,,True,1,deactivation,activation,extraction_results.json
32194493,23843881_C11,"Local EA > Sham EA (activation, nonflipped)",activation,verum,sham,verum_gt_sham,whole_brain_activation,,True,7,activation,activation,extraction_results.json
32194493,23843881_C12,"Local EA > Sham EA (deactivation, nonflipped)",activation,verum,sham,deactivation,whole_brain_activation,,True,1,deactivation,activation,extraction_results.json
32194493,23843881_C13,Local EA > Sham EA (flipped analysis - deactivation),activation,verum,sham,deactivation,whole_brain_activation,,True,1,deactivation,activation,extraction_results.json
32194493,23843881_C14,"Distal EA > Sham EA (activation, nonflipped)",activation,verum,sham,verum_gt_sham,whole_brain_activation,,True,4,activation,activation,extraction_results.json
32194493,23843881_C15,"Distal EA > Sham EA (deactivation, nonflipped)",activation,verum,sham,deactivation,whole_brain_activation,,True,1,deactivation,activation,extraction_results.json
32194493,23843881_C16,"Verum EA > Sham EA (activation, nonflipped)",activation,verum,sham,verum_gt_sham,whole_brain_activation,,True,7,activation,activation,extraction_results.json
32194493,23843881_C17,"Verum EA > Sham EA (deactivation, nonflipped)",activation,verum,sham,deactivation,whole_brain_activation,,True,2,deactivation,activation,extraction_results.json
32194493,23843881_C18,Verum EA > Sham EA (flipped analysis - deactivation),activation,verum,sham,deactivation,whole_brain_activation,,True,1,deactivation,activation,extraction_results.json
32194493,23843881_C19,Brain response correlated with pain reduction - Distal EA,activation,verum,not_applicable,correlation_clinical,correlation_brain_behavior,,True,1,activation,activation,extraction_results.json
32194493,23843881_C20,Brain response correlated with pain reduction - Verum EA (nonflipped),activation,verum,not_applicable,correlation_clinical,correlation_brain_behavior,,True,3,activation,activation,extraction_results.json
32194493,23843881_C21,Brain response correlated with pain reduction - Verum EA (flipped),activation,verum,not_applicable,correlation_clinical,correlation_brain_behavior,,True,1,activation,activation,extraction_results.json
32377180,contrast_between_groups_dc,Contra-group minus ipsi-group (post minus pre DC maps),between-group comparison of DC change (post minus pretreatment),verum,verum,group_comparison,graph_theory,,True,1,Contra-group > ipsi-group (increased DC in contra-group relative to ipsi-group),Independent t-test (DPABI software package) with whole brain mask,
32377180,contrast_contra_within_increase,Contra-group: post > pre (increased DC),"within-group pre vs post comparison, increased DC",verum,baseline,verum_post_gt_pre,graph_theory,,True,1,Post > pre (increased DC after treatment),Paired t-test,
32377180,contrast_contra_within_decrease,Contra-group: post < pre (decreased DC),"within-group pre vs post comparison, decreased DC",verum,baseline,deactivation,graph_theory,,True,1,Post < pre (decreased DC after treatment),Paired t-test,
32377180,contrast_ipsi_within_decrease_cerebellum,"Ipsi-group: post < pre (decreased DC), cerebellum","within-group pre vs post comparison, decreased DC",verum,baseline,deactivation,graph_theory,,True,1,Post < pre (decreased DC after treatment),Paired t-test,
32377180,contrast_ipsi_within_decrease_thalamus,"Ipsi-group: post < pre (decreased DC), thalamus","within-group pre vs post comparison, decreased DC",verum,baseline,deactivation,graph_theory,,True,1,Post < pre (decreased DC after treatment),Paired t-test,
32377180,contrast_corr_dc_cms_contra,Pearson's correlation: DC in anterior/paracingulate cortex vs CMS change (contra-group),brain-behavior correlation,verum,not_applicable,correlation_clinical,correlation_brain_behavior,,False,0,Positive correlation,Pearson's correlation analysis,
32377180,contrast_corr_dc_cms_ipsi,Pearson's correlation: DC in anterior/paracingulate cortex vs CMS change (ipsi-group),brain-behavior correlation,verum,not_applicable,correlation_clinical,correlation_brain_behavior,,False,0,not significant,Pearson's correlation analysis,
32377180,contrast_corr_dc_cerebthal_ipsi,Pearson's correlation: DC in bilateral cerebellum or right thalamus vs CMS/VAS change (ipsi-group),brain-behavior correlation,verum,not_applicable,correlation_clinical,correlation_brain_behavior,,False,0,not significant,Pearson's correlation analysis,
32377180,contrast_between_groups_dc_multithresh,Group differences in DC between contra-group and ipsi-group at multiple thresholds (binary version),between-group comparison of DC change across multiple correlation thresholds,verum,verum,group_comparison,graph_theory,,False,0,"Contra-group > ipsi-group (increased DC in contra-group) at r0 = 0.15, 0.2, 0.25, 0.3, and 0.35; functional hubs mainly localized in the anterior/paracingulate cortex and medial frontal gyrus",Independent t-test at multiple thresholds,
32377180,contrast_between_groups_dc_weighted,"Group differences in DC between contra-group and ipsi-group (weighted version, multiple thresholds)","between-group comparison of DC change (weighted DC), robustness check",verum,verum,group_comparison,graph_theory,,False,0,Contra-group showed remarkably similar altered DC brain areas (marked in red) according to different correlation thresholds when compared to the ipsi-group,"Independent t-test, weighted version of DC",
32377180,32382278_C1,Differences between the two groups after treatment: Contra-group minus ipsi-group,degree_centrality,verum,verum,group_comparison,graph_theory,,True,1,Contra > ipsi-group,degree_centrality,peak_only_extract
32377180,32382278_C2,"Differences between before and after treatment: Contra-group, Post > Pre",degree_centrality,verum,baseline,verum_post_gt_pre,graph_theory,,True,1,Post > Pre,degree_centrality,peak_only_extract
32377180,32382278_C3,"Differences between before and after treatment: Contra-group, Post < Pre",degree_centrality,verum,baseline,deactivation,graph_theory,,True,1,Post < Pre,degree_centrality,peak_only_extract
32377180,32382278_C4,"Differences between before and after treatment: Ipsi-group, Cerebellum Post < Pre",degree_centrality,verum,baseline,deactivation,graph_theory,,True,1,Post < Pre,degree_centrality,peak_only_extract
32377180,32382278_C5,"Differences between before and after treatment: Ipsi-group, Thalamus Post < Pre",degree_centrality,verum,baseline,deactivation,graph_theory,,True,1,Post < Pre,degree_centrality,peak_only_extract
32377180,32382299_C2,Differences between before and after treatment: Contra-group post > pre,degree_centrality,verum,baseline,verum_post_gt_pre,graph_theory,,True,1,Post > Pre,degree_centrality,peak_only_extract
32377180,32382299_C3,Differences between before and after treatment: Contra-group post < pre,degree_centrality,verum,baseline,deactivation,graph_theory,,True,1,Post < Pre,degree_centrality,peak_only_extract
32377180,32382299_C4,Differences between before and after treatment: Ipsi-group post < pre (cerebellum),degree_centrality,verum,baseline,deactivation,graph_theory,,True,1,Post < Pre,degree_centrality,peak_only_extract
32377180,32382299_C5,Differences between before and after treatment: Ipsi-group post < pre (thalamus),degree_centrality,verum,baseline,deactivation,graph_theory,,True,1,Post < Pre,degree_centrality,peak_only_extract
20423216,contrast_acup1_onesample,First acupuncture stimulation (one-sample t-test),One-sample t-test: first acupuncture stimulation vs. implicit baseline,verum,not_applicable,verum_gt_rest,whole_brain_activation,,True,9,positive signal change (activation),One-sample t-test,
20423216,contrast_acup2_onesample,Second acupuncture stimulation (one-sample t-test),One-sample t-test: second acupuncture stimulation vs. implicit baseline,verum,not_applicable,verum_gt_rest,whole_brain_activation,,True,3,positive signal change (activation),One-sample t-test,
20423216,contrast_sham_onesample,Sham stimulation (one-sample t-test),One-sample t-test: sham stimulation vs. implicit baseline,sham,not_applicable,sham_gt_rest,whole_brain_activation,1.0,False,0,positive signal change (activation),One-sample t-test,
20423216,contrast_acup1_gt_acup2,1st > 2nd Acupuncture stimulation (paired-sample t-test),Paired-sample t-test: first acupuncture stimulation > second acupuncture stimulation,verum,verum,other,whole_brain_activation,,True,9,1st > 2nd (areas more activated during first than second stimulation),Paired-sample t-test,
20423216,contrast_acup1_lt_acup2,1st < 2nd Acupuncture stimulation (paired-sample t-test),Paired-sample t-test: second acupuncture stimulation > first acupuncture stimulation,verum,verum,other,whole_brain_activation,,False,0,1st < 2nd (areas more activated during second than first stimulation),Paired-sample t-test,
35048524,con1_cnsp_pre_vs_hc_decreased,decreased PAG-based functional connectivity in patients with CNSP at pre-acupuncture compared to HCs,between-group comparison (patients pre-acupuncture < HCs),baseline,baseline,group_comparison,seed_based_fc,,True,8,decreased,Group level two-sample unpaired t-test; non-parametric permutation testing with TFCE,
35048524,con2_cnsp_pre_vs_hc_increased,increased PAG-based functional connectivity in patients with CNSP at pre-acupuncture compared to HCs,between-group comparison (patients pre-acupuncture > HCs),baseline,baseline,group_comparison,seed_based_fc,,False,0,increased,Group level two-sample unpaired t-test; non-parametric permutation testing with TFCE,
35048524,con3_cnsp_post_vs_pre_increased,increased PAG-based functional connectivity at post-acupuncture compared to pre-acupuncture in patients with CNSP,within-group comparison (post-acupuncture > pre-acupuncture),verum,baseline,verum_post_gt_pre,seed_based_fc,,True,1,increased,two-sample paired t-test; non-parametric permutation testing with TFCE,
35048524,con4_pag_pins_strength_pre_vs_post,PAG-pIns functional connectivity strength: pre-acupuncture vs post-acupuncture in patients with CNSP,within-group pairwise t-test on FC strength,verum,baseline,verum_post_gt_pre,roi_fc,,False,0,increased (post > pre),two-sample paired t-test,
35048524,con5_pag_pins_strength_pre_vs_hc,PAG-pIns functional connectivity strength: patients with CNSP at pre-acupuncture vs HCs,between-group pairwise t-test on FC strength,baseline,baseline,group_comparison,roi_fc,,False,0,decreased (patients pre < HCs),two-sample unpaired t-test,
35048524,con6_pag_pins_strength_post_vs_hc,PAG-pIns functional connectivity strength: patients with CNSP at post-acupuncture vs HCs,between-group pairwise t-test on FC strength,verum,baseline,group_comparison,roi_fc,,False,0,no significant difference,two-sample unpaired t-test,
35048524,con7_correlation_pag_pins_pcs,correlation between percent change of PAG-pIns functional connectivity strength and percent change of trait pain catastrophizing (PCS) after acupuncture treatment,correlation analysis,verum,baseline,correlation_clinical,correlation_brain_behavior,,False,0,positive correlation (increased PAG-pIns FC correlated with decreased PCS score),Spearman correlation analysis with age controlled as covariate,
35048524,con8_left_pag_control,left PAG (control seed region)-based functional connectivity between groups,between-group comparison using control seed,baseline,baseline,group_comparison,seed_based_fc,,False,0,no significant difference observed,not_reported (described as control analysis),
35048524,25206815_C1,Verum SJ5 > Rest (activation),activation,verum,rest,verum_gt_rest,whole_brain_activation,,True,8,activation,activation,extraction_results.json
35048524,25206815_C2,Verum SJ5 > Rest (deactivation),activation,verum,rest,deactivation,whole_brain_activation,,True,10,deactivation,activation,extraction_results.json
35048524,25206815_C3,Sham > Rest (activation),activation,sham,rest,sham_gt_rest,whole_brain_activation,1.0,True,1,activation,activation,extraction_results.json
35048524,25206815_C4,Sham > Rest (deactivation),activation,sham,rest,deactivation,whole_brain_activation,,True,1,deactivation,activation,extraction_results.json
35048524,25206815_C5,Sham > Verum SJ5 (deactivation: regions more deactivated in verum than sham),activation,sham,verum,deactivation,whole_brain_activation,,True,1,deactivation,activation,extraction_results.json
30881095,con_ALFF_rest2_vs_rest1,ALFF during ankle acupuncture (rest2) contrast to those after tactile stimulation (rest1),paired t-test (rest2 > rest1 and rest2 < rest1),verum,sham,verum_gt_sham,whole_brain_activation,,True,4,both increased and decreased,Paired t-test on ALFF values,
30881095,con_fALFF_rest2_vs_rest1,fALFF during ankle acupuncture (rest2) contrast to those after tactile stimulation (rest1),paired t-test (rest2 < rest1),verum,sham,verum_gt_sham,whole_brain_activation,,True,1,decreased (rest2 < rest1),Paired t-test on fALFF values,
30881095,con_ALFF_corr_VAS1,"Correlation between ALFF in left insular (spherical area MNI -57, 12, 6; radius 6 mm) during rest1 and VAS1 score",Pearson correlation,sham,not_applicable,correlation_clinical,correlation_brain_behavior,,False,0,positive correlation,Pearson correlation coefficient,
30881095,con_ALFF_corr_VAS2,"Correlation between ALFF in left insular (spherical area MNI -57, 12, 6; radius 6 mm) during rest2 and VAS2 score",Pearson correlation,verum,not_applicable,correlation_clinical,correlation_brain_behavior,,False,0,positive correlation,Pearson correlation coefficient,
30881095,con_ALFF_change_corr_VAS_change,Correlation between ALFF change in the left insular and VAS change,Pearson correlation,verum,sham,correlation_clinical,correlation_brain_behavior,,False,0,positive correlation,Pearson correlation coefficient,
30881095,30774427_C1,The areas of statistically different ALFF values during ankle acupuncture contrast to those after tactile stimulation,ALFF,verum,sham,verum_gt_sham,whole_brain_activation,,True,4,mixed (decreased and increased),ALFF,peak_only_extract
30881095,30774427_C2,The areas of statistically different fALFF values during ankle acupuncture contrast to those after tactile stimulation,fALFF,verum,sham,verum_gt_sham,whole_brain_activation,,True,1,decreased,fALFF,peak_only_extract
23691237,contrast_fMRI_DMN_ICA,Spatial DMN components of group results extracted from fMRI data,group ICA one-sample t-test for DMN component identification,rest,not_applicable,other,network_ica,,True,16,positive (DMN activation),Spatial independent component analysis (ICA) using GIFT toolbox; Infomax algorithm; random effect analysis one-sample t-test; 33 components estimated by MDL criteria,
23691237,contrast_hub_REST_delta,DMN hub configurations during resting state within delta band,hub identification based on partial correlation within frequency band,baseline,not_applicable,other,graph_theory,,False,0,not_applicable,partial correlation analysis within delta band (0.5–4 Hz); hub defined as degree at least one standard deviation greater than average network degree,
23691237,contrast_hub_NAP_delta,DMN hub configurations following sham acupuncture (NAP) within delta band,hub identification based on partial correlation within frequency band,sham,not_applicable,other,graph_theory,,False,0,not_applicable,partial correlation analysis within delta band (0.5–4 Hz); hub defined as degree at least one standard deviation greater than average network degree,
23691237,contrast_hub_ST36_delta,DMN hub configurations following verum acupuncture (ST36) within delta band,hub identification based on partial correlation within frequency band,verum,not_applicable,other,graph_theory,,False,0,not_applicable,partial correlation analysis within delta band (0.5–4 Hz); hub defined as degree at least one standard deviation greater than average network degree,
23691237,contrast_fc_delta_NAP_vs_REST,Functional connectivity alterations induced by sham acupuncture (NAP) within delta band,paired t-test and emergence/suspension of connectivity; NAP post vs REST,sham,baseline,sham_post_gt_pre,graph_theory,,False,0,mixed (increases and decreases),partial correlation; paired t-test; emergence/suspension of functional connectivity,
23691237,contrast_fc_delta_ST36_vs_REST,Functional connectivity alterations induced by verum acupuncture (ST36) within delta band,paired t-test and emergence/suspension of connectivity; ST36 post vs REST,verum,baseline,verum_post_gt_pre,graph_theory,,False,0,mixed,partial correlation; paired t-test; emergence/suspension,
23691237,contrast_hub_REST_theta,DMN hub configurations during resting state within theta band,hub identification based on partial correlation within theta band,baseline,not_applicable,other,graph_theory,,False,0,not_applicable,partial correlation analysis within theta band (4–8 Hz); hub defined as degree at least one standard deviation greater than average network degree,
23691237,contrast_hub_NAP_theta,DMN hub configurations following sham acupuncture (NAP) within theta band,hub identification based on partial correlation within theta band,sham,not_applicable,other,graph_theory,,False,0,not_applicable,partial correlation analysis within theta band (4–8 Hz); hub defined as degree at least one standard deviation greater than average,
23691237,contrast_hub_ST36_theta,DMN hub configurations following verum acupuncture (ST36) within theta band,hub identification based on partial correlation within theta band,verum,not_applicable,other,graph_theory,,False,0,not_applicable,partial correlation analysis within theta band (4–8 Hz); hub defined as degree at least one standard deviation greater than average,
23691237,contrast_fc_theta_ST36_vs_REST,Functional connectivity alterations induced by verum acupuncture (ST36) within theta band,paired t-test and emergence/suspension of connectivity; ST36 post vs REST,verum,baseline,verum_post_gt_pre,graph_theory,,False,0,mixed,partial correlation; paired t-test; emergence/suspension,
23691237,contrast_fc_theta_NAP_vs_REST,Functional connectivity alterations induced by sham acupuncture (NAP) within theta band,paired t-test and emergence/suspension of connectivity; NAP post vs REST,sham,baseline,sham_post_gt_pre,graph_theory,,False,0,mixed,partial correlation; paired t-test; emergence/suspension,
23691237,contrast_hub_REST_alpha,DMN hub configurations during resting state within alpha band,hub identification based on partial correlation within alpha band,baseline,not_applicable,other,graph_theory,,False,0,not_applicable,partial correlation analysis within alpha band (8–13 Hz); hub defined as degree at least one standard deviation greater than average,
23691237,contrast_hub_NAP_alpha,DMN hub configurations following sham acupuncture (NAP) within alpha band,hub identification based on partial correlation within alpha band,sham,not_applicable,other,graph_theory,,False,0,not_applicable,partial correlation analysis within alpha band (8–13 Hz); hub defined as degree at least one standard deviation greater than average,
23691237,contrast_hub_ST36_alpha,DMN hub configurations following verum acupuncture (ST36) within alpha band,hub identification based on partial correlation within alpha band,verum,not_applicable,other,graph_theory,,False,0,not_applicable,partial correlation analysis within alpha band (8–13 Hz); hub defined as degree at least one standard deviation greater than average,
23691237,contrast_fc_alpha_NAP_vs_REST,Functional connectivity alterations induced by sham acupuncture (NAP) within alpha band,paired t-test and emergence/suspension; NAP post vs REST,sham,baseline,sham_post_gt_pre,graph_theory,,False,0,mixed,partial correlation; paired t-test; emergence/suspension,
23691237,contrast_fc_alpha_ST36_vs_REST,Functional connectivity alterations induced by verum acupuncture (ST36) within alpha band,paired t-test and emergence/suspension; ST36 post vs REST,verum,baseline,verum_post_gt_pre,graph_theory,,False,0,mixed,partial correlation; paired t-test; emergence/suspension,
23691237,contrast_hub_REST_beta,DMN hub configurations during resting state within beta band,hub identification based on partial correlation within beta band,baseline,not_applicable,other,graph_theory,,False,0,not_applicable,partial correlation analysis within beta band (13–30 Hz); hub defined as degree at least one standard deviation greater than average,
23691237,contrast_hub_NAP_beta,DMN hub configurations following sham acupuncture (NAP) within beta band,hub identification based on partial correlation within beta band,sham,not_applicable,other,graph_theory,,False,0,not_applicable,partial correlation analysis within beta band (13–30 Hz); hub defined as degree at least one standard deviation greater than average,
23691237,contrast_hub_ST36_beta,DMN hub configurations following verum acupuncture (ST36) within beta band,hub identification based on partial correlation within beta band; PCC no longer hub vs NAP,verum,not_applicable,other,graph_theory,,False,0,not_applicable,partial correlation analysis within beta band (13–30 Hz); hub defined as degree at least one standard deviation greater than average,
23691237,contrast_fc_beta_NAP_vs_REST,Functional connectivity alterations induced by sham acupuncture (NAP) within beta band,paired t-test and emergence/suspension; NAP post vs REST,sham,baseline,sham_post_gt_pre,graph_theory,,False,0,mixed,partial correlation; paired t-test; emergence/suspension,
23691237,contrast_fc_beta_ST36_vs_REST,Functional connectivity alterations induced by verum acupuncture (ST36) within beta band,paired t-test and emergence/suspension; ST36 post vs REST,verum,baseline,verum_post_gt_pre,graph_theory,,False,0,mixed,partial correlation; paired t-test; emergence/suspension,
23691237,contrast_hub_REST_gamma,DMN hub configurations during resting state within gamma band,hub identification based on partial correlation within gamma band,baseline,not_applicable,other,graph_theory,,False,0,not_applicable,partial correlation analysis within gamma band (30–48 Hz); hub defined as degree at least one standard deviation greater than average,
23691237,contrast_hub_NAP_gamma,DMN hub configurations following sham acupuncture (NAP) within gamma band,hub identification based on partial correlation within gamma band,sham,not_applicable,other,graph_theory,,False,0,not_applicable,partial correlation analysis within gamma band (30–48 Hz); hub defined as degree at least one standard deviation greater than average,
23691237,contrast_hub_ST36_gamma,DMN hub configurations following verum acupuncture (ST36) within gamma band,hub identification based on partial correlation within gamma band,verum,not_applicable,other,graph_theory,,False,0,not_applicable,partial correlation analysis within gamma band (30–48 Hz); hub defined as degree at least one standard deviation greater than average,
23691237,contrast_fc_gamma_NAP_vs_REST,Functional connectivity alterations induced by sham acupuncture (NAP) within gamma band,paired t-test and emergence/suspension; NAP post vs REST,sham,baseline,sham_post_gt_pre,graph_theory,,False,0,mixed,partial correlation; paired t-test; emergence/suspension,
23691237,contrast_fc_gamma_ST36_vs_REST,Functional connectivity alterations induced by verum acupuncture (ST36) within gamma band,paired t-test and emergence/suspension; ST36 post vs REST,verum,baseline,verum_post_gt_pre,graph_theory,,False,0,increase,partial correlation; paired t-test; emergence/suspension,
23691237,23691206_C1,Talairach coordinates of the regional sources used to model the MEG data,other,rest,not_applicable,other,other,,True,16,"positive (Z>0, FDR corrected)",other,peak_only_extract
23691237,23691206_C1,"Talairach coordinates of the regional sources used to model the MEG data (P<0.05, FDR corrected)",other,rest,not_applicable,other,other,,True,16,positive,other,peak_only_extract
25452777,con_healthy_AM_vs_rest,"acupuncture-rest in AM condition, healthy subjects",acupuncture > rest,verum,rest,verum_gt_rest,whole_brain_activation,,False,0,activation (acupuncture > rest),"one-sample t-test with random effects, whole brain",
25452777,con_healthy_PM_vs_rest,"acupuncture-rest in PM condition, healthy subjects",acupuncture > rest,verum,rest,verum_gt_rest,whole_brain_activation,,False,0,activation (acupuncture > rest),"one-sample t-test with random effects, whole brain",
25452777,con_stroke_AM_vs_rest,"acupuncture-rest in AM condition, stroke subjects",acupuncture > rest,verum,rest,verum_gt_rest,whole_brain_activation,,False,0,activation (acupuncture > rest),"one-sample t-test with random effects, whole brain",
25452777,con_stroke_PM_vs_rest,"acupuncture-rest in PM condition, stroke subjects",acupuncture > rest,verum,rest,verum_gt_rest,whole_brain_activation,,False,0,activation (acupuncture > rest),"one-sample t-test with random effects, whole brain",
25452777,con_healthy_AM_gt_PM,"(acupunctureAM-restAM) - (acupuncturePM-restPM), healthy group, AM>PM",AM > PM (timing effect),verum,verum,other,whole_brain_activation,,True,6,AM > PM,one-sample t-test with random effects; longitudinal contrast (acupunctureAM-restAM) - (acupuncturePM-restPM),
25452777,con_healthy_PM_gt_AM,"(acupuncturePM-restPM) - (acupunctureAM-restAM), healthy group, PM>AM",PM > AM (timing effect),verum,verum,other,whole_brain_activation,,False,0,PM > AM,one-sample t-test with random effects; longitudinal contrast (acupuncturePM-restPM) - (acupunctureAM-restAM),
25452777,con_stroke_AM_gt_PM,"(acupunctureAM-restAM) - (acupuncturePM-restPM), stroke group, AM>PM",AM > PM (timing effect),verum,verum,other,whole_brain_activation,,True,3,AM > PM,one-sample t-test with random effects; longitudinal contrast (acupunctureAM-restAM) - (acupuncturePM-restPM),
25452777,con_stroke_PM_gt_AM,"(acupuncturePM-restPM) - (acupunctureAM-restAM), stroke group, PM>AM",PM > AM (timing effect),verum,verum,other,whole_brain_activation,,False,0,PM > AM,one-sample t-test with random effects; longitudinal contrast (acupuncturePM-restPM) - (acupunctureAM-restAM),
25452777,25452778_C1,Table II - Healthy group (n=10): AM>PM during acupuncture at left ST36,activation,verum,verum,other,whole_brain_activation,,True,6,AM > PM,activation,peak_only_extract
25452777,25452778_C3,Table II - Stroke group (n=10): AM>PM during acupuncture at left ST36,activation,verum,verum,other,whole_brain_activation,,True,3,AM > PM,activation,peak_only_extract
25452777,25452773_C1,Healthy group AM>PM during acupuncture at left ST36,activation,verum,verum,other,whole_brain_activation,,True,6,AM > PM,activation,peak_only_extract
25452777,25452773_C3,Stroke group AM>PM during acupuncture at left ST36,activation,verum,verum,other,whole_brain_activation,,True,3,AM > PM,activation,peak_only_extract
41069516,contrast_01,Significant differences in fALFF between before acupuncture treatment BP patients and HC,two-sample independent t-test: BP pre-treatment vs HC,baseline,rest,group_comparison,whole_brain_activation,,True,4,both increased and decreased; separate rows,two-sample independent t-test,
41069516,contrast_02,Significant differences in ReHo between before acupuncture treatment BP patients and HC,two-sample independent t-test: BP pre-treatment vs HC,baseline,rest,group_comparison,whole_brain_activation,,True,3,increased ReHo in BP pre-treatment vs HC,two-sample independent t-test,
41069516,contrast_03,Significant differences in fALFF between after acupuncture treatment BP patients and HC,two-sample independent t-test: BP post-treatment vs HC,verum,rest,group_comparison,whole_brain_activation,,True,6,both increased and decreased; separate rows,two-sample independent t-test,
41069516,contrast_04,Significant differences in ReHo between after acupuncture treatment BP patients and HC,two-sample independent t-test: BP post-treatment vs HC,verum,rest,group_comparison,whole_brain_activation,,True,6,both increased and decreased; separate rows,two-sample independent t-test,
41069516,contrast_05,Significant differences in fALFF between after and before acupuncture treatment BP patients,paired t-test: BP post-treatment vs BP pre-treatment,verum,baseline,verum_post_gt_pre,whole_brain_activation,,True,2,both increased and decreased; separate rows,paired t-test,
41069516,contrast_06,Significant differences in ReHo between after and before acupuncture treatment BP patients,paired t-test: BP post-treatment vs BP pre-treatment,verum,baseline,verum_post_gt_pre,whole_brain_activation,,True,5,both increased and decreased; separate rows,paired t-test,
36922926,nc_01_acu_gt_con_alff,Acu>Con: difference in ALFF change (post minus pre) between groups,Between-group difference in pre-to-post ALFF change (mixed effect analysis),verum,sham,verum_gt_sham,whole_brain_activation,,True,9,Acu > Con (increased ALFF in acupuncture group relative to control group),"Mixed effect analysis; general linear model (GLM) with gender, education, and age regressed; PALM implemented in DPARSF toolbox",
36922926,nc_02_con_gt_acu_alff,Con>Acu: difference in ALFF change (post minus pre) between groups,Between-group difference in pre-to-post ALFF change (mixed effect analysis),sham,verum,verum_gt_sham,whole_brain_activation,,False,0,Con > Acu,"Mixed effect analysis; general linear model (GLM) with gender, education, and age regressed; PALM implemented in DPARSF toolbox",
36922926,nc_03_acu_post_gt_pre,Acu-group Post>Pre: longitudinal ALFF change within acupuncture group,Within-group pre-to-post ALFF change (paired t-test),verum,baseline,verum_post_gt_pre,whole_brain_activation,,True,2,Post > Pre (increased ALFF after treatment),Paired t-test with TFCE and FWE multiple comparison correction; DPABI package,
36922926,nc_04_con_post_gt_pre,Con-group Post vs Pre: longitudinal ALFF change within control group,Within-group pre-to-post ALFF change (paired t-test),sham,baseline,sham_post_gt_pre,whole_brain_activation,,False,0,no significant difference found,Paired t-test with TFCE and FWE multiple comparison correction; DPABI package,
36922926,nc_05_alff_moca_corr_temporal_inf_r,Correlation: ALFF change in right inferior temporal gyrus vs MoCA change (acupuncture group),Pearson correlation between ALFF change and MoCA change,verum,baseline,correlation_clinical,correlation_brain_behavior,,False,0,positive correlation,Pearson's correlation analysis,
36922926,nc_06_alff_moca_corr_occipital_mid_l,Correlation: ALFF change in left middle occipital gyrus vs MoCA change (acupuncture group),Pearson correlation between ALFF change and MoCA change,verum,baseline,correlation_clinical,correlation_brain_behavior,,False,0,positive correlation,Pearson's correlation analysis,
36922926,nc_07_alff_moca_corr_occipital_sup_l,Correlation: ALFF change in left superior occipital gyrus vs MoCA change (acupuncture group),Pearson correlation between ALFF change and MoCA change,verum,baseline,correlation_clinical,correlation_brain_behavior,,False,0,positive correlation,Pearson's correlation analysis,
36922926,nc_08_alff_moca_corr_parietal_sup_r,Correlation: ALFF change in right superior parietal gyrus vs MoCA change (acupuncture group),Pearson correlation between ALFF change and MoCA change,verum,baseline,correlation_clinical,correlation_brain_behavior,,False,0,positive correlation,Pearson's correlation analysis,
36922926,36874626_C1,Comparison of the difference between the before and after ALFF values of the two groups - Acu>Con,ALFF,verum,sham,verum_gt_sham,whole_brain_activation,,True,9,Acu > Con,ALFF,peak_only_extract
36922926,36874626_C2,Comparison of ALFF values before and after treatment in acu-group - Post>Pre,ALFF,verum,baseline,verum_post_gt_pre,whole_brain_activation,,True,2,Post > Pre,ALFF,peak_only_extract
36922926,36860656_C1,Comparison of the difference between the before and after ALFF values of the two groups (Acu>Con),ALFF,verum,sham,verum_gt_sham,whole_brain_activation,,True,9,Acu>Con,ALFF,peak_only_extract
36922926,36860656_C2,Comparison of ALFF values before and after treatment in acu-group (Post>Pre),ALFF,verum,baseline,verum_post_gt_pre,whole_brain_activation,,True,2,Post>Pre,ALFF,peak_only_extract
40950284,cont_semg_latency_frontalis,Frontalis muscle sEMG latency: YYHAT group vs conventional acupuncture group after treatment,between-group comparison post-treatment,verum,sham,other,other,,False,0,YYHAT group showed significantly greater improvements (lower latency) compared to conventional group,student t-test,
40950284,cont_semg_latency_orb_oculi,Orbicularis oculi sEMG latency: YYHAT group vs conventional acupuncture group after treatment,between-group comparison post-treatment,verum,sham,other,other,,False,0,YYHAT group showed significantly greater improvements (lower latency) compared to conventional group,student t-test,
40950284,cont_semg_latency_orb_oris,Orbicularis oris sEMG latency: YYHAT group vs conventional acupuncture group after treatment,between-group comparison post-treatment,verum,sham,other,other,,False,0,YYHAT group showed significantly greater improvements (lower latency) compared to conventional group,student t-test,
40950284,cont_semg_amplitude_frontalis,Frontalis muscle sEMG amplitude: YYHAT group vs conventional acupuncture group after treatment,between-group comparison post-treatment,verum,sham,other,other,,False,0,YYHAT group showed significantly greater improvements (higher amplitude) compared to conventional group,student t-test,
40950284,cont_semg_amplitude_orb_oculi,Orbicularis oculi sEMG amplitude: YYHAT group vs conventional acupuncture group after treatment,between-group comparison post-treatment,verum,sham,other,other,,False,0,YYHAT group showed significantly greater improvements (higher amplitude) compared to conventional group,student t-test,
40950284,cont_semg_amplitude_orb_oris,Orbicularis oris sEMG amplitude: YYHAT group vs conventional acupuncture group after treatment,between-group comparison post-treatment,verum,sham,other,other,,False,0,YYHAT group showed significantly greater improvements (higher amplitude) compared to conventional group,student t-test,
40584525,c001,"Differences in the FC of Seed 14 in the true-acupoint group before acupuncture, compared with the HC group",two-sample t-test: true-acupoint pre-acupuncture vs HC,baseline,rest,group_comparison,seed_based_fc,,True,4,increased and decreased FC,"two-sample t-test, seed-based functional connectivity",
40584525,c002,"Differences in the FC of the seed points of aMCI in the sham-acupoint group before acupuncture, compared with the HC group (Seed4)",two-sample t-test: sham-acupoint pre-acupuncture vs HC,baseline,rest,group_comparison,seed_based_fc,1.0,True,2,increased and decreased FC,"two-sample t-test, seed-based functional connectivity",
40584525,c003,"Differences in the FC of the seed points of aMCI in the sham-acupoint group before acupuncture, compared with the HC group (Seed29)",two-sample t-test: sham-acupoint pre-acupuncture vs HC,baseline,rest,group_comparison,seed_based_fc,1.0,True,2,decreased FC,"two-sample t-test, seed-based functional connectivity",
40584525,c004,"Differences in the FC of the seed points of aMCI in the sham-acupoint group before acupuncture, compared with the HC group (Seed30)",two-sample t-test: sham-acupoint pre-acupuncture vs HC,baseline,rest,group_comparison,seed_based_fc,1.0,True,3,decreased FC,"two-sample t-test, seed-based functional connectivity",
40584525,c005,"The changes in the FC of the seed points in the true acupoint group after acupuncture, compared with the HC group",two-sample t-test: true-acupoint post-acupuncture vs HC,verum,rest,group_comparison,seed_based_fc,,True,70,mainly decreased FC,"two-sample t-test, seed-based functional connectivity",
40584525,c006,"The changes in the FC of the seed points in the sham-acupoint group after acupuncture, compared with the HC group",two-sample t-test: sham-acupoint post-acupuncture vs HC,sham,rest,group_comparison,seed_based_fc,1.0,True,5,mainly decreased FC,"two-sample t-test, seed-based functional connectivity",
40584525,c007,The changes in the FC of the seed points within the true acupoint group before and after acupuncture,paired sample t-test: true-acupoint pre-treatment vs post-treatment,baseline,verum,verum_post_gt_pre,seed_based_fc,,True,13,mainly decreased FC,"paired sample t-test, seed-based functional connectivity",
40584525,c008,The changes in the FC of the seed points within the sham acupoint group before and after acupuncture,paired sample t-test: sham-acupoint pre-treatment vs post-treatment,baseline,sham,sham_post_gt_pre,seed_based_fc,1.0,True,4,decreased FC,"paired sample t-test, seed-based functional connectivity",
40584525,c009,"One-way ANOVA: FC values of Seed17-Parietal_Inf_L across HC, true-acupoint before, and true-acupoint after acupuncture",one-way ANOVA: HC vs true-acupoint pre vs true-acupoint post,rest,not_applicable,group_comparison,roi_fc,,False,0,significant differences found,one-way ANOVA (IBM SPSS V25.0) on extracted FC values,
40584525,c010,"One-way ANOVA: FC values of Seed25-Frontal_Mid_L across HC, true-acupoint before, and true-acupoint after acupuncture",one-way ANOVA: HC vs true-acupoint pre vs true-acupoint post,rest,not_applicable,group_comparison,roi_fc,,False,0,significant differences found,one-way ANOVA (IBM SPSS V25.0) on extracted FC values,
40584525,c011,"One-way ANOVA: FC values of Seed25-Frontal_Sup_Medial_L across HC, true-acupoint before, and true-acupoint after acupuncture",one-way ANOVA: HC vs true-acupoint pre vs true-acupoint post,rest,not_applicable,group_comparison,roi_fc,,False,0,significant differences found,one-way ANOVA (IBM SPSS V25.0) on extracted FC values,
40584525,c012,Correlation analysis between FC values of seed points and neuropsychological scale scores in the true-acupoint group before acupuncture,Pearson correlation: FC values vs MMSE and MoCA scores (true-acupoint pre-acupuncture),baseline,not_applicable,correlation_clinical,correlation_brain_behavior,,False,0,positive and negative correlations,Pearson correlation analysis (IBM SPSS V25.0),
40584525,c013,Correlation analysis between FC values of seed points and neuropsychological scale scores in the sham-acupoint group before acupuncture,Pearson correlation: FC values vs MMSE and MoCA scores (sham-acupoint pre-acupuncture),baseline,not_applicable,correlation_clinical,correlation_brain_behavior,1.0,False,0,negative correlation (only significant finding),Pearson correlation analysis (IBM SPSS V25.0),
40584525,c014,Correlation analysis between FC values after acupuncture and neuropsychological scale scores in the true-acupoint group,Pearson correlation: FC values after acupuncture vs MMSE and MoCA scores (true-acupoint post-acupuncture),verum,not_applicable,correlation_clinical,correlation_brain_behavior,,False,0,positive correlations reported,Pearson correlation analysis,
40584525,c015,Correlation analysis between FC values after acupuncture and neuropsychological scale scores in the sham-acupoint group,Pearson correlation: FC values after acupuncture vs MMSE and MoCA scores (sham-acupoint post-acupuncture),sham,not_applicable,correlation_clinical,correlation_brain_behavior,1.0,False,0,positive and negative correlations,Pearson correlation analysis,
41602988,contrast_fALFF_postVSpre,Post>Pre (fALFFs),within-subject post-treatment vs pre-treatment increase,verum,baseline,verum_post_gt_pre,whole_brain_activation,,True,2,increase,within-subject comparison using resting-state fMRI; fALFF maps calculated on preprocessed data without band-pass filtering,
41602988,contrast_ReHo_postVSpre,Post>Pre (ReHo),within-subject post-treatment vs pre-treatment increase,verum,baseline,verum_post_gt_pre,whole_brain_activation,,True,1,increase,within-subject comparison using resting-state fMRI; ReHo maps computed on band-pass filtered data (0.008-0.09 Hz),
41602988,contrast_rsFC_DC_C_cerebellum,Post>Pre: DC_C - Cerebellum_Crus1_I,within-subject post-treatment vs pre-treatment corticostriatal functional connectivity change,verum,baseline,verum_post_gt_pre,seed_based_fc,,True,1,Post>Pre (increased connectivity post-treatment),seed-based resting-state functional connectivity using 3 mm spherical seeds at striatal subregions; CONN toolbox v15.g,
41602988,contrast_rsFC_DC_I_cerebellum,Post>Pre: DC_I - Cerebellum_Crus1_I,within-subject post-treatment vs pre-treatment corticostriatal functional connectivity change,verum,baseline,verum_post_gt_pre,seed_based_fc,,True,1,Post>Pre (peak z score is negative: -5.16; described as decreased connectivity in text),seed-based resting-state functional connectivity using 3 mm spherical seeds at striatal subregions; CONN toolbox v15.g,
41602988,contrast_rsFC_DCP_C_precentral,Post>Pre: DCP_C - Precentral Gyrus_I,within-subject post-treatment vs pre-treatment corticostriatal functional connectivity change,verum,baseline,verum_post_gt_pre,seed_based_fc,,True,1,Post>Pre; negative z score (-4.65) indicates decreased connectivity post-treatment,seed-based resting-state functional connectivity using 3 mm spherical seeds at striatal subregions; CONN toolbox v15.g,
41602988,contrast_rsFC_DCP_I_postcentral,Post>Pre: DCP_I - Postcentral Gyrus_C,within-subject post-treatment vs pre-treatment corticostriatal functional connectivity change,verum,baseline,verum_post_gt_pre,seed_based_fc,,True,1,Post>Pre; negative z score (-4.28) indicates decreased connectivity post-treatment,seed-based resting-state functional connectivity using 3 mm spherical seeds at striatal subregions; CONN toolbox v15.g,
41602988,contrast_rsFC_DCP_I_precentral,Post>Pre: DCP_I - Precentral Gyrus_I,within-subject post-treatment vs pre-treatment corticostriatal functional connectivity change,verum,baseline,verum_post_gt_pre,seed_based_fc,,True,1,Post>Pre; negative z score (-4.54) indicates decreased connectivity post-treatment,seed-based resting-state functional connectivity using 3 mm spherical seeds at striatal subregions; CONN toolbox v15.g,
41602988,contrast_rsFC_DRP_I_fusiform,Post>Pre: DRP_I - Fusiform_I,within-subject post-treatment vs pre-treatment corticostriatal functional connectivity change,verum,baseline,verum_post_gt_pre,seed_based_fc,,True,1,Post>Pre; negative z score (-4.78) indicates decreased connectivity post-treatment,seed-based resting-state functional connectivity using 3 mm spherical seeds at striatal subregions; CONN toolbox v15.g,
41602988,contrast_rsFC_DRP_I_postcentral_C,Post>Pre: DRP_I - Postcentral Gyrus_C,within-subject post-treatment vs pre-treatment corticostriatal functional connectivity change,verum,baseline,verum_post_gt_pre,seed_based_fc,,True,1,Post>Pre; negative z score (-4.99) indicates decreased connectivity post-treatment,seed-based resting-state functional connectivity using 3 mm spherical seeds at striatal subregions; CONN toolbox v15.g,
41602988,contrast_rsFC_DRP_I_postcentral_I,Post>Pre: DRP_I - Postcentral Gyrus_I,within-subject post-treatment vs pre-treatment corticostriatal functional connectivity change,verum,baseline,verum_post_gt_pre,seed_based_fc,,True,1,Post>Pre; negative z score (-4.78) indicates decreased connectivity post-treatment,seed-based resting-state functional connectivity using 3 mm spherical seeds at striatal subregions; CONN toolbox v15.g,
41602988,contrast_rsFC_DRP_I_SMA,Post>Pre: DRP_I - SMA_C,within-subject post-treatment vs pre-treatment corticostriatal functional connectivity change,verum,baseline,verum_post_gt_pre,seed_based_fc,,True,1,Post>Pre; negative z score (-5.34) indicates decreased connectivity post-treatment,seed-based resting-state functional connectivity using 3 mm spherical seeds at striatal subregions; CONN toolbox v15.g,
41602988,contrast_rsFC_internal_striatal,FC within the striatum: Post>Pre (12×12 seed-to-seed analysis),within-subject post-treatment vs pre-treatment internal striatal functional connectivity change,verum,baseline,verum_post_gt_pre,seed_based_fc,,False,0,"enhanced connectivity post-treatment (ipsilateral DRP, VRP, and VS seeds have stronger connectivity than the contralateral)",12×12 seed-to-seed functional connectivity analysis among 12 striatal subregion seeds; CONN toolbox v15.g,
41602988,contrast_corr_FC_HB_DCP_C_precentral,Correlation: FC between DCP (contralateral) and the precentral gyrus vs HB scores,Spearman correlation between functional connectivity and clinical severity (HB score),verum,not_applicable,correlation_clinical,correlation_brain_behavior,,False,0,positive correlation,Spearman's rank correlation between FC values extracted from significant brain regions and HB scores; SPSS Version 26 and MATLAB R2017,
41602988,contrast_corr_FC_HB_DCP_I_postcentral_C,Correlation: FC between DCP (ipsilateral) and the postcentral gyrus (contralateral) vs HB scores,Spearman correlation between functional connectivity and clinical severity (HB score),verum,not_applicable,correlation_clinical,correlation_brain_behavior,,False,0,positive correlation,Spearman's rank correlation between FC values extracted from significant brain regions and HB scores; SPSS Version 26 and MATLAB R2017,
41602988,contrast_corr_FC_HB_DCP_I_precentral_I,Correlation: FC between DCP (ipsilateral) and the precentral gyrus (ipsilateral) vs HB scores,Spearman correlation between functional connectivity and clinical severity (HB score),verum,not_applicable,correlation_clinical,correlation_brain_behavior,,False,0,positive correlation,Spearman's rank correlation between FC values extracted from significant brain regions and HB scores; SPSS Version 26 and MATLAB R2017,
41602988,contrast_corr_FC_HB_DRP_I_fusiform,Correlation: FC between DRP (ipsilateral) and the fusiform gyrus (ipsilateral) vs HB scores,Spearman correlation between functional connectivity and clinical severity (HB score),verum,not_applicable,correlation_clinical,correlation_brain_behavior,,False,0,positive correlation,Spearman's rank correlation between FC values extracted from significant brain regions and HB scores; SPSS Version 26 and MATLAB R2017,
41602988,contrast_corr_FC_HB_DRP_I_postcentral_C,Correlation: FC between DRP (ipsilateral) and the postcentral gyrus (contralateral) vs HB scores,Spearman correlation between functional connectivity and clinical severity (HB score),verum,not_applicable,correlation_clinical,correlation_brain_behavior,,False,0,positive correlation,Spearman's rank correlation between FC values extracted from significant brain regions and HB scores; SPSS Version 26 and MATLAB R2017,
41602988,contrast_corr_FC_HB_DRP_I_postcentral_I,Correlation: FC between DRP (ipsilateral) and the postcentral gyrus (ipsilateral) vs HB scores,Spearman correlation between functional connectivity and clinical severity (HB score),verum,not_applicable,correlation_clinical,correlation_brain_behavior,,False,0,positive correlation,Spearman's rank correlation between FC values extracted from significant brain regions and HB scores; SPSS Version 26 and MATLAB R2017,
41602988,contrast_corr_FC_HB_DRP_I_SMA_C,Correlation: FC between DRP (ipsilateral) and the SMA (contralateral) vs HB scores,Spearman correlation between functional connectivity and clinical severity (HB score),verum,not_applicable,correlation_clinical,correlation_brain_behavior,,False,0,positive correlation,Spearman's rank correlation between FC values extracted from significant brain regions and HB scores; SPSS Version 26 and MATLAB R2017,
41602988,contrast_corr_FC_HB_DC_C_cerebellum_neg,Correlation: FC between DC (contralateral) and cerebellum_Crus I (ipsilateral) vs HB scores (negative correlation),Spearman correlation between functional connectivity and clinical severity (HB score),verum,not_applicable,correlation_clinical,correlation_brain_behavior,,False,0,negative correlation,Spearman's rank correlation between FC values extracted from significant brain regions and HB scores; SPSS Version 26 and MATLAB R2017,
41602988,contrast_corr_FC_HB_DC_I_cerebellum_ns,Correlation: FC between DC (ipsilateral) and cerebellum_Crus1_I (ipsilateral) vs HB scores (not significant),Spearman correlation between functional connectivity and clinical severity (HB score),verum,not_applicable,correlation_clinical,correlation_brain_behavior,,False,0,no significant correlation,Spearman's rank correlation between FC values extracted from significant brain regions and HB scores; SPSS Version 26 and MATLAB R2017,
41602988,C1,Results of resting-state fMRI - fALFFs Post>Pre,fALFF,verum,baseline,verum_post_gt_pre,whole_brain_activation,,True,2,Post>Pre (increase),fALFF,peak_only_extract
41602988,C2,Results of resting-state fMRI - ReHo Post>Pre,ReHo,verum,baseline,verum_post_gt_pre,whole_brain_activation,,True,1,Post>Pre (increase),ReHo,peak_only_extract
41602988,C3,Comparison of the connectivity in the putamen seeds - DC_C Post>Pre,FC,verum,baseline,verum_post_gt_pre,seed_based_fc,,True,1,Post>Pre,FC,peak_only_extract
41602988,C4,Comparison of the connectivity in the putamen seeds - DC_I Post>Pre,FC,verum,baseline,verum_post_gt_pre,seed_based_fc,,True,1,Post>Pre,FC,peak_only_extract
41602988,C5,Comparison of the connectivity in the putamen seeds - DCP_C Post>Pre,FC,verum,baseline,verum_post_gt_pre,seed_based_fc,,True,1,Post>Pre,FC,peak_only_extract
41602988,C6,Comparison of the connectivity in the putamen seeds - DCP_I Post>Pre,FC,verum,baseline,verum_post_gt_pre,seed_based_fc,,True,2,Post>Pre,FC,peak_only_extract
41602988,C7,Comparison of the connectivity in the putamen seeds - DRP_I Post>Pre,FC,verum,baseline,verum_post_gt_pre,seed_based_fc,,True,4,Post>Pre,FC,peak_only_extract
36530615,con_staticICA_temporal_SN,Interaction effect on temporal properties: increased variability of SN,group × condition interaction effect (two-way crossed ANOVA),verum,rest,group_comparison,network_ica,,False,0,increased variability (PSA > HC during EA vs. rest),static independent component analysis (static ICA); two-way crossed ANOVA on temporal properties,
36530615,con_staticICA_temporal_CN,Interaction effect on temporal properties: lower frequency of CN,group × condition interaction effect (two-way crossed ANOVA),verum,rest,group_comparison,network_ica,,False,0,lower frequency (CN),static independent component analysis (static ICA); two-way crossed ANOVA on temporal properties,
36530615,con_staticICA_spatial_SN_PSAvsHC,Spatial map of SN for the contrast of PSA group vs. HC group,group main effect (voxel-wise F-test),verum,rest,group_comparison,network_ica,,True,3,activated clusters higher in PSA vs. HC,static independent component analysis (static ICA); voxel-wise F-test (group main effect),
36530615,con_staticFC_interaction_calcarine_lingual,Group × condition interaction effect on static FC: calcarine and lingual gyrus,group × condition interaction effect (two-way crossed ANOVA),verum,rest,group_comparison,roi_fc,,True,1,increased functional coupling (interaction effect),gPPI-based ROI-to-ROI functional connectivity analysis; two-way crossed ANOVA,
36530615,con_staticFC_PSA_EA_vs_rest,EA stimulation > rest at baseline in PSA,condition main effect within PSA group (one-sample paired t-test),verum,rest,verum_gt_rest,roi_fc,,True,2,reduced FC (negative F values),gPPI-based ROI-to-ROI functional connectivity analysis; one-sample paired t-test,
36530615,con_staticFC_HC_EA_vs_rest,EA stimulation > rest at baseline in HC,condition main effect within HC group (one-sample paired t-test),verum,rest,verum_gt_rest,roi_fc,,True,1,reduced FC (negative F value),gPPI-based ROI-to-ROI functional connectivity analysis; one-sample paired t-test,
36530615,con_dynICA_network_circuit1_variability,PSA-related differences in dynamic FC: Circuit1 variability at network level,group × condition interaction effect (two-way crossed ANOVA) on temporal properties,verum,rest,group_comparison,network_ica,,False,0,higher variability in PSA,dynamic independent component analysis (Dyn-ICA) at network level; two-way crossover ANOVA on temporal properties,
36530615,con_dynICA_network_circuit1_spatial_LN_CN,Spatial map of circuit1 for condition main effect: LN–CN connection,condition main effect (spatial properties of circuit with significant temporal properties),verum,rest,verum_gt_rest,network_ica,,False,0,stronger connections in PSA during EA,dynamic independent component analysis (Dyn-ICA) at network level; condition main effect on spatial characteristics,
36530615,con_dynICA_ROI_circuit3_frequency,PSA-related differences in dynamic FC: Circuit3 frequency at ROI level,group × condition interaction effect (two-way crossover ANOVA) on temporal properties,verum,rest,group_comparison,network_ica,,False,0,higher frequencies in PSA,dynamic independent component analysis (Dyn-ICA) at ROI level; two-way crossover ANOVA on temporal properties,
36530615,con_dynICA_ROI_circuit3_variability,PSA-related differences in dynamic FC: Circuit3 variability at ROI level,group × condition interaction effect (two-way crossover ANOVA) on temporal properties,verum,rest,group_comparison,network_ica,,False,0,lower variability in PSA,dynamic independent component analysis (Dyn-ICA) at ROI level; two-way crossover ANOVA on temporal properties,
36530615,con_dynICA_ROI_circuit3_spatial,Spatial map of circuit3 for condition main effect at ROI level,condition main effect (spatial properties of circuit with significant temporal properties),verum,rest,verum_gt_rest,network_ica,,False,0,stronger connections in PSA during EA,dynamic independent component analysis (Dyn-ICA) at ROI level; condition main effect on spatial characteristics,
36530615,con_dynICA_corr_circuit1_freq_verbalorder,Correlation between frequency of circuit1 and verbal order score (CRRCAE),correlation (rank correlational analysis),verum,not_applicable,correlation_clinical,correlation_brain_behavior,,False,0,directly anticorrelated (r = -0.62),rank correlational analysis,
36530615,con_dynICA_corr_circuit3_nountranscribing,Correlation between FC values of triangle inferior frontal and lingual gyri (circuit3) and noun transcribing score (CRRCAE),correlation (rank correlational analysis),verum,not_applicable,correlation_clinical,correlation_brain_behavior,,False,0,directly anticorrelated (r = -0.64),rank correlational analysis,
36530615,con_dynICA_corr_circuit3_verbtranscribing,Correlation between FC values of triangle inferior frontal and lingual gyri (circuit3) and verb transcribing score (CRRCAE),correlation (rank correlational analysis),verum,not_applicable,correlation_clinical,correlation_brain_behavior,,False,0,directly anticorrelated (r = -0.65),rank correlational analysis,
36530615,con_dynICA_corr_circuit3_commanddescribing,Correlation between FC values of triangle inferior frontal and lingual gyri (circuit3) and command describing score (CRRCAE),correlation (rank correlational analysis),verum,not_applicable,correlation_clinical,correlation_brain_behavior,,False,0,directly anticorrelated (r = -0.70),rank correlational analysis,
36530615,con_dynICA_corr_circuit3_actiondescribing,Correlation between FC values of triangle inferior frontal and lingual gyri (circuit3) and action description score (CRRCAE),correlation (rank correlational analysis),verum,not_applicable,correlation_clinical,correlation_brain_behavior,,False,0,directly anticorrelated (r = -0.75),rank correlational analysis,
36530615,con_dynICA_corr_circuit3_dictatingnoun,Correlation between FC values of triangle inferior frontal and lingual gyri (circuit3) and dictating noun score (CRRCAE),correlation (rank correlational analysis),verum,not_applicable,correlation_clinical,correlation_brain_behavior,,False,0,directly anticorrelated (r = -0.64),rank correlational analysis,
36530615,36468046_C2,EA stimulation > rest at baseline in PSA - static FC,FC,verum,rest,verum_gt_rest,roi_fc,,True,3,decreased FC during EA stimulation in PSA,FC,peak_only_extract
36530615,36468046_C3,EA stimulation > rest at baseline in HC - static FC,FC,verum,rest,verum_gt_rest,roi_fc,,True,2,decreased FC during EA stimulation in HC,FC,peak_only_extract
36530615,36468046_C4,Group x condition interaction effect - static FC,FC,verum,rest,group_comparison,roi_fc,,True,2,increased functional coupling in PSA relative to HC during EA vs. rest,FC,peak_only_extract
36530615,36468046_C4,Group x condition interaction effect on static FC,FC,verum,rest,group_comparison,roi_fc,,True,2,increased FC in PSA relative to HC during EA,FC,peak_only_extract
35096130,contrast_01,After acupuncture < before acupuncture (decreased ReHo),Within-subject paired comparison: post-acupuncture minus pre-acupuncture (decrease direction),verum,baseline,deactivation,whole_brain_activation,,True,3,Decrease (After acupuncture < before acupuncture),Regional homogeneity (ReHo) whole brain analysis; paired t-test; Kendall concordance coefficient (KCC) calculated between each voxel and its adjacent 26 voxels; GRF correction,
37584456,nc_001,SVC prediction model performance: acupuncture responders vs nonresponders (training-test set),classification model performance,baseline,not_applicable,correlation_clinical,multivariate,,False,0,not_applicable,"Support vector classification (SVC) with linear kernel and default regularization parameter (c=1), 10-fold cross-validation iterated 100 times, feature selection threshold α=0.15 based on Spearman correlation",
37584456,nc_002,SVR prediction model performance: SID improvement prediction (training-test set),regression model performance,baseline,not_applicable,correlation_clinical,multivariate,,False,0,not_applicable,"Support vector regression (SVR) with linear kernel and default regularization parameter (c=1), 10-fold cross-validation iterated 100 times",
37584456,nc_003,Predictive features: group-level differences in rsFC between acupuncture responders and nonresponders,two-sample t-test on predictive rsFC features,baseline,not_applicable,correlation_clinical,seed_based_fc,,False,0,responders exhibited higher connectivity than nonresponders in 36 of 37 rsFC features (except rsFC31),two-sample t-tests on 39 predictive features; gender taken as covariate; FDR correction applied,
37584456,nc_004,"Network-scale weight calculation: contributions of SCN, SMN, CCN, DMN to prediction",network-scale weight analysis,baseline,not_applicable,correlation_clinical,network_ica,,False,0,"rsFC within the CCN and between the CCN and the DMN, SCN, and SMN made the biggest contributions to the prediction",Network-scale weight calculated by summing the weights of all predictive features contained within each network,
37584456,nc_005,SVC model generalizability in independent validation set,classification model performance in independent validation,baseline,not_applicable,correlation_clinical,multivariate,,False,0,not_applicable,"SVC prediction model applied to independent validation set, 10-fold cross-validation, 100 iterations, using 39 identified predictive features",
37584456,nc_006,SVR model generalizability in independent validation set,regression model performance in independent validation,baseline,not_applicable,correlation_clinical,multivariate,,False,0,not_applicable,"SVR prediction model applied to independent validation set, 10-fold cross-validation, 100 iterations, using 39 identified predictive features",
37584456,nc_007,Robustness of predictive features: six classification models,robustness test across alternative machine learning classification algorithms,baseline,not_applicable,correlation_clinical,multivariate,,False,0,not_applicable,"Six classification models using 39 identified predictive features: decision tree, linear discrimination, logistic regression, k-nearest neighbor, gaussian SVM, bagged tree; 10-fold CV",
37584456,nc_008,Robustness of predictive features: five regression models,robustness test across alternative machine learning regression algorithms,baseline,not_applicable,correlation_clinical,multivariate,,False,0,not_applicable,"Five regression models using 39 identified predictive features: linear regression, decision tree, Gaussian SVM, bagged tree, Gaussian process regression; 10-fold CV",
39499594,c01_delta_periodic_power,Periodic parameters of delta frequency band: periodic power comparison across states,"within-subject comparison across three states (rest, LT, TR)",verum,rest,verum_gt_rest,other,,False,0,not significant,FOOOF parameterization; statistical comparison (test not specified),
39499594,c02_delta_center_freq,Periodic parameters of delta frequency band: center frequency comparison across states,"within-subject comparison across three states (rest, LT, TR)",verum,rest,verum_gt_rest,other,,False,0,not significant,FOOOF parameterization; statistical comparison,
39499594,c03_delta_bandwidth,Periodic parameters of delta frequency band: bandwidth comparison across states,"within-subject comparison across three states (rest, LT, TR)",verum,rest,verum_gt_rest,other,,False,0,not significant,FOOOF parameterization; statistical comparison,
39499594,c04_delta_entrainment,Neural entrainment: delta peaks at 1.5 Hz (acupuncture stimulation frequency) in frontal and central regions,within-subject comparison: acupuncture vs resting state,verum,rest,verum_gt_rest,other,,False,0,increase,FOOOF parameterization; inspection of periodic fitted curves,
39499594,c05_theta_center_freq,Center frequency of theta peaks: rightward shift after acupuncture stimulation,within-subject comparison: acupuncture vs resting state,verum,rest,verum_gt_rest,other,,False,0,rightward shift (increase in center frequency),FOOOF parameterization; statistical comparison,
39499594,c06_theta_peaks_decrease,Number of theta peaks decreased during acupuncture state vs resting state,within-subject comparison: acupuncture vs resting state,verum,rest,deactivation,other,,False,0,decrease,FOOOF parameterization; inspection of periodic fitted curves,
39499594,c07_alpha_periodic_power,Periodic power of alpha band: significantly higher after acupuncture stimulation vs resting state,within-subject comparison: acupuncture vs resting state,verum,rest,verum_gt_rest,other,,False,0,increase,FOOOF parameterization; statistical comparison,
39499594,c08_beta_bandwidth_LT,Beta band bandwidth: significantly decreased under LT manipulation,within-subject comparison: LT vs resting state,verum,rest,deactivation,other,,False,0,decrease,FOOOF parameterization; statistical comparison,
39499594,c09_aperiodic_slope_spatial,Aperiodic slope: spatial distribution comparison during acupuncture vs resting state,within-subject comparison: acupuncture vs resting state,verum,rest,verum_gt_rest,other,,False,0,increase (steeper slope),FOOOF parameterization; topographic analysis; statistical comparison across electrode subsets,
39499594,c10_aperiodic_slope_CP1,Aperiodic slope at Cp1 (left parietal lobe): significant enhancement during both LT and TR,within-subject comparison: acupuncture vs resting state at electrode Cp1,verum,rest,verum_gt_rest,other,,False,0,increase,FOOOF parameterization; statistical comparison at specific electrode,
39499594,c11_aperiodic_slope_F3_TR,Aperiodic slope at F3 (left frontal lobe): stronger increase during TR vs LT,within-subject comparison: LT vs TR at electrode F3,verum,verum,other,other,,False,0,increase; TR > LT,FOOOF parameterization; statistical comparison at specific electrode,
39499594,c12_aperiodic_slope_P1_TR,Aperiodic slope at P1 (left parietal lobe): significant increase only during TR,within-subject comparison: TR vs resting state at electrode P1,verum,rest,verum_gt_rest,other,,False,0,increase (TR only),FOOOF parameterization; statistical comparison at specific electrode,
39499594,c13_aperiodic_slope_frontal_region,"Aperiodic slope in left frontal lobe region: TR significant, LT not significant",within-subject comparison: acupuncture vs resting state in left frontal lobe region,verum,rest,verum_gt_rest,other,,False,0,increase for TR; decline (not significant) for LT,FOOOF parameterization; statistical comparison in main modulated brain region,
39499594,c14_aperiodic_slope_parietal_region,Aperiodic slope in left parietal lobe region: significant increase with both LT and TR,within-subject comparison: acupuncture vs resting state in left parietal lobe region,verum,rest,verum_gt_rest,other,,False,0,increase,FOOOF parameterization; statistical comparison in main modulated brain region,
39499594,c15_aperiodic_offset_spatial,Aperiodic offset: spatial distribution comparison during acupuncture vs resting state,within-subject comparison: acupuncture vs resting state,verum,rest,verum_gt_rest,other,,False,0,slight increase; particularly in right frontal lobe after LT manipulation,FOOOF parameterization; topographic analysis,
39499594,c16_aperiodic_slope_offset_correlation_rest,Pearson correlation between aperiodic slope and aperiodic offset: resting state,correlation analysis within resting state condition,rest,not_applicable,other,correlation_brain_behavior,,False,0,negative correlation,Pearson correlation analysis,
39499594,c17_aperiodic_slope_offset_correlation_LT,Pearson correlation between aperiodic slope and aperiodic offset: LT manipulation,correlation analysis within LT acupuncture condition,verum,not_applicable,other,correlation_brain_behavior,,False,0,negative correlation; strengthened vs resting state,Pearson correlation analysis,
39499594,c18_aperiodic_slope_offset_correlation_TR,Pearson correlation between aperiodic slope and aperiodic offset: TR manipulation,correlation analysis within TR acupuncture condition,verum,not_applicable,other,correlation_brain_behavior,,False,0,negative correlation; most pronounced enhancement,Pearson correlation analysis,
39499594,c19_svm_decoding_LT_vs_TR,Acupuncture manipulation decoding: LT vs TR using alpha periodic power and aperiodic slope,binary classification: LT vs TR acupuncture manipulation,verum,verum,other,multivariate,,False,0,not_applicable,support vector machine (SVM) classifier; ROC analysis,
39499594,c20_svm_24_feature_combinations,Acupuncture manipulation decoding: 24 input feature groups (3 periodic parameters × 4 rhythms × 2 aperiodic parameters),binary classification: LT vs TR using multiple feature combinations,verum,verum,other,multivariate,,False,0,not_applicable,SVM classifier with 24 combinations of periodic and aperiodic features; ROC AUC reported in statistical matrix,
38245739,con_alff_group1_gt_group2_tp1,"Group2 > Group1 (ALFF, baseline)","between-group comparison at baseline (TP1): Group2 > Group1 (i.e., Group1 showed increased ALFF relative to Group2)",baseline,baseline,group_comparison,whole_brain_activation,,True,1,Group1 increased relative to Group2 (Group2 > Group1 label indicates Group1 has higher values),independent samples t-test with FDR correction,
38245739,con_alff_group2_gt_group1_tp1,"Group2 < Group1 (ALFF, baseline) — decreased ALFF in Group1","between-group comparison at baseline (TP1): Group2 < Group1 (i.e., Group1 showed decreased ALFF relative to Group2)",baseline,baseline,group_comparison,whole_brain_activation,,True,5,Group1 decreased relative to Group2 (negative T values),independent samples t-test with FDR correction,
38245739,con_dc_group1_gt_group2_tp1,"Group2 > Group1 (DC, baseline) — increased DC in Group1","between-group comparison at baseline (TP1): Group2 > Group1 (i.e., Group1 showed increased DC relative to Group2)",baseline,baseline,group_comparison,graph_theory,,True,5,Group1 increased relative to Group2 (positive T values),independent samples t-test with FDR correction,
38245739,con_dc_group2_gt_group1_tp1,"Group2 < Group1 (DC, baseline) — decreased DC in Group1","between-group comparison at baseline (TP1): Group2 < Group1 (i.e., Group1 showed decreased DC relative to Group2)",baseline,baseline,group_comparison,graph_theory,,True,8,decreased in Group1 relative to Group2 (negative T values),independent samples t-test with FDR correction,
38245739,con_alff_tp2lt_tp1_group1,"TP2 < TP1 (ALFF, Group 1) — decreased ALFF after acupuncture",within-group pre vs post acupuncture comparison: TP2 < TP1,verum,baseline,verum_post_gt_pre,whole_brain_activation,,True,3,decreased after acupuncture (TP2 < TP1; negative T values),paired T test with FDR correction,
38245739,con_dc_tp2lt_tp1_group1,"TP2 < TP1 (DC, Group 1) — decreased DC after acupuncture",within-group pre vs post acupuncture comparison: TP2 < TP1,verum,baseline,verum_post_gt_pre,graph_theory,,True,3,decreased after acupuncture (TP2 < TP1; negative T values),paired T test with FDR correction,
38245739,con_corr_alff_occipital_sfmpq,Positive correlation: ALFF values of left middle occipital area at TP1 with SF-MPQ scores,bivariate Pearson correlation: ALFF (left middle occipital area) × SF-MPQ score at TP1 in Group 1,baseline,not_applicable,correlation_clinical,correlation_brain_behavior,,False,0,positive correlation,bivariate Pearson correlation analysis,
38245739,con_corr_alff_occipital_midas,Positive correlation: ALFF values of left middle occipital area at TP1 with MIDAS scores,bivariate Pearson correlation: ALFF (left middle occipital area) × MIDAS score at TP1 in Group 1,baseline,not_applicable,correlation_clinical,correlation_brain_behavior,,False,0,positive correlation,bivariate Pearson correlation analysis,
38245739,con_corr_dc_temporal_sfmpq,Positive correlation: DC values of right inferior temporal area at TP1 with SF-MPQ scores,bivariate Pearson correlation: DC (right inferior temporal area) × SF-MPQ score at TP1 in Group 1,baseline,not_applicable,correlation_clinical,correlation_brain_behavior,,False,0,positive correlation,bivariate Pearson correlation analysis,
38245739,38233858_C1,Comparison of brain regions with ALFF values at baseline between Group1 and Group2 - Group2 > Group1 (increased in MWoA),ALFF,baseline,baseline,group_comparison,whole_brain_activation,,True,1,Group2 > Group1 (increased ALFF in MWoA relative to HC),ALFF,peak_only_extract
38245739,38233858_C2,Comparison of brain regions with ALFF values at baseline between Group1 and Group2 - Group2 < Group1 (decreased in MWoA),ALFF,baseline,baseline,group_comparison,whole_brain_activation,,True,5,Group2 < Group1 (decreased ALFF in MWoA relative to HC),ALFF,peak_only_extract
38245739,38233858_C3,Comparison of brain regions with DC values at baseline between Group1 and Group2 - Group2 > Group1 (increased DC in MWoA),degree_centrality,baseline,baseline,group_comparison,graph_theory,,True,5,Group2 > Group1 (increased DC in MWoA relative to HC),degree_centrality,peak_only_extract
38245739,38233858_C4,Comparison of brain regions with DC values at baseline between Group1 and Group2 - Group2 < Group1 (decreased DC in MWoA),degree_centrality,baseline,baseline,group_comparison,graph_theory,,True,8,Group2 < Group1 (decreased DC in MWoA relative to HC),degree_centrality,peak_only_extract
38245739,38233858_C5,Comparison of ALFF values before and after acupuncture in Group 1 - TP2 < TP1,ALFF,baseline,verum,verum_post_gt_pre,whole_brain_activation,,True,3,TP2 < TP1 (decreased ALFF after acupuncture),ALFF,peak_only_extract
38245739,38233858_C6,Comparison of DC values before and after acupuncture in Group 1 - TP2 < TP1,degree_centrality,baseline,verum,verum_post_gt_pre,graph_theory,,True,3,TP2 < TP1 (decreased DC after acupuncture),degree_centrality,peak_only_extract
38245739,38245731_C1,Comparison of brain regions with ALFF values at baseline between Group1 and Group2 - Group2 > Group1 (ALFF),ALFF,baseline,baseline,group_comparison,whole_brain_activation,,True,1,Group2 > Group1,ALFF,peak_only_extract
38245739,38245731_C2,Comparison of brain regions with ALFF values at baseline between Group1 and Group2 - Group2 < Group1 (ALFF),ALFF,baseline,baseline,group_comparison,whole_brain_activation,,True,5,Group2 < Group1,ALFF,peak_only_extract
38245739,38245731_C3,Comparison of brain regions with DC values at baseline between Group1 and Group2 - Group2 > Group1 (DC),degree_centrality,baseline,baseline,group_comparison,graph_theory,,True,5,Group2 > Group1,degree_centrality,peak_only_extract
38245739,38245731_C4,Comparison of brain regions with DC values at baseline between Group1 and Group2 - Group2 < Group1 (DC),degree_centrality,baseline,baseline,group_comparison,graph_theory,,True,8,Group2 < Group1,degree_centrality,peak_only_extract
38245739,38245731_C5,Comparison of ALFF values before and after acupuncture in Group 1 - TP2 < TP1 (ALFF),ALFF,baseline,verum,verum_post_gt_pre,whole_brain_activation,,True,3,TP2 < TP1,ALFF,peak_only_extract
38245739,38245731_C6,Comparison of DC values before and after acupuncture in Group 1 - TP2 < TP1 (DC),degree_centrality,baseline,verum,verum_post_gt_pre,graph_theory,,True,3,TP2 < TP1,degree_centrality,peak_only_extract
25220656,con_HC_ACUP_onesample,ACUP Healthy (one-sample t-test),one-sample t-test; ACUP vs implicit baseline,verum,rest,verum_gt_rest,whole_brain_activation,,False,5,significantly higher brain activation,one-sample t-test; general linear model; SPM5,
25220656,con_HC_SHAM_onesample,SHAM Healthy (one-sample t-test),one-sample t-test; SHAM vs implicit baseline,sham,rest,sham_gt_rest,whole_brain_activation,3.0,False,4,significantly higher brain activation,one-sample t-test; general linear model; SPM5,
25220656,con_PD_ACUP_onesample,ACUP PD (one-sample t-test),one-sample t-test; ACUP vs implicit baseline,verum,rest,verum_gt_rest,whole_brain_activation,,False,8,significantly higher brain activation,one-sample t-test; general linear model; SPM5,
25220656,con_PD_SHAM_onesample,SHAM PD (one-sample t-test),one-sample t-test; SHAM vs implicit baseline,sham,rest,sham_gt_rest,whole_brain_activation,3.0,False,7,significantly higher brain activation,one-sample t-test; general linear model; SPM5,
25220656,con_HC_gt_PD_ACUP,Healthy participants > Patients with PD during acupuncture stimulation,two-sample t-test; Healthy > PD during ACUP,verum,verum,group_comparison,whole_brain_activation,,True,10,Healthy participants > Patients with PD,two-sample t-test; SPM5,
25220656,con_PD_gt_HC_ACUP,Healthy participants < Patients with PD during acupuncture stimulation,two-sample t-test; PD > Healthy during ACUP,verum,verum,group_comparison,whole_brain_activation,,True,11,Patients with PD > Healthy participants,two-sample t-test; SPM5,
25220656,con_ROI_precentral_ACUP_vs_SHAM_PD,Volume of precentral gyrus activated by ACUP vs SHAM (in PD),paired-t test; ACUP vs SHAM volume comparison; precentral gyrus ROI,verum,sham,verum_gt_sham,other,3.0,False,0,Volume induced by ACUP was significantly bigger than that by SHAM,paired-t test; SPSS Inc.; volume measured using MRIcroN; ROI fixed using Automated Anatomical Labeling,
25220656,con_ROI_prefrontal_ACUP_vs_SHAM_PD,Volume of prefrontal cortex activated by ACUP vs SHAM (in PD),paired-t test; ACUP vs SHAM volume comparison; prefrontal cortex ROI,verum,sham,verum_gt_sham,other,3.0,False,0,Volume induced by ACUP was significantly bigger than that by SHAM,paired-t test; SPSS Inc.; volume measured using MRIcroN; ROI fixed using Automated Anatomical Labeling,
25220656,con_common_ACUP_vs_SHAM,Common areas activated on both patients with PD and healthy participants during ACUP and SHAM,paired-t test; ACUP vs SHAM common region volume comparison,verum,sham,verum_gt_sham,other,3.0,False,0,The volume of common areas which were activated by ACUP was significantly larger than that by SHAM,paired-t test; SPSS Inc.; volume measured using MRIcroN,
25220656,25200686_C1,Comparisons of neural responses between patients with PD and healthy participants during acupuncture stimulation - Healthy > Patients with PD,activation,verum,verum,group_comparison,whole_brain_activation,,True,10,Healthy participants > Patients with PD,activation,peak_only_extract
25220656,25200686_C2,Comparisons of neural responses between patients with PD and healthy participants during acupuncture stimulation - Healthy < Patients with PD,activation,verum,verum,group_comparison,whole_brain_activation,,True,11,Healthy participants < Patients with PD,activation,peak_only_extract
25220656,23762172_SR_C1,SHAM Healthy participants - brain activation during sham acupuncture,activation,sham,rest,sham_gt_rest,whole_brain_activation,3.0,False,4,activation,activation,sham_rest_extract
25220656,23762172_SR_C2,SHAM Patients with PD - brain activation during sham acupuncture,activation,sham,rest,sham_gt_rest,whole_brain_activation,3.0,False,7,activation,activation,sham_rest_extract
40022556,con_CID_vs_HC_CBF,Case-control comparison (t-map) of regional CBF: CID patients vs HCs,between-group difference in regional CBF,baseline,baseline,group_comparison,whole_brain_activation,,False,5,both increased and decreased CBF in CID patients vs HCs,"Linear regression model (LRM) adjusting for age, sex, and education as covariates",
40022556,con_CID_CBF_PSQI_corr,Correlation between regional CBF values and PSQI scores within CID group,within-group correlation: CBF vs PSQI,baseline,not_applicable,correlation_clinical,correlation_brain_behavior,,False,4,negative correlation (lower CBF associated with higher PSQI),Correlation analysis (Pearson or Spearman based on data normality),
40022556,con_CID_CBF_HC_CBF_corr,Correlation between mean regional CBF in HCs and case-control CBF differences (t-values),spatial correlation: mean HC CBF vs case-control t-value,baseline,not_applicable,other,correlation_brain_behavior,,False,0,positive correlation,Pearson correlation with spin tests,
40022556,con_neurotransmitter_CID_LRM,Multi-linear regression model predicting CID-related CBF differences from 19 receptors/transporters distributions,neuroimaging-neurochemistry association: multi-LRM of neurotransmitter receptor density vs CID-related CBF t-statistic,baseline,baseline,other,multivariate,,False,0,not_reported,"Multi-linear regression model (LRM); dominance analysis; validated against spin-permuted null model with 10,000 iterations",
40022556,con_acupuncture_post_vs_pre,Acupuncture group: post-treatment vs baseline regional CBF changes,within-group pre-post comparison: acupuncture group,verum,baseline,verum_post_gt_pre,whole_brain_activation,,False,3,"increased CBF in left putamen, bilateral cerebellums, brain stem",Paired t-tests or paired Wilcoxon tests depending on data distribution,
40022556,con_waitlist_post_vs_pre,Waitlist group: 4-week vs baseline regional CBF changes,within-group pre-post comparison: waitlist group,waiting_list,baseline,other,whole_brain_activation,,False,3,"decreased CBF in control network, salience network, and default mode network",Paired t-tests or paired Wilcoxon tests depending on data distribution,
40022556,con_acu_vs_CID_spatial_corr,Spatial correlation between acupuncture-induced CBF changes and CID-related CBF alterations,cross-dataset spatial correlation: acupuncture paired t-value vs CID case-control t-value,verum,baseline,other,correlation_brain_behavior,,False,0,negative correlation,Pearson correlation with spin tests,
40022556,con_acu_vs_waitlist_spatial_corr,Spatial correlation between acupuncture-induced CBF changes and waitlist-induced CBF changes,cross-group spatial correlation: acupuncture paired t-value vs waitlist paired t-value,verum,waiting_list,other,correlation_brain_behavior,,False,0,not significant,Pearson correlation with spin tests,
40022556,con_neurotransmitter_acu_LRM,Multi-linear regression model predicting acupuncture-induced CBF changes from 19 receptors/transporters distributions,neuroimaging-neurochemistry association: multi-LRM of neurotransmitter receptor density vs acupuncture-induced CBF paired t-value,verum,baseline,other,multivariate,,False,0,not_reported,Multi-linear regression model (LRM); dominance analysis; validated against spin-permuted null model,
40022556,con_acu_CBF_clinical_corr,"Correlation between acupuncture-induced regional CBF changes (ΔCBF) and improvements in clinical scores (ΔPSQI, ΔISI, ΔSAS, ΔSDS)",within-group correlation: ΔCBF vs clinical change scores,verum,baseline,correlation_clinical,correlation_brain_behavior,,False,0,no statistically significant associations found,Pearson correlation analysis,
40022556,22197696_C1,GB37 ICA occipital lobe activation,other,verum,not_applicable,verum_gt_rest,network_ica,,True,9,activation,other,extraction_results.json
40022556,22197696_C2,BL60 ICA occipital lobe activation,other,verum,not_applicable,verum_gt_rest,network_ica,,True,9,activation,other,extraction_results.json
40022556,22197696_C3,NAP ICA occipital lobe activation,other,sham,not_applicable,sham_gt_rest,network_ica,1.0,True,4,activation,other,extraction_results.json
37408438,C1_DR_interaction,ANCOVA interaction effect (time × group) with DR as seed,Time × Group interaction (ANCOVA),verum,sham,group_comparison,seed_based_fc,,False,3,Interaction effect,ANCOVA with time and group as factors; age and gender as covariates,
37408438,C2_MR_interaction,ANCOVA interaction effect (time × group) with MR as seed,Time × Group interaction (ANCOVA),verum,sham,group_comparison,seed_based_fc,,False,4,Interaction effect,ANCOVA with time and group as factors; age and gender as covariates,
37408438,C3_DR_FC_table,ANCOVA neuroimaging outcomes table — DR seed,Time × Group interaction and main effects (ANCOVA) — tabulated FC values,verum,sham,group_comparison,seed_based_fc,,False,3,Mixed (increases and decreases by region),ANCOVA with time and group as factors,
37408438,C4_MR_FC_table,ANCOVA neuroimaging outcomes table — MR seed,Time × Group interaction and main effects (ANCOVA) — tabulated FC values,verum,sham,group_comparison,seed_based_fc,,False,5,Mixed (increases and decreases by region),ANCOVA with time and group as factors,
37408438,C5_DR_MFG_L_NDI_corr,Correlation: FC change DR–left middle frontal gyrus with NDI improvement (TA group),Correlation between FC change and clinical outcome change,verum,not_applicable,correlation_clinical,correlation_brain_behavior,,False,0,positive correlation,Correlation analysis,
37408438,C6_DR_THA_R_duration_corr,Correlation: FC change DR–right thalamus with duration of each attack improvement (TA group),Correlation between FC change and clinical outcome change,verum,not_applicable,correlation_clinical,correlation_brain_behavior,,False,0,inverse correlation (negative),Correlation analysis,
37408438,C7_MR_MFG_R_NPQ_corr,Correlation: FC change MR–right middle frontal gyrus with NPQ improvement (TA group),Correlation between FC change and clinical outcome change,verum,not_applicable,correlation_clinical,correlation_brain_behavior,,False,0,positive correlation,Correlation analysis,
37408438,C8_MR_MFG_R_SDS_corr,Correlation: FC change MR–right middle frontal gyrus with SDS improvement (TA group),Correlation between FC change and clinical outcome change,verum,not_applicable,correlation_clinical,correlation_brain_behavior,,False,0,positive correlation,Correlation analysis,
37408438,C9_MR_PHG_L_NDI_corr,Correlation: FC change MR–left parahippocampal gyrus with NDI improvement (TA group),Correlation between FC change and clinical outcome change,verum,not_applicable,correlation_clinical,correlation_brain_behavior,,False,0,inverse correlation (negative),Correlation analysis,
37408438,C10_MR_PHG_L_SDS_corr,Correlation: FC change MR–left parahippocampal gyrus with SDS improvement (TA group),Correlation between FC change and clinical outcome change,verum,not_applicable,correlation_clinical,correlation_brain_behavior,,False,0,inverse correlation (negative),Correlation analysis,
27242492,con_HC_DMN,DMN in healthy subjects (one sample t-test),one sample t-test on FC maps from healthy subjects,rest,not_applicable,other,seed_based_fc,,False,0,positive FC (DMN identification),seed-based functional connectivity (FC); Pearson correlation; Fisher's r-to-z transformation; one sample t-test,
27242492,con_MDD_pre_DMN,"DMN in patients with first-episode, drug-naïve MDD (one sample t-test, before EAS)",one sample t-test on FC maps from MDD patients before EAS,baseline,not_applicable,other,seed_based_fc,,False,0,positive FC (DMN identification),seed-based functional connectivity (FC); Pearson correlation; Fisher's r-to-z transformation; one sample t-test,
27242492,con_MDD_post_DMN,"DMN in patients with first-episode, drug-naïve MDD after EAS (one sample t-test)",one sample t-test on FC maps from MDD patients after EAS,rest,not_applicable,other,seed_based_fc,,False,0,positive FC (DMN identification),seed-based functional connectivity (FC); Pearson correlation; Fisher's r-to-z transformation; one sample t-test,
27242492,con_MDD_gt_HC_FC,Patients > Healthy subjects (increased FC),two sample t-test; MDD patients > healthy subjects,baseline,rest,group_comparison,seed_based_fc,,True,3,increased FC in patients relative to healthy subjects,seed-based functional connectivity (FC); two sample t-test,
27242492,con_HC_gt_MDD_FC,Patients < Healthy subjects (decreased FC in patients),two sample t-test; MDD patients < healthy subjects,baseline,rest,group_comparison,seed_based_fc,,True,2,decreased FC in patients relative to healthy subjects,seed-based functional connectivity (FC); two sample t-test,
27242492,con_post_lt_pre_FC,EAS < Resting in patients (decreased FC after EAS),paired t-test; post-EAS < pre-EAS in MDD patients,verum,baseline,verum_post_gt_pre,seed_based_fc,,True,4,decreased FC after EAS relative to pre-EAS resting state,seed-based functional connectivity (FC); paired t-test,
27242492,con_post_gt_pre_FC,EAS > Resting in patients (increased FC after EAS),paired t-test; post-EAS > pre-EAS in MDD patients,verum,baseline,verum_post_gt_pre,seed_based_fc,,True,2,increased FC after EAS relative to pre-EAS resting state,seed-based functional connectivity (FC); paired t-test,
27242492,27199736_C1,Patients vs. healthy subjects (DMN FC differences),FC,baseline,rest,group_comparison,seed_based_fc,,True,3,increased FC in patients vs healthy subjects,FC,peak_only_extract
27242492,27199736_C2,Patients vs. healthy subjects (DMN FC differences) - decreased FC in patients,FC,baseline,rest,group_comparison,seed_based_fc,,True,2,decreased FC in patients vs healthy subjects,FC,peak_only_extract
27242492,27199736_C3,EAS vs. resting in patients (decreased FC after EAS),FC,verum,baseline,verum_post_gt_pre,seed_based_fc,,True,4,decreased FC after EAS,FC,peak_only_extract
27242492,27199736_C4,EAS vs. resting in patients (increased FC after EAS),FC,verum,baseline,verum_post_gt_pre,seed_based_fc,,True,2,increased FC after EAS,FC,peak_only_extract
34949986,con_norm1_AAS_TSA,Norm-1 main effects (AAS-TSA),main effect of condition (AAS minus TSA),verum,sham,verum_gt_sham,whole_brain_activation,1.0,True,3,both increases and decreases,Linear mixed-effects modeling (LME); mixed-effects analysis in DPABI (V4.1),
34949986,con_norm2_AAS_TSA,Norm-2 main effects (AAS-TSA),main effect of condition (AAS minus TSA),verum,sham,verum_gt_sham,whole_brain_activation,1.0,True,4,both increases and decreases,Linear mixed-effects modeling (LME); mixed-effects analysis in DPABI (V4.1),
34949986,con_slow5_AAS_TSA,Slow-5 main effects (AAS-TSA),main effect of condition (AAS minus TSA),verum,sham,verum_gt_sham,whole_brain_activation,1.0,True,2,both increases and decreases,Linear mixed-effects modeling (LME); mixed-effects analysis in DPABI (V4.1),
34949986,con_slow4_AAS_TSA,Slow-4 main effects (AAS-TSA),main effect of condition (AAS minus TSA),verum,sham,verum_gt_sham,whole_brain_activation,1.0,True,4,both increases and decreases,Linear mixed-effects modeling (LME); mixed-effects analysis in DPABI (V4.1),
34949986,con_slow3_AAS_TSA,Slow-3 main effects (AAS-TSA),main effect of condition (AAS minus TSA),verum,sham,verum_gt_sham,whole_brain_activation,1.0,True,4,both increases and decreases,Linear mixed-effects modeling (LME); mixed-effects analysis in DPABI (V4.1),
34949986,con_slow2_AAS_TSA,Slow-2 main effects (AAS-TSA),main effect of condition (AAS minus TSA),verum,sham,verum_gt_sham,whole_brain_activation,1.0,True,4,both increases and decreases,Linear mixed-effects modeling (LME); mixed-effects analysis in DPABI (V4.1),
34949986,con_corr_slow5_cerebellum_VAS,Correlation: slow-5 zALFF in cerebellum vs VAS score after AAS,Pearson correlation between zALFF and clinical outcome,verum,not_applicable,correlation_clinical,correlation_brain_behavior,,True,1,positive correlation with VAS score after AAS; negative correlation with change in VAS score,Pearson correlation coefficient,
34949986,con_corr_slow3_cerebellum_VAS,Correlation: slow-3 zALFF in cerebellum vs VAS score after AAS,Pearson correlation between zALFF and clinical outcome,verum,not_applicable,correlation_clinical,correlation_brain_behavior,,True,1,positive correlation with VAS score after AAS,Pearson correlation coefficient,
34949986,con_corr_norm2_insula_VAS,Correlation: norm-2 zALFF in right insula vs change in VAS score after AAS,Pearson correlation between zALFF and clinical outcome,verum,not_applicable,correlation_clinical,correlation_brain_behavior,,True,1,negative correlation with changes in VAS score after AAS,Pearson correlation coefficient,
34949986,con_corr_slow4_insula_VAS,Correlation: slow-4 zALFF in right insula vs change in VAS score after AAS,Pearson correlation between zALFF and clinical outcome,verum,not_applicable,correlation_clinical,correlation_brain_behavior,,True,1,negative correlation with changes in VAS score after AAS,Pearson correlation coefficient,
34949986,con_group_interaction_narrative,Main effects of group and group × treatment interaction,mixed-effects: main effect of group; group × condition interaction,not_applicable,not_applicable,group_comparison,whole_brain_activation,,False,0,not_reported,mixed-effects analysis in DPABI (V4.1),
34949986,34867142_C1,The ALFF results of main effects (AAS-TSA) - Norm-1 band,ALFF,verum,sham,verum_gt_sham,whole_brain_activation,,True,3,AAS > TSA and AAS < TSA,ALFF,peak_only_extract
34949986,34867142_C2,The ALFF results of main effects (AAS-TSA) - Norm-2 band,ALFF,verum,sham,verum_gt_sham,whole_brain_activation,,True,4,AAS > TSA and AAS < TSA,ALFF,peak_only_extract
34949986,34867142_C3,The ALFF results of main effects (AAS-TSA) - Slow-5 band,ALFF,verum,sham,verum_gt_sham,whole_brain_activation,,True,2,AAS > TSA and AAS < TSA,ALFF,peak_only_extract
34949986,34867142_C4,The ALFF results of main effects (AAS-TSA) - Slow-4 band,ALFF,verum,sham,verum_gt_sham,whole_brain_activation,,True,4,AAS > TSA and AAS < TSA,ALFF,peak_only_extract
34949986,34867142_C5,The ALFF results of main effects (AAS-TSA) - Slow-3 band,ALFF,verum,sham,verum_gt_sham,whole_brain_activation,,True,4,AAS > TSA and AAS < TSA,ALFF,peak_only_extract
34949986,34867142_C6,The ALFF results of main effects (AAS-TSA) - Slow-2 band,ALFF,verum,sham,verum_gt_sham,whole_brain_activation,,True,4,AAS > TSA and AAS < TSA,ALFF,peak_only_extract
24062782,contrast_acup_mean,Mean effect of overall brain activity during acupuncture stimulation (ACUP vs REST),"acupuncture stimulation versus rest (needle in place, no manipulation)",verum,rest,verum_gt_rest,whole_brain_activation,,True,44,both positive and negative BOLD responses,Multiple regression analysis; percent MR signal change,
24062782,contrast_acup_pressure_covariate,Brain activity associated with pressure sensation during acupuncture stimulation,ANCOVA with pressure intensity scores as covariate; percent MR signal change to acupuncture,verum,rest,correlation_deqi,correlation_brain_behavior,,True,25,both positive and negative BOLD responses,ANCOVA with individual needling sensation scores as covariates; percent MR signal change,
24062782,contrast_acup_heaviness_covariate,Brain activity associated with heaviness sensation during acupuncture stimulation,ANCOVA with heaviness intensity scores as covariate; percent MR signal change to acupuncture,verum,rest,correlation_deqi,correlation_brain_behavior,,True,13,both positive and negative BOLD responses,ANCOVA with individual needling sensation scores as covariates; percent MR signal change,
24062782,contrast_acup_fullness_covariate,Brain activity associated with fullness sensation during acupuncture stimulation,ANCOVA with fullness intensity scores as covariate; percent MR signal change to acupuncture,verum,rest,correlation_deqi,correlation_brain_behavior,,True,19,both positive and negative BOLD responses,ANCOVA with individual needling sensation scores as covariates; percent MR signal change,
24062782,contrast_acup_numbness_covariate,Brain activity associated with numbness sensation during acupuncture stimulation,ANCOVA with numbness intensity scores as covariate; percent MR signal change to acupuncture,verum,rest,correlation_deqi,correlation_brain_behavior,,True,22,both positive and negative BOLD responses,ANCOVA with individual needling sensation scores as covariates; percent MR signal change,
24062782,contrast_acup_tingling_covariate,Brain activity associated with tingling sensation during acupuncture stimulation,ANCOVA with tingling intensity scores as covariate; percent MR signal change to acupuncture,verum,rest,correlation_deqi,correlation_brain_behavior,,True,23,both positive and negative BOLD responses,ANCOVA with individual needling sensation scores as covariates; percent MR signal change,
24062782,contrast_tactile_pressure_covariate,Brain activity associated with pressure sensation during tactile stimulation,ANCOVA with pressure intensity scores as covariate; percent MR signal change to tactile stimulation,sham,rest,correlation_deqi,correlation_brain_behavior,3.0,True,18,positive BOLD responses predominantly,ANCOVA with individual needling sensation scores as covariates; percent MR signal change,
24062782,contrast_tactile_heaviness_fullness_covariate,Brain activity associated with heaviness/fullness sensation during tactile stimulation,ANCOVA with heaviness/fullness intensity scores as covariate; percent MR signal change to tactile stimulation,sham,rest,correlation_deqi,correlation_brain_behavior,3.0,True,11,negative BOLD responses predominantly,ANCOVA with individual needling sensation scores as covariates; percent MR signal change,
24062782,contrast_tactile_tingling_covariate,Brain activity associated with tingling sensation during tactile stimulation,ANCOVA with tingling intensity scores as covariate; percent MR signal change to tactile stimulation,sham,rest,correlation_deqi,correlation_brain_behavior,3.0,True,7,positive BOLD responses predominantly,ANCOVA with individual needling sensation scores as covariates; percent MR signal change,
24062782,28480365_SR_C1,Mean fMRI response to tactile stimulation,activation,sham,rest,deactivation,whole_brain_activation,,True,23,deactivation,activation,sham_rest_extract
24062782,28480365_SR_C2,Mean fMRI response to tactile stimulation,activation,sham,rest,sham_gt_rest,whole_brain_activation,3.0,True,14,activation,activation,sham_rest_extract
35734477,c01,Resting-state ISC in control group,ISC within control group during resting state,rest,not_applicable,other,roi_fc,,False,0,positive (activation),ISC using leave-one-out approach with bootstrap hypothesis test,
35734477,c02,Resting-state ISFC in control group (significant negative correlations),ISFC within control group during resting state,rest,not_applicable,other,roi_fc,,False,0,negative,ISFC using leave-one-out approach with bootstrap hypothesis test,
35734477,c03,Resting-state ISC and ISFC in patient group,ISC and ISFC within patient group during resting state,rest,not_applicable,other,roi_fc,,False,0,not_applicable (no significant results),ISC and ISFC using leave-one-out approach with bootstrap hypothesis test,
35734477,c04,Motor task-stimulated ISC in control group,ISC within control group during motor task,verum,not_applicable,other,roi_fc,,False,0,positive (activation),ISC using leave-one-out approach with bootstrap hypothesis test,
35734477,c05,Motor task-stimulated ISC in patient group,ISC within patient group during motor task,verum,not_applicable,other,roi_fc,,False,0,positive (activation),ISC using leave-one-out approach with bootstrap hypothesis test,
35734477,c06,Motor task-stimulated ISFC in control group (positive and negative),ISFC within control group during motor task,verum,not_applicable,other,roi_fc,,False,0,both positive and negative,ISFC using leave-one-out approach with bootstrap hypothesis test,
35734477,c07,Motor task-stimulated ISFC in patient group (p < 0.01),ISFC within patient group during motor task,verum,not_applicable,other,roi_fc,,False,0,both positive and negative,ISFC using leave-one-out approach with bootstrap hypothesis test,
35734477,c08,"Motor task-stimulated ISFC in patient group (p < 0.001, FDR-corrected)",ISFC within patient group during motor task at stricter threshold,verum,not_applicable,other,roi_fc,,False,0,retained almost entirely significant ISFCs from level of p < 0.01,ISFC using leave-one-out approach with bootstrap hypothesis test,
35734477,c09,Acupuncture task-stimulated ISC in control group,ISC within control group during acupuncture task,verum,not_applicable,verum_gt_rest,roi_fc,,False,0,positive (activation),ISC using leave-one-out approach with bootstrap hypothesis test,
35734477,c10,Acupuncture task-stimulated ISFC in control group,ISFC within control group during acupuncture task,verum,not_applicable,verum_gt_rest,roi_fc,,False,0,no significant ROI pairs,ISFC using leave-one-out approach with bootstrap hypothesis test,
35734477,c11,Acupuncture task-stimulated ISFC in patient group (significant increased and decreased pairs),ISFC within patient group during acupuncture task,verum,not_applicable,verum_gt_rest,roi_fc,,False,0,both positive (increased) and negative (decreased),ISFC using leave-one-out approach with bootstrap hypothesis test,
35734477,c12,Motor task vs. acupuncture task ISFC comparison in control group,Between-condition ISFC comparison (motor task > acupuncture task),verum,verum,other,roi_fc,,False,0,motor task showed consistently higher correlations among ROI pairs than acupuncture task,Monte Carlo approximate permutation tests,
35734477,c13,Motor task vs. acupuncture task ISFC comparison in patient group,Between-condition ISFC comparison (motor task > acupuncture task),verum,verum,other,roi_fc,,False,0,motor task showed consistently higher correlations among ROI pairs than acupuncture task,Monte Carlo approximate permutation tests,
35734477,c14,Acupuncture task ISC in subgroup C1 (within 0.5 month),ISC within patient subgroup C1 during acupuncture task,verum,not_applicable,verum_gt_rest,roi_fc,,False,0,mixed (positive ISC and both positive and negative ISFC),ISC and ISFC using leave-one-out approach with bootstrap hypothesis test,
35734477,c15,Acupuncture task ISC/ISFC in subgroup C2 (0.5-1 month),ISC and ISFC within patient subgroup C2 during acupuncture task,verum,not_applicable,verum_gt_rest,roi_fc,,False,0,"mixed (positive ISC, both positive and negative ISFC)",ISC and ISFC using leave-one-out approach with bootstrap hypothesis test,
35734477,c16,Acupuncture task ISFC in subgroup C3 (1-3 months),ISFC within patient subgroup C3 during acupuncture task,verum,not_applicable,verum_gt_rest,roi_fc,,False,0,mixed (positive and negative); much fewer significant ISFCs than C1 and C2; no significant ISC,ISC and ISFC using leave-one-out approach with bootstrap hypothesis test,
35734477,c17,Subgroup C1 vs. C2 ISFC comparison during acupuncture task,Between subgroup ISFC comparison (C1 vs. C2),verum,verum,group_comparison,roi_fc,,False,0,C1 > C2 (stronger correlations in C1),Monte Carlo approximate permutation tests,
35734477,c18,Acupuncture task ISC/ISFC in subgroup Nih1 (NIHSS 0-1),ISC and ISFC within patient subgroup Nih1 during acupuncture task,verum,not_applicable,verum_gt_rest,roi_fc,,False,0,"positive ISC (A4ul_L); positive ISFC mainly within bilateral upper/lower limb motor, trunk sensory, and holistic sensory regions",ISC and ISFC using leave-one-out approach with bootstrap hypothesis test,
35734477,c19,Acupuncture task ISC/ISFC in subgroup Nih2 (NIHSS 2-4),ISC and ISFC within patient subgroup Nih2 during acupuncture task,verum,not_applicable,verum_gt_rest,roi_fc,,False,0,mixed; numerous significant positive connections within contralesional side and between sides; negative correlations mostly between hemispheres,ISC and ISFC using leave-one-out approach with bootstrap hypothesis test,
35734477,c20,Acupuncture task ISFC in subgroup Nih3 (NIHSS 5-15),ISFC within patient subgroup Nih3 during acupuncture task,verum,not_applicable,verum_gt_rest,roi_fc,,False,0,only a few significant ISFCs; positive values mainly within ipsilesional side; tongue and larynx area connections,ISC and ISFC using leave-one-out approach with bootstrap hypothesis test,
35734477,c21,Subgroup Nih1 vs. Nih3 ISFC comparison during acupuncture task,Between subgroup ISFC comparison (Nih1 vs. Nih3),verum,verum,group_comparison,roi_fc,,False,0,Nih1 > Nih3 (numerous higher correlations in contralesional side in Nih1 vs. Nih3),Monte Carlo approximate permutation tests,
35734477,c22,Subgroup Nih2 vs. Nih3 ISFC comparison during acupuncture task,Between subgroup ISFC comparison (Nih2 vs. Nih3),verum,verum,group_comparison,roi_fc,,False,0,Nih2 > Nih3 (higher correlations between hemispheres in Nih2 vs. Nih3),Monte Carlo approximate permutation tests,
35734477,27548054_C1,ALFF: LR3 plus KI3 > LR3 alone (activation),ALFF,verum,verum,verum_gt_sham,whole_brain_activation,,True,3,activation,ALFF,extraction_results.json
35734477,27548054_C2,ALFF: LR3 plus KI3 < LR3 alone (deactivation),ALFF,verum,verum,deactivation,whole_brain_activation,,True,3,deactivation,ALFF,extraction_results.json
35734477,27548054_C3,ReHo: LR3 plus KI3 > LR3 alone (activation),ReHo,verum,verum,verum_gt_sham,whole_brain_activation,,True,5,activation,ReHo,extraction_results.json
35734477,27548054_C4,ReHo: LR3 plus KI3 < LR3 alone (deactivation),ReHo,verum,verum,deactivation,whole_brain_activation,,True,1,deactivation,ReHo,extraction_results.json
35734477,27548054_C5,ALFF: LR3 plus sham > LR3 alone (activation),ALFF,sham,verum,other,whole_brain_activation,,True,6,activation,ALFF,extraction_results.json
35734477,27548054_C6,ALFF: LR3 plus sham < LR3 alone (deactivation),ALFF,sham,verum,deactivation,whole_brain_activation,,True,2,deactivation,ALFF,extraction_results.json
35734477,27548054_C7,ReHo: LR3 plus sham > LR3 alone (activation),ReHo,sham,verum,other,whole_brain_activation,,True,2,activation,ReHo,extraction_results.json
35734477,27548054_C8,ReHo: LR3 plus sham < LR3 alone (deactivation),ReHo,sham,verum,deactivation,whole_brain_activation,,True,5,deactivation,ReHo,extraction_results.json
35734477,27548054_C9,ALFF: LR3 plus KI3 > LR3 plus sham (activation),ALFF,verum,sham,verum_gt_sham,whole_brain_activation,,True,3,activation,ALFF,extraction_results.json
35734477,27548054_C10,ALFF: LR3 plus KI3 < LR3 plus sham (deactivation),ALFF,verum,sham,deactivation,whole_brain_activation,,True,4,deactivation,ALFF,extraction_results.json
35734477,27548054_C11,ReHo: LR3 plus KI3 > LR3 plus sham (activation),ReHo,verum,sham,verum_gt_sham,whole_brain_activation,,True,1,activation,ReHo,extraction_results.json
35734477,27548054_C12,ReHo: LR3 plus KI3 < LR3 plus sham (deactivation),ReHo,verum,sham,deactivation,whole_brain_activation,,True,3,deactivation,ReHo,extraction_results.json
39648209,fc_MDD_vs_HC_striatum_decreased,MDD patients vs HCs: decreased FC (Striatum as ROI),between-group comparison (two-sample T-test),baseline,rest,group_comparison,seed_based_fc,,False,0,decreased FC in MDD vs HC,Two-sample T-test; seed-to-voxel FC analysis,
39648209,fc_MDD_vs_HC_striatum_increased,MDD patients vs HCs: increased FC (Striatum as ROI),between-group comparison (two-sample T-test),baseline,rest,group_comparison,seed_based_fc,,False,0,increased FC in MDD vs HC,Two-sample T-test; seed-to-voxel FC analysis,
39648209,fc_MDD_vs_HC_VTA_increased,MDD patients vs HCs: increased FC (VTA as ROI),between-group comparison (two-sample T-test),baseline,rest,group_comparison,seed_based_fc,,False,0,increased FC in MDD vs HC,Two-sample T-test; seed-to-voxel FC analysis,
39648209,fc_MDD_vs_HC_DRN_increased,MDD patients vs HCs: increased FC (DRN as ROI),between-group comparison (two-sample T-test),baseline,rest,group_comparison,seed_based_fc,,False,0,increased FC in MDD vs HC,Two-sample T-test; seed-to-voxel FC analysis,
39648209,fc_MDD_vs_HC_MRN_increased,MDD patients vs HCs: increased FC (MRN as ROI),between-group comparison (two-sample T-test),baseline,rest,group_comparison,seed_based_fc,,False,0,increased FC in MDD vs HC,Two-sample T-test; seed-to-voxel FC analysis,
39648209,fc_MDD_vs_HC_MRN_decreased,MDD patients vs HCs: decreased FC (MRN as ROI),between-group comparison (two-sample T-test),baseline,rest,group_comparison,seed_based_fc,,False,0,decreased FC in MDD vs HC,Two-sample T-test; seed-to-voxel FC analysis,
39648209,fc_postIA_vs_preIA_striatum_decreased,post-IA vs pre-IA: decreased FC (Striatum as ROI) in MDD patients,within-group paired comparison (Paired T-test),verum,baseline,verum_post_gt_pre,seed_based_fc,,False,0,decreased FC post-IA vs pre-IA,Paired T-test; seed-to-voxel FC analysis,
39648209,fc_postIA_vs_preIA_VTA_decreased,post-IA vs pre-IA: decreased FC (VTA as ROI) in MDD patients,within-group paired comparison (Paired T-test),verum,baseline,verum_post_gt_pre,seed_based_fc,,False,0,decreased FC post-IA vs pre-IA,Paired T-test; seed-to-voxel FC analysis,
39648209,fc_postIA_vs_preIA_DRN_increased,post-IA vs pre-IA: increased FC (DRN as ROI) in MDD patients,within-group paired comparison (Paired T-test),verum,baseline,verum_post_gt_pre,seed_based_fc,,False,0,increased FC post-IA vs pre-IA,Paired T-test; seed-to-voxel FC analysis,
39648209,fc_postIA_vs_preIA_MRN_decreased,post-IA vs pre-IA: decreased FC (MRN as ROI) in MDD patients,within-group paired comparison (Paired T-test),verum,baseline,verum_post_gt_pre,seed_based_fc,,False,0,decreased FC post-IA vs pre-IA,Paired T-test; seed-to-voxel FC analysis,
39648209,25741269_C1,ST36 main effect (activation),activation,verum,not_applicable,verum_gt_rest,whole_brain_activation,,True,18,activation,activation,extraction_results.json
39648209,25741269_C2,ST36 main effect (deactivation),activation,verum,not_applicable,deactivation,whole_brain_activation,,True,35,deactivation,activation,extraction_results.json
39648209,25741269_C3,CP1 main effect (activation),activation,sham,not_applicable,sham_gt_rest,whole_brain_activation,1.0,True,7,activation,activation,extraction_results.json
39648209,25741269_C4,CP1 main effect (deactivation),activation,sham,not_applicable,deactivation,whole_brain_activation,,True,21,deactivation,activation,extraction_results.json
39648209,25741269_C5,CP2 main effect (activation),activation,sham,not_applicable,sham_gt_rest,whole_brain_activation,1.0,True,13,activation,activation,extraction_results.json
39648209,25741269_C6,CP2 main effect (deactivation),activation,sham,not_applicable,deactivation,whole_brain_activation,,True,16,deactivation,activation,extraction_results.json
39648209,25741269_C7,ST36 > CP1 (BOLD contrast),activation,verum,sham,verum_gt_sham,whole_brain_activation,,True,6,activation,activation,extraction_results.json
39648209,25741269_C8,"ST36 < CP1 (BOLD contrast, deactivation for ST36)",activation,verum,sham,deactivation,whole_brain_activation,,True,6,deactivation,activation,extraction_results.json
39648209,25741269_C9,ST36 > CP2 (BOLD contrast),activation,verum,sham,verum_gt_sham,whole_brain_activation,,True,9,activation,activation,extraction_results.json
39648209,25741269_C10,"ST36 < CP2 (BOLD contrast, deactivation for ST36)",activation,verum,sham,deactivation,whole_brain_activation,,True,15,deactivation,activation,extraction_results.json
39648209,25741269_C11,CP1 > CP2 (BOLD contrast),activation,sham,sham,other,whole_brain_activation,,True,4,activation,activation,extraction_results.json
39648209,25741269_C12,"CP1 < CP2 (BOLD contrast, deactivation for CP1)",activation,sham,sham,other,whole_brain_activation,,True,4,deactivation,activation,extraction_results.json
37383656,C001,"Temporal properties within TATG group: mean dwell time state 3, before vs after treatment",within-group pre-post comparison,baseline,verum,verum_post_gt_pre,network_ica,,False,0,decreased (shorter mean dwell time after treatment),paired samples t-test,
37383656,C002,"Temporal properties within SATG group: mean dwell time state 2, before vs after treatment",within-group pre-post comparison,baseline,sham,sham_post_gt_pre,network_ica,1.0,False,0,increased (longer mean dwell time after treatment),paired samples t-test,
37383656,C003,"Connectivity strength within TATG group, state 1: DAN-DMN, before vs after treatment",within-group pre-post comparison of functional connectivity,baseline,verum,verum_post_gt_pre,network_ica,,False,0,increased FC between DAN and DMN after treatment,paired samples t-test,
37383656,C004,"Connectivity strength within TATG group, state 2: RFPN-SMN, before vs after treatment",within-group pre-post comparison of functional connectivity,baseline,verum,verum_post_gt_pre,network_ica,,False,0,reduced FC between RFPN and SMN after treatment,paired samples t-test,
37383656,C005,"Connectivity strength within TATG group, state 3: FPN-SMN, before vs after treatment",within-group pre-post comparison of functional connectivity,baseline,verum,verum_post_gt_pre,network_ica,,False,0,reduced FC between FPN and SMN after treatment,paired samples t-test,
37383656,C006,"Connectivity strength within SATG group, state 2: within FPN, before vs after treatment",within-group pre-post comparison of functional connectivity,baseline,sham,sham_post_gt_pre,network_ica,1.0,False,0,"elevated FC in FPN (between LFPN and RFPN, within RFPN) after treatment",paired samples t-test,
37383656,C007,"Between-group difference: DAN-RFPN in state 1, TATG vs SATG (positive effect)",between-group comparison (ANCOVA),verum,sham,verum_gt_sham,network_ica,1.0,False,0,positive effect (increased FC between DAN and RFPN in state 1 in TATG group compared to SATG group),Analysis of covariance (ANCOVA); disease duration and lesion volume taken as covariates,
37383656,C008,Correlation: mean dwell time in state 3 and FMA-LE score (baseline),correlation analysis at baseline,baseline,not_applicable,correlation_clinical,correlation_brain_behavior,,False,0,negative correlation,Pearson's correlation,
37383656,C009,Correlation: mean dwell time in state 1 and NIHSS score (baseline) - trend,correlation analysis at baseline,baseline,not_applicable,correlation_clinical,correlation_brain_behavior,,False,0,negative correlation trend (did not reach significance threshold P < 0.05),Pearson's correlation,
37383656,C010,Correlation: FC in RFPN-SMN in state 3 and FMA score (baseline),correlation analysis at baseline,baseline,not_applicable,correlation_clinical,correlation_brain_behavior,,False,0,positive correlation,Pearson's correlation,
37383656,C011,Correlation: FC in DAN-DMN in state 1 and FMA-LE score (baseline),correlation analysis at baseline,baseline,not_applicable,correlation_clinical,correlation_brain_behavior,,False,0,positive correlation,Pearson's correlation,
37383656,C012,Correlation: FC in DAN-RFPN in state 1 and FMA-LE score (baseline),correlation analysis at baseline,baseline,not_applicable,correlation_clinical,correlation_brain_behavior,,False,0,positive correlation,Pearson's correlation,
37383656,C013,"Temporal properties within TATG group: fraction time state 3, before vs after treatment",within-group pre-post comparison,baseline,verum,verum_post_gt_pre,network_ica,,False,0,not significant,paired samples t-test,
37383656,C014,Between-group comparison of temporal properties (all states): TATG vs SATG,between-group comparison (ANCOVA),verum,sham,group_comparison,network_ica,,False,0,no statistically significant differences between groups for any temporal parameter,Analysis of covariance (ANCOVA); disease duration and lesion volume taken as covariates,
41999225,NEURAL_VBM_AA_gt_AGGG,AA > AG/GG (GABRB3 rs4906902 genotype comparison in acupuncture group),Baseline gray matter VBM comparison between AG/GG and AA GABRB3 rs4906902 genotype in KOA knee pain patients in acupuncture group,baseline,baseline,group_comparison,whole_brain_activation,,True,2,AA > AG/GG (AA homozygotes have greater gray matter volume than AG/GG carriers),Voxel-based morphometry (VBM) implemented in SPM12,
41999225,NEURAL_VBM_AGGG_gt_AA,AA < AG/GG (GABRB3 rs4906902 genotype comparison in acupuncture group),Baseline gray matter VBM comparison between AG/GG and AA GABRB3 rs4906902 genotype in KOA knee pain patients in acupuncture group — reverse direction,baseline,baseline,group_comparison,whole_brain_activation,,False,0,AA < AG/GG,Voxel-based morphometry (VBM) implemented in SPM12,
41999225,NEURAL_PLS1_transcriptomics,PLS1 spatial association between whole-brain gene expression patterns and VBM differences based on GABRB3 rs4906902 genotyping (AG/GG vs. AA),Transcriptome-neuroimaging partial least squares (PLS) regression; spatial correlation between gene expression and VBM t-statistic map,baseline,baseline,other,multivariate,,False,0,PLS+ (Z>3): genes positively weighted; PLS− (Z<−3): genes negatively weighted,"Partial least squares (PLS) regression; AHBA gene expression data preprocessed using Abagen toolbox; Brainnetome Atlas (BN-246); 10,000 permutation tests; bootstrap for gene contribution variability; Z-score calculated as ratio of gene weights to bootstrap standard errors",
24963329,con_ALFF_TA_vs_PA,TA versus PA (ALFF),post-true acupuncture versus preacupuncture,verum,baseline,verum_post_gt_pre,whole_brain_activation,,True,2,deactivation (T value negative),paired t-test on standardized ALFF values; AlphaSim correction P < 0.05; continuous voxel >85,
24963329,con_ALFF_TA_vs_SA,TA versus SA (ALFF),post-true acupuncture versus post-sham acupuncture,verum,sham,verum_gt_sham,whole_brain_activation,3.0,True,1,deactivation (T value negative),paired t-test on standardized ALFF values; AlphaSim correction P < 0.05; continuous voxel >85,
24963329,con_ALFF_SA_vs_PA,Sham acupuncture at LR3 versus preacupuncture (ALFF),post-sham acupuncture versus preacupuncture,sham,baseline,sham_post_gt_pre,whole_brain_activation,3.0,False,0,no alterations detected,paired t-test on standardized ALFF values; AlphaSim correction P < 0.05; continuous voxel >85,
24963329,con_ReHo_TA_vs_PA,TA versus PA (ReHo),post-true acupuncture versus preacupuncture,verum,baseline,verum_post_gt_pre,whole_brain_activation,,True,4,mixed (deactivation and activation),paired t-test on standardized ReHo values; AlphaSim correction P < 0.05; continuous voxel >85; Kendall's coefficient of concordance,
24963329,con_ReHo_TA_vs_SA,TA versus SA (ReHo),post-true acupuncture versus post-sham acupuncture,verum,sham,verum_gt_sham,whole_brain_activation,3.0,True,4,mixed (deactivation and activation),paired t-test on standardized ReHo values; AlphaSim correction P < 0.05; continuous voxel >85; Kendall's coefficient of concordance,
24963329,con_ReHo_SA_vs_PA,SA versus PA (ReHo),post-sham acupuncture versus preacupuncture,sham,baseline,sham_post_gt_pre,whole_brain_activation,3.0,True,5,mixed (deactivation and activation),paired t-test on standardized ReHo values; AlphaSim correction P < 0.05; continuous voxel >85; Kendall's coefficient of concordance,
24963329,26446439_C1,LI4 TEAS > Resting Baseline,activation,verum,rest,verum_gt_rest,whole_brain_activation,,True,10,activation,activation,extraction_results.json
24963329,26446439_C2,ST6 TEAS > Resting Baseline,activation,verum,rest,verum_gt_rest,whole_brain_activation,,True,11,activation,activation,extraction_results.json
24963329,26446439_C3,Sham TEAS > Resting Baseline,activation,sham,rest,sham_gt_rest,whole_brain_activation,3.0,True,4,activation,activation,extraction_results.json
24963329,26446439_SR_C1,SA versus PA (ALFF),ALFF,sham,baseline,sham_post_gt_pre,whole_brain_activation,,True,1,deactivation,ALFF,sham_rest_extract
24963329,26446439_SR_C2,SA versus PA (ReHo) - deactivation: Superior frontal gyrus,ReHo,sham,baseline,sham_post_gt_pre,whole_brain_activation,,True,1,deactivation,ReHo,sham_rest_extract
24963329,26446439_SR_C3,SA versus PA (ReHo) - deactivation: Posterior cingulate,ReHo,sham,baseline,sham_post_gt_pre,whole_brain_activation,,True,1,deactivation,ReHo,sham_rest_extract
24963329,26446439_SR_C4,SA versus PA (ReHo) - activation: Middle temporal gyrus,ReHo,sham,baseline,sham_post_gt_pre,whole_brain_activation,,True,1,activation,ReHo,sham_rest_extract
24963329,26446439_SR_C5,SA versus PA (ReHo) - activation: Cingulate gyrus,ReHo,sham,baseline,sham_post_gt_pre,whole_brain_activation,,True,1,activation,ReHo,sham_rest_extract
24963329,26446439_SR_C6,SA versus PA (ReHo) - activation: Lentiform nucleus,ReHo,sham,baseline,sham_post_gt_pre,whole_brain_activation,,True,1,activation,ReHo,sham_rest_extract
34108856,con_RA_retention,RA retention - one-sample t test,one-sample t test within group,verum,not_applicable,verum_gt_rest,whole_brain_activation,,False,0,not_applicable,one-sample t test,
34108856,con_RA_twirling,RA twirling - one-sample t test,one-sample t test within group,verum,not_applicable,deactivation,whole_brain_activation,,True,1,deactivation (negative peak Z score),one-sample t test,
34108856,con_RA_twirl_vs_retain,RA twirling vs. retention (paired t test within RA group),paired t test within group,verum,verum,deactivation,whole_brain_activation,,True,1,deactivation (negative peak Z score),paired t test,
34108856,con_SA_twirling,SA twirling - one-sample t test,one-sample t test within group,sham,not_applicable,deactivation,whole_brain_activation,,True,1,deactivation (negative peak Z score),one-sample t test,
34108856,con_SA_retention,SA retention - one-sample t test,one-sample t test within group,sham,not_applicable,deactivation,whole_brain_activation,,True,1,deactivation (negative peak Z score),one-sample t test,
34108856,con_SA_twirl_vs_retain,SA twirling vs. retention (paired t test within SA group),paired t test within group,sham,sham,sham_gt_rest,whole_brain_activation,,False,0,not_applicable,paired t test,
34108856,con_retention_RA_vs_SA,Retention RA vs. SA (between-group comparison under retention condition),two-sample t test or ANOVA between groups,verum,sham,verum_gt_sham,whole_brain_activation,,True,4,mixed (both positive and negative peak Z scores reported),2 × 2 analysis of variance (full factorial analysis in SPM8 second-level analysis),
34108856,con_twirling_RA_vs_SA,Twirling RA vs. SA (between-group comparison under twirling condition),two-sample t test or ANOVA between groups,verum,sham,verum_gt_sham,whole_brain_activation,,True,2,mixed (both positive and negative peak Z scores reported),2 × 2 analysis of variance (full factorial analysis in SPM8 second-level analysis),
34108856,con_twirl_retain_RA_vs_SA,Twirling/Retention vs. RA/SA (interaction: twirling vs. retention condition change between real vs. sham acupuncture groups),2 × 2 ANOVA interaction,verum,sham,group_comparison,whole_brain_activation,,True,2,mixed (positive and negative peak Z scores),2 × 2 analysis of variance (full factorial analysis in SPM8 second-level analysis),
34108856,con_FC_rACC_precentral_postVSpre_RAvssSA,Significant group difference FC change (post- vs. pre-) between RA and SA group in FC between rACC and left precentral gyrus,between-group comparison of pre-to-post treatment change in resting-state functional connectivity,verum,sham,group_comparison,seed_based_fc,,False,0,real acupuncture significantly decreased the resting-state FC between the rACC and left precentral gyrus compared with sham acupuncture,seed-based functional connectivity analysis; Pearson correlation analysis; Fisher Z transformation,
34108856,con_corr_baselineFC_vs_analgesia,Correlation between FC of rACC-Precentral.L at baseline and short-term pain analgesia (VAS change),Pearson correlation,baseline,not_applicable,correlation_clinical,seed_based_fc,,False,0,negative correlation,Pearson's correlation coefficient,
34108856,con_corr_FCchange_vs_analgesia,Correlation between change of FC in rACC-Precentral.L and short-time pain analgesia in PDM patients after acupuncture treatment,Pearson correlation,rest,baseline,correlation_clinical,seed_based_fc,,False,0,positive correlation,Pearson's correlation coefficient,
34108856,27438091_SR_C1,SA twirling,activation,sham,not_applicable,deactivation,whole_brain_activation,,True,1,deactivation,activation,sham_rest_extract
34108856,27438091_SR_C2,SA retention,activation,sham,not_applicable,deactivation,whole_brain_activation,,True,1,deactivation,activation,sham_rest_extract
33560579,con_ReHo_effective_vs_sham,Cerebral areas of changes of ReHo value induced by acupuncture on SP3 (effective acupuncture versus. sham acupuncture),paired sample t test; posteffective acupuncture versus postsham acupuncture,verum,sham,verum_gt_sham,whole_brain_activation,2.0,True,3,decreased (all related brain areas showed decreased ReHo values),paired sample t test,
33560579,con_ALFF_effective_vs_sham_increased,Cerebral areas of changes of ALFF value induced by acupuncture on SP3 — Increased (effective acupuncture versus. sham acupuncture),paired sample t test; posteffective acupuncture versus postsham acupuncture — increased ALFF,verum,sham,verum_gt_sham,whole_brain_activation,2.0,True,1,increased,paired sample t test,
33560579,con_ALFF_effective_vs_sham_decreased,Cerebral areas of changes of ALFF value induced by acupuncture on SP3 — Decreased (effective acupuncture versus. sham acupuncture),paired sample t test; posteffective acupuncture versus postsham acupuncture — decreased ALFF,verum,sham,verum_gt_sham,whole_brain_activation,2.0,True,4,decreased,paired sample t test,
33560579,29305037_C1,Acupoints vs. Sham - Left Brain,activation,verum,sham,verum_gt_sham,whole_brain_activation,,True,9,activation,activation,extraction_results.json
33560579,29305037_C2,Acupoints vs. Sham - Right Brain,activation,verum,sham,verum_gt_sham,whole_brain_activation,,True,4,activation,activation,extraction_results.json
33560579,29305037_C3,Anterior vs. Sham - Left Brain,activation,verum,sham,verum_gt_sham,whole_brain_activation,,True,8,activation,activation,extraction_results.json
33560579,29305037_C4,Anterior vs. Sham - Right Brain,activation,verum,sham,verum_gt_sham,whole_brain_activation,,True,2,activation,activation,extraction_results.json
33560579,29305037_C5,Acupoints vs. Anterior - Left Brain,activation,verum,verum,other,whole_brain_activation,,True,1,activation,activation,extraction_results.json
33560579,29305037_C6,Brodmann Area 41 activation - Acupoints vs Sham (text),activation,verum,sham,verum_gt_sham,whole_brain_activation,,True,1,activation,activation,extraction_results.json
34431029,nc_OHb_TG_vs_CG,Resting-state FC in oxyhemoglobin: TG significantly stronger than CG,"between-group comparison of resting-state functional connectivity (post-treatment), TG > CG",verum,waiting_list,group_comparison,roi_fc,,False,0,TG > CG (positive correlations in TG; no pairs in CG significantly stronger than TG),Two sample t-test with False Discovery Rate (FDR) correction; one-tailed t-test: HA: μ > CG; H0: μ ≤ CG,
34431029,nc_HHb_TG_vs_CG,Resting-state FC in deoxyhemoglobin: TG significantly stronger than CG,"between-group comparison of resting-state functional connectivity (post-treatment), TG > CG",verum,waiting_list,group_comparison,roi_fc,,False,0,TG > CG (no pairs in CG significantly stronger than TG),Two sample t-test with False Discovery Rate (FDR) correction; one-tailed t-test: HA: μ > CG; H0: μ ≤ CG,
34431029,nc_tHb_TG_vs_CG,Resting-state FC in total hemoglobin: TG significantly stronger than CG,"between-group comparison of resting-state functional connectivity (post-treatment), TG > CG",verum,waiting_list,group_comparison,roi_fc,,False,0,TG > CG; positive correlations in all significant pairs (no pairs in CG significantly stronger than TG),Two sample t-test with False Discovery Rate (FDR) correction; one-tailed t-test: HA: μ > CG; H0: μ ≤ CG,
34431029,nc_rsFC_correlation_clinical,Correlation between rsFC changes and depression severity (HAMD-17/PHQ-9),correlation between neural and clinical outcomes,verum,not_applicable,correlation_clinical,correlation_brain_behavior,,False,0,not_significant,not_reported,
34431029,nc_OHb_HHb_hemodynamic_demand,Hemodynamic changes and severity of depression - between group comparison,between-group comparison of OHb and HHb resting-state demands pre- and post-treatment,verum,waiting_list,group_comparison,roi_fc,,False,0,not_significant,not_reported,
34431029,26467429_C1,ALFF real KI3 > sham KI3 (increased),ALFF,verum,sham,verum_gt_sham,whole_brain_activation,,True,1,increase,ALFF,extraction_results.json
34431029,26467429_C2,ALFF real KI3 < sham KI3 (decreased),ALFF,sham,verum,deactivation,whole_brain_activation,,True,2,decrease,ALFF,extraction_results.json
34431029,26467429_C3,ReHo real KI3 > sham KI3 (increased),ReHo,verum,sham,verum_gt_sham,whole_brain_activation,,True,1,increase,ReHo,extraction_results.json
34431029,26467429_C4,ReHo real KI3 < sham KI3 (decreased),ReHo,sham,verum,deactivation,whole_brain_activation,,True,2,decrease,ReHo,extraction_results.json
34431029,26467429_C5,ALFF post-KI3 > pre-KI3 (increased),ALFF,verum,baseline,verum_post_gt_pre,whole_brain_activation,,True,2,increase,ALFF,extraction_results.json
34431029,26467429_C6,ReHo post-KI3 > pre-KI3 (increased),ReHo,verum,baseline,verum_post_gt_pre,whole_brain_activation,,True,2,increase,ReHo,extraction_results.json
34431029,26467429_C7,ReHo post-KI3 < pre-KI3 (decreased),ReHo,baseline,verum,deactivation,whole_brain_activation,,True,1,decrease,ReHo,extraction_results.json
34431029,26467429_C8,ALFF post-nonacupoint > pre-nonacupoint (increased),ALFF,sham,baseline,sham_post_gt_pre,whole_brain_activation,,True,3,increase,ALFF,extraction_results.json
34431029,26467429_C9,ALFF post-nonacupoint < pre-nonacupoint (decreased),ALFF,baseline,sham,deactivation,whole_brain_activation,,True,3,decrease,ALFF,extraction_results.json
34431029,26467429_C10,ReHo post-nonacupoint > pre-nonacupoint (increased),ReHo,sham,baseline,sham_post_gt_pre,whole_brain_activation,,True,1,increase,ReHo,extraction_results.json
34431029,26467429_C11,ReHo post-nonacupoint < pre-nonacupoint (decreased),ReHo,baseline,sham,deactivation,whole_brain_activation,,True,5,decrease,ReHo,extraction_results.json
34431029,26467429_C12,ALFF change KI3 > change non-acupoint (increased),ALFF,verum,sham,verum_gt_sham,whole_brain_activation,,True,5,increase,ALFF,extraction_results.json
34431029,26467429_C13,ALFF change KI3 < change non-acupoint (decreased),ALFF,sham,verum,deactivation,whole_brain_activation,,True,3,decrease,ALFF,extraction_results.json
34431029,26467429_C14,ReHo change KI3 > change non-acupoint (increased),ReHo,verum,sham,verum_gt_sham,whole_brain_activation,,True,6,increase,ReHo,extraction_results.json
34431029,26467429_C15,ReHo change KI3 < change non-acupoint (decreased),ReHo,sham,verum,deactivation,whole_brain_activation,,True,2,decrease,ReHo,extraction_results.json
25228908,contrast_fmri_activation_st36_deqi,Activated regions in fMRI after de qi in Zusanli acupoint following acupuncture,signal increase during de qi stage compared with before de qi,verum,baseline,verum_gt_rest,whole_brain_activation,,True,18,increase (shown in spectrum from red to yellow),not_reported,
25228908,contrast_fmri_deactivation_st36_deqi,Deactivated regions in fMRI after de qi in Zusanli acupoint following acupuncture,signal decrease during de qi stage compared with before de qi,verum,baseline,deactivation,whole_brain_activation,,True,34,decrease (shown in spectrum from blue to green),not_reported,
25228908,contrast_eeg_no_change,Change of electroencephalogram in Hegu acupoint following acupuncture before and after de qi,EEG change before vs after de qi,verum,baseline,other,other,,False,0,no significant change,"EEG recording from 12 channels using Biopac Systems EEG; frequency bands α (8–13 Hz), β (13–30 Hz), θ (4–8 Hz), δ (0.5–4 Hz); 10–20 electrode placement method; electrodes at frontal, parietal, temporal, occipital regions",
25228908,29343693_C1,REAL acupuncture stimulation > baseline (activation),activation,verum,rest,verum_gt_rest,whole_brain_activation,,True,26,activation,activation,extraction_results.json
25228908,29343693_C2,REAL acupuncture stimulation > baseline (deactivation),activation,verum,rest,deactivation,whole_brain_activation,,True,25,deactivation,activation,extraction_results.json
25228908,29343693_C3,PHNT acupuncture stimulation > baseline (activation),activation,sham,rest,sham_gt_rest,whole_brain_activation,4.0,True,39,activation,activation,extraction_results.json
25228908,29343693_C4,PHNT acupuncture stimulation > baseline (deactivation),activation,sham,rest,deactivation,whole_brain_activation,,True,11,deactivation,activation,extraction_results.json
25228908,29343693_C5,Conjunction REAL & PHNT (activation),activation,verum,rest,verum_gt_rest,whole_brain_activation,,True,18,activation,activation,extraction_results.json
25228908,29343693_C6,Conjunction REAL & PHNT (deactivation),activation,verum,rest,deactivation,whole_brain_activation,,True,3,deactivation,activation,extraction_results.json
25228908,29343693_C7,REAL > PHNT (activation; REAL greater),activation,verum,sham,verum_gt_sham,whole_brain_activation,,True,21,activation,activation,extraction_results.json
25228908,29343693_C8,PHNT > REAL (deactivation in REAL-PHNT contrast; PHNT greater),activation,sham,verum,verum_gt_sham,whole_brain_activation,,True,23,activation,activation,extraction_results.json
21794103,nc_EA_source_localization,EA primary source localization to contralateral SI,Dipole source localization,verum,not_applicable,other,other,,False,0,Sources localized to contralateral SI for all subjects,Equivalent current dipole fitting using xfit software for 20/30 ms response; projected to cortical surface via individual MRI and morphed to average surface,
21794103,nc_AP_source_localization,AP primary source localization to contralateral SI,Dipole source localization,verum,not_applicable,other,other,,False,0,Sources localized to contralateral SI for all subjects; AP sources mapped slightly dorsal to EA in most subjects,Equivalent current dipole fitting using xfit software for 20/30 ms response; projected to cortical surface via individual MRI and morphed to average surface,
21794103,nc_EA_evoked_peaks_average,EA average evoked S1 response peaks over all 15 minutes,Evoked response field peak latencies,verum,not_applicable,other,other,,False,5,not_reported,Spatial filter from P30 dipole applied to generate continuous waveform; averaged on stimulus triggers,
21794103,nc_AP_evoked_peaks_average,AP average evoked S1 response peaks over all 15 minutes,Evoked response field peak latencies,verum,not_applicable,other,other,,False,5,not_reported,Spatial filter from P30 dipole applied to generate continuous waveform; averaged on stimulus triggers,
21794103,nc_EA_amplitude_mod_M30,EA: significant decrease in M30 peak amplitude after 5 minutes of stimulation,Within-condition peak amplitude change over time (5-minute sub-averages),verum,verum,other,other,,False,1,Decrease (attenuation of peak-to-peak amplitude),One-tailed paired t-test comparing mean dipolar moment at peaks between 5-minute sub-averages,
21794103,nc_EA_amplitude_mod_M50,EA: significant decrease in M50 peak amplitude after >10 minutes of stimulation,Within-condition peak amplitude change over time (5-minute sub-averages),verum,verum,other,other,,False,1,Decrease (attenuation of peak-to-peak amplitude),One-tailed paired t-test comparing mean dipolar moment at peaks between 5-minute sub-averages,
21794103,nc_AP_amplitude_mod_M50,AP: significant decrease in M50 peak amplitude after >10 minutes of stimulation,Within-condition peak amplitude change over time (5-minute sub-averages),verum,verum,other,other,,False,1,Decrease (attenuation of peak-to-peak amplitude),One-tailed paired t-test comparing mean dipolar moment at peaks between 5-minute sub-averages,
21794103,nc_AP_amplitude_mod_M120,AP: significant decrease in M120 peak amplitude after 5 minutes of stimulation and after >10 minutes,Within-condition peak amplitude change over time (5-minute sub-averages),verum,verum,other,other,,False,1,Decrease (attenuation of peak-to-peak amplitude),One-tailed paired t-test comparing mean dipolar moment at peaks between 5-minute sub-averages,
21794103,nc_EA_TFR_gamma_ERS,EA: early low-gamma ERS at ~20-70 ms post-stimulus in S1,Time-frequency response (TFR) induced oscillatory activity,verum,not_applicable,verum_gt_rest,other,,False,0,Increase (ERS) in low gamma power (~30-50 Hz),Continuous wavelet transform using complex Morlet wavelets; average evoked TFR subtracted from each trial prior to averaging for induced TFR; percentage change relative to baseline mean,
21794103,nc_AP_TFR_gamma_ERS,AP: early low-gamma ERS at ~20-70 ms post-stimulus in S1,Time-frequency response (TFR) induced oscillatory activity,verum,not_applicable,verum_gt_rest,other,,False,0,Increase (ERS) in low gamma power (~30-50 Hz),Continuous wavelet transform using complex Morlet wavelets; average evoked TFR subtracted from each trial prior to averaging for induced TFR; percentage change relative to baseline mean,
21794103,nc_EA_TFR_theta_ERS,EA: theta ERS at ~50-200 ms post-stimulus in S1,Time-frequency response (TFR) induced oscillatory activity,verum,not_applicable,verum_gt_rest,other,,False,0,Increase (ERS) in theta power (~6-8 Hz),Continuous wavelet transform using complex Morlet wavelets; average evoked TFR subtracted from each trial prior to averaging for induced TFR; percentage change relative to baseline mean,
21794103,nc_AP_TFR_theta_ERS,AP: theta ERS at ~50-200 ms post-stimulus in S1,Time-frequency response (TFR) induced oscillatory activity,verum,not_applicable,verum_gt_rest,other,,False,0,Increase (ERS) in theta power (~6-8 Hz),Continuous wavelet transform using complex Morlet wavelets; average evoked TFR subtracted from each trial prior to averaging for induced TFR; percentage change relative to baseline mean,
21794103,nc_EA_TFR_alpha_ERD,EA: prolonged alpha ERD at ~100-300 ms post-stimulus in S1,Time-frequency response (TFR) induced oscillatory activity,verum,not_applicable,deactivation,other,,False,0,Decrease (ERD) in alpha power (~8-13 Hz),Continuous wavelet transform using complex Morlet wavelets; average evoked TFR subtracted from each trial prior to averaging for induced TFR; percentage change relative to baseline mean,
21794103,nc_AP_TFR_alpha_ERD,AP: prolonged alpha ERD at ~100-300 ms post-stimulus in S1,Time-frequency response (TFR) induced oscillatory activity,verum,not_applicable,deactivation,other,,False,0,Decrease (ERD) in alpha power (~8-13 Hz),Continuous wavelet transform using complex Morlet wavelets; average evoked TFR subtracted from each trial prior to averaging for induced TFR; percentage change relative to baseline mean,
21794103,nc_EA_TFR_beta_ERD,EA: prolonged beta ERD at ~100-300 ms post-stimulus in S1,Time-frequency response (TFR) induced oscillatory activity,verum,not_applicable,deactivation,other,,False,0,Decrease (ERD) in beta power (~15-30 Hz),Continuous wavelet transform using complex Morlet wavelets; average evoked TFR subtracted from each trial prior to averaging for induced TFR; percentage change relative to baseline mean,
21794103,nc_AP_TFR_beta_ERD,AP: prolonged beta ERD at ~100-300 ms post-stimulus in S1,Time-frequency response (TFR) induced oscillatory activity,verum,not_applicable,deactivation,other,,False,0,Decrease (ERD) in beta power (~15-30 Hz),Continuous wavelet transform using complex Morlet wavelets; average evoked TFR subtracted from each trial prior to averaging for induced TFR; percentage change relative to baseline mean,
21794103,nc_EA_vs_AP_TFR_nodiff,EA vs AP: no significant differences in TFR bands,Between-condition TFR comparison,verum,verum,verum_gt_sham,other,,False,0,No significant differences found between EA and AP in any of these ranges,Paired t-test,
21794103,nc_EA_beta_ERD_overtime,EA: decreased beta ERD magnitude over course of 15-minute stimulation (linear trend),"Within-condition beta ERD change over time (1-minute segments, 15 minutes)",verum,not_applicable,other,other,,False,1,Decrease in magnitude of beta ERD over 15 minutes,Regression and goodness of fit test for linear trend; TFR analysis performed on sequential 1-minute windows; relative power between 100-300 ms post-stimulus assessed per minute per frequency band,
21794103,nc_AP_beta_ERD_overtime_notrend,AP: no significant linear trend in beta ERD magnitude over course of 15-minute stimulation,"Within-condition beta ERD change over time (1-minute segments, 15 minutes)",verum,not_applicable,other,other,,False,1,No significant linear trend,Regression and goodness of fit test for linear trend; TFR analysis performed on sequential 1-minute windows,
21794103,nc_AP_beta_ERD_first_vs_last,AP: decrease in beta ERD when comparing only first and last minute,Within-condition beta ERD first vs. last minute comparison,verum,not_applicable,other,other,,False,1,Decrease in beta ERD magnitude; appears as rapid reduction in induced response during first 3-4 minutes with no significant trend during later minutes,Paired t-test,
21794103,nc_EA_beta_ERD_first_vs_last,EA: first vs. last minute beta ERD comparison just under significance,Within-condition beta ERD first vs. last minute comparison,verum,not_applicable,other,other,,False,1,Decrease (just under significance),Paired t-test,
40772121,contrast_koa_vs_healthy,KOA patients had lower functional connectivity in the limbic network than healthy subjects,between-group comparison (KOA patients vs healthy subjects) at baseline,baseline,baseline,group_comparison,network_ica,,True,9,decreased (KOA < healthy),Independent Component Analysis (ICA) using GIFT software; Group-ICA with 36 independent components estimated by minimum description length criterion; ICASSO repeated 50 times; component identification using YeoRSN template; Two independent sample t-tests with GRF correction,
40772121,contrast_acupuncture_post_vs_pre,"After acupuncture intervention, the functional connections of the limbic network in KOA patients increased",within-group pre-post comparison (acupuncture group: post-treatment vs baseline),verum,baseline,verum_post_gt_pre,network_ica,,True,9,increased (post > pre),Independent Component Analysis (ICA) using GIFT software; Paired sample t test with GRF correction,
40772121,contrast_placebo_post_vs_pre,Functional connectivity of limbic network increased in KOA patients after placebo acupuncture intervention,within-group pre-post comparison (placebo acupuncture group: post-treatment vs baseline),sham,baseline,sham_post_gt_pre,network_ica,1.0,True,2,increased (post > pre); no regions with reduced functional connections were found,Independent Component Analysis (ICA) using GIFT software; Paired sample t test with GRF correction,
40772121,contrast_corr_acu_acc_l_womac_stiff,Correlation between left anterior cingulate gyrus FC change and WOMAC Stiffness score improvement in acupuncture group,Pearson correlation between ROI signal difference (post-pre) and clinical scale difference,verum,baseline,correlation_clinical,correlation_brain_behavior,,False,0,negative correlation,Pearson's correlation analysis using SPSS 26.0; ROI signal extracted using Extract ROI Signals function in RESTplus software,
40772121,contrast_corr_acu_put_r_womac_pain,Correlation between right lenticular nucleus putamen FC change and WOMAC pain score improvement in acupuncture group,Pearson correlation between ROI signal difference (post-pre) and clinical scale difference,verum,baseline,correlation_clinical,correlation_brain_behavior,,False,0,positive correlation,Pearson's correlation analysis using SPSS 26.0; ROI signal extracted using Extract ROI Signals function in RESTplus software,
40772121,contrast_corr_acu_amyg_r_koos,Correlation between right amygdala FC change and KOOS score in acupuncture group,Pearson correlation between ROI signal difference (post-pre) and clinical scale difference,verum,baseline,correlation_clinical,correlation_brain_behavior,,False,0,positive correlation,Pearson's correlation analysis using SPSS 26.0; ROI signal extracted using Extract ROI Signals function in RESTplus software,
40772121,contrast_corr_acu_amyg_r_koos_pain,Correlation between right amygdala FC change and KOOS pain dimension score in acupuncture group,Pearson correlation between ROI signal difference (post-pre) and clinical scale difference,verum,baseline,correlation_clinical,correlation_brain_behavior,,False,0,positive correlation,Pearson's correlation analysis using SPSS 26.0; ROI signal extracted using Extract ROI Signals function in RESTplus software,
40772121,contrast_corr_acu_tp_r_koos_symptom,Correlation between right temporal pole FC change and KOOS symptom dimension score in acupuncture group,Pearson correlation between ROI signal difference (post-pre) and clinical scale difference,verum,baseline,correlation_clinical,correlation_brain_behavior,,False,0,positive correlation,Pearson's correlation analysis using SPSS 26.0; ROI signal extracted using Extract ROI Signals function in RESTplus software,
40772121,contrast_corr_acu_acc_r_womac,Correlation between right anterior cingulate gyrus FC change and WOMAC score in acupuncture group,Pearson correlation between ROI signal difference (post-pre) and clinical scale difference,verum,baseline,correlation_clinical,correlation_brain_behavior,,False,0,negative correlation,Pearson's correlation analysis using SPSS 26.0; ROI signal extracted using Extract ROI Signals function in RESTplus software,
40772121,contrast_corr_acu_hip_r_koos_pain,Correlation between right hippocampus FC change and KOOS pain dimension score in acupuncture group,Pearson correlation between ROI signal difference (post-pre) and clinical scale difference,verum,baseline,correlation_clinical,correlation_brain_behavior,,False,0,negative correlation,Pearson's correlation analysis using SPSS 26.0; ROI signal extracted using Extract ROI Signals function in RESTplus software,
40772121,contrast_corr_acu_phg_r_koos_func,Correlation between right parahippocampal gyrus FC change and KOOS functional score in acupuncture group,Pearson correlation between ROI signal difference (post-pre) and clinical scale difference,verum,baseline,correlation_clinical,correlation_brain_behavior,,False,0,negative correlation,Pearson's correlation analysis using SPSS 26.0; ROI signal extracted using Extract ROI Signals function in RESTplus software,
40772121,contrast_corr_placebo_put_r_koos,Correlation between right lenticular nucleus putamen FC change and KOOS score in placebo acupuncture group,Pearson correlation between ROI signal difference (post-pre) and clinical scale difference,sham,baseline,correlation_clinical,correlation_brain_behavior,1.0,False,0,negative correlation,Pearson's correlation analysis using SPSS 26.0; ROI signal extracted using Extract ROI Signals function in RESTplus software,
40772121,contrast_corr_placebo_pal_r_womac_pain,Correlation between right lenticular nucleus pallidum FC change and WOMAC pain score in placebo acupuncture group,Pearson correlation between ROI signal difference (post-pre) and clinical scale difference,sham,baseline,correlation_clinical,correlation_brain_behavior,1.0,False,0,positive correlation,Pearson's correlation analysis using SPSS 26.0; ROI signal extracted using Extract ROI Signals function in RESTplus software,
40772121,NR_C1,Brain Regions Where the Network Functional Connectivity in KOA Patients Is Lower Than in Healthy Subjects,FC,baseline,baseline,group_comparison,network_ica,,True,9,KOA patients lower than healthy subjects,FC,peak_only_extract
40772121,NR_C2,Brain Regions with Elevated Limbic Network Functional Connections in Patients with KOA in the Acupuncture Group,FC,verum,baseline,verum_post_gt_pre,network_ica,,True,9,Increased functional connectivity post-intervention,FC,peak_only_extract
40772121,NR_C3,Brain Regions with Elevated Functional Connectivity of the Resting Limbic Network in KOA Patients in the Placebo Acupuncture Group,FC,sham,baseline,sham_post_gt_pre,network_ica,,True,2,Increased functional connectivity post-intervention,FC,peak_only_extract
27857211,c001,CD patients > HCs (increased ReHo in CD),"two-sample t-test, CD > HC",baseline,baseline,group_comparison,whole_brain_activation,,True,11,increased ReHo in CD patients compared to HCs,two-sample t-test,
27857211,c002,CD patients < HCs (decreased ReHo in CD),"two-sample t-test, CD < HC",baseline,baseline,group_comparison,whole_brain_activation,,True,19,decreased ReHo in CD patients compared to HCs,two-sample t-test,
27857211,c003,Post-treatment minus baseline: increased ReHo after electro-acupuncture,"paired t-test, post-treatment > baseline (EA group)",verum,baseline,verum_post_gt_pre,whole_brain_activation,,True,21,increased ReHo after electro-acupuncture treatment,paired t-test,
27857211,c004,Post-treatment minus baseline: decreased ReHo after electro-acupuncture,"paired t-test, post-treatment < baseline (EA group)",verum,baseline,deactivation,whole_brain_activation,,True,14,decreased ReHo after electro-acupuncture treatment,paired t-test,
27857211,c005,Post-treatment minus baseline: increased ReHo after moxibustion,"paired t-test, post-treatment > baseline (Mox group)",verum,baseline,verum_post_gt_pre,whole_brain_activation,,True,23,increased ReHo after moxibustion treatment,paired t-test,
27857211,c006,Post-treatment minus baseline: decreased ReHo after moxibustion,"paired t-test, post-treatment < baseline (Mox group)",verum,baseline,deactivation,whole_brain_activation,,True,10,decreased ReHo after moxibustion treatment,paired t-test,
27857211,c007,Correlation: EA group CDAI decrease correlated with ReHo changes (positive correlation - ReHo decrease associated with CDAI decrease),"Pearson correlation analysis, ReHo change (post-pre) vs CDAI change (post-pre), EA group",verum,baseline,correlation_clinical,correlation_brain_behavior,,False,0,"positive correlation: decrease in CDAI significantly positively correlated with decreases in ReHo value in ACC, dorsolateral prefrontal cortex (dlPFC) and temporal pole","Pearson's correlation analysis with age, gender and weight as covariates",
27857211,c008,Correlation: EA group CDAI decrease correlated with ReHo changes (negative correlation - ReHo increase associated with CDAI decrease),"Pearson correlation analysis, ReHo change (post-pre) vs CDAI change (post-pre), EA group",verum,baseline,correlation_clinical,correlation_brain_behavior,,False,0,"negative correlation: decrease in CDAI negatively correlated with increases in ReHo value in MCC, thalamus, insula, HIPP, precentral and postcentral cortex and SMA","Pearson's correlation analysis with age, gender and weight as covariates",
27857211,c009,Correlation: Mox group CDAI decrease correlated with ReHo changes (positive correlation - ReHo decrease associated with CDAI decrease),"Pearson correlation analysis, ReHo change (post-pre) vs CDAI change (post-pre), Mox group",verum,baseline,correlation_clinical,correlation_brain_behavior,,False,0,"positive correlation: decrease in CDAI significantly positively correlated with the decreases in the ReHo value in the dlPFC, the dorsomedial prefrontal cortex (dmPFC) and the temporal pole","Pearson's correlation analysis with age, gender and weight as covariates",
27857211,c010,Correlation: Mox group CDAI decrease correlated with ReHo changes (negative correlation - ReHo increase associated with CDAI decrease),"Pearson correlation analysis, ReHo change (post-pre) vs CDAI change (post-pre), Mox group",verum,baseline,correlation_clinical,correlation_brain_behavior,,False,0,"negative correlation: decrease in CDAI negatively correlated with the increases in the ReHo value in the MCC, the PCC, the precentral and postcentral cortex and the SMA","Pearson's correlation analysis with age, gender and weight as covariates",
27857211,27857172_C1,Brain regions exhibiting significant differences in ReHo values between CD patients and HCs (CD < HC),ReHo,baseline,baseline,group_comparison,whole_brain_activation,,True,19,CD < HC (decreased ReHo in CD),ReHo,peak_only_extract
27857211,27857172_C2,Brain regions exhibiting significant differences in ReHo values between CD patients and HCs (CD > HC),ReHo,baseline,baseline,group_comparison,whole_brain_activation,,True,11,CD > HC (increased ReHo in CD),ReHo,peak_only_extract
27857211,27857172_C3,Brain regions with significant differences in ReHo values in CD patients after electro-acupuncture treatment (post-treatment minus baseline) - Increased,ReHo,verum,baseline,verum_post_gt_pre,whole_brain_activation,,True,20,Increased ReHo after electro-acupuncture,ReHo,peak_only_extract
27857211,27857172_C4,Brain regions with significant differences in ReHo values in CD patients after electro-acupuncture treatment (post-treatment minus baseline) - Decreased,ReHo,verum,baseline,deactivation,whole_brain_activation,,True,14,Decreased ReHo after electro-acupuncture,ReHo,peak_only_extract
27857211,27857172_C5,Brain regions with significant differences in ReHo values in CD patients after moxibustion treatment (post-treatment minus baseline) - Increased,ReHo,verum,baseline,verum_post_gt_pre,whole_brain_activation,,True,23,Increased ReHo after moxibustion,ReHo,peak_only_extract
27857211,27857172_C6,Brain regions with significant differences in ReHo values in CD patients after moxibustion treatment (post-treatment minus baseline) - Decreased,ReHo,verum,baseline,deactivation,whole_brain_activation,,True,9,Decreased ReHo after moxibustion,ReHo,peak_only_extract
27812501,con_001,"ACU plus fluoxetine: Post-treatment > pre-treatment, Left amygdala seed","within-group pre vs post treatment comparison, verum acupuncture group",verum,baseline,verum_post_gt_pre,seed_based_fc,,True,1,increased rsFC (post-treatment > pre-treatment),seed-based resting-state functional connectivity analysis using CONN toolbox; Pearson's correlation coefficients transformed into Fisher's Z-scores; two sample t-tests for between-group analyses,
27812501,con_002,"ACU plus fluoxetine: Post-treatment > pre-treatment, Right amygdala seed","within-group pre vs post treatment comparison, verum acupuncture group",verum,baseline,verum_post_gt_pre,seed_based_fc,,True,1,increased rsFC (post-treatment > pre-treatment),seed-based resting-state functional connectivity analysis using CONN toolbox; Pearson's correlation coefficients transformed into Fisher's Z-scores; two sample t-tests for between-group analyses,
27812501,con_003,"Sham plus fluoxetine: Post-treatment < pre-treatment, Right amygdala seed","within-group pre vs post treatment comparison, sham acupuncture group",sham,baseline,sham_post_gt_pre,seed_based_fc,,True,1,decreased rsFC (post-treatment < pre-treatment),seed-based resting-state functional connectivity analysis using CONN toolbox; Pearson's correlation coefficients transformed into Fisher's Z-scores; two sample t-tests for between-group analyses,
27812501,con_004,"ACU plus fluoxetine > Sham plus fluoxetine: Post-treatment > pre-treatment, Left amygdala seed","between-group comparison of rsFC change (post minus pre), verum > sham",verum,sham,verum_gt_sham,seed_based_fc,,True,1,verum > sham (increased rsFC in verum relative to sham),seed-based resting-state functional connectivity analysis using CONN toolbox; two sample t-tests; Fisher's Z-scores,
27812501,con_005,"ACU plus fluoxetine > Sham plus fluoxetine: Post-treatment > pre-treatment, Right amygdala seed","between-group comparison of rsFC change (post minus pre), verum > sham",verum,sham,verum_gt_sham,seed_based_fc,,True,1,verum > sham (increased rsFC in verum relative to sham),seed-based resting-state functional connectivity analysis using CONN toolbox; two sample t-tests; Fisher's Z-scores,
27812501,con_006,Correlation: rsFC increase (left amygdala - sgACC/pgACC) with MADRS score across all subjects,brain-behavior correlation (neural rsFC change vs. clinical outcome),verum,baseline,correlation_clinical,correlation_brain_behavior,,False,0,significantly negatively associated (increased rsFC negatively correlated with MADRS score),multiple regression analysis controlling for the age effect across all participants; Fisher 'Z' value extracted (a sphere of 3 mm radius around the peak voxel) of the left sgACC/pgACC,
27812501,con_007,Correlation: rsFC increase (left amygdala - sgACC/pgACC) with SDS score across all subjects,brain-behavior correlation (neural rsFC change vs. clinical outcome),verum,baseline,correlation_clinical,correlation_brain_behavior,,False,0,significantly negatively associated (increased rsFC negatively correlated with SDS score),multiple regression analysis controlling for the age effect across all participants; Fisher 'Z' value extracted (a sphere of 3 mm radius around the peak voxel) of the left sgACC/pgACC,
27812501,con_008,Baseline rsFC comparison between groups (no significant difference),between-group baseline comparison,baseline,baseline,group_comparison,seed_based_fc,,False,0,no significant difference,not_reported in detail,
27812501,27668191_C1,ACU plus fluoxetine: Post-treatment > Pre-treatment (Left amygdala seed),FC,verum,baseline,verum_post_gt_pre,seed_based_fc,,True,1,increased,FC,peak_only_extract
27812501,27668191_C2,ACU plus fluoxetine: Post-treatment > Pre-treatment (Right amygdala seed),FC,verum,baseline,verum_post_gt_pre,seed_based_fc,,True,1,increased,FC,peak_only_extract
27812501,27668191_C3,Sham plus fluoxetine: Post-treatment < Pre-treatment (Right amygdala seed),FC,sham,baseline,sham_post_gt_pre,seed_based_fc,,True,1,decreased,FC,peak_only_extract
27812501,27668191_C4,ACU plus fluoxetine > Sham plus fluoxetine: Post-treatment > Pre-treatment (Left amygdala seed),FC,verum,sham,verum_gt_sham,seed_based_fc,,True,1,ACU plus fluoxetine greater than Sham plus fluoxetine,FC,peak_only_extract
27812501,27668191_C5,ACU plus fluoxetine > Sham plus fluoxetine: Post-treatment > Pre-treatment (Right amygdala seed),FC,verum,sham,verum_gt_sham,seed_based_fc,,True,1,ACU plus fluoxetine greater than Sham plus fluoxetine,FC,peak_only_extract
39877657,nc_001,RSC functional connectivity in 100 healthy participants (coordinate-based RSC_7mm seed),one-sample t-test of RSC connectivity,baseline,not_applicable,other,seed_based_fc,,False,0,positive connectivity,one-sample t-test on correlation maps of RSC ROIs across 100 healthy participants,
39877657,nc_002,RSC functional connectivity in 100 healthy participants (atlas-based left RSC),one-sample t-test of RSC connectivity,baseline,not_applicable,other,seed_based_fc,,False,0,positive connectivity,one-sample t-test on correlation maps of RSC ROIs across 100 healthy participants,
39877657,nc_003,RSC functional connectivity in 100 healthy participants (atlas-based right RSC),one-sample t-test of RSC connectivity,baseline,not_applicable,other,seed_based_fc,,False,0,positive connectivity,one-sample t-test on correlation maps of RSC ROIs across 100 healthy participants,
39877657,nc_004,Interaction effect of acupuncture treatment by group on RSC_7mm connectivity — Left thalamus,two-way repeated-measures ANOVA interaction effect (acupuncture treatment × group),baseline,baseline,group_comparison,seed_based_fc,,True,1,"interaction effect: decreased FC in AD group, increased FC in NC group after acupuncture",voxelwise 2 × 2 two-way repeated measure analysis of variance (ANOVA) masked by reliable RSC connectivity map,
39877657,nc_005,Interaction effect of acupuncture treatment by group on RSC_7mm connectivity — Right SCG,two-way repeated-measures ANOVA interaction effect (acupuncture treatment × group),baseline,baseline,group_comparison,seed_based_fc,,True,1,"interaction effect: decreased FC in AD group, increased FC in NC group after acupuncture",voxelwise 2 × 2 two-way repeated measure analysis of variance (ANOVA) masked by reliable RSC connectivity map,
39877657,nc_006,Pre_NC < Post_NC for RSC_7mm connectivity — Bilateral OFC,post hoc pairwise comparison: Pre_NC vs Post_NC,baseline,baseline,verum_post_gt_pre,seed_based_fc,,True,1,increased FC in NC group post-acupuncture,post hoc independent two-sample t-test following interaction effect,
39877657,nc_007,Main effect: Left lingual gyrus connectivity with RSC_L,main effect in two-way repeated-measures ANOVA,baseline,not_applicable,other,seed_based_fc,,True,1,main effect,two-way repeated-measures ANOVA main effect,
39877657,nc_008,Interaction effect of acupuncture treatment by group on RSC_L connectivity — Left thalamus,two-way repeated-measures ANOVA interaction effect (acupuncture treatment × group),baseline,baseline,group_comparison,seed_based_fc,,True,1,"interaction effect: AD decreased, NC increased post-acupuncture",voxelwise 2 × 2 two-way repeated measure analysis of variance (ANOVA) masked by reliable RSC connectivity map,
39877657,nc_009,Interaction effect of acupuncture treatment by group on RSC_L connectivity — Right thalamus,two-way repeated-measures ANOVA interaction effect (acupuncture treatment × group),baseline,baseline,group_comparison,seed_based_fc,,True,1,"interaction effect: AD decreased, NC increased post-acupuncture",voxelwise 2 × 2 two-way repeated measure analysis of variance (ANOVA) masked by reliable RSC connectivity map,
39877657,nc_010,Interaction effect of acupuncture treatment by group on RSC_L connectivity — Left PCC,two-way repeated-measures ANOVA interaction effect (acupuncture treatment × group),baseline,baseline,group_comparison,seed_based_fc,,True,1,"interaction effect: AD decreased, NC increased post-acupuncture",voxelwise 2 × 2 two-way repeated measure analysis of variance (ANOVA) masked by reliable RSC connectivity map,
39877657,nc_011,Pre_NC < Post_NC for RSC_L connectivity — Bilateral OFC,post hoc pairwise comparison: Pre_NC vs Post_NC,baseline,baseline,verum_post_gt_pre,seed_based_fc,,True,1,increased FC in NC group post-acupuncture,post hoc independent two-sample t-test following interaction effect,
39877657,nc_012,Pre_NC < Post_NC for RSC_L connectivity — Right precuneus,post hoc pairwise comparison: Pre_NC vs Post_NC,baseline,baseline,verum_post_gt_pre,seed_based_fc,,True,1,increased FC in NC group post-acupuncture,post hoc independent two-sample t-test following interaction effect,
39877657,nc_013,Interaction effect of acupuncture treatment by group on RSC_R connectivity — Left SCG,two-way repeated-measures ANOVA interaction effect (acupuncture treatment × group),baseline,baseline,group_comparison,seed_based_fc,,True,1,"interaction effect: AD decreased, NC increased post-acupuncture",voxelwise 2 × 2 two-way repeated measure analysis of variance (ANOVA) masked by reliable RSC connectivity map,
39877657,nc_014,Interaction effect of acupuncture treatment by group on RSC_R connectivity — Bilateral OFC,two-way repeated-measures ANOVA interaction effect (acupuncture treatment × group),baseline,baseline,group_comparison,seed_based_fc,,True,1,"interaction effect: AD decreased, NC increased post-acupuncture",voxelwise 2 × 2 two-way repeated measure analysis of variance (ANOVA) masked by reliable RSC connectivity map,
39877657,nc_015,Interaction effect of acupuncture treatment by group on RSC_R connectivity — Bilateral PCC,two-way repeated-measures ANOVA interaction effect (acupuncture treatment × group),baseline,baseline,group_comparison,seed_based_fc,,True,1,"interaction effect: AD decreased, NC increased post-acupuncture",voxelwise 2 × 2 two-way repeated measure analysis of variance (ANOVA) masked by reliable RSC connectivity map,
39877657,nc_016,Interaction effect of acupuncture treatment by group on RSC_R connectivity — Right calcarine,two-way repeated-measures ANOVA interaction effect (acupuncture treatment × group),baseline,baseline,group_comparison,seed_based_fc,,True,1,decreased FC between right RSC and right calcarine identified only in the NC group (not in AD group),voxelwise 2 × 2 two-way repeated measure analysis of variance (ANOVA) masked by reliable RSC connectivity map,
39877657,nc_017,Pre_AD < Post_AD for RSC_R connectivity — Left HPC,post hoc pairwise comparison: Pre_AD vs Post_AD,baseline,baseline,verum_post_gt_pre,seed_based_fc,,True,1,increased FC between right RSC and left HPC identified only in AD group post-acupuncture (not in NC group),post hoc independent two-sample t-test following interaction effect,
39877657,nc_018,Pre_AD < Post_AD for RSC_R connectivity — Right parahippocampal gyrus,post hoc pairwise comparison: Pre_AD vs Post_AD,baseline,baseline,verum_post_gt_pre,seed_based_fc,,True,1,increased FC between right RSC and right parahippocampal gyrus identified only in AD group post-acupuncture (not in NC group),post hoc independent two-sample t-test following interaction effect,
39877657,nc_019,Pearson correlation: RSC-right SCG FC with MMSE scores in AD group before acupuncture,Pearson correlation between rsFC and neuropsychological score,baseline,not_applicable,correlation_clinical,roi_fc,,False,0,negative correlation,Pearson's correlation analysis,
39877657,nc_020,Pearson correlation: RSC-right SCG FC with MoCA scores in AD group before acupuncture,Pearson correlation between rsFC and neuropsychological score,baseline,not_applicable,correlation_clinical,roi_fc,,False,0,negative correlation,Pearson's correlation analysis,
39877657,nc_021,Pearson correlation: RSC-left thalamus FC with AVLT scores in AD group before acupuncture,Pearson correlation between rsFC and neuropsychological score,baseline,not_applicable,correlation_clinical,roi_fc,,False,0,negative correlation,Pearson's correlation analysis,
39877657,nc_022,Pearson correlation: RSC-left thalamus FC with AVLT_IR scores in AD group before acupuncture,Pearson correlation between rsFC and neuropsychological score,baseline,not_applicable,correlation_clinical,roi_fc,,False,0,negative correlation,Pearson's correlation analysis,
39877657,nc_023,Pearson correlation: right RSC-left HPC FC with AVLT_recognition scores in AD group before acupuncture,Pearson correlation between rsFC and neuropsychological score,baseline,not_applicable,correlation_clinical,roi_fc,,False,0,positive correlation,Pearson's correlation analysis,
39877657,28868952_C1,Right HT5 EA > Rest,activation,verum,rest,verum_gt_rest,whole_brain_activation,,True,20,activation,activation,extraction_results.json
39877657,28868952_C2,Right HT5+GB39 EA > Rest,activation,verum,rest,verum_gt_rest,whole_brain_activation,,True,11,activation,activation,extraction_results.json
39877657,28868952_C3,Right HT5 Sham > Rest,activation,sham,rest,other,whole_brain_activation,,True,19,activation,activation,extraction_results.json
39877657,28868952_C4,Left HT5 EA > Rest,activation,verum,rest,verum_gt_rest,whole_brain_activation,,True,1,activation,activation,extraction_results.json
39877657,28868952_C5,Left HT5+GB39 EA > Rest,activation,verum,rest,verum_gt_rest,whole_brain_activation,,True,14,activation,activation,extraction_results.json
29951105,nc_A_post_gt_pre_increase,Group A after treatment vs before treatment: GMV increase,"within-group pre-post comparison (end of treatment minus baseline), increase",verum,baseline,verum_post_gt_pre,other,,True,5,increase (post > pre),VBM with DARTEL; SPM8,
29951105,nc_A_post_gt_pre_decrease,Group A after treatment vs before treatment: GMV decrease,"within-group pre-post comparison (end of treatment minus baseline), decrease",verum,baseline,deactivation,other,,True,2,decrease (post < pre),VBM with DARTEL; SPM8,
29951105,nc_B_post_gt_pre_increase,Group B after treatment vs before treatment: GMV increase,"within-group pre-post comparison (end of treatment minus baseline), increase",waiting_list,baseline,other,other,,True,2,increase (post > pre),VBM with DARTEL; SPM8,
29951105,nc_A_corr_MTG_MBI,Group A: correlation between GMV increase in left middle temporal gyrus and increase in MBI score,ROI-wise correlation between GMV change and MBI change,verum,baseline,correlation_clinical,correlation_brain_behavior,,False,1,positive correlation,ROI-wise correlation analysis; peak voxel and neighboring 100 voxels selected as ROI; Pearson correlation coefficients calculated,
29951105,nc_A_corr_ACC_MBI,Group A: correlation between GMV increase in left anterior cingulate cortex and increase in MBI score,ROI-wise correlation between GMV change and MBI change,verum,baseline,correlation_clinical,correlation_brain_behavior,,False,1,positive correlation,ROI-wise correlation analysis; peak voxel and neighboring 100 voxels selected as ROI; Pearson correlation coefficients calculated,
29951105,nc_A_narrative_middleCingulate_decrease,Group A after treatment vs before treatment: GMV decrease in right middle cingulate cortex,"within-group pre-post comparison, decrease; narrative report not in Table 2",verum,baseline,deactivation,other,,False,0,decrease,VBM with DARTEL; SPM8,
29951105,26064166_C1,ALFF: MCI rest > HC rest (increased in MCI),ALFF,rest,rest,group_comparison,whole_brain_activation,,True,2,increase,ALFF,extraction_results.json
29951105,26064166_C2,ALFF: MCI rest < HC rest (decreased in MCI),ALFF,rest,rest,group_comparison,whole_brain_activation,,True,1,decrease,ALFF,extraction_results.json
29951105,26064166_C3,ALFF: MCI+KI3 > HC+KI3 (increased in MCI with KI3 acupuncture),ALFF,verum,verum,group_comparison,whole_brain_activation,,True,1,increase,ALFF,extraction_results.json
29951105,26064166_C4,ALFF: MCI+KI3 < HC+KI3 (decreased in MCI with KI3 acupuncture),ALFF,verum,verum,group_comparison,whole_brain_activation,,True,4,decrease,ALFF,extraction_results.json
29951105,26064166_C5,ALFF: MCI+sham < HC+sham (decreased in MCI with sham acupuncture),ALFF,sham,sham,group_comparison,whole_brain_activation,,True,2,decrease,ALFF,extraction_results.json
29951105,26064166_C6,ALFF: MCI KI3 > MCI rest (increased ALFF with KI3 acupuncture in MCI),ALFF,verum,rest,verum_gt_rest,whole_brain_activation,,True,5,increase,ALFF,extraction_results.json
29951105,26064166_C7,ALFF: MCI sham > MCI rest (increased ALFF with sham acupuncture in MCI),ALFF,sham,rest,sham_gt_rest,whole_brain_activation,1.0,True,3,increase,ALFF,extraction_results.json
29951105,26064166_C8,ALFF: MCI sham < MCI rest (decreased ALFF with sham acupuncture in MCI),ALFF,sham,rest,deactivation,whole_brain_activation,,True,1,decrease,ALFF,extraction_results.json
29951105,26064166_C9,ALFF: MCI KI3 > MCI sham (KI3 greater than sham in MCI),ALFF,verum,sham,verum_gt_sham,whole_brain_activation,,True,2,increase,ALFF,extraction_results.json
29951105,26064166_C10,ALFF: MCI KI3 < MCI sham (sham greater than KI3 in MCI),ALFF,verum,sham,deactivation,whole_brain_activation,,True,1,decrease,ALFF,extraction_results.json
22916152,con_MCI_vs_NOR_rest_increase,MCI vs. NOR increased activities in resting state,"two-sample t-test, increased activity in MCI compared to NOR",rest,rest,group_comparison,whole_brain_activation,,True,9,increased,"two-sample t-test, second level random effects analysis",
22916152,con_MCI_vs_NOR_rest_decrease,MCI vs. NOR decreased activities in resting state,"two-sample t-test, decreased activity in MCI compared to NOR",rest,rest,group_comparison,whole_brain_activation,,True,2,decreased,"two-sample t-test, second level random effects analysis",
22916152,con_AD_vs_NOR_rest_decrease,AD vs. NOR decreased activities in resting state,"two-sample t-test, decreased activity in AD compared to NOR",rest,rest,group_comparison,whole_brain_activation,,True,2,decreased,"two-sample t-test, second level random effects analysis",
22916152,con_AD_vs_MCI_rest_decrease,AD vs. MCI decreased activities in resting state,"two-sample t-test, decreased activity in AD compared to MCI",rest,rest,group_comparison,whole_brain_activation,,True,7,decreased,"two-sample t-test, second level random effects analysis",
22916152,con_MCI_acup_vs_rest_increase,MCI vs. NOR increased activities in procession of acupuncture comparing to resting state,"two-sample t-test, increased activity in MCI during acupuncture compared to resting state",verum,rest,group_comparison,whole_brain_activation,,True,23,increased,"two-sample t-test, second level random effects analysis",
22916152,con_MCI_acup_vs_rest_decrease,MCI vs. NOR decreased activities in procession of acupuncture comparing to resting state,"two-sample t-test, decreased activity in MCI during acupuncture compared to resting state",verum,rest,group_comparison,whole_brain_activation,,True,16,decreased,"two-sample t-test, second level random effects analysis",
22916152,con_AD_acup_vs_rest_increase,AD vs. NOR increased activities in procession of acupuncture comparing to resting state,"two-sample t-test, increased activity in AD during acupuncture compared to resting state",verum,rest,group_comparison,whole_brain_activation,,True,9,increased,"two-sample t-test, second level random effects analysis",
22916152,con_AD_acup_vs_rest_decrease,AD vs. NOR decreased activities in procession of acupuncture comparing to resting state,"two-sample t-test, decreased activity in AD during acupuncture compared to resting state",verum,rest,group_comparison,whole_brain_activation,,True,8,decreased,"two-sample t-test, second level random effects analysis",
22916152,con_MCI_postacup_vs_rest_increase,MCI vs. NOR increased activities after acupuncture comparing to resting state,"two-sample t-test, increased activity in MCI in second resting state after acupuncture compared to resting state",verum,rest,group_comparison,whole_brain_activation,,True,15,increased,"two-sample t-test, second level random effects analysis",
22916152,con_MCI_postacup_vs_rest_decrease,MCI vs. NOR decreased activities after acupuncture comparing to resting state,"two-sample t-test, decreased activity in MCI in second resting state after acupuncture compared to resting state",verum,rest,group_comparison,whole_brain_activation,,True,29,decreased,"two-sample t-test, second level random effects analysis",
22916152,con_AD_postacup_vs_rest_increase,AD vs. NOR increased activities after acupuncture comparing to resting state,"two-sample t-test, increased activity in AD in second resting state after acupuncture compared to resting state",verum,rest,group_comparison,whole_brain_activation,,True,16,increased,"two-sample t-test, second level random effects analysis",
22916152,con_AD_postacup_vs_rest_decrease,AD vs. NOR decreased activities after acupuncture comparing to resting state,"two-sample t-test, decreased activity in AD in second resting state after acupuncture compared to resting state",verum,rest,group_comparison,whole_brain_activation,,True,10,decreased,"two-sample t-test, second level random effects analysis",
32807158,corr_AIS_fALFF,The relationship between the fALFF value of brain regions and AIS scores of PI,negative correlation between fALFF and AIS scores,baseline,not_applicable,correlation_clinical,correlation_brain_behavior,,True,13,negative correlation (fALFF lower when AIS value is higher),multiple regression analysis with AIS score as covariable,
32807158,S_Acu_post_vs_pre_fALFF,The altered fALFF in brain regions of S-Acu group after 5-weeks acupuncture,within-group post-treatment vs baseline fALFF increase,verum,baseline,verum_post_gt_pre,whole_brain_activation,,True,13,increase (positive t-value means fALFF was increased after acupuncture treatment),one-way ANOVA with-in subject test (flexible factorial model) with groups as between-subject factor and repeated measure as within-subjects factor,
32807158,M_Acu_post_vs_pre_fALFF,The altered fALFF in brain regions of M-Acu group after 5-weeks acupuncture,within-group post-treatment vs baseline fALFF increase,verum,baseline,verum_post_gt_pre,whole_brain_activation,,True,14,increase (positive t-value means fALFF was increased after acupuncture treatment),one-way ANOVA with-in subject test (flexible factorial model) with groups as between-subject factor and repeated measure as within-subjects factor,
32807158,N_Acu_post_vs_pre_fALFF,The altered fALFF in brain regions of N-Acu group after 5-weeks acupuncture,within-group post-treatment vs baseline fALFF increase,sham,baseline,sham_post_gt_pre,whole_brain_activation,,True,6,increase (positive t-value means fALFF was increased after acupuncture treatment),one-way ANOVA with-in subject test (flexible factorial model) with groups as between-subject factor and repeated measure as within-subjects factor,
32807158,S_vs_N_fALFF_posthoc,S-Acu group vs N-Acu group: different altered fALFF regions after acupuncture treatment,post-hoc between-group comparison of altered fALFF,verum,sham,verum_gt_sham,whole_brain_activation,,True,4,positive t-value: S-Acu > N-Acu; negative t-value: S-Acu < N-Acu,post-hoc t-tests,
32807158,S_vs_M_fALFF_posthoc,S-Acu group vs M-Acu group: different altered fALFF regions after acupuncture treatment,post-hoc between-group comparison of altered fALFF,verum,verum,group_comparison,whole_brain_activation,,True,14,negative t-value: M-Acu > S-Acu; positive t-value: S-Acu > M-Acu,post-hoc t-tests,
32807158,27053062_SR_C1,N-Acu group: altered fALFF after 5-weeks acupuncture (post-treatment vs baseline),fALFF,sham,baseline,sham_post_gt_pre,whole_brain_activation,,True,6,activation,fALFF,sham_rest_extract
41022570,contrast_01,Within-network connectivity of DMN: ROI1 (mPFC) - ROI3 (ANG) across three timepoints (repeated measures ANOVA),"Repeated measures ANOVA across three conditions (pre-needle insertion, during needle retention, post-needle removal)",verum,not_applicable,other,roi_fc,,False,0,not_reported,Repeated measures analysis of variance (ANOVA) on pairwise Pearson correlation coefficients transformed using Fisher's Z transformation; FDR correction,
41022570,contrast_02,"Post-hoc pairwise t-test: mPFC-ANG FC, acupuncture needle-in-place vs pre-needle insertion",Pairwise t-test (within-subject): during needle retention minus pre-needle insertion,verum,baseline,verum_post_gt_pre,roi_fc,,False,0,Decrease (not statistically significant),Pairwise t-test (post-hoc),
41022570,contrast_03,"Post-hoc pairwise t-test: mPFC-ANG FC, post-needle removal vs pre-needle insertion",Pairwise t-test (within-subject): post-needle removal minus pre-needle insertion,verum,baseline,verum_post_gt_pre,roi_fc,,False,0,Statistically significant decrease,Pairwise t-test (post-hoc),
41022570,contrast_04,"Post-hoc pairwise t-test: mPFC-ANG FC, post-needle removal vs acupuncture needle-in-place",Pairwise t-test (within-subject): post-needle removal minus during needle retention,verum,verum,other,roi_fc,,False,0,Decrease (not statistically significant),Pairwise t-test (post-hoc),
41022570,contrast_05,"Seed-to-whole-brain FC: mPFC seed, repeated measures ANOVA across three timepoints","Repeated measures ANOVA across three conditions (pre-needle insertion, during needle retention, post-needle removal); seed-to-whole-brain",verum,not_applicable,other,seed_based_fc,,False,0,No significant results survived correction,Repeated measures variance analysis on seed-to-whole-brain FC values (Fisher's Z-transformed); cluster-level FWE correction,
41022570,contrast_06,"Seed-to-whole-brain FC: PCC/PCU seed, repeated measures ANOVA across three timepoints","Repeated measures ANOVA across three conditions (pre-needle insertion, during needle retention, post-needle removal); seed-to-whole-brain",verum,not_applicable,other,seed_based_fc,,True,1,Significant difference survived correction,Repeated measures variance analysis on seed-to-whole-brain FC values (Fisher's Z-transformed); cluster-level FWE correction; AAL116 brain segmentation template,
41022570,contrast_07,"Post-hoc pairwise t-test: PCC/PCU-Cerebelum_8_L FC, acupuncture needle-in-place vs pre-needle insertion",Pairwise t-test (within-subject): during needle retention minus pre-needle insertion,verum,baseline,verum_post_gt_pre,seed_based_fc,,False,0,Statistically significant increase,"Pairwise t-test (post-hoc), FC values extracted from differing cluster regions",
41022570,contrast_08,"Post-hoc pairwise t-test: PCC/PCU-Cerebelum_8_L FC, post-needle removal vs pre-needle insertion",Pairwise t-test (within-subject): post-needle removal minus pre-needle insertion,verum,baseline,verum_post_gt_pre,seed_based_fc,,False,0,Statistically significant increase,"Pairwise t-test (post-hoc), FC values extracted from differing cluster regions",
41022570,contrast_09,"Post-hoc pairwise t-test: PCC/PCU-Cerebelum_8_L FC, post-needle removal vs acupuncture needle-in-place",Pairwise t-test (within-subject): post-needle removal minus during needle retention,verum,verum,other,seed_based_fc,,False,0,No statistically significant difference,"Pairwise t-test (post-hoc), FC values extracted from differing cluster regions",
41022570,contrast_10,"Seed-to-whole-brain FC: ANG seed, repeated measures ANOVA across three timepoints","Repeated measures ANOVA across three conditions (pre-needle insertion, during needle retention, post-needle removal); seed-to-whole-brain",verum,not_applicable,other,seed_based_fc,,True,1,Significant difference survived correction,Repeated measures variance analysis on seed-to-whole-brain FC values (Fisher's Z-transformed); cluster-level FWE correction; AAL116 brain segmentation template,
41022570,contrast_11,"Post-hoc pairwise t-test: ANG-Frontal_Sup_Medial_L FC, acupuncture needle-in-place vs pre-needle insertion",Pairwise t-test (within-subject): during needle retention minus pre-needle insertion,verum,baseline,verum_post_gt_pre,seed_based_fc,,False,0,Statistically significant decrease,"Pairwise t-test (post-hoc), FC values extracted from differing cluster regions",
41022570,contrast_12,"Post-hoc pairwise t-test: ANG-Frontal_Sup_Medial_L FC, post-needle removal vs pre-needle insertion",Pairwise t-test (within-subject): post-needle removal minus pre-needle insertion,verum,baseline,verum_post_gt_pre,seed_based_fc,,False,0,Statistically significant decrease,"Pairwise t-test (post-hoc), FC values extracted from differing cluster regions",
41022570,contrast_13,"Post-hoc pairwise t-test: ANG-Frontal_Sup_Medial_L FC, post-needle removal vs acupuncture needle-in-place",Pairwise t-test (within-subject): post-needle removal minus during needle retention,verum,verum,other,seed_based_fc,,False,0,No statistically significant difference,"Pairwise t-test (post-hoc), FC values extracted from differing cluster regions",
41657421,nc_cerebellum_within_both,average CBF values of cerebellar cortex — both groups post vs pre treatment,within-group pre-post comparison,baseline,baseline,group_comparison,other,,False,1,higher after treatment than before treatment in both groups,two-way repeated-measures analysis of variance with Bonferroni correction; independent-samples t-test,
41657421,nc_thalamus_within_both,average CBF values of thalamic nucleus — both groups post vs pre treatment,within-group pre-post comparison,baseline,baseline,group_comparison,other,,False,1,higher after treatment than before treatment in both groups,two-way repeated-measures analysis of variance with Bonferroni correction; independent-samples t-test,
41657421,nc_occipital_within_both,average CBF values of occipital lobe — both groups post vs pre treatment,within-group pre-post comparison,baseline,baseline,group_comparison,other,,False,1,higher after treatment than before treatment in both groups,two-way repeated-measures analysis of variance with Bonferroni correction; independent-samples t-test,
41657421,nc_frontal_within_both,average CBF values of frontal lobe — both groups post vs pre treatment,within-group pre-post comparison,baseline,baseline,group_comparison,other,,False,1,higher after treatment than before treatment in both groups,two-way repeated-measures analysis of variance with Bonferroni correction; independent-samples t-test,
41657421,nc_parietal_within_both,average CBF values of parietal lobe — both groups post vs pre treatment,within-group pre-post comparison,baseline,baseline,group_comparison,other,,False,1,higher after treatment than before treatment in both groups,two-way repeated-measures analysis of variance with Bonferroni correction; independent-samples t-test,
41657421,nc_cerebellum_between_post,average CBF values of cerebellar cortex — study group vs control group after 28 days of treatment,between-group comparison post-treatment,verum,sham,verum_gt_sham,other,,False,1,study group higher than control group,independent-samples t-test; two-way repeated-measures ANOVA with Bonferroni correction,
41657421,nc_thalamus_between_post,average CBF values of thalamic nucleus — study group vs control group after 28 days of treatment,between-group comparison post-treatment,verum,sham,verum_gt_sham,other,,False,1,study group higher than control group,independent-samples t-test; two-way repeated-measures ANOVA with Bonferroni correction,
41657421,nc_occipital_between_post,average CBF values of occipital lobe — study group vs control group after 28 days of treatment,between-group comparison post-treatment,verum,sham,verum_gt_sham,other,,False,1,study group higher than control group,independent-samples t-test; two-way repeated-measures ANOVA with Bonferroni correction,
41657421,nc_frontal_between_post,average CBF values of frontal lobe — study group vs control group after 28 days of treatment,between-group comparison post-treatment,verum,sham,verum_gt_sham,other,,False,1,study group higher than control group,independent-samples t-test; two-way repeated-measures ANOVA with Bonferroni correction,
41657421,nc_parietal_between_post,average CBF values of parietal lobe — study group vs control group after 28 days of treatment,between-group comparison post-treatment,verum,sham,verum_gt_sham,other,,False,1,study group higher than control group,independent-samples t-test; two-way repeated-measures ANOVA with Bonferroni correction,
38681626,NC_001,group × time interaction effect in ALFF among the four groups,group × time interaction (repeated measures ANCOVA),verum,sham,group_comparison,whole_brain_activation,,True,2,not_reported (interaction effect),"Repeated measures ANCOVA; interaction effect of group (EAS group, SAS group) × time (pre-treatment, aft-treatment)",
38681626,NC_002,Post hoc ALFF: EAS group post vs pre (left MTG),within-group post hoc two-sample t-test; post-treatment vs pre-treatment,verum,baseline,verum_post_gt_pre,whole_brain_activation,,False,0,increase,post hoc two-sample t-test,
38681626,NC_003,Post hoc ALFF: SAS group post vs pre (left MTG),within-group post hoc two-sample t-test; post-treatment vs pre-treatment,sham,baseline,sham_post_gt_pre,whole_brain_activation,2.0,False,0,increase,post hoc two-sample t-test,
38681626,NC_004,Post hoc ALFF: EAS group post vs pre (left CPL),within-group post hoc two-sample t-test; post-treatment vs pre-treatment,verum,baseline,verum_post_gt_pre,whole_brain_activation,,False,0,increase,post hoc two-sample t-test,
38681626,NC_005,Post hoc ALFF: SAS group post vs pre (left CPL),within-group post hoc two-sample t-test; post-treatment vs pre-treatment,sham,baseline,sham_post_gt_pre,whole_brain_activation,2.0,False,0,increase,post hoc two-sample t-test,
38681626,NC_006,Post hoc ALFF: EAS post vs SAS post (left CPL),between-group post hoc two-sample t-test; post-treatment comparison,verum,sham,verum_gt_sham,whole_brain_activation,2.0,False,0,EAS > SAS (increase more significant in EAS group),post hoc two-sample t-test,
38681626,NC_007,group × time interaction effect in seed-based FC (seed: left middle temporal gyrus) among the four groups,group × time interaction (repeated measures ANCOVA); seed-based FC,verum,sham,group_comparison,seed_based_fc,,True,3,not_reported (interaction effect),Repeated measures ANCOVA; interaction effect of group × time; seed-based FC,
38681626,NC_008,group × time interaction effect in seed-based FC (seed: left posterior cerebellar lobe) among the four groups,group × time interaction (repeated measures ANCOVA); seed-based FC,verum,sham,group_comparison,seed_based_fc,,True,1,not_reported (interaction effect),Repeated measures ANCOVA; interaction effect of group × time; seed-based FC,
38681626,NC_009,"Post hoc FC: EAS post vs pre (seed: left MTG, target: left SFG)",within-group post hoc; post-treatment vs pre-treatment; seed-based FC,verum,baseline,verum_post_gt_pre,seed_based_fc,,False,0,increase,post hoc two-sample t-test,
38681626,NC_010,"Post hoc FC: EAS post vs pre (seed: left MTG, target: left MFG)",within-group post hoc; post-treatment vs pre-treatment; seed-based FC,verum,baseline,verum_post_gt_pre,seed_based_fc,,False,0,increase,post hoc two-sample t-test,
38681626,NC_011,"Post hoc FC: EAS post vs pre (seed: left MTG, target: left hippocampus)",within-group post hoc; post-treatment vs pre-treatment; seed-based FC,verum,baseline,verum_post_gt_pre,seed_based_fc,,False,0,increase,post hoc two-sample t-test,
38681626,NC_012,"Post hoc FC: SAS post vs pre (seed: left MTG, target: left SFG)",within-group post hoc; post-treatment vs pre-treatment; seed-based FC,sham,baseline,sham_post_gt_pre,seed_based_fc,2.0,False,0,increase,post hoc two-sample t-test,
38681626,NC_013,"Post hoc FC: EAS post vs pre (seed: left CPL, target: left calcarine)",within-group post hoc; post-treatment vs pre-treatment; seed-based FC,verum,baseline,deactivation,seed_based_fc,,False,0,decrease,post hoc two-sample t-test,
38681626,NC_014,"Post hoc FC: EAS post vs SAS post (seed: left CPL, target: left calcarine)",between-group post hoc; post-treatment comparison; seed-based FC,verum,sham,verum_gt_sham,seed_based_fc,2.0,False,0,decrease more significant in EAS than SAS,post hoc two-sample t-test,
38681626,NC_015,Correlation between change in ALFF of left MTG and change in HAMD-24 score (EAS group),correlation; change in ALFF vs change in clinical score,verum,baseline,correlation_clinical,correlation_brain_behavior,,False,0,negative correlation,"partial correlation controlling for age, sex, head movement parameters and education level",
38681626,NC_016,Correlation between change in FC of left MTG and left MFG and change in HAMD-24 score (EAS group),correlation; change in FC vs change in clinical score,verum,baseline,correlation_clinical,correlation_brain_behavior,,False,0,positive correlation,"partial correlation controlling for age, sex, head movement parameters and education level",
25821486,nc_HYP_ACU_gt_SHAM,ACU > SHAM (HYP ROI),"between-group comparison, ACU greater than SHAM",verum,sham,verum_gt_sham,seed_based_fc,2.0,False,20,ACU > SHAM,seed correlation analysis (SCA) with two-sample t-test at second level,
25821486,nc_HYP_SHAM_gt_ACU,SHAM > ACU (HYP ROI),"between-group comparison, SHAM greater than ACU",sham,verum,verum_gt_sham,seed_based_fc,2.0,False,10,SHAM > ACU,seed correlation analysis (SCA) with two-sample t-test at second level,
25821486,nc_leftAMY_ACU_gt_SHAM,ACU > SHAM (left AMY ROI),"between-group comparison, ACU greater than SHAM",verum,sham,verum_gt_sham,seed_based_fc,2.0,False,13,ACU > SHAM,seed correlation analysis (SCA) with two-sample t-test at second level,
25821486,nc_leftAMY_SHAM_gt_ACU,SHAM > ACU (left AMY ROI),"between-group comparison, SHAM greater than ACU",sham,verum,verum_gt_sham,seed_based_fc,2.0,False,22,SHAM > ACU,seed correlation analysis (SCA) with two-sample t-test at second level,
25821486,nc_rightAMY_ACU_gt_SHAM,ACU > SHAM (right AMY ROI),"between-group comparison, ACU greater than SHAM",verum,sham,verum_gt_sham,seed_based_fc,2.0,False,13,ACU > SHAM,seed correlation analysis (SCA) with two-sample t-test at second level,
25821486,nc_rightAMY_SHAM_gt_ACU,SHAM > ACU (right AMY ROI),"between-group comparison, SHAM greater than ACU",sham,verum,verum_gt_sham,seed_based_fc,2.0,False,14,SHAM > ACU,seed correlation analysis (SCA) with two-sample t-test at second level,
25821486,nc_pearson_HYP_HIPP_CBT,Pearson correlation: increased HYP–HIPP FC after ACU vs. ACU-induced change in CBT,brain-behavior correlation (positive),verum,baseline,correlation_clinical,correlation_brain_behavior,,False,0,positive correlation,Pearson correlation between change in FC z-statistic and physiological outcome change,
25821486,nc_pearson_HYP_PUT_L_GLU,Pearson correlation: increased HYP–left putamen FC after ACU vs. ACU-induced change in GLU,brain-behavior correlation (positive),verum,baseline,correlation_clinical,correlation_brain_behavior,,False,0,positive correlation,Pearson correlation between change in FC z-statistic and physiological outcome change,
25821486,nc_pearson_HYP_PUT_R_GLU,Pearson correlation: increased HYP–right putamen FC after ACU vs. ACU-induced change in GLU,brain-behavior correlation (positive),verum,baseline,correlation_clinical,correlation_brain_behavior,,False,0,positive correlation,Pearson correlation between change in FC z-statistic and physiological outcome change,
25821486,nc_pearson_HYP_INS_GLU,Pearson correlation: increased HYP–insula FC after ACU vs. ACU-induced change in GLU,brain-behavior correlation (positive),verum,baseline,correlation_clinical,correlation_brain_behavior,,False,0,positive correlation,Pearson correlation between change in FC z-statistic and physiological outcome change,
25821486,nc_pearson_HYP_ACC_HUNGER,Pearson correlation: increased HYP–ACC FC after ACU vs. ACU-induced change in HUNGER,brain-behavior correlation (positive),verum,baseline,correlation_clinical,correlation_brain_behavior,,False,0,positive correlation,Pearson correlation between change in FC z-statistic and physiological outcome change,
25821486,nc_pearson_HYP_THAL_L_HUNGER,Pearson correlation: decreased HYP–left thalamus FC after ACU vs. ACU-induced change in HUNGER (negative correlation),brain-behavior correlation (negative),verum,baseline,correlation_clinical,correlation_brain_behavior,,False,0,negative correlation (anticorrelated),Pearson correlation between change in FC z-statistic and physiological outcome change,
25821486,nc_pearson_HYP_THAL_R_HUNGER,Pearson correlation: decreased HYP–right thalamus FC after ACU vs. ACU-induced change in HUNGER (negative correlation),brain-behavior correlation (negative),verum,baseline,correlation_clinical,correlation_brain_behavior,,False,0,negative correlation (anticorrelated),Pearson correlation between change in FC z-statistic and physiological outcome change,
25821486,nc_pearson_SHAM_no_correlation,No correlation found for min SHAM,null result – no Pearson correlation found,sham,baseline,other,correlation_brain_behavior,2.0,False,0,not_applicable – no correlation found,Pearson correlation between change in FC z-statistic and physiological outcome change,
29204113,nc_ea_left_hipp_post_vs_pre,rsFC increase with left hippocampus after electro-acupuncture treatment,within-group paired t-test: post-treatment minus pre-treatment,verum,baseline,verum_post_gt_pre,seed_based_fc,,False,0,increase,paired t-test; seed-based whole-brain rsFC analysis,
29204113,nc_moxa_left_hipp_post_vs_pre,rsFC increase with left hippocampus after moxibustion treatment,within-group paired t-test: post-treatment minus pre-treatment,verum,baseline,verum_post_gt_pre,seed_based_fc,,False,0,increase,paired t-test; seed-based whole-brain rsFC analysis,
29204113,nc_ea_right_hipp_post_vs_pre,rsFC increase with right hippocampus after electro-acupuncture treatment,within-group paired t-test: post-treatment minus pre-treatment,verum,baseline,verum_post_gt_pre,seed_based_fc,,False,0,increase,paired t-test; seed-based whole-brain rsFC analysis,
29204113,nc_moxa_right_hipp_post_vs_pre,rsFC increase with right hippocampus after moxibustion treatment,within-group paired t-test: post-treatment minus pre-treatment,verum,baseline,verum_post_gt_pre,seed_based_fc,,False,0,increase,paired t-test; seed-based whole-brain rsFC analysis,
29204113,nc_moxa_gt_ea_left_hipp,Brain regions showing an increase of rsFC with the left hippocampus following moxibustion compared to electro-acupuncture treatment,between-group two-sample t-test: post-treatment minus pre-treatment; moxibustion > electro-acupuncture,verum,verum,group_comparison,seed_based_fc,,False,2,moxibustion > electro-acupuncture,two-sample t-test (post-treatment minus pre-treatment); seed-based whole-brain rsFC analysis,
29204113,nc_ea_gt_moxa_left_hipp,Brain regions showing less of an increase of rsFC with the left hippocampus after electro-acupuncture compared to moxibustion treatment,between-group two-sample t-test: post-treatment minus pre-treatment; electro-acupuncture > moxibustion,verum,verum,group_comparison,seed_based_fc,,False,3,electro-acupuncture > moxibustion,two-sample t-test (post-treatment minus pre-treatment); seed-based whole-brain rsFC analysis,
29204113,nc_moxa_gt_ea_right_hipp,Brain regions showing an increase of rsFC with the right hippocampus following moxibustion compared to electro-acupuncture treatment,between-group two-sample t-test: post-treatment minus pre-treatment; moxibustion > electro-acupuncture,verum,verum,group_comparison,seed_based_fc,,False,2,moxibustion > electro-acupuncture,two-sample t-test (post-treatment minus pre-treatment); seed-based whole-brain rsFC analysis,
29204113,nc_ea_gt_moxa_right_hipp,Brain regions showing less of an increase of rsFC with the right hippocampus after electro-acupuncture compared to moxibustion treatment,between-group two-sample t-test: post-treatment minus pre-treatment; electro-acupuncture > moxibustion,verum,verum,group_comparison,seed_based_fc,,False,2,electro-acupuncture > moxibustion,two-sample t-test (post-treatment minus pre-treatment); seed-based whole-brain rsFC analysis,
29204113,nc_corr_moxa_lhipp_pcun_cdai,Correlation between rsFC change (left hippocampus–right PCUN) and CDAI score change in moxibustion group,Pearson's correlation between rsFC change and CDAI change,verum,baseline,correlation_clinical,correlation_brain_behavior,,False,0,negative correlation (greater rsFC increase associated with greater CDAI reduction),Pearson's correlation,
29204113,nc_corr_moxa_lhipp_ipc_cdai,Correlation between rsFC change (left hippocampus–left IPC) and CDAI score change in moxibustion group,Pearson's correlation between rsFC change and CDAI change,verum,baseline,correlation_clinical,correlation_brain_behavior,,False,0,negative correlation (greater rsFC increase associated with greater CDAI reduction),Pearson's correlation,
29204113,nc_corr_ea_lhipp_mcc_cdai,Correlation between rsFC change (left hippocampus–left anterior MCC) and CDAI score change in electro-acupuncture group,Pearson's correlation between rsFC change and CDAI change,verum,baseline,correlation_clinical,correlation_brain_behavior,,False,0,negative correlation (greater rsFC increase associated with greater CDAI reduction),Pearson's correlation,
29204113,nc_corr_ea_lhipp_insula_cdai,Correlation between rsFC change (left hippocampus–right insula) and CDAI score change in electro-acupuncture group,Pearson's correlation between rsFC change and CDAI change,verum,baseline,correlation_clinical,correlation_brain_behavior,,False,0,negative correlation (greater rsFC increase associated with greater CDAI reduction),Pearson's correlation,
29204113,nc_corr_ea_lhipp_rhipp_cdai,Correlation between rsFC change (left hippocampus–right hippocampus) and CDAI score change in electro-acupuncture group,Pearson's correlation between rsFC change and CDAI change,verum,baseline,correlation_clinical,correlation_brain_behavior,,False,0,not significant,Pearson's correlation,
29204113,nc_corr_moxa_rhipp_pcun_cdai,Correlation between rsFC change (right hippocampus–right PCUN) and CDAI score change in moxibustion group,Pearson's correlation between rsFC change and CDAI change,verum,baseline,correlation_clinical,correlation_brain_behavior,,False,0,negative correlation (greater rsFC increase associated with greater CDAI reduction),Pearson's correlation,
29204113,nc_corr_moxa_rhipp_ipc_cdai,Correlation between rsFC change (right hippocampus–right IPC) and CDAI score change in moxibustion group,Pearson's correlation between rsFC change and CDAI change,verum,baseline,correlation_clinical,correlation_brain_behavior,,False,0,negative correlation (greater rsFC increase associated with greater CDAI reduction),Pearson's correlation,
29204113,nc_corr_ea_rhipp_mcc_cdai,Correlation between rsFC change (right hippocampus–left anterior MCC) and CDAI score change in electro-acupuncture group,Pearson's correlation between rsFC change and CDAI change,verum,baseline,correlation_clinical,correlation_brain_behavior,,False,0,negative correlation (greater rsFC increase associated with greater CDAI reduction),Pearson's correlation,
29204113,nc_corr_ea_rhipp_insula_cdai,Correlation between rsFC change (right hippocampus–left insula) and CDAI score change in electro-acupuncture group,Pearson's correlation between rsFC change and CDAI change,verum,baseline,correlation_clinical,correlation_brain_behavior,,False,0,negative correlation (greater rsFC increase associated with greater CDAI reduction),Pearson's correlation,
37721727,contrast_01,Individuals with IA versus HCs at baseline — average FC strength within FPN,between-group comparison at baseline,baseline,rest,group_comparison,network_ica,,False,0,significantly higher in individuals with IA than in HCs,independent t test on average FC strength,
37721727,contrast_02,Individuals with IA versus HCs at baseline — average FC strength within SN,between-group comparison at baseline,baseline,rest,group_comparison,network_ica,,False,0,slightly heightened in IA vs HCs (not statistically significant),independent t test on average FC strength,
37721727,contrast_03,Individuals with IA versus HCs at baseline — average FC strength between SN and FPN,between-group comparison at baseline,baseline,rest,group_comparison,network_ica,,False,0,slightly heightened in IA vs HCs (not statistically significant),independent t test on average FC strength,
37721727,contrast_04,Individuals with IA versus HCs at baseline — specific FC within SN (NBS-corrected),"between-group comparison at baseline, specific edges within SN",baseline,rest,group_comparison,network_ica,,False,0,significantly heightened in IA group,independent t test with NBS correction,
37721727,contrast_05,Individuals with IA versus HCs at baseline — specific FC within FPN (NBS-corrected),"between-group comparison at baseline, specific edges within FPN",baseline,rest,group_comparison,network_ica,,False,0,significantly heightened in IA group,independent t test with NBS correction,
37721727,contrast_06,Individuals with IA versus HCs at baseline — specific FC between SN and FPN (NBS-corrected),"between-group comparison at baseline, specific edges between SN and FPN",baseline,rest,group_comparison,network_ica,,False,0,significantly heightened in IA group,independent t test with NBS correction,
37721727,contrast_07,IA post-treatment versus pre-treatment — average FC strength between SN and FPN,within-group pre-post comparison after acupuncture,verum,baseline,verum_post_gt_pre,network_ica,,False,0,significantly decreased after acupuncture,paired t test on average FC strength,
37721727,contrast_08,IA post-treatment versus pre-treatment — average FC strength within FPN,within-group pre-post comparison after acupuncture,verum,baseline,verum_post_gt_pre,network_ica,,False,0,slightly reduced after treatment (not statistically significant),paired t test on average FC strength,
37721727,contrast_09,IA post-treatment versus pre-treatment — average FC strength within SN,within-group pre-post comparison after acupuncture,verum,baseline,verum_post_gt_pre,network_ica,,False,0,no significant change (p = 0.550),paired t test on average FC strength,
37721727,contrast_10,IA post-treatment versus pre-treatment — decreased specific FC within FPN (NBS-corrected),"within-group pre-post comparison after acupuncture, specific edges within FPN",verum,baseline,verum_post_gt_pre,network_ica,,False,0,significantly decreased after acupuncture,paired t test with NBS correction,
37721727,contrast_11,IA post-treatment versus pre-treatment — decreased specific FC between SN and FPN (NBS-corrected),"within-group pre-post comparison after acupuncture, specific edges between SN and FPN",verum,baseline,verum_post_gt_pre,network_ica,,False,0,significantly decreased after acupuncture,paired t test with NBS correction,
37721727,contrast_12,Multiple linear regression — FC changes predicting IAT improvement after acupuncture,"multiple linear regression: FC changes as explanatory variables, IAT improvement as target variable",verum,baseline,correlation_clinical,correlation_brain_behavior,,True,1,decreases in FC predicted IAT improvement,multiple linear regression with forward stepwise selection (alpha level of 0.1 for entry and 0.2 for removal),
24603951,con_01,NC>AD: decreased connectivity to left hippocampus in AD group comparing to control group,"two-sample t-test, between-group comparison at resting state",rest,rest,group_comparison,seed_based_fc,,True,1,NC>AD (decreased connectivity in AD),random effect two-sample t-test on Fisher r-to-z transformed functional connectivity values,
24603951,con_02,AD>NC: increased connectivity to left hippocampus in AD group comparing to control group,"two-sample t-test, between-group comparison at resting state",rest,rest,group_comparison,seed_based_fc,,False,0,AD>NC,random effect two-sample t-test on Fisher r-to-z transformed functional connectivity values,
24603951,con_03,NC>AD: decreased connectivity to right hippocampus in AD group comparing to control group,"two-sample t-test, between-group comparison at resting state",rest,rest,group_comparison,seed_based_fc,,True,3,NC>AD (decreased connectivity in AD),random effect two-sample t-test on Fisher r-to-z transformed functional connectivity values,
24603951,con_04,AD>NC: increased connectivity to right hippocampus in AD group comparing to control group,"two-sample t-test, between-group comparison at resting state",rest,rest,group_comparison,seed_based_fc,,False,0,AD>NC,random effect two-sample t-test on Fisher r-to-z transformed functional connectivity values,
24603951,con_05,ROI comparison: connectivity of left hippocampus-right MPFC between pre and post acupuncture in healthy controls,"independent-sample t-test, ROI analysis, pre vs post acupuncture",rest,baseline,verum_post_gt_pre,roi_fc,,False,0,controls before > controls after (decreased connectivity following acupuncture in healthy controls),independent-sample t-test on extracted z values for pre-acupuncture and post-acupuncture,
24603951,con_06,ROI comparison: connectivity of left hippocampus-right MPFC between pre and post acupuncture in AD patients,"independent-sample t-test, ROI analysis, pre vs post acupuncture",rest,baseline,verum_post_gt_pre,roi_fc,,False,0,decreased connectivity (not significant) in AD patients after acupuncture,independent-sample t-test on extracted z values for pre-acupuncture and post-acupuncture,
24603951,con_07,ROI comparison: connectivity of right hippocampus and right ITG between pre and post acupuncture in healthy controls,"independent-sample t-test, ROI analysis, pre vs post acupuncture",rest,baseline,verum_post_gt_pre,roi_fc,,False,0,lower following acupuncture in control group (not significant),independent-sample t-test on extracted z values for pre-acupuncture and post-acupuncture,
24603951,con_08,ROI comparison: connectivity of right hippocampus and right ITG between pre and post acupuncture in AD patients,"independent-sample t-test, ROI analysis, pre vs post acupuncture",rest,baseline,verum_post_gt_pre,roi_fc,,False,0,"AD patients showed higher connectivity after acupuncture (not significant, approaching significance)",independent-sample t-test on extracted z values for pre-acupuncture and post-acupuncture,
24603951,con_09,ROI comparison: connectivity of right hippocampus and right STG between pre and post acupuncture in healthy controls,"independent-sample t-test, ROI analysis, pre vs post acupuncture",rest,baseline,verum_post_gt_pre,roi_fc,,False,0,lower following acupuncture in control group (not significant),independent-sample t-test on extracted z values for pre-acupuncture and post-acupuncture,
24603951,con_10,ROI comparison: connectivity of right hippocampus and right STG between pre and post acupuncture in AD patients,"independent-sample t-test, ROI analysis, pre vs post acupuncture",rest,baseline,verum_post_gt_pre,roi_fc,,False,0,"AD patients showed higher connectivity after acupuncture (not significant, approaching significance)",independent-sample t-test on extracted z values for pre-acupuncture and post-acupuncture,
24603951,con_11,Whole brain: AD after>AD before: increased connectivity to left hippocampus in AD group after acupuncture comparing to before acupuncture,whole brain post vs pre acupuncture comparison in AD patients,rest,baseline,verum_post_gt_pre,seed_based_fc,,True,2,AD after > AD before (increased connectivity after acupuncture),random effect t-test (implied from methods); whole brain comparison of post vs pre acupuncture hippocampal connectivity,
24603951,con_12,Whole brain: AD after<AD before: decreased connectivity to left hippocampus in AD group after acupuncture comparing to before acupuncture,whole brain post vs pre acupuncture comparison in AD patients,rest,baseline,deactivation,seed_based_fc,,False,0,AD before > AD after,random effect t-test (implied from methods); whole brain comparison of post vs pre acupuncture hippocampal connectivity,
24603951,con_13,Whole brain: AD after vs AD before: right hippocampus,whole brain post vs pre acupuncture comparison in AD patients,rest,baseline,verum_post_gt_pre,seed_based_fc,,False,0,,random effect t-test (implied from methods); whole brain comparison of post vs pre acupuncture hippocampal connectivity,
24603951,con_14,Whole brain: Controls after>Controls before: increased connectivity to left hippocampus in normal control group after acupuncture comparing to before acupuncture,whole brain post vs pre acupuncture comparison in normal controls,rest,baseline,verum_post_gt_pre,seed_based_fc,,True,5,Controls after > Controls before (increased connectivity after acupuncture),random effect t-test (implied from methods); whole brain comparison of post vs pre acupuncture hippocampal connectivity,
24603951,con_15,Whole brain: Controls before>Controls after: decreased connectivity to left hippocampus in normal control group after acupuncture comparing to before acupuncture,whole brain post vs pre acupuncture comparison in normal controls,baseline,rest,deactivation,seed_based_fc,,True,2,Controls before > Controls after (decreased connectivity after acupuncture),random effect t-test (implied from methods); whole brain comparison of post vs pre acupuncture hippocampal connectivity,
24603951,con_16,Whole brain: Controls after>Controls before: increased connectivity to right hippocampus in normal control group after acupuncture comparing to before acupuncture,whole brain post vs pre acupuncture comparison in normal controls,rest,baseline,verum_post_gt_pre,seed_based_fc,,True,4,Controls after > Controls before (increased connectivity after acupuncture),random effect t-test (implied from methods); whole brain comparison of post vs pre acupuncture hippocampal connectivity,
24603951,24618840_C1,Regions showing decreased hippocampal connectivity in AD subjects during resting state - Left hippocampus NC>AD,FC,rest,rest,group_comparison,seed_based_fc,,True,1,NC > AD (decreased connectivity in AD),FC,peak_only_extract
24603951,24618840_C2,Regions showing decreased hippocampal connectivity in AD subjects during resting state - Right hippocampus NC>AD,FC,rest,rest,group_comparison,seed_based_fc,,True,3,NC > AD (decreased connectivity in AD),FC,peak_only_extract
24603951,24618840_C3,Regions showing increased hippocampal connectivity in AD subjects after acupuncture comparing to before acupuncture - Left hippocampus AD after > AD before,FC,rest,baseline,verum_post_gt_pre,seed_based_fc,,True,2,AD after > AD before (increased connectivity post-acupuncture),FC,peak_only_extract
24603951,24618840_C4,Regions showing increased hippocampal connectivity in normal controls after acupuncture comparing to before acupuncture - Left hippocampus Controls after > Controls before,FC,rest,baseline,verum_post_gt_pre,seed_based_fc,,True,5,Controls after > Controls before (increased connectivity post-acupuncture),FC,peak_only_extract
24603951,24618840_C5,Regions showing decreased hippocampal connectivity in normal controls after acupuncture comparing to before acupuncture - Left hippocampus Controls before > Controls after,FC,baseline,rest,deactivation,seed_based_fc,,True,2,Controls before > Controls after (decreased connectivity post-acupuncture),FC,peak_only_extract
24603951,24618840_C6,Regions showing increased hippocampal connectivity in normal controls after acupuncture comparing to before acupuncture - Right hippocampus Controls after > Controls before,FC,rest,baseline,verum_post_gt_pre,seed_based_fc,,True,4,Controls after > Controls before (increased connectivity post-acupuncture),FC,peak_only_extract
33146953,con_gender_baseline,The difference between the fALFF of MPIs and the fALFF of FPIs at the baseline,between-group difference at baseline (MPIs > FPIs),baseline,baseline,group_comparison,whole_brain_activation,,True,10,MPIs had higher fALFF values than FPIs in all listed regions (positive t-value),regression analysis with gender as a variable,
33146953,con_MPI_postVSpre,Altered fALFF signal of MPIs after 5-weeks EA treatment at HT-7,within-group pre-to-post change (post > pre) in MPIs,verum,baseline,verum_post_gt_pre,whole_brain_activation,,True,9,increased (positive t-value means fALFF was increased in this brain region),one-way ANOVA within-subjects test (Flexible Factorial Model),
33146953,con_FPI_postVSpre,Altered fALFF signal of FPIs after 5-weeks EA treatment at HT-7,within-group pre-to-post change (post > pre) in FPIs,verum,baseline,verum_post_gt_pre,whole_brain_activation,,True,5,increased (positive t-value means fALFF was increased in this brain region),one-way ANOVA within-subjects test (Flexible Factorial Model),
33146953,con_diff_altered_FPI_vs_MPI,Difference of altered fALFF regions between MPIs and FPIs after 5-weeks EA treatment at HT-7,between-group difference of treatment-related fALFF change (FPIs vs MPIs and MPIs vs FPIs),verum,verum,group_comparison,whole_brain_activation,,True,3,positive t-value: altered fALFF in MPIs increased higher than FPIs; negative t-value: altered fALFF in FPIs increased higher than MPIs,one-way ANOVA within-subjects test (Flexible Factorial Model),
27242911,contrast_fmri_usage,fMRI used in acupuncture-neuroimaging studies,descriptive frequency count,verum,not_applicable,other,other,,False,0,not_reported,bibliometric / frequency analysis,
27242911,contrast_pet_usage,PET used in acupuncture-neuroimaging studies,descriptive frequency count,verum,not_applicable,other,other,,False,0,not_reported,bibliometric / frequency analysis,
27242911,contrast_eeg_usage,EEG used in acupuncture-neuroimaging studies,descriptive frequency count,verum,not_applicable,other,other,,False,0,not_reported,bibliometric / frequency analysis,
27242911,contrast_meg_usage,MEG used in acupuncture-neuroimaging studies,descriptive frequency count,verum,not_applicable,other,other,,False,0,not_reported,bibliometric / frequency analysis,
27242911,contrast_spect_usage,SPECT used in acupuncture-neuroimaging studies,descriptive frequency count,verum,not_applicable,other,other,,False,0,not_reported,bibliometric / frequency analysis,
27242911,contrast_tcd_usage,TCD used in acupuncture-neuroimaging studies,descriptive frequency count,verum,not_applicable,other,other,,False,0,not_reported,bibliometric / frequency analysis,
27242911,contrast_two_types_usage,Combination of two imaging technologies used in acupuncture-neuroimaging studies,descriptive frequency count,verum,not_applicable,other,other,,False,0,not_reported,bibliometric / frequency analysis,
23666154,cont_real_vs_baseline_table,Real acupuncture versus baseline: cerebral regions showing significant BOLD increases,activation versus baseline (main effect),verum,rest,verum_gt_rest,whole_brain_activation,,False,8,BOLD increases,AFNI 3dDeconvolve with 11 tent basis functions (1T–11T covering -2 to 18 TRs relative to stimulus onset); random effects one-sample t-test in SPM8,
23666154,cont_sham_vs_baseline_table,Sham acupuncture versus baseline: cerebral regions showing significant BOLD increases,activation versus baseline (main effect),sham,rest,sham_gt_rest,whole_brain_activation,3.0,False,8,BOLD increases,AFNI 3dDeconvolve with 11 tent basis functions (1T–11T covering -2 to 18 TRs relative to stimulus onset); random effects one-sample t-test in SPM8,
23666154,cont_scrub_vs_baseline_table,Scrub condition versus baseline: cerebral regions showing significant BOLD increases,activation versus baseline (main effect),sham,rest,sham_gt_rest,whole_brain_activation,3.0,False,8,BOLD increases,AFNI 3dDeconvolve with 11 tent basis functions (1T–11T covering -2 to 18 TRs relative to stimulus onset); random effects one-sample t-test in SPM8,
23666154,cont_IRF_SI_between_groups,IRF time course comparisons in SI (primary somatosensory cortex) across 3 stimulations,between-group IRF time course comparison,verum,sham,group_comparison,other,,False,0,scrubbing > real acupuncture and sham acupuncture during stimulation; real and sham acupuncture showed delayed increases after stimulation,one-way ANOVA followed by Bonferroni post hoc comparison at each time point among 3 groups; ROI defined as 4×4×4 mm3 cube centered on maximum t-value using MarsBaR,
23666154,cont_IRF_SMA_between_groups,IRF time course comparisons in SMA (supplementary motor area) across 3 stimulations,between-group IRF time course comparison,verum,sham,group_comparison,other,,False,0,scrubbing > real acupuncture and sham acupuncture during stimulation; real and sham acupuncture showed delayed increases after stimulation,one-way ANOVA followed by Bonferroni post hoc comparison at each time point among 3 groups; ROI defined as 4×4×4 mm3 cube centered on maximum t-value using MarsBaR,
23666154,cont_IRF_SII_between_groups,IRF time course comparisons in SII (secondary somatosensory cortex) across 3 stimulations,between-group IRF time course comparison,verum,sham,group_comparison,other,,False,0,only real acupuncture showed delayed and sustained signal increases after stimulation; sham acupuncture and scrubbing decreased more rapidly after cessation,one-way ANOVA followed by Bonferroni post hoc comparison at each time point among 3 groups; ROI defined as 4×4×4 mm3 cube centered on maximum t-value using MarsBaR,
23666154,cont_IRF_insula_between_groups,IRF time course comparisons in insula across 3 stimulations,between-group IRF time course comparison,verum,sham,group_comparison,other,,False,0,only real acupuncture showed delayed and sustained signal increases after stimulation; sham acupuncture and scrubbing decreased more rapidly after cessation,one-way ANOVA followed by Bonferroni post hoc comparison at each time point among 3 groups; ROI defined as 4×4×4 mm3 cube centered on maximum t-value using MarsBaR,
23666154,cont_IRF_MI_real_vs_scrub,IRF time course comparisons in MI (primary motor cortex): real acupuncture vs scrubbing (2 stimulations only),between-group IRF time course comparison (2-group),verum,sham,verum_gt_sham,other,3.0,False,0,scrubbing signal increases during stimulation significantly larger than real acupuncture; real acupuncture induced delayed and long-sustained increases after stimulation; sham acupuncture not activated in MI,unpaired t-test at each time point; ROI defined as 4×4×4 mm3 cube centered on maximum t-value using MarsBaR,
23666154,cont_IRF_ACC_real_only,IRF time course in ACC (anterior cingulate cortex): only real acupuncture showed activation,single-group IRF; real acupuncture only,verum,rest,verum_gt_rest,other,,False,0,delayed and long-sustained increases of signal after stimulation; only real acupuncture induced activation,AFNI 3dDeconvolve; ROI time course extracted using MarsBaR,
23666154,cont_IRF_prefrontal_real_only,IRF time course in prefrontal cortex: only real acupuncture showed activation,single-group IRF; real acupuncture only,verum,rest,verum_gt_rest,other,,False,0,delayed and long-sustained increases of signal after stimulation; only real acupuncture induced activation,AFNI 3dDeconvolve; ROI time course extracted using MarsBaR,
23666154,cont_IRF_thalamus_real_only,IRF time course in thalamus: only real acupuncture showed activation,single-group IRF; real acupuncture only,verum,rest,verum_gt_rest,other,,False,0,delayed and long-sustained increases of signal after stimulation; only real acupuncture induced activation,AFNI 3dDeconvolve; ROI time course extracted using MarsBaR,
23666154,cont_real_acu_temporal_dynamics_narrative,"Temporal dynamics of real acupuncture BOLD response: delayed activation in SII, insula at 4T; delayed activation in SI, MI, ACC, SMA, thalamus, prefrontal cortex at 6–8T",temporal dynamics narrative result,verum,rest,verum_gt_rest,other,,False,0,"increase (delayed); SII and insula activated at 4T; SI, MI, ACC, SMA, thalamus, prefrontal cortex activated at 6–8T",AFNI 3dDeconvolve; tent function deconvolution,
23666154,cont_sham_scrub_temporal_dynamics_narrative,Temporal dynamics of sham acupuncture and scrubbing BOLD response: activation during stimulation (3–5T); rapid decrease after cessation,temporal dynamics narrative result,sham,rest,sham_gt_rest,other,3.0,False,0,increase during stimulation (3–5T); rapid decrease after cessation for sham and scrubbing,AFNI 3dDeconvolve; tent function deconvolution,
23666154,36051643_SR_C1,"Sham acupuncture vs baseline (main effect, AFNI 3dDeconvolve)",activation,sham,rest,sham_gt_rest,whole_brain_activation,3.0,False,4,activation,activation,sham_rest_extract
34483822,contrast_hbo_power_acup_vs_allcontrols,Acupuncture manipulation vs. all controls (combining four control groups) - HbO power,acupuncture manipulation vs. all controls,verum,sham,verum_gt_sham,whole_brain_activation,,False,2,decreased (acupuncture manipulation < all controls),Two-sample t-tests on HbO power data between acupuncture manipulation and all controls for each channel; FDR correction for multiple comparisons,
34483822,contrast_hbo_power_tactile_vs_rest,Tactile controls (combining two tactile controls) vs. rest controls (combining two rest controls) - HbO power,tactile controls vs. rest controls,sham,rest,sham_gt_rest,whole_brain_activation,,False,0,no significant difference found,Two-sample t-tests on HbO power data; FDR correction for multiple comparisons,
34483822,contrast_hbo_power_anova_typical_channel,One-way ANOVA of HbO power across five conditions - typical PFC channel,one-way ANOVA across five conditions with post-hoc pairwise comparisons,verum,sham,verum_gt_sham,whole_brain_activation,,False,4,decreased (acupuncture manipulation significantly smaller than all four controls),One-way ANOVA on HbO power data; post-hoc t-tests with FDR correction for multiple comparisons,
34483822,contrast_fc_region_acup_vs_allcontrols,Region-to-region functional connectivity: acupuncture manipulation vs. all controls,acupuncture manipulation vs. all controls (four controls combined),verum,sham,verum_gt_sham,roi_fc,,False,0,increased functional connectivity during acupuncture manipulation,"Pearson's correlation coefficients of HbO time series; permutation test (1000-times, channel pairs' corresponding epochs shuffled randomly); Fisher r-to-z transformation; paired t-tests for group-level comparisons; FDR correction",
34483822,contrast_fc_pfc_motor_group,PFC-Motor functional connectivity: acupuncture manipulation vs. all controls,within region-pair comparison,verum,sham,verum_gt_sham,roi_fc,,False,0,significantly higher functional connectivity strength under acupuncture manipulation,Paired t-tests on subject level channel-to-channel functional connectivity data within PFC-Motor region pair across all subjects,
34483822,contrast_fc_pfc_pfc_group,PFC-PFC functional connectivity: acupuncture manipulation vs. all controls,within region-pair comparison,verum,sham,verum_gt_sham,roi_fc,,False,0,significantly higher functional connectivity strength under acupuncture manipulation,Paired t-tests on subject level channel-to-channel functional connectivity data within PFC-PFC region pair across all subjects,
34483822,contrast_fc_motor_motor_group,Motor-Motor functional connectivity: acupuncture manipulation vs. all controls,within region-pair comparison,verum,sham,verum_gt_sham,roi_fc,,False,0,no significant difference,Paired t-tests on subject level channel-to-channel functional connectivity data within Motor-Motor region pair across all subjects,
34483822,contrast_graph_shortest_path,Shortest path length: acupuncture manipulation vs. all controls,acupuncture manipulation vs. all controls - graph theory metric,verum,sham,verum_gt_sham,graph_theory,,False,0,significantly lower shortest path length during acupuncture manipulation within 0.4–0.5 sparsity range,"Graph theory analysis using GRETNA toolbox; correlation coefficients matrix thresholded over sparsity range [0.1, 0.9] with step-size 0.05; paired t-tests across subjects",
34483822,contrast_graph_global_efficiency,Global efficiency: acupuncture manipulation vs. all controls,acupuncture manipulation vs. all controls - graph theory metric,verum,sham,verum_gt_sham,graph_theory,,False,0,significantly higher global efficiency during acupuncture manipulation within 0.35–0.55 sparsity range,"Graph theory analysis using GRETNA toolbox; correlation coefficients matrix thresholded over sparsity range [0.1, 0.9] with step-size 0.05; paired t-tests across subjects",
34483822,contrast_graph_local_efficiency_clustering_smallworld,"Local efficiency, clustering coefficient, small-world: acupuncture manipulation vs. all controls",acupuncture manipulation vs. all controls - graph theory metrics,verum,sham,verum_gt_sham,graph_theory,,False,0,no significant difference,Graph theory analysis using GRETNA toolbox,
34483822,contrast_correlation_pfc_deqi,Correlation between PFC HbO power change and acupuncture deqi behavioral index,Pearson's correlation between neural and behavioral measure,verum,sham,correlation_deqi,correlation_brain_behavior,,False,0,positive correlation trend,Pearson's correlation and linear regression between deqi behavior data and HbO power change (acupuncture manipulation – all controls) for acupuncture significant responsive channels from PFC,
34483822,contrast_correlation_motor_deqi,Correlation between motor cortex HbO power change and acupuncture deqi behavioral index,Pearson's correlation between neural and behavioral measure,verum,sham,correlation_deqi,correlation_brain_behavior,,False,0,no significant correlation,Pearson's correlation and linear regression between deqi behavior data and HbO power change (acupuncture manipulation – all controls) for acupuncture significant responsive channels from motor cortex,
34483822,34408621_C1,The MNI coordination and Brodmann label of each channel,other,verum,not_applicable,other,other,,True,48,,other,peak_only_extract
35464313,contrast_all_fd_faLFF_post_vs_pre,Cerebral activity changes elucidated by acupuncture treatment in all FD patients,within-group pre vs post acupuncture (paired t-test),verum,baseline,verum_post_gt_pre,whole_brain_activation,,True,6,both increases and decreases reported,paired t-test,
35464313,contrast_mpfc_ndsi_correlation,Correlation between cerebral activity changes and NDSI symptom improvement in all FD patients,correlation between zfALFF change and NDSI improvement,verum,baseline,correlation_clinical,correlation_brain_behavior,,False,0,positive correlation (r = 0.20),correlation analysis (Pearson or Spearman),
35464313,contrast_higher_faLFF_post_vs_pre,Cerebral activity changes in higher response group after acupuncture treatment,within-group pre vs post acupuncture (paired t-test) in higher response group,verum,baseline,verum_post_gt_pre,whole_brain_activation,,True,5,both increases and decreases reported,paired t-test,
35464313,contrast_lower_faLFF_post_vs_pre,Cerebral activity changes in lower response group after acupuncture treatment,within-group pre vs post acupuncture (paired t-test) in lower response group,verum,baseline,verum_post_gt_pre,whole_brain_activation,,True,5,both increases and decreases reported,paired t-test,
35464313,contrast_higher_rsfc_mpfc,Changes of mPFC rsFC in higher response group,within-group pre vs post acupuncture rsFC (paired t-test) in higher response group with mPFC as ROI seed,verum,baseline,verum_post_gt_pre,seed_based_fc,,True,5,decreases reported,ROI-to-voxel functional connectivity analysis (paired t-test),
35464313,contrast_lower_rsfc_mpfc,Changes of mPFC rsFC in lower response group,within-group pre vs post acupuncture rsFC (paired t-test) in lower response group with mPFC as ROI seed,verum,baseline,verum_post_gt_pre,seed_based_fc,,True,2,increases reported,ROI-to-voxel functional connectivity analysis (paired t-test),
35464313,contrast_between_group_rsfc_mpfc,Between-group comparisons of mPFC rsFC changes,between-group comparison of mPFC rsFC changes (higher response vs lower response),verum,verum,group_comparison,seed_based_fc,,True,6,both increases and decreases reported,between-group comparison of rsFC change with mPFC as ROI seed,
35464313,30034336_C1,DC: TAG > SAG,degree_centrality,verum,sham,verum_gt_sham,graph_theory,,True,2,increase,degree_centrality,extraction_results.json
35464313,30034336_C2,DC: TAG < SAG,degree_centrality,sham,verum,verum_gt_sham,graph_theory,,True,1,decrease,degree_centrality,extraction_results.json
35464313,30034336_C3,DC: TAG > WG,degree_centrality,verum,rest,verum_gt_rest,graph_theory,,True,1,increase,degree_centrality,extraction_results.json
35464313,30034336_C4,DC: TAG < WG,degree_centrality,rest,verum,verum_gt_rest,graph_theory,,True,1,decrease,degree_centrality,extraction_results.json
35464313,30034336_C5,DC: SAG > WG,degree_centrality,sham,rest,sham_gt_rest,graph_theory,2.0,True,2,increase,degree_centrality,extraction_results.json
35464313,30034336_C6,ReHo: TAG > SAG,ReHo,verum,sham,verum_gt_sham,whole_brain_activation,,True,7,increase,ReHo,extraction_results.json
35464313,30034336_C7,ReHo: TAG < SAG,ReHo,sham,verum,verum_gt_sham,whole_brain_activation,,True,3,decrease,ReHo,extraction_results.json
35464313,30034336_C8,ReHo: TAG > WG,ReHo,verum,rest,verum_gt_rest,whole_brain_activation,,True,6,increase,ReHo,extraction_results.json
35464313,30034336_C9,ReHo: TAG < WG,ReHo,rest,verum,verum_gt_rest,whole_brain_activation,,True,4,decrease,ReHo,extraction_results.json
35464313,30034336_C10,ReHo: SAG > WG,ReHo,sham,rest,sham_gt_rest,whole_brain_activation,2.0,True,1,increase,ReHo,extraction_results.json
35464313,30034336_C11,ReHo: SAG < WG,ReHo,rest,sham,sham_gt_rest,whole_brain_activation,2.0,True,1,decrease,ReHo,extraction_results.json
35464313,30034336_C12,ALFF: TAG > SAG,ALFF,verum,sham,verum_gt_sham,whole_brain_activation,,True,1,increase,ALFF,extraction_results.json
35464313,30034336_C13,ALFF: TAG < SAG,ALFF,sham,verum,verum_gt_sham,whole_brain_activation,,True,1,decrease,ALFF,extraction_results.json
35464313,30034336_C14,ALFF: TAG > WG,ALFF,verum,rest,verum_gt_rest,whole_brain_activation,,True,5,increase,ALFF,extraction_results.json
35464313,30034336_C15,ALFF: SAG > WG,ALFF,sham,rest,sham_gt_rest,whole_brain_activation,2.0,True,2,increase,ALFF,extraction_results.json
23316257,cont_gsrv_acup,Correlation of global signal (GS) and reference vector (RV) - acupuncture run,Correlation between global signal and hemodynamic reference vector,verum,not_applicable,other,correlation_brain_behavior,,False,0,"8 subjects significant (6 positive correlations, 2 negative correlations)",Correlation coefficient (R-value) between global signal time series and reference vector (experimental paradigm convolved with HRF),
23316257,cont_gsrv_tactile,Correlation of global signal (GS) and reference vector (RV) - tactile run,Correlation between global signal and hemodynamic reference vector,sham,not_applicable,other,correlation_brain_behavior,,False,0,7 subjects significant (all positive correlations),Correlation coefficient (R-value) between global signal time series and reference vector (experimental paradigm convolved with HRF),
23316257,cont_averwb_gsrv_acup,Correlation of GS-RV R-value and AVER-WB-RV R-value (NO PSGS) - acupuncture,Linear relationship between subject-level GS-RV R-value and averaged whole-brain voxel-level RV R-value,verum,not_applicable,other,correlation_brain_behavior,,False,0,positive linear relationship,Correlation between GS-RV R-value and AVER-WB-RV R-value (NO PSGS) across subjects,
23316257,cont_averwb_gsrv_tactile,Correlation of GS-RV R-value and AVER-WB-RV R-value (NO PSGS) - tactile,Linear relationship between subject-level GS-RV R-value and averaged whole-brain voxel-level RV R-value,sham,not_applicable,other,correlation_brain_behavior,,False,0,positive linear relationship,Correlation between GS-RV R-value and AVER-WB-RV R-value (NO PSGS) across subjects,
23316257,cont_gsrv_averwb_change_acup,Correlation of GS-RV R-value and changes in AVER-WB-RV R-value (PSGS - NO PSGS) - acupuncture,Linear relationship between GS-RV R-value and normalization-induced change in averaged whole-brain correlation,verum,verum,other,correlation_brain_behavior,,False,0,inverse correlation,Correlation between GS-RV R-value and changes in AVER-WB-RV R-value (PSGS - NO PSGS) across subjects,
23316257,cont_gsrv_averwb_change_tactile,Correlation of GS-RV R-value and changes in AVER-WB-RV R-value (PSGS - NO PSGS) - tactile,Linear relationship between GS-RV R-value and normalization-induced change in averaged whole-brain correlation,sham,sham,other,correlation_brain_behavior,,False,0,inverse correlation,Correlation between GS-RV R-value and changes in AVER-WB-RV R-value (PSGS - NO PSGS) across subjects,
23316257,cont_averwb_mean_change_acup,Mean AVER-WB-RV R-value across subjects: NO PSGS vs PSGS - acupuncture,Within-subject comparison of AVER-WB-RV R-value before and after global signal normalization,verum,verum,other,other,,False,0,mean values ranged from 0.018 (NO PSGS) to -0.005 (PSGS); significantly changed,Mean and SD of AVER-WB-RV R-value across subjects for NO PSGS and PSGS,
23316257,cont_averwb_mean_change_tactile,Mean AVER-WB-RV R-value across subjects: NO PSGS vs PSGS - tactile,Within-subject comparison of AVER-WB-RV R-value before and after global signal normalization,sham,sham,other,other,,False,0,mean values ranged from 0.036 (NO PSGS) to -0.011 (PSGS); significantly changed,Mean and SD of AVER-WB-RV R-value across subjects for NO PSGS and PSGS,
23316257,cont_paired_ttest_psgs_nopsgs_acup,Paired t-test: PSGS < NO PSGS in acupuncture run,Paired t-test of BOLD responses between PSGS and NO PSGS at individual level,verum,verum,other,whole_brain_activation,,True,9,PSGS < NO PSGS (reduced BOLD responses with global normalization),Paired t-test of BOLD responses based on contrast file of each subject between PSGS and NO PSGS; random-effects model at group level,
23316257,cont_paired_ttest_psgs_nopsgs_tactile,Paired t-test: PSGS < NO PSGS in tactile run,Paired t-test of BOLD responses between PSGS and NO PSGS at individual level,sham,sham,other,whole_brain_activation,,True,51,PSGS < NO PSGS (reduced BOLD responses with global normalization); more voxels and more widespread than acupuncture,Paired t-test of BOLD responses based on contrast file of each subject between PSGS and NO PSGS; random-effects model at group level,
23316257,cont_onesample_acup_nopsgs,Group results in acupuncture run (NO PSGS) - one sample t-test activations,One-sample t-test: acupuncture stimulation vs baseline (NO PSGS),verum,not_applicable,verum_gt_rest,whole_brain_activation,,True,21,activation (positive BOLD response),Random-effects model (REM) one-sample t-test; group results,
23316257,cont_twosample_acup_gt_tactile_nopsgs,Two-sample t-test: acupuncture > tactile (NO PSGS) - specific BOLD responses,Two-sample t-test: acupuncture stimulation greater than tactile stimulation (NO PSGS),verum,sham,verum_gt_sham,whole_brain_activation,,True,5,acupuncture > tactile,Two-sample t-test between acupuncture run and tactile run for NO PSGS; random-effects model,
23316257,cont_actdeact_nopsgs_psgs_acup_groupstats,Group-level activations and deactivations: NO PSGS vs PSGS - acupuncture run,Comparison of number of activations and deactivations between NO PSGS and PSGS at group level,verum,verum,other,whole_brain_activation,,False,0,PSGS reduced activations and increased deactivations compared to NO PSGS,One-sample t-test; random-effects model; count of activations and deactivations at multiple thresholds,
23316257,cont_actdeact_nopsgs_psgs_tactile_groupstats,Group-level activations and deactivations: NO PSGS vs PSGS - tactile run,Comparison of number of activations and deactivations between NO PSGS and PSGS at group level,sham,sham,other,whole_brain_activation,,False,0,PSGS reduced activations and increased deactivations compared to NO PSGS,One-sample t-test; random-effects model; count of activations and deactivations at multiple thresholds,
23316257,cont_indiv_actdeact_acup_mean,Individual-level activations and deactivations: NO PSGS vs PSGS - acupuncture - mean across subjects,Mean number of individual-level activations and deactivations comparing NO PSGS and PSGS,verum,verum,other,whole_brain_activation,,False,0,"Mean activations: NO PSGS = 3097, PSGS = 2085 (-33%); Mean deactivations: NO PSGS = 1594, PSGS = 1991 (+25%)","Fixed-effects model GLM; count of activations and deactivations at P < 0.00001, uncorrected; mean and SD across subjects",
23316257,cont_indiv_actdeact_tactile_mean,Individual-level activations and deactivations: NO PSGS vs PSGS - tactile - mean across subjects,Mean number of individual-level activations and deactivations comparing NO PSGS and PSGS,sham,sham,other,whole_brain_activation,,False,0,"Mean activations: NO PSGS = 3529, PSGS = 2380 (-33%); Mean deactivations: NO PSGS = 1190, PSGS = 2181 (+83%)","Fixed-effects model GLM; count of activations and deactivations at P < 0.00001, uncorrected; mean and SD across subjects",
23316257,cont_averwb_psgs_vs_nopsgs_acup_significance,AVER-WB-RV R-value significant change: NO PSGS vs PSGS - acupuncture,Statistical test of mean AVER-WB-RV R-value change between NO PSGS and PSGS across subjects,verum,verum,other,other,,False,0,decreased from 0.018 (NO PSGS) to -0.005 (PSGS),Statistical test of mean difference of AVER-WB-RV R-value across subjects,
23316257,cont_averwb_psgs_vs_nopsgs_tactile_significance,AVER-WB-RV R-value significant change: NO PSGS vs PSGS - tactile,Statistical test of mean AVER-WB-RV R-value change between NO PSGS and PSGS across subjects,sham,sham,other,other,,False,0,decreased from 0.036 (NO PSGS) to -0.011 (PSGS),Statistical test of mean difference of AVER-WB-RV R-value across subjects,
39543627,nc_CID_vs_HC_MH_increased,CID patients vs. HCs – increased MH rsFC,two-sample t-test (CID > HCs),baseline,baseline,group_comparison,seed_based_fc,,True,2,increased (CID > HCs),seed-based resting-state functional connectivity; two-sample t-test,
39543627,nc_CID_vs_HC_MH_decreased,CID patients vs. HCs – decreased MH rsFC,two-sample t-test (CID < HCs),baseline,baseline,group_comparison,seed_based_fc,,True,1,decreased (CID < HCs),seed-based resting-state functional connectivity; two-sample t-test,
39543627,nc_RA_post_vs_pre_decreased,Post vs. pre in the RA treatment group – decreased MH rsFC,"paired t-test (post < pre, RA group)",verum,baseline,deactivation,seed_based_fc,,True,2,decreased (post < pre),seed-based resting-state functional connectivity; paired t-test,
39543627,nc_RA_post_vs_pre_increased,Post vs. pre in the RA treatment group – increased MH rsFC,"paired t-test (post > pre, RA group)",verum,baseline,verum_post_gt_pre,seed_based_fc,,True,1,increased (post > pre),seed-based resting-state functional connectivity; paired t-test,
39543627,nc_SA_post_vs_pre_increased,Post vs. pre in the SA treatment group – increased MH rsFC,"paired t-test (post > pre, SA group)",sham,baseline,sham_post_gt_pre,seed_based_fc,2.0,True,3,increased (post > pre),seed-based resting-state functional connectivity; paired t-test,
39543627,nc_SA_post_vs_pre_decreased,Post vs. pre in the SA treatment group – decreased MH rsFC,"paired t-test (post < pre, SA group)",sham,baseline,deactivation,seed_based_fc,2.0,True,1,decreased (post < pre),seed-based resting-state functional connectivity; paired t-test,
39543627,nc_RA_vs_SA_between_group,Different changes between the two treatment groups (RA vs. SA),2-way ANOVA (RA > SA in post-pre change),verum,sham,verum_gt_sham,seed_based_fc,2.0,True,3,RA > SA,2-way ANOVA comparing changes between RA and SA groups,
39543627,nc_conjunction_LOFC,Conjunction analysis – overlap of CID vs. HCs baseline rsFC and RA post vs. pre rsFC change in left LOFC,conjunction analysis,verum,baseline,other,seed_based_fc,,False,0,overlap region in left LOFC,conjunction analysis comparing rsFC alteration maps of CID patients vs. HCs and effect maps of acupuncture in RA and SA groups,
39543627,nc_MH_LOFC_rsFC_PSQI_correlation,Correlation between altered MH-LOFC rsFC and PSQI improvement in the RA group,correlation analysis (rsFC change vs. PSQI change),verum,baseline,correlation_clinical,correlation_brain_behavior,,False,0,negative correlation,correlation analysis between significantly altered hypothalamus-based rsFCs ('post' minus 'pre') and corresponding PSQI changes in RA group,
39543627,nc_MH_LOFC_rsFC_GSRS_correlation,Correlation between altered MH-LOFC rsFC and GSRS improvement in the RA group,correlation analysis (rsFC change vs. GSRS change),verum,baseline,correlation_clinical,correlation_brain_behavior,,False,0,not significant,correlation analysis between MH-LOFC rsFC change and GSRS change in RA group,
39543627,nc_LH_no_sig,LH rsFC – no significant differences between CID and HCs,"two-sample t-test (CID vs. HCs, LH seed)",baseline,baseline,group_comparison,seed_based_fc,,False,0,no significant differences,seed-based resting-state functional connectivity; two-sample t-test,
39543627,NR_C1,CID patients vs. HCs,FC,baseline,baseline,group_comparison,seed_based_fc,,True,3,CID > HCs (positive) and CID < HCs (negative),FC,peak_only_extract
39543627,NR_C2,Post vs. pre in the RA treatment group,FC,verum,baseline,verum_post_gt_pre,seed_based_fc,,True,3,Post > Pre (positive) and Post < Pre (negative),FC,peak_only_extract
39543627,NR_C3,Post vs. pre in the SA treatment group,FC,sham,baseline,sham_post_gt_pre,seed_based_fc,,True,4,Post > Pre (positive) and Post < Pre (negative),FC,peak_only_extract
36744205,contrast_alff_patients_lt_hc,Regions Showing Decreased ALFF in Patients with Numbness at Baseline,two-sample t-test: patients < healthy controls,baseline,baseline,group_comparison,whole_brain_activation,,True,9,decreased (patients < healthy controls),Two-sample t-test on ALFF values,
36744205,contrast_alff_post_gt_pre,Regions Showing Increased ALFF in Patients Before and After Acupuncture Treatment,paired-samples t-test: post-acupuncture > pre-acupuncture,verum,baseline,verum_post_gt_pre,whole_brain_activation,,True,5,increased (post > pre),Paired-samples t-test on ALFF values,
36744205,contrast_fc_patients_lt_hc,Regions Showing Decreased FC in Stroke Patients with Numbness Comparing to Healthy Controls Based on Seed Regions of Abnormal ALFF,two-sample t-test: patients < healthy controls (seed-based FC),baseline,baseline,group_comparison,seed_based_fc,,True,4,decreased (patients < healthy controls),"Seed-to-voxel functional connectivity analysis, second-level two-sample t-test via CONN",
36744205,contrast_fc_patients_gt_hc,Regions Showing Increased FC in Stroke Patients with Numbness Comparing to Healthy Controls Based on Seed Regions of Abnormal ALFF,two-sample t-test: patients > healthy controls (seed-based FC),baseline,baseline,group_comparison,seed_based_fc,,True,2,increased (patients > healthy controls),"Seed-to-voxel functional connectivity analysis, second-level two-sample t-test via CONN",
36744205,contrast_fc_post_gt_pre,Regions Indicating Increased FC After Acupuncture in Stroke Patients with Numbness Compared to Before Acupuncture,paired-samples t-test: post-acupuncture > pre-acupuncture (seed-based FC),verum,baseline,verum_post_gt_pre,seed_based_fc,,True,3,increased (post > pre),"Seed-to-voxel functional connectivity analysis, paired-samples t-test via CONN",
36744205,contrast_corr_alff_vas,Pearson correlations of fMRI data (ALFF t-values) and VAS score in patients with numbness,Pearson correlation between ALFF t-values and VAS score,baseline,baseline,correlation_clinical,correlation_brain_behavior,,False,0,negative correlation,Pearson correlation with age and gender as covariates of no interest,
36744205,contrast_corr_fc_vas,Pearson correlations of fMRI data (FC z-values) and VAS score in patients with numbness,Pearson correlation between FC z-values and VAS score,baseline,baseline,correlation_clinical,correlation_brain_behavior,,False,0,negative correlation,Pearson correlation with age and gender as covariates of no interest,
20838644,con_LR14_activation,LR14 verum laser > all other acupoints/control point (activation),verum laser per point > all others,verum,verum,other,whole_brain_activation,,True,3,activation (significant increase in BOLD),two-stage random effects GLM; first level: each stimulation site vs placebo (laser off); second level: ANOVA using individual subject contrast images; verum laser per point > all others,
20838644,con_LR14_deactivation,LR14 verum laser < all other acupoints/control point (deactivation),all others > verum laser per point,verum,verum,deactivation,whole_brain_activation,,True,2,deactivation (significant decrease in BOLD),two-stage random effects GLM; first level: each stimulation site vs placebo (laser off); second level: ANOVA using individual subject contrast images; all others > verum laser per point,
20838644,con_CV14_activation,CV14 verum laser > all other acupoints/control point (activation),verum laser per point > all others,verum,verum,other,whole_brain_activation,,True,1,activation (significant increase in BOLD),two-stage random effects GLM; first level: each stimulation site vs placebo (laser off); second level: ANOVA using individual subject contrast images; verum laser per point > all others,
20838644,con_CV14_deactivation,CV14 verum laser < all other acupoints/control point (deactivation),all others > verum laser per point,verum,verum,deactivation,whole_brain_activation,,False,0,deactivation (significant decrease in BOLD),two-stage random effects GLM; first level: each stimulation site vs placebo (laser off); second level: ANOVA using individual subject contrast images; all others > verum laser per point,
20838644,con_LR8_activation,LR8 verum laser > all other acupoints/control point (activation),verum laser per point > all others,verum,verum,other,whole_brain_activation,,True,1,activation (significant increase in BOLD),two-stage random effects GLM; first level: each stimulation site vs placebo (laser off); second level: ANOVA using individual subject contrast images; verum laser per point > all others,
20838644,con_LR8_deactivation,LR8 verum laser < all other acupoints/control point (deactivation),all others > verum laser per point,verum,verum,deactivation,whole_brain_activation,,True,5,deactivation (significant decrease in BOLD),two-stage random effects GLM; first level: each stimulation site vs placebo (laser off); second level: ANOVA using individual subject contrast images; all others > verum laser per point,
20838644,con_HT7_activation,HT7 verum laser > all other acupoints/control point (activation),verum laser per point > all others,verum,verum,other,whole_brain_activation,,False,0,activation,two-stage random effects GLM; first level: each stimulation site vs placebo (laser off); second level: ANOVA using individual subject contrast images; verum laser per point > all others,
20838644,con_HT7_deactivation,HT7 verum laser < all other acupoints/control point (deactivation),all others > verum laser per point,verum,verum,deactivation,whole_brain_activation,,False,0,deactivation,two-stage random effects GLM; first level: each stimulation site vs placebo (laser off); second level: ANOVA using individual subject contrast images; all others > verum laser per point,
20838644,con_control_activation,Control Point verum laser > all other acupoints/control point (activation),verum laser per point > all others,sham,verum,other,whole_brain_activation,3.0,True,1,activation (significant increase in BOLD),two-stage random effects GLM; first level: each stimulation site vs placebo (laser off); second level: ANOVA using individual subject contrast images; verum laser per point > all others,
20838644,con_control_deactivation,Control Point verum laser < all other acupoints/control point (deactivation),all others > verum laser per point,sham,verum,deactivation,whole_brain_activation,3.0,True,1,deactivation (significant decrease in BOLD),two-stage random effects GLM; first level: each stimulation site vs placebo (laser off); second level: ANOVA using individual subject contrast images; all others > verum laser per point,
20838644,32682992_SR_C1,Control Point activation (verum laser at control point > all other conditions),activation,sham,verum,other,whole_brain_activation,,True,1,activation,activation,sham_rest_extract
20838644,32682992_SR_C2,Control Point deactivation (all others > verum laser at control point),activation,sham,verum,deactivation,whole_brain_activation,,True,1,deactivation,activation,sham_rest_extract
28443010,contrast_task_activation_all,Motor task activation map (all participants),one-sample T-test; task > baseline,rest,not_applicable,other,whole_brain_activation,,True,1,positive activation,"General Linear Model (GLM), first level; One-sample T-test",
28443010,contrast_fc_stroke_vs_healthy_baseline,Decreased FC of the bilateral M1s between stroke patients and healthy subjects,two-sample T-test; stroke patients < healthy subjects,baseline,baseline,group_comparison,seed_based_fc,,True,1,decreased (stroke < healthy),seed-based FC analysis with Fisher's Z-transformation; two-sample T-test within left M1 mask,
28443010,contrast_fc_stroke_post_vs_pre_acup,Increased FC of the bilateral M1s between after and before acupuncture stimulation in stroke patients,paired T-test; post-acupuncture > baseline (within stroke patients),verum,baseline,verum_post_gt_pre,seed_based_fc,,True,1,increased (post-acupuncture > baseline),seed-based FC analysis with Fisher's Z-transformation; paired T-test within left M1 mask,
28443010,contrast_fc_healthy_post_vs_pre_acup,No change in FC between the bilateral M1s in healthy subjects before and after acupuncture at GB34,paired T-test; post-acupuncture vs. baseline (within healthy subjects),verum,baseline,verum_post_gt_pre,seed_based_fc,,False,0,no significant change,seed-based FC analysis with Fisher's Z-transformation; paired T-test within left M1 mask,
28443010,28400727_C2,Increased FC of the bilateral M1s after vs before acupuncture stimulation in stroke patients,FC,verum,baseline,verum_post_gt_pre,seed_based_fc,,True,1,increased after acupuncture in stroke patients,FC,peak_only_extract
28443010,28400727_C3,Motor task activation map - seed point for FC analysis,activation,rest,rest,other,whole_brain_activation,,True,1,activation during left hand motor task,activation,peak_only_extract
33551385,con_real_acu_5T_10T,real acupuncture: activation during stimulation period (5T–10T),one-sample t-test on beta maps; stimulus-induced activation,verum,rest,verum_gt_rest,whole_brain_activation,,False,2,activation (increased BOLD signal),"deconvolution analysis using tent basis functions (1T–31T, covering -4 to 56 TRs relative to stimulus onset); 3dDeconvolve; random-effects one-sample t-test on individual beta maps",
33551385,con_real_acu_after11T,real acupuncture: activation after stimulation period (after 11T),one-sample t-test on beta maps; post-stimulation activation,verum,rest,verum_gt_rest,whole_brain_activation,,False,3,activation (increased BOLD signal),deconvolution analysis using tent basis functions; 3dDeconvolve; random-effects one-sample t-test on individual beta maps,
33551385,con_real_acu_later_SI,real acupuncture: activation in contralateral SI in later phases,one-sample t-test on beta maps; later-phase activation,verum,rest,verum_gt_rest,whole_brain_activation,,False,1,activation,deconvolution analysis using tent basis functions; 3dDeconvolve; random-effects one-sample t-test on individual beta maps,
33551385,con_sham_acu_5T8T,sham acupuncture: activation during stimulation (5T–8T),one-sample t-test on beta maps; stimulus-induced activation,sham,rest,sham_gt_rest,whole_brain_activation,3.0,False,5,activation (increased BOLD signal),deconvolution analysis using tent basis functions; 3dDeconvolve; random-effects one-sample t-test on individual beta maps,
33551385,con_scrub_5T10T,scrubbing: activation during stimulation (5T–10T),one-sample t-test on beta maps; stimulus-induced activation,sham,rest,sham_gt_rest,whole_brain_activation,3.0,False,4,activation (increased BOLD signal),deconvolution analysis using tent basis functions; 3dDeconvolve; random-effects one-sample t-test on individual beta maps,
33551385,con_IRF_SII_timecourse,IRF time course in SII: beta amplitude changes across stimulation types,one-sample t-test at each time point on extracted IRF beta amplitude; ROI analysis,rest,not_applicable,other,other,,False,0,increased BOLD signal amplitude,cubic ROI (4×4×4 mm3) centered at maximum t value within activation cluster; IRF time course calculated as difference between first time point IRF and IRF at each following time point; one-sample t-test at each time point,
33551385,con_IRF_insula_timecourse,IRF time course in insula: beta amplitude changes across stimulation types,one-sample t-test at each time point on extracted IRF beta amplitude; ROI analysis,rest,not_applicable,other,other,,False,0,increased BOLD signal amplitude,cubic ROI (4×4×4 mm3) centered at maximum t value within activation cluster; IRF time course; one-sample t-test at each time point,
33551385,con_IRF_thalamus_timecourse,IRF time course in thalamus: beta amplitude changes across stimulation types,one-sample t-test at each time point on extracted IRF beta amplitude; ROI analysis,rest,not_applicable,other,other,,False,0,increased BOLD signal amplitude,cubic ROI (4×4×4 mm3) centered at maximum t value within activation cluster; IRF time course; one-sample t-test at each time point,
33551385,con_IRF_SI_timecourse,IRF time course in SI: beta amplitude changes across stimulation types,one-sample t-test at each time point on extracted IRF beta amplitude; ROI analysis,rest,not_applicable,other,other,,False,0,increased BOLD signal amplitude,cubic ROI (4×4×4 mm3) centered at maximum t value within activation cluster; IRF time course; one-sample t-test at each time point,
33551385,con_IRF_SMA_timecourse,IRF time course in SMA: beta amplitude changes across stimulation types,one-sample t-test at each time point on extracted IRF beta amplitude; ROI analysis,rest,not_applicable,other,other,,False,0,increased BOLD signal amplitude,cubic ROI (4×4×4 mm3) centered at maximum t value within activation cluster; IRF time course; one-sample t-test at each time point,
33551385,con_IRF_ACC_timecourse,IRF time course in ACC: beta amplitude changes across stimulation types,one-sample t-test at each time point on extracted IRF beta amplitude; ROI analysis,rest,not_applicable,other,other,,False,0,increased BOLD signal amplitude,cubic ROI (4×4×4 mm3) centered at maximum t value within activation cluster; IRF time course; one-sample t-test at each time point,
33551385,35832324_SR_C1,Sham acupuncture activation during stimulation (5T–8T),activation,sham,rest,sham_gt_rest,whole_brain_activation,3.0,False,5,activation,activation,sham_rest_extract
26161117,con_pain_vs_baseline_ReHo,pain status compared with baseline (ReHo),paired t-test; pain status minus baseline,rest,baseline,other,other,,True,12,both increases and decreases reported,regional homogeneity (ReHo) analysis; Kendall's coefficient; two-tailed paired t-test,
26161117,con_ACUP_vs_OFF,ACUP (ON status compared with OFF status),one-sample t-test; ACUP ON minus OFF status,verum,rest,verum_gt_rest,whole_brain_activation,,True,21,both activations and deactivations reported,general linear model; one-sample t-test,
26161117,con_SHAM_vs_OFF,SHAM (ON status compared with OFF status),one-sample t-test; SHAM ON minus OFF status,sham,rest,sham_gt_rest,whole_brain_activation,1.0,True,24,both activations and deactivations reported,general linear model; one-sample t-test,
26161117,con_ACUP_vs_SHAM,ACUP compared with SHAM (ACUP minus SHAM),paired t-test; ACUP minus SHAM,verum,sham,verum_gt_sham,whole_brain_activation,1.0,True,24,both activations and deactivations reported (ACUP > SHAM and ACUP < SHAM),general linear model; paired t-test,
26161117,26075009_C1,"Resting state regional homogeneity alterations corresponding to pain status (pain status compared with baseline) paired t-test analysis P < 0.05, FDR < 0.05",ReHo,rest,baseline,other,other,,True,12,both (positive and negative Z-scores reported),ReHo,peak_only_extract
26161117,26075009_C2,"fMRI signal changes evoked by ACUP (ACUP (ON status compared with OFF status)) one-sample t-test analysis P < 0.05, FDR < 0.05",activation,verum,rest,verum_gt_rest,whole_brain_activation,,True,21,both (positive and negative Z-scores reported),activation,peak_only_extract
26161117,26075009_C3,"fMRI signal changes evoked by SHAM (SHAM (ON status compared with OFF status)) one-sample t-test analysis P < 0.05, FDR < 0.05",activation,sham,rest,sham_gt_rest,whole_brain_activation,1.0,True,24,both (positive and negative Z-scores reported),activation,peak_only_extract
26161117,26075009_C4,"fMRI signal changes in the comparison of ACUP minus SHAM (ACUP compared with SHAM) paired t-test analysis P < 0.05, FDR < 0.05",activation,verum,sham,verum_gt_sham,whole_brain_activation,,True,24,both (positive and negative Z-scores reported),activation,peak_only_extract
26161117,31636536_SR_C1,SHAM (ON status compared with OFF status),activation,sham,rest,deactivation,whole_brain_activation,,True,3,deactivation,activation,sham_rest_extract
26161117,31636536_SR_C2,SHAM (ON status compared with OFF status),activation,sham,rest,sham_gt_rest,whole_brain_activation,1.0,True,21,activation,activation,sham_rest_extract
40660313,nc_001,"Whole-brain mean functional connectivity strength based on HbO2: pre vs post treatment, homologous brain networks, acupuncture group",within-group pre vs post treatment,verum,baseline,deactivation,network_ica,,False,0,significantly lower after treatment than before treatment,two-way repeated measures analysis of variance; functional connectivity analysis via NirSpark network module,
40660313,nc_002,"Whole-brain mean functional connectivity strength based on HbO2: pre vs post treatment, heterologous brain networks, acupuncture group",within-group pre vs post treatment,verum,baseline,deactivation,network_ica,,False,0,significantly lower after treatment than before treatment,two-way repeated measures analysis of variance; functional connectivity analysis via NirSpark network module,
40660313,nc_003,"Whole-brain mean functional connectivity strength based on HbO2: pre vs post treatment, homologous brain networks, tDCS group",within-group pre vs post treatment,sham,baseline,deactivation,network_ica,,False,0,significantly lower after treatment than before treatment,two-way repeated measures analysis of variance; functional connectivity analysis via NirSpark network module,
40660313,nc_004,"Whole-brain mean functional connectivity strength based on HbO2: pre vs post treatment, heterologous brain networks, tDCS group",within-group pre vs post treatment,sham,baseline,deactivation,network_ica,,False,0,significantly lower after treatment than before treatment,two-way repeated measures analysis of variance; functional connectivity analysis via NirSpark network module,
40660313,nc_005,"Whole-brain mean functional connectivity strength based on HbO2: pre vs post treatment, homologous brain networks, combined group",within-group pre vs post treatment,verum,baseline,deactivation,network_ica,,False,0,significantly lower after treatment than before treatment,two-way repeated measures analysis of variance; functional connectivity analysis via NirSpark network module,
40660313,nc_006,"Whole-brain mean functional connectivity strength based on HbO2: pre vs post treatment, heterologous brain networks, combined group",within-group pre vs post treatment,verum,baseline,deactivation,network_ica,,False,0,significantly lower after treatment than before treatment,two-way repeated measures analysis of variance; functional connectivity analysis via NirSpark network module,
40660313,nc_007,HbO2-based homologous brain network functional connectivity strength after treatment: combined group vs tDCS group,between-group comparison post treatment,verum,sham,group_comparison,roi_fc,,False,0,combined group significantly lower than tDCS group,two-way repeated measures analysis of variance; LSD t-test for pairwise comparisons,
40660313,nc_008,HbO2-based homologous brain network functional connectivity strength after treatment: combined group vs acupuncture group,between-group comparison post treatment,verum,verum,group_comparison,roi_fc,,False,0,combined group lower than acupuncture group,two-way repeated measures analysis of variance; LSD t-test for pairwise comparisons,
40660313,nc_009,HbO2-based heterologous brain network functional connectivity strength after treatment: combined group vs acupuncture group,between-group comparison post treatment,verum,verum,group_comparison,roi_fc,,False,0,combined group significantly lower than acupuncture group,two-way repeated measures analysis of variance; LSD t-test for pairwise comparisons,
40660313,nc_010,"Whole-brain mean functional connectivity strength based on HbR: pre vs post treatment, homologous brain networks, acupuncture group",within-group pre vs post treatment,verum,baseline,deactivation,network_ica,,False,0,significantly lower after treatment than before treatment,two-way repeated measures analysis of variance; functional connectivity analysis via NirSpark network module,
40660313,nc_011,"Whole-brain mean functional connectivity strength based on HbR: pre vs post treatment, heterologous brain networks, acupuncture group",within-group pre vs post treatment,verum,baseline,deactivation,network_ica,,False,0,significantly lower after treatment than before treatment,two-way repeated measures analysis of variance; functional connectivity analysis via NirSpark network module,
40660313,nc_012,"Whole-brain mean functional connectivity strength based on HbR: pre vs post treatment, homologous brain networks, tDCS group",within-group pre vs post treatment,sham,baseline,deactivation,network_ica,,False,0,significantly lower after treatment than before treatment,two-way repeated measures analysis of variance; functional connectivity analysis via NirSpark network module,
40660313,nc_013,"Whole-brain mean functional connectivity strength based on HbR: pre vs post treatment, heterologous brain networks, tDCS group",within-group pre vs post treatment,sham,baseline,deactivation,network_ica,,False,0,significantly lower after treatment than before treatment,two-way repeated measures analysis of variance; functional connectivity analysis via NirSpark network module,
40660313,nc_014,"Whole-brain mean functional connectivity strength based on HbR: pre vs post treatment, homologous brain networks, combined group",within-group pre vs post treatment,verum,baseline,deactivation,network_ica,,False,0,significantly lower after treatment than before treatment,two-way repeated measures analysis of variance; functional connectivity analysis via NirSpark network module,
40660313,nc_015,"Whole-brain mean functional connectivity strength based on HbR: pre vs post treatment, heterologous brain networks, combined group",within-group pre vs post treatment,verum,baseline,deactivation,network_ica,,False,0,significantly lower after treatment than before treatment,two-way repeated measures analysis of variance; functional connectivity analysis via NirSpark network module,
40660313,nc_016,HbR-based homologous brain network functional connectivity strength after treatment: combined group vs acupuncture group,between-group comparison post treatment,verum,verum,group_comparison,roi_fc,,False,0,combined group significantly lower than acupuncture group,two-way repeated measures analysis of variance; LSD t-test for pairwise comparisons,
40660313,nc_017,HbR-based homologous brain network functional connectivity strength after treatment: tDCS group vs acupuncture group,between-group comparison post treatment,sham,verum,group_comparison,roi_fc,,False,0,tDCS group lower than acupuncture group,two-way repeated measures analysis of variance; LSD t-test for pairwise comparisons,
40660313,nc_018,HbR-based heterologous brain network functional connectivity strength after treatment: combined group vs acupuncture group,between-group comparison post treatment,verum,verum,group_comparison,roi_fc,,False,0,combined group lower than acupuncture group,two-way repeated measures analysis of variance; LSD t-test for pairwise comparisons,
40660313,nc_019,No significant difference in mean whole-brain functional connectivity (HbO2) among the three groups,between-group comparison at post treatment; no significant difference,verum,not_applicable,group_comparison,network_ica,,False,0,no significant difference,not_reported,
40660313,nc_020,No significant difference in mean whole-brain functional connectivity (HbR) among the three groups,between-group comparison at post treatment; no significant difference,verum,not_applicable,group_comparison,network_ica,,False,0,no significant difference,not_reported,
25741269,bold_main_st36,ST36,main effect of each of the three stimulation points; one-sample t-tests against the null hypothesis,verum,rest,verum_gt_rest,whole_brain_activation,,True,52,activation and deactivation,first-level GLM; second level one-sample t-tests; AlphaSim in AFNI,
25741269,bold_main_cp1,CP1,main effect of each of the three stimulation points; one-sample t-tests against the null hypothesis,sham,rest,sham_gt_rest,whole_brain_activation,1.0,True,28,activation and deactivation,first-level GLM; second level one-sample t-tests; AlphaSim in AFNI,
25741269,bold_main_cp2,CP2,main effect of each of the three stimulation points; one-sample t-tests against the null hypothesis,sham,rest,sham_gt_rest,whole_brain_activation,1.0,True,29,activation and deactivation,first-level GLM; second level one-sample t-tests; AlphaSim in AFNI,
25741269,bold_interpoint_st36_cp1,ST36-CP1,inter-points comparison,verum,sham,verum_gt_sham,whole_brain_activation,,True,12,positive and negative,"within subjects ANOVA including the individual ß-maps of all three conditions (ST36, CP1, CP2) as well as age and gender as covariates",
25741269,bold_interpoint_st36_cp2,ST36-CP2,inter-points comparison,verum,sham,verum_gt_sham,whole_brain_activation,,True,24,positive and negative,"within subjects ANOVA including the individual ß-maps of all three conditions (ST36, CP1, CP2) as well as age and gender as covariates",
25741269,bold_interpoint_cp1_cp2,CP1-CP2,inter-points comparison,sham,sham,other,whole_brain_activation,,True,8,positive and negative,"within subjects ANOVA including the individual ß-maps of all three conditions (ST36, CP1, CP2) as well as age and gender as covariates",
25741269,bold_interpoint_st36_cp1_and_st36_cp2,ST36-CP1 and ST36-CP2,conjunction map,verum,sham,verum_gt_sham,whole_brain_activation,,False,3,positive and negative,"within subjects ANOVA including the individual ß-maps of all three conditions (ST36, CP1, CP2) as well as age and gender as covariates",
25741269,bold_interpoint_st36_cp2_and_cp1_cp2,ST36-CP2 and CP1-CP2,conjunction map,sham,sham,other,whole_brain_activation,,False,2,positive and negative,"within subjects ANOVA including the individual ß-maps of all three conditions (ST36, CP1, CP2) as well as age and gender as covariates",
25741269,fc_group_rs_st36,RS_ST36,brain regions detected on the group level in the somatosensory network analysis from all resting-state sessions,verum,not_applicable,verum_gt_rest,seed_based_fc,,True,27,positive and negative connectivity,S2-seed-based correlation analysis; one-sample t-test against null hypothesis,
25741269,fc_group_rs_cp1,RS_CP1,brain regions detected on the group level in the somatosensory network analysis from all resting-state sessions,sham,not_applicable,sham_gt_rest,seed_based_fc,1.0,True,26,positive and negative connectivity,S2-seed-based correlation analysis; one-sample t-test against null hypothesis,
25741269,fc_group_rs_cp2,RS_CP2,brain regions detected on the group level in the somatosensory network analysis from all resting-state sessions,sham,not_applicable,sham_gt_rest,seed_based_fc,1.0,True,22,positive and negative connectivity,S2-seed-based correlation analysis; one-sample t-test against null hypothesis,
25741269,fc_group_rs_b,RS_B,brain regions detected on the group level in the somatosensory network analysis from all resting-state sessions,baseline,not_applicable,other,seed_based_fc,,True,31,positive and negative connectivity,S2-seed-based correlation analysis; one-sample t-test against null hypothesis,
25741269,fc_comparison_rs_st36__rs_b,RS_ST36- RS_B,"post-stimulation resting-state sessions vs. the first resting-state session (baseline), and comparison of the three post-stimulation sessions with each other",verum,baseline,verum_post_gt_pre,seed_based_fc,,True,6,positive and negative connectivity,within subjects ANOVA including the individual spatial correlation maps of all four resting-state scans as well as age and gender as covariates,
25741269,fc_comparison_rs_cp1__rs_b,RS_CP1- RS_B,"post-stimulation resting-state sessions vs. the first resting-state session (baseline), and comparison of the three post-stimulation sessions with each other",sham,baseline,sham_post_gt_pre,seed_based_fc,,True,4,positive and negative connectivity,within subjects ANOVA including the individual spatial correlation maps of all four resting-state scans as well as age and gender as covariates,
25741269,fc_comparison_rs_cp2__rs_b,RS_CP2- RS_B,"post-stimulation resting-state sessions vs. the first resting-state session (baseline), and comparison of the three post-stimulation sessions with each other",sham,baseline,sham_post_gt_pre,seed_based_fc,,True,1,positive and negative connectivity,within subjects ANOVA including the individual spatial correlation maps of all four resting-state scans as well as age and gender as covariates,
25741269,fc_comparison_rs_st36__rs_cp1,RS_ST36- RS_CP1,"post-stimulation resting-state sessions vs. the first resting-state session (baseline), and comparison of the three post-stimulation sessions with each other",verum,sham,verum_gt_sham,seed_based_fc,,True,3,positive and negative connectivity,within subjects ANOVA including the individual spatial correlation maps of all four resting-state scans as well as age and gender as covariates,
25741269,fc_comparison_rs_st36__rs_cp2,RS_ST36- RS_CP2,"post-stimulation resting-state sessions vs. the first resting-state session (baseline), and comparison of the three post-stimulation sessions with each other",verum,sham,verum_gt_sham,seed_based_fc,,True,5,positive and negative connectivity,within subjects ANOVA including the individual spatial correlation maps of all four resting-state scans as well as age and gender as covariates,
25741269,fc_comparison_rs_cp1__rs_cp2,RS_CP1- RS_CP2,"post-stimulation resting-state sessions vs. the first resting-state session (baseline), and comparison of the three post-stimulation sessions with each other",sham,sham,other,seed_based_fc,,True,3,positive and negative connectivity,within subjects ANOVA including the individual spatial correlation maps of all four resting-state scans as well as age and gender as covariates,
25741269,eeg_mu_st36_vs_control_points,ST36 compared to CP1 or CP2,EEG mu rhythm power comparison,verum,sham,verum_gt_sham,other,,False,0,Mu rhythm power was significantly enhanced after stimulation of ST36 compared to the stimulation of the two control points,generalized linear models for within subject design with global F-tests and paired t-tests; Bonferroni correction,
25741269,34671239_SR_C1,CP1 main effect (one-sample t-test vs. implicit baseline),activation,sham,rest,sham_gt_rest,whole_brain_activation,1.0,True,6,activation,activation,sham_rest_extract
25741269,34671239_SR_C2,CP1 main effect (one-sample t-test vs. implicit baseline) - deactivations,activation,sham,rest,deactivation,whole_brain_activation,,True,22,deactivation,activation,sham_rest_extract
25741269,34671239_SR_C3,CP2 main effect (one-sample t-test vs. implicit baseline),activation,sham,rest,sham_gt_rest,whole_brain_activation,1.0,True,13,activation,activation,sham_rest_extract
25741269,34671239_SR_C4,CP2 main effect (one-sample t-test vs. implicit baseline) - deactivations,activation,sham,rest,deactivation,whole_brain_activation,,True,16,deactivation,activation,sham_rest_extract
25741269,34671239_SR_C5,"RS_CP1 somatosensory network (S2 seed-based functional connectivity, post-CP1 resting state vs. null hypothesis)",FC,sham,not_applicable,sham_gt_rest,seed_based_fc,1.0,True,16,activation,FC,sham_rest_extract
25741269,34671239_SR_C6,"RS_CP1 somatosensory network (S2 seed-based functional connectivity, post-CP1 resting state) - negative connectivity",FC,sham,not_applicable,deactivation,seed_based_fc,,True,10,deactivation,FC,sham_rest_extract
25741269,34671239_SR_C7,"RS_CP2 somatosensory network (S2 seed-based functional connectivity, post-CP2 resting state vs. null hypothesis)",FC,sham,not_applicable,sham_gt_rest,seed_based_fc,1.0,True,21,activation,FC,sham_rest_extract
25741269,34671239_SR_C8,"RS_CP2 somatosensory network (S2 seed-based functional connectivity, post-CP2 resting state) - negative connectivity",FC,sham,not_applicable,deactivation,seed_based_fc,,True,1,deactivation,FC,sham_rest_extract
25741269,34671239_SR_C9,RS_CP1 - RS_B (S2 seed-based functional connectivity change: post-CP1 resting state vs. baseline resting state),FC,sham,baseline,sham_post_gt_pre,seed_based_fc,,True,4,deactivation,FC,sham_rest_extract
25741269,34671239_SR_C10,RS_CP2 - RS_B (S2 seed-based functional connectivity change: post-CP2 resting state vs. baseline resting state),FC,sham,baseline,sham_post_gt_pre,seed_based_fc,,True,1,activation,FC,sham_rest_extract
41520025,contrast_activation_groupdiff,"EA vs ML: group differences in association between changes in brain activation (pain ramp > rest, post minus pre) and changes in widespread pain","group-level difference in correlation between delta brain activation (post-pre) and delta widespread pain; flexible factorial design with Group (EA vs ML) as factor, age as covariate of no interest, changes in widespread pain as covariate of interest",verum,sham,correlation_clinical,whole_brain_activation,,True,4,"ML > EA (regions where reduced activation in ML linked to reduced widespread pain, or greater activation in EA linked to reduced widespread pain)",flexible factorial design in SPM12; second-level GLM; subject-level difference maps (post minus pre contrast images) entered into group-level analysis,
41520025,contrast_activation_EA_corr_PPTol,EA group: correlation between activation change scores and PPTol changes,within-group Spearman correlation between delta activation and delta PPTol in EA group,verum,rest,correlation_clinical,correlation_brain_behavior,,False,0,positive correlations between activation increases and PPTol improvements in EA group,Spearman correlation,
41520025,contrast_gPPI_groupdiff,EA vs ML: group differences in association between changes in gPPI functional connectivity during pain ramp > rest and changes in widespread pain,"group-level difference in correlation between delta FC (post-pre, pain ramp > rest) and delta widespread pain; GLM in CONN with Group as factor",verum,sham,correlation_clinical,seed_based_fc,,False,0,EA > ML for R aIC - L S1 FC increase linked to widespread pain reduction; ML > EA for R aIC - L precuneus FC decrease linked to widespread pain reduction,generalized psychophysiological interaction (gPPI) analysis in CONN toolbox (v.20.b); second-level GLM framework; primary contrast: (pain ramp > rest) post-treatment minus (pain ramp > rest) pre-treatment,
41520025,contrast_mediation_EA_simple,EA group: simple mediation model - brain activations mediate effect of increased PPTol on reduced widespread pain (Model 4),"mediation analysis (PROCESS macro Model 4); IV = delta PPTol; DV = delta widespread pain; mediators = activation in L S1, R S1, L pMCC, L precuneus",verum,not_applicable,correlation_clinical,correlation_brain_behavior,,False,0,indirect effect: increased PPTol → increased activation → reduced widespread pain,SPSS PROCESS macro Model 4; bias-corrected bootstrapping with 5000 bootstrap samples; 95% confidence intervals; controlled for age,
41520025,contrast_mediation_EA_serial,EA group: serial mediation model - ΔPPTol → ΔL S1 activation (M1) → ΔL S1-R aIC connectivity (M2) → Δwidespread pain (Model 6),serial mediation analysis (PROCESS macro Model 6); IV = delta PPTol; DV = delta widespread pain; M1 = delta L S1 activation; M2 = delta L S1-R aIC gPPI FC,verum,not_applicable,correlation_clinical,correlation_brain_behavior,,False,0,increased PPTol → increased L S1 activation → increased L S1-R aIC connectivity → reduced widespread pain,SPSS PROCESS macro Model 6; bias-corrected bootstrapping with 5000 bootstrap samples; 95% CI; controlled for age; activation modeled before connectivity,
41520025,contrast_mediation_ML_serial,ML group: serial mediation model - ΔL precuneus activation (M1) → ΔR aIC-L precuneus FC (M2) → Δwidespread pain,serial mediation analysis; IV = delta L precuneus activation; DV = delta widespread pain; M2 = delta R aIC-L precuneus FC,sham,not_applicable,correlation_clinical,correlation_brain_behavior,,False,0,decreased L precuneus activation → decreased R aIC-L precuneus FC → reduced widespread pain,SPSS PROCESS macro; bias-corrected bootstrapping with 5000 bootstrap samples; controlled for age,
41520025,contrast_mediation_LS1_FC_supp,EA group: FC between left S1 and R aIC mediates relationship between S1 activation and reductions in widespread pain (supplemental mediation),mediation analysis: S1 activation → L S1-R aIC FC → delta widespread pain,verum,not_applicable,correlation_clinical,correlation_brain_behavior,,False,0,positive: S1 activation → increased L S1-R aIC FC → reduced widespread pain; significant mediation,SPSS PROCESS macro; bias-corrected bootstrapping; controlled for age; details in Supplemental Table 5,
35959405,c01,Decreased edge-based FC between acute SD and RW states,RW > SD (decreased FC in SD relative to RW),rest,baseline,other,network_ica,,False,0,decreased FC in SD relative to RW,Network-Based Statistic (NBS) with paired T-tests,
35959405,c02,Increased edge-based FC between acute SD and RW states,SD > RW (increased FC in SD relative to RW),baseline,rest,other,network_ica,,False,0,increased FC in SD relative to RW,Network-Based Statistic (NBS) with paired T-tests,
35959405,c03,Decreased edge-based FC for acute SD subjects between after and before acupuncture at HT7,SD_before_acupuncture > SD_after_acupuncture (decreased FC after acupuncture),baseline,verum,verum_post_gt_pre,network_ica,,False,0,decreased FC after acupuncture,Network-Based Statistic (NBS) with paired T-tests,
35959405,c04,Increased edge-based FC for acute SD subjects between after and before acupuncture at HT7,SD_after_acupuncture > SD_before_acupuncture (increased FC after acupuncture),verum,baseline,verum_post_gt_pre,network_ica,,False,0,increased FC after acupuncture,Network-Based Statistic (NBS) with paired T-tests,
35959405,c05,Decreased edge-based FC between acute SD after acupuncture and RW state,RW > SD_after_acupuncture (decreased FC in SD_after_acupuncture relative to RW),rest,verum,verum_gt_rest,network_ica,,False,0,decreased FC in SD_after_acupuncture relative to RW,Network-Based Statistic (NBS) with paired T-tests,
35959405,c06,Increased edge-based FC between acute SD after acupuncture and RW state,SD_after_acupuncture > RW (increased FC in SD_after_acupuncture relative to RW),verum,rest,verum_gt_rest,network_ica,,False,0,increased FC in SD_after_acupuncture relative to RW,Network-Based Statistic (NBS) with paired T-tests,
35959405,c07,Large-scale between-network FC: SD > RW (increased FC in SD),"SD > RW, large-scale between-network FC, increased",baseline,rest,other,roi_fc,,False,0,increased FC in SD relative to RW,T-tests on averaged FC z-scores between networks,
35959405,c08,Large-scale between-network FC: RW > SD (decreased FC in SD),"RW > SD, large-scale between-network FC, decreased",rest,baseline,other,roi_fc,,False,0,decreased FC in SD relative to RW,T-tests on averaged FC z-scores between networks,
35959405,c09,Large-scale between-network FC: after > before acupuncture (increased FC after acupuncture at HT7),"SD_after_acupuncture > SD_before_acupuncture, large-scale between-network FC, increased",verum,baseline,verum_post_gt_pre,roi_fc,,False,0,increased FC after acupuncture,T-tests on averaged FC z-scores between networks,
35959405,c10,Large-scale between-network FC: before > after acupuncture (decreased FC after acupuncture at HT7),"SD_before_acupuncture > SD_after_acupuncture, large-scale between-network FC, decreased",baseline,verum,verum_post_gt_pre,roi_fc,,False,0,decreased FC after acupuncture,T-tests on averaged FC z-scores between networks,
35959405,c11,Large-scale between-network FC: SD after acupuncture vs RW (no significant difference),"SD_after_acupuncture vs RW, large-scale between-network FC",verum,rest,verum_gt_rest,roi_fc,,False,0,no significant difference found,T-tests on averaged FC z-scores between networks,
35312785,nc_MWoA_pre_vs_post,Comparison of the FC before and after acupuncture in MWoA group,Within-group pre vs post acupuncture,baseline,verum,verum_post_gt_pre,roi_fc,,False,0,Significant decrease in FC after acupuncture,ROI-to-ROI functional connectivity analysis using CONN v17b toolbox,
35312785,nc_CM_pre_vs_post,Comparison of FC before and after acupuncture in CM group,Within-group pre vs post acupuncture,baseline,verum,verum_post_gt_pre,roi_fc,,False,0,No significant change in FC from before to after acupuncture,ROI-to-ROI functional connectivity analysis using CONN v17b toolbox,
35312785,nc_MWoA_pre_vs_CM_pre,First imaging of pre-acupuncture patients with MWoA in comparison with first imaging of pre-acupuncture patients with CM,Between-group comparison: MWoA vs CM (pre-acupuncture),baseline,baseline,group_comparison,roi_fc,,False,0,FC on first imaging of pre-acupuncture patients with CM was significantly lower than that of patients with MWoA (MWoA > CM),ROI-to-ROI functional connectivity analysis using CONN v17b toolbox,
35312785,nc_CM_pre_vs_HC,First imaging of pre-acupuncture patients with CM in comparison with first imaging of healthy control subjects,Between-group comparison: CM vs healthy controls (pre-acupuncture),baseline,baseline,group_comparison,roi_fc,,False,0,CM lower than control (blue line in Figure 6) and CM higher than control (red line in Figure 6),ROI-to-ROI functional connectivity analysis using CONN v17b toolbox,
35312785,nc_MWoA_pre_vs_HC,Comparison of the MWoA group and healthy controls before acupuncture,Between-group comparison: MWoA vs healthy controls (pre-acupuncture),baseline,baseline,group_comparison,roi_fc,,False,0,No significant difference in FC,ROI-to-ROI functional connectivity analysis using CONN v17b toolbox,
35312785,nc_HC_first_vs_second,No significant change in pain-related FC in healthy controls from before to after the 3-month interval,Within-group: healthy controls first vs second MRI,baseline,baseline,group_comparison,roi_fc,,False,0,No significant change,ROI-to-ROI functional connectivity analysis using CONN v17b toolbox,
35312785,nc_postAcu_migraine_vs_HC,Comparison of the second images between post-acupuncture patients with migraine and healthy controls,Between-group comparison: post-acupuncture migraine vs healthy controls (second imaging),verum,baseline,group_comparison,roi_fc,,False,0,No significant differences in FC,ROI-to-ROI functional connectivity analysis using CONN v17b toolbox,
35312785,35323940_C1,Comparison of the FC before and after acupuncture - MWoA,FC,baseline,verum,verum_post_gt_pre,seed_based_fc,,False,1,significant decrease after acupuncture (positive T values show decrease),FC,peak_only_extract
35312785,35323940_C2,CM < Control - right hypothalamus seed,FC,baseline,baseline,group_comparison,seed_based_fc,,False,3,CM significantly lower than Control,FC,peak_only_extract
35312785,35323940_C3,CM > Control - left amygdala seed,FC,baseline,baseline,group_comparison,seed_based_fc,,False,3,CM significantly higher than Control,FC,peak_only_extract
35312785,35323940_C4,MWoA > CM - right hypothalamus seed,FC,baseline,baseline,group_comparison,seed_based_fc,,False,4,MWoA significantly higher than CM,FC,peak_only_extract
35310583,NR_01,"Pearson correlation coefficient brain network in the beta band - all three groups before, during, and after electroacupuncture",within-group change across timepoints (pre vs during vs post electroacupuncture),baseline,verum,verum_post_gt_pre,graph_theory,,False,0,not_reported,Pearson correlation coefficient functional connectivity brain network,
35310583,NR_02,"Spectral coherence brain network in the alpha band - all three groups before, during, and after electroacupuncture",within-group change across timepoints (pre vs during vs post electroacupuncture),baseline,verum,verum_post_gt_pre,graph_theory,,False,0,not_reported,spectral coherence functional connectivity brain network,
35310583,NR_03,"Spectral coherence brain network in the beta band - all three groups before, during, and after electroacupuncture (Figure 1)",within-group change across timepoints (pre vs during vs post electroacupuncture),baseline,verum,verum_post_gt_pre,graph_theory,,False,0,numbers of the significant spectral coherence connections of all three groups in the beta band firstly increased during the electroacupuncture treatment and then decreased after the treatment compared to those before electroacupuncture; stronger nodes concentrated in central region,spectral coherence functional connectivity brain network,
35310583,NR_04,"Mutual information brain network in the alpha band - all three groups before, during, and after electroacupuncture",within-group change across timepoints (pre vs during vs post electroacupuncture),baseline,verum,verum_post_gt_pre,graph_theory,,False,0,not_reported,mutual information (normalized mutual information) functional connectivity brain network,
35310583,NR_05,"Phase lag index brain network in the alpha band - all three groups before, during, and after electroacupuncture (Figure 2)",within-group change across timepoints (pre vs during vs post electroacupuncture),baseline,verum,verum_post_gt_pre,graph_theory,,False,0,all three groups had fewer significant connections based on PLI in the alpha band after the electroacupuncture treatment compared with those before the treatment,phase lag index (PLI) functional connectivity brain network,
35310583,NR_06,"Phase locking value brain network in the beta band - all three groups before, during, and after electroacupuncture",within-group change across timepoints (pre vs during vs post electroacupuncture),baseline,verum,verum_post_gt_pre,graph_theory,,False,0,not_reported,phase locking value (PLV) functional connectivity brain network,
35310583,NR_07,"Directed transfer function brain network in the alpha band - all three groups before, during, and after electroacupuncture (Figure 3)",within-group change across timepoints (pre vs during vs post electroacupuncture),baseline,verum,verum_post_gt_pre,graph_theory,,False,0,not_reported,directed transfer function (DTF) functional connectivity brain network; based on Granger causality; directional,
35310583,NR_08,"Partial directed coherence brain network in the beta band - all three groups before, during, and after electroacupuncture (Figure 4)",within-group change across timepoints (pre vs during vs post electroacupuncture),baseline,verum,verum_post_gt_pre,graph_theory,,False,0,three groups all had more significant connections and more important nodes based on PDC in the beta band during and after the electroacupuncture treatment than those before the electroacupuncture treatment,partial directed coherence (PDC) functional connectivity brain network; based on Granger causality; directional; MVAR model,
39368604,con_001,Real > sham: left PCC seed (DMN) — increased FC after 8-week treatment,"group × time interaction: real acupuncture vs. sham acupuncture, post- vs. pre-treatment",verum,sham,verum_gt_sham,seed_based_fc,,True,2,real > sham (increased connectivity),"seed-to-voxel FC analysis; repeated-measures ANOVA with treatment as between-subject factor, time as within-subject factor, age and BMI as covariates",
39368604,con_002,Real > sham: right DLPFC seed (CCN) — increased FC after 8-week treatment,"group × time interaction: real acupuncture vs. sham acupuncture, post- vs. pre-treatment",verum,sham,verum_gt_sham,seed_based_fc,,True,3,real > sham (increased connectivity),"seed-to-voxel FC analysis; repeated-measures ANOVA with treatment as between-subject factor, time as within-subject factor, age and BMI as covariates",
39368604,con_003,Real > sham: left anterior insula seed (SN) — increased FC after 8-week treatment,"group × time interaction: real acupuncture vs. sham acupuncture, post- vs. pre-treatment",verum,sham,verum_gt_sham,seed_based_fc,,True,3,real > sham (increased connectivity),"seed-to-voxel FC analysis; repeated-measures ANOVA with treatment as between-subject factor, time as within-subject factor, age and BMI as covariates",
39368604,con_004,Real > sham: left sgACC seed (AN) — increased FC after 8-week treatment,"group × time interaction: real acupuncture vs. sham acupuncture, post- vs. pre-treatment",verum,sham,verum_gt_sham,seed_based_fc,,True,2,real > sham (increased connectivity),"seed-to-voxel FC analysis; repeated-measures ANOVA with treatment as between-subject factor, time as within-subject factor, age and BMI as covariates",
39368604,con_005,Partial correlation: left anterior insula – left ACC FC change vs. MADRS improvement in real acupuncture group,partial correlation between post- minus pre-treatment zFC and MADRS score improvement (post- minus pre-treatment) within real acupuncture group,verum,not_applicable,correlation_clinical,correlation_brain_behavior,,False,0,positive partial correlation,partial correlation analysis controlling for age and body mass index; Bonferroni correction used,
39368604,con_006,Partial correlation: left anterior insula – bilateral MCC FC change vs. MADRS improvement in real acupuncture group,partial correlation between post- minus pre-treatment zFC and MADRS score improvement (post- minus pre-treatment) within real acupuncture group,verum,not_applicable,correlation_clinical,correlation_brain_behavior,,False,0,positive partial correlation,partial correlation analysis controlling for age and body mass index; Bonferroni correction used,
39368604,con_007,Partial correlation: right DLPFC – right mPFC FC change vs. MADRS improvement in real acupuncture group,partial correlation between post- minus pre-treatment zFC and MADRS score improvement (post- minus pre-treatment) within real acupuncture group,verum,not_applicable,correlation_clinical,correlation_brain_behavior,,False,0,positive partial correlation,partial correlation analysis controlling for age and body mass index; uncorrected (note: paper states uncorrected for this result),
39368604,con_008,SVR prediction: baseline FC (left sgACC – bilateral MCC and left IPL) predicts MADRS change (AN mask),MVPA-based SVR prediction of treatment outcome using baseline zFC features from AN mask (sgACC seed regions),baseline,not_applicable,correlation_clinical,multivariate,,False,0,not_applicable,MVPA based on linear SVR (LIBSVM); feature selection based on weight; fixed 10-fold cross-validation,
39368604,con_009,SVR prediction: baseline FC (left PCC – left mPFC and right IPL) predicts MADRS change (DMN mask),MVPA-based SVR prediction of treatment outcome using baseline zFC features from DMN mask (PCC seed regions),baseline,not_applicable,correlation_clinical,multivariate,,False,0,not_applicable,MVPA based on linear SVR (LIBSVM); feature selection based on weight; fixed 10-fold cross-validation,
39368604,39366658_C1,Regions showing significantly increased connectivity after real acupuncture treatment compared with sham treatment (PCC seed - DMN),FC,verum,sham,verum_gt_sham,seed_based_fc,,True,2,Real > Sham,FC,peak_only_extract
39368604,39366658_C2,Regions showing significantly increased connectivity after real acupuncture treatment compared with sham treatment (DLPFC seed - CCN),FC,verum,sham,verum_gt_sham,seed_based_fc,,True,3,Real > Sham,FC,peak_only_extract
39368604,39366658_C3,Regions showing significantly increased connectivity after real acupuncture treatment compared with sham treatment (Anterior Insula seed - SN),FC,verum,sham,verum_gt_sham,seed_based_fc,,True,3,Real > Sham,FC,peak_only_extract
39368604,39366658_C4,Regions showing significantly increased connectivity after real acupuncture treatment compared with sham treatment (SgACC seed - AN),FC,verum,sham,verum_gt_sham,seed_based_fc,,True,2,Real > Sham,FC,peak_only_extract
39368604,39366658_C5,Regions' weight in predicting the treatment effect of abdominal acupuncture - SgACC (AN) seed,FC,baseline,not_applicable,correlation_clinical,multivariate,,True,2,predictive weight (negative),FC,peak_only_extract
39368604,39366658_C6,Regions' weight in predicting the treatment effect of abdominal acupuncture - PCC (DMN) seed,FC,baseline,not_applicable,correlation_clinical,multivariate,,True,2,predictive weight (positive and negative),FC,peak_only_extract
17240066,contrast_cross_sect_GROUP_x_STIM,Baseline GROUP × STIM Interaction: (CTSbase.acup – CTSbase.sham) - (HC.acup – HC.sham),2×2 mixed effects ANOVA interaction: GROUP (CTS vs HC) × STIM (verum vs sham acupuncture),verum,sham,group_comparison,whole_brain_activation,3.0,True,13,mixed (positive and negative interactions reported),"2×2 mixed effects ANOVA with FLAME (FMRIB's Local Analysis of Mixed Effects, stage 1 only); MCMC-based mixed effects analysis with FLAME",
17240066,contrast_sham_CTS_vs_HC,Sham Acupuncture Processing at Baseline: CTS > Healthy Controls,between-group comparison for sham acupuncture processing,sham,sham,group_comparison,whole_brain_activation,3.0,True,5,CTS > HC (greater fMRI signal increase in CTS patients),mixed effects group comparison,
17240066,contrast_long_CTS_STIM_x_TIME,STIM × TIME Interaction - Carpal Tunnel Syndrome: (CTSbase.acup – CTSbase.sham) - (CTSpost.acup – CTSpost.sham),2×2 mixed effects ANOVA interaction: TIME (baseline vs post-acupuncture) × STIM (verum vs sham acupuncture) for CTS patients,verum,sham,group_comparison,whole_brain_activation,3.0,True,7,mixed (positive and negative interactions reported),"2×2 mixed effects ANOVA with FLAME (FMRIB's Local Analysis of Mixed Effects, stage 1 only); MCMC-based mixed effects analysis",
17240066,contrast_HC_retest_STIM_x_TIME,STIM × TIME Interaction - Healthy Controls: (HCbase.acup – HCbase.sham) - (HCpost.acup – HCpost.sham),2×2 mixed effects ANOVA interaction: TIME (baseline vs re-test) × STIM (verum vs sham acupuncture) for healthy controls,verum,sham,group_comparison,whole_brain_activation,3.0,True,4,mixed,2×2 mixed effects ANOVA with FLAME; MCMC-based mixed effects analysis,
17240066,contrast_FC_amygdala_hypothalamus,Functional connectivity between amygdala and hypothalamus in CTS patients at baseline responding to verum acupuncture,within-subject correlation matrix of percent signal change across brain regions,verum,not_applicable,other,roi_fc,,False,0,positive correlation,correlation matrix of fMRI signal response across 13 brain regions from baseline cross-sectional ANOVA interaction (Table 1); Bonferroni corrected for multiple comparisons; computed in MATLAB,
17240066,contrast_hypoth_digit_separation_correlation,Correlation between hypothalamic fMRI signal response to verum acupuncture and digit 2/digit 3 somatotopic separation in contralateral SI in CTS patients at baseline,brain-behavior correlation,verum,not_applicable,correlation_clinical,correlation_brain_behavior,,False,0,"negative correlation (r=−0.85): the greater the maladaptive plasticity (larger digit separation), the less the hypothalamic activation",Pearson correlation between hypothalamic fMRI percent signal change and digit 2/digit 3 somatotopic separation distance in contralateral SI,
17240066,contrast_hypoth_sharppain_trend,Negative trend between hypothalamic fMRI signal response and intensity of sharp pain elicited by verum acupuncture,brain-behavior correlation (trend),verum,not_applicable,correlation_deqi,correlation_brain_behavior,,False,0,"negative trend: the more sharp pain, the less fMRI signal increase in the LHA",Pearson correlation between hypothalamic fMRI percent signal change and sharp pain intensity,
17240066,17532141_C1,Baseline GROUP x STIM Interaction: (CTSbase.acup - CTSbase.sham) - (HC.acup - HC.sham),activation,verum,sham,group_comparison,whole_brain_activation,,True,13,CTS > HC for LHA (positive); HC > CTS for all others (negative),activation,peak_only_extract
17240066,17532141_C3,STIM x TIME Interaction: Carpal Tunnel Syndrome: (CTSbase.acup - CTSbase.sham) - (CTSpost.acup - CTSpost.sham),activation,verum,sham,group_comparison,whole_brain_activation,,True,7,Baseline CTS > Post-acupuncture CTS for most; Post > Baseline for LHA,activation,peak_only_extract
17240066,17532141_C4,STIM x TIME Interaction: Healthy Controls: (HCbase.acup - HCbase.sham) - (HCpost.acup - HCpost.sham),activation,verum,sham,group_comparison,whole_brain_activation,,True,4,mixed,activation,peak_only_extract
30105065,con_AD_real_vs_baseline_increase,AD with real acupuncture point stimulation vs resting state (increased activities),"within-group: acupuncture stimulation vs baseline, one-sample t-test, increased activities",verum,baseline,verum_gt_rest,whole_brain_activation,,True,9,increased activities,"general linear model, voxel by voxel, one-sample t-test; reference response function: boxcar waveform convolved with Poisson Hemodynamic Response Function (HRF)",
30105065,con_AD_real_vs_baseline_decrease,AD with real acupuncture point stimulation vs resting state (decreased activities),"within-group: acupuncture stimulation vs baseline, one-sample t-test, decreased activities",verum,baseline,deactivation,whole_brain_activation,,True,6,decreased activities,"general linear model, voxel by voxel, one-sample t-test; reference response function: boxcar waveform convolved with Poisson Hemodynamic Response Function (HRF)",
30105065,con_AD_sham_vs_baseline_increase,AD with sham acupuncture point stimulation vs resting state (increased activities),"within-group: sham acupuncture stimulation vs baseline, one-sample t-test, increased activities",sham,baseline,sham_gt_rest,whole_brain_activation,1.0,True,7,increased activities,"general linear model, voxel by voxel, one-sample t-test; reference response function: boxcar waveform convolved with Poisson Hemodynamic Response Function (HRF)",
30105065,con_AD_sham_vs_baseline_decrease,AD with sham acupuncture point stimulation vs resting state (decreased activities),"within-group: sham acupuncture stimulation vs baseline, one-sample t-test, decreased activities",sham,baseline,deactivation,whole_brain_activation,1.0,False,0,decreased activities,"general linear model, voxel by voxel, one-sample t-test",
30105065,con_MCI_real_vs_baseline_increase,MCI with real acupuncture point stimulation vs resting state (increased activities),"within-group: acupuncture stimulation vs baseline, one-sample t-test, increased activities",verum,baseline,verum_gt_rest,whole_brain_activation,,True,6,increased activities,"general linear model, voxel by voxel, one-sample t-test; reference response function: boxcar waveform convolved with Poisson Hemodynamic Response Function (HRF)",
30105065,con_MCI_real_vs_baseline_decrease,MCI with real acupuncture point stimulation vs resting state (decreased activities),"within-group: acupuncture stimulation vs baseline, one-sample t-test, decreased activities",verum,baseline,deactivation,whole_brain_activation,,True,1,decreased activities,"general linear model, voxel by voxel, one-sample t-test",
30105065,con_MCI_sham_vs_baseline_increase,MCI with sham acupuncture point stimulation vs resting state (increased activities),"within-group: sham acupuncture stimulation vs baseline, one-sample t-test, increased activities",sham,baseline,sham_gt_rest,whole_brain_activation,1.0,True,2,increased activities,"general linear model, voxel by voxel, one-sample t-test",
30105065,con_MCI_sham_vs_baseline_decrease,MCI with sham acupuncture point stimulation vs resting state (decreased activities),"within-group: sham acupuncture stimulation vs baseline, one-sample t-test, decreased activities",sham,baseline,deactivation,whole_brain_activation,1.0,True,2,decreased activities,"general linear model, voxel by voxel, one-sample t-test",
30105065,con_HC_real_vs_baseline_increase,HC with real acupuncture point stimulation vs resting state (increased activities),"within-group: acupuncture stimulation vs baseline, one-sample t-test, increased activities",verum,baseline,verum_gt_rest,whole_brain_activation,,True,10,increased activities,"general linear model, voxel by voxel, one-sample t-test; reference response function: boxcar waveform convolved with Poisson Hemodynamic Response Function (HRF)",
30105065,con_HC_real_vs_baseline_decrease,HC with real acupuncture point stimulation vs resting state (decreased activities),"within-group: acupuncture stimulation vs baseline, one-sample t-test, decreased activities",verum,baseline,deactivation,whole_brain_activation,,False,0,decreased activities,"general linear model, voxel by voxel, one-sample t-test",
30105065,32503194_SR_C1,AD with sham acupuncture point stimulation vs resting state,activation,sham,rest,sham_gt_rest,whole_brain_activation,1.0,True,7,activation,activation,sham_rest_extract
30105065,32503194_SR_C2,MCI with sham acupuncture point stimulation vs resting state,activation,sham,rest,sham_gt_rest,whole_brain_activation,1.0,True,2,activation,activation,sham_rest_extract
30105065,32503194_SR_C3,MCI with sham acupuncture point stimulation vs resting state,activation,sham,rest,deactivation,whole_brain_activation,,True,2,deactivation,activation,sham_rest_extract
35585920,nc_001,ALFF changes in all FD patients after acupuncture treatment (both groups combined),within-group pre vs post (all FD patients combined),verum,baseline,verum_post_gt_pre,whole_brain_activation,,False,1,increased,Paired t-test on ALFF values; GRF correction,
35585920,nc_002,Correlation between ALFF change in left postcentral gyrus and improvement of SID scores (all FD patients),correlation between ALFF change and clinical improvement,verum,baseline,correlation_clinical,correlation_brain_behavior,,False,0,positive correlation,Pearson's correlation analysis with age and gender as covariates,
35585920,nc_003,Decreased rsFC between left postcentral gyrus and other regions after treatment in group A (CV12),within-group pre vs post (group A),verum,baseline,deactivation,seed_based_fc,,True,4,decreased,paired t-test on rsFC; GRF correction,
35585920,nc_004,Increased rsFC between left postcentral gyrus and other regions after treatment in group B (ST36),within-group pre vs post (group B),verum,baseline,verum_post_gt_pre,seed_based_fc,,True,3,increased,paired t-test on rsFC; GRF correction,
35585920,35495029_C1,The differences of the left postcentral gyrus rsFC in each group - Group A (CV12) post vs pre,FC,verum,baseline,deactivation,seed_based_fc,,True,4,decreased rsFC,FC,peak_only_extract
35585920,35495029_C2,The differences of the left postcentral gyrus rsFC in each group - Group B (ST36) post vs pre,FC,verum,baseline,verum_post_gt_pre,seed_based_fc,,True,3,increased rsFC,FC,peak_only_extract
30914909,con_stimulation_main_effect,stimulation vs. non-stimulation (factor stimulation main effect),within-subjects factorial contrast: stimulation < non-stimulation,verum,sham,verum_gt_sham,graph_theory,,True,2,decreased (stimulation < non-stimulation),2 × 2 flexible factorial design [correlated repeated measures] within SPM12; eigenvector centrality mapping (ECM),
30914909,con_location_main_effect,location: acupuncture points vs. non-acupuncture points (factor location main effect),within-subjects factorial contrast: location factor,verum,sham,verum_gt_sham,graph_theory,,False,0,no significant difference found,2 × 2 flexible factorial design [correlated repeated measures] within SPM12; eigenvector centrality mapping (ECM),
30914909,con_XNKQ_vs_npws_ECM,XNKQ vs. non-acupuncture point with stimulation (npws),pairwise comparison of two stimulation conditions: XNKQ < npws,verum,sham,verum_gt_sham,graph_theory,,True,9,decreased centrality for XNKQ (XNKQ < npws),eigenvector centrality mapping (ECM); 2 × 2 flexible factorial design within SPM12,
30914909,con_XNKQ_vs_pns_ECM,XNKQ vs. acupuncture points no stimulation (pns),pairwise comparison: XNKQ vs. non-stimulation control,verum,sham,verum_gt_sham,graph_theory,,False,0,no significant effect found,eigenvector centrality mapping (ECM); 2 × 2 flexible factorial design within SPM12,
30914909,con_XNKQ_vs_npns_ECM,XNKQ vs. non-acupuncture points no stimulation (npns),pairwise comparison: XNKQ vs. double control,verum,sham,verum_gt_sham,graph_theory,,False,0,no significant effect found,eigenvector centrality mapping (ECM); 2 × 2 flexible factorial design within SPM12,
30914909,con_npns_comparison_ECM,non-stimulation conditions (pns vs. npns),pairwise comparison of two non-stimulation conditions,sham,sham,other,graph_theory,,False,0,no significant effect found,eigenvector centrality mapping (ECM),
30914909,con_seed_redNucleus_XNKQ_vs_npws,Seed-based functional connectivity with seed in Red Nucleus: XNKQ vs. npws,seed-based functional connectivity: XNKQ < npws (decreased temporal correlation),verum,sham,verum_gt_sham,seed_based_fc,,True,2,decreased temporal correlation for XNKQ (XNKQ < npws),complementary post-hoc seed-based functional connectivity analysis; temporal correlation between time series of seed region and all other voxels within the gray matter mask; 2 × 2 flexible factorial design with factors stimulation and location; no formal statistics applied (double dipping); visualization at voxel-wise whole brain FWE correction with peak-level p < 0.05,
30914909,con_seed_STN_XNKQ_vs_npws,Seed-based functional connectivity with seed in Subthalamic Nucleus: XNKQ vs. npws,seed-based functional connectivity: XNKQ < npws (decreased temporal correlation),verum,sham,verum_gt_sham,seed_based_fc,,True,1,decreased temporal correlation for XNKQ (XNKQ < npws),complementary post-hoc seed-based functional connectivity analysis; temporal correlation between time series of seed region and all other voxels within the gray matter mask; 2 × 2 flexible factorial design with factors stimulation and location; no formal statistics applied (double dipping); visualization at voxel-wise whole brain FWE correction with peak-level p < 0.05,
25525442,contrast_real_vs_rest,Brain regions activated by acupuncture stimulation at the real acupoint (Siguan) (compared with the resting-state),real acupuncture stimulation > baseline resting-state (within arm_real),verum,rest,verum_gt_rest,whole_brain_activation,2.0,True,14,increase (activation),"First-level: 3dDeconvolve (tent-basis functions, 20 TRs/60 s post-stimulation); second-level random-effects analysis",
25525442,contrast_sham_vs_rest,Brain regions activated by acupuncture stimulation at the sham acupoint (compared with the resting-state),sham acupuncture stimulation > baseline resting-state (within arm_sham),sham,rest,sham_gt_rest,whole_brain_activation,1.0,True,6,increase (activation),"First-level: 3dDeconvolve (tent-basis functions, 20 TRs/60 s post-stimulation); second-level random-effects analysis",
25525442,contrast_real_vs_sham,Brain regions activated more by stimulation at the real acupoint than by stimulation at the sham acupoint,real acupuncture > sham acupuncture (between-group two-sample t-test),verum,sham,verum_gt_sham,whole_brain_activation,1.0,True,9,real > sham (greater activation for real acupuncture),Two-sample t-tests between data from real and sham acupoint groups; second-level random-effects analysis,
25525442,32114310_SR_C1,Sham acupoint stimulation vs. resting-state,activation,sham,rest,sham_gt_rest,whole_brain_activation,1.0,True,6,activation,activation,sham_rest_extract
35115998,con_PAG_KOA_vs_HC_post,Group differences of FC between KOA and HC at post-acupuncture (PAG seed),"between-group comparison, KOA < HC",verum,verum,group_comparison,seed_based_fc,,True,1,KOA < HC (lower FC in patients with KOA),unpaired two-sampled t-test,
35115998,con_PAG_pre_vs_post_KOA,FC changes of PAG between pre-acupuncture and post-acupuncture in KOA,"within-group comparison, pre vs post",baseline,verum,verum_post_gt_pre,seed_based_fc,,False,0,no significant FC changes observed,paired two-sampled t-test,
35115998,con_PAG_pre_vs_post_HC,FC changes of PAG between pre-acupuncture and post-acupuncture in HC,"within-group comparison, pre vs post",baseline,verum,verum_post_gt_pre,seed_based_fc,,False,0,no significant FC changes observed,paired two-sampled t-test,
35115998,con_PAG_KOA_vs_HC_pre,FC differences of PAG between KOA and HC at pre-acupuncture,between-group comparison at pre-acupuncture,baseline,baseline,group_comparison,seed_based_fc,,False,0,no significant FC differences found,unpaired two-sampled t-test,
35115998,con_DRPN_KOA_vs_HC_post,Group differences of FC between KOA and HC at post-acupuncture (dorsal raphe seed),"between-group comparison, KOA > HC",verum,verum,group_comparison,seed_based_fc,,True,1,KOA > HC (higher FC in patients with KOA),unpaired two-sampled t-test,
35115998,con_DRPN_pre_vs_post_KOA,FC difference of right putamen between pre-acupuncture and post-acupuncture in KOA (dorsal raphe seed),"within-group comparison, pre vs post",baseline,verum,verum_post_gt_pre,seed_based_fc,,False,0,significant increase post-acupuncture,paired two-sampled t-test,
35115998,con_DRPN_pre_vs_post_HC,FC changes of dorsal RPN between pre-acupuncture and post-acupuncture in HC,"within-group comparison, pre vs post",baseline,verum,verum_post_gt_pre,seed_based_fc,,False,0,no FC changes observed,paired two-sampled t-test,
35115998,con_DRPN_KOA_vs_HC_pre,FC differences of dorsal RPN between KOA and HC at pre-acupuncture,between-group comparison at pre-acupuncture,baseline,baseline,group_comparison,seed_based_fc,,False,0,no FC differences found,unpaired two-sampled t-test,
35115998,con_MRPN_KOA_vs_HC_post,Group differences of FC between KOA and HC at post-acupuncture (medial raphe seed),"between-group comparison, KOA < HC",verum,verum,group_comparison,seed_based_fc,,True,1,KOA < HC (lower FC in patients with KOA),unpaired two-sampled t-test,
35115998,con_MRPN_pre_vs_post_KOA,FC difference of right cerebellum between pre-acupuncture and post-acupuncture in KOA (medial raphe seed),"within-group comparison, pre vs post",baseline,verum,verum_post_gt_pre,seed_based_fc,,False,0,FC difference not significant between pre-acupuncture and post-acupuncture in patients with KOA,paired two-sampled t-test,
35115998,con_MRPN_pre_vs_post_HC,FC changes of medial RPN between pre-acupuncture and post-acupuncture in HC,"within-group comparison, pre vs post",baseline,verum,verum_post_gt_pre,seed_based_fc,,False,0,no FC changes observed,paired two-sampled t-test,
35115998,con_MRPN_KOA_vs_HC_pre,FC differences of medial RPN between KOA and HC at pre-acupuncture,between-group comparison at pre-acupuncture,baseline,baseline,group_comparison,seed_based_fc,,False,0,no FC differences found,unpaired two-sampled t-test,
35115998,con_corr_DRPN_putamen_post_VAS,Correlation between FC of right putamen (dorsal RPN seed) and pain intensity at post-acupuncture in KOA,correlation analysis,verum,not_applicable,correlation_clinical,correlation_brain_behavior,,False,0,positive correlation (R=0.42 at post-acupuncture),partial correlation controlling for age and sex,
35115998,con_corr_DRPN_putamen_pre_VAS,Correlation between FC of right putamen (dorsal RPN seed) and pain intensity at pre-acupuncture in KOA,correlation analysis,baseline,not_applicable,correlation_clinical,correlation_brain_behavior,,False,0,not correlated (R=0.14 at pre-acupuncture),partial correlation controlling for age and sex,
35115998,con_corr_MRPN_cerebellum_post_VAS,Correlation between FC of right cerebellum (medial RPN seed) and pain intensity at post-acupuncture in KOA,correlation analysis,verum,not_applicable,correlation_clinical,correlation_brain_behavior,,False,0,not correlated (R=-0.06 at post-acupuncture),partial correlation controlling for age and sex,
35115998,con_corr_MRPN_cerebellum_pre_VAS,Correlation between FC of right cerebellum (medial RPN seed) and pain intensity at pre-acupuncture in KOA,correlation analysis,baseline,not_applicable,correlation_clinical,correlation_brain_behavior,,False,0,not correlated (R=0.14 at pre-acupuncture),partial correlation controlling for age and sex,
35115998,35046893_C1,Group differences of FC between KOA and HC at post-acupuncture - Periaqueductal gray,FC,verum,verum,group_comparison,seed_based_fc,,True,1,KOA < HC (lower FC in KOA),FC,peak_only_extract
35115998,35046893_C2,Group differences of FC between KOA and HC at post-acupuncture - Dorsal Raphe,FC,verum,verum,group_comparison,seed_based_fc,,True,1,KOA > HC (higher FC in KOA),FC,peak_only_extract
35115998,35046893_C3,Group differences of FC between KOA and HC at post-acupuncture - Medial Raphe,FC,verum,verum,group_comparison,seed_based_fc,,True,1,KOA < HC (lower FC in KOA),FC,peak_only_extract
36102803,nc_exp_pre_activation,Cortical activation map - Experimental Group Before Treatment,within-group activation during experimental pain stimulation before analgesic modulation,verum,not_applicable,verum_gt_rest,whole_brain_activation,,False,0,increase (activation),generalized linear model (GLM); t-test; correction of expected EC based on LKC,
36102803,nc_exp_post_activation,Cortical activation map - Experimental Group After Treatment,within-group activation during experimental pain stimulation after analgesic modulation,verum,not_applicable,deactivation,whole_brain_activation,,False,2,decrease (reduced activation),generalized linear model (GLM); t-test; correction of expected EC based on LKC,
36102803,nc_ctrl_pre_activation,Cortical activation map - Control Group Before Treatment,within-group activation during experimental pain stimulation before rest,waiting_list,not_applicable,other,whole_brain_activation,,False,0,increase (activation),generalized linear model (GLM); t-test; correction of expected EC based on LKC,
36102803,nc_ctrl_post_activation,Cortical activation map - Control Group After Treatment,within-group activation during experimental pain stimulation after rest,waiting_list,not_applicable,other,whole_brain_activation,,False,1,mixed; some reduction but PMA and SMA (Ch12) still activated,generalized linear model (GLM); t-test; correction of expected EC based on LKC,
36102803,nc_exp_fpa_beta_comparison,FPA regression coefficient (beta) - Experimental Group: Before vs After Treatment,within-group comparison of ROI activation before vs after analgesic modulation,verum,verum,verum_post_gt_pre,roi_fc,,False,0,decrease (activation reduced after treatment),mixed effect linear models; Shapiro-Wilk test for normality,
36102803,nc_exp_dlpfc_beta_comparison,DLPFC regression coefficient (beta) - Experimental Group: Before vs After Treatment,within-group comparison of ROI activation before vs after analgesic modulation,verum,verum,verum_post_gt_pre,roi_fc,,False,0,decrease (activation reduced after treatment),mixed effect linear models; Shapiro-Wilk test for normality,
36102803,nc_ctrl_roi_beta_comparison,ROI regression coefficients - Control Group: Before vs After Rest,within-group comparison of ROI activation before vs after rest,waiting_list,waiting_list,other,roi_fc,,False,0,no significant difference,mixed effect linear models; Shapiro-Wilk test for normality,
36102803,nc_channel_corr_exp_pre,Channel correlation matrix - Experimental Group Before Treatment,channel-to-channel Pearson correlation during pain stimulation before treatment,verum,not_applicable,other,roi_fc,,False,0,evenly distributed correlations,Pearson correlation coefficient of each channel time series; 24x24 symmetric correlation matrix,
36102803,nc_channel_corr_exp_post,Channel correlation matrix - Experimental Group After Treatment,channel-to-channel Pearson correlation during pain stimulation after analgesic modulation,verum,not_applicable,other,roi_fc,,False,0,general decrease in correlations; Ch20-Ch24 relatively strong,Pearson correlation coefficient of each channel time series; 24x24 symmetric correlation matrix,
36102803,nc_roi_corr_exp_pre,ROI correlation heat map - Experimental Group Before Treatment,ROI-to-ROI Pearson correlation before treatment,verum,not_applicable,other,roi_fc,,False,0,positive correlations,Pearson correlation between ROIs,
36102803,nc_roi_corr_exp_post,ROI correlation heat map - Experimental Group After Treatment,ROI-to-ROI Pearson correlation after analgesic modulation,verum,not_applicable,other,roi_fc,,False,0,decreased correlations compared to before treatment,Pearson correlation between ROIs,
36102803,nc_roi_corr_ctrl_pre,ROI correlation heat map - Control Group Before Rest,ROI-to-ROI Pearson correlation before rest,waiting_list,not_applicable,other,roi_fc,,False,0,positive correlations over 0.5 between FPA and DLPFC,Pearson correlation between ROIs,
36102803,nc_roi_corr_ctrl_post,ROI correlation heat map - Control Group After Rest,ROI-to-ROI Pearson correlation after rest,waiting_list,not_applicable,other,roi_fc,,False,0,positive correlations; FPA-DLPFC over 0.5,Pearson correlation between ROIs,
33664320,contrast_ACU_vs_CON_cfos,ACU vs CON: c-Fos positive cell counts in brain regions,"between-group comparison, ACU vs CON",verum,rest,verum_gt_rest,other,,False,34,increased and decreased,one-way ANOVA with Newman-Keuls post-hoc test,
33664320,contrast_ACU_U_vs_ACU_cfos,ACU+U vs ACU: c-Fos positive cell counts in brain regions (effect of peripheral U0126 on acupuncture-induced c-Fos),"between-group comparison, ACU+U vs ACU",verum,verum,group_comparison,other,,False,12,decreased (U0126 blocked acupuncture-induced c-Fos increases) and increased (U0126 blocked acupuncture-induced c-Fos decreases),one-way ANOVA with Newman-Keuls post-hoc test,
33664320,contrast_PLS_CON_vs_ACU,Contrast task PLS analysis: CON vs ACU,Contrast task PLS salience analysis,verum,rest,verum_gt_rest,multivariate,,False,0,ACU > CON pattern; strongly differentiated; hypothalamus contributed most strongly,Contrast task partial least squares (PLS) analysis with singular value decomposition,
33664320,contrast_PLS_ACU_vs_ACUU,Contrast task PLS analysis: ACU vs ACU+U,Contrast task PLS salience analysis,verum,verum,group_comparison,multivariate,,False,0,ACU > ACU+U pattern; strongly differentiated; pattern similar to CON vs ACU; hypothalamus contributed most strongly,Contrast task partial least squares (PLS) analysis with singular value decomposition,
33664320,contrast_FC_CON,Inter-regional correlation matrix: CON group,pairwise inter-regional correlation of c-Fos expression,rest,not_applicable,other,graph_theory,,False,0,fewer edges; scale-free network,Pearson correlation coefficients between c-Fos expression in 34 brain regions; networks constructed by thresholding square of Pearson correlations (threshold=0.288),
33664320,contrast_FC_ACU,Inter-regional correlation matrix: ACU group,pairwise inter-regional correlation of c-Fos expression,verum,not_applicable,other,graph_theory,,False,0,"higher correlation between brain regions compared to CON, mainly in cortex area",Pearson correlation coefficients between c-Fos expression in 34 brain regions; networks constructed by thresholding square of Pearson correlations (threshold=0.288); degree and betweenness centrality computed,
33664320,contrast_FC_ACUU,Inter-regional correlation matrix: ACU+U group,pairwise inter-regional correlation of c-Fos expression,verum,not_applicable,other,graph_theory,,False,0,most acupuncture-increased correlations diminished; some correlations between midbrain and cortical area and thalamus and cerebral nuclei remained; RPa showed strong correlation with AH and PVN and ST-DM; S1 showed highest betweenness centrality,Pearson correlation coefficients between c-Fos expression in 34 brain regions; networks constructed by thresholding square of Pearson correlations (threshold=0.288); degree and betweenness centrality computed,
33664320,contrast_hub_ACU,Hub identification: ACU group (overlap of degree >80th percentile and betweenness >80th percentile),Hub identification by intersection of degree and betweenness centrality above 80th percentile,verum,not_applicable,other,graph_theory,,False,0,hub regions with high degree AND high betweenness centrality,Intersection of brain regions ranked above 80th percentile for degree and betweenness centrality,
33664320,contrast_hub_ACUU,Hub identification: ACU+U group (overlap of degree >80th percentile and betweenness >80th percentile),Hub identification by intersection of degree and betweenness centrality above 80th percentile,verum,not_applicable,other,graph_theory,,False,0,hub regions with high degree AND high betweenness centrality,Intersection of brain regions ranked above 80th percentile for degree and betweenness centrality,
29904344,contrast_post_gt_pre_reho_increased,Post-EAS > Pre-EAS: Increased ReHo values after EAS at SP6,"post-EAS minus pre-EAS (within-subject paired t-test, increased direction)",verum,baseline,verum_post_gt_pre,whole_brain_activation,,True,6,increased,Paired t-tests on ReHo maps,
29904344,contrast_post_lt_pre_reho_decreased,Post-EAS < Pre-EAS: Decreased ReHo values after EAS at SP6,"post-EAS minus pre-EAS (within-subject paired t-test, decreased direction)",verum,baseline,deactivation,whole_brain_activation,,True,4,decreased,Paired t-tests on ReHo maps,
29904344,29910726_C1,Main localization of brain maps by comparing electro-acupuncture stimulation (EAS) with resting state in premenstrual syndrome (PMS) patients,ReHo,verum,baseline,verum_post_gt_pre,whole_brain_activation,,True,6,increased ReHo,ReHo,peak_only_extract
29904344,29910726_C2,Main localization of brain maps by comparing electro-acupuncture stimulation (EAS) with resting state in premenstrual syndrome (PMS) patients,ReHo,verum,baseline,deactivation,whole_brain_activation,,True,4,decreased ReHo,ReHo,peak_only_extract
33314799,nc_EA_post_pre_S1leg,EA post-pre S1leg connectivity (Post > Pre within EA),"within-group pre-post paired t-test, EA group",verum,baseline,verum_post_gt_pre,seed_based_fc,,False,3,increase (Post > Pre),seed-to-voxel correlation analysis; paired sample t-tests; FLAME 1+2; age included as regressor of no-interest,
33314799,nc_ML_post_pre_S1leg,ML pre-post S1leg connectivity (Pre > Post within ML),"within-group pre-post paired t-test, ML group",sham,baseline,sham_post_gt_pre,seed_based_fc,4.0,False,1,decrease (reduction in connectivity post-treatment),seed-to-voxel correlation analysis; paired sample t-tests; FLAME 1+2; age included as regressor of no-interest,
33314799,nc_EAxML_interaction_S1leg,Group x Time interaction: EA > ML post-pre S1leg connectivity,independent samples t-test of paired post-pre difference images (EA vs ML interaction),verum,sham,group_comparison,seed_based_fc,4.0,False,3,EA > ML (greater increase in EA than ML),independent samples t-test of paired post-pre difference images; FLAME 1+2; age included as regressor of no-interest,
33314799,nc_EA_S1leg_aINS_BPI_corr,Correlation: change in S1leg-aINS connectivity vs change in BPI severity (EA only),Pearson's correlation adjusted for age,verum,baseline,correlation_clinical,correlation_brain_behavior,,False,0,"negative (greater increase in connectivity, greater reduction in BPI severity)",Pearson's correlation adjusted for age,
33314799,nc_EA_S1leg_pINS_BPI_corr,Correlation: change in S1leg-pINS connectivity vs change in BPI severity (EA only),Pearson's correlation adjusted for age,verum,baseline,correlation_clinical,correlation_brain_behavior,,False,0,"negative (greater increase in connectivity, greater reduction in BPI severity)",Pearson's correlation adjusted for age,
33314799,nc_EA_S1leg_aINS_GABA_corr,Correlation: change in S1leg-aINS connectivity vs change in aINS GABA+ (EA only),Pearson's correlation adjusted for age,verum,baseline,correlation_clinical,correlation_brain_behavior,,False,0,positive (greater increase in S1leg-aINS connectivity associated with greater increase in aINS GABA+),Pearson's correlation adjusted for age,
33314799,nc_EA_aINS_GABA_BPI_corr,Correlation: change in aINS GABA+ vs change in BPI severity (EA only),Pearson's correlation adjusted for age,verum,baseline,correlation_clinical,correlation_brain_behavior,,False,0,negative (greater increases in aINS GABA associated with greater reductions in BPI severity),Pearson's correlation adjusted for age,
33314799,nc_EA_mediation,Mediation: aINS GABA+(i.u.) mediates effect of S1leg-aINS connectivity on BPI severity (EA only),bias-corrected bootstrapped mediation analysis,verum,baseline,correlation_clinical,correlation_brain_behavior,,False,0,indirect effect: greater increase in S1leg-aINS connectivity → greater increase in aINS GABA+(i.u.) → greater reduction in BPI severity,"bias-corrected bootstrapped (10,000x) mediation using Process Macro on SPSS (Hayes, 2017); indirect effects at 95% CI; adjusting for age",
33314799,nc_no_main_effect_GABA,Main effect of treatment on GABA+,main effect test,verum,sham,group_comparison,other,,False,0,no main effect,not_reported (see Supplementary Results G),
30914919,contrast_acup_vs_placebo_itchminusbaseline,Acupuncture stimulation (itch minus baseline) compared to placebo stimulation (itch minus baseline),between-condition interaction: acupuncture vs. placebo × itch vs. baseline,rest,baseline,group_comparison,seed_based_fc,,False,0,no significant change,seed-to-voxel functional connectivity analysis using CONN toolbox; two-way ANOVA,
30914919,contrast_responder_vs_nonresponder_putamen_pMCC,Responder (itch minus baseline) compared to non-responder: putamen-pMCC connectivity,responder minus non-responder × itch minus baseline,rest,baseline,group_comparison,seed_based_fc,,True,6,positive connectivity (more positive in responders than non-responders),seed-to-voxel functional connectivity analysis; two-way ANOVA with between group factor (responder minus non-responder) and within-subject factor treatment (itch minus baseline),
30914919,contrast_connectivity_itch_correlation,Correlation of putamen-pMCC connectivity with itch intensity (VAS at 8 min) in acupuncture conditions,Pearson correlation between connectivity values and itch intensity,rest,baseline,correlation_clinical,correlation_brain_behavior,,False,0,negative correlation,Pearson correlation,
30914919,30886575_C1,Brain regions showing functional connectivity of basal ganglia,FC,rest,baseline,group_comparison,seed_based_fc,,True,6,Positive and Negative connectivity differences,FC,peak_only_extract
26839078,C01_HC_gt_MwoA,HC > MwoA patients (reduced rs-fc in MwoA compared to HC),"two-sample t-test, group comparison",baseline,baseline,group_comparison,seed_based_fc,,True,5,decreased rs-fc in MwoA patients compared with healthy controls,"Seed-based functional connectivity analysis; two-sample t-test; random effect model with SPM8; covariates: disease duration, SAS, SDS",
26839078,C02_MwoA_gt_HC,MwoA > HC (increased rs-fc in MwoA compared to HC),"two-sample t-test, group comparison",baseline,baseline,group_comparison,seed_based_fc,,True,1,increased rs-fc in MwoA patients compared with healthy controls,"Seed-based functional connectivity analysis; two-sample t-test; random effect model with SPM8; covariates: disease duration, SAS, SDS",
26839078,C03_NEG_ASSOC_VAS_BASELINE,Negative association between baseline VAS and baseline vlPAG resting state-functional connectivity in all MwoA patients,regression analysis; negative association,baseline,baseline,correlation_clinical,seed_based_fc,,True,1,negative (increased VAS associated with decreased rs-fc),"Regression analysis; covariates: disease duration, SAS, SDS",
26839078,C04_POST_GT_PRE_AG,Changes of vlPAG resting state-functional connectivity in MwoA patients due to acupuncture treatment (verum+sham): Post > Pre,within-group pre-post comparison (post > pre) in acupuncture group (verum + sham),baseline,baseline,verum_post_gt_pre,seed_based_fc,,True,5,increased rs-fc post-treatment,"Factorial design module in SPM8; covariates: disease duration, SAS, SDS",
26839078,C05_AG_GT_WT,Difference between acupuncture treatment group (AG) and WT group in the changes of vlPAG resting state-functional connectivity: AG > WT,between-group comparison of rs-fc changes (post-pre); AG > WT,baseline,waiting_list,group_comparison,seed_based_fc,,True,4,greater rs-fc increase in AG compared to WT,"Factorial design module in SPM8; covariates: disease duration, SAS, SDS",
26839078,C06_WT_PRE_GT_POST,Changes of vlPAG resting state-functional connectivity in MwoA patients in WT group: Pre > Post,within-group pre-post comparison (pre > post) in waiting-list group,waiting_list,waiting_list,deactivation,seed_based_fc,,True,3,decreased rs-fc at second scan vs first scan in WT group,"Factorial design module in SPM8; covariates: disease duration, SAS, SDS",
26839078,C07_NEG_ASSOC_VAS_CHANGE_AG,Association between VAS changes and vlPAG resting state-functional connectivity changes due to acupuncture treatment (verum+sham): Negative association,regression analysis; negative association between rs-fc change and VAS change,baseline,baseline,correlation_clinical,seed_based_fc,,True,9,negative (greater rs-fc increase associated with greater VAS decrease),"Regression analysis; covariates: disease duration, SAS changes, SDS changes",
26839078,C08_VA_GT_SA,verum acupuncture group (post-pre) > sham acupuncture group (post-pre),between-group comparison of rs-fc changes; verum > sham,verum,sham,verum_gt_sham,seed_based_fc,,True,3,greater rs-fc increase in verum acupuncture vs sham acupuncture,"Factorial design module in SPM8; covariates: disease duration, SAS, SDS",
26839078,C09_CONTROL_SEED_AQUEDUCT,Control seed analysis: ventricular aqueduct nearby the PAG compared with HCs,"control seed analysis, two-sample t-test",baseline,baseline,group_comparison,seed_based_fc,,True,1,increased rs-fc in MwoA vs HC with adjacent PAG only,Seed-based functional connectivity analysis with control seed,
26839078,C10_PARTIAL_REG_VAS_RSFC_BASELINE,"Partial regression between headache intensity and rs-fc value in MwoA patients (controlled for disease duration, SAS and SDS)",partial regression; narrative result only,baseline,baseline,correlation_clinical,roi_fc,,False,0,"negative (r = -0.473, p = 0.000)","Partial regression; controlled for disease duration, SAS and SDS",
26839078,C11_PARTIAL_REG_VAS_CHANGE_RSFC_CHANGE,Partial regression between changes of rACC-vlPAG rs-fc value (post-pre) and changes of VAS (post-pre) in MwoA patients due to acupuncture treatment (verum+sham),partial regression; narrative result only,baseline,baseline,correlation_clinical,roi_fc,,False,0,"negative (r = -0.310, p = 0.043)","Partial regression; controlled for disease duration, SAS changes and SDS changes",
26839078,26842848_C1,vlPAG resting state-functional connectivity difference between MwoA patients in baseline and healthy controls - HC > MwoA,FC,baseline,baseline,group_comparison,seed_based_fc,,True,5,HC > MwoA (reduced rs-fc in MwoA patients),FC,peak_only_extract
26839078,26842848_C2,vlPAG resting state-functional connectivity difference between MwoA patients in baseline and healthy controls - MwoA > HC,FC,baseline,baseline,group_comparison,seed_based_fc,,True,1,MwoA > HC (increased rs-fc in MwoA patients),FC,peak_only_extract
26839078,26842848_C3,Changes of vlPAG resting state-functional connectivity in MwoA patients due to acupuncture treatment (verum+sham) - Post > Pre,FC,baseline,baseline,verum_post_gt_pre,seed_based_fc,,True,5,Post > Pre (increased rs-fc after treatment),FC,peak_only_extract
26839078,26842848_C4,Difference between acupuncture treatment group (AG) and WT group in the changes of vlPAG resting state-functional connectivity - AG > WT,FC,baseline,waiting_list,group_comparison,seed_based_fc,,True,4,AG > WT (greater increase in rs-fc in acupuncture group),FC,peak_only_extract
26839078,26842848_C5,Changes of vlPAG resting state-functional connectivity in MwoA patients in WT group - Pre > Post,FC,waiting_list,waiting_list,deactivation,seed_based_fc,,True,3,Pre > Post (reduced rs-fc over time in waiting-list),FC,peak_only_extract
26839078,26842848_C6,Association between baseline VAS and baseline vlPAG resting state-functional connectivity in all MwoA patients - Negative association,FC,baseline,baseline,correlation_clinical,seed_based_fc,,True,1,Negative (higher VAS associated with lower rs-fc),FC,peak_only_extract
26839078,26842848_C7,Association between VAS changes and vlPAG resting state-functional connectivity changes due to acupuncture treatment (verum+sham) - Negative association,FC,baseline,baseline,correlation_clinical,seed_based_fc,,True,9,Negative (greater rs-fc increase associated with greater VAS reduction),FC,peak_only_extract
26839078,26842848_C8,Verum acupuncture group vs sham acupuncture group - vlPAG rs-fc increases (Post-Pre),FC,verum,sham,verum_gt_sham,seed_based_fc,,True,3,Verum > Sham (greater rs-fc increase in verum group),FC,peak_only_extract
26839078,26842848_C9,Control seed - ventricular aqueduct nearby PAG - MwoA vs HC,FC,baseline,baseline,group_comparison,seed_based_fc,,True,1,MwoA > HC (increased rs-fc in MwoA patients),FC,peak_only_extract
24821143,con_B1_activation,Activated areas in the first block of acupuncture stimulation,stimulation vs. non-stimulation (block 1); one-sample t-test (group level),verum,rest,verum_gt_rest,whole_brain_activation,,True,19,positive (activation only; no deactivation above threshold found),GLM with block analysis; group analysis with t-test,
24821143,con_ANCOVA_cumulative,Cumulated areas after repeated acupuncture stimulation (ANCOVA with CDA as covariate),ANCOVA correlation between brain response degree and cumulative duration of acupuncture (CDA) across six blocks,verum,rest,deactivation,correlation_brain_behavior,,True,5,negative (all cumulative effects were attenuated; no potentiated cumulative effects found),analysis of covariance (ANCOVA) with CDA as covariate,
24821143,con_GLM_runs_narrative,"Brain responses to acupuncture stimulation in the first run, the second run, the third run, and the aggregated runs",GLM group t-test per run and aggregated,verum,rest,verum_gt_rest,whole_brain_activation,,False,0,brain responses were quite different across runs (time-variant characteristic demonstrated),GLM analysis with t-test; four time points at beginning of each run removed,
24821143,con_block_by_block_narrative,Brain responses to acupuncture stimulation in each of the six blocks,GLM block analysis per block (B1 through B6),verum,rest,verum_gt_rest,whole_brain_activation,,False,0,brain responses were extremely varied across six blocks; brain response in first block was the strongest,GLM block analysis; each block composed of 26 time points non-stimulation and 30 time points stimulation after removal of 4 time points at beginning of non-stimulation,
24821143,24830400_C2,Cumulated areas after repeated acupuncture stimulation,other,verum,rest,deactivation,whole_brain_activation,,True,5,negative (attenuation / habituation),other,peak_only_extract
22761766,contrast_small_world_all_conditions,Small-world architecture of functional brain networks under each condition,within-subject observation of small-world properties,rest,not_applicable,other,graph_theory,,False,0,local efficiency higher in regular networks than random; global efficiency higher in random than regular; actual brain networks located between curves of random and regular graphs,graph theory analysis; comparison of local and global efficiency of real brain networks against matched random and regular networks across cost range 0.1–0.4,
22761766,contrast_global_point_stimulation_anova,Point and stimulation effects on global network parameters (two-way repeated-measures ANOVA on AUCs),two-way repeated-measures ANOVA; point effect (ACUP vs SHAM) and stimulation effect (before vs after),verum,sham,group_comparison,graph_theory,,False,0,"Neither the point effect nor the stimulation effect was significant on any of the five global network parameters (all P>0.05); significant point–stimulation interaction on local efficiency (F(1,17) = 5.66, P = 0.03)",two-way repeated-measures ANOVA using integrated measures (AUCs),
22761766,contrast_nodal_degree_point_fdr,Main effect of point on regional nodal degree (FDR corrected),main effect of point (ACUP vs SHAM) on nodal degree; two-way repeated-measures ANOVA,verum,sham,verum_gt_sham,graph_theory,,False,1,higher nodal degree at ACUP as compared to SHAM,two-way repeated-measures ANOVA on nodal degree AUCs; post-hoc paired t-tests,
22761766,contrast_nodal_degree_point_uncorrected,Main effect of point on regional nodal degree (uncorrected P<0.05),main effect of point (ACUP vs SHAM) on nodal degree; two-way repeated-measures ANOVA,verum,sham,verum_gt_sham,graph_theory,,False,10,"mixed; some regions ACUP > SHAM, some regions SHAM > ACUP",two-way repeated-measures ANOVA on nodal degree AUCs; post-hoc paired t-tests,
22761766,contrast_nodal_degree_stimulation_uncorrected,Main effect of stimulation on regional nodal degree (uncorrected P<0.05),main effect of stimulation (after vs before) on nodal degree; two-way repeated-measures ANOVA,verum,baseline,verum_post_gt_pre,graph_theory,,False,9,"mixed; some regions increased after stimulation, some decreased",two-way repeated-measures ANOVA on nodal degree AUCs; post-hoc paired t-tests,
22761766,contrast_nodal_homogeneity_point_uncorrected,Main effect of point on regional nodal homogeneity (uncorrected P<0.05),main effect of point (ACUP vs SHAM) on regional nodal homogeneity; two-way repeated-measures ANOVA,verum,sham,verum_gt_sham,graph_theory,,False,3,increased nodal homogeneity at ACUP as compared to SHAM,two-way repeated-measures ANOVA on nodal homogeneity AUCs; post-hoc paired t-tests,
22761766,contrast_nodal_homogeneity_stimulation_uncorrected,Main effect of stimulation on regional nodal homogeneity (uncorrected P<0.05),main effect of stimulation (after vs before) on regional nodal homogeneity; two-way repeated-measures ANOVA,verum,baseline,verum_post_gt_pre,graph_theory,,False,3,decreased nodal homogeneity after stimulation,two-way repeated-measures ANOVA on nodal homogeneity AUCs; post-hoc paired t-tests,
22761766,contrast_hubs_be_sham,Network hubs under BE-SHAM condition,hub identification; regions with normalized nodal degree ≥ mean + 1 SD,sham,not_applicable,other,graph_theory,1.0,False,13,not_applicable,hub defined as regions with one standard deviation larger than the mean of nodal degree over all regions,
22761766,contrast_hubs_af_sham,Network hubs under AF-SHAM condition,hub identification; regions with normalized nodal degree ≥ mean + 1 SD,sham,not_applicable,other,graph_theory,1.0,False,12,not_applicable,hub defined as regions with one standard deviation larger than the mean of nodal degree over all regions,
22761766,contrast_hubs_be_acup,Network hubs under BE-ACUP condition,hub identification; regions with normalized nodal degree ≥ mean + 1 SD,verum,not_applicable,other,graph_theory,,False,15,not_applicable,hub defined as regions with one standard deviation larger than the mean of nodal degree over all regions,
22761766,contrast_hubs_af_acup,Network hubs under AF-ACUP condition,hub identification; regions with normalized nodal degree ≥ mean + 1 SD,verum,not_applicable,other,graph_theory,,False,11,not_applicable,hub defined as regions with one standard deviation larger than the mean of nodal degree over all regions,
37206312,con_ERR_vs_baseline,ERR vs. baseline: cortical activation during even reinforcing-reducing manipulation with lifting-thrusting,within-group comparison (paired t-test): acupuncture condition vs. baseline,verum,baseline,deactivation,whole_brain_activation,,False,5,decreased hemodynamic responses (deactivation),paired t-tests; GLM-based β-value analysis,
37206312,con_LTRed_vs_baseline,LTRed vs. baseline: cortical activation during lifting-thrusting reducing manipulation,within-group comparison (paired t-test): acupuncture condition vs. baseline,verum,baseline,deactivation,whole_brain_activation,,False,1,decreased hemodynamic responses (deactivation),paired t-tests; GLM-based β-value analysis,
37206312,con_LTRei_vs_baseline,LTRei vs. baseline: cortical activation during lifting-thrusting reinforcing manipulation,within-group comparison (paired t-test): acupuncture condition vs. baseline,verum,baseline,verum_gt_rest,whole_brain_activation,,False,3,increased hemodynamic responses (activation),paired t-tests; GLM-based β-value analysis,
37206312,con_between_cortical_activation,Between-group comparison of cortical activation among three reinforcing-reducing manipulations,"between-group comparison (One-way rmANOVA) among ERR, LTRei, and LTRed",verum,verum,group_comparison,whole_brain_activation,,False,6,not_reported,One-way repeated-measures ANOVA (One-way rmANOVA); post-hoc Bonferroni corrections,
37206312,con_posthoc_LTRei_vs_ERR_activation,Post-hoc: LTRei vs. ERR cortical activation (bilateral DLPFC and left S1),post-hoc Bonferroni comparison: LTRei vs. ERR,verum,verum,group_comparison,whole_brain_activation,,False,3,LTRei elicited an increase of hemodynamic responses compared to ERR in bilateral DLPFC and left S1,post-hoc Bonferroni corrections following One-way rmANOVA,
37206312,con_posthoc_LTRei_vs_LTRed_activation,Post-hoc: LTRei vs. LTRed cortical activation (right DLPFC),post-hoc Bonferroni comparison: LTRei vs. LTRed,verum,verum,group_comparison,whole_brain_activation,,False,1,LTRei and LTRed demonstrated opposite hemodynamic responses in the right DLPFC,post-hoc Bonferroni corrections following One-way rmANOVA,
37206312,con_FC_LTRei_vs_baseline,LTRei vs. baseline: functional connectivity,within-group comparison (paired t-test): FC during LTRei vs. baseline,verum,baseline,verum_gt_rest,seed_based_fc,,False,0,increased FC,Pearson's correlation coefficients converted to Fisher z-values; paired t-tests,
37206312,con_FC_LTRed_vs_baseline,LTRed vs. baseline: functional connectivity,within-group comparison (paired t-test): FC during LTRed vs. baseline,verum,baseline,verum_gt_rest,seed_based_fc,,False,0,increased FC,Pearson's correlation coefficients converted to Fisher z-values; paired t-tests,
37206312,con_FC_ERR_vs_baseline,ERR vs. baseline: functional connectivity,within-group comparison (paired t-test): FC during ERR vs. baseline,verum,baseline,verum_gt_rest,seed_based_fc,,False,0,no statistically significant differences,Pearson's correlation coefficients converted to Fisher z-values; paired t-tests,
37206312,con_FC_between_groups,Between-group comparison of functional connectivity among three reinforcing-reducing manipulations,"between-group comparison (One-way rmANOVA) among ERR, LTRei, and LTRed",verum,verum,group_comparison,seed_based_fc,,False,0,not_reported,One-way rmANOVA; post-hoc Bonferroni corrections,
37206312,con_FC_posthoc_LTRei_vs_ERR,Post-hoc FC: LTRei vs. ERR (within right DLPFC CH21-CH20),post-hoc Bonferroni comparison: LTRei vs. ERR for FC,verum,verum,group_comparison,seed_based_fc,,False,0,LTRei showed stronger FC within the right DLPFC than ERR,post-hoc Bonferroni corrections following One-way rmANOVA,
37206312,con_FC_posthoc_LTRed_vs_ERR,Post-hoc FC: LTRed vs. ERR (left S1-left OFC CH30-CH11),post-hoc Bonferroni comparison: LTRed vs. ERR for FC,verum,verum,group_comparison,seed_based_fc,,False,0,LTRed showed stronger FC between the left S1 and left OFC than ERR,post-hoc Bonferroni corrections following One-way rmANOVA,
37206312,con_FC_posthoc_LTRed_vs_LTRei,"Post-hoc FC: LTRed vs. LTRei (left S1-left DLPFC CH30-CH8, CH30-CH9)",post-hoc Bonferroni comparison: LTRed vs. LTRei for FC,verum,verum,group_comparison,seed_based_fc,,False,0,LTRed indicated stronger FC strength between the left S1 and left DLPFC than LTRei,post-hoc Bonferroni corrections following One-way rmANOVA,
41310834,nc_acup_gbc_decrease,"Post acupuncture > Baseline (within-group GBC changes, acupuncture group, decreases)",within-group pre-to-post paired t-test; decrease in GBC,verum,baseline,verum_post_gt_pre,graph_theory,,False,4,decrease,paired t-test on regional GBC values (Desikan-Killiany 83-region atlas),
41310834,nc_wait_gbc_increase,"Post wait > Baseline (within-group GBC changes, waitlist group, increases)",within-group pre-to-post paired t-test; increase in GBC,waiting_list,baseline,group_comparison,graph_theory,,False,3,increase,paired t-test on regional GBC values (Desikan-Killiany 83-region atlas),
41310834,nc_between_group_spatial_corr,Spatial correlation of GBC changes: acupuncture group vs waitlist group,between-group spatial correlation of GBC change maps (paired t-value maps),verum,waiting_list,group_comparison,graph_theory,,False,0,negative correlation,Spatial correlation between GBC change t-value maps of acupuncture group and waitlist group; spatial permutation test (spin test),
41310834,nc_plsr_acup,PLS1 correlation with acupuncture-induced GBC changes,partial least squares regression (PLS-R); PLS1 component correlation with acupuncture-induced GBC change t-values,verum,baseline,other,multivariate,,False,0,positive correlation between PLS1 weights and GBC t-values; negative-weight genes enriched in regions with greatest GBC decrease,"Partial least squares regression (PLS-R) between AHBA gene expression (41-region × 12,506 gene matrix, left hemisphere) and acupuncture-induced GBC changes; PLS1 first component; bootstrapping for gene Z-scores; spatial permutation test (spin test) for significance",
41310834,nc_gbc_transcriptomics_il6,Acupuncture-induced GBC-transcriptomics pattern correlation with change in peripheral IL-6,partial Spearman correlation between individual GBC-PLS1 alignment score and change in peripheral IL-6,verum,baseline,correlation_clinical,correlation_brain_behavior,,False,0,positive correlation,Spearman correlation between each patient's GBC change map aligned to PLS1 score map and change in peripheral IL-6; partial Spearman correlation controlling for sex and age,
41310834,nc_gbc_transcriptomics_isi,Acupuncture-induced GBC-transcriptomics pattern correlation with change in ISI score,partial Spearman correlation between individual GBC-PLS1 alignment score and change in ISI,verum,baseline,correlation_clinical,correlation_brain_behavior,,False,0,positive correlation,partial Spearman correlation between each patient's GBC-PLS1 alignment score and change in ISI; controlling for sex and age,
41310834,nc_gbc_transcriptomics_psqi,Acupuncture-induced GBC-transcriptomics pattern correlation with change in PSQI score,partial Spearman correlation between individual GBC-PLS1 alignment score and change in PSQI,verum,baseline,correlation_clinical,correlation_brain_behavior,,False,0,positive correlation (non-significant),partial Spearman correlation controlling for sex and age,
41310834,nc_gbc_transcriptomics_sas,Acupuncture-induced GBC-transcriptomics pattern correlation with change in SAS score,partial Spearman correlation between individual GBC-PLS1 alignment score and change in SAS,verum,baseline,correlation_clinical,correlation_brain_behavior,,False,0,negative (non-significant),partial Spearman correlation controlling for sex and age,
41310834,nc_gbc_transcriptomics_tnfa,Acupuncture-induced GBC-transcriptomics pattern correlation with change in TNF-α,partial Spearman correlation between individual GBC-PLS1 alignment score and change in TNF-α,verum,baseline,correlation_clinical,correlation_brain_behavior,,False,0,negative (non-significant),partial Spearman correlation controlling for sex and age,
41310834,nc_gbc_transcriptomics_il1b,Acupuncture-induced GBC-transcriptomics pattern correlation with change in IL-1β,partial Spearman correlation between individual GBC-PLS1 alignment score and change in IL-1β,verum,baseline,correlation_clinical,correlation_brain_behavior,,False,0,negative (non-significant),partial Spearman correlation controlling for sex and age,
41310834,nc_gbc_transcriptomics_crp,Acupuncture-induced GBC-transcriptomics pattern correlation with change in CRP,partial Spearman correlation between individual GBC-PLS1 alignment score and change in CRP,verum,baseline,correlation_clinical,correlation_brain_behavior,,False,0,negative (non-significant),partial Spearman correlation controlling for sex and age,
39654647,nc_bold_fmri_summary,BOLD-fMRI studies across included literature (summary),review-level summary,verum,not_applicable,other,other,,False,0,not_reported,BOLD-fMRI (various paradigms across included studies),
39654647,nc_dti_summary,DTI studies across included literature (summary),review-level summary,verum,not_applicable,other,other,,False,0,not_reported,Diffusion tensor imaging (DTI),
39654647,nc_mrs_summary,MRS/1H-MRS studies across included literature (summary),review-level summary,verum,not_applicable,other,other,,False,0,not_reported,Magnetic resonance spectroscopy/Proton-MRS (MRS/1H-MRS),
39654647,nc_asl_summary,ASL perfusion MRI studies across included literature (summary),review-level summary,verum,not_applicable,other,other,,False,0,not_reported,Arterial spin labeling (ASL),
39654647,nc_smri_summary,Structural MRI studies across included literature (summary),review-level summary,verum,not_applicable,other,other,,False,0,not_reported,Structural MRI (sMRI),
39654647,nc_morning_afternoon,Morning vs afternoon acupuncture brain activation in patients with stroke,within-subject comparison of timing of acupuncture,verum,verum,other,whole_brain_activation,,False,0,stronger activation effect in the morning than in the afternoon,fMRI (task-state),
39654647,nc_needle_retention,"Varying needle retention times (1, 2, 3 min) and neural effects in patients with stroke",dose-response (needle retention time),verum,not_applicable,other,whole_brain_activation,,False,0,volume of the activated voxel cluster showing a positive correlation with the duration of acupuncture,fMRI,
39654647,nc_deqi_vs_nondeqi,Deqi group vs non-Deqi group brain region activation,between-group comparison (Deqi vs non-Deqi),verum,verum,correlation_deqi,whole_brain_activation,,False,0,Deqi group exhibits significant activation in relevant brain regions compared with the non-Deqi group,fMRI,
39654647,nc_pericardial_vs_cardiac,Pericardial meridian acupoints vs cardiac meridian acupoints effects on disease and brain mechanisms,between-acupoint comparison,verum,verum,other,roi_fc,,False,0,better effect of pericardial meridian acupoints than that of cardiac meridian acupoints,MR ASL (CBF),
39654647,nc_baihui_vs_yanglingquan,Baihui acupoint vs Yanglingquan in memory impairment post-stroke,between-acupoint comparison,verum,verum,other,seed_based_fc,,False,0,"central effect of Baihui acupoint is more potent than that of Yanglingquan in ameliorating memory impairment post-stroke, potentially due to enhanced functional connectivity of the hippocampus and the brain network between the frontal and parietal lobes",fMRI,
39654647,nc_swallowing_acu,Acupuncture at tongue root - brain activation during swallowing pre vs post acupuncture,pre-post comparison within-group,verum,baseline,verum_post_gt_pre,whole_brain_activation,,False,0,increased brain function activation areas post-acupuncture compared with pre-acupuncture; acupuncture at the tongue root can enhance the involvement of additional brain regions during swallowing,fMRI (pre-post paradigm with swallowing BLOCK),
25916336,cont_HC_vs_MWoA_pre_decreased_FC,"Compared with HC subjects, MWoA patients showed decreased functional connectivity",two-sample T-test: HC > MWoA patients before treatment (decreased FC in MWoA),rest,baseline,group_comparison,network_ica,,False,4,decreased FC in MWoA patients compared with HC subjects,independent component analysis (ICA) followed by two-sample T-test using SPM8,
25916336,cont_MWoA_post_vs_pre_increased_FC,"Compared with before acupuncture treatment, MWoA patients showed increased functional connectivity after acupuncture treatment",paired T-test: MWoA patients after treatment > MWoA patients before treatment (increased FC after treatment),verum,baseline,verum_post_gt_pre,network_ica,,False,3,increased FC after acupuncture treatment,independent component analysis (ICA) followed by paired T-test using SPM8,
25916336,cont_FC_VAS_correlation_pre,The decreased functional connectivity of brain regions in MWoA patients was negatively correlated with their VAS scores before treatment,correlation between FC Z-values and VAS scores (before treatment),baseline,not_applicable,correlation_clinical,correlation_brain_behavior,,False,0,negative correlation,"Z values of each patient extracted from regions of interest (ROI), averaged and regressed against VAS scores",
25916336,cont_FC_VAS_correlation_post,The increased functional connectivity of brain regions in MWoA patients was negatively correlated with the decrease of VAS scores after treatment,correlation between FC Z-values and decrease of VAS scores (after treatment),verum,not_applicable,correlation_clinical,correlation_brain_behavior,,False,0,negative correlation,"Z values of each patient extracted from regions of interest (ROI), averaged and regressed against VAS score decrease",
25916336,cont_DTI_tractography,"DTI tractography between the beginning region of interest to ROI1, ROI2 and ROI3",probabilistic DTI tractography from left thalamus to three ROIs,baseline,not_applicable,other,other,,False,0,not_applicable,ConTrack algorithm; DTITK and DTI VISTA processing; fibers not corresponding with anatomical position cut by Quench software; visualization by Brain Voyager QX,
25916336,25928196_C1,Decreased FC in MWoA patients compared with HC subjects,FC,baseline,rest,group_comparison,network_ica,,False,4,decreased in MWoA patients,FC,peak_only_extract
25916336,25928196_C2,Increased FC in MWoA patients after acupuncture treatment compared with before,FC,verum,baseline,verum_post_gt_pre,network_ica,,False,3,increased after treatment,FC,peak_only_extract
35832324,con_alff_neiguan_post_vs_pre_increased,ALFF increase: post-acupuncture at Neiguan vs pre-acupuncture at Neiguan,within-group pre vs post; paired t-test; post > pre,verum,baseline,verum_post_gt_pre,whole_brain_activation,,True,3,increased (positive activation),paired t-test on standardized ALFF maps,
35832324,con_alff_neiguan_post_vs_pre_decreased,ALFF decrease: post-acupuncture at Neiguan vs pre-acupuncture at Neiguan,within-group pre vs post; paired t-test; post < pre,verum,baseline,deactivation,whole_brain_activation,,True,3,decreased (negative activation),paired t-test on standardized ALFF maps,
35832324,con_alff_nonacupoint_post_vs_pre_increased,ALFF increase: post-acupuncture at non-acupoint vs pre-acupuncture at non-acupoint,within-group pre vs post; paired t-test; post > pre,sham,baseline,sham_post_gt_pre,whole_brain_activation,1.0,True,2,increased (positive activation),paired t-test on standardized ALFF maps,
35832324,con_alff_nonacupoint_post_vs_pre_decreased,ALFF decrease: post-acupuncture at non-acupoint vs pre-acupuncture at non-acupoint,within-group pre vs post; paired t-test; post < pre,sham,baseline,deactivation,whole_brain_activation,1.0,True,1,decreased (negative activation),paired t-test on standardized ALFF maps,
35832324,con_fc_seed_parahippo_fusiform_increased,Seed-based FC: increased connectivity with left parahippocampal/fusiform gyrus seed after acupuncture at Neiguan,seed-based functional connectivity; paired t-test; increased FC,verum,baseline,verum_post_gt_pre,seed_based_fc,,True,4,increased,seed-based functional connectivity; paired t-test; sphere with a radius of 4 mm,
35832324,con_fc_seed_sup_temporal_increased,Seed-based FC: increased connectivity with right superior temporal gyrus seed after acupuncture at Neiguan,seed-based functional connectivity; paired t-test; increased FC,verum,baseline,verum_post_gt_pre,seed_based_fc,,True,7,increased,seed-based functional connectivity; paired t-test; sphere with a radius of 4 mm,
35832324,con_fc_seed_sup_temporal_decreased,Seed-based FC: decreased connectivity with right superior temporal gyrus seed after acupuncture at Neiguan,seed-based functional connectivity; paired t-test; decreased FC,verum,baseline,deactivation,seed_based_fc,,True,1,decreased,seed-based functional connectivity; paired t-test; sphere with a radius of 4 mm,
35832324,con_fc_seed_midfrontal_decreased,Seed-based FC: decreased connectivity with right middle frontal gyrus seed after acupuncture at Neiguan,seed-based functional connectivity; paired t-test; decreased FC,verum,baseline,deactivation,seed_based_fc,,True,3,decreased,seed-based functional connectivity; paired t-test; sphere with a radius of 4 mm,
35832324,con_fc_seed_precuneus_decreased,Seed-based FC: decreased connectivity with right precuneus/cuneus seed after acupuncture at Neiguan,seed-based functional connectivity; paired t-test; decreased FC,verum,baseline,deactivation,seed_based_fc,,True,2,decreased,seed-based functional connectivity; paired t-test; sphere with a radius of 4 mm,
35832324,35821874_C1,Peak Voxels Within Significantly Different Clusters After Acupuncture at Neiguan,ALFF,verum,baseline,verum_post_gt_pre,whole_brain_activation,,True,6,activated (increased ALFF) and deactivated (decreased ALFF),ALFF,peak_only_extract
35832324,35821874_C2,Peak Voxels Within Significantly Different Clusters After Acupuncture at Non-Acupoint,ALFF,sham,baseline,sham_post_gt_pre,whole_brain_activation,,True,3,activated (increased ALFF) and deactivated (decreased ALFF),ALFF,peak_only_extract
35832324,35821874_C3,Seed-Based Functional Connectivity (FC) Analysis After Acupuncture at Neiguan - Left parahippocampal/fusiform gyrus seed,FC,verum,baseline,verum_post_gt_pre,seed_based_fc,,True,4,increased FC,FC,peak_only_extract
35832324,35821874_C4,Seed-Based Functional Connectivity (FC) Analysis After Acupuncture at Neiguan - Right superior temporal gyrus seed,FC,verum,baseline,verum_post_gt_pre,seed_based_fc,,True,8,increased and decreased FC,FC,peak_only_extract
35832324,35821874_C5,Seed-Based Functional Connectivity (FC) Analysis After Acupuncture at Neiguan - Right middle frontal gyrus seed,FC,verum,baseline,deactivation,seed_based_fc,,True,3,decreased FC,FC,peak_only_extract
35832324,35821874_C6,Seed-Based Functional Connectivity (FC) Analysis After Acupuncture at Neiguan - Right precuneus/cuneus seed,FC,verum,baseline,deactivation,seed_based_fc,,True,2,decreased FC,FC,peak_only_extract
35832324,40341810_SR_C1,Post-acupuncture at non-acupoint vs pre-acupuncture at non-acupoint (ALFF increase),ALFF,sham,baseline,sham_post_gt_pre,whole_brain_activation,,True,2,activation,ALFF,sham_rest_extract
35832324,40341810_SR_C2,Post-acupuncture at non-acupoint vs pre-acupuncture at non-acupoint (ALFF decrease),ALFF,sham,baseline,deactivation,whole_brain_activation,,True,1,deactivation,ALFF,sham_rest_extract
40847552,contrast_svm_prediction,SVM model predicting acupuncture responders vs non-responders using pre-treatment functional connectivity,classification: acupuncture responders vs non-responders,baseline,baseline,group_comparison,multivariate,,False,0,not_applicable,Support Vector Machine (SVM) with linear kernel; F-score feature selection; leave-one-out cross-validation (LOOCV) with grid search for hyperparameter tuning; permutation testing with 1000 iterations,
40847552,contrast_predictive_features_weights,Predictive consistency features and their weights from SVM model,feature importance/weights from SVM classification,baseline,baseline,group_comparison,multivariate,,False,0,not_reported,Predictive features identified through multiple rounds of leave-one-out cross-validation as consistent features; weight calculated as importance in differentiating classes,
40847552,contrast_responders_longitudinal,Changes in brain connectivity characteristics before and after treatment among acupuncture responders,within-group pre-post comparison (responders),verum,baseline,verum_post_gt_pre,roi_fc,,False,0,"mixed: one decreased, five increased",paired comparison of predictive consistency features before and after acupuncture treatment; p<0.05 uncorrected; FDR correction applied,
40847552,contrast_nonresponders_longitudinal,Changes in brain connectivity characteristics before and after treatment among acupuncture non-responders,within-group pre-post comparison (non-responders),verum,baseline,verum_post_gt_pre,roi_fc,,False,0,all reported as increases (positive statistic values; text states 'significant decreases after treatment'),paired comparison of predictive consistency features before and after acupuncture treatment; p<0.05 uncorrected; FDR correction applied,
40847552,contrast_fc_vas_corr_responders_uncorrected,Correlation analysis between predictive features and VAS scores before and after treatment in acupuncture responders (uncorrected),correlation between FC values and VAS scores (responders),verum,not_applicable,correlation_clinical,correlation_brain_behavior,,False,0,negative correlation,correlation analysis between functional connectivity values and VAS scores before and after treatment,
40847552,contrast_fc_vas_corr_nonresponders_uncorrected,Correlation analysis between predictive features and VAS scores before and after treatment in acupuncture non-responders (uncorrected),correlation between FC values and VAS scores (non-responders),verum,not_applicable,correlation_clinical,correlation_brain_behavior,,False,0,positive correlation,correlation analysis between functional connectivity values and VAS scores before and after treatment,
40847552,contrast_fc_vas_corr_fdr,Correlation analysis between predictive features and VAS scores before and after treatment in acupuncture responders (FDR corrected),"correlation between FC values and VAS scores (responders, FDR corrected)",verum,not_applicable,correlation_clinical,correlation_brain_behavior,,False,0,negative correlation,"correlation analysis between functional connectivity values and VAS scores, with Benjamini-Hochberg FDR correction",
37305743,cont_hc_vs_patient_caud_L_decreased,Decreased RSFC between left caudate nucleus and other brain regions in stroke patients vs HCs,"two-sample t-test, patients < HCs",baseline,baseline,group_comparison,seed_based_fc,,False,0,decreased in patients vs HCs,"seed-based functional connectivity, two-samples t-test",
37305743,cont_hc_vs_patient_caud_R_decreased,Decreased RSFC between right caudate nucleus and other brain regions in stroke patients vs HCs,"two-sample t-test, patients < HCs",baseline,baseline,group_comparison,seed_based_fc,,False,0,decreased in patients vs HCs,"seed-based functional connectivity, two-samples t-test",
37305743,cont_hc_vs_patient_put_L_decreased,Decreased RSFC between left putamen and contralateral areas in stroke patients vs HCs,"two-sample t-test, patients < HCs",baseline,baseline,group_comparison,seed_based_fc,,False,0,decreased in patients vs HCs,"seed-based functional connectivity, two-samples t-test",
37305743,cont_hc_vs_patient_put_R_decreased,Decreased RSFC between right putamen and contralateral areas in stroke patients vs HCs,"two-sample t-test, patients < HCs",baseline,baseline,group_comparison,seed_based_fc,,False,0,decreased in patients vs HCs,"seed-based functional connectivity, two-samples t-test",
37305743,cont_hc_vs_patient_thal_L_decreased,Decreased RSFC between left thalamus and other brain regions in stroke patients vs HCs,"two-sample t-test, patients < HCs",baseline,baseline,group_comparison,seed_based_fc,,False,0,decreased in patients vs HCs,"seed-based functional connectivity, two-samples t-test",
37305743,cont_hc_vs_patient_thal_R_decreased,Decreased RSFC between right thalamus and other brain regions in stroke patients vs HCs,"two-sample t-test, patients < HCs",baseline,baseline,group_comparison,seed_based_fc,,False,0,decreased in patients vs HCs,"seed-based functional connectivity, two-samples t-test",
37305743,cont_hc_vs_patient_ipsilateral_increased,Increased RSFC in the ipsilateral hemisphere in stroke patients vs HCs,"two-sample t-test, patients > HCs",baseline,baseline,group_comparison,seed_based_fc,,False,0,increased in patients vs HCs,"seed-based functional connectivity, two-samples t-test",
37305743,cont_SA_post_increased_caudL,Brain regions with increased functional connectivity after treatment in the SAs - left caudate nucleus seed,"within-group post vs pre treatment, SAs increased",verum,baseline,verum_post_gt_pre,seed_based_fc,,True,1,increased,seed-based functional connectivity,
37305743,cont_SA_post_increased_globR,Brain regions with increased functional connectivity after treatment in the SAs - right globus pallidus seed,"within-group post vs pre treatment, SAs increased",verum,baseline,verum_post_gt_pre,seed_based_fc,,True,1,increased,seed-based functional connectivity,
37305743,cont_SA_post_decreased_thalL,Brain regions with reduced functional connectivity after treatment in the SAs - left thalamus seed,"within-group post vs pre treatment, SAs decreased",verum,baseline,deactivation,seed_based_fc,,True,1,decreased,seed-based functional connectivity,
37305743,cont_SA_post_decreased_caudL,Brain regions with reduced functional connectivity after treatment in the SAs - left caudate nucleus seed,"within-group post vs pre treatment, SAs decreased",verum,baseline,deactivation,seed_based_fc,,True,2,decreased,seed-based functional connectivity,
37305743,cont_PC_post_increased_globR,Brain regions with increased functional connectivity after treatment in the PCs - right globus pallidus seed,"within-group post vs pre treatment, PCs increased",baseline,baseline,group_comparison,seed_based_fc,,True,2,increased,seed-based functional connectivity,
37305743,cont_PC_post_decreased_globL,Brain regions with reduced functional connectivity after treatment in the PCs - left globus pallidus seed,"within-group post vs pre treatment, PCs decreased",baseline,baseline,deactivation,seed_based_fc,,True,1,decreased,seed-based functional connectivity,
37305743,cont_SA_vs_PC_post_increased,Increased RSFC between SAs and PCs after treatment,"between-group comparison, SAs > PCs, post-treatment",verum,baseline,verum_gt_sham,seed_based_fc,,False,0,increased in SAs vs PCs,"seed-based functional connectivity, two-samples t-test",
37305743,cont_SA_vs_PC_post_decreased,Decreased RSFC between SAs and PCs after treatment,"between-group comparison, SAs < PCs, post-treatment",verum,baseline,verum_gt_sham,seed_based_fc,,False,0,decreased in SAs vs PCs,"seed-based functional connectivity, two-samples t-test",
37305743,37213484_C1,Brain regions with increased and reduced functional connectivity after treatment in the SAs,FC,verum,baseline,verum_post_gt_pre,seed_based_fc,,True,5,Increase and Reduce,FC,peak_only_extract
37305743,37213484_C2,Brain regions with increased and reduced functional connectivity after treatment in the PCs,FC,baseline,baseline,group_comparison,seed_based_fc,,True,3,Increase and Reduce,FC,peak_only_extract
24968124,con_onesample_hc_rest,ReHo results across all subjects for healthy controls during resting state,one-sample t-test,rest,not_applicable,other,whole_brain_activation,,False,0,positive ReHo values (KCC map),one-sample t-test,
24968124,con_onesample_mci_rest,ReHo results across all subjects for MCI patients during resting state,one-sample t-test,rest,not_applicable,other,whole_brain_activation,,False,0,positive ReHo values (KCC map),one-sample t-test,
24968124,con_onesample_hc_postacu,ReHo results across all subjects for healthy controls during post-acupuncture resting state,one-sample t-test,verum,not_applicable,other,whole_brain_activation,,False,0,positive ReHo values (KCC map),one-sample t-test,
24968124,con_onesample_mci_postacu,ReHo results across all subjects for MCI patients during post-acupuncture resting state,one-sample t-test,verum,not_applicable,other,whole_brain_activation,,False,0,positive ReHo values (KCC map),one-sample t-test,
24968124,con_ancova_main_group,significant main effect of group (two-way ANCOVA with repeated measures),"two-way ANCOVA with repeated measures, main effect of group",not_applicable,not_applicable,group_comparison,whole_brain_activation,,True,5,increased ReHo values in MCI patients compared with normal controls,"two-way ANCOVA with repeated measures (two factors: group, acupuncture; repeated factor: acupuncture; covariates: gender, head motion)",
24968124,con_ancova_main_acu,main effect of acupuncture (two-way ANCOVA with repeated measures),"two-way ANCOVA with repeated measures, main effect of acupuncture",verum,rest,verum_post_gt_pre,whole_brain_activation,,False,0,not_applicable,two-way ANCOVA with repeated measures,
24968124,con_ancova_interaction,interaction of group and acupuncture (two-way ANCOVA with repeated measures),"two-way ANCOVA with repeated measures, interaction of group × acupuncture",not_applicable,not_applicable,group_comparison,whole_brain_activation,,False,0,not_applicable,two-way ANCOVA with repeated measures,
24968124,con_mci_vs_hc_rest_increased,MCI patients vs healthy controls during resting state: increased ReHo in MCI,two-sample t-test,rest,rest,group_comparison,whole_brain_activation,,True,4,increased ReHo values in MCI patients compared with healthy controls,two-sample t-test,
24968124,con_mci_vs_hc_rest_decreased,MCI patients vs healthy controls during resting state: decreased ReHo in MCI,two-sample t-test,rest,rest,group_comparison,whole_brain_activation,,True,4,decreased ReHo values in MCI patients compared with healthy controls,two-sample t-test,
24968124,con_mci_postacu_vs_rest_increased,"MCI patients: post-acupuncture resting state vs resting state, increased ReHo",paired t-test,verum,rest,verum_post_gt_pre,whole_brain_activation,,True,2,increased ReHo values in MCI patients following acupuncture,paired t-test,
24968124,con_hc_postacu_vs_rest_increased,"healthy controls: post-acupuncture resting state vs resting state, increased ReHo",paired t-test,verum,rest,verum_post_gt_pre,whole_brain_activation,,True,5,increased ReHo values in healthy controls following acupuncture,paired t-test,
24968124,con_mci_vs_hc_postacu_increased,MCI patients vs healthy controls during post-acupuncture resting state: increased ReHo in MCI,two-sample t-test,verum,verum,group_comparison,whole_brain_activation,,True,6,increased ReHo values in MCI patients compared with healthy controls,two-sample t-test,
24968124,con_mci_vs_hc_postacu_decreased,MCI patients vs healthy controls during post-acupuncture resting state: decreased ReHo in MCI,two-sample t-test,verum,verum,group_comparison,whole_brain_activation,,True,7,decreased ReHo values in MCI patients compared with healthy controls,two-sample t-test,
24968124,24927181_C1,"Brain areas with significant main effect of group at P<0.001 (uncorrected, 30 voxels)",ReHo,rest,rest,group_comparison,whole_brain_activation,,True,5,increased ReHo values in MCI patients,ReHo,peak_only_extract
24968124,24927181_C2,"Brain areas with significant different ReHo values between MCI patients and healthy controls during the resting state at P<0.01 (Alphasim corrected, p<0.01, 30 voxels)",ReHo,rest,rest,group_comparison,whole_brain_activation,,True,8,increased and decreased ReHo values in MCI patients,ReHo,peak_only_extract
24968124,24927181_C3,"Brain areas with significant different ReHo values in the MCI patients after acupuncture at P<0.01 (Alphasim corrected, p<0.01, 30 voxels)",ReHo,verum,rest,verum_post_gt_pre,whole_brain_activation,,True,2,increased ReHo values following acupuncture in MCI patients,ReHo,peak_only_extract
24968124,24927181_C4,"Brain areas with significant different ReHo values in the healthy controls after acupuncture at P<0.01 (Alphasim corrected, p<0.01, 30 voxels)",ReHo,verum,rest,verum_post_gt_pre,whole_brain_activation,,True,5,increased ReHo values following acupuncture in healthy controls,ReHo,peak_only_extract
24968124,24927181_C5,"Brain areas with significant different ReHo values between healthy controls and MCI patients after acupuncture at P<0.01 (Alphasim corrected, p<0.01, 30 voxels)",ReHo,verum,verum,group_comparison,whole_brain_activation,,True,13,increased and decreased ReHo values in MCI patients post-acupuncture,ReHo,peak_only_extract
37274194,ml_classification,Machine learning classification: MCID vs. N-MCID,L1-MKL classification using DC maps,rest,rest,group_comparison,multivariate,,False,0,Classification: MCID vs. N-MCID,L1-multi kernel learning machine (L1-MKL) in PRoNTo with leave-one-out cross-validation (LOOCV); ROI-based MKL using 200 ROIs from Craddock atlas,
37274194,dc_roi1_MCID_vs_NMCID,DC comparison ROI 1: MCID vs. N-MCID,Two-sample t-test of DC values,rest,rest,group_comparison,graph_theory,,False,1,MCID exhibited significantly higher DC than N-MCID (negative t reflects more DC in MCID),Two-sample t-test of DC values for feature ROI 1,
37274194,dc_roi2_MCID_vs_NMCID,DC comparison ROI 2: MCID vs. N-MCID,Two-sample t-test of DC values,rest,rest,group_comparison,graph_theory,,False,1,MCID exhibited significantly higher DC than N-MCID (negative t reflects more DC in MCID),Two-sample t-test of DC values for feature ROI 2,
37274194,dc_roi3_MCID_vs_NMCID,DC comparison ROI 3: MCID vs. N-MCID,Two-sample t-test of DC values,rest,rest,group_comparison,graph_theory,,False,1,Not significant,Two-sample t-test of DC values for feature ROI 3,
37274194,dc_roi4_MCID_vs_NMCID,DC comparison ROI 4: MCID vs. N-MCID,Two-sample t-test of DC values,rest,rest,group_comparison,graph_theory,,False,1,Not specified direction but significant (t positive suggests N-MCID > MCID or note that positive t here reflects N-MCID having higher DC),Two-sample t-test of DC values for feature ROI 4,
37274194,dc_roi5_MCID_vs_NMCID,DC comparison ROI 5: MCID vs. N-MCID,Two-sample t-test of DC values,rest,rest,group_comparison,graph_theory,,False,1,Not significant,Two-sample t-test of DC values for feature ROI 5,
37274194,dc_roi6_MCID_vs_NMCID,DC comparison ROI 6: MCID vs. N-MCID,Two-sample t-test of DC values,rest,rest,group_comparison,graph_theory,,False,1,Not significant,Two-sample t-test of DC values for feature ROI 6,
37274194,dc_roi7_MCID_vs_NMCID,DC comparison ROI 7: MCID vs. N-MCID,Two-sample t-test of DC values,rest,rest,group_comparison,graph_theory,,False,1,Not significant,Two-sample t-test of DC values for feature ROI 7,
37274194,dc_roi8_MCID_vs_NMCID,DC comparison ROI 8: MCID vs. N-MCID,Two-sample t-test of DC values,rest,rest,group_comparison,graph_theory,,False,1,Not significant,Two-sample t-test of DC values for feature ROI 8,
37274194,fc_roi1_rest_MCID_vs_HC,FC ROI 1 resting state: MCID vs. HC,Seed-based FC; post hoc t-test from ANOVA,rest,rest,group_comparison,seed_based_fc,,False,2,Lower FC in MCID vs. HC,Voxel-wise seed-based FC analysis; one-way ANOVA with post hoc two-sample t-test,
37274194,fc_roi1_rest_NMCID_vs_HC,FC ROI 1 resting state: N-MCID vs. HC,Seed-based FC; post hoc t-test from ANOVA,rest,rest,group_comparison,seed_based_fc,,False,2,Lower FC in N-MCID vs. HC,Voxel-wise seed-based FC analysis; one-way ANOVA with post hoc two-sample t-test,
37274194,fc_roi1_rest_MCID_vs_NMCID,FC ROI 1 resting state: MCID vs. N-MCID,Seed-based FC; post hoc t-test from ANOVA,rest,rest,group_comparison,seed_based_fc,,False,0,NA (no significant difference),Voxel-wise seed-based FC analysis; one-way ANOVA with post hoc two-sample t-test,
37274194,fc_roi1_acu_MCID_vs_HC,FC ROI 1 acupuncture state: MCID vs. HC,Seed-based FC; post hoc t-test from ANOVA,verum,verum,group_comparison,seed_based_fc,,False,2,Lower FC in MCID vs. HC,Voxel-wise seed-based FC analysis; one-way ANOVA with post hoc two-sample t-test,
37274194,fc_roi1_acu_NMCID_vs_HC,FC ROI 1 acupuncture state: N-MCID vs. HC,Seed-based FC; post hoc t-test from ANOVA,verum,verum,group_comparison,seed_based_fc,,False,0,NA (no significant difference),Voxel-wise seed-based FC analysis; one-way ANOVA with post hoc two-sample t-test,
37274194,fc_roi1_acu_MCID_vs_NMCID,FC ROI 1 acupuncture state: MCID vs. N-MCID,Seed-based FC; post hoc t-test from ANOVA,verum,verum,group_comparison,seed_based_fc,,False,1,Lower FC in MCID vs. N-MCID,Voxel-wise seed-based FC analysis; one-way ANOVA with post hoc two-sample t-test,
37274194,fc_roi2_rest_MCID_vs_HC,FC ROI 2 resting state: MCID vs. HC,Seed-based FC; post hoc t-test from ANOVA,rest,rest,group_comparison,seed_based_fc,,False,5,Lower FC in MCID vs. HC,Voxel-wise seed-based FC analysis; one-way ANOVA with post hoc two-sample t-test,
37274194,fc_roi2_rest_NMCID_vs_HC,FC ROI 2 resting state: N-MCID vs. HC,Seed-based FC; post hoc t-test from ANOVA,rest,rest,group_comparison,seed_based_fc,,False,2,Lower FC in N-MCID vs. HC,Voxel-wise seed-based FC analysis; one-way ANOVA with post hoc two-sample t-test,
37274194,fc_roi2_acu_MCID_vs_HC,FC ROI 2 acupuncture state: MCID vs. HC,Seed-based FC; post hoc t-test from ANOVA,verum,verum,group_comparison,seed_based_fc,,False,2,Lower FC in MCID vs. HC,Voxel-wise seed-based FC analysis; one-way ANOVA with post hoc two-sample t-test,
37274194,fc_roi3_rest_MCID_vs_HC,FC ROI 3 resting state: MCID vs. HC,Seed-based FC; post hoc t-test from ANOVA,rest,rest,group_comparison,seed_based_fc,,False,4,Lower FC in MCID vs. HC,Voxel-wise seed-based FC analysis; one-way ANOVA with post hoc two-sample t-test,
37274194,fc_roi3_rest_NMCID_vs_HC,FC ROI 3 resting state: N-MCID vs. HC,Seed-based FC; post hoc t-test from ANOVA,rest,rest,group_comparison,seed_based_fc,,False,1,Lower FC in N-MCID vs. HC,Voxel-wise seed-based FC analysis; one-way ANOVA with post hoc two-sample t-test,
37274194,fc_roi3_acu_MCID_vs_HC,FC ROI 3 acupuncture state: MCID vs. HC,Seed-based FC; post hoc t-test from ANOVA,verum,verum,group_comparison,seed_based_fc,,False,2,Lower FC in MCID vs. HC,Voxel-wise seed-based FC analysis; one-way ANOVA with post hoc two-sample t-test,
37274194,fc_roi4_rest_MCID_vs_HC,FC ROI 4 resting state: MCID vs. HC,Seed-based FC; post hoc t-test from ANOVA,rest,rest,group_comparison,seed_based_fc,,False,3,Lower FC in MCID vs. HC,Voxel-wise seed-based FC analysis; one-way ANOVA with post hoc two-sample t-test,
37274194,fc_roi4_rest_NMCID_vs_HC,FC ROI 4 resting state: N-MCID vs. HC,Seed-based FC; post hoc t-test from ANOVA,rest,rest,group_comparison,seed_based_fc,,False,1,Higher FC in N-MCID vs. HC,Voxel-wise seed-based FC analysis; one-way ANOVA with post hoc two-sample t-test,
37274194,fc_roi4_acu_MCID_vs_HC,FC ROI 4 acupuncture state: MCID vs. HC,Seed-based FC; post hoc t-test from ANOVA,verum,verum,group_comparison,seed_based_fc,,False,3,Lower FC in MCID vs. HC,Voxel-wise seed-based FC analysis; one-way ANOVA with post hoc two-sample t-test,
37274194,fc_roi4_acu_MCID_vs_NMCID,FC ROI 4 acupuncture state: MCID vs. N-MCID,Seed-based FC; post hoc t-test from ANOVA,verum,verum,group_comparison,seed_based_fc,,False,1,Lower FC in MCID vs. N-MCID,Voxel-wise seed-based FC analysis; one-way ANOVA with post hoc two-sample t-test,
37274194,fc_roi5_rest_NMCID_vs_HC,FC ROI 5 resting state: N-MCID vs. HC,Seed-based FC; post hoc t-test from ANOVA,rest,rest,group_comparison,seed_based_fc,,False,1,Lower FC in N-MCID vs. HC,Voxel-wise seed-based FC analysis; one-way ANOVA with post hoc two-sample t-test,
37274194,fc_roi5_rest_MCID_vs_NMCID,FC ROI 5 resting state: MCID vs. N-MCID,Seed-based FC; post hoc t-test from ANOVA,rest,rest,group_comparison,seed_based_fc,,False,2,Lower FC in MCID vs. N-MCID,Voxel-wise seed-based FC analysis; one-way ANOVA with post hoc two-sample t-test,
37274194,fc_roi5_acu_MCID_vs_HC,FC ROI 5 acupuncture state: MCID vs. HC,Seed-based FC; post hoc t-test from ANOVA,verum,verum,group_comparison,seed_based_fc,,False,3,Lower FC in MCID vs. HC,Voxel-wise seed-based FC analysis; one-way ANOVA with post hoc two-sample t-test,
37274194,fc_roi5_acu_NMCID_vs_HC,FC ROI 5 acupuncture state: N-MCID vs. HC,Seed-based FC; post hoc t-test from ANOVA,verum,verum,group_comparison,seed_based_fc,,False,2,Higher FC in N-MCID vs. HC,Voxel-wise seed-based FC analysis; one-way ANOVA with post hoc two-sample t-test,
37274194,fc_roi5_acu_MCID_vs_NMCID,FC ROI 5 acupuncture state: MCID vs. N-MCID,Seed-based FC; post hoc t-test from ANOVA,verum,verum,group_comparison,seed_based_fc,,False,2,Lower FC in MCID vs. N-MCID,Voxel-wise seed-based FC analysis; one-way ANOVA with post hoc two-sample t-test,
37274194,fc_roi6_acu_MCID_vs_HC,FC ROI 6 acupuncture state: MCID vs. HC,Seed-based FC; post hoc t-test from ANOVA,verum,verum,group_comparison,seed_based_fc,,False,4,Lower FC in MCID vs. HC,Voxel-wise seed-based FC analysis; one-way ANOVA with post hoc two-sample t-test,
37274194,fc_roi6_acu_MCID_vs_NMCID,FC ROI 6 acupuncture state: MCID vs. N-MCID,Seed-based FC; post hoc t-test from ANOVA,verum,verum,group_comparison,seed_based_fc,,False,3,Lower FC in MCID vs. N-MCID,Voxel-wise seed-based FC analysis; one-way ANOVA with post hoc two-sample t-test,
37274194,fc_roi7_rest_MCID_vs_HC,FC ROI 7 resting state: MCID vs. HC,Seed-based FC; post hoc t-test from ANOVA,rest,rest,group_comparison,seed_based_fc,,False,3,Lower FC in MCID vs. HC,Voxel-wise seed-based FC analysis; one-way ANOVA with post hoc two-sample t-test,
37274194,fc_roi7_rest_NMCID_vs_HC,FC ROI 7 resting state: N-MCID vs. HC,Seed-based FC; post hoc t-test from ANOVA,rest,rest,group_comparison,seed_based_fc,,False,2,Lower FC in N-MCID vs. HC,Voxel-wise seed-based FC analysis; one-way ANOVA with post hoc two-sample t-test,
37274194,fc_roi7_acu_MCID_vs_HC,FC ROI 7 acupuncture state: MCID vs. HC,Seed-based FC; post hoc t-test from ANOVA,verum,verum,group_comparison,seed_based_fc,,False,3,Mixed: lower and higher FC in MCID vs. HC,Voxel-wise seed-based FC analysis; one-way ANOVA with post hoc two-sample t-test,
37274194,fc_roi8_rest_MCID_vs_HC,FC ROI 8 resting state: MCID vs. HC,Seed-based FC; post hoc t-test from ANOVA,rest,rest,group_comparison,seed_based_fc,,False,7,Mixed: lower and higher FC in MCID vs. HC,Voxel-wise seed-based FC analysis; one-way ANOVA with post hoc two-sample t-test,
37274194,fc_roi8_rest_NMCID_vs_HC,FC ROI 8 resting state: N-MCID vs. HC,Seed-based FC; post hoc t-test from ANOVA,rest,rest,group_comparison,seed_based_fc,,False,1,Lower FC in N-MCID vs. HC,Voxel-wise seed-based FC analysis; one-way ANOVA with post hoc two-sample t-test,
37274194,fc_roi8_acu_MCID_vs_HC,FC ROI 8 acupuncture state: MCID vs. HC,Seed-based FC; post hoc t-test from ANOVA,verum,verum,group_comparison,seed_based_fc,,False,3,Mixed: higher and lower FC in MCID vs. HC,Voxel-wise seed-based FC analysis; one-way ANOVA with post hoc two-sample t-test,
37274194,fc_roi8_acu_NMCID_vs_HC,FC ROI 8 acupuncture state: N-MCID vs. HC,Seed-based FC; post hoc t-test from ANOVA,verum,verum,group_comparison,seed_based_fc,,False,1,Higher FC in N-MCID vs. HC,Voxel-wise seed-based FC analysis; one-way ANOVA with post hoc two-sample t-test,
36051643,C01_VA_FLF_decrease,Pre > Post in verum acupuncture group at Full low frequency,within-group paired t-test (pre > post treatment),baseline,verum,deactivation,whole_brain_activation,,True,2,decreased gFCD (Pre > Post),voxel-based paired t-test,
36051643,C02_VA_FLF_increase,Post > Pre in verum acupuncture group at Full low frequency,within-group paired t-test (post > pre treatment),verum,baseline,verum_post_gt_pre,whole_brain_activation,,False,0,increased gFCD (Post > Pre),voxel-based paired t-test,
36051643,C03_VA_Slow5_increase,Post > Pre in verum acupuncture group at Slow-5 band,within-group paired t-test (post > pre treatment),verum,baseline,verum_post_gt_pre,whole_brain_activation,,True,3,increased gFCD (Post > Pre),voxel-based paired t-test,
36051643,C04_VA_Slow5_decrease,Pre > Post in verum acupuncture group at Slow-5 band,within-group paired t-test (pre > post treatment),baseline,verum,deactivation,whole_brain_activation,,True,3,decreased gFCD (Pre > Post),voxel-based paired t-test,
36051643,C05_VA_Slow4_increase,Post > Pre in verum acupuncture group at Slow-4 band,within-group paired t-test (post > pre treatment),verum,baseline,verum_post_gt_pre,whole_brain_activation,,True,2,increased gFCD (Post > Pre),voxel-based paired t-test,
36051643,C06_VA_Slow4_decrease,Pre > Post in verum acupuncture group at Slow-4 band,within-group paired t-test (pre > post treatment),baseline,verum,deactivation,whole_brain_activation,,False,0,decreased gFCD (Pre > Post),voxel-based paired t-test,
36051643,C07_VA_Slow3_increase,Post > Pre in verum acupuncture group at Slow-3 band,within-group paired t-test (post > pre treatment),verum,baseline,verum_post_gt_pre,whole_brain_activation,,True,4,increased gFCD (Post > Pre),voxel-based paired t-test,
36051643,C08_VA_Slow3_decrease,Pre > Post in verum acupuncture group at Slow-3 band,within-group paired t-test (pre > post treatment),baseline,verum,deactivation,whole_brain_activation,,True,1,decreased gFCD (Pre > Post),voxel-based paired t-test,
36051643,C09_SA_FLF_increase,Post > Pre in sham acupuncture group at Full low frequency,within-group paired t-test (post > pre treatment),sham,baseline,sham_post_gt_pre,whole_brain_activation,1.0,True,1,increased gFCD (Post > Pre),voxel-based paired t-test,
36051643,C10_SA_FLF_decrease,Pre > Post in sham acupuncture group at Full low frequency,within-group paired t-test (pre > post treatment),baseline,sham,deactivation,whole_brain_activation,1.0,True,1,decreased gFCD (Pre > Post),voxel-based paired t-test,
36051643,C11_SA_Slow5_decrease,Pre > Post in sham acupuncture group at Slow-5 band,within-group paired t-test (pre > post treatment),baseline,sham,deactivation,whole_brain_activation,1.0,True,1,decreased gFCD (Pre > Post),voxel-based paired t-test,
36051643,C12_SA_Slow5_increase,Post > Pre in sham acupuncture group at Slow-5 band,within-group paired t-test (post > pre treatment),sham,baseline,sham_post_gt_pre,whole_brain_activation,1.0,False,0,increased gFCD (Post > Pre),voxel-based paired t-test,
36051643,C13_SA_Slow4_increase,Post > Pre in sham acupuncture group at Slow-4 band,within-group paired t-test (post > pre treatment),sham,baseline,sham_post_gt_pre,whole_brain_activation,1.0,False,0,increased gFCD (Post > Pre),voxel-based paired t-test,
36051643,C14_SA_Slow4_decrease,Pre > Post in sham acupuncture group at Slow-4 band,within-group paired t-test (pre > post treatment),baseline,sham,deactivation,whole_brain_activation,1.0,False,0,decreased gFCD (Pre > Post),voxel-based paired t-test,
36051643,C15_SA_Slow3_increase,Post > Pre in sham acupuncture group at Slow-3 band,within-group paired t-test (post > pre treatment),sham,baseline,sham_post_gt_pre,whole_brain_activation,1.0,False,0,increased gFCD (Post > Pre),voxel-based paired t-test,
36051643,C16_SA_Slow3_decrease,Pre > Post in sham acupuncture group at Slow-3 band,within-group paired t-test (pre > post treatment),baseline,sham,deactivation,whole_brain_activation,1.0,True,1,decreased gFCD (Pre > Post),voxel-based paired t-test,
36051643,C17_VA_vs_SA_RMANOVA_increase,VA increased more gFCD compared with SA (RMANOVA),"between-group RMANOVA (VA vs SA, post-pre change)",verum,sham,verum_gt_sham,whole_brain_activation,,False,0,VA increased more than SA,RMANOVA,
36051643,C18_VA_vs_SA_RMANOVA_decrease,VA decreased more gFCD compared with SA (RMANOVA),"between-group RMANOVA (VA vs SA, post-pre change)",verum,sham,verum_gt_sham,whole_brain_activation,,False,0,VA decreased more than SA,RMANOVA,
36051643,C19_CORR_DLPFC_VAS,Correlation: gFCD changes at Slow-5 band of the left DLPFC vs. change in VAS scores (VA group),Pearson linear correlation,verum,not_applicable,correlation_clinical,correlation_brain_behavior,,False,0,negative correlation,Pearson linear correlation,
36051643,C20_CORR_S2_VAS,Correlation: gFCD changes at Slow-4 band of the right S2 vs. change in VAS scores (VA group),Pearson linear correlation,verum,not_applicable,correlation_clinical,correlation_brain_behavior,,False,0,positive correlation,Pearson linear correlation,
36051643,35983211_C2,Frequency-specific gFCD alternations in the VA group - Full low frequency Pre > Post,FC,baseline,verum,deactivation,whole_brain_activation,,True,2,Pre > Post (decreased gFCD),FC,peak_only_extract
36051643,35983211_C3,Frequency-specific gFCD alternations in the VA group - Slow-5 Post > Pre,FC,verum,baseline,verum_post_gt_pre,whole_brain_activation,,True,3,Post > Pre (increased gFCD),FC,peak_only_extract
36051643,35983211_C4,Frequency-specific gFCD alternations in the VA group - Slow-5 Pre > Post,FC,baseline,verum,deactivation,whole_brain_activation,,True,3,Pre > Post (decreased gFCD),FC,peak_only_extract
36051643,35983211_C5,Frequency-specific gFCD alternations in the VA group - Slow-4 Post > Pre,FC,verum,baseline,verum_post_gt_pre,whole_brain_activation,,True,2,Post > Pre (increased gFCD),FC,peak_only_extract
36051643,35983211_C6,Frequency-specific gFCD alternations in the VA group - Slow-3 Post > Pre,FC,verum,baseline,verum_post_gt_pre,whole_brain_activation,,True,4,Post > Pre (increased gFCD),FC,peak_only_extract
36051643,35983211_C7,Frequency-specific gFCD alternations in the VA group - Slow-3 Pre > Post,FC,baseline,verum,deactivation,whole_brain_activation,,True,1,Pre > Post (decreased gFCD),FC,peak_only_extract
36051643,35983211_C8,Frequency-specific gFCD alternations in the SA group - Full low frequency Post > Pre,FC,sham,baseline,sham_post_gt_pre,whole_brain_activation,,True,1,Post > Pre (increased gFCD),FC,peak_only_extract
36051643,35983211_C9,Frequency-specific gFCD alternations in the SA group - Full low frequency Pre > Post,FC,baseline,sham,deactivation,whole_brain_activation,,True,1,Pre > Post (decreased gFCD),FC,peak_only_extract
36051643,35983211_C10,Frequency-specific gFCD alternations in the SA group - Slow-5 Pre > Post,FC,baseline,sham,deactivation,whole_brain_activation,,True,1,Pre > Post (decreased gFCD),FC,peak_only_extract
36051643,35983211_C11,Frequency-specific gFCD alternations in the SA group - Slow-3 Pre > Post,FC,baseline,sham,deactivation,whole_brain_activation,,True,1,Pre > Post (decreased gFCD),FC,peak_only_extract
36051643,37454266_SR_C1,SA Post > Pre (Full Low Frequency),gFCD,sham,baseline,sham_post_gt_pre,whole_brain_activation,,True,1,activation,gFCD,sham_rest_extract
36051643,37454266_SR_C2,SA Pre > Post (Full Low Frequency),gFCD,baseline,sham,deactivation,whole_brain_activation,,True,1,deactivation,gFCD,sham_rest_extract
36051643,37454266_SR_C3,SA Pre > Post (Slow-5 band),gFCD,baseline,sham,deactivation,whole_brain_activation,,True,1,deactivation,gFCD,sham_rest_extract
36051643,37454266_SR_C4,SA Pre > Post (Slow-3 band),gFCD,baseline,sham,deactivation,whole_brain_activation,,True,1,deactivation,gFCD,sham_rest_extract
38651018,contrast_AD_vs_HC,identification of AD patients and HC,classification: AD patients vs. healthy controls,baseline,baseline,group_comparison,multivariate,,False,0,not_reported,"Long Short-Term Memory (LSTM) neural network model with 4-fold cross-validation and bootstrapping (n=100), t-test against chance level (0.5)",
38651018,contrast_high_vs_low_responder,identification of high and low responder to acupuncture treatment,classification: high responders vs. low responders to acupuncture treatment,baseline,baseline,correlation_clinical,multivariate,,False,0,not_reported,"Long Short-Term Memory (LSTM) neural network model with 4-fold cross-validation and bootstrapping (n=100), t-test against chance level (0.5)",
38651018,38646007_C1,Functional Regions of Interest Employed in Long Short-Term Memory Models for AD Patients,other,baseline,not_applicable,other,other,,True,38,N/A - atlas coordinates,other,peak_only_extract
23152865,con_RA_vs_SA,RA−SA>0,between-group: real acupuncture vs. sham acupuncture,verum,sham,verum_gt_sham,whole_brain_activation,,True,2,RA > SA (activation),random-effect analysis; one-way analysis of variance model with fixed effect results,
23152865,con_EG_vs_NE,EG−NE>0,between-group: expectancy group vs. no-expectancy group,verum,verum,correlation_expectancy,whole_brain_activation,,True,12,EG > NE (activation),random-effect analysis; one-way analysis of variance model with fixed effect results,
23152865,con_A_vs_C,Group A−Group C>0,between-group: Group A (RA+TI) vs. Group C (SA+TI),verum,sham,verum_gt_sham,whole_brain_activation,1.0,True,3,Group A > Group C (activation),random-effect analysis; one-way analysis of variance model with fixed effect results,
23152865,con_B_vs_D,Group B−Group D>0,between-group: Group B (RA+NI) vs. Group D (SA+NI),verum,sham,verum_gt_sham,whole_brain_activation,1.0,True,2,Group B > Group D (activation),random-effect analysis; one-way analysis of variance model with fixed effect results,
23152865,con_A_vs_B,Group A−Group B>0,between-group: Group A (RA+TI) vs. Group B (RA+NI),verum,verum,correlation_expectancy,whole_brain_activation,,True,14,Group A > Group B (activation),random-effect analysis; one-way analysis of variance model with fixed effect results,
23152865,con_C_vs_D,Group C−Group D>0,between-group: Group C (SA+TI) vs. Group D (SA+NI),sham,sham,correlation_expectancy,whole_brain_activation,1.0,True,1,Group C > Group D (activation),random-effect analysis; one-way analysis of variance model with fixed effect results,
23152865,23145088_C1,RA-SA>0,activation,verum,sham,verum_gt_sham,whole_brain_activation,,True,2,RA > SA,activation,peak_only_extract
23152865,23145088_C2,EG-NE>0,activation,verum,verum,correlation_expectancy,whole_brain_activation,,True,12,EG > NE,activation,peak_only_extract
23152865,23145088_C3,Group A-Group C>0,activation,verum,sham,verum_gt_sham,whole_brain_activation,,True,3,Group A > Group C,activation,peak_only_extract
23152865,23145088_C4,Group B-Group D>0,activation,verum,sham,verum_gt_sham,whole_brain_activation,,True,2,Group B > Group D,activation,peak_only_extract
23152865,23145088_C5,Group A-Group B>0,activation,verum,verum,correlation_expectancy,whole_brain_activation,,True,14,Group A > Group B,activation,peak_only_extract
23152865,23145088_C6,Group C-Group D>0,activation,sham,sham,correlation_expectancy,whole_brain_activation,,True,1,Group C > Group D,activation,peak_only_extract
27803655,c01_DCM_ST36_vs_CP1,RS_ST36-RS_CP1 (DCM),Post-stimulation centrality comparison: ST36 vs CP1,verum,sham,verum_gt_sham,graph_theory,1.0,True,4,both increases and decreases reported,Within-subjects ANOVA with age and gender as covariates; degree centrality mapping (DCM) via fastECM; Z-standard transform; 6 mm FWHM smoothing,
27803655,c02_DCM_ST36_vs_CP2,RS_ST36-RS_CP2 (DCM),Post-stimulation centrality comparison: ST36 vs CP2,verum,sham,verum_gt_sham,graph_theory,1.0,True,3,both increases and decreases reported,Within-subjects ANOVA with age and gender as covariates; degree centrality mapping (DCM) via fastECM; Z-standard transform; 6 mm FWHM smoothing,
27803655,c03_DCM_conjunction,Conjunction: RS_ST36-RS_CP1 AND RS_ST36-RS_CP2 (DCM),Conjunction analysis: acupuncture point vs both control points (DCM),verum,sham,verum_gt_sham,graph_theory,,False,1,higher centrality for ST36,Conjunction of RS_ST36-RS_CP1 and RS_ST36-RS_CP2 statistical maps (DCM),
27803655,c04_ECM_ST36_vs_CP1,RS_ST36-RS_CP1 (ECM),Post-stimulation centrality comparison: ST36 vs CP1,verum,sham,verum_gt_sham,graph_theory,1.0,True,3,both increases and decreases reported,Within-subjects ANOVA with age and gender as covariates; eigenvector centrality mapping (ECM) via fastECM; Z-standard transform; 6 mm FWHM smoothing,
27803655,c05_ECM_ST36_vs_CP2,RS_ST36-RS_CP2 (ECM),Post-stimulation centrality comparison: ST36 vs CP2,verum,sham,verum_gt_sham,graph_theory,1.0,True,5,both increases and decreases reported,Within-subjects ANOVA with age and gender as covariates; eigenvector centrality mapping (ECM) via fastECM; Z-standard transform; 6 mm FWHM smoothing,
27803655,c06_ECM_conjunction,Conjunction: RS_ST36-RS_CP1 AND RS_ST36-RS_CP2 (ECM),Conjunction analysis: acupuncture point vs both control points (ECM),verum,sham,verum_gt_sham,graph_theory,,False,2,higher centrality for ST36,Conjunction of RS_ST36-RS_CP1 and RS_ST36-RS_CP2 statistical maps (ECM),
27803655,c07_DCM_CP1_vs_CP2,RS_CP1-RS_CP2 (DCM),Post-stimulation centrality comparison: CP1 vs CP2,sham,sham,other,graph_theory,1.0,False,0,not_applicable,Within-subjects ANOVA with age and gender as covariates; degree centrality mapping (DCM) via fastECM; Z-standard transform; 6 mm FWHM smoothing,
27803655,c08_ECM_CP1_vs_CP2,RS_CP1-RS_CP2 (ECM),Post-stimulation centrality comparison: CP1 vs CP2,sham,sham,other,graph_theory,1.0,False,0,not_applicable,Within-subjects ANOVA with age and gender as covariates; eigenvector centrality mapping (ECM) via fastECM; Z-standard transform; 6 mm FWHM smoothing,
27803655,c09_DCM_narrative_additional,RS_ST36-RS_CP1 (DCM) – additional result noted in text only,"Post-stimulation centrality comparison: ST36 vs CP1 – additional finding (right middle frontal cortex, DCM only)",verum,sham,verum_gt_sham,graph_theory,1.0,False,0,lower centrality for ST36,degree centrality mapping (DCM),
27803655,c10_ECM_narrative_additional,RS_ST36-RS_CP1 (ECM) – additional result noted in text only,"Post-stimulation centrality comparison: ST36 vs CP1 – additional finding (right middle temporal gyrus, ECM only)",verum,sham,verum_gt_sham,graph_theory,1.0,False,0,higher centrality for ST36,eigenvector centrality mapping (ECM),
27803655,c11_ECM_narrative_ST36_CP2_additional,RS_ST36-RS_CP2 (ECM) – additional results noted in text only,Post-stimulation centrality comparison: ST36 vs CP2 – additional findings (ECM only),verum,sham,verum_gt_sham,graph_theory,1.0,False,0,both increases and decreases,eigenvector centrality mapping (ECM),
27803655,c12_Dice_ECM_DCM_overlap,Dice coefficient analysis: Overlap ratio of ECM and DCM results,Method comparison: overlap between ECM and DCM statistical maps,rest,not_applicable,other,other,,False,0,not_applicable,Dice's coefficient (DC),
27803655,c13_head_motion,Head motion comparison across post-stimulation resting-state scans,Quality control: head motion (mean FD) comparison,rest,not_applicable,other,other,,False,0,no significant difference,One-way ANOVA on mean FD; pairwise comparisons,
27803655,27790149_C1,Post-stimulation centrality changes: RS_ST36-RS_CP1 (DCM),degree_centrality,verum,sham,verum_gt_sham,graph_theory,,True,4,both (positive and negative differences reported),degree_centrality,peak_only_extract
27803655,27790149_C2,Post-stimulation centrality changes: RS_ST36-RS_CP2 (DCM),degree_centrality,verum,sham,verum_gt_sham,graph_theory,,True,3,both (positive and negative differences reported),degree_centrality,peak_only_extract
27803655,27790149_C3,Conjunction DCM: RS_ST36-RS_CP1 AND RS_ST36-RS_CP2,degree_centrality,verum,sham,verum_gt_sham,graph_theory,,False,1,positive (higher centrality for ST36),degree_centrality,peak_only_extract
27803655,27790149_C4,Post-stimulation centrality changes: RS_ST36-RS_CP1 (ECM),other,verum,sham,verum_gt_sham,graph_theory,,True,3,both (positive and negative differences reported),other,peak_only_extract
27803655,27790149_C5,Post-stimulation centrality changes: RS_ST36-RS_CP2 (ECM),other,verum,sham,verum_gt_sham,graph_theory,,True,5,both (positive and negative differences reported),other,peak_only_extract
27803655,27790149_C6,Conjunction ECM: RS_ST36-RS_CP1 AND RS_ST36-RS_CP2,other,verum,sham,verum_gt_sham,graph_theory,,False,2,positive (higher centrality for ST36),other,peak_only_extract
16407533,contrast_pain_mask,all pretreatment high pain minus all pretreatment low pain on both placebo and control sides,pain intensity contrast (high pain > low pain); used as mask,baseline,not_applicable,other,whole_brain_activation,,False,7,high pain > low pain (increases),one-way ANOVA (within-subject) random-effects model; general linear model,
16407533,contrast_placebo_gt_control_within_mask,placebo (post − pre) − control (post − pre); within mask,interaction: placebo vs control × post vs pre; within pain-intensity mask,sham,baseline,sham_post_gt_pre,whole_brain_activation,3.0,True,1,placebo > control (increases on placebo side relative to control),one-way ANOVA (within-subject) random-effects model; contrast of fMRI signal change differences within mask,
16407533,contrast_control_gt_placebo_within_mask,control (post − pre) − placebo (post − pre); within mask,interaction: control vs placebo × post vs pre; within pain-intensity mask,baseline,sham,deactivation,whole_brain_activation,3.0,True,1,control > placebo (decreases on placebo side relative to control),one-way ANOVA (within-subject) random-effects model; contrast within mask,
16407533,contrast_placebo_gt_control_outside_mask,placebo (post − pre) − control (post − pre); outside mask,interaction: placebo vs control × post vs pre; outside pain-intensity mask,sham,baseline,sham_post_gt_pre,whole_brain_activation,3.0,True,11,placebo > control (increases on placebo side relative to control),one-way ANOVA (within-subject) random-effects model; contrast outside mask,
16407533,contrast_control_gt_placebo_outside_mask,control (post − pre) − placebo (post − pre); outside mask,interaction: control vs placebo × post vs pre; outside pain-intensity mask,baseline,sham,deactivation,whole_brain_activation,3.0,False,1,control > placebo,one-way ANOVA (within-subject) random-effects model; contrast outside mask,
16407533,contrast_correlation_negative,simple regression (correlation) analysis: placebo (post − pre) − control (post − pre) fMRI signal vs corresponding pain rating difference; negative correlation,simple regression (correlation) between fMRI signal change difference and subjective pain rating difference; negative correlation,sham,baseline,correlation_clinical,correlation_brain_behavior,3.0,True,10,negative correlation (greater placebo analgesia = greater fMRI signal increase),simple regression (correlation) analysis at second level; random-effects model,
16407533,contrast_correlation_positive,simple regression (correlation) analysis: placebo (post − pre) − control (post − pre) fMRI signal vs corresponding pain rating difference; positive correlation,simple regression (correlation); positive correlation,sham,baseline,correlation_clinical,correlation_brain_behavior,3.0,False,1,positive correlation,simple regression (correlation) analysis at second level,
16407533,contrast_post_high_placebo_gt_control_within_mask,post-treatment high pain on placebo side > post-treatment high pain on control side; within mask,post-treatment high pain: placebo vs control; within pain-intensity mask; supplemental analysis,sham,baseline,sham_post_gt_pre,whole_brain_activation,3.0,True,16,placebo > control (increases),one-way ANOVA (within-subject); comparing only post-treatment pain on placebo and control sides,
16407533,contrast_post_high_control_gt_placebo,post-treatment high pain on control side > post-treatment high pain on placebo side,post-treatment high pain: control vs placebo; supplemental analysis,baseline,sham,deactivation,whole_brain_activation,3.0,False,1,control > placebo,one-way ANOVA (within-subject),
16407533,16399_C1,"Brain areas activated during the comparison of fMRI signal change differences (after treatment > before treatment) between both placebo and control sides - Within mask, P > C",activation,sham,baseline,sham_post_gt_pre,whole_brain_activation,,True,12,Placebo > Control,activation,peak_only_extract
16407533,16399_C2,"Brain areas activated during the comparison of fMRI signal change differences (after treatment > before treatment) between both placebo and control sides - Within mask, C > P",activation,baseline,sham,deactivation,whole_brain_activation,,True,1,Control > Placebo,activation,peak_only_extract
16407533,16399_C3,Correlation analysis between the post-treatment and pretreatment subjective pain rating changes and fMRI signal changes on placebo and control sides - Negative correlation,activation,sham,baseline,correlation_clinical,correlation_brain_behavior,,True,10,Negative correlation,activation,peak_only_extract
16407533,16399_C4,"Brain areas activated during the comparison of fMRI signal change evoked by post-treatment high pain on placebo and control sides - Within mask, P > C",activation,sham,baseline,sham_post_gt_pre,whole_brain_activation,,True,16,Placebo > Control,activation,peak_only_extract
16407533,16399_C5,Figure 2B caption - right anterior insula peak coordinate,activation,sham,baseline,sham_post_gt_pre,whole_brain_activation,,True,1,Placebo > Control,activation,peak_only_extract
16407533,16399_C6,Figure 2C caption - bilateral rACC peak coordinate,activation,sham,baseline,sham_post_gt_pre,whole_brain_activation,,True,1,Placebo > Control,activation,peak_only_extract
34122321,contrast_MwoA_vs_HC,PM < HC (ReHo lower in patients with MwoA than in HCs),"between-group comparison, two-sample t-test",baseline,baseline,group_comparison,whole_brain_activation,,True,2,PM < HC (decreased ReHo in migraine group),two-sample t-test,
34122321,contrast_ANOVA_PMa_PMb_PMc,PMa-PMb-PMc (one-way ANOVA across treatment stages),within-subjects one-way ANOVA across three timepoints,baseline,not_applicable,verum_post_gt_pre,whole_brain_activation,,True,2,increase across treatment stages,one-way ANOVA within subjects,
34122321,contrast_PMb_gt_PMa,PMb > PMa (after first acupuncture session > before acupuncture),"post-hoc paired comparison, PMb > PMa",verum,baseline,verum_post_gt_pre,whole_brain_activation,,True,1,PMb > PMa (increase after first acupuncture session),post-hoc comparison,
34122321,contrast_PMc_gt_PMa,PMc > PMa (after 12th acupuncture session > before acupuncture),"post-hoc paired comparison, PMc > PMa",verum,baseline,verum_post_gt_pre,whole_brain_activation,,True,1,PMc > PMa (increase after 12th acupuncture session vs baseline),post-hoc comparison,
34122321,contrast_PMc_gt_PMb,PMc > PMb (after 12th acupuncture session > after first acupuncture session),"post-hoc paired comparison, PMc > PMb",verum,verum,verum_post_gt_pre,whole_brain_activation,,True,1,PMc > PMb (increase from first to 12th session),post-hoc comparison,
34122321,contrast_corr_angulargyrus_days_baseline,Positive correlation: change in ReHo value in the angular gyrus with days of migraine at baseline,correlation analysis (Pearson/Spearman) between ReHo change in angular gyrus and clinical outcome,baseline,not_applicable,correlation_clinical,correlation_brain_behavior,,False,0,positive correlation,Pearson/Spearman correlation,
34122321,contrast_corr_angulargyrus_change_days,Positive correlation: change in ReHo value in the angular gyrus with the change in number of days with migraine,correlation analysis (Pearson/Spearman) between ReHo change in angular gyrus and change in clinical outcome,verum,baseline,correlation_clinical,correlation_brain_behavior,,False,0,positive correlation,Pearson/Spearman correlation,
34122321,contrast_corr_cerebellum_clinical,No significant correlation between ReHo value for the cerebellum and any clinical outcome,correlation analysis (Pearson/Spearman) between ReHo in cerebellum and clinical outcomes,baseline,not_applicable,correlation_clinical,correlation_brain_behavior,,False,0,no significant correlation,Pearson/Spearman correlation,
34122321,34054706_C1,Difference in ReHo between MwoA and HCs,ReHo,baseline,baseline,group_comparison,whole_brain_activation,,True,2,PM < HC (MwoA lower than HC),ReHo,peak_only_extract
34122321,34054706_C2,Changes in ReHo in different stages of treatment (ANOVA),ReHo,baseline,not_applicable,verum_post_gt_pre,whole_brain_activation,,True,2,Overall change across PMa-PMb-PMc,ReHo,peak_only_extract
34122321,34054706_C3,Changes in ReHo in different stages - post-hoc: PMb > PMa,ReHo,verum,baseline,verum_post_gt_pre,whole_brain_activation,,True,1,PMb > PMa (increase after first session),ReHo,peak_only_extract
34122321,34054706_C4,Changes in ReHo in different stages - post-hoc: PMc > PMa,ReHo,verum,baseline,verum_post_gt_pre,whole_brain_activation,,True,1,PMc > PMa (increase after full course vs baseline),ReHo,peak_only_extract
34122321,34054706_C5,Changes in ReHo in different stages - post-hoc: PMc > PMb,ReHo,verum,verum,verum_post_gt_pre,whole_brain_activation,,True,1,PMc > PMb (increase after full course vs after first session),ReHo,peak_only_extract
38027487,nc_ea_hbo2_lpm_prepost,electroacupuncture group: LPM HbO2 post vs. pre,within-group pre-post comparison,verum,baseline,verum_post_gt_pre,roi_fc,,False,0,increased (enhanced activation),paired t-test; Generalized linear models used to analyze HbO2 time-series data,
38027487,nc_ea_hbo2_lpm_prepost_stats,electroacupuncture group: LPM enhanced activation after intervention vs. baseline,within-group pre-post comparison,verum,baseline,verum_post_gt_pre,roi_fc,,False,1,increased,paired t-test,
38027487,nc_ea_hbo2_rpm_prepost,electroacupuncture group: RPM enhanced activation after intervention vs. baseline,within-group pre-post comparison,verum,baseline,verum_post_gt_pre,roi_fc,,False,1,increased,paired t-test,
38027487,nc_ea_hbo2_rm1_prepost,electroacupuncture group: RM1 enhanced activation after intervention vs. baseline,within-group pre-post comparison,verum,baseline,verum_post_gt_pre,roi_fc,,False,1,increased,paired t-test,
38027487,nc_ctrl_hbo2_rm1_prepost,control group: RM1 enhanced activation after intervention vs. baseline,within-group pre-post comparison,sham,baseline,sham_post_gt_pre,roi_fc,,False,1,increased,paired t-test,
38027487,nc_between_hbo2_lpm,electroacupuncture group vs. control group: LPM HbO2 after intervention,between-group comparison after intervention,verum,sham,verum_gt_sham,roi_fc,,False,1,higher in electroacupuncture group,unpaired t-test,
38027487,nc_between_hbo2_rpm,electroacupuncture group vs. control group: RPM HbO2 after intervention,between-group comparison after intervention,verum,sham,verum_gt_sham,roi_fc,,False,1,higher in electroacupuncture group,unpaired t-test,
38027487,nc_hbr_between,HbR changes between two groups after intervention,between-group comparison after intervention,verum,sham,group_comparison,roi_fc,,False,0,no statistically significant difference,not_reported,
38027487,nc_ea_fc_rs1_lm1_prepost,electroacupuncture group: FC between RS1 and LM1 post vs. pre,within-group pre-post comparison of functional connectivity,verum,baseline,verum_post_gt_pre,seed_based_fc,,False,0,increased,paired t-test; Pearson correlation coefficient; Fisher's r-to-z transform,
38027487,nc_ea_fc_rm1_lm1_prepost,electroacupuncture group: FC between RM1 and LM1 post vs. pre,within-group pre-post comparison of functional connectivity,verum,baseline,verum_post_gt_pre,seed_based_fc,,False,0,increased,paired t-test; Pearson correlation coefficient; Fisher's r-to-z transform,
38027487,nc_ea_fc_rm1_lpm_prepost,electroacupuncture group: FC between RM1 and LPM post vs. pre,within-group pre-post comparison of functional connectivity,verum,baseline,verum_post_gt_pre,seed_based_fc,,False,0,increased,paired t-test; Pearson correlation coefficient; Fisher's r-to-z transform,
38027487,nc_ea_fc_rpm_lm1_prepost,electroacupuncture group: FC between RPM and LM1 post vs. pre,within-group pre-post comparison of functional connectivity,verum,baseline,verum_post_gt_pre,seed_based_fc,,False,0,increased,paired t-test; Pearson correlation coefficient; Fisher's r-to-z transform,
38027487,nc_ea_fc_lm1_lpm_prepost,electroacupuncture group: FC between LM1 and LPM post vs. pre,within-group pre-post comparison of functional connectivity,verum,baseline,verum_post_gt_pre,seed_based_fc,,False,0,increased,paired t-test; Pearson correlation coefficient; Fisher's r-to-z transform,
38027487,nc_ctrl_fc_rm1_lm1_prepost,control group: FC between RM1 and LM1 post vs. pre,within-group pre-post comparison of functional connectivity,sham,baseline,sham_post_gt_pre,seed_based_fc,,False,0,increased,paired t-test; Pearson correlation coefficient; Fisher's r-to-z transform,
38027487,nc_ctrl_fc_rpm_lm1_prepost,control group: FC between RPM and LM1 post vs. pre,within-group pre-post comparison of functional connectivity,sham,baseline,sham_post_gt_pre,seed_based_fc,,False,0,increased,paired t-test; Pearson correlation coefficient; Fisher's r-to-z transform,
38027487,nc_between_fc_rs1_lm1,electroacupuncture group vs. control group: FC between RS1 and LM1 after intervention,between-group comparison of functional connectivity after intervention,verum,sham,verum_gt_sham,seed_based_fc,,False,0,higher in electroacupuncture group,unpaired t-test; Fisher's r-to-z transform,
38027487,nc_between_fc_rm1_lpm,electroacupuncture group vs. control group: FC between RM1 and LPM after intervention,between-group comparison of functional connectivity after intervention,verum,sham,verum_gt_sham,seed_based_fc,,False,0,higher in electroacupuncture group,unpaired t-test; Fisher's r-to-z transform,
38027487,nc_between_fc_rpm_lm1,electroacupuncture group vs. control group: FC between RPM and LM1 after intervention,between-group comparison of functional connectivity after intervention,verum,sham,verum_gt_sham,seed_based_fc,,False,0,higher in electroacupuncture group,unpaired t-test; Fisher's r-to-z transform,
38027487,nc_between_fc_lm1_lpm,electroacupuncture group vs. control group: FC between LM1 and LPM after intervention,between-group comparison of functional connectivity after intervention,verum,sham,verum_gt_sham,seed_based_fc,,False,0,higher in electroacupuncture group,unpaired t-test; Fisher's r-to-z transform,
38027487,nc_between_fc_rm1_lm1,electroacupuncture group vs. control group: FC between RM1 and LM1 after intervention,between-group comparison of functional connectivity after intervention,verum,sham,group_comparison,seed_based_fc,,False,0,not significant between groups,unpaired t-test; Fisher's r-to-z transform,
30034336,DC_TAG_gt_SAG,TAG>SAG (Degree Centrality),between-group post-hoc comparison after ANCOVA with pretreatment images as covariates,verum,sham,verum_gt_sham,graph_theory,,True,2,increased,ANCOVA with pretreatment images as covariates; post hoc two-sample t-test with LSD correction,
30034336,DC_TAG_lt_SAG,TAG<SAG (Degree Centrality),between-group post-hoc comparison after ANCOVA with pretreatment images as covariates,verum,sham,verum_gt_sham,graph_theory,,True,1,decreased,ANCOVA with pretreatment images as covariates; post hoc two-sample t-test with LSD correction,
30034336,DC_TAG_gt_WG,TAG>WG (Degree Centrality),between-group post-hoc comparison after ANCOVA with pretreatment images as covariates,verum,waiting_list,group_comparison,graph_theory,,True,1,increased,ANCOVA with pretreatment images as covariates; post hoc two-sample t-test with LSD correction,
30034336,DC_TAG_lt_WG,TAG<WG (Degree Centrality),between-group post-hoc comparison after ANCOVA with pretreatment images as covariates,verum,waiting_list,group_comparison,graph_theory,,True,1,decreased,ANCOVA with pretreatment images as covariates; post hoc two-sample t-test with LSD correction,
30034336,DC_SAG_gt_WG,SAG>WG (Degree Centrality),between-group post-hoc comparison after ANCOVA with pretreatment images as covariates,sham,waiting_list,group_comparison,graph_theory,,True,2,increased,ANCOVA with pretreatment images as covariates; post hoc two-sample t-test with LSD correction,
30034336,ReHo_TAG_gt_SAG,TAG>SAG (Regional Homogeneity),between-group post-hoc comparison after ANCOVA with pretreatment images as covariates,verum,sham,verum_gt_sham,whole_brain_activation,,True,7,increased,ANCOVA with pretreatment images as covariates; post hoc two-sample t-test with LSD correction,
30034336,ReHo_TAG_lt_SAG,TAG<SAG (Regional Homogeneity),between-group post-hoc comparison after ANCOVA with pretreatment images as covariates,verum,sham,verum_gt_sham,whole_brain_activation,,True,3,decreased,ANCOVA with pretreatment images as covariates; post hoc two-sample t-test with LSD correction,
30034336,ReHo_TAG_gt_WG,TAG>WG (Regional Homogeneity),between-group post-hoc comparison after ANCOVA with pretreatment images as covariates,verum,waiting_list,group_comparison,whole_brain_activation,,True,6,increased,ANCOVA with pretreatment images as covariates; post hoc two-sample t-test with LSD correction,
30034336,ReHo_TAG_lt_WG,TAG<WG (Regional Homogeneity),between-group post-hoc comparison after ANCOVA with pretreatment images as covariates,verum,waiting_list,group_comparison,whole_brain_activation,,True,4,decreased,ANCOVA with pretreatment images as covariates; post hoc two-sample t-test with LSD correction,
30034336,ReHo_SAG_gt_WG,SAG>WG (Regional Homogeneity),between-group post-hoc comparison after ANCOVA with pretreatment images as covariates,sham,waiting_list,group_comparison,whole_brain_activation,,True,1,increased,ANCOVA with pretreatment images as covariates; post hoc two-sample t-test with LSD correction,
30034336,ReHo_SAG_lt_WG,SAG<WG (Regional Homogeneity),between-group post-hoc comparison after ANCOVA with pretreatment images as covariates,sham,waiting_list,group_comparison,whole_brain_activation,,True,1,decreased,ANCOVA with pretreatment images as covariates; post hoc two-sample t-test with LSD correction,
30034336,ALFF_TAG_gt_SAG,TAG>SAG (ALFF),between-group post-hoc comparison after ANCOVA with pretreatment images as covariates,verum,sham,verum_gt_sham,whole_brain_activation,,True,1,increased,ANCOVA with pretreatment images as covariates; post hoc two-sample t-test with LSD correction,
30034336,ALFF_TAG_lt_SAG,TAG<SAG (ALFF),between-group post-hoc comparison after ANCOVA with pretreatment images as covariates,verum,sham,verum_gt_sham,whole_brain_activation,,True,1,decreased,ANCOVA with pretreatment images as covariates; post hoc two-sample t-test with LSD correction,
30034336,ALFF_TAG_gt_WG,TAG>WG (ALFF),between-group post-hoc comparison after ANCOVA with pretreatment images as covariates,verum,waiting_list,group_comparison,whole_brain_activation,,True,5,increased,ANCOVA with pretreatment images as covariates; post hoc two-sample t-test with LSD correction,
30034336,ALFF_SAG_gt_WG,SAG>WG (ALFF),between-group post-hoc comparison after ANCOVA with pretreatment images as covariates,sham,waiting_list,group_comparison,whole_brain_activation,,True,2,increased,ANCOVA with pretreatment images as covariates; post hoc two-sample t-test with LSD correction,
30034336,30013481_C1,Brain regions exhibiting increased and decreased degree centrality among three groups - TAG > SAG,degree_centrality,verum,sham,verum_gt_sham,graph_theory,,True,2,increased (TAG > SAG),degree_centrality,peak_only_extract
30034336,30013481_C2,Brain regions exhibiting increased and decreased degree centrality among three groups - TAG < SAG,degree_centrality,verum,sham,verum_gt_sham,graph_theory,,True,1,decreased (TAG < SAG),degree_centrality,peak_only_extract
30034336,30013481_C3,Brain regions exhibiting increased and decreased degree centrality among three groups - TAG > WG,degree_centrality,verum,waiting_list,group_comparison,graph_theory,,True,1,increased (TAG > WG),degree_centrality,peak_only_extract
30034336,30013481_C4,Brain regions exhibiting increased and decreased degree centrality among three groups - TAG < WG,degree_centrality,verum,waiting_list,group_comparison,graph_theory,,True,1,decreased (TAG < WG),degree_centrality,peak_only_extract
30034336,30013481_C5,Brain regions exhibiting increased and decreased degree centrality among three groups - SAG > WG,degree_centrality,sham,waiting_list,group_comparison,graph_theory,,True,2,increased (SAG > WG),degree_centrality,peak_only_extract
30034336,30013481_C6,Brain regions exhibiting increased and decreased regional homogeneity among three groups - TAG > SAG,ReHo,verum,sham,verum_gt_sham,whole_brain_activation,,True,7,increased (TAG > SAG),ReHo,peak_only_extract
30034336,30013481_C7,Brain regions exhibiting increased and decreased regional homogeneity among three groups - TAG < SAG,ReHo,verum,sham,verum_gt_sham,whole_brain_activation,,True,3,decreased (TAG < SAG),ReHo,peak_only_extract
30034336,30013481_C8,Brain regions exhibiting increased and decreased regional homogeneity among three groups - TAG > WG,ReHo,verum,waiting_list,group_comparison,whole_brain_activation,,True,6,increased (TAG > WG),ReHo,peak_only_extract
30034336,30013481_C9,Brain regions exhibiting increased and decreased regional homogeneity among three groups - TAG < WG,ReHo,verum,waiting_list,group_comparison,whole_brain_activation,,True,4,decreased (TAG < WG),ReHo,peak_only_extract
30034336,30013481_C10,Brain regions exhibiting increased and decreased regional homogeneity among three groups - SAG > WG,ReHo,sham,waiting_list,group_comparison,whole_brain_activation,,True,1,increased (SAG > WG),ReHo,peak_only_extract
30034336,30013481_C11,Brain regions exhibiting increased and decreased regional homogeneity among three groups - SAG < WG,ReHo,sham,waiting_list,group_comparison,whole_brain_activation,,True,1,decreased (SAG < WG),ReHo,peak_only_extract
30034336,30013481_C12,Brain regions exhibiting increased and decreased amplitude of low frequency fluctuations among three groups - TAG > SAG,ALFF,verum,sham,verum_gt_sham,whole_brain_activation,,True,1,increased (TAG > SAG),ALFF,peak_only_extract
30034336,30013481_C13,Brain regions exhibiting increased and decreased amplitude of low frequency fluctuations among three groups - TAG < SAG,ALFF,verum,sham,verum_gt_sham,whole_brain_activation,,True,1,decreased (TAG < SAG),ALFF,peak_only_extract
30034336,30013481_C14,Brain regions exhibiting increased and decreased amplitude of low frequency fluctuations among three groups - TAG > WG,ALFF,verum,waiting_list,group_comparison,whole_brain_activation,,True,5,increased (TAG > WG),ALFF,peak_only_extract
30034336,30013481_C15,Brain regions exhibiting increased and decreased amplitude of low frequency fluctuations among three groups - SAG > WG,ALFF,sham,waiting_list,group_comparison,whole_brain_activation,,True,2,increased (SAG > WG),ALFF,peak_only_extract
37901421,c01_rvlm_r_set1vs3_increase,Set 1 v.s. Set 3: RVLM (R) FC enhanced (Pre < Post),Difference of differences: experimental [post-pre] - control [post-pre]; Set 3 (23.87 J/cm2) vs Set 1 (0 J/cm2),verum,sham,verum_gt_sham,seed_based_fc,,True,1,Pre < Post (FC enhanced),"Seed-based functional connectivity; flexible factorial design with between-subject factors for groups and subject, and within-subject factor for time; t-contrasts for difference of differences",
37901421,c02_rvlm_r_set2vs3_increase,Set 2 v.s. Set 3: RVLM (R) FC enhanced (Pre < Post),Difference of differences: Set 3 (23.87 J/cm2) vs Set 2 (7.96 J/cm2),verum,verum,group_comparison,seed_based_fc,,True,1,Pre < Post (FC enhanced),Seed-based functional connectivity; flexible factorial design; t-contrasts for difference of differences,
37901421,c03_rvlm_l_set2vs3_increase,Set 2 v.s. Set 3: RVLM (L) FC enhanced (Pre < Post),Difference of differences: Set 3 (23.87 J/cm2) vs Set 2 (7.96 J/cm2),verum,verum,group_comparison,seed_based_fc,,True,1,Pre < Post (FC enhanced),Seed-based functional connectivity; flexible factorial design; t-contrasts for difference of differences,
37901421,c04_cvlm_l_set1vs2_increase,Set 1 v.s. Set 2: CVLM (L) FC enhanced (Pre < Post),Difference of differences: Set 2 (7.96 J/cm2) vs Set 1 (0 J/cm2),verum,sham,verum_gt_sham,seed_based_fc,,True,1,Pre < Post (FC enhanced),Seed-based functional connectivity; flexible factorial design; t-contrasts for difference of differences,
37901421,c05_cvlm_r_set1vs3_decrease,Set 1 v.s. Set 3: CVLM (R) FC weakened (Pre > Post),Difference of differences: Set 3 (23.87 J/cm2) vs Set 1 (0 J/cm2),verum,sham,deactivation,seed_based_fc,,True,1,Pre > Post (FC weakened),Seed-based functional connectivity; flexible factorial design; t-contrasts for difference of differences,
37901421,c06_ntsna_l_set1vs2_increase,Set 1 v.s. Set 2: NTS/NA (L) FC enhanced (Pre < Post),Difference of differences: Set 2 (7.96 J/cm2) vs Set 1 (0 J/cm2),verum,sham,verum_gt_sham,seed_based_fc,,True,1,Pre < Post (FC enhanced),Seed-based functional connectivity; flexible factorial design; t-contrasts for difference of differences,
37901421,c07_ntsna_l_set2vs3_decrease,Set 2 v.s. Set 3: NTS/NA (L) FC weakened (Pre > Post),Difference of differences: Set 3 (23.87 J/cm2) vs Set 2 (7.96 J/cm2),verum,verum,deactivation,seed_based_fc,,True,2,Pre > Post (FC weakened),Seed-based functional connectivity; flexible factorial design; t-contrasts for difference of differences,
37901421,c08_dmv_set1vs3_decrease,Set 1 v.s. Set 3: DMV FC weakened (Pre > Post),Difference of differences: Set 3 (23.87 J/cm2) vs Set 1 (0 J/cm2),verum,sham,deactivation,seed_based_fc,,True,1,Pre > Post (FC weakened),Seed-based functional connectivity; flexible factorial design; t-contrasts for difference of differences,
37901421,c09_rvlm_r_set2_hf_pos,Set 2: Right RVLM FC - HF% positive correlation,Correlation between FC map of right RVLM and HF%,verum,not_applicable,correlation_clinical,correlation_brain_behavior,,True,1,Positive correlation,Correlation analysis between FC maps of ROIs and HF% percentage of HRV,
37901421,c10_rvlm_r_set3_hf_neg,Set 3: Right RVLM FC - HF% negative correlation,Correlation between FC map of right RVLM and HF%,verum,not_applicable,correlation_clinical,correlation_brain_behavior,,True,1,Negative correlation,Correlation analysis between FC maps of ROIs and HF% percentage of HRV,
37901421,c11_rvlm_l_set2_hf_pos,Set 2: Left RVLM FC - HF% positive correlation,Correlation between FC map of left RVLM and HF%,verum,not_applicable,correlation_clinical,correlation_brain_behavior,,True,1,Positive correlation,Correlation analysis between FC maps of ROIs and HF% percentage of HRV,
37901421,c12_rvlm_l_set3_hf_pos,Set 3: Left RVLM FC - HF% positive correlation (precuneus),Correlation between FC map of left RVLM and HF%,verum,not_applicable,correlation_clinical,correlation_brain_behavior,,True,1,Positive correlation,Correlation analysis between FC maps of ROIs and HF% percentage of HRV,
37901421,c13_rvlm_l_set3_hf_neg,Set 3: Left RVLM FC - HF% negative correlation (dentate nucleus/pons),Correlation between FC map of left RVLM and HF%,verum,not_applicable,correlation_clinical,correlation_brain_behavior,,True,1,Negative correlation,Correlation analysis between FC maps of ROIs and HF% percentage of HRV,
37901421,c14_cvlm_r_set3_hf_pos,Set 3: Right CVLM FC - HF% positive correlation (thalamus),Correlation between FC map of right CVLM and HF%,verum,not_applicable,correlation_clinical,correlation_brain_behavior,,True,1,Positive correlation,Correlation analysis between FC maps of ROIs and HF% percentage of HRV,
37901421,c15_ntsna_r_set2_hf_pos,Set 2: Right NTS/NA FC - HF% positive correlation,Correlation between FC map of right NTS/NA and HF%,verum,not_applicable,correlation_clinical,correlation_brain_behavior,,True,2,Positive correlation,Correlation analysis between FC maps of ROIs and HF% percentage of HRV,
37901421,c16_ntsna_l_set2_hf_pos,Set 2: Left NTS/NA FC - HF% positive correlation,Correlation between FC map of left NTS/NA and HF%,verum,not_applicable,correlation_clinical,correlation_brain_behavior,,True,1,Positive correlation,Correlation analysis between FC maps of ROIs and HF% percentage of HRV,
37901421,c17_rvlm_r_set3_lfhf_pos,Set 3: Right RVLM FC - LF/HF ratio positive correlation (dentate nucleus/pons),Correlation between FC map of right RVLM and LF/HF ratio,verum,not_applicable,correlation_clinical,correlation_brain_behavior,,True,1,Positive correlation,Correlation analysis between FC maps of ROIs and LF/HF ratio of HRV,
37901421,c18_rvlm_l_set3_lfhf_pos,Set 3: Left RVLM FC - LF/HF ratio positive correlation (dentate nucleus/pons),Correlation between FC map of left RVLM and LF/HF ratio,verum,not_applicable,correlation_clinical,correlation_brain_behavior,,True,1,Positive correlation,Correlation analysis between FC maps of ROIs and LF/HF ratio of HRV,
37901421,c19_rvlm_l_set3_lfhf_neg,Set 3: Left RVLM FC - LF/HF ratio negative correlation (precuneus),Correlation between FC map of left RVLM and LF/HF ratio,verum,not_applicable,correlation_clinical,correlation_brain_behavior,,True,1,Negative correlation,Correlation analysis between FC maps of ROIs and LF/HF ratio of HRV,
37901421,c20_cvlm_r_set2_lfhf_neg,Set 2: Right CVLM FC - LF/HF ratio negative correlation (middle/inferior frontal gyrus),Correlation between FC map of right CVLM and LF/HF ratio,verum,not_applicable,correlation_clinical,correlation_brain_behavior,,True,1,Negative correlation,Correlation analysis between FC maps of ROIs and LF/HF ratio of HRV,
37901421,c21_cvlm_r_set3_lfhf_neg,Set 3: Right CVLM FC - LF/HF ratio negative correlation (thalamus),Correlation between FC map of right CVLM and LF/HF ratio,verum,not_applicable,correlation_clinical,correlation_brain_behavior,,True,1,Negative correlation,Correlation analysis between FC maps of ROIs and LF/HF ratio of HRV,
37901421,c22_ntsna_r_set3_lfhf_pos,Set 3: Right NTS/NA FC - LF/HF ratio positive correlation (cerebellum ant./post. lobe),Correlation between FC map of right NTS/NA and LF/HF ratio,verum,not_applicable,correlation_clinical,correlation_brain_behavior,,True,1,Positive correlation,Correlation analysis between FC maps of ROIs and LF/HF ratio of HRV,
37901421,c23_ntsna_r_set2_lfhf_neg,Set 2: Right NTS/NA FC - LF/HF ratio negative correlation (middle frontal gyrus),Correlation between FC map of right NTS/NA and LF/HF ratio,verum,not_applicable,correlation_clinical,correlation_brain_behavior,,True,1,Negative correlation,Correlation analysis between FC maps of ROIs and LF/HF ratio of HRV,
37901421,c24_dmv_set2_lfhf_neg,Set 2: DMV FC - LF/HF ratio negative correlation (postcentral gyrus),Correlation between FC map of DMV and LF/HF ratio,verum,not_applicable,correlation_clinical,correlation_brain_behavior,,True,1,Negative correlation,Correlation analysis between FC maps of ROIs and LF/HF ratio of HRV,
37901421,c25_rvlm_r_set1vs3_narrative,Set 1 vs Set 3: right RVLM - increased FC at inferior part of orbitofrontal cortex,Difference of differences narrative: 23.87 J/cm2 vs control,verum,sham,verum_gt_sham,seed_based_fc,,False,0,FC enhanced (Pre < Post),Seed-based functional connectivity,
37901421,37869519_C1,Table 2: Reference coordinates of each region of interest (ROI),FC,rest,rest,other,seed_based_fc,,True,7,seed definition,FC,peak_only_extract
37901421,37869519_C2,"Table 4: FC changes - RVLM Set 1 vs Set 3, Pre < Post",FC,verum,sham,verum_gt_sham,seed_based_fc,,True,1,Pre < Post (enhanced FC in Set 3 vs Set 1),FC,peak_only_extract
37901421,37869519_C3,"Table 4: FC changes - RVLM Set 2 vs Set 3, Pre < Post",FC,verum,verum,group_comparison,seed_based_fc,,True,2,Pre < Post (enhanced FC in Set 3 vs Set 2),FC,peak_only_extract
37901421,37869519_C4,"Table 4: FC changes - CVLM Set 1 vs Set 2, Pre < Post",FC,verum,sham,verum_gt_sham,seed_based_fc,,True,1,Pre < Post (enhanced FC in Set 2 vs Set 1),FC,peak_only_extract
37901421,37869519_C5,"Table 4: FC changes - CVLM Set 1 vs Set 3, Pre > Post",FC,verum,sham,deactivation,seed_based_fc,,True,1,Pre > Post (weakened FC in Set 3 vs Set 1),FC,peak_only_extract
37901421,37869519_C6,"Table 4: FC changes - NTS/NA Set 1 vs Set 2, Pre < Post",FC,verum,sham,verum_gt_sham,seed_based_fc,,True,1,Pre < Post (enhanced FC in Set 2 vs Set 1),FC,peak_only_extract
37901421,37869519_C7,"Table 4: FC changes - NTS/NA Set 2 vs Set 3, Pre > Post",FC,verum,verum,deactivation,seed_based_fc,,True,2,Pre > Post (weakened FC in Set 3 vs Set 2),FC,peak_only_extract
37901421,37869519_C8,"Table 4: FC changes - DMV Set 1 vs Set 3, Pre > Post",FC,verum,sham,deactivation,seed_based_fc,,True,1,Pre > Post (weakened FC in Set 3 vs Set 1),FC,peak_only_extract
37901421,37869519_C9,"Table 5: Correlation between FC maps of ROIs and HF% - RVLM Set 2 Right, Positive",FC,verum,not_applicable,correlation_clinical,correlation_brain_behavior,,True,1,Positive correlation,FC,peak_only_extract
37901421,37869519_C10,"Table 5: Correlation between FC maps of ROIs and HF% - RVLM Set 2 Left, Positive",FC,verum,not_applicable,correlation_clinical,correlation_brain_behavior,,True,1,Positive correlation,FC,peak_only_extract
37901421,37869519_C11,"Table 5: Correlation between FC maps of ROIs and HF% - RVLM Set 3 Left, Positive",FC,verum,not_applicable,correlation_clinical,correlation_brain_behavior,,True,1,Positive correlation,FC,peak_only_extract
37901421,37869519_C12,"Table 5: Correlation between FC maps of ROIs and HF% - CVLM Set 3 Right, Positive",FC,verum,not_applicable,correlation_clinical,correlation_brain_behavior,,True,1,Positive correlation,FC,peak_only_extract
37901421,37869519_C13,"Table 5: Correlation between FC maps of ROIs and HF% - NTS/NA Set 2 Right, Positive",FC,verum,not_applicable,correlation_clinical,correlation_brain_behavior,,True,2,Positive correlation,FC,peak_only_extract
37901421,37869519_C14,"Table 5: Correlation between FC maps of ROIs and HF% - NTS/NA Set 2 Left, Positive",FC,verum,not_applicable,correlation_clinical,correlation_brain_behavior,,True,1,Positive correlation,FC,peak_only_extract
37901421,37869519_C15,"Table 5: Correlation between FC maps of ROIs and HF% - RVLM Set 3 Right, Negative",FC,verum,not_applicable,correlation_clinical,correlation_brain_behavior,,True,1,Negative correlation,FC,peak_only_extract
37901421,37869519_C16,"Table 5: Correlation between FC maps of ROIs and HF% - RVLM Set 3 Left, Negative",FC,verum,not_applicable,correlation_clinical,correlation_brain_behavior,,True,1,Negative correlation,FC,peak_only_extract
37901421,37869519_C17,"Table 6: Correlation between FC maps of ROIs and LF/HF ratio - RVLM Set 3 Right, Positive",FC,verum,not_applicable,correlation_clinical,correlation_brain_behavior,,True,1,Positive correlation,FC,peak_only_extract
37901421,37869519_C18,"Table 6: Correlation between FC maps of ROIs and LF/HF ratio - RVLM Set 3 Left, Positive",FC,verum,not_applicable,correlation_clinical,correlation_brain_behavior,,True,1,Positive correlation,FC,peak_only_extract
37901421,37869519_C19,"Table 6: Correlation between FC maps of ROIs and LF/HF ratio - NTS/NA Set 3 Right, Positive",FC,verum,not_applicable,correlation_clinical,correlation_brain_behavior,,True,1,Positive correlation,FC,peak_only_extract
37901421,37869519_C20,"Table 6: Correlation between FC maps of ROIs and LF/HF ratio - RVLM Set 3 Left, Negative",FC,verum,not_applicable,correlation_clinical,correlation_brain_behavior,,True,1,Negative correlation,FC,peak_only_extract
37901421,37869519_C21,"Table 6: Correlation between FC maps of ROIs and LF/HF ratio - CVLM Set 2 Right, Negative",FC,verum,not_applicable,correlation_clinical,correlation_brain_behavior,,True,1,Negative correlation,FC,peak_only_extract
37901421,37869519_C22,"Table 6: Correlation between FC maps of ROIs and LF/HF ratio - CVLM Set 3 Right, Negative",FC,verum,not_applicable,correlation_clinical,correlation_brain_behavior,,True,1,Negative correlation,FC,peak_only_extract
37901421,37869519_C23,"Table 6: Correlation between FC maps of ROIs and LF/HF ratio - NTS/NA Set 2 Right, Negative",FC,verum,not_applicable,correlation_clinical,correlation_brain_behavior,,True,1,Negative correlation,FC,peak_only_extract
37901421,37869519_C24,"Table 6: Correlation between FC maps of ROIs and LF/HF ratio - DMV Set 2, Negative",FC,verum,not_applicable,correlation_clinical,correlation_brain_behavior,,True,1,Negative correlation,FC,peak_only_extract
41834818,contrast_tx_vs_hc_increased_reho,Patients with stroke showed increased ReHo compared with HCs (before treatment),between-group comparison: Tx (pre-treatment) vs HCs,baseline,baseline,group_comparison,whole_brain_activation,,False,3,increased ReHo in patients with stroke relative to HCs,independent samples t test; ReHo analysis using Kendall's coefficient of concordance normalized to whole-brain average,
41834818,contrast_tx_vs_hc_decreased_reho,Patients with stroke showed decreased ReHo compared with HCs in SMN-related brain regions (before treatment),between-group comparison: Tx (pre-treatment) vs HCs,baseline,baseline,group_comparison,whole_brain_activation,,False,1,decreased ReHo in patients with stroke relative to HCs,independent samples t test; ReHo analysis using Kendall's coefficient of concordance normalized to whole-brain average,
41834818,contrast_post_vs_pre_increased_reho,"After intervention, ReHo increased in the right SMN-related brain regions",within-group comparison: Tx post-treatment vs pre-treatment,verum,baseline,verum_post_gt_pre,whole_brain_activation,,False,1,increased ReHo post-treatment relative to pre-treatment,paired t test; ReHo analysis using Kendall's coefficient of concordance normalized to whole-brain average,
41834818,contrast_post_vs_pre_decreased_reho,"After intervention, ReHo decreased in the left cerebellum and left angular gyrus",within-group comparison: Tx post-treatment vs pre-treatment,verum,baseline,deactivation,whole_brain_activation,,False,2,decreased ReHo post-treatment relative to pre-treatment,paired t test; ReHo analysis using Kendall's coefficient of concordance normalized to whole-brain average,
41834818,contrast_corr_precg_fma,Changes in right precentral gyrus (PreCG) ReHo positively correlated with improvement in FMA scores,correlation: change in ReHo (right PreCG) vs change in FMA score,verum,not_applicable,correlation_clinical,correlation_brain_behavior,,False,0,positive correlation,Pearson correlation analysis,
41834818,contrast_corr_cerebellum_mbi,Changes in ReHo in the left cerebellum were positively correlated with improved MBI scores,correlation: change in ReHo (left cerebellum) vs change in MBI score,verum,not_applicable,correlation_clinical,correlation_brain_behavior,,False,0,positive correlation,Pearson correlation analysis,
41834818,contrast_corr_cerebellum_nihss,Changes in ReHo in the left cerebellum were negatively correlated with improved NIHSS scores,correlation: change in ReHo (left cerebellum) vs change in NIHSS score,verum,not_applicable,correlation_clinical,correlation_brain_behavior,,False,0,negative correlation,Pearson correlation analysis,
40800108,con_ReHo_acupuncture_GB34_increases,acupuncture modulates ReHo values — increases,acupuncture effect on ReHo (increases),verum,baseline,verum_post_gt_pre,whole_brain_activation,,False,2,increase,Regional Homogeneity (ReHo) analysis using resting-state fMRI,
40800108,con_ReHo_acupuncture_GB34_decreases,acupuncture modulates ReHo values — decreases,acupuncture effect on ReHo (decreases),verum,baseline,verum_post_gt_pre,whole_brain_activation,,False,2,decrease,Regional Homogeneity (ReHo) analysis using resting-state fMRI,
40800108,con_ReHo_MCI_acupuncture_increases,acupuncture increased ReHo in MCI patients,acupuncture effect on ReHo in MCI (increases),verum,baseline,verum_post_gt_pre,whole_brain_activation,,False,2,increase,Regional Homogeneity (ReHo) analysis,
40800108,con_ReHo_MCI_vs_HC_decreases,MCI patients showed reduced ReHo compared to healthy subjects,MCI vs healthy subjects: ReHo reduction,baseline,baseline,group_comparison,whole_brain_activation,,False,3,decrease (MCI < HC),Regional Homogeneity (ReHo) analysis,
40800108,con_ReHo_VCI_vs_HC_decreases,VCI patients exhibit significantly lower ReHo values in the superior and inferior frontal gyri,VCI vs healthy controls: ReHo reduction,baseline,baseline,group_comparison,whole_brain_activation,,False,2,decrease (VCI < HC),Regional Homogeneity (ReHo) analysis,
40800108,con_ReHo_VCI_CADASIL_vs_HC,Orsolini et al: significantly reduced ReHo values in VCI patients vs healthy controls,VCI (CADASIL) vs healthy controls: ReHo reduction,baseline,baseline,group_comparison,whole_brain_activation,,False,3,decrease (VCI < HC),Regional Homogeneity (ReHo) analysis using resting-state fMRI,
40800108,con_FC_acupuncture_poststroke_DMN,Zhang et al: enhanced connectivity between posterior and anterior cingulate gyri in post-stroke patients receiving acupuncture therapy,acupuncture effect on FC in post-stroke patients,verum,baseline,verum_post_gt_pre,seed_based_fc,,False,0,increase,Functional Connectivity (FC) analysis,
40800108,con_FC_acupuncture_stroke_increases,"increased FC values in the right middle temporal gyrus, brainstem, and right middle frontal gyrus post-acupuncture",acupuncture effect on FC in stroke patients (increases),verum,baseline,verum_post_gt_pre,seed_based_fc,,False,0,increase,Functional Connectivity (FC) analysis based on ALFF seed regions,
40800108,con_FC_VCI_entorhinal_decreases,VCI research reveals significantly reduced FC between the right entorhinal cortex and frontal/precentral regions,VCI vs HC: FC reduction (entorhinal-frontal/precentral),baseline,baseline,group_comparison,seed_based_fc,,False,0,decrease (VCI < HC),Functional Connectivity (FC) analysis; seed-based,
40800108,con_ALFF_dementia_hippocampus_increase,Yang et al: significantly elevated amplitude of ALFF in the left hippocampus of dementia patients,dementia vs controls: ALFF increase in left hippocampus,baseline,baseline,group_comparison,whole_brain_activation,,False,1,increase,ALFF analysis,
40800108,con_ALFF_VCI_Yi_decreases,Yi et al: decreased ALFF in the medial prefrontal cortex in VCI patients vs healthy controls,VCI vs HC: ALFF decrease in medial prefrontal cortex,baseline,baseline,group_comparison,whole_brain_activation,,False,1,decrease (VCI < HC),ALFF analysis,
40800108,con_ALFF_VCI_Yi_increases,Yi et al: increased ALFF in the right posterior cingulate cortex/precuneus in VCI patients vs healthy controls,VCI vs HC: ALFF increase in right posterior cingulate cortex/precuneus,baseline,baseline,group_comparison,whole_brain_activation,,False,1,increase (VCI > HC),ALFF analysis,
40800108,con_ALFF_VCI_Li_decreases,"Li et al: significantly lower ALFF values in DMN hubs including bilateral precuneus, right angular gyrus, and right medial frontal gyrus",VCI (mild) vs controls: ALFF decrease in DMN,baseline,baseline,group_comparison,whole_brain_activation,,False,3,decrease (VCI < controls); independently correlating with lower MoCA scores,ALFF analysis,
40800108,con_ALFF_VCI_Liu_increases,"Liu et al: elevated ALFF in the bilateral anterior cingulate cortex, left insula, and hippocampus among VCI patients",VCI vs controls: ALFF increase,baseline,baseline,group_comparison,whole_brain_activation,,False,3,increase (VCI > controls); insular ALFF showing a strong negative correlation with MoCA and MMSE scores,ALFF analysis,
40800108,con_PerAF_VCI_Xu_increases,Xu et al: elevated PerAF in the right hippocampus/thalamus in cognitively impaired patients,cognitively impaired vs controls: PerAF increase,baseline,baseline,group_comparison,whole_brain_activation,,False,2,increase; negative correlations between MMSE scores and PerAF in the right hippocampus/inferior temporal gyrus/left thalamus,PerAF (Percent amplitude of fluctuation) analysis,
40800108,con_DC_MCI_decreases,"DC reductions in frontal and cingulate regions in mild cognitive impairment patients, with values increasing following treatment",MCI vs controls: DC reduction; post-treatment increase,baseline,baseline,group_comparison,graph_theory,,False,2,decrease; values increasing following treatment,Degree Centrality (DC) analysis,
40800108,con_DC_VCI_DMN_decreases,decreased DC in default mode network regions like the angular gyrus and precuneus associated with cognitive decline in vascular cognitive impairment,VCI: DC decrease in DMN regions correlated with cognitive decline,baseline,baseline,group_comparison,graph_theory,,False,2,decrease,Degree Centrality (DC) analysis,
40800108,con_ALFF_VCI_fMRI_decreases_PCC,ALFF values were decreased in the posterior cingulate cortex/precuneus in VCI vs healthy controls,VCI vs HC: ALFF decrease in PCC/precuneus,baseline,baseline,group_comparison,whole_brain_activation,,False,1,decrease; executive function scores in VCI patients positively correlated with ALFF values in the left prefrontal lobe,ALFF analysis,
40800108,con_ALFF_VCI_fMRI_increases_temporal,ALFF values increased in the temporal region in VCI vs healthy controls,VCI vs HC: ALFF increase in temporal region,baseline,baseline,group_comparison,whole_brain_activation,,False,1,increase (VCI > HC),ALFF analysis,
40800108,con_BOLD_VCI_Chen_decreases,Chen et al: VCI patients exhibited reduced BOLD signals in the left anterior cingulate cortex and right parahippocampal gyrus,VCI vs amnestic MCI: BOLD signal decrease,baseline,baseline,group_comparison,whole_brain_activation,,False,2,decrease (VCI < controls),resting-state fMRI BOLD signal analysis,
40800108,con_BOLD_VCI_Chen_increases,"Chen et al: VCI patients exhibited increased BOLD signals in the left caudate nucleus, right frontal lobe, and superior temporal/parietal gyri",VCI vs amnestic MCI: BOLD signal increase,baseline,baseline,group_comparison,whole_brain_activation,,False,3,increase (VCI > controls),resting-state fMRI BOLD signal analysis,
40800108,con_acupuncture_VCI_RCT_FC_DMN,"Lin et al (Table 2, ref 89): Acupuncture improved cognitive function, increased functional connectivity in DMN, and enhanced cerebral blood flow in VCI patients","acupuncture vs control: FC in DMN increase, CBF increase (RCT)",verum,baseline,verum_post_gt_pre,network_ica,,False,0,increase,fMRI functional connectivity analysis,
40800108,con_table1_ALFF_findings,Table 1 ALFF key findings,summary of ALFF findings across multiple studies,baseline,baseline,other,whole_brain_activation,,False,6,mixed,ALFF / fALFF / PerAF analysis,
40800108,con_table1_ReHo_findings,Table 1 ReHo key findings,summary of ReHo findings across multiple studies,baseline,baseline,other,whole_brain_activation,,False,8,mixed,ReHo analysis,
40800108,con_table1_DC_findings,Table 1 DC key findings,summary of DC findings across multiple studies,baseline,baseline,other,graph_theory,,False,6,mixed,Degree Centrality (DC) analysis,
40800108,con_table1_FC_findings,Table 1 FC key findings,summary of FC findings across multiple studies,baseline,baseline,other,seed_based_fc,,False,0,mixed,Functional Connectivity (FC) analysis,
40800108,con_acupuncture_meta_activation,Meta-analyses of rs-fMRI data reveal that acupuncture stimulation typically activates sensory-motor cortical networks,acupuncture: activation of sensory-motor cortical networks (meta-analysis),verum,rest,verum_gt_rest,whole_brain_activation,,False,3,activation,meta-analysis of rs-fMRI data,
40800108,con_acupuncture_meta_deactivation_LPNN,"The limbic-parabrachial neocortical network (LPNN), including the medial prefrontal cortex, caudate nucleus, amygdala, and posterior cingulate gyrus, typically exhibits deactivation patterns",acupuncture: deactivation of LPNN,verum,rest,deactivation,whole_brain_activation,,False,4,deactivation,meta-analysis of rs-fMRI data,
40800108,con_acupuncture_BL40_FC_changes,"Shi et al: acupuncture modulation via BL40 — reduced connectivity in DMN, increased connectivity in right posterior cerebellar lobe, left parahippocampal gyrus, thalamus, and motor areas","acupuncture BL40: FC modulation (DMN decrease, other regions increase)",verum,rest,verum_gt_rest,seed_based_fc,,False,0,"mixed: reduced in DMN; increased in right posterior cerebellar lobe, left parahippocampal gyrus, thalamus, and motor areas",rs-fMRI functional connectivity analysis,
35968386,con_ReHo_3xTgAD_vs_WT,3×Tg-AD < wildtype-control (decreased ReHo),"between-group comparison (3×Tg-AD vs wildtype-control), decreased regional spontaneous activity",waiting_list,rest,group_comparison,whole_brain_activation,,False,15,3×Tg-AD < wildtype-control (decreased),"ReHo (Regional Homogeneity), voxel-wise one-way ANOVA",
35968386,con_ReHo_EA_vs_3xTgAD,EA-treated > untreated 3×Tg-AD (increased ReHo),"between-group comparison (EA-treated vs untreated 3×Tg-AD), increased regional spontaneous activity",verum,waiting_list,group_comparison,whole_brain_activation,,False,11,untreated 3×Tg-AD < EA-treated (increased in EA-treated),"ReHo (Regional Homogeneity), voxel-wise one-way ANOVA",
35968386,con_ReHo_NonEA_vs_3xTgAD,Non-EA-treated > untreated 3×Tg-AD (increased ReHo),"between-group comparison (Non-EA-treated vs untreated 3×Tg-AD), increased regional spontaneous activity",sham,waiting_list,group_comparison,whole_brain_activation,,False,6,untreated 3×Tg-AD < Non-EA-treated (increased in Non-EA-treated),"ReHo (Regional Homogeneity), voxel-wise one-way ANOVA",
35968386,con_ReHo_corr_HIP_time,Correlation between recognition index (time) and ReHo value of hippocampus,Pearson correlation between neuroimaging metric and behavioral outcome,rest,rest,correlation_clinical,correlation_brain_behavior,,False,0,positive correlation,Pearson linear regression analysis,
35968386,con_ReHo_corr_HIP_number,Correlation between recognition index (number) and ReHo value of hippocampus,Pearson correlation between neuroimaging metric and behavioral outcome,rest,rest,correlation_clinical,correlation_brain_behavior,,False,0,positive correlation,Pearson linear regression analysis,
35968386,con_ReHo_corr_EC_time,Correlation between recognition index (time) and ReHo value of entorhinal cortex,Pearson correlation between neuroimaging metric and behavioral outcome,rest,rest,correlation_clinical,correlation_brain_behavior,,False,0,positive correlation,Pearson linear regression analysis,
35968386,con_ReHo_corr_EC_number,Correlation between recognition index (number) and ReHo value of entorhinal cortex,Pearson correlation between neuroimaging metric and behavioral outcome,rest,rest,correlation_clinical,correlation_brain_behavior,,False,0,positive correlation,Pearson linear regression analysis,
35968386,con_FC_HipEC_groupdiff,Functional connectivity strength between the hippocampus and entorhinal cortex (group differences),seed-to-seed functional connectivity between-group comparison (one-way ANOVA),rest,not_applicable,group_comparison,roi_fc,,False,0,3×Tg-AD < WT (decreased); EA-treated > 3×Tg-AD (increased); EA-treated > Non-EA-treated,Seed-to-seed functional connectivity; average time series correlation between bilateral hippocampus and bilateral entorhinal cortex; one-way ANOVA,
35968386,con_FC_corr_NORT_time,Correlation between recognition index of time and function connectivity (hippocampus–entorhinal cortex),Pearson correlation between FC strength and behavioral outcome,rest,rest,correlation_clinical,correlation_brain_behavior,,False,0,positive correlation,Pearson linear regression analysis,
35968386,con_DTI_fibercount_groupdiff,Number of nerve fiber connections between hippocampus and entorhinal cortex (group differences),DTI fiber tracking between-group comparison (one-way ANOVA),rest,not_applicable,group_comparison,other,,False,0,WT > 3×Tg-AD (more fibers in WT); EA-treated > 3×Tg-AD (increased with EA-treatment); EA-treated > Non-EA-treated; Non-EA-treated not significantly different from 3×Tg-AD,DTI fiber tracking using TrackVis and FACT algorithm; bilateral EC and hippocampus as ROIs; number of nerve fibers between the two ROIs measured; one-way ANOVA,
35968386,con_DTI_corr_NORT_time,Correlation between recognition index of time and number of nerve fiber connections (hippocampus–entorhinal cortex),Pearson correlation between DTI fiber count and behavioral outcome,rest,rest,correlation_clinical,correlation_brain_behavior,,False,0,positive correlation,Pearson linear regression analysis,
31636536,nc_REAL_mPFC_pINS_correlation,Correlation between change in LBEpain and change in mPFC–pINS functional connectivity in REAL group (LBEpost vs. LBEpre),Positive correlation between decreased LBEpain and decreased functional connectivity between mPFC and pINS,verum,baseline,correlation_clinical,roi_fc,,False,0,Positive correlation (greater reduction in LBEpain associated with greater decrease in mPFC–pINS connectivity),Seed-voxel functional connectivity analysis; Pearson's r correlation between change in LBEpain (LBEpost – LBEpre) and change in functional connectivity (LBEpost – LBEpre); Fisher z-transformation applied,
31636536,nc_PHNT_PCC_aINS_correlation,Correlation between change in LBEpain and change in PCC–aINS functional connectivity in PHNT group (LBEpost vs. LBEpre),Negative correlation between decreased LBEpain and increased functional connectivity between PCC and aINS,sham,baseline,correlation_clinical,roi_fc,,False,0,Negative correlation: increased PCC–aINS connectivity associated with decreased LBEpain,Seed-voxel functional connectivity analysis; Pearson's r correlation between change in LBEpain (LBEpost – LBEpre) and change in functional connectivity (LBEpost – LBEpre); Fisher z-transformation applied,
31636536,nc_PHNT_S1back_pINS_correlation,Correlation between change in LBEpain and change in S1back–pINS functional connectivity in PHNT group (LBEpost vs. LBEpre),Trending positive correlation between decreased LBEpain and decreased S1back–pINS functional connectivity,sham,baseline,correlation_clinical,roi_fc,,False,0,Trending positive correlation: decreased S1back–pINS connectivity tended toward association with decreased LBEpain,Seed-voxel functional connectivity analysis; Pearson's r correlation between change in LBEpain (LBEpost – LBEpre) and change in functional connectivity (LBEpost – LBEpre); Fisher z-transformation applied,
31636536,nc_PHNT_increased_dACC_MCC_aINS_pINS,Increased functional connectivities (dACC–MCC and aINS–pINS) found in PHNT,Increased within-network/between-node functional connectivity in PHNT (LBEpost vs. LBEpre),sham,baseline,sham_post_gt_pre,roi_fc,,False,0,Increased,Seed-voxel functional connectivity analysis; ROI-based connectivity changes,
31636536,nc_no_significant_FC_change_LBEpre_LBEpost,No significant differences in functional connectivity between LBEpre and LBEpost runs,Within-subject comparison of functional connectivity (LBEpre vs. LBEpost); no significant change,baseline,baseline,other,roi_fc,,False,0,No significant differences found,Seed-voxel functional connectivity analysis; ROI-based connectivity,
31636536,nc_no_significant_between_group_FC_change,No significant difference between REAL and PHNT groups in changes in functional brain connectivity (LBEpost – LBEpre),Between-group comparison of functional connectivity change; no significant difference,verum,sham,group_comparison,roi_fc,,False,0,No significant between-group differences,Between-group comparison of functional connectivity change,
31636536,31619954_C1,Locations of regions of interest in functional connectivity analysis,FC,rest,rest,other,seed_based_fc,,True,9,NR,FC,peak_only_extract
33384580,cont_disorder_FC_HIP_IFGoperc,"Disorder functional connections: right hippocampus (HIP.R) and left inferior frontal gyrus, opercular part (IFGoperc.L)",Group comparison (IBSbs vs NC),baseline,rest,group_comparison,roi_fc,,False,0,IBSbs significantly different from NC (direction of difference not explicitly stated in text for this pair beyond Figure 3A showing * mark),Pearson correlation coefficient between mean ROI time series (Fisher's z transformed); two-sample t-test with Bonferroni correction,
33384580,cont_disorder_FC_SOG_LING,Disorder functional connections: right superior occipital gyrus (SOG.R) and left lingual gyrus (LING.L),Group comparison (IBSbs vs NC),baseline,rest,group_comparison,roi_fc,,False,0,significantly different between IBSbs and NC (p < 0.05 uncorrected per Figure 3B #),Pearson correlation coefficient between mean ROI time series (Fisher's z transformed); group comparison,
33384580,cont_disorder_FC_vermis12_cerebelum45L,Disorder functional connections: vermis12 and left cerebelum45 (cerebelum45.L),Group comparison (IBSbs vs NC),baseline,rest,group_comparison,roi_fc,,False,0,significantly different between IBSbs and NC (p < 0.05 uncorrected per Figure 3C #),Pearson correlation coefficient between mean ROI time series (Fisher's z transformed); group comparison,
33384580,cont_disorder_FC_HIPR_MOGL,Disorder functional connections: HIP.R and MOG.L,Group comparison (IBSbs vs NC) — also reported as cured FC,baseline,rest,group_comparison,roi_fc,,False,0,IBSbs significantly lower than NC,Pearson correlation coefficient between mean ROI time series (Fisher's z transformed); two-sample t-test with Bonferroni correction,
33384580,cont_disorder_FC_SOGR_MOGL,Disorder functional connections: SOG.R and MOG.L,Group comparison (IBSbs vs NC) — also reported as cured FC,baseline,rest,group_comparison,roi_fc,,False,0,IBSbs significantly higher than NC,Pearson correlation coefficient between mean ROI time series (Fisher's z transformed); group comparison with Bonferroni correction,
33384580,cont_disorder_FC_vermis6_cerebelum9R,Disorder functional connections: vermis6 and right cerebelum9 (Cerebelum9.R),Group comparison (IBSbs vs NC) — also reported as cured FC,baseline,rest,group_comparison,roi_fc,,False,0,IBSbs significantly lower than NC,Pearson correlation coefficient between mean ROI time series (Fisher's z transformed); group comparison with Bonferroni correction,
33384580,cont_cured_FC_HIPR_MOGL_post,Cured functional connections: HIP.R and MOG.L — IBS1st vs IBSbs (post vs pre acupuncture),Pre-post within-subject comparison (IBS1st vs IBSbs),verum,baseline,verum_post_gt_pre,roi_fc,,False,0,IBS1st significantly higher than IBSbs; returned to normal level (no significant difference between IBS1st and NC),paired-samples t-test with Bonferroni correction,
33384580,cont_cured_FC_MOGL_SOGR_post,Cured functional connections: MOG.L and SOG.R — IBS1st vs IBSbs,Pre-post within-subject comparison (IBS1st vs IBSbs),verum,baseline,verum_post_gt_pre,roi_fc,,False,0,IBS1st significantly lower than IBSbs; returned to normal level (no significant difference between IBS1st and NC),paired-samples t-test with Bonferroni correction,
33384580,cont_cured_FC_vermis6_cerebelum9R_post,Cured functional connections: vermis6 and Cerebelum9.R — IBS1st vs IBSbs,Pre-post within-subject comparison (IBS1st vs IBSbs),verum,baseline,verum_post_gt_pre,roi_fc,,False,0,IBS1st significantly higher than IBSbs; returned to normal level,paired-samples t-test with Bonferroni correction,
33384580,cont_activated_FC_ORBsupL_LINGR,Activated functional connections: ORBsup.L and LING.R — IBS1st vs IBSbs and NC,Post-acupuncture vs pre-acupuncture and NC (activated connection),verum,baseline,verum_post_gt_pre,roi_fc,,False,0,IBS1st significantly lower than NC and IBSbs,Bonferroni correction; also compared to NC,
33384580,cont_activated_FC_STGR_cerebelum8R,Activated functional connections: STG.R and cerebelum8.R — IBS1st vs IBSbs and NC,Post-acupuncture vs pre-acupuncture and NC (activated connection),verum,baseline,verum_post_gt_pre,roi_fc,,False,0,IBS1st significantly lower than NC and IBSbs,group comparison; uncorrected threshold per Figure 6B #,
33384580,cont_degree_MOGR,Node degree in right middle occipital gyrus (MOG.R): IBSbs vs NC and IBS1st vs IBSbs,Group comparison (IBSbs vs NC) and pre-post (IBS1st vs IBSbs),baseline,rest,group_comparison,graph_theory,,False,0,IBSbs significantly lower than NC; IBS1st significantly higher than IBSbs; IBS1st similar to NC,Graph theory network analysis; Bonferroni correction,
33384580,cont_clustering_coeff_SOGL,Clustering coefficient in left superior occipital gyrus (SOG.L),Group comparison (IBSbs vs NC) and pre-post (IBS1st vs IBSbs),baseline,rest,group_comparison,graph_theory,,False,0,IBSbs significantly lower than NC; IBS1st significantly higher than IBSbs; IBS1st similar to NC,Graph theory network analysis; Bonferroni correction,
33384580,cont_local_efficiency_SOGL,Local efficiency in left superior occipital gyrus (SOG.L),Group comparison (IBSbs vs NC) and pre-post (IBS1st vs IBSbs),baseline,rest,group_comparison,graph_theory,,False,0,IBSbs significantly higher than NC; IBS1st significantly lower than IBSbs; IBS1st similar to NC,Graph theory network analysis; Bonferroni correction,
33384580,cont_corr_FC_HIPR_MOGL_IBSSSS,Correlation: changed FC between MOG.L and HIP.R vs changed IBS-SSS,Pearson correlation between changed FC and changed clinical score,verum,baseline,correlation_clinical,correlation_brain_behavior,,False,0,negative correlation,Pearson correlation coefficient,
33384580,cont_corr_FC_MOGL_SOGR_IBSSSS,Correlation: changed FC between MOG.L and SOG.R vs changed IBS-SSS,Pearson correlation between changed FC and changed clinical score,verum,baseline,correlation_clinical,correlation_brain_behavior,,False,0,positive correlation,Pearson correlation coefficient,
33384580,cont_corr_FC_vermis6_cerebelum9R_IBSSSS,Correlation: changed FC between vermis6 and Cerebelum9.R vs changed IBS-SSS,Pearson correlation between changed FC and changed clinical score,verum,baseline,correlation_clinical,correlation_brain_behavior,,False,0,negative correlation,Pearson correlation coefficient,
33384580,cont_corr_FC_ORBsupL_LINGR_IBSSSS,Correlation: changed FC between ORBsup.L and LING.R vs changed IBS-SSS,Pearson correlation between changed FC and changed clinical score,verum,baseline,correlation_clinical,correlation_brain_behavior,,False,0,positive correlation,Pearson correlation coefficient,
33384580,cont_corr_FC_STGR_cerebelum8R_HAMA,Correlation: changed FC between STG.R and cerebelum8.R vs changed HAMA,Pearson correlation between changed FC and changed clinical score,verum,baseline,correlation_clinical,correlation_brain_behavior,,False,0,positive correlation,Pearson correlation coefficient,
33384580,cont_corr_degree_MOGR_QOL,Correlation: changed degree in MOG.R vs changed QOL,Pearson correlation between changed node degree and changed clinical score,verum,baseline,correlation_clinical,correlation_brain_behavior,,False,0,positive correlation,Pearson correlation coefficient,
33384580,cont_corr_disorder_FC_HIPR_IFGopercL_QOL,Disorder FC correlation: HIP.R and IFGoperc.L vs QOL in IBSbs,Pearson correlation between disorder FC and clinical score in IBSbs,baseline,not_applicable,correlation_clinical,correlation_brain_behavior,,False,0,positive correlation with QOL,Pearson correlation coefficient,
33384580,cont_corr_disorder_FC_HIPR_IFGopercL_HAMA,Disorder FC correlation: HIP.R and IFGoperc.L vs HAMA in IBSbs,Pearson correlation between disorder FC and clinical score in IBSbs,baseline,not_applicable,correlation_clinical,correlation_brain_behavior,,False,0,negative correlation with HAMA,Pearson correlation coefficient,
33384580,cont_corr_disorder_FC_SOGR_LINGL_IBSSSS,Disorder FC correlation: SOG.R and LING.L vs IBS-SSS in IBSbs,Pearson correlation between disorder FC and clinical score in IBSbs,baseline,not_applicable,correlation_clinical,correlation_brain_behavior,,False,0,positive correlation with IBS-SSS,Pearson correlation coefficient,
33384580,cont_corr_disorder_FC_vermis12_cerebelum45L_HAMA,Disorder FC correlation: vermis12 and cerebelum45.L vs HAMA in IBSbs,Pearson correlation between disorder FC and clinical score in IBSbs,baseline,not_applicable,correlation_clinical,correlation_brain_behavior,,False,0,positive correlation with HAMA,Pearson correlation coefficient,
33384580,cont_svm_cured_NC_IBSbs,Classification verification: cured functional connections between NC and IBSbs,Machine learning classification (SVM),rest,baseline,group_comparison,multivariate,,False,0,not_applicable,"SVM classifier with RBF kernel (LIBSVM); trained on old dataset, tested on new dataset",
33384580,cont_svm_cured_IBSbs_IBS1st,Classification verification: cured functional connections between IBSbs and IBS1st,Machine learning classification (SVM),baseline,verum,group_comparison,multivariate,,False,0,not_applicable,"SVM classifier with RBF kernel (LIBSVM); trained on old dataset, tested on new dataset",
33384580,cont_svm_activated_IBSbs_IBS1st,Classification verification: activated functional connections between IBSbs and IBS1st,Machine learning classification (SVM),baseline,verum,group_comparison,multivariate,,False,0,not_applicable,"SVM classifier with RBF kernel (LIBSVM); trained on old dataset, tested on new dataset",
33384580,cont_svm_activated_NC_IBS1st,Classification verification: activated functional connections between NC and IBS1st,Machine learning classification (SVM),rest,verum,group_comparison,multivariate,,False,0,not_applicable,"SVM classifier with RBF kernel (LIBSVM); trained on old dataset, tested on new dataset",
38034817,c01_HbO2_LM1_ANOVA,One-way repeated measures ANOVA of mean HbO2 increases among conditions in LM1,one-way repeated measures ANOVA across three groups,verum,not_applicable,group_comparison,roi_fc,,False,0,not_reported,one-way repeated measures ANOVA,
38034817,c02_HbO2_LM1_HT5GB20vsHT5,HT5 + GB20 group vs HT5 group: cortical activation in LM1,post-hoc Bonferroni-t test between groups,verum,verum,group_comparison,other,,False,1,HT5 + GB20 group higher than HT5 group,Bonferroni-t test,
38034817,c03_HbO2_HT5GB20vsGB20_noSig,HT5 + GB20 group vs GB20 group: cortical activation,post-hoc Bonferroni-t test between groups,verum,verum,group_comparison,other,,False,0,no statistically significant difference,Bonferroni-t test,
38034817,c04_HbR_noSig,Mean HbR changes among conditions,one-way repeated measures ANOVA across three groups,verum,not_applicable,group_comparison,other,,False,0,no statistically significant difference,one-way repeated measures ANOVA,
38034817,c05_FC_ANOVA_RM1RS1,One-way repeated measures ANOVA of FC between RM1 and RS1,one-way repeated measures ANOVA across three groups,verum,not_applicable,group_comparison,roi_fc,,False,0,not_reported,one-way repeated measures ANOVA; Pearson correlation coefficient for FC,
38034817,c06_FC_ANOVA_RM1LM1,One-way repeated measures ANOVA of FC between RM1 and LM1,one-way repeated measures ANOVA across three groups,verum,not_applicable,group_comparison,roi_fc,,False,0,not_reported,one-way repeated measures ANOVA; Pearson correlation coefficient for FC,
38034817,c07_FC_ANOVA_RM1LS1,One-way repeated measures ANOVA of FC between RM1 and LS1,one-way repeated measures ANOVA across three groups,verum,not_applicable,group_comparison,roi_fc,,False,0,not_reported,one-way repeated measures ANOVA; Pearson correlation coefficient for FC,
38034817,c08_FC_ANOVA_RPMLM1,One-way repeated measures ANOVA of FC between RPM and LM1,one-way repeated measures ANOVA across three groups,verum,not_applicable,group_comparison,roi_fc,,False,0,not_reported,one-way repeated measures ANOVA; Pearson correlation coefficient for FC,
38034817,c09_FC_HT5GB20vsHT5_RM1LM1,HT5 + GB20 group vs HT5 group: FC between RM1 and LM1,post-hoc Bonferroni-t test between groups,verum,verum,group_comparison,roi_fc,,False,0,HT5 + GB20 group has tighter FC than HT5 group,Bonferroni-t test,
38034817,c10_FC_HT5GB20vsGB20_RM1RS1,HT5 + GB20 group vs GB20 group: FC between RM1 and RS1,post-hoc Bonferroni-t test between groups,verum,verum,group_comparison,roi_fc,,False,0,HT5 + GB20 > GB20,Bonferroni-t test,
38034817,c11_FC_HT5GB20vsGB20_RM1RPM,HT5 + GB20 group vs GB20 group: FC between RM1 and RPM,post-hoc Bonferroni-t test between groups,verum,verum,group_comparison,roi_fc,,False,0,HT5 + GB20 > GB20,Bonferroni-t test,
38034817,c12_FC_HT5GB20vsGB20_RM1LM1,HT5 + GB20 group vs GB20 group: FC between RM1 and LM1,post-hoc Bonferroni-t test between groups,verum,verum,group_comparison,roi_fc,,False,0,HT5 + GB20 > GB20,Bonferroni-t test,
38034817,c13_FC_HT5GB20vsGB20_RPMLM1,HT5 + GB20 group vs GB20 group: FC between RPM and LM1,post-hoc Bonferroni-t test between groups,verum,verum,group_comparison,roi_fc,,False,0,HT5 + GB20 > GB20,Bonferroni-t test,
38034817,c14_FC_HT5vsGB20_noSig,HT5 group vs GB20 group: functional connectivity,post-hoc Bonferroni-t test between groups,verum,verum,group_comparison,roi_fc,,False,0,no statistically significant difference,Bonferroni-t test,
40642213,con_HT7_deactivation,Acupuncture at HT7: needle manipulation vs. baseline (off phase) — deactivation,one-sample t-test; needle manipulation > baseline (identifying deactivation: negative contrast),verum,rest,deactivation,whole_brain_activation,,False,3,deactivation,GLM first-level; one-sample t-test second-level; age and sex as covariates; conjunction analysis for commonality; subtraction for specificity,
40642213,con_ST36_deactivation,Acupuncture at ST36: needle manipulation vs. baseline (off phase) — deactivation,one-sample t-test; needle manipulation > baseline (identifying deactivation: negative contrast),verum,rest,deactivation,whole_brain_activation,,False,2,deactivation,GLM first-level; one-sample t-test second-level; age and sex as covariates,
40642213,con_KI4_deactivation,Acupuncture at KI4: needle manipulation vs. baseline (off phase) — deactivation,one-sample t-test; needle manipulation > baseline (identifying deactivation: negative contrast),verum,rest,deactivation,whole_brain_activation,,False,2,deactivation,GLM first-level; one-sample t-test second-level; age and sex as covariates,
40642213,con_conjunction_all3,"Conjunction analysis: commonly deactivated brain regions across HT7, ST36, and KI4",conjunction analysis across three one-sample t-tests,verum,rest,deactivation,whole_brain_activation,,True,1,deactivation,conjunction analysis to identify regional overlaps in brain responses across three acupoints,
40642213,con_HT7_specific_deactivation,Specific deactivation network for HT7 (after subtracting pain network and co-activation network overlap),subtraction: HT7 deactivation minus conjunction deactivation minus pain network overlap,verum,not_applicable,deactivation,whole_brain_activation,,False,8,deactivation,"subtraction of co-activation network voxels and pain network voxels from HT7 activation network; pain network extracted from Neurosynth using Pain Uniformity Test map, FDR q < 0.01",
40642213,con_ST36_specific_deactivation,Specific deactivation network for ST36 (after subtracting pain network and co-activation network overlap),subtraction: ST36 deactivation minus conjunction deactivation minus pain network overlap,verum,not_applicable,deactivation,whole_brain_activation,,False,6,deactivation,subtraction of co-activation network voxels and pain network voxels from ST36 activation network; no overlap found between ST36 deactivation and pain-related brain areas,
40642213,con_KI4_specific_deactivation,Specific deactivation network for KI4 (after subtracting pain network and co-activation network overlap),subtraction: KI4 deactivation minus conjunction deactivation minus pain network overlap,verum,not_applicable,deactivation,whole_brain_activation,,False,2,deactivation,subtraction of co-activation network voxels and pain network voxels from KI4 activation network; no overlap found between KI4 deactivation and pain-related brain areas,
40642213,con_MACM_conjunction,MACM functional characterization of common deactivation network (left cerebellar crus II),Meta-Analytic Connectivity Modeling (MACM) behavioral domain and paradigm analysis,verum,not_applicable,other,other,,False,0,not_applicable,MACM toolbox; Mango Behavioral Analysis v3.1 and Paradigm Analysis v1.6 plugins; FDR correction P < 0.05,
40642213,con_MACM_HT7,MACM functional characterization of HT7-specific deactivation network,Meta-Analytic Connectivity Modeling (MACM) behavioral domain and paradigm analysis,verum,not_applicable,other,other,,False,0,not_applicable,MACM toolbox; Mango Behavioral Analysis v3.1 and Paradigm Analysis v1.6 plugins; FDR correction P < 0.05,
40642213,con_MACM_ST36,MACM functional characterization of ST36-specific deactivation network,Meta-Analytic Connectivity Modeling (MACM) behavioral domain and paradigm analysis,verum,not_applicable,other,other,,False,0,not_applicable,MACM toolbox; Mango Behavioral Analysis v3.1 and Paradigm Analysis v1.6 plugins; FDR correction P < 0.05,
40642213,con_MACM_KI4,MACM functional characterization of KI4-specific deactivation network,Meta-Analytic Connectivity Modeling (MACM) behavioral domain and paradigm analysis,verum,not_applicable,other,other,,False,0,not_applicable,MACM toolbox; Mango Behavioral Analysis v3.1 and Paradigm Analysis v1.6 plugins; FDR correction P < 0.05,
40642213,con_network_HT7,Yeo-17 network component analysis for HT7 deactivation,network overlap analysis: HT7 activation mask overlaid onto Yeo-17 network atlas (cortical and cerebellar parcellations),verum,not_applicable,deactivation,network_ica,,False,0,deactivation,Yeo-17 network atlas overlay; proportion of voxels in each network computed; networks with <1% overlapping voxels not reported,
40642213,con_network_ST36,Yeo-17 network component analysis for ST36 deactivation,network overlap analysis: ST36 activation mask overlaid onto Yeo-17 network atlas,verum,not_applicable,deactivation,network_ica,,False,0,deactivation,Yeo-17 network atlas overlay; proportion of voxels in each network computed; networks with <1% overlapping voxels not reported,
40642213,con_network_KI4,Yeo-17 network component analysis for KI4 deactivation,network overlap analysis: KI4 activation mask overlaid onto Yeo-17 network atlas,verum,not_applicable,deactivation,network_ica,,False,0,deactivation,Yeo-17 network atlas overlay; proportion of voxels in each network computed; networks with <1% overlapping voxels not reported,
40642213,con_between_group_no_diff,Group differences in deactivated brain regions among three groups and between any two groups,ANCOVA and two-sample t-tests,verum,verum,group_comparison,whole_brain_activation,,False,0,not_applicable,analysis of covariance (ANCOVA); two-sample t-tests,
40642213,NR_C1,"Common deactivation across HT7, ST36, and KI4 (conjunction analysis)",activation,verum,rest,deactivation,whole_brain_activation,,True,1,deactivation,activation,peak_only_extract
40642213,NR_C2,Deactivation network for HT7 (Shenmen),activation,verum,rest,deactivation,whole_brain_activation,,False,3,deactivation,activation,peak_only_extract
40642213,NR_C3,Deactivation network for ST36 (Zusanli),activation,verum,rest,deactivation,whole_brain_activation,,False,2,deactivation,activation,peak_only_extract
40642213,NR_C4,Deactivation network for KI4 (Dazhong),activation,verum,rest,deactivation,whole_brain_activation,,False,2,deactivation,activation,peak_only_extract
35557556,nc_fALFF_CSAPvsHS,Baseline comparison of fALFF between CSAP patients and HS (CSAP > HS),between-group comparison at baseline,baseline,baseline,group_comparison,whole_brain_activation,,False,4,CSAP patients > HS,two-sample t-test,
35557556,nc_fALFF_prepost_decrease,Acupuncture effects on fALFF of CSAP patients (post > pre): decreased fALFF after treatment,within-group pre-post comparison (decreased),baseline,baseline,deactivation,whole_brain_activation,,False,4,decreased fALFF after treatment,paired t-test,
35557556,nc_fALFF_prepost_increase,Acupuncture effects on fALFF of CSAP patients (post > pre): increased fALFF after treatment,within-group pre-post comparison (increased),baseline,baseline,verum_post_gt_pre,whole_brain_activation,,False,3,increased fALFF after treatment,paired t-test,
35557556,nc_fALFF_corr_baseline_pain,Correlation between baseline fALFF of left calcarine and baseline McGill pain score in CSAP patients,partial correlation,baseline,not_applicable,correlation_clinical,correlation_brain_behavior,,False,0,negative correlation,partial correlation,
35557556,nc_fALFF_corr_change_mcgill,Correlation between fALFF change of left calcarine and improvement of McGill pain score in CSAP patients,partial correlation,baseline,baseline,correlation_clinical,correlation_brain_behavior,,False,0,positive correlation,partial correlation,
35557556,nc_fALFF_corr_change_SAS,Correlation between fALFF change of left calcarine and improvement of SAS score in CSAP patients,partial correlation,baseline,baseline,correlation_clinical,correlation_brain_behavior,,False,0,positive correlation,partial correlation,
35557556,nc_fALFF_corr_change_SDS,Correlation between fALFF change of left calcarine and improvement of SDS score in CSAP patients,partial correlation,baseline,baseline,correlation_clinical,correlation_brain_behavior,,False,0,positive correlation,partial correlation,
35557556,nc_rsFC_groupA_prepost,ROI-based rsFC change after treatment in Group A (post > pre),within-group pre-post comparison,baseline,baseline,verum_post_gt_pre,seed_based_fc,,False,3,increased rsFC after treatment,paired t-test; ROI-to-voxel rsFC analysis,
35557556,nc_rsFC_groupA_vs_groupB,Between-group difference of ROI-based rsFC change after treatment: Group A > Group B,between-group comparison of rsFC change,baseline,baseline,group_comparison,seed_based_fc,,False,4,Group A > Group B (increased rsFC in Group A relative to Group B),two-sample t-test; ROI-to-voxel rsFC analysis,
35557556,nc_rsFC_corr_ITG_mcgill_groupA,Correlation between rsFC change (ROI - left ITG/cerebellum crus 1) and McGill pain score improvement in Group A,Spearman correlation,baseline,baseline,correlation_clinical,correlation_brain_behavior,,False,0,positive correlation,Spearman correlation,
35557556,nc_rsFC_corr_ITG_SDS_groupA,Correlation between rsFC change (ROI - left ITG/cerebellum crus 1) and SDS score improvement in Group A,Spearman correlation,baseline,baseline,correlation_clinical,correlation_brain_behavior,,False,0,positive correlation,Spearman correlation,
35557556,35493321_C2,Acupuncture effects on fALFF of CSAP patients (post > pre),fALFF,baseline,baseline,verum_post_gt_pre,whole_brain_activation,,False,3,Post > Pre (increased fALFF),fALFF,peak_only_extract
35557556,35493321_C3,Acupuncture effects on fALFF of CSAP patients (pre > post),fALFF,baseline,baseline,deactivation,whole_brain_activation,,False,4,Pre > Post (decreased fALFF after treatment),fALFF,peak_only_extract
35557556,35493321_C4,Between-group differences of fALFF changes in Group A vs Group B,fALFF,baseline,baseline,group_comparison,whole_brain_activation,,False,1,Group A > Group B or Group B > Group A,fALFF,peak_only_extract
35557556,35493321_C6,Between-group difference of ROI-based rsFC change: Group A > Group B,FC,baseline,baseline,group_comparison,seed_based_fc,,False,3,Group A > Group B,FC,peak_only_extract
32612281,con_plsda_cortex,"PLS-DA plot of the cerebral cortex: differences of metabolite profiles in the sham, ST36, and PC6 groups",group comparison (sham vs ST36 vs PC6),sham,verum,group_comparison,multivariate,2.0,False,0,group differences demonstrated,partial least squares discriminant analysis (PLS-DA) using Progenesis QI with EZinfo (Waters),
32612281,con_plsda_hippo,"PLS-DA plot of the hippocampus: differences of metabolite profiles in the sham, ST36, and PC6 groups",group comparison (sham vs ST36 vs PC6),sham,verum,group_comparison,multivariate,2.0,False,0,group differences demonstrated,partial least squares discriminant analysis (PLS-DA) using Progenesis QI with EZinfo (Waters),
32612281,con_plsda_hypo,"PLS-DA plot of the hypothalamus: differences of metabolite profiles in the sham, ST36, and PC6 groups",group comparison (sham vs ST36 vs PC6),sham,verum,group_comparison,multivariate,2.0,False,0,group differences demonstrated,partial least squares discriminant analysis (PLS-DA) using Progenesis QI with EZinfo (Waters),
40995472,contrast_female_activation,Acupuncture in female LR3 activated brain region,task > baseline (female group),verum,rest,verum_gt_rest,whole_brain_activation,,True,3,activation (task > baseline),"fixed-effects model for individual comparisons, random-effects model for group data analysis; Boxcar effect modeled using convolution with hemodynamic response function",
40995472,contrast_male_activation,Acupuncture activates the brain area of male LR3,task > baseline (male group),verum,rest,verum_gt_rest,whole_brain_activation,,True,3,activation (task > baseline),"fixed-effects model for individual comparisons, random-effects model for group data analysis; Boxcar effect modeled using convolution with hemodynamic response function",
40995472,contrast_fc_supramarginal_female_gt_male,Functional connectivity differences in the right superior limbic gyrus between men and women (females > males),female > male (two-sample t-test on FC maps),verum,verum,group_comparison,seed_based_fc,,True,3,enhanced FC in females relative to males,seed-based functional connectivity; FIR task regression method; Pearson correlation; Fisher's Z-transformed (R→Z); two-sample t-test for inter-group differences,
40995472,contrast_fc_thalamus_L_female_gt_male,"Differences in bilateral thalamic functional connections between men and women (left thalamus seed, females > males)","female > male (two-sample t-test on FC maps, left thalamus seed)",verum,verum,group_comparison,seed_based_fc,,True,8,enhanced FC in females relative to males,seed-based functional connectivity; FIR task regression method; Pearson correlation; Fisher's Z-transformed (R→Z); two-sample t-test for inter-group differences,
40995472,contrast_fc_thalamus_R_female_gt_male,"Differences in bilateral thalamic functional connections between men and women (right thalamus seed, females > males)","female > male (two-sample t-test on FC maps, right thalamus seed)",verum,verum,group_comparison,seed_based_fc,,True,5,enhanced FC in females relative to males,seed-based functional connectivity; FIR task regression method; Pearson correlation; Fisher's Z-transformed (R→Z); two-sample t-test for inter-group differences,
40995472,C1,Brain function activation area of LR3 in female acupuncture group,activation,verum,rest,verum_gt_rest,whole_brain_activation,,True,3,task > baseline (female-specific activation),activation,peak_only_extract
40995472,C2,Brain function activation area of LR3 in male acupuncture group,activation,verum,rest,verum_gt_rest,whole_brain_activation,,True,3,task > baseline (male-specific activation),activation,peak_only_extract
40995472,C3,Functional connectivity differences in the right superior limbic gyrus between men and women,FC,verum,verum,group_comparison,seed_based_fc,,True,3,females > males (enhanced FC in females),FC,peak_only_extract
40995472,C4,Differences in bilateral thalamic functional connections between men and women - Left Thalamus seed,FC,verum,verum,group_comparison,seed_based_fc,,True,8,females > males (enhanced FC in females),FC,peak_only_extract
40995472,C5,Differences in bilateral thalamic functional connections between men and women - Right Thalamus seed,FC,verum,verum,group_comparison,seed_based_fc,,True,5,females > males (enhanced FC in females),FC,peak_only_extract
26211895,con_genuine_activation,genuine acupuncture stimulation > baseline (activation),stimulation > baseline (one-sample t-test),verum,rest,verum_gt_rest,whole_brain_activation,,True,7,activation (stimulation > baseline),standard hierarchical group model; one-sample t-test across individual contrast images; boxcar function convolved with canonical HRF; surface-based analysis using Freesurfer,
26211895,con_genuine_deactivation,genuine acupuncture stimulation > baseline (deactivation),stimulation > baseline (one-sample t-test); deactivation clusters,verum,rest,deactivation,whole_brain_activation,,True,12,deactivation (baseline > stimulation),standard hierarchical group model; one-sample t-test across individual contrast images; boxcar function convolved with canonical HRF; surface-based analysis using Freesurfer,
26211895,con_pseudo_activation,pseudo-stimulation > baseline (activation),stimulation > baseline (one-sample t-test),sham,rest,sham_gt_rest,whole_brain_activation,1.0,True,13,activation (stimulation > baseline),standard hierarchical group model; one-sample t-test across individual contrast images; boxcar function convolved with canonical HRF; surface-based analysis using Freesurfer,
26211895,con_pseudo_deactivation,pseudo-stimulation > baseline (deactivation),stimulation > baseline (one-sample t-test); deactivation clusters,sham,rest,deactivation,whole_brain_activation,1.0,True,9,deactivation (baseline > stimulation),standard hierarchical group model; one-sample t-test across individual contrast images; boxcar function convolved with canonical HRF; surface-based analysis using Freesurfer,
26211895,con_conjunction_activation,Conjunction Map (genuine acupuncture AND pseudo-stimulation) - activation,conjunction analysis under conjunction null hypothesis; minimum Z-statistic image between two contrast images; one-sample t-test across individual conjunction maps,verum,sham,other,whole_brain_activation,1.0,True,19,activation (common activation in both conditions),conjunction analysis; minimum Z-statistic image between genuine and pseudo contrast images; one-sample t-test at group level,
26211895,con_conjunction_deactivation,Conjunction Map (genuine acupuncture AND pseudo-stimulation) - deactivation,conjunction analysis under conjunction null hypothesis; minimum Z-statistic image between two contrast images; one-sample t-test across individual conjunction maps,verum,sham,deactivation,whole_brain_activation,1.0,True,11,deactivation (common deactivation in both conditions),conjunction analysis; minimum Z-statistic image between genuine and pseudo contrast images; one-sample t-test at group level,
26211895,con_diff_genuine_gt_pseudo_activation,Difference Map (Genuine - Pseudo Stimulation) - activation (genuine > pseudo),paired t-test between genuine and pseudo contrasts across individuals,verum,sham,verum_gt_sham,whole_brain_activation,1.0,True,4,activation (genuine > pseudo; or greater deactivation in pseudo than genuine),group-level paired t-tests between genuine and pseudo contrasts from main-effect analyses,
26211895,con_diff_pseudo_gt_genuine_deactivation,Difference Map (Genuine - Pseudo Stimulation) - deactivation (pseudo > genuine),paired t-test between genuine and pseudo contrasts across individuals; negative clusters,verum,sham,deactivation,whole_brain_activation,1.0,True,3,deactivation in genuine relative to pseudo (pseudo > genuine; greater activation with pseudo-stimulation or greater deactivation with genuine stimulation),group-level paired t-tests between genuine and pseudo contrasts from main-effect analyses,
26211895,26198192_C1,Summary of fMRI main effect map data for genuine acupuncture stimulation,activation,verum,rest,verum_gt_rest,whole_brain_activation,,True,19,activation and deactivation,activation,peak_only_extract
26211895,26198192_C2,Summary of fMRI main effect map data for pseudo-stimulation,activation,sham,rest,sham_gt_rest,whole_brain_activation,1.0,True,22,activation and deactivation,activation,peak_only_extract
26211895,26198192_C3,Summary of fMRI conjunction map data between genuine acupuncture and pseudo-stimulation,activation,verum,sham,other,whole_brain_activation,,True,30,conjunction (common activation and deactivation),activation,peak_only_extract
26211895,26198192_C4,Summary of fMRI difference map data between genuine acupuncture and pseudo-stimulation,activation,verum,sham,verum_gt_sham,whole_brain_activation,,True,7,Genuine > Pseudo (activation) and Genuine < Pseudo (deactivation),activation,peak_only_extract
26211895,41520025_SR_C1,Pseudo Stimulation > Baseline,activation,sham,rest,sham_gt_rest,whole_brain_activation,1.0,True,13,activation,activation,sham_rest_extract
26211895,41520025_SR_C2,Pseudo Stimulation > Baseline (deactivation),activation,sham,rest,deactivation,whole_brain_activation,,True,9,deactivation,activation,sham_rest_extract
42131703,C01,"VA group: post-treatment vs. pre-treatment, right thalamus seed – decreased FC",within-group pre-post comparison (post > pre = decrease direction),verum,baseline,deactivation,seed_based_fc,,True,2,decrease (post < pre),seed-based FC analysis; two-sample t-tests on FC values using SPM12,
42131703,C02,"SA group: post-treatment vs. pre-treatment, right thalamus seed – increased FC",within-group pre-post comparison (post > pre = increase direction),sham,baseline,sham_post_gt_pre,seed_based_fc,2.0,True,1,increase (post > pre),seed-based FC analysis; two-sample t-tests on FC values using SPM12,
42131703,C03,"VA group: post-treatment vs. pre-treatment, left thalamus seed – no significant differences","within-group pre-post comparison, left thalamus seed",verum,baseline,verum_post_gt_pre,seed_based_fc,,False,0,no significant differences,seed-based FC analysis; two-sample t-tests on FC values using SPM12,
42131703,C04,"SA group: post-treatment vs. pre-treatment, left thalamus seed – no significant differences","within-group pre-post comparison, left thalamus seed",sham,baseline,sham_post_gt_pre,seed_based_fc,2.0,False,0,no significant differences,seed-based FC analysis; two-sample t-tests on FC values using SPM12,
42131703,C1,Differences in brain regions of functional connectivity before and after treatment in two groups (Verum Acupuncture: post > pre and post < pre; Sham Acupuncture: post > pre),FC,verum,baseline,group_comparison,seed_based_fc,,True,3,decrease (VA group: right thalamus seed) and increase (SA group: right thalamus seed),FC,peak_only_extract
41641330,contrast_main_effect,The main effect of VMHC among the three group,"Two-way ANOVA main effect across Sham, Model, and EA groups",rest,not_applicable,group_comparison,whole_brain_activation,,True,10,Positive (increased VMHC),Whole-brain voxel-wise two-way ANOVA; group-level random-effects analysis,
41641330,contrast_ea_vs_model_positive,The post hoc analysis of VMHC of EA vs. model after intervention (Positive),Post hoc comparison: EA group > Model group (increased VMHC),rest,rest,group_comparison,whole_brain_activation,,True,4,Positive (EA > Model),Post hoc comparison within group-level random-effects analysis; voxel-wise VMHC comparison,
41641330,contrast_ea_vs_model_negative,The post hoc analysis of VMHC of EA vs. model after intervention (Negative),Post hoc comparison: EA group < Model group (decreased VMHC),rest,rest,deactivation,whole_brain_activation,,True,2,Negative (EA < Model; decreased VMHC in somatosensory cortex),Post hoc comparison within group-level random-effects analysis; voxel-wise VMHC comparison,
41641330,contrast_model_longitudinal_negative,The post hoc analysis of VMHC of model group between time 2 and time 1 (Negative),Longitudinal within-group comparison: Model group post-intervention < pre-intervention (decreased VMHC),rest,baseline,deactivation,whole_brain_activation,,True,6,Negative (post < pre; progressive VMHC reduction),Post hoc longitudinal comparison within group-level random-effects analysis; voxel-wise VMHC comparison,
41641330,contrast_vmhc_mnss_ic,Relationships between VMHC of IC and modified neurological severity score,Partial correlation between z-VMHC change in internal capsule and Mnss change (EA and Model groups combined),rest,baseline,correlation_clinical,correlation_brain_behavior,,False,0,Negative correlation (higher VMHC associated with lower/better Mnss),Partial correlation analysis between change in z-VMHC values and change in Mnss in EA and model group,
41641330,contrast_vmhc_mnss_gp,Relationships between VMHC of globus pallidus and modified neurological severity score,Partial correlation between z-VMHC change in globus pallidus and Mnss change (EA and Model groups combined),rest,baseline,correlation_clinical,correlation_brain_behavior,,False,0,Negative correlation (higher VMHC associated with lower/better Mnss),Partial correlation analysis between change in z-VMHC values and change in Mnss in EA and model group,
41641330,NR_C2,The post hoc analysis of VMHC of EA vs. model after intervention,VMHC,rest,rest,group_comparison,whole_brain_activation,,True,6,Positive (EA > Model),VMHC,peak_only_extract
41641330,NR_C3,The post hoc analysis of VMHC of model group between time 2 and time 1,VMHC,rest,baseline,deactivation,whole_brain_activation,,True,6,Negative (time 2 < time 1),VMHC,peak_only_extract
23840533,c_SC_S1_vs_BL,sensory control: stimulation 1 vs. baseline,S1 minus BL (t-contrast),sham,baseline,sham_gt_rest,whole_brain_activation,0.0,True,14,both positive (stimulation>baseline) and negative (stimulation<baseline),modified GLM with block-designed data; one sample t-test at group level,
23840533,c_SC_S2_vs_BL,sensory control: stimulation 2 vs. baseline,S2 minus BL (t-contrast),sham,baseline,sham_gt_rest,whole_brain_activation,0.0,True,7,both positive and negative,modified GLM with block-designed data; one sample t-test at group level,
23840533,c_MA_S1_vs_BL,MA: stimulation 1 vs. baseline,S1 minus BL (t-contrast),verum,baseline,verum_gt_rest,whole_brain_activation,,True,4,positive activation only; no negative activation above threshold,modified GLM with block-designed data; one sample t-test at group level,
23840533,c_MA_S2_vs_BL,MA: stimulation 2 vs. baseline,S2 minus BL (t-contrast),verum,baseline,verum_gt_rest,whole_brain_activation,,False,0,no statistically significant region,modified GLM with block-designed data; one sample t-test at group level,
23840533,c_EA_S1_vs_BL,EA: stimulation 1 vs. baseline,S1 minus BL (t-contrast),verum,baseline,verum_gt_rest,whole_brain_activation,,True,2,positive activation only,modified GLM with block-designed data; one sample t-test at group level,
23840533,c_EA_S2_vs_BL,EA: stimulation 2 vs. baseline,S2 minus BL (t-contrast),verum,baseline,deactivation,whole_brain_activation,,True,8,negative activation only,modified GLM with block-designed data; one sample t-test at group level,
23840533,c_TEAS_S1_vs_BL,TEAS: stimulation 1 vs. baseline,S1 minus BL (t-contrast),verum,baseline,verum_gt_rest,whole_brain_activation,,True,14,both positive and negative,modified GLM with block-designed data; one sample t-test at group level,
23840533,c_TEAS_S2_vs_BL,TEAS: stimulation 2 vs. baseline,S2 minus BL (t-contrast),verum,baseline,deactivation,whole_brain_activation,,True,4,no positive activation; negative activation only,modified GLM with block-designed data; one sample t-test at group level,
23840533,c_MA_DMN_rest1_vs_rest2,MA: DMN Rest 1 < Rest 2 (increased connectivity post-MA),paired t-test: rest 1 vs rest 2 within DMN mask,rest,rest,verum_post_gt_pre,network_ica,,True,4,Rest 1 < Rest 2 (increased connectivity following MA),"ICA (Informax algorithm, 40 components); paired t-test within DMN mask",
23840533,c_MA_DMN_rest1_gt_rest2,MA: DMN Rest 1 > Rest 2 (decreased connectivity post-MA),paired t-test: rest 1 vs rest 2 within DMN mask,rest,rest,deactivation,network_ica,,True,1,Rest 1 > Rest 2 (decreased connectivity following MA),"ICA (Informax algorithm, 40 components); paired t-test within DMN mask",
23840533,c_EA_DMN_rest1_vs_rest2,EA: DMN Rest 1 < Rest 2 (increased connectivity post-EA),paired t-test: rest 1 vs rest 2 within DMN mask,rest,rest,verum_post_gt_pre,network_ica,,True,4,Rest 1 < Rest 2 (increased connectivity following EA),"ICA (Informax algorithm, 40 components); paired t-test within DMN mask",
23840533,c_EA_DMN_rest1_gt_rest2,EA: DMN Rest 1 > Rest 2 (decreased connectivity post-EA),paired t-test: rest 1 vs rest 2 within DMN mask,rest,rest,deactivation,network_ica,,True,2,Rest 1 > Rest 2 (decreased connectivity following EA),"ICA (Informax algorithm, 40 components); paired t-test within DMN mask",
23840533,c_TEAS_DMN_rest1_gt_rest2,TEAS: DMN Rest 1 > Rest 2 (decreased connectivity post-TEAS),paired t-test: rest 1 vs rest 2 within DMN mask,rest,rest,deactivation,network_ica,,True,1,Rest 1 > Rest 2 (decreased connectivity following TEAS),"ICA (Informax algorithm, 40 components); paired t-test within DMN mask",
23840533,c_SC_DMN_sustained,sensory control: DMN,paired t-test: rest 1 vs rest 2 within DMN mask,rest,rest,sham_post_gt_pre,network_ica,,False,0,no statistically significant region,"ICA (Informax algorithm, 40 components); paired t-test within DMN mask",
23840533,c_TEAS_SMN_rest1_vs_rest2,TEAS: SMN Rest 1 < Rest 2 (increased connectivity post-TEAS),paired t-test: rest 1 vs rest 2 within SMN mask,rest,rest,verum_post_gt_pre,network_ica,,True,6,Rest 1 < Rest 2 (increased connectivity following TEAS),"ICA (Informax algorithm, 40 components); paired t-test within SMN mask",
23840533,c_MA_SMN_rest1_gt_rest2,MA: SMN Rest 1 > Rest 2 (decreased connectivity post-MA),paired t-test: rest 1 vs rest 2 within SMN mask,rest,rest,deactivation,network_ica,,True,3,Rest 1 > Rest 2 (decreased connectivity following MA),"ICA (Informax algorithm, 40 components); paired t-test within SMN mask",
23840533,c_EA_SMN_rest1_gt_rest2,EA: SMN Rest 1 > Rest 2 (decreased connectivity post-EA),paired t-test: rest 1 vs rest 2 within SMN mask,rest,rest,deactivation,network_ica,,True,2,Rest 1 > Rest 2 (decreased connectivity following EA),"ICA (Informax algorithm, 40 components); paired t-test within SMN mask",
23840533,c_SC_SMN_rest1_gt_rest2,sensory control: SMN Rest 1 > Rest 2 (decreased connectivity post-sensory control),paired t-test: rest 1 vs rest 2 within SMN mask,rest,rest,deactivation,network_ica,,True,2,Rest 1 > Rest 2 (decreased connectivity following sensory control),"ICA (Informax algorithm, 40 components); paired t-test within SMN mask",
23840533,23826116_C1,Regions of activation for group analysis of sensory control in different stimulation periods - Stimulation 1 vs. baseline,activation,sham,baseline,sham_gt_rest,whole_brain_activation,0.0,True,11,positive activation (stimulation > baseline),activation,peak_only_extract
23840533,23826116_C2,Regions of activation for group analysis of sensory control in different stimulation periods - Stimulation 1 vs. baseline negative,activation,sham,baseline,deactivation,whole_brain_activation,,True,4,negative activation (stimulation < baseline),activation,peak_only_extract
23840533,23826116_C3,Regions of activation for group analysis of sensory control in different stimulation periods - Stimulation 2 vs. baseline positive,activation,sham,baseline,sham_gt_rest,whole_brain_activation,0.0,True,5,positive activation (stimulation > baseline),activation,peak_only_extract
23840533,23826116_C4,Regions of activation for group analysis of sensory control in different stimulation periods - Stimulation 2 vs. baseline negative,activation,sham,baseline,deactivation,whole_brain_activation,,True,2,negative activation (stimulation < baseline),activation,peak_only_extract
23840533,23826116_C5,Regions of activation for group analysis of MA in different stimulation periods - Stimulation 1 vs. baseline positive,activation,verum,baseline,verum_gt_rest,whole_brain_activation,,True,4,positive activation (stimulation > baseline),activation,peak_only_extract
23840533,23826116_C6,Regions of activation for group analysis of EA in different stimulation periods - Stimulation 1 vs. baseline positive,activation,verum,baseline,verum_gt_rest,whole_brain_activation,,True,2,positive activation (stimulation > baseline),activation,peak_only_extract
23840533,23826116_C7,Regions of activation for group analysis of EA in different stimulation periods - Stimulation 2 vs. baseline negative,activation,verum,baseline,deactivation,whole_brain_activation,,True,8,negative activation (stimulation < baseline),activation,peak_only_extract
23840533,23826116_C8,Regions of activation for group analysis of TEAS in different stimulation periods - Stimulation 1 vs. baseline positive,activation,verum,baseline,verum_gt_rest,whole_brain_activation,,True,11,positive activation (stimulation > baseline),activation,peak_only_extract
23840533,23826116_C9,Regions of activation for group analysis of TEAS in different stimulation periods - Stimulation 1 vs. baseline negative,activation,verum,baseline,deactivation,whole_brain_activation,,True,3,negative activation (stimulation < baseline),activation,peak_only_extract
23840533,23826116_C10,Regions of activation for group analysis of TEAS in different stimulation periods - Stimulation 2 vs. baseline negative,activation,verum,baseline,deactivation,whole_brain_activation,,True,4,negative activation (stimulation < baseline),activation,peak_only_extract
23840533,23826116_C11,Brain regions in the DMN modulated by different modalities of acupuncture - MA Rest1 < Rest2 (increased connectivity),FC,rest,rest,verum_post_gt_pre,network_ica,,True,4,Rest 1 < Rest 2 (increased connectivity after MA),FC,peak_only_extract
23840533,23826116_C12,Brain regions in the DMN modulated by different modalities of acupuncture - MA Rest1 > Rest2 (decreased connectivity),FC,rest,rest,deactivation,network_ica,,True,1,Rest 1 > Rest 2 (decreased connectivity after MA),FC,peak_only_extract
23840533,23826116_C13,Brain regions in the DMN modulated by different modalities of acupuncture - EA Rest1 < Rest2 (increased connectivity),FC,rest,rest,verum_post_gt_pre,network_ica,,True,4,Rest 1 < Rest 2 (increased connectivity after EA),FC,peak_only_extract
23840533,23826116_C14,Brain regions in the DMN modulated by different modalities of acupuncture - EA Rest1 > Rest2 (decreased connectivity),FC,rest,rest,deactivation,network_ica,,True,2,Rest 1 > Rest 2 (decreased connectivity after EA),FC,peak_only_extract
23840533,23826116_C15,Brain regions in the DMN modulated by different modalities of acupuncture - TEAS Rest1 > Rest2 (decreased connectivity),FC,rest,rest,deactivation,network_ica,,True,2,Rest 1 > Rest 2 (decreased connectivity after TEAS),FC,peak_only_extract
23840533,23826116_C16,Brain regions in the SMN modulated by different modalities of acupuncture - Sensory control Rest1 > Rest2 (decreased connectivity),FC,rest,rest,deactivation,network_ica,,True,2,Rest 1 > Rest 2 (decreased connectivity after sensory control),FC,peak_only_extract
23840533,23826116_C17,Brain regions in the SMN modulated by different modalities of acupuncture - MA Rest1 > Rest2 (decreased connectivity),FC,rest,rest,deactivation,network_ica,,True,2,Rest 1 > Rest 2 (decreased connectivity after MA),FC,peak_only_extract
23840533,23826116_C18,Brain regions in the SMN modulated by different modalities of acupuncture - EA Rest1 > Rest2 (decreased connectivity),FC,rest,rest,deactivation,network_ica,,True,1,Rest 1 > Rest 2 (decreased connectivity after EA),FC,peak_only_extract
23840533,23826116_C19,Brain regions in the SMN modulated by different modalities of acupuncture - TEAS Rest1 < Rest2 (increased connectivity),FC,rest,rest,verum_post_gt_pre,network_ica,,True,6,Rest 1 < Rest 2 (increased connectivity after TEAS),FC,peak_only_extract
23840533,23826116_C20,Brain regions in the SMN modulated by different modalities of acupuncture - Sensory control Rest1 > Rest2 premotor,FC,rest,rest,deactivation,network_ica,,True,1,Rest 1 > Rest 2 (decreased connectivity after sensory control),FC,peak_only_extract
23840533,41626073_SR_C1,stimulation 1 vs. baseline (sensory control),activation,sham,baseline,sham_gt_rest,whole_brain_activation,0.0,True,11,activation,activation,sham_rest_extract
23840533,41626073_SR_C2,stimulation 1 vs. baseline (sensory control),activation,sham,baseline,deactivation,whole_brain_activation,,True,4,deactivation,activation,sham_rest_extract
23840533,41626073_SR_C3,stimulation 2 vs. baseline (sensory control),activation,sham,baseline,sham_gt_rest,whole_brain_activation,0.0,True,5,activation,activation,sham_rest_extract
23840533,41626073_SR_C4,stimulation 2 vs. baseline (sensory control),activation,sham,baseline,deactivation,whole_brain_activation,,True,2,deactivation,activation,sham_rest_extract
41520025,neural_activation_grouplevel_widespread_pain,Group-level differences between EA and ML treatments in associations between changes in brain activation and widespread pain,group difference (ML > EA) in correlation between change in brain activation during evoked pressure-pain and change in widespread pain,sham,rest,correlation_clinical,whole_brain_activation,,True,4,ML > EA (greater positive correlation in ML; greater negative correlation in EA between activation increase and widespread pain decrease),flexible factorial design in SPM12; group-level analysis with Group (EA vs. ML) as factor; age (centered at overall mean) as covariate of no interest; changes in widespread pain as covariate of interest,
41520025,neural_activation_EA_scatterplot_correlations,Correlation between changes in brain activation and changes in PPTol/widespread pain in EA group (scatter plot results),within-group Spearman correlations between change in brain activation and change in PPTol / widespread pain (EA group),verum,rest,correlation_clinical,correlation_brain_behavior,,False,0,EA: negative correlation (greater activation increase associated with greater widespread pain reduction); ML: positive correlation (particularly precuneus),Spearman correlation; extracted from scatter plots (Fig. 2),
41520025,neural_gPPI_EA_RaIC_LS1,gPPI: EA group — FC between right anterior insula (R aIC) seed and left S1 cluster during pain ramp; correlation with widespread pain reduction,group difference in correlation between post-pre change in task-modulated FC and change in widespread pain,verum,rest,correlation_clinical,seed_based_fc,,False,0,EA group: increased FC between R aIC and left S1 associated with greater reductions in widespread pain (negative correlation); ML group: decreased FC between R aIC and left precuneus associated with reductions in widespread pain (positive correlation),Generalized Psychophysiological Interaction (gPPI) analysis; CONN toolbox (v.20.b); second-level analysis with changes in widespread pain as covariate; group comparison,
41520025,neural_mediation_EA_simple_LS1,Mediation (Model 4): L S1 activation mediates relationship between increased PPTol and reduced widespread pain in EA group,simple mediation (Model 4); IV = change in PPTol; M = L S1 activation; DV = change in widespread pain,verum,not_applicable,correlation_clinical,correlation_brain_behavior,,False,0,mediation: increased PPTol → increased L S1 activation → reduced widespread pain,"SPSS PROCESS macro Model 4; bias-corrected bootstrapping with 5,000 bootstrap samples; controlled for age",
41520025,neural_mediation_EA_simple_RS1,Mediation (Model 4): R S1 activation mediates relationship between increased PPTol and reduced widespread pain in EA group,simple mediation (Model 4); IV = change in PPTol; M = R S1 activation; DV = change in widespread pain,verum,not_applicable,correlation_clinical,correlation_brain_behavior,,False,0,mediation: increased PPTol → increased R S1 activation → reduced widespread pain,"SPSS PROCESS macro Model 4; bias-corrected bootstrapping with 5,000 bootstrap samples; controlled for age",
41520025,neural_mediation_EA_simple_LPCC,Mediation (Model 4): L PCC (left posterior cingulate cortex) activation mediates relationship between increased PPTol and reduced widespread pain in EA group,simple mediation (Model 4); IV = change in PPTol; M = L PCC activation; DV = change in widespread pain,verum,not_applicable,correlation_clinical,correlation_brain_behavior,,False,0,mediation: increased PPTol → increased L PCC activation → reduced widespread pain,"SPSS PROCESS macro Model 4; bias-corrected bootstrapping with 5,000 bootstrap samples; controlled for age",
41520025,neural_mediation_EA_simple_LPrecuneus,Mediation (Model 4): L Precuneus activation mediates relationship between increased PPTol and reduced widespread pain in EA group,simple mediation (Model 4); IV = change in PPTol; M = L Precuneus activation; DV = change in widespread pain,verum,not_applicable,correlation_clinical,correlation_brain_behavior,,False,0,mediation: increased PPTol → increased L Precuneus activation → reduced widespread pain,"SPSS PROCESS macro Model 4; bias-corrected bootstrapping with 5,000 bootstrap samples; controlled for age",
41520025,neural_serial_mediation_EA_LS1_RaIC,Serial mediation (Model 6) in EA group: ΔPPTol → ΔL S1 activation → ΔL S1–R aIC connectivity → Δwidespread pain,serial mediation (Model 6); IV = change in PPTol; M1 = L S1 activation; M2 = L S1 to R aIC FC; DV = change in widespread pain,verum,not_applicable,correlation_clinical,seed_based_fc,,False,0,increased PPTol → increased L S1 activation → increased L S1–R aIC connectivity → reduced widespread pain,"SPSS PROCESS macro Model 6; serial mediation; bias-corrected bootstrapping with 5,000 bootstrap samples; controlled for age",
41520025,neural_serial_mediation_ML_LPrecuneus_RaIC,Serial mediation (ML group): ΔL Precuneus activation → ΔR aIC–L Precuneus FC → Δwidespread pain,serial mediation; M1 = L Precuneus activation; M2 = R aIC–L Precuneus FC; DV = change in widespread pain,sham,not_applicable,correlation_clinical,seed_based_fc,,False,0,decreased precuneus activation → decreased R aIC–L Precuneus FC → reduced widespread pain (ML group),SPSS PROCESS macro (model type not explicitly specified for ML); mediation analysis; bias-corrected bootstrapping; controlled for age,
41520025,neural_gPPI_LS1_activation_FC_mediation,Mediation: FC between left S1 and R aIC mediates the relationship between S1 activation and reductions in widespread pain following treatment (EA group),mediation; M = L S1–R aIC FC; mediates S1 activation → widespread pain,verum,not_applicable,correlation_clinical,seed_based_fc,,False,0,positive correlation between L S1 activation and L S1–R aIC FC; FC mediates S1 activation → reduced widespread pain,mediation analysis (Supplemental Table 2; details not fully provided in main text),
41520025,NR_C1,Regions of interest (ROIs) used for gPPI analysis,FC,verum,not_applicable,other,seed_based_fc,,True,10,NR,FC,peak_only_extract
