pmid,contrast_id,contrast_category,brain_region,hemisphere,x,y,z,coordinate_space,statistic_type,statistic_value,cluster_size,direction,coordinate_source
16407533,contrast_placebo_gt_control_within_mask,sham_post_gt_pre,Right anterior insula,right,46.0,20.0,-4.0,MNI,Z score,3.21,30,placebo > control,table
16407533,contrast_control_gt_placebo_within_mask,deactivation,Left M1,left,-18.0,-18.0,60.0,MNI,Z score,4.00,170,control > placebo,table
16407533,contrast_placebo_gt_control_outside_mask,sham_post_gt_pre,Right inferior parietal lobule,right,60.0,-36.0,52.0,MNI,Z score,4.19,240,placebo > control,table
16407533,contrast_placebo_gt_control_outside_mask,sham_post_gt_pre,Left superior frontal gyrus,left,-20.0,20.0,66.0,MNI,Z score,3.57,47,placebo > control,table
16407533,contrast_placebo_gt_control_outside_mask,sham_post_gt_pre,Right inferior frontal gyrus/anterior insula,right,48.0,22.0,-2.0,MNI,Z score,3.50,105,placebo > control,table
16407533,contrast_placebo_gt_control_outside_mask,sham_post_gt_pre,Left inferior parietal lobule,left,-56.0,-54.0,46.0,MNI,Z score,3.38,164,placebo > control,table
16407533,contrast_placebo_gt_control_outside_mask,sham_post_gt_pre,Left middle frontal gyrus,left,-46.0,50.0,12.0,MNI,Z score,3.33,74,placebo > control,table
16407533,contrast_placebo_gt_control_outside_mask,sham_post_gt_pre,Right middle frontal gyrus,right,40.0,58.0,2.0,MNI,Z score,3.05,31,placebo > control,table
16407533,contrast_placebo_gt_control_outside_mask,sham_post_gt_pre,Right middle frontal gyrus,right,52.0,38.0,26.0,MNI,Z score,3.02,36,placebo > control,table
16407533,contrast_placebo_gt_control_outside_mask,sham_post_gt_pre,Left inferior frontal gyrus,left,-54.0,12.0,28.0,MNI,Z score,2.98,87,placebo > control,table
16407533,contrast_placebo_gt_control_outside_mask,sham_post_gt_pre,Bilateral rACC,bilateral,2.0,44.0,10.0,MNI,Z score,2.96,33,placebo > control,table
16407533,contrast_placebo_gt_control_outside_mask,sham_post_gt_pre,Right inferior frontal gyrus,right,48.0,40.0,8.0,MNI,Z score,2.86,27,placebo > control,table
16407533,contrast_placebo_gt_control_outside_mask,sham_post_gt_pre,Right supramarginal gyrus,right,60.0,-58.0,32.0,MNI,Z score,2.81,29,placebo > control,table
16407533,contrast_correlation_negative,correlation_clinical,Left inferior frontal gyrus,left,-22.0,12.0,-20.0,MNI,Z score,3.69,52,negative correlation,table
16407533,contrast_correlation_negative,correlation_clinical,Right inferior frontal gyrus,right,28.0,48.0,2.0,MNI,Z score,3.15,20,negative correlation,table
16407533,contrast_correlation_negative,correlation_clinical,Left inferior frontal cortex,left,-48.0,40.0,6.0,MNI,Z score,3.06,41,negative correlation,table
16407533,contrast_correlation_negative,correlation_clinical,Right middle frontal gyrus,right,26.0,0.0,48.0,MNI,Z score,3.01,21,negative correlation,table
16407533,contrast_correlation_negative,correlation_clinical,Bilateral rACC,bilateral,10.0,36.0,-2.0,MNI,Z score,2.82,22,negative correlation,table
16407533,contrast_correlation_negative,correlation_clinical,Right fusiform gyrus,right,-50.0,-48.0,-20.0,MNI,Z score,2.83,27,negative correlation,table
16407533,contrast_correlation_negative,correlation_clinical,Right parahippocampus,right,12.0,-32.0,-4.0,MNI,Z score,3.49,40,negative correlation,table
16407533,contrast_correlation_negative,correlation_clinical,Left cerebellum,left,-32.0,-72.0,-30.0,MNI,Z score,3.38,25,negative correlation,table
16407533,contrast_correlation_negative,correlation_clinical,Right cerebellum,right,36.0,-60.0,-44.0,MNI,Z score,2.88,26,negative correlation,table
16407533,contrast_correlation_negative,correlation_clinical,Right pons,right,10.0,-32.0,-26.0,MNI,Z score,3.70,64,negative correlation,table
16407533,contrast_post_high_placebo_gt_control_within_mask,sham_post_gt_pre,Right thalamus,right,2.0,-14.0,8.0,MNI,Z score,3.54,34,placebo > control,table
16407533,contrast_post_high_placebo_gt_control_within_mask,sham_post_gt_pre,Right anterior insula,right,46.0,20.0,-4.0,MNI,Z score,3.43,47,placebo > control,table
16407533,contrast_post_high_placebo_gt_control_within_mask,sham_post_gt_pre,Left SII,left,-62.0,-26.0,24.0,MNI,Z score,3.28,83,placebo > control,table
16407533,contrast_post_high_placebo_gt_control_within_mask,sham_post_gt_pre,Left thalamus,left,-4.0,-12.0,8.0,MNI,Z score,3.21,33,placebo > control,table
16407533,contrast_post_high_placebo_gt_control_within_mask,sham_post_gt_pre,Left pons,left,-8.0,-32.0,-36.0,MNI,Z score,3.12,29,placebo > control,table
16407533,contrast_post_high_placebo_gt_control_within_mask,sham_post_gt_pre,Right inferior frontal gyrus (47)/insula,right,56.0,28.0,-2.0,MNI,Z score,4.36,1717,placebo > control,table
16407533,contrast_post_high_placebo_gt_control_within_mask,sham_post_gt_pre,Right inferior parietal cortex,right,56.0,-50.0,32.0,MNI,Z score,4.28,766,placebo > control,table
16407533,contrast_post_high_placebo_gt_control_within_mask,sham_post_gt_pre,Posterior cingulate,not_reported,8.0,-34.0,34.0,MNI,Z score,4.22,801,placebo > control,table
16407533,contrast_post_high_placebo_gt_control_within_mask,sham_post_gt_pre,Bilateral rACC,bilateral,4.0,44.0,8.0,MNI,Z score,4.03,578,placebo > control,table
16407533,contrast_post_high_placebo_gt_control_within_mask,sham_post_gt_pre,Right inferior parietal cortex,right,62.0,-30.0,50.0,MNI,Z score,4,263,placebo > control,table
16407533,contrast_post_high_placebo_gt_control_within_mask,sham_post_gt_pre,Left inferior parietal cortex,left,-56.0,-54.0,46.0,MNI,Z score,3.94,574,placebo > control,table
16407533,contrast_post_high_placebo_gt_control_within_mask,sham_post_gt_pre,Left middle/inferior frontal gyrus,left,-50.0,44.0,12.0,MNI,Z score,3.60,91,placebo > control,table
16407533,contrast_post_high_placebo_gt_control_within_mask,sham_post_gt_pre,Right superior frontal gyrus,right,18.0,32.0,50.0,MNI,Z score,3.52,264,placebo > control,table
16407533,contrast_post_high_placebo_gt_control_within_mask,sham_post_gt_pre,Right superior frontal gyrus,right,4.0,68.0,16.0,MNI,Z score,3.39,95,placebo > control,table
16407533,contrast_post_high_placebo_gt_control_within_mask,sham_post_gt_pre,Left inferior frontal gyrus,left,-46.0,6.0,26.0,MNI,Z score,3.05,23,placebo > control,table
16407533,contrast_post_high_placebo_gt_control_within_mask,sham_post_gt_pre,Left inferior frontal gyrus,left,-50.0,20.0,-6.0,MNI,Z score,3.04,50,placebo > control,table
16407533,16399_C1,sham_post_gt_pre,Right anterior insula,R,46.0,20.0,-4.0,MNI,Z,3.21,30,Placebo > Control,Table 3
16407533,16399_C1,sham_post_gt_pre,Right inferior parietal lobule,R,60.0,-36.0,52.0,MNI,Z,4.19,240,Placebo > Control,Table 3
16407533,16399_C1,sham_post_gt_pre,Left superior frontal gyrus,L,-20.0,20.0,66.0,MNI,Z,3.57,47,Placebo > Control,Table 3
16407533,16399_C1,sham_post_gt_pre,Right inferior frontal gyrus/anterior insula,R,48.0,22.0,-2.0,MNI,Z,3.5,105,Placebo > Control,Table 3
16407533,16399_C1,sham_post_gt_pre,Left inferior parietal lobule,L,-56.0,-54.0,46.0,MNI,Z,3.38,164,Placebo > Control,Table 3
16407533,16399_C1,sham_post_gt_pre,Left middle frontal gyrus,L,-46.0,50.0,12.0,MNI,Z,3.33,74,Placebo > Control,Table 3
16407533,16399_C1,sham_post_gt_pre,Right middle frontal gyrus,R,40.0,58.0,2.0,MNI,Z,3.05,31,Placebo > Control,Table 3
16407533,16399_C1,sham_post_gt_pre,Right middle frontal gyrus,R,52.0,38.0,26.0,MNI,Z,3.02,36,Placebo > Control,Table 3
16407533,16399_C1,sham_post_gt_pre,Left inferior frontal gyrus,L,-54.0,12.0,28.0,MNI,Z,2.98,87,Placebo > Control,Table 3
16407533,16399_C1,sham_post_gt_pre,Bilateral rACC,midline,2.0,44.0,10.0,MNI,Z,2.96,33,Placebo > Control,Table 3
16407533,16399_C1,sham_post_gt_pre,Right inferior frontal gyrus,R,48.0,40.0,8.0,MNI,Z,2.86,27,Placebo > Control,Table 3
16407533,16399_C1,sham_post_gt_pre,Right supramarginal gyrus,R,60.0,-58.0,32.0,MNI,Z,2.81,29,Placebo > Control,Table 3
16407533,16399_C2,deactivation,Left M1,L,-18.0,-18.0,60.0,MNI,Z,4.0,170,Control > Placebo,Table 3
16407533,16399_C3,correlation_clinical,Left inferior frontal gyrus,L,-22.0,12.0,-20.0,MNI,Z,3.69,52,Negative correlation,Table 4
16407533,16399_C3,correlation_clinical,Right inferior frontal gyrus,R,28.0,48.0,2.0,MNI,Z,3.15,20,Negative correlation,Table 4
16407533,16399_C3,correlation_clinical,Left inferior frontal cortex,L,-48.0,40.0,6.0,MNI,Z,3.06,41,Negative correlation,Table 4
16407533,16399_C3,correlation_clinical,Right middle frontal gyrus,R,26.0,0.0,48.0,MNI,Z,3.01,21,Negative correlation,Table 4
16407533,16399_C3,correlation_clinical,Bilateral rACC,R,10.0,36.0,-2.0,MNI,Z,2.82,22,Negative correlation,Table 4
16407533,16399_C3,correlation_clinical,Right fusiform gyrus,R,50.0,-48.0,-20.0,MNI,Z,2.83,27,Negative correlation,Table 4
16407533,16399_C3,correlation_clinical,Right parahippocampus,R,12.0,-32.0,-4.0,MNI,Z,3.49,40,Negative correlation,Table 4
16407533,16399_C3,correlation_clinical,Left cerebellum,L,-32.0,-72.0,-30.0,MNI,Z,3.38,25,Negative correlation,Table 4
16407533,16399_C3,correlation_clinical,Right cerebellum,R,36.0,-60.0,-44.0,MNI,Z,2.88,26,Negative correlation,Table 4
16407533,16399_C3,correlation_clinical,Right pons,R,10.0,-32.0,-26.0,MNI,Z,3.7,64,Negative correlation,Table 4
16407533,16399_C4,sham_post_gt_pre,Right thalamus,midline,2.0,-14.0,8.0,MNI,Z,3.54,34,Placebo > Control,Table 5
16407533,16399_C4,sham_post_gt_pre,Right anterior insula,R,46.0,20.0,-4.0,MNI,Z,3.43,47,Placebo > Control,Table 5
16407533,16399_C4,sham_post_gt_pre,Left SII,L,-62.0,-26.0,24.0,MNI,Z,3.28,83,Placebo > Control,Table 5
16407533,16399_C4,sham_post_gt_pre,Left thalamus,L,-4.0,-12.0,8.0,MNI,Z,3.21,33,Placebo > Control,Table 5
16407533,16399_C4,sham_post_gt_pre,Left pons,L,-8.0,-32.0,-36.0,MNI,Z,3.12,29,Placebo > Control,Table 5
16407533,16399_C4,sham_post_gt_pre,Right inferior frontal gyrus (47)/insula,R,56.0,28.0,-2.0,MNI,Z,4.36,1717,Placebo > Control,Table 5
16407533,16399_C4,sham_post_gt_pre,Right inferior parietal cortex,R,56.0,-50.0,32.0,MNI,Z,4.28,766,Placebo > Control,Table 5
16407533,16399_C4,sham_post_gt_pre,Posterior cingulate,R,8.0,-34.0,34.0,MNI,Z,4.22,801,Placebo > Control,Table 5
16407533,16399_C4,sham_post_gt_pre,Bilateral rACC,R,4.0,44.0,8.0,MNI,Z,4.03,578,Placebo > Control,Table 5
16407533,16399_C4,sham_post_gt_pre,Right inferior parietal cortex,R,62.0,-30.0,50.0,MNI,Z,4.0,263,Placebo > Control,Table 5
16407533,16399_C4,sham_post_gt_pre,Left inferior parietal cortex,L,-56.0,-54.0,46.0,MNI,Z,3.94,574,Placebo > Control,Table 5
16407533,16399_C4,sham_post_gt_pre,Left middle/inferior frontal gyrus,L,-50.0,44.0,12.0,MNI,Z,3.6,91,Placebo > Control,Table 5
16407533,16399_C4,sham_post_gt_pre,Right superior frontal gyrus,R,18.0,32.0,50.0,MNI,Z,3.52,264,Placebo > Control,Table 5
16407533,16399_C4,sham_post_gt_pre,Right superior frontal gyrus,R,4.0,68.0,16.0,MNI,Z,3.39,95,Placebo > Control,Table 5
16407533,16399_C4,sham_post_gt_pre,Left inferior frontal gyrus,L,-46.0,6.0,26.0,MNI,Z,3.05,23,Placebo > Control,Table 5
16407533,16399_C4,sham_post_gt_pre,Left inferior frontal gyrus,L,-50.0,20.0,-6.0,MNI,Z,3.04,50,Placebo > Control,Table 5
16407533,16399_C5,sham_post_gt_pre,Right anterior insula,R,46.0,20.0,-4.0,MNI,NR,not_reported,not_reported,Placebo > Control,Figure 2B caption
16407533,16399_C6,sham_post_gt_pre,Bilateral rACC,midline,2.0,44.0,10.0,MNI,NR,not_reported,not_reported,Placebo > Control,Figure 2C caption
17240066,contrast_cross_sect_GROUP_x_STIM,group_comparison,pgACC,R,13.0,40.0,6.0,Talairach,Z-score,-3.30,not_reported,negative interaction,table
17240066,contrast_cross_sect_GROUP_x_STIM,group_comparison,amACC,L,-3.0,13.0,34.0,Talairach,Z-score,-3.70,not_reported,negative interaction,table
17240066,contrast_cross_sect_GROUP_x_STIM,group_comparison,amACC,R,8.0,26.0,27.0,Talairach,Z-score,-3.42,not_reported,negative interaction,table
17240066,contrast_cross_sect_GROUP_x_STIM,group_comparison,rspPCC,L,-7.0,-53.0,25.0,Talairach,Z-score,-3.30,not_reported,negative interaction,table
17240066,contrast_cross_sect_GROUP_x_STIM,group_comparison,Amyg,L,-21.0,-8.0,-13.0,Talairach,Z-score,-4.33,not_reported,negative interaction; CTS patients show fMRI signal decrease (deactivation) in response to verum acupuncture,table
17240066,contrast_cross_sect_GROUP_x_STIM,group_comparison,DLPFC,L,-20.0,49.0,9.0,Talairach,Z-score,-3.00,not_reported,negative interaction,table
17240066,contrast_cross_sect_GROUP_x_STIM,group_comparison,VMPFC,R,8.0,41.0,-6.0,Talairach,Z-score,-4.15,not_reported,negative interaction,table
17240066,contrast_cross_sect_GROUP_x_STIM,group_comparison,LatHypothA,L,-7.0,-6.0,-8.0,Talairach,Z-score,2.88,not_reported,positive interaction; CTS patients show fMRI signal increase (activation) in response to verum acupuncture,table
17240066,contrast_cross_sect_GROUP_x_STIM,group_comparison,aInsula,L,-34.0,7.0,-4.0,Talairach,Z-score,-3.16,not_reported,negative interaction,table
17240066,contrast_cross_sect_GROUP_x_STIM,group_comparison,Septal Area,R,2.0,0.0,8.0,Talairach,Z-score,-3.57,not_reported,negative interaction,table
17240066,contrast_cross_sect_GROUP_x_STIM,group_comparison,SMA,L,-6.0,-19.0,51.0,Talairach,Z-score,-4.15,not_reported,negative interaction,table
17240066,contrast_cross_sect_GROUP_x_STIM,group_comparison,SI (3b/1),L,-42.0,-32.0,45.0,Talairach,Z-score,-4.08,not_reported,negative interaction,table
17240066,contrast_cross_sect_GROUP_x_STIM,group_comparison,Thalamus,R,13.0,-12.0,13.0,Talairach,Z-score,-2.85,not_reported,negative interaction,table
17240066,contrast_sham_CTS_vs_HC,group_comparison,pgACC (24/32)/VMPFC,L,-3.0,34.0,-3.0,Talairach,Z-score,3.14,not_reported,CTS > HC,table
17240066,contrast_sham_CTS_vs_HC,group_comparison,Hippocampus,L,-30.0,-21.0,-9.0,Talairach,Z-score,3.17,not_reported,CTS > HC,table
17240066,contrast_sham_CTS_vs_HC,group_comparison,pInsula,L,-38.0,-10.0,10.0,Talairach,Z-score,2.83,not_reported,CTS > HC,table
17240066,contrast_sham_CTS_vs_HC,group_comparison,SI,L,-25.0,-27.0,59.0,Talairach,Z-score,4.80,not_reported,CTS > HC,table
17240066,contrast_sham_CTS_vs_HC,group_comparison,SII,L,-54.0,-16.0,14.0,Talairach,Z-score,3.66,not_reported,CTS > HC,table
17240066,contrast_long_CTS_STIM_x_TIME,group_comparison,amACC,R,7.0,28.0,23.0,Talairach,Z-score,-3.27,not_reported,negative interaction,table
17240066,contrast_long_CTS_STIM_x_TIME,group_comparison,Amygdala,L,-22.0,-8.0,-11.0,Talairach,Z-score,-3.79,not_reported,negative interaction; CTS baseline shows greater deactivation in response to verum acupuncture,table
17240066,contrast_long_CTS_STIM_x_TIME,group_comparison,VMPFC,R,12.0,48.0,-11.0,Talairach,Z-score,-3.37,not_reported,negative interaction,table
17240066,contrast_long_CTS_STIM_x_TIME,group_comparison,LatHypothA,L,-8.0,-8.0,-7.0,Talairach,Z-score,3.37,not_reported,positive interaction; CTS baseline shows activation in response to verum acupuncture,table
17240066,contrast_long_CTS_STIM_x_TIME,group_comparison,aInsula,R,37.0,2.0,3.0,Talairach,Z-score,-3.54,not_reported,negative interaction,table
17240066,contrast_long_CTS_STIM_x_TIME,group_comparison,a/pInsula,L,-37.0,-3.0,7.0,Talairach,Z-score,-3.95,not_reported,negative interaction,table
17240066,contrast_long_CTS_STIM_x_TIME,group_comparison,SI (3b/1),L,-21.0,-28.0,55.0,Talairach,Z-score,-4.37,not_reported,negative interaction,table
17240066,contrast_HC_retest_STIM_x_TIME,group_comparison,cuneus,L,-16.0,-74.0,28.0,Talairach,Z-score,-3.66,not_reported,negative interaction,table
17240066,contrast_HC_retest_STIM_x_TIME,group_comparison,SMG (40),R,59.0,-36.0,37.0,Talairach,Z-score,3.96,not_reported,positive interaction,table
17240066,contrast_HC_retest_STIM_x_TIME,group_comparison,SPL (7),R,29.0,-50.0,60.0,Talairach,Z-score,-3.55,not_reported,negative interaction,table
17240066,contrast_HC_retest_STIM_x_TIME,group_comparison,VMPFC,L,-1.0,43.0,-7.0,Talairach,Z-score,2.85,not_reported,positive interaction,table
17240066,17532141_C1,group_comparison,pgACC,R,13.0,40.0,6.0,TAL,Z,-3.3,not_reported,CTS > HC for LHA (positive); HC > CTS for all others (negative),Table 1
17240066,17532141_C1,group_comparison,amACC,L,-3.0,13.0,34.0,TAL,Z,-3.7,not_reported,CTS > HC for LHA (positive); HC > CTS for all others (negative),Table 1
17240066,17532141_C1,group_comparison,amACC,R,8.0,26.0,27.0,TAL,Z,-3.42,not_reported,CTS > HC for LHA (positive); HC > CTS for all others (negative),Table 1
17240066,17532141_C1,group_comparison,rspPCC,L,-7.0,-53.0,25.0,TAL,Z,-3.3,not_reported,CTS > HC for LHA (positive); HC > CTS for all others (negative),Table 1
17240066,17532141_C1,group_comparison,Amyg,L,-21.0,-8.0,-13.0,TAL,Z,-4.33,not_reported,CTS > HC for LHA (positive); HC > CTS for all others (negative),Table 1
17240066,17532141_C1,group_comparison,DLPFC,L,-20.0,49.0,9.0,TAL,Z,-3.0,not_reported,CTS > HC for LHA (positive); HC > CTS for all others (negative),Table 1
17240066,17532141_C1,group_comparison,VMPFC,R,8.0,41.0,-6.0,TAL,Z,-4.15,not_reported,CTS > HC for LHA (positive); HC > CTS for all others (negative),Table 1
17240066,17532141_C1,group_comparison,LatHypothA,L,-7.0,-6.0,-8.0,TAL,Z,2.88,not_reported,CTS > HC for LHA (positive); HC > CTS for all others (negative),Table 1
17240066,17532141_C1,group_comparison,aInsula,L,-34.0,7.0,-4.0,TAL,Z,-3.16,not_reported,CTS > HC for LHA (positive); HC > CTS for all others (negative),Table 1
17240066,17532141_C1,group_comparison,Septal Area,midline,2.0,0.0,8.0,TAL,Z,-3.57,not_reported,CTS > HC for LHA (positive); HC > CTS for all others (negative),Table 1
17240066,17532141_C1,group_comparison,SMA,L,-6.0,-19.0,51.0,TAL,Z,-4.15,not_reported,CTS > HC for LHA (positive); HC > CTS for all others (negative),Table 1
17240066,17532141_C1,group_comparison,SI,L,-42.0,-32.0,45.0,TAL,Z,-4.08,not_reported,CTS > HC for LHA (positive); HC > CTS for all others (negative),Table 1
17240066,17532141_C1,group_comparison,Thalamus,R,13.0,-12.0,13.0,TAL,Z,-2.85,not_reported,CTS > HC for LHA (positive); HC > CTS for all others (negative),Table 1
17240066,17532141_C3,group_comparison,amACC,R,7.0,28.0,23.0,TAL,Z,-3.27,not_reported,Baseline CTS > Post-acupuncture CTS for most; Post > Baseline for LHA,Table 3
17240066,17532141_C3,group_comparison,Amygdala,L,-22.0,-8.0,-11.0,TAL,Z,-3.79,not_reported,Baseline CTS > Post-acupuncture CTS for most; Post > Baseline for LHA,Table 3
17240066,17532141_C3,group_comparison,VMPFC,R,12.0,48.0,-11.0,TAL,Z,-3.37,not_reported,Baseline CTS > Post-acupuncture CTS for most; Post > Baseline for LHA,Table 3
17240066,17532141_C3,group_comparison,LatHypothA,L,-8.0,-8.0,-7.0,TAL,Z,3.37,not_reported,Baseline CTS > Post-acupuncture CTS for most; Post > Baseline for LHA,Table 3
17240066,17532141_C3,group_comparison,aInsula,R,37.0,2.0,3.0,TAL,Z,-3.54,not_reported,Baseline CTS > Post-acupuncture CTS for most; Post > Baseline for LHA,Table 3
17240066,17532141_C3,group_comparison,a/pInsula,L,-37.0,-3.0,7.0,TAL,Z,-3.95,not_reported,Baseline CTS > Post-acupuncture CTS for most; Post > Baseline for LHA,Table 3
17240066,17532141_C3,group_comparison,SI,L,-21.0,-28.0,55.0,TAL,Z,-4.37,not_reported,Baseline CTS > Post-acupuncture CTS for most; Post > Baseline for LHA,Table 3
17240066,17532141_C4,group_comparison,cuneus,L,-16.0,-74.0,28.0,TAL,Z,-3.66,not_reported,mixed,Table 3
17240066,17532141_C4,group_comparison,SMG,R,59.0,-36.0,37.0,TAL,Z,3.96,not_reported,mixed,Table 3
17240066,17532141_C4,group_comparison,SPL,R,29.0,-50.0,60.0,TAL,Z,-3.55,not_reported,mixed,Table 3
17240066,17532141_C4,group_comparison,VMPFC,midline,-1.0,43.0,-7.0,TAL,Z,2.85,not_reported,mixed,Table 3
19559684,con_GLM_acu_vs_tactile_deact,verum_gt_sham,Precuneus,L,-2.0,-62.0,46.0,Talairach,t*,-16.0,77.0% of structural volume,deactivation,table
19559684,con_GLM_acu_vs_tactile_deact,verum_gt_sham,Precuneus,R,5.0,-60.0,50.0,Talairach,t*,-17.5,90.4% of structural volume,deactivation,table
19559684,con_GLM_acu_vs_tactile_deact,verum_gt_sham,Posterior cingulate,L,-5.0,-53.0,38.0,Talairach,t*,-19.3,61.0% of structural volume,deactivation,table
19559684,con_GLM_acu_vs_tactile_deact,verum_gt_sham,Posterior cingulate,R,2.0,-53.0,36.0,Talairach,t*,-22.3,51.6% of structural volume,deactivation,table
19559684,con_GLM_acu_vs_tactile_deact,verum_gt_sham,Dorsomed prefrontal cortex,L,-6.0,56.0,26.0,Talairach,t*,-6.5,11.9% of structural volume,deactivation,table
19559684,con_GLM_acu_vs_tactile_deact,verum_gt_sham,Dorsomed prefrontal cortex,R,7.0,53.0,17.0,Talairach,t*,-9.6,21.6% of structural volume,deactivation,table
19559684,con_GLM_acu_vs_tactile_deact,verum_gt_sham,Frontal pole,L,-7.0,58.0,-2.0,Talairach,t*,-10.9,37.9% of structural volume,deactivation,table
19559684,con_GLM_acu_vs_tactile_deact,verum_gt_sham,Frontal pole,R,2.0,55.0,-7.0,Talairach,t*,-10.3,49.5% of structural volume,deactivation,table
19559684,con_GLM_acu_vs_tactile_deact,verum_gt_sham,Pregenual cingulate,L,-6.0,35.0,14.0,Talairach,t*,-14.6,43.9% of structural volume,deactivation,table
19559684,con_GLM_acu_vs_tactile_deact,verum_gt_sham,Pregenual cingulate,R,5.0,34.0,9.0,Talairach,t*,-10.2,76.3% of structural volume,deactivation,table
19559684,con_GLM_acu_vs_tactile_deact,verum_gt_sham,Subgenual cingulate,L,-5.0,20.0,-12.0,Talairach,t*,-14.0,26.1% of structural volume,deactivation,table
19559684,con_GLM_acu_vs_tactile_deact,verum_gt_sham,Subgenual cingulate,R,12.0,23.0,-12.0,Talairach,t*,-21.1,45.5% of structural volume,deactivation,table
19559684,con_GLM_acu_vs_tactile_deact,verum_gt_sham,Orbitofrontal cortex,L,-13.0,33.0,-18.0,Talairach,t*,-11.5,6.7% of structural volume,deactivation,table
19559684,con_GLM_acu_vs_tactile_deact,verum_gt_sham,Orbitofrontal cortex,R,15.0,23.0,-13.0,Talairach,t*,-19.3,31.9% of structural volume,deactivation,table
19559684,con_GLM_acu_vs_tactile_deact,verum_gt_sham,Subgenual area,L,-4.0,17.0,-10.0,Talairach,t*,-22.7,53.8% of structural volume,deactivation,table
19559684,con_GLM_acu_vs_tactile_deact,verum_gt_sham,Subgenual area,R,5.0,17.0,-15.0,Talairach,t*,-22.1,66.7% of structural volume,deactivation,table
19559684,con_GLM_acu_vs_tactile_deact,verum_gt_sham,Temporal pole,L,-31.0,8.0,-34.0,Talairach,t*,-24.4,38.6% of structural volume,deactivation,table
19559684,con_GLM_acu_vs_tactile_deact,verum_gt_sham,Temporal pole,R,40.0,13.0,-31.0,Talairach,t*,-23.9,57.4% of structural volume,deactivation,table
19559684,con_GLM_acu_vs_tactile_deact,verum_gt_sham,Amygdala,L,-16.0,1.0,-17.0,Talairach,t*,-5.2,8.3% of structural volume,deactivation,table
19559684,con_GLM_acu_vs_tactile_deact,verum_gt_sham,Amygdala,R,20.0,2.0,-16.0,Talairach,t*,-4.8,23.2% of structural volume,deactivation,table
19559684,con_GLM_acu_vs_tactile_deact,verum_gt_sham,Hippocampus,L,-22.0,-8.0,-19.0,Talairach,t*,-11.8,35.2% of structural volume,deactivation,table
19559684,con_GLM_acu_vs_tactile_deact,verum_gt_sham,Hippocampus,R,25.0,-11.0,-16.0,Talairach,t*,-10.6,32.5% of structural volume,deactivation,table
19559684,con_GLM_acu_vs_tactile_deact,verum_gt_sham,Parahippocampus,L,-29.0,-23.0,-16.0,Talairach,t*,-8.14,28.4% of structural volume,deactivation,table
19559684,con_GLM_acu_vs_tactile_deact,verum_gt_sham,Parahippocampus,R,27.0,-28.0,-18.0,Talairach,t*,-7.84,33.3% of structural volume,deactivation,table
19559684,con_GLM_acu_vs_tactile_deact,verum_gt_sham,Angular gyrus,L,-47.0,-70.0,29.0,Talairach,t*,-13.4,17.6% of structural volume,deactivation,table
19559684,con_GLM_acu_vs_tactile_deact,verum_gt_sham,Angular gyrus,R,47.0,-66.0,29.0,Talairach,t*,-15.1,29.3% of structural volume,deactivation,table
19559684,con_GLM_acu_vs_tactile_deact,verum_gt_sham,Hypothalamus,L,-4.0,-1.0,-9.0,Talairach,t*,-9.2,27.3% of structural volume,deactivation,table
19559684,con_GLM_acu_vs_tactile_deact,verum_gt_sham,Hypothalamus,R,3.0,-1.0,-10.0,Talairach,t*,-13.0,45.5% of structural volume,deactivation,table
19559684,con_GLM_acu_vs_tactile_deact,verum_gt_sham,Cerebellar vermis,not_reported,-2.0,-71.0,-27.0,Talairach,t*,-9.28,30% of structural volume,deactivation,table
19559684,con_GLM_acu_vs_tactile_act,verum_gt_sham,"SII, operculum",L,-60.0,-12.0,18.0,Talairach,t*,6.3,34.5% of structural volume,activation; tactile > acupuncture,table
19559684,con_GLM_acu_vs_tactile_act,verum_gt_sham,"SII, inferior parietal",L,-59.0,-20.0,17.0,Talairach,t*,11.62,28.2% of structural volume,activation; tactile > acupuncture,table
19559684,con_GLM_acu_vs_tactile_act,verum_gt_sham,"SII, inferior parietal",R,61.0,-19.0,19.0,Talairach,t*,7.85,11.1% of structural volume,activation,table
19559684,con_GLM_acu_vs_tactile_act,verum_gt_sham,Anterior insula,L,-28.0,23.0,-2.0,Talairach,t*,5.15,5.1% of structural volume,activation; acupuncture only (nil in tactile),table
19559684,con_GLM_acu_vs_tactile_act,verum_gt_sham,Anterior insula,R,29.0,19.0,1.0,Talairach,t*,14.66,16.7% of structural volume,activation; acupuncture only (nil in tactile),table
19559684,con_GLM_acu_vs_tactile_act,verum_gt_sham,Middle cingulate,L,-9.0,31.0,32.0,Talairach,t*,4.30,0.7% of structural volume,activation; acupuncture only (nil in tactile),table
19559684,con_GLM_acu_vs_tactile_act,verum_gt_sham,Posterior cingulate,L,-4.0,-31.0,23.0,Talairach,t*,6.33,15.0% of structural volume,activation; acupuncture only (nil in tactile),table
19559684,con_GLM_acu_vs_tactile_act,verum_gt_sham,Posterior cingulate,R,3.0,-29.0,27.0,Talairach,t*,6.76,19.4% of structural volume,activation; acupuncture only (nil in tactile),table
19559684,con_GLM_acu_vs_tactile_act,verum_gt_sham,Thalamus,L,-7.0,-7.0,5.0,Talairach,t*,5.29,9.1% of structural volume,activation; acupuncture only (nil in tactile),table
19559684,con_GLM_acu_vs_tactile_act,verum_gt_sham,Thalamus,R,5.0,-7.0,5.0,Talairach,t*,5.00,3.9% of structural volume,activation; acupuncture only (nil in tactile),table
19559684,con_GLM_deqi_vs_pain_deact,correlation_deqi,Posterior cingulate/Precunious,L,-2.0,-53.0,38.0,Talairach,t*,-20.2,not_reported,deactivation in deqi; attenuated in pain,table
19559684,con_GLM_deqi_vs_pain_deact,correlation_deqi,Posterior cingulate/Precunious,R,3.0,-55.0,35.0,Talairach,t*,-20.8,not_reported,deactivation in deqi; attenuated in pain,table
19559684,con_GLM_deqi_vs_pain_deact,correlation_deqi,Pregenual cingulate/Frontal pole,L,-3.0,43.0,2.0,Talairach,t*,-9.5,not_reported,deactivation in deqi; attenuated in pain,table
19559684,con_GLM_deqi_vs_pain_deact,correlation_deqi,Pregenual cingulate/Frontal pole,R,5.0,37.0,8.0,Talairach,t*,-11.3,not_reported,deactivation in deqi; attenuated in pain,table
19559684,con_GLM_deqi_vs_pain_deact,correlation_deqi,Subgenual area,L,-3.0,20.0,-12.0,Talairach,t*,-25.6,not_reported,deactivation in deqi; attenuated in pain,table
19559684,con_GLM_deqi_vs_pain_deact,correlation_deqi,Subgenual area,R,4.0,18.0,-12.0,Talairach,t*,-35.5,not_reported,deactivation in deqi; attenuated in pain,table
19559684,con_GLM_deqi_vs_pain_deact,correlation_deqi,Orbitofrontal cortex,L,-3.0,40.0,-18.0,Talairach,t*,-13,not_reported,deactivation in deqi; nil in pain,table
19559684,con_GLM_deqi_vs_pain_deact,correlation_deqi,Orbitofrontal cortex,R,5.0,52.0,-21.0,Talairach,t*,-20.4,not_reported,deactivation in deqi; nil in pain,table
19559684,con_GLM_deqi_vs_pain_deact,correlation_deqi,Temporal pole,L,-28.0,19.0,-32.0,Talairach,t*,-26,not_reported,deactivation in deqi; attenuated in pain,table
19559684,con_GLM_deqi_vs_pain_deact,correlation_deqi,Temporal pole,R,35.0,19.0,-33.0,Talairach,t*,-25.8,not_reported,deactivation in deqi; attenuated in pain,table
19559684,con_GLM_deqi_vs_pain_deact,correlation_deqi,Amygdala,L,-21.0,-6.0,-20.0,Talairach,t*,-14.3,not_reported,deactivation in deqi; ACTIVATED in pain (t* = 4.8),table
19559684,con_GLM_deqi_vs_pain_deact,correlation_deqi,Amygdala,R,22.0,-8.0,-12.0,Talairach,t*,-13.6,not_reported,deactivation in deqi; attenuated in pain,table
19559684,con_GLM_deqi_vs_pain_deact,correlation_deqi,Hippocampus,L,-18.0,-11.0,-15.0,Talairach,t*,-12.7,not_reported,deactivation in deqi; nil in pain,table
19559684,con_GLM_deqi_vs_pain_deact,correlation_deqi,Hippocampus,R,18.0,-11.0,-14.0,Talairach,t*,-12.7,not_reported,deactivation in deqi; attenuated in pain,table
19559684,con_GLM_deqi_vs_pain_deact,correlation_deqi,Parahippocampus,L,-23.0,-11.0,-22.0,Talairach,t*,-7.9,not_reported,deactivation in deqi; nil in pain,table
19559684,con_GLM_deqi_vs_pain_deact,correlation_deqi,Parahippocampus,R,19.0,-7.0,-25.0,Talairach,t*,-11.6,not_reported,deactivation in deqi; activated in pain,table
19559684,con_GLM_deqi_vs_pain_deact,correlation_deqi,Hypothalamus,L,-1.0,-2.0,-8.0,Talairach,t*,-20.2,not_reported,deactivation in deqi; ACTIVATED in pain (t* = 5.9),table
19559684,con_GLM_deqi_vs_pain_deact,correlation_deqi,Hypothalamus,R,2.0,-2.0,-8.0,Talairach,t*,-18.6,not_reported,deactivation in deqi; ACTIVATED in pain (t* = 5.8),table
19559684,con_GLM_deqi_vs_pain_deact,correlation_deqi,Cerebellar vermis,not_reported,-1.0,-79.0,-30.0,Talairach,t*,-7.9,not_reported,deactivation in deqi; ACTIVATED in pain (t* = 11),table
19559684,con_GLM_deqi_vs_pain_deact,correlation_deqi,Cerebellar vermis,not_reported,-1.0,-65.0,-37.0,Talairach,t*,-6.5,not_reported,deactivation in deqi; ACTIVATED in pain (t* = 9.3),table
19559684,con_GLM_deqi_vs_pain_act,correlation_deqi,"SII, operculum",L,-61.0,-12.0,20.0,Talairach,t*,15.4,not_reported,activation; augmented in pain,table
19559684,con_GLM_deqi_vs_pain_act,correlation_deqi,"SII, operculum",R,59.0,-12.0,20.0,Talairach,t*,6.7,not_reported,activation; ns difference,table
19559684,con_GLM_deqi_vs_pain_act,correlation_deqi,"SII, inferior parietal",L,-59.0,-21.0,22.0,Talairach,t*,19.8,not_reported,activation; augmented in pain,table
19559684,con_GLM_deqi_vs_pain_act,correlation_deqi,"SII, inferior parietal",R,54.0,-21.0,25.0,Talairach,t*,13.3,not_reported,activation; augmented in pain,table
19559684,con_GLM_deqi_vs_pain_act,correlation_deqi,Ant middle cingulate/DMPFC,L,-3.0,14.0,32.0,Talairach,t*,7.4,not_reported,"activation; nil in deqi, augmented in pain",table
19559684,con_GLM_deqi_vs_pain_act,correlation_deqi,Ant middle cingulate/DMPFC,R,4.0,27.0,37.0,Talairach,t*,7.8,not_reported,"activation in deqi (t*=7.8, 0.07%); augmented in pain",table
19559684,con_GLM_deqi_vs_pain_act,correlation_deqi,Ant middle cingulate,R,3.0,11.0,34.0,Talairach,t*,6.2,not_reported,activation; augmented in pain,table
19559684,19591815_C1,deactivation,Precuneus,midline,-2.0,-62.0,46.0,TAL,t,-16.0,not_reported,deactivation (signal decrease),Table 1
19559684,19591815_C1,deactivation,Precuneus,R,5.0,-60.0,50.0,TAL,t,-17.5,not_reported,deactivation (signal decrease),Table 1
19559684,19591815_C1,deactivation,Posterior cingulate,L,-53.0,-53.0,38.0,TAL,t,-19.3,not_reported,deactivation (signal decrease),Table 1
19559684,19591815_C1,deactivation,Posterior cingulate,midline,2.0,-53.0,36.0,TAL,t,-22.3,not_reported,deactivation (signal decrease),Table 1
19559684,19591815_C1,deactivation,Dorsomed prefrontal cortex,L,-6.0,56.0,26.0,TAL,t,-6.5,not_reported,deactivation (signal decrease),Table 1
19559684,19591815_C1,deactivation,Dorsomed prefrontal cortex,R,7.0,53.0,17.0,TAL,t,-9.6,not_reported,deactivation (signal decrease),Table 1
19559684,19591815_C1,deactivation,Frontal pole,L,-7.0,58.0,-2.0,TAL,t,-10.9,not_reported,deactivation (signal decrease),Table 1
19559684,19591815_C1,deactivation,Frontal pole,midline,2.0,55.0,-7.0,TAL,t,-10.3,not_reported,deactivation (signal decrease),Table 1
19559684,19591815_C1,deactivation,Pregenual cingulate,L,-6.0,35.0,14.0,TAL,t,-14.6,not_reported,deactivation (signal decrease),Table 1
19559684,19591815_C1,deactivation,Pregenual cingulate,R,5.0,34.0,9.0,TAL,t,-10.2,not_reported,deactivation (signal decrease),Table 1
19559684,19591815_C1,deactivation,Subgenual cingulate,L,-5.0,20.0,-12.0,TAL,t,-14.0,not_reported,deactivation (signal decrease),Table 1
19559684,19591815_C1,deactivation,Subgenual cingulate,R,12.0,23.0,-12.0,TAL,t,-21.1,not_reported,deactivation (signal decrease),Table 1
19559684,19591815_C1,deactivation,Orbitofrontal cortex,L,-13.0,33.0,-18.0,TAL,t,-11.5,not_reported,deactivation (signal decrease),Table 1
19559684,19591815_C1,deactivation,Orbitofrontal cortex,R,15.0,23.0,-13.0,TAL,t,-19.3,not_reported,deactivation (signal decrease),Table 1
19559684,19591815_C1,deactivation,Subgenual area,L,-4.0,17.0,-10.0,TAL,t,-22.7,not_reported,deactivation (signal decrease),Table 1
19559684,19591815_C1,deactivation,Subgenual area,R,5.0,17.0,-15.0,TAL,t,-22.1,not_reported,deactivation (signal decrease),Table 1
19559684,19591815_C1,deactivation,Temporal pole,L,-31.0,8.0,-34.0,TAL,t,-24.4,not_reported,deactivation (signal decrease),Table 1
19559684,19591815_C1,deactivation,Temporal pole,R,40.0,13.0,-31.0,TAL,t,-23.9,not_reported,deactivation (signal decrease),Table 1
19559684,19591815_C1,deactivation,Amygdala,L,-16.0,1.0,-17.0,TAL,t,-5.2,not_reported,deactivation (signal decrease),Table 1
19559684,19591815_C1,deactivation,Amygdala,R,20.0,2.0,-16.0,TAL,t,-4.8,not_reported,deactivation (signal decrease),Table 1
19559684,19591815_C1,deactivation,Hippocampus,L,-22.0,-8.0,-19.0,TAL,t,-11.8,not_reported,deactivation (signal decrease),Table 1
19559684,19591815_C1,deactivation,Hippocampus,R,25.0,-11.0,-16.0,TAL,t,-10.6,not_reported,deactivation (signal decrease),Table 1
19559684,19591815_C1,deactivation,Parahippocampus,L,-29.0,-23.0,-16.0,TAL,t,-8.14,not_reported,deactivation (signal decrease),Table 1
19559684,19591815_C1,deactivation,Parahippocampus,R,27.0,-28.0,-18.0,TAL,t,-7.84,not_reported,deactivation (signal decrease),Table 1
19559684,19591815_C1,deactivation,Angular gyrus,L,-47.0,-70.0,29.0,TAL,t,-13.4,not_reported,deactivation (signal decrease),Table 1
19559684,19591815_C1,deactivation,Angular gyrus,R,47.0,-66.0,29.0,TAL,t,-15.1,not_reported,deactivation (signal decrease),Table 1
19559684,19591815_C1,deactivation,Hypothalamus,L,-4.0,-1.0,-9.0,TAL,t,-9.2,not_reported,deactivation (signal decrease),Table 1
19559684,19591815_C1,deactivation,Hypothalamus,R,3.0,-1.0,-10.0,TAL,t,-13.0,not_reported,deactivation (signal decrease),Table 1
19559684,19591815_C1,deactivation,Cerebellar vermis lobule VII,midline,-2.0,-71.0,-27.0,TAL,t,-9.28,not_reported,deactivation (signal decrease),Table 1
19559684,19591815_C2,verum_gt_rest,"SII, operculum",L,-60.0,-12.0,18.0,TAL,t,6.3,not_reported,activation (signal increase),Table 1
19559684,19591815_C2,verum_gt_rest,"SII, inferior parietal",L,-59.0,-20.0,17.0,TAL,t,11.62,not_reported,activation (signal increase),Table 1
19559684,19591815_C2,verum_gt_rest,"SII, inferior parietal",R,61.0,-19.0,19.0,TAL,t,7.85,not_reported,activation (signal increase),Table 1
19559684,19591815_C2,verum_gt_rest,Anterior insula,L,-28.0,23.0,-2.0,TAL,t,5.15,not_reported,activation (signal increase),Table 1
19559684,19591815_C2,verum_gt_rest,Anterior insula,R,29.0,19.0,1.0,TAL,t,14.66,not_reported,activation (signal increase),Table 1
19559684,19591815_C2,verum_gt_rest,Middle cingulate,L,-9.0,31.0,32.0,TAL,t,4.3,not_reported,activation (signal increase),Table 1
19559684,19591815_C2,verum_gt_rest,Posterior cingulate,L,-4.0,-31.0,23.0,TAL,t,6.33,not_reported,activation (signal increase),Table 1
19559684,19591815_C2,verum_gt_rest,Posterior cingulate,R,3.0,-29.0,27.0,TAL,t,6.76,not_reported,activation (signal increase),Table 1
19559684,19591815_C2,verum_gt_rest,Thalamus,L,-7.0,-7.0,5.0,TAL,t,5.29,not_reported,activation (signal increase),Table 1
19559684,19591815_C2,verum_gt_rest,Thalamus,R,5.0,-7.0,5.0,TAL,t,5.0,not_reported,activation (signal increase),Table 1
19559684,19591815_C3,verum_gt_sham,Precuneus,L,-3.0,-65.0,31.0,TAL,t,-11.5,not_reported,deactivation (signal decrease),Table 1
19559684,19591815_C3,verum_gt_sham,Precuneus,R,10.0,-61.0,49.0,TAL,t,-10.9,not_reported,deactivation (signal decrease),Table 1
19559684,19591815_C3,verum_gt_sham,Posterior cingulate,midline,-2.0,-47.0,39.0,TAL,t,-6.6,not_reported,deactivation (signal decrease),Table 1
19559684,19591815_C3,verum_gt_sham,Posterior cingulate,R,3.0,-63.0,31.0,TAL,t,-6.2,not_reported,deactivation (signal decrease),Table 1
19559684,19591815_C3,verum_gt_sham,Dorsomed prefrontal cortex,R,7.0,49.0,32.0,TAL,t,-4.6,not_reported,deactivation (signal decrease),Table 1
19559684,19591815_C3,verum_gt_sham,Frontal pole,L,-16.0,59.0,0.0,TAL,t,-4.6,not_reported,deactivation (signal decrease),Table 1
19559684,19591815_C3,verum_gt_sham,Frontal pole,R,11.0,62.0,1.0,TAL,t,-6.7,not_reported,deactivation (signal decrease),Table 1
19559684,19591815_C3,verum_gt_sham,Pregenual cingulate,L,-4.0,34.0,14.0,TAL,t,-5.0,not_reported,deactivation (signal decrease),Table 1
19559684,19591815_C3,verum_gt_sham,Pregenual cingulate,R,5.0,34.0,-2.0,TAL,t,-6.0,not_reported,deactivation (signal decrease),Table 1
19559684,19591815_C3,verum_gt_sham,Subgenual cingulate,L,-6.0,25.0,-10.0,TAL,t,-7.2,not_reported,deactivation (signal decrease),Table 1
19559684,19591815_C3,verum_gt_sham,Subgenual cingulate,R,5.0,22.0,-14.0,TAL,t,-11.6,not_reported,deactivation (signal decrease),Table 1
19559684,19591815_C3,verum_gt_sham,Orbitofrontal cortex,L,-11.0,29.0,-16.0,TAL,t,-13.8,not_reported,deactivation (signal decrease),Table 1
19559684,19591815_C3,verum_gt_sham,Orbitofrontal cortex,R,17.0,28.0,-13.0,TAL,t,-13.4,not_reported,deactivation (signal decrease),Table 1
19559684,19591815_C3,verum_gt_sham,Subgenual area,L,-5.0,17.0,-12.0,TAL,t,-17.8,not_reported,deactivation (signal decrease),Table 1
19559684,19591815_C3,verum_gt_sham,Subgenual area,R,6.0,14.0,-12.0,TAL,t,-16.5,not_reported,deactivation (signal decrease),Table 1
19559684,19591815_C3,verum_gt_sham,Temporal pole,L,-34.0,19.0,-31.0,TAL,t,-17.6,not_reported,deactivation (signal decrease),Table 1
19559684,19591815_C3,verum_gt_sham,Temporal pole,R,42.0,13.0,-25.0,TAL,t,-10.9,not_reported,deactivation (signal decrease),Table 1
19559684,19591815_C3,verum_gt_sham,Amygdala,L,-19.0,-3.0,-22.0,TAL,t,-6.5,not_reported,deactivation (signal decrease),Table 1
19559684,19591815_C3,verum_gt_sham,Hippocampus,L,-16.0,-10.0,-10.0,TAL,t,-6.0,not_reported,deactivation (signal decrease),Table 1
19559684,19591815_C3,verum_gt_sham,Hippocampus,R,23.0,-10.0,-19.0,TAL,t,-8.1,not_reported,deactivation (signal decrease),Table 1
19559684,19591815_C3,verum_gt_sham,Parahippocampus,L,-24.0,-30.0,-32.0,TAL,t,-8.48,not_reported,deactivation (signal decrease),Table 1
19559684,19591815_C3,verum_gt_sham,Parahippocampus,R,28.0,-25.0,-20.0,TAL,t,-7.8,not_reported,deactivation (signal decrease),Table 1
19559684,19591815_C3,verum_gt_sham,Angular gyrus,L,-48.0,-69.0,30.0,TAL,t,-7.8,not_reported,deactivation (signal decrease),Table 1
19559684,19591815_C3,verum_gt_sham,Angular gyrus,R,46.0,-67.0,32.0,TAL,t,-9.1,not_reported,deactivation (signal decrease),Table 1
19559684,19591815_C3,verum_gt_sham,Hypothalamus,L,-4.0,1.0,-6.0,TAL,t,-4.1,not_reported,deactivation (signal decrease),Table 1
19559684,19591815_C4,verum_gt_sham,"SII, operculum",L,-56.0,-12.0,13.0,TAL,t,10.8,not_reported,activation (signal increase),Table 1
19559684,19591815_C4,verum_gt_sham,"SII, inferior parietal",L,-59.0,-21.0,16.0,TAL,t,16.2,not_reported,activation (signal increase),Table 1
19559684,19591815_C4,verum_gt_sham,"SII, inferior parietal",R,62.0,-30.0,27.0,TAL,t,7.6,not_reported,activation (signal increase),Table 1
19559684,19591815_C4,verum_gt_sham,Thalamus,R,3.0,-7.0,10.0,TAL,t,3.6,not_reported,activation (signal increase),Table 1
19559684,19591815_C5,correlation_deqi,Posterior cingulate/Precuneus (Deqi),midline,-2.0,-53.0,38.0,TAL,t,-20.2,not_reported,deactivation attenuated by pain (deqi > mixed),Table 2
19559684,19591815_C5,correlation_deqi,Posterior cingulate/Precuneus (Mixed),midline,-2.0,-53.0,33.0,TAL,t,-4.8,not_reported,deactivation attenuated by pain (deqi > mixed),Table 2
19559684,19591815_C5,correlation_deqi,Posterior cingulate/Precuneus (Deqi),R,3.0,-55.0,35.0,TAL,t,-20.8,not_reported,deactivation attenuated by pain (deqi > mixed),Table 2
19559684,19591815_C5,correlation_deqi,Posterior cingulate/Precuneus (Mixed),R,3.0,-53.0,33.0,TAL,t,-6.1,not_reported,deactivation attenuated by pain (deqi > mixed),Table 2
19559684,19591815_C5,correlation_deqi,Pregenual cingulate/Frontal pole (Deqi),L,-3.0,43.0,2.0,TAL,t,-9.5,not_reported,deactivation attenuated by pain (deqi > mixed),Table 2
19559684,19591815_C5,correlation_deqi,Pregenual cingulate/Frontal pole (Mixed),midline,-2.0,46.0,2.0,TAL,t,-7.3,not_reported,deactivation attenuated by pain (deqi > mixed),Table 2
19559684,19591815_C5,correlation_deqi,Pregenual cingulate/Frontal pole (Deqi),R,5.0,37.0,8.0,TAL,t,-11.3,not_reported,deactivation attenuated by pain (deqi > mixed),Table 2
19559684,19591815_C5,correlation_deqi,Pregenual cingulate/Frontal pole (Mixed),R,3.0,46.0,2.0,TAL,t,-8.0,not_reported,deactivation attenuated by pain (deqi > mixed),Table 2
19559684,19591815_C5,correlation_deqi,Subgenual area (Deqi),L,-3.0,20.0,-12.0,TAL,t,-25.6,not_reported,deactivation attenuated by pain (deqi > mixed),Table 2
19559684,19591815_C5,correlation_deqi,Subgenual area (Mixed),midline,-2.0,11.0,-9.0,TAL,t,-19.0,not_reported,deactivation attenuated by pain (deqi > mixed),Table 2
19559684,19591815_C5,correlation_deqi,Subgenual area (Deqi),R,4.0,18.0,-12.0,TAL,t,-35.5,not_reported,deactivation attenuated by pain (deqi > mixed),Table 2
19559684,19591815_C5,correlation_deqi,Subgenual area (Mixed),R,4.0,14.0,-10.0,TAL,t,-15.6,not_reported,deactivation attenuated by pain (deqi > mixed),Table 2
19559684,19591815_C5,correlation_deqi,Orbitofrontal cortex (Deqi),L,-3.0,40.0,-18.0,TAL,t,-13.0,not_reported,deactivation attenuated by pain (deqi > mixed),Table 2
19559684,19591815_C5,correlation_deqi,Orbitofrontal cortex (Deqi),R,5.0,52.0,-21.0,TAL,t,-20.4,not_reported,deactivation attenuated by pain (deqi > mixed),Table 2
19559684,19591815_C5,correlation_deqi,Temporal pole (Deqi),L,-28.0,19.0,-32.0,TAL,t,-26.0,not_reported,deactivation attenuated by pain (deqi > mixed),Table 2
19559684,19591815_C5,correlation_deqi,Temporal pole (Mixed),L,-32.0,18.0,-32.0,TAL,t,-7.6,not_reported,deactivation attenuated by pain (deqi > mixed),Table 2
19559684,19591815_C5,correlation_deqi,Temporal pole (Deqi),R,35.0,19.0,-33.0,TAL,t,-25.8,not_reported,deactivation attenuated by pain (deqi > mixed),Table 2
19559684,19591815_C5,correlation_deqi,Temporal pole (Mixed),R,64.0,20.0,-30.0,TAL,t,-18.7,not_reported,deactivation attenuated by pain (deqi > mixed),Table 2
19559684,19591815_C5,correlation_deqi,Amygdala (Deqi),L,-21.0,-6.0,-20.0,TAL,t,-14.3,not_reported,deactivation attenuated by pain (deqi > mixed),Table 2
19559684,19591815_C5,correlation_deqi,Amygdala (Mixed) - activated,L,-25.0,5.0,-12.0,TAL,t,4.8,not_reported,deactivation attenuated by pain (deqi > mixed),Table 2
19559684,19591815_C5,correlation_deqi,Amygdala (Deqi),R,22.0,-8.0,-12.0,TAL,t,-13.6,not_reported,deactivation attenuated by pain (deqi > mixed),Table 2
19559684,19591815_C5,correlation_deqi,Amygdala (Mixed),R,17.0,5.0,-15.0,TAL,t,-7.0,not_reported,deactivation attenuated by pain (deqi > mixed),Table 2
19559684,19591815_C5,correlation_deqi,Hippocampus (Deqi),L,-18.0,-11.0,-15.0,TAL,t,-12.7,not_reported,deactivation attenuated by pain (deqi > mixed),Table 2
19559684,19591815_C5,correlation_deqi,Hippocampus (Deqi),R,18.0,-11.0,-14.0,TAL,t,-12.7,not_reported,deactivation attenuated by pain (deqi > mixed),Table 2
19559684,19591815_C5,correlation_deqi,Hippocampus (Mixed),R,20.0,-16.0,-12.0,TAL,t,-5.0,not_reported,deactivation attenuated by pain (deqi > mixed),Table 2
19559684,19591815_C5,correlation_deqi,Parahippocampus (Deqi),L,-23.0,-11.0,-22.0,TAL,t,-7.9,not_reported,deactivation attenuated by pain (deqi > mixed),Table 2
19559684,19591815_C5,correlation_deqi,Parahippocampus (Deqi),R,19.0,-7.0,-25.0,TAL,t,-11.6,not_reported,deactivation attenuated by pain (deqi > mixed),Table 2
19559684,19591815_C5,correlation_deqi,Parahippocampus (Mixed) - activated,R,25.0,-22.0,-21.0,TAL,t,5.9,not_reported,deactivation attenuated by pain (deqi > mixed),Table 2
19559684,19591815_C5,correlation_deqi,Hypothalamus (Deqi),midline,-1.0,-2.0,-8.0,TAL,t,-20.2,not_reported,deactivation attenuated by pain (deqi > mixed),Table 2
19559684,19591815_C5,correlation_deqi,Hypothalamus (Mixed) - activated,midline,-1.0,-4.0,-7.0,TAL,t,5.9,not_reported,deactivation attenuated by pain (deqi > mixed),Table 2
19559684,19591815_C5,correlation_deqi,Hypothalamus (Deqi),midline,2.0,-2.0,-8.0,TAL,t,-18.6,not_reported,deactivation attenuated by pain (deqi > mixed),Table 2
19559684,19591815_C5,correlation_deqi,Hypothalamus (Mixed) - activated,midline,2.0,-6.0,-6.0,TAL,t,5.8,not_reported,deactivation attenuated by pain (deqi > mixed),Table 2
19559684,19591815_C5,correlation_deqi,Cerebellar vermis lobule VII (Deqi),midline,-1.0,-79.0,-30.0,TAL,t,-7.9,not_reported,deactivation attenuated by pain (deqi > mixed),Table 2
19559684,19591815_C5,correlation_deqi,Cerebellar vermis lobule VII (Mixed) - activated,midline,-1.0,-71.0,-21.0,TAL,t,11.0,not_reported,deactivation attenuated by pain (deqi > mixed),Table 2
19559684,19591815_C5,correlation_deqi,Cerebellar vermis lobule VIII (Deqi),midline,-1.0,-65.0,-37.0,TAL,t,-6.5,not_reported,deactivation attenuated by pain (deqi > mixed),Table 2
19559684,19591815_C5,correlation_deqi,Cerebellar vermis lobule VIII (Mixed) - activated,midline,-1.0,-63.0,-27.0,TAL,t,9.3,not_reported,deactivation attenuated by pain (deqi > mixed),Table 2
19559684,19591815_C6,correlation_deqi,"SII, operculum (Deqi)",L,-61.0,-12.0,20.0,TAL,t,15.4,not_reported,activation network comparison,Table 2
19559684,19591815_C6,correlation_deqi,"SII, operculum (Mixed)",L,-62.0,-13.0,17.0,TAL,t,17.09,not_reported,activation network comparison,Table 2
19559684,19591815_C6,correlation_deqi,"SII, operculum (Deqi)",R,59.0,-12.0,20.0,TAL,t,6.7,not_reported,activation network comparison,Table 2
19559684,19591815_C6,correlation_deqi,"SII, operculum (Mixed)",R,55.0,-6.0,11.0,TAL,t,7.4,not_reported,activation network comparison,Table 2
19559684,19591815_C6,correlation_deqi,"SII, inferior parietal (Deqi)",L,-59.0,-21.0,22.0,TAL,t,19.8,not_reported,activation network comparison,Table 2
19559684,19591815_C6,correlation_deqi,"SII, inferior parietal (Mixed)",L,-64.0,-25.0,20.0,TAL,t,15.7,not_reported,activation network comparison,Table 2
19559684,19591815_C6,correlation_deqi,"SII, inferior parietal (Deqi)",R,54.0,-21.0,25.0,TAL,t,13.3,not_reported,activation network comparison,Table 2
19559684,19591815_C6,correlation_deqi,"SII, inferior parietal (Mixed)",R,55.0,-25.0,26.0,TAL,t,13.0,not_reported,activation network comparison,Table 2
19559684,19591815_C6,correlation_deqi,Ant middle cingulate/DMPFC (Deqi),R,4.0,27.0,37.0,TAL,t,7.8,not_reported,activation network comparison,Table 2
19559684,19591815_C6,correlation_deqi,Ant middle cingulate/DMPFC (Mixed),midline,-2.0,22.0,41.0,TAL,t,11.0,not_reported,activation network comparison,Table 2
19559684,19591815_C6,correlation_deqi,Ant middle cingulate/DMPFC (Mixed),midline,1.0,31.0,34.0,TAL,t,10.0,not_reported,activation network comparison,Table 2
19559684,19591815_C6,correlation_deqi,Ant middle cingulate (Deqi),L,-3.0,14.0,32.0,TAL,t,7.4,not_reported,activation network comparison,Table 2
19559684,19591815_C6,correlation_deqi,Ant middle cingulate (Mixed),L,-3.0,19.0,27.0,TAL,t,6.9,not_reported,activation network comparison,Table 2
19559684,19591815_C6,correlation_deqi,Ant middle cingulate (Deqi),R,3.0,11.0,34.0,TAL,t,6.2,not_reported,activation network comparison,Table 2
19559684,19591815_C6,correlation_deqi,Ant middle cingulate (Mixed),midline,2.0,18.0,31.0,TAL,t,7.6,not_reported,activation network comparison,Table 2
20423216,contrast_acup1_onesample,verum_gt_rest,Middle frontal gyrus,R,43.0,8.0,36.0,Talairach,t value,3.76,not_reported,positive,table
20423216,contrast_acup1_onesample,verum_gt_rest,Inferior frontal gyrus,L,-51.0,5.0,16.0,Talairach,t value,4.62,not_reported,positive,table
20423216,contrast_acup1_onesample,verum_gt_rest,Superior temporal gyrus,L,-44.0,-21.0,9.0,Talairach,t value,4.13,not_reported,positive,table
20423216,contrast_acup1_onesample,verum_gt_rest,Inferior parietal lobule,L,-61.0,-24.0,26.0,Talairach,t value,6.24,not_reported,positive,table
20423216,contrast_acup1_onesample,verum_gt_rest,Inferior parietal lobule,R,54.0,-28.0,24.0,Talairach,t value,4.72,not_reported,positive,table
20423216,contrast_acup1_onesample,verum_gt_rest,Hypothalamus,L,-10.0,-6.0,-6.0,Talairach,t value,6.58,not_reported,positive,table
20423216,contrast_acup1_onesample,verum_gt_rest,Thalamus,L,-7.0,-19.0,10.0,Talairach,t value,6.44,not_reported,positive,table
20423216,contrast_acup1_onesample,verum_gt_rest,Claustrum,L,-38.0,-7.0,-2.0,Talairach,t value,5.64,not_reported,positive,table
20423216,contrast_acup1_onesample,verum_gt_rest,Cerebellum,L,-3.0,-47.0,-33.0,Talairach,t value,5.4,not_reported,positive,table
20423216,contrast_acup2_onesample,verum_gt_rest,Inferior parietal lobule,R,47.0,-50.0,35.0,Talairach,t value,3.25,not_reported,positive,table
20423216,contrast_acup2_onesample,verum_gt_rest,Thalamus,R,6.0,-25.0,7.0,Talairach,t value,3.77,not_reported,positive,table
20423216,contrast_acup2_onesample,verum_gt_rest,Cerebellum,L,-32.0,-59.0,-47.0,Talairach,t value,4.41,not_reported,positive,table
20423216,contrast_acup1_gt_acup2,other,Paracentral lobule,L,0.0,-30.0,63.0,Talairach,t-value,5.21,not_reported,1st > 2nd,table
20423216,contrast_acup1_gt_acup2,other,Cingulate gyrus,L,-5.0,-1.0,33.0,Talairach,t-value,4.82,not_reported,1st > 2nd,table
20423216,contrast_acup1_gt_acup2,other,Medial globus pallidus,L,-12.0,-6.0,-6.0,Talairach,t-value,5.6,not_reported,1st > 2nd,table
20423216,contrast_acup1_gt_acup2,other,Insula,L,-38.0,3.0,9.0,Talairach,t-value,4.45,not_reported,1st > 2nd,table
20423216,contrast_acup1_gt_acup2,other,Insula,R,40.0,-10.0,15.0,Talairach,t-value,4.17,not_reported,1st > 2nd,table
20423216,contrast_acup1_gt_acup2,other,Claustrum,L,-33.0,-15.0,9.0,Talairach,t-value,3.78,not_reported,1st > 2nd,table
20423216,contrast_acup1_gt_acup2,other,Thalamus,L,-12.0,-12.0,17.0,Talairach,t-value,5,not_reported,1st > 2nd,table
20423216,contrast_acup1_gt_acup2,other,Thalamus,R,19.0,-26.0,17.0,Talairach,t-value,4.21,not_reported,1st > 2nd,table
20423216,contrast_acup1_gt_acup2,other,Cerebellum,L,-4.0,-42.0,-30.0,Talairach,t-value,5.22,not_reported,1st > 2nd,table
20838644,con_LR14_activation,other,Left Postcentral Gyrus,Left,-28.0,-42.0,68.0,MNI,not_reported,not_reported,169,activation,table
20838644,con_LR14_activation,other,Left Superior Frontal Gyrus,Left,-26.0,-6.0,62.0,MNI,not_reported,not_reported,85,activation,table
20838644,con_LR14_activation,other,Left Middle Frontal Gyrus,Left,-44.0,34.0,26.0,MNI,not_reported,not_reported,20,activation,table
20838644,con_LR14_deactivation,deactivation,Left Cerebellar Tonsil,Left,-26.0,-42.0,-32.0,MNI,not_reported,not_reported,54,deactivation,table
20838644,con_LR14_deactivation,deactivation,"Left Occipital Lobe, Precuneus",Left,-8.0,-66.0,18.0,MNI,not_reported,not_reported,69,deactivation,table
20838644,con_CV14_activation,other,Left Posterior Cingulate,Left,-10.0,-50.0,6.0,MNI,not_reported,not_reported,84,activation,table
20838644,con_LR8_activation,other,Left Cingulate Gyrus,Left,-6.0,0.0,42.0,MNI,not_reported,not_reported,48,activation,table
20838644,con_LR8_deactivation,deactivation,Right Middle Frontal Gyrus,Right,36.0,6.0,52.0,MNI,not_reported,not_reported,96,deactivation,table
20838644,con_LR8_deactivation,deactivation,Left Middle Frontal Gyrus,Left,-26.0,12.0,62.0,MNI,not_reported,not_reported,83,deactivation,table
20838644,con_LR8_deactivation,deactivation,Right Superior Frontal Gyrus,Right,20.0,14.0,54.0,MNI,not_reported,not_reported,151,deactivation,table
20838644,con_LR8_deactivation,deactivation,Right Middle Temporal Gyrus,Right,42.0,-60.0,22.0,MNI,not_reported,not_reported,131,deactivation,table
20838644,con_LR8_deactivation,deactivation,Right Caudate,Right,10.0,8.0,8.0,MNI,not_reported,not_reported,35,deactivation,table
20838644,con_control_activation,other,Right Postcentral Gyrus,Right,50.0,-26.0,48.0,MNI,not_reported,not_reported,40,activation,table
20838644,con_control_deactivation,deactivation,Left Parahippocampal Gyrus,Left,-26.0,-56.0,-4.0,MNI,not_reported,not_reported,182,deactivation,table
20838644,32682992_SR_C1,other,Right Postcentral Gyrus,R,50.0,-26.0,48.0,MNI,NR,not_reported,40,activation,Table 1
20838644,32682992_SR_C2,deactivation,Left Parahippocampal Gyrus,L,-26.0,-56.0,-4.0,MNI,NR,not_reported,182,deactivation,Table 1
21080967,contrast_genuine_EA_fcMRI,verum_gt_rest,"Bilateral PAG and surrounding areas (midbrain tegmentum, substantia nigra, raphe nucleus, hypothalamus, striatum, globus pallidum, left insula, thalamus, hippocampus, brain stem, cerebellum)",bilateral,-3.0,-27.0,-6.0,MNI,Z score,Inf,4992,positive,table
21080967,contrast_genuine_EA_fcMRI,verum_gt_rest,"ACC/MPFC, MCC and PCC",not_reported,3.0,21.0,45.0,MNI,Z score,5.18,2269,positive,table
21080967,contrast_genuine_EA_fcMRI,verum_gt_rest,Right inferior parietal lobule,right,45.0,-39.0,33.0,MNI,Z score,4.69,131,positive,table
21080967,contrast_genuine_EA_fcMRI,verum_gt_rest,Right precuneus,right,12.0,-66.0,45.0,MNI,Z score,4.06,42,positive,table
21080967,contrast_genuine_EA_fcMRI,verum_gt_rest,Left precuneus,left,-9.0,-63.0,42.0,MNI,Z score,4.01,78,positive,table
21080967,contrast_genuine_EA_fcMRI,verum_gt_rest,Left inferior parietal lobule,left,-57.0,-39.0,30.0,MNI,Z score,3.95,42,positive,table
21080967,contrast_genuine_EA_fcMRI,verum_gt_rest,Bilateral medial prefrontal cortex,bilateral,-6.0,-9.0,69.0,MNI,Z score,3.66,76,positive,table
21080967,contrast_genuine_EA_fcMRI,verum_gt_rest,Left inferior parietal lobule,left,-42.0,-54.0,51.0,MNI,Z score,3.65,41,positive,table
21080967,contrast_genuine_EA_fcMRI,verum_gt_rest,Left postcentral gyrus,left,-33.0,-21.0,39.0,MNI,Z score,3.6,32,positive,table
21080967,contrast_sham_EA_fcMRI,sham_gt_rest,"Bilateral PAG and surrounding areas (midbrain tegmentum, substantia nigra, raphe nucleus, hypothalamus, striatum, globus pallidum, left insula, thalamus, hippocampus, brain stem, cerebellum)",bilateral,0.0,-27.0,-9.0,MNI,Z score,Inf,5989,positive,table
21080967,contrast_sham_EA_fcMRI,sham_gt_rest,"Bilateral ACC/MPFC, MCC",bilateral,0.0,35.0,27.0,MNI,Z score,5.44,not_reported,positive,table
21080967,contrast_sham_EA_fcMRI,sham_gt_rest,Bilateral PCC/precuneus,bilateral,15.0,-36.0,42.0,MNI,Z score,5.16,190,positive,table
21080967,contrast_sham_EA_fcMRI,sham_gt_rest,Right occipital gyrus,right,42.0,-81.0,27.0,MNI,Z score,4.12,42,positive,table
21080967,contrast_genuine_gt_sham,verum_gt_sham,Left PCC,left,-6.0,-42.0,24.0,MNI,Z score,4.79,42,genuine EA > sham EA,table
21080967,contrast_sham_gt_genuine,verum_gt_sham,Right anterior insula/inferior frontal gyrus,right,33.0,27.0,-3.0,MNI,Z score,3.94,62,sham EA > genuine EA,table
21080967,contrast_interaction,group_comparison,Right superior parietal lobule,right,18.0,-51.0,57.0,MNI,Z score,3.60,43,interaction,table
21080967,contrast_GH_gt_GL,correlation_expectancy,Right inferior parietal lobule,right,39.0,-60.0,48.0,MNI,Z score,4.32,36,GH > GL,table
21080967,contrast_SL_gt_GL,verum_gt_sham,Right superior parietal lobule,right,21.0,-51.0,57.0,MNI,Z score,4.20,47,SL > GL,table
21080967,17240066_C1,group_comparison,LatHypothA,L,-7.0,-6.0,-8.0,TAL,Z,2.88,not_reported,activation,Table 1
21080967,17240066_C2,deactivation,pgACC (24),R,13.0,40.0,6.0,TAL,Z,-3.3,not_reported,deactivation,Table 1
21080967,17240066_C2,deactivation,amACC (24),L,-3.0,13.0,34.0,TAL,Z,-3.7,not_reported,deactivation,Table 1
21080967,17240066_C2,deactivation,amACC (24),R,8.0,26.0,27.0,TAL,Z,-3.42,not_reported,deactivation,Table 1
21080967,17240066_C2,deactivation,rspPCC (31),L,-7.0,-53.0,25.0,TAL,Z,-3.3,not_reported,deactivation,Table 1
21080967,17240066_C2,deactivation,Amyg,L,-21.0,-8.0,-13.0,TAL,Z,-4.33,not_reported,deactivation,Table 1
21080967,17240066_C2,deactivation,DLPFC,L,-20.0,49.0,9.0,TAL,Z,-3.0,not_reported,deactivation,Table 1
21080967,17240066_C2,deactivation,VMPFC,R,8.0,41.0,-6.0,TAL,Z,-4.15,not_reported,deactivation,Table 1
21080967,17240066_C2,deactivation,aInsula,L,-34.0,7.0,-4.0,TAL,Z,-3.16,not_reported,deactivation,Table 1
21080967,17240066_C2,deactivation,Septal Area,midline,2.0,0.0,8.0,TAL,Z,-3.57,not_reported,deactivation,Table 1
21080967,17240066_C2,deactivation,SMA,L,-6.0,-19.0,51.0,TAL,Z,-4.15,not_reported,deactivation,Table 1
21080967,17240066_C2,deactivation,SI (3b/1),L,-42.0,-32.0,45.0,TAL,Z,-4.08,not_reported,deactivation,Table 1
21080967,17240066_C2,deactivation,Thalamus,R,13.0,-12.0,13.0,TAL,Z,-2.85,not_reported,deactivation,Table 1
21080967,17240066_C3,group_comparison,pgACC (24/32)/VMPFC,L,-3.0,34.0,-3.0,TAL,Z,3.14,not_reported,activation,Table 2
21080967,17240066_C3,group_comparison,Hippocampus,L,-30.0,-21.0,-9.0,TAL,Z,3.17,not_reported,activation,Table 2
21080967,17240066_C3,group_comparison,pInsula,L,-38.0,-10.0,10.0,TAL,Z,2.83,not_reported,activation,Table 2
21080967,17240066_C3,group_comparison,SI,L,-25.0,-27.0,59.0,TAL,Z,4.8,not_reported,activation,Table 2
21080967,17240066_C3,group_comparison,SII,L,-54.0,-16.0,14.0,TAL,Z,3.66,not_reported,activation,Table 2
21080967,17240066_C4,group_comparison,LatHypothA,L,-8.0,-8.0,-7.0,TAL,Z,3.37,not_reported,activation,Table 3
21080967,17240066_C5,deactivation,amACC (24),R,7.0,28.0,23.0,TAL,Z,-3.27,not_reported,deactivation,Table 3
21080967,17240066_C5,deactivation,Amygdala,L,-22.0,-8.0,-11.0,TAL,Z,-3.79,not_reported,deactivation,Table 3
21080967,17240066_C5,deactivation,VMPFC,R,12.0,48.0,-11.0,TAL,Z,-3.37,not_reported,deactivation,Table 3
21080967,17240066_C5,deactivation,aInsula,R,37.0,2.0,3.0,TAL,Z,-3.54,not_reported,deactivation,Table 3
21080967,17240066_C5,deactivation,a/pInsula,L,-37.0,-3.0,7.0,TAL,Z,-3.95,not_reported,deactivation,Table 3
21080967,17240066_C5,deactivation,SI (3b/1),L,-21.0,-28.0,55.0,TAL,Z,-4.37,not_reported,deactivation,Table 3
21080967,17240066_C6,group_comparison,cuneus,L,-16.0,-74.0,28.0,TAL,Z,-3.66,not_reported,activation,Table 3
21080967,17240066_C6,group_comparison,SMG (40),R,59.0,-36.0,37.0,TAL,Z,3.96,not_reported,activation,Table 3
21080967,17240066_C6,group_comparison,SPL (7),R,29.0,-50.0,60.0,TAL,Z,-3.55,not_reported,activation,Table 3
21080967,17240066_C6,group_comparison,VMPFC,midline,-1.0,43.0,-7.0,TAL,Z,2.85,not_reported,activation,Table 3
21080967,17240066_SR_C1,sham_gt_rest,"Bilateral PAG and surrounding areas (midbrain tegmentum, substantia nigra, raphe nucleus, hypothalamus, striatum, globus pallidum, left insula, thalamus, hippocampus, brain stem, cerebellum)",midline,0.0,-27.0,-9.0,MNI,Z,not_reported,5989,activation,Table 1
21080967,17240066_SR_C1,sham_gt_rest,Right frontal operculum/inferior frontal gyrus,R,45.0,21.0,15.0,MNI,Z,5.52,not_reported,activation,Table 1
21080967,17240066_SR_C1,sham_gt_rest,Right anterior insula/inferior frontal gyrus,R,42.0,27.0,3.0,MNI,Z,5.39,not_reported,activation,Table 1
21080967,17240066_SR_C1,sham_gt_rest,"Bilateral ACC/MPFC, MCC",midline,0.0,35.0,27.0,MNI,Z,5.44,not_reported,activation,Table 1
21080967,17240066_SR_C1,sham_gt_rest,Left postcentral gyrus/inferior parietal lobule,R,63.0,-24.0,42.0,MNI,Z,5.45,146,activation,Table 1
21080967,17240066_SR_C1,sham_gt_rest,Right inferior parietal lobule,L,-66.0,-33.0,33.0,MNI,Z,5.37,72,activation,Table 1
21080967,17240066_SR_C1,sham_gt_rest,Bilateral PCC/precuneus,R,15.0,-36.0,42.0,MNI,Z,5.16,190,activation,Table 1
21080967,17240066_SR_C1,sham_gt_rest,Right occipital gyrus,R,42.0,-81.0,27.0,MNI,Z,4.12,42,activation,Table 1
22291848,cont_FC_postEA_CV4_vs_rest_increased,verum_post_gt_pre,MPF,left,-12.0,48.0,-8.0,MNI,T,4.8,not_reported,increased,table
22291848,cont_FC_postEA_CV4_vs_rest_increased,verum_post_gt_pre,MPF,right,8.0,48.0,-14.0,MNI,T,5.9,not_reported,increased,table
22291848,cont_FC_postEA_CV4_vs_rest_increased,verum_post_gt_pre,Ventra ACC,left,-6.0,44.0,-4.0,MNI,T,4.3,not_reported,increased,table
22291848,cont_FC_postEA_CV4_vs_rest_increased,verum_post_gt_pre,Ventra ACC,right,4.0,40.0,-10.0,MNI,T,5.32,not_reported,increased,table
22291848,cont_FC_postEA_CV4_vs_rest_increased,verum_post_gt_pre,BA25,left,-8.0,12.0,-12.0,MNI,T,2.8,not_reported,increased,table
22291848,cont_FC_postEA_CV4_vs_rest_increased,verum_post_gt_pre,BA25,right,2.0,14.0,-14.0,MNI,T,3,not_reported,increased,table
22291848,cont_FC_postEA_CV4_vs_rest_increased,verum_post_gt_pre,FP,left,-16.0,60.0,10.0,MNI,T,2.1,not_reported,increased,table
22291848,cont_FC_postEA_CV4_vs_rest_increased,verum_post_gt_pre,Hypothalamus,not_reported,2.0,4.0,-12.0,MNI,T,2.76,not_reported,increased,table
22291848,cont_FC_postEA_CV4_vs_rest_increased,verum_post_gt_pre,"Hp, HP",left,-34.0,-30.0,-8.0,MNI,T,3.5,not_reported,increased,table
22291848,cont_FC_postEA_CV4_vs_rest_increased,verum_post_gt_pre,"Hp, HP",right,18.0,-14.0,-20.0,MNI,T,2.01,not_reported,increased,table
22291848,cont_FC_postEA_CV4_vs_rest_increased,verum_post_gt_pre,SN,right,14.0,-12.0,-10.0,MNI,T,2.14,not_reported,increased,table
22291848,cont_FC_postEA_CV4_vs_rest_increased,verum_post_gt_pre,PCC,left,-10.0,-72.0,50.0,MNI,T,1.88,not_reported,increased,table
22291848,cont_FC_postEA_CV4_vs_rest_increased,verum_post_gt_pre,LMF,left,-38.0,24.0,40.0,MNI,T,2.8,not_reported,increased,table
22291848,cont_FC_postEA_CV4_vs_rest_increased,verum_post_gt_pre,Marginal gyrus,right,54.0,-32.0,38.0,MNI,T,2.67,not_reported,increased,table
22291848,cont_FC_postEA_CV4_vs_rest_increased,verum_post_gt_pre,PAG,left,-6.0,-34.0,-8.0,MNI,T,2.7,not_reported,increased,table
22291848,cont_FC_postEA_CV4_vs_rest_increased,verum_post_gt_pre,Cerebellum,left,-10.0,-46.0,-58.0,MNI,T,3.7,not_reported,increased,table
22291848,cont_FC_postEA_CV12_vs_rest_increased,verum_post_gt_pre,MPF,left,-4.0,44.0,-14.0,MNI,T,4.5,not_reported,increased,table
22291848,cont_FC_postEA_CV12_vs_rest_increased,verum_post_gt_pre,MPF,right,6.0,48.0,-10.0,MNI,T,3.32,not_reported,increased,table
22291848,cont_FC_postEA_CV12_vs_rest_increased,verum_post_gt_pre,Orbital F,right,18.0,48.0,-12.0,MNI,T,3.09,not_reported,increased,table
22291848,cont_FC_postEA_CV12_vs_rest_increased,verum_post_gt_pre,Ventra ACC,left,-8.0,40.0,2.0,MNI,T,3.8,not_reported,increased,table
22291848,cont_FC_postEA_CV12_vs_rest_increased,verum_post_gt_pre,Ventra ACC,right,6.0,34.0,-12.0,MNI,T,4.54,not_reported,increased,table
22291848,cont_FC_postEA_CV12_vs_rest_increased,verum_post_gt_pre,BA25,left,-6.0,18.0,-18.0,MNI,T,2.8,not_reported,increased,table
22291848,cont_FC_postEA_CV12_vs_rest_increased,verum_post_gt_pre,BA25,right,4.0,10.0,-14.0,MNI,T,2.34,not_reported,increased,table
22291848,cont_FC_postEA_CV12_vs_rest_increased,verum_post_gt_pre,"Hp, HP",left,-40.0,-28.0,-18.0,MNI,T,3.8,not_reported,increased,table
22291848,cont_FC_postEA_CV12_vs_rest_increased,verum_post_gt_pre,Amygdala,right,24.0,-8.0,-20.0,MNI,T,2.34,not_reported,increased,table
22291848,cont_FC_postEA_CV12_vs_rest_increased,verum_post_gt_pre,TP,right,38.0,18.0,-42.0,MNI,T,3.24,not_reported,increased,table
22291848,cont_FC_postEA_CV12_vs_rest_increased,verum_post_gt_pre,SN,right,14.0,-12.0,-12.0,MNI,T,2.49,not_reported,increased,table
22291848,cont_FC_postEA_CV12_vs_rest_increased,verum_post_gt_pre,LMF,left,-24.0,20.0,42.0,MNI,T,2.6,not_reported,increased,table
22291848,cont_FC_postEA_CV12_vs_rest_increased,verum_post_gt_pre,PAG,left,-4.0,-36.0,-8.0,MNI,T,2.46,not_reported,increased,table
22291848,cont_FC_postEA_CV12_vs_rest_increased,verum_post_gt_pre,Cerebellum,left,-8.0,-76.0,-35.0,MNI,T,2.71,not_reported,increased,table
22291848,cont_FC_postEA_CV4_vs_CV12,group_comparison,Amygdala,right,24.0,-8.0,-20.0,MNI,T,2.5,not_reported,CV4 > CV12,table
22291848,cont_FC_postEA_CV4_vs_CV12,group_comparison,Marginal gyrus,right,44.0,-34.0,22.0,MNI,T,2.6,not_reported,CV4 > CV12,table
22291848,22474503_C1,verum_post_gt_pre,MPF,L,-12.0,48.0,-8.0,MNI,t,4.8,not_reported,Enhanced local functional connectivity,Table 1
22291848,22474503_C1,verum_post_gt_pre,MPF,R,8.0,48.0,-14.0,MNI,t,5.9,not_reported,Enhanced local functional connectivity,Table 1
22291848,22474503_C1,verum_post_gt_pre,Orbital F,R,16.0,48.0,-12.0,MNI,t,5.67,not_reported,Enhanced local functional connectivity,Table 1
22291848,22474503_C1,verum_post_gt_pre,Ventra ACC,L,-6.0,44.0,-4.0,MNI,t,4.3,not_reported,Enhanced local functional connectivity,Table 1
22291848,22474503_C1,verum_post_gt_pre,Ventra ACC,R,4.0,40.0,-10.0,MNI,t,5.32,not_reported,Enhanced local functional connectivity,Table 1
22291848,22474503_C1,verum_post_gt_pre,Ventra ACC,L,-8.0,12.0,-12.0,MNI,t,2.8,not_reported,Enhanced local functional connectivity,Table 1
22291848,22474503_C1,verum_post_gt_pre,Ventra ACC,midline,2.0,14.0,-14.0,MNI,t,3.0,not_reported,Enhanced local functional connectivity,Table 1
22291848,22474503_C1,verum_post_gt_pre,FP,L,-16.0,60.0,10.0,MNI,t,2.1,not_reported,Enhanced local functional connectivity,Table 1
22291848,22474503_C1,verum_post_gt_pre,Hypothalamus,midline,2.0,4.0,-12.0,MNI,t,2.76,not_reported,Enhanced local functional connectivity,Table 1
22291848,22474503_C1,verum_post_gt_pre,"Hp, HP",L,-34.0,-30.0,-8.0,MNI,t,3.5,not_reported,Enhanced local functional connectivity,Table 1
22291848,22474503_C1,verum_post_gt_pre,"Hp, HP",R,18.0,-14.0,-20.0,MNI,t,2.01,not_reported,Enhanced local functional connectivity,Table 1
22291848,22474503_C1,verum_post_gt_pre,SN,R,14.0,-12.0,-10.0,MNI,t,2.14,not_reported,Enhanced local functional connectivity,Table 1
22291848,22474503_C1,verum_post_gt_pre,PCC,L,-10.0,-72.0,50.0,MNI,t,1.88,not_reported,Enhanced local functional connectivity,Table 1
22291848,22474503_C1,verum_post_gt_pre,LMF,L,-38.0,24.0,40.0,MNI,t,2.8,not_reported,Enhanced local functional connectivity,Table 1
22291848,22474503_C1,verum_post_gt_pre,Marginal gyrus,R,54.0,-32.0,38.0,MNI,t,2.67,not_reported,Enhanced local functional connectivity,Table 1
22291848,22474503_C1,verum_post_gt_pre,PAG,L,-6.0,-34.0,-8.0,MNI,t,2.7,not_reported,Enhanced local functional connectivity,Table 1
22291848,22474503_C1,verum_post_gt_pre,Cerebellum,L,-10.0,-46.0,-58.0,MNI,t,3.7,not_reported,Enhanced local functional connectivity,Table 1
22291848,22474503_C2,verum_post_gt_pre,MPF,L,-4.0,44.0,-14.0,MNI,t,4.5,not_reported,Enhanced local functional connectivity,Table 1
22291848,22474503_C2,verum_post_gt_pre,MPF,R,6.0,48.0,-10.0,MNI,t,3.32,not_reported,Enhanced local functional connectivity,Table 1
22291848,22474503_C2,verum_post_gt_pre,Orbital F,R,18.0,48.0,-12.0,MNI,t,3.09,not_reported,Enhanced local functional connectivity,Table 1
22291848,22474503_C2,verum_post_gt_pre,Ventra ACC,L,-8.0,40.0,2.0,MNI,t,3.8,not_reported,Enhanced local functional connectivity,Table 1
22291848,22474503_C2,verum_post_gt_pre,Ventra ACC,R,6.0,34.0,-12.0,MNI,t,4.54,not_reported,Enhanced local functional connectivity,Table 1
22291848,22474503_C2,verum_post_gt_pre,Ventra ACC,L,-6.0,18.0,-18.0,MNI,t,2.8,not_reported,Enhanced local functional connectivity,Table 1
22291848,22474503_C2,verum_post_gt_pre,Ventra ACC,R,4.0,10.0,-14.0,MNI,t,2.34,not_reported,Enhanced local functional connectivity,Table 1
22291848,22474503_C2,verum_post_gt_pre,"Hp, HP",L,-40.0,-28.0,-18.0,MNI,t,3.8,not_reported,Enhanced local functional connectivity,Table 1
22291848,22474503_C2,verum_post_gt_pre,Amygdala,R,24.0,-8.0,-20.0,MNI,t,2.5,not_reported,Enhanced local functional connectivity,Table 1
22291848,22474503_C2,verum_post_gt_pre,TP,R,38.0,18.0,-42.0,MNI,t,3.24,not_reported,Enhanced local functional connectivity,Table 1
22291848,22474503_C2,verum_post_gt_pre,SN,R,14.0,-12.0,-12.0,MNI,t,2.49,not_reported,Enhanced local functional connectivity,Table 1
22291848,22474503_C2,verum_post_gt_pre,LMF,L,-24.0,20.0,42.0,MNI,t,2.6,not_reported,Enhanced local functional connectivity,Table 1
22291848,22474503_C2,verum_post_gt_pre,Marginal gyrus,R,44.0,-34.0,22.0,MNI,t,2.6,not_reported,Enhanced local functional connectivity,Table 1
22291848,22474503_C2,verum_post_gt_pre,PAG,L,-4.0,-36.0,-8.0,MNI,t,2.46,not_reported,Enhanced local functional connectivity,Table 1
22291848,22474503_C2,verum_post_gt_pre,Cerebellum,L,-8.0,-76.0,-35.0,MNI,t,2.71,not_reported,Enhanced local functional connectivity,Table 1
22291848,22474503_C3,group_comparison,Amygdala,R,24.0,-8.0,-20.0,MNI,t,2.34,not_reported,CV4 > CV12,Table 1
22291848,22474503_C3,group_comparison,PAG (left),L,-4.0,-36.0,-8.0,MNI,t,2.46,not_reported,CV4 > CV12,Table 1
22291848,22474503_C3,group_comparison,Cerebellum,L,-8.0,-76.0,-35.0,MNI,t,2.71,not_reported,CV4 > CV12,Table 1
22291848,22474503_C3,group_comparison,"Marginal gyrus BA40 (right, CV4>CV12)",R,44.0,-34.0,22.0,MNI,t,2.6,not_reported,CV4 > CV12,Table 1
22916152,con_MCI_vs_NOR_rest_increase,group_comparison,Lt. Middle Temporal Gyrus,Left,-57.0,-67.0,13.0,MNI,T-score,3.94,16,increased,table
22916152,con_MCI_vs_NOR_rest_increase,group_comparison,Rt. Inferior Frontal Gyrus,Right,60.0,5.0,16.0,MNI,T-score,5.46,127,increased,table
22916152,con_MCI_vs_NOR_rest_increase,group_comparison,Lt. Middle Frontal Gyrus,Left,-33.0,14.0,61.0,MNI,T-score,4.05,8,increased,table
22916152,con_MCI_vs_NOR_rest_increase,group_comparison,Lt. Middle Frontal Gyrus,Left,-39.0,59.0,7.0,MNI,T-score,3.78,19,increased,table
22916152,con_MCI_vs_NOR_rest_increase,group_comparison,Rt. Inferior Frontal Gyrus,Right,57.0,29.0,7.0,MNI,T-score,3.64,6,increased,table
22916152,con_MCI_vs_NOR_rest_increase,group_comparison,Lt. Inferior Frontal Gyrus,Left,-48.0,47.0,4.0,MNI,T-score,3.37,7,increased,table
22916152,con_MCI_vs_NOR_rest_increase,group_comparison,Lt. Superior Frontal Gyrus,Left,-18.0,62.0,25.0,MNI,T-score,3.30,12,increased,table
22916152,con_MCI_vs_NOR_rest_increase,group_comparison,Lt. Superior Frontal Gyrus,Left,-15.0,23.0,64.0,MNI,T-score,3.15,16,increased,table
22916152,con_MCI_vs_NOR_rest_increase,group_comparison,Lt. Lentiform Nucleus,Left,-15.0,2.0,-5.0,MNI,T-score,3.28,6,increased,table
22916152,con_MCI_vs_NOR_rest_decrease,group_comparison,Rt. Cingulate Gyrus,Right,12.0,-4.0,28.0,MNI,T-score,-3.19,16,decreased,table
22916152,con_MCI_vs_NOR_rest_decrease,group_comparison,Lt. Fusiform Gyrus,Left,-30.0,-37.0,-23.0,MNI,T-score,-3.15,6,decreased,table
22916152,con_AD_vs_NOR_rest_decrease,group_comparison,Lt. Temporal Lobe,Left,-42.0,-19.0,-17.0,MNI,T-score,-4.11,45,decreased,table
22916152,con_AD_vs_NOR_rest_decrease,group_comparison,Lt. Middle Frontal Gyrus,Left,-36.0,50.0,-14.0,MNI,T-score,-3.19,12,decreased,table
22916152,con_AD_vs_MCI_rest_decrease,group_comparison,Lt. Middle Temporal Lobe,Left,-48.0,-34.0,-2.0,MNI,T-score,-4.87,22,decreased,table
22916152,con_AD_vs_MCI_rest_decrease,group_comparison,Lt. Middle Temporal Lobe,Left,-54.0,5.0,-23.0,MNI,T-score,-3.55,8,decreased,table
22916152,con_AD_vs_MCI_rest_decrease,group_comparison,Lt. Inferior Parietal lobule,Left,-60.0,-49.0,43.0,MNI,T-score,-3.89,54,decreased,table
22916152,con_AD_vs_MCI_rest_decrease,group_comparison,Lt. Middle Frontal Gyrus,Left,-30.0,35.0,-14.0,MNI,T-score,-3.54,29,decreased,table
22916152,con_AD_vs_MCI_rest_decrease,group_comparison,Rt. Precentral gyrus,Right,63.0,-1.0,31.0,MNI,T-score,-3.34,8,decreased,table
22916152,con_AD_vs_MCI_rest_decrease,group_comparison,Lt. Frontal Sub Gyral,Left,-12.0,20.0,-8.0,MNI,T-score,-3.24,9,decreased,table
22916152,con_AD_vs_MCI_rest_decrease,group_comparison,Lt. Superior Frontal Gyrus,Left,-33.0,20.0,58.0,MNI,T-score,-3.08,6,decreased,table
22916152,con_MCI_acup_vs_rest_increase,group_comparison,Lt. Cerebellum Posterior lobe,Left,-27.0,-49.0,-50.0,MNI,T-score,4.77,12,increased,table
22916152,con_MCI_acup_vs_rest_increase,group_comparison,Lt. Cerebellum Posterior lobe,Left,-36.0,-70.0,-41.0,MNI,T-score,4.45,109,increased,table
22916152,con_MCI_acup_vs_rest_increase,group_comparison,Rt. Cerebellum Posterior lobe,Right,51.0,-64.0,-38.0,MNI,T-score,6.81,231,increased,table
22916152,con_MCI_acup_vs_rest_increase,group_comparison,Rt. Cerebellum Posterior lobe,Right,36.0,-40.0,-44.0,MNI,T-score,3.78,11,increased,table
22916152,con_MCI_acup_vs_rest_increase,group_comparison,Lt. Cerebellum Posterior lobe,Left,-9.0,-91.0,-26.0,MNI,T-score,4.03,12,increased,table
22916152,con_MCI_acup_vs_rest_increase,group_comparison,Lt. Cerebellum Posterior lobe,Left,-3.0,-61.0,-17.0,MNI,T-score,3.46,6,increased,table
22916152,con_MCI_acup_vs_rest_increase,group_comparison,Lt. Middle Temporal Gyrus,Left,-48.0,11.0,-41.0,MNI,T-score,4.35,24,increased,table
22916152,con_MCI_acup_vs_rest_increase,group_comparison,Lt. Fusiform Gyrus,Left,-36.0,-76.0,-17.0,MNI,T-score,5.55,92,increased,table
22916152,con_MCI_acup_vs_rest_increase,group_comparison,Lt. Inferior Temporal Gyrus,Left,-39.0,-13.0,-26.0,MNI,T-score,3.60,5,increased,table
22916152,con_MCI_acup_vs_rest_increase,group_comparison,Rt. Parahippocampa Gyrus,Right,18.0,-10.0,-17.0,MNI,T-score,5.98,53,increased,table
22916152,con_MCI_acup_vs_rest_increase,group_comparison,Rt. Middle Temporal Gyrus,Right,60.0,8.0,-20.0,MNI,T-score,4.47,18,increased,table
22916152,con_MCI_acup_vs_rest_increase,group_comparison,Rt. Fusiform Gyrus,Right,36.0,-70.0,-17.0,MNI,T-score,4.78,20,increased,table
22916152,con_MCI_acup_vs_rest_increase,group_comparison,Rt. Middle Temporal Gyrus,Right,63.0,-31.0,-14.0,MNI,T-score,3.41,7,increased,table
22916152,con_MCI_acup_vs_rest_increase,group_comparison,Rt. Fusiform Gyrus,Right,21.0,-55.0,-8.0,MNI,T-score,3.36,10,increased,table
22916152,con_MCI_acup_vs_rest_increase,group_comparison,Rt. Middle Temporal Gyrus,Right,66.0,-16.0,-5.0,MNI,T-score,4.39,43,increased,table
22916152,con_MCI_acup_vs_rest_increase,group_comparison,Rt and Lt. Frontal Lobe,bilateral,21.0,44.0,-2.0,MNI,T-score,7.35,9324,increased,table
22916152,con_MCI_acup_vs_rest_increase,group_comparison,Lt. Occipital Lobe,Left,-12.0,-106.0,4.0,MNI,T-score,4.21,25,increased,table
22916152,con_MCI_acup_vs_rest_increase,group_comparison,Rt. Occipital Lobe,Right,45.0,-85.0,4.0,MNI,T-score,5.24,54,increased,table
22916152,con_MCI_acup_vs_rest_increase,group_comparison,Rt. Occipital Lobe,Right,27.0,-97.0,22.0,MNI,T-score,6.09,212,increased,table
22916152,con_MCI_acup_vs_rest_increase,group_comparison,Lt. Inferior Parietal Lobule,Left,-51.0,-40.0,25.0,MNI,T-score,3.85,12,increased,table
22916152,con_MCI_acup_vs_rest_increase,group_comparison,Rt. Inferior Parietal Lobule,Right,54.0,-28.0,25.0,MNI,T-score,3.48,10,increased,table
22916152,con_MCI_acup_vs_rest_increase,group_comparison,Rt. Postcentral Gyrus,Right,54.0,-28.0,43.0,MNI,T-score,3.85,13,increased,table
22916152,con_MCI_acup_vs_rest_increase,group_comparison,Rt. Inferior Parietal Lobule,Right,51.0,-43.0,55.0,MNI,T-score,4.83,26,increased,table
22916152,con_MCI_acup_vs_rest_decrease,group_comparison,Rt. Cerebellum Posterior lobe,Right,33.0,-76.0,-50.0,MNI,T-score,-3.91,5,decreased,table
22916152,con_MCI_acup_vs_rest_decrease,group_comparison,Lt. Cerebellum Posterior lobe,Left,-3.0,-70.0,-50.0,MNI,T-score,-4.53,20,decreased,table
22916152,con_MCI_acup_vs_rest_decrease,group_comparison,Lt. Cerebellum Anterior lobe,Left,-36.0,-40.0,-41.0,MNI,T-score,-3.69,5,decreased,table
22916152,con_MCI_acup_vs_rest_decrease,group_comparison,Rt. Cerebellum Anterior lobe,Right,42.0,-43.0,-32.0,MNI,T-score,-5.19,31,decreased,table
22916152,con_MCI_acup_vs_rest_decrease,group_comparison,Rt. Cerebellum Posterior lobe,Right,24.0,-73.0,-17.0,MNI,T-score,-4.11,10,decreased,table
22916152,con_MCI_acup_vs_rest_decrease,group_comparison,Rt. Temporal lobe,Right,66.0,-7.0,10.0,MNI,T-score,-4.56,7,decreased,table
22916152,con_MCI_acup_vs_rest_decrease,group_comparison,Lt. Superior Frontal Gyrus,Left,-24.0,-10.0,73.0,MNI,T-score,-5.28,60,decreased,table
22916152,con_MCI_acup_vs_rest_decrease,group_comparison,Rt. Middle Frontal Gyrus,Right,27.0,5.0,70.0,MNI,T-score,-4.01,7,decreased,table
22916152,con_MCI_acup_vs_rest_decrease,group_comparison,Rt. Superior Frontal Gyrus,Right,21.0,-10.0,70.0,MNI,T-score,-3.64,16,decreased,table
22916152,con_MCI_acup_vs_rest_decrease,group_comparison,Lt. Precentral Gyrus,Left,-42.0,-10.0,61.0,MNI,T-score,-4.06,5,decreased,table
22916152,con_MCI_acup_vs_rest_decrease,group_comparison,Lt. Paracentral Lobule,Left,-3.0,-28.0,52.0,MNI,T-score,-5.20,52,decreased,table
22916152,con_MCI_acup_vs_rest_decrease,group_comparison,Rt. Postcentral Gyrus,Right,42.0,-28.0,61.0,MNI,T-score,-6.06,222,decreased,table
22916152,con_MCI_acup_vs_rest_decrease,group_comparison,Lt. Superior Parietal Lobe,Left,-30.0,-55.0,67.0,MNI,T-score,-5.15,66,decreased,table
22916152,con_MCI_acup_vs_rest_decrease,group_comparison,Lt. Paracentral Lobule,Left,-15.0,-28.0,76.0,MNI,T-score,-4.20,18,decreased,table
22916152,con_MCI_acup_vs_rest_decrease,group_comparison,Rt. Lingual Gyrus,Right,6.0,-79.0,-11.0,MNI,T-score,-3.88,8,decreased,table
22916152,con_MCI_acup_vs_rest_decrease,group_comparison,Rt. Limbic Lobe,Right,24.0,-10.0,-35.0,MNI,T-score,-4.16,19,decreased,table
22916152,con_AD_acup_vs_rest_increase,group_comparison,Rt. Cerebellum Posterior lobe,Right,51.0,-67.0,-32.0,MNI,T-score,4.14,7,increased,table
22916152,con_AD_acup_vs_rest_increase,group_comparison,Lt. Medial Frontal Gyrus,Left,0.0,53.0,-20.0,MNI,T-score,4.46,18,increased,table
22916152,con_AD_acup_vs_rest_increase,group_comparison,Lt. Inferior Frontal Gyrus,Left,-12.0,11.0,-14.0,MNI,T-score,4.78,31,increased,table
22916152,con_AD_acup_vs_rest_increase,group_comparison,Rt. Middle Frontal Gyrus,Right,27.0,38.0,-5.0,MNI,T-score,4.89,61,increased,table
22916152,con_AD_acup_vs_rest_increase,group_comparison,Rt. Superior Frontal Gyrus,Right,45.0,-85.0,1.0,MNI,T-score,3.74,12,increased,table
22916152,con_AD_acup_vs_rest_increase,group_comparison,Lt. Inferior Frontal Gyrus,Left,-57.0,29.0,7.0,MNI,T-score,4.31,26,increased,table
22916152,con_AD_acup_vs_rest_increase,group_comparison,Rt. Inferior Parietal lobule,Right,42.0,-58.0,58.0,MNI,T-score,4.37,36,increased,table
22916152,con_AD_acup_vs_rest_increase,group_comparison,Rt. Middle Occipital Gyrus,Right,21.0,62.0,-2.0,MNI,T-score,3.83,12,increased,table
22916152,con_AD_acup_vs_rest_increase,group_comparison,Rt. Middle Occipital Gyrus,Right,33.0,-91.0,25.0,MNI,T-score,4.44,20,increased,table
22916152,con_AD_acup_vs_rest_decrease,group_comparison,Lt. Cerebellum Posterior lobe,Left,-39.0,-79.0,-41.0,MNI,T-score,-4.69,8,decreased,table
22916152,con_AD_acup_vs_rest_decrease,group_comparison,Lt. Cerebellum Posterior Lobe,Left,-48.0,-67.0,-38.0,MNI,T-score,-3.59,11,decreased,table
22916152,con_AD_acup_vs_rest_decrease,group_comparison,Rt. Cerebellum Anterior Lobe,Right,30.0,-49.0,-35.0,MNI,T-score,-4.10,66,decreased,table
22916152,con_AD_acup_vs_rest_decrease,group_comparison,Rt. Middle Temporal Gyrus,Right,57.0,2.0,-29.0,MNI,T-score,-3.74,10,decreased,table
22916152,con_AD_acup_vs_rest_decrease,group_comparison,Rt. Superior Temporal Gyrus,Right,42.0,-58.0,13.0,MNI,T-score,-3.44,5,decreased,table
22916152,con_AD_acup_vs_rest_decrease,group_comparison,Rt. Middle Frontal Gyrus,Right,42.0,-1.0,46.0,MNI,T-score,-4.07,60,decreased,table
22916152,con_AD_acup_vs_rest_decrease,group_comparison,Lt. Medial Frontal Gyrus,Left,0.0,-10.0,55.0,MNI,T-score,-3.93,23,decreased,table
22916152,con_AD_acup_vs_rest_decrease,group_comparison,Lt. Brainstem,Left,-6.0,-25.0,-11.0,MNI,T-score,-3.40,5,decreased,table
22916152,con_MCI_postacup_vs_rest_increase,group_comparison,Lt. Cerebellum Posterior Lobe,Left,-36.0,-67.0,-41.0,MNI,T-score,4.57,33,increased,table
22916152,con_MCI_postacup_vs_rest_increase,group_comparison,Rt.Cerebellum Posterior Lobe,Right,51.0,-64.0,-35.0,MNI,T-score,4.51,17,increased,table
22916152,con_MCI_postacup_vs_rest_increase,group_comparison,Rt. Fusiform Gyrus,Right,36.0,-70.0,-20.0,MNI,T-score,5.49,31,increased,table
22916152,con_MCI_postacup_vs_rest_increase,group_comparison,Rt. Parahippocampa Gyrus,Right,21.0,-13.0,-17.0,MNI,T-score,5.34,32,increased,table
22916152,con_MCI_postacup_vs_rest_increase,group_comparison,Rt. Middle temporal Gyrus,Right,57.0,8.0,-23.0,MNI,T-score,4.65,28,increased,table
22916152,con_MCI_postacup_vs_rest_increase,group_comparison,Rt. Middle temporal Gyrus,Right,63.0,-31.0,-17.0,MNI,T-score,4.09,33,increased,table
22916152,con_MCI_postacup_vs_rest_increase,group_comparison,Lt. Fusiform,Left,-33.0,-73.0,-17.0,MNI,T-score,3.65,7,increased,table
22916152,con_MCI_postacup_vs_rest_increase,group_comparison,Rt. Frontal Lobe,Right,12.0,23.0,16.0,MNI,T-score,5.54,1128,increased,table
22916152,con_MCI_postacup_vs_rest_increase,group_comparison,Lt. Medial Frontal gyrus,Left,-18.0,29.0,34.0,MNI,T-score,3.95,169,increased,table
22916152,con_MCI_postacup_vs_rest_increase,group_comparison,Lt. Frontal lobe Sub-Gyral,Left,-27.0,-43.0,-8.0,MNI,T-score,3.76,27,increased,table
22916152,con_MCI_postacup_vs_rest_increase,group_comparison,Lt. Superior Frontal Gyrus,Left,-9.0,26.0,49.0,MNI,T-score,3.37,5,increased,table
22916152,con_MCI_postacup_vs_rest_increase,group_comparison,Rt. Lentiform Nucleus,Right,30.0,-19.0,1.0,MNI,T-score,4.03,17,increased,table
22916152,con_MCI_postacup_vs_rest_increase,group_comparison,Lt. Extra-Nuclear,Left,-18.0,20.0,10.0,MNI,T-score,4.46,165,increased,table
22916152,con_MCI_postacup_vs_rest_increase,group_comparison,Rt. Thalamus,Right,6.0,-22.0,7.0,MNI,T-score,4.26,89,increased,table
22916152,con_MCI_postacup_vs_rest_increase,group_comparison,Rt. Right Cerebrum sub lobar,Right,0.0,8.0,13.0,MNI,T-score,3.38,15,increased,table
22916152,con_MCI_postacup_vs_rest_decrease,group_comparison,Rt.Cerebellum Posterior Lobe,Right,33.0,-76.0,-50.0,MNI,T-score,-4.16,7,decreased,table
22916152,con_MCI_postacup_vs_rest_decrease,group_comparison,Lt. Cerebellum Posterior Lobe,Left,-3.0,-70.0,-47.0,MNI,T-score,-5.06,24,decreased,table
22916152,con_MCI_postacup_vs_rest_decrease,group_comparison,Lt. Cerebellum Anterior Lobe,Left,-42.0,-52.0,-29.0,MNI,T-score,-6.67,108,decreased,table
22916152,con_MCI_postacup_vs_rest_decrease,group_comparison,Lt. Cerebellum Posterior Lobe,Left,-18.0,-85.0,-35.0,MNI,T-score,-4.06,6,decreased,table
22916152,con_MCI_postacup_vs_rest_decrease,group_comparison,Rt.Cerebellum Posterior Lobe,Right,0.0,-70.0,-26.0,MNI,T-score,-4.69,59,decreased,table
22916152,con_MCI_postacup_vs_rest_decrease,group_comparison,Lt. Middle Temporal Gyrus,Left,-57.0,-70.0,7.0,MNI,T-score,-5.17,39,decreased,table
22916152,con_MCI_postacup_vs_rest_decrease,group_comparison,Rt. Fusiform Gyrus,Right,24.0,-73.0,-14.0,MNI,T-score,-4.32,26,decreased,table
22916152,con_MCI_postacup_vs_rest_decrease,group_comparison,Rt. Middle Temporal Gyrus,Right,54.0,-46.0,4.0,MNI,T-score,-4.20,73,decreased,table
22916152,con_MCI_postacup_vs_rest_decrease,group_comparison,Lt. Superior Temporal Gyrus,Left,-57.0,-10.0,7.0,MNI,T-score,-3.86,9,decreased,table
22916152,con_MCI_postacup_vs_rest_decrease,group_comparison,Rt. Inferior Temporal Gyrus,Right,63.0,-58.0,-8.0,MNI,T-score,-3.54,8,decreased,table
22916152,con_MCI_postacup_vs_rest_decrease,group_comparison,Lt. Superior Frontal Gyrus,Left,-15.0,59.0,28.0,MNI,T-score,-5.61,14,decreased,table
22916152,con_MCI_postacup_vs_rest_decrease,group_comparison,Lt. Frontal lobe,Left,-6.0,-1.0,-14.0,MNI,T-score,-4.39,10,decreased,table
22916152,con_MCI_postacup_vs_rest_decrease,group_comparison,Lt. Superior Frontal Gyrus,Left,18.0,-100.0,-11.0,MNI,T-score,-3.69,6,decreased,table
22916152,con_MCI_postacup_vs_rest_decrease,group_comparison,Lt. Inferior Frontal Gyrus,Left,-54.0,8.0,28.0,MNI,T-score,-4.13,32,decreased,table
22916152,con_MCI_postacup_vs_rest_decrease,group_comparison,Rt. Precental Gyrus,Right,66.0,-13.0,31.0,MNI,T-score,-3.99,11,decreased,table
22916152,con_MCI_postacup_vs_rest_decrease,group_comparison,Rt. Precental Gyrus,Right,39.0,-25.0,61.0,MNI,T-score,-4.54,124,decreased,table
22916152,con_MCI_postacup_vs_rest_decrease,group_comparison,Rt. Middle Frontal Gyrus,Right,30.0,2.0,67.0,MNI,T-score,-4.04,17,decreased,table
22916152,con_MCI_postacup_vs_rest_decrease,group_comparison,Lt. Precentral Gyrus,Left,-42.0,-7.0,61.0,MNI,T-score,-3.72,6,decreased,table
22916152,con_MCI_postacup_vs_rest_decrease,group_comparison,Lt. Precentral Gyrus,Left,-36.0,-19.0,67.0,MNI,T-score,-4.41,13,decreased,table
22916152,con_MCI_postacup_vs_rest_decrease,group_comparison,Lt. Superior Frontal Gyrus,Left,-30.0,-7.0,70.0,MNI,T-score,-4.03,30,decreased,table
22916152,con_MCI_postacup_vs_rest_decrease,group_comparison,Rt. Postcentral Gyrus,Right,66.0,-10.0,13.0,MNI,T-score,-4.30,22,decreased,table
22916152,con_MCI_postacup_vs_rest_decrease,group_comparison,Lt. Postcentral Gyrus,Left,-54.0,-19.0,34.0,MNI,T-score,-4.93,257,decreased,table
22916152,con_MCI_postacup_vs_rest_decrease,group_comparison,Lt. Inferior parietal lobule,Left,-36.0,-76.0,49.0,MNI,T-score,-4.11,17,decreased,table
22916152,con_MCI_postacup_vs_rest_decrease,group_comparison,Rt. Angular,Right,36.0,-70.0,55.0,MNI,T-score,-3.83,9,decreased,table
22916152,con_MCI_postacup_vs_rest_decrease,group_comparison,Rt. Superior parietal lobule,Right,30.0,-55.0,52.0,MNI,T-score,-3.87,19,decreased,table
22916152,con_MCI_postacup_vs_rest_decrease,group_comparison,Lt. Superior parietal lobule,Left,-39.0,-40.0,61.0,MNI,T-score,-5.73,276,decreased,table
22916152,con_MCI_postacup_vs_rest_decrease,group_comparison,Rt. Postcentral Gyrus,Right,24.0,-55.0,70.0,MNI,T-score,-6.66,189,decreased,table
22916152,con_MCI_postacup_vs_rest_decrease,group_comparison,Lt. Occipital superior lobe,Left,-15.0,-85.0,46.0,MNI,T-score,-3.62,6,decreased,table
22916152,con_MCI_postacup_vs_rest_decrease,group_comparison,Lt. Cuneus,Left,-27.0,-94.0,28.0,MNI,T-score,-5.82,22,decreased,table
22916152,con_AD_postacup_vs_rest_increase,group_comparison,Rt. Cerebellum Posterior lobe,Right,48.0,-67.0,-29.0,MNI,T-score,4.48,29,increased,table
22916152,con_AD_postacup_vs_rest_increase,group_comparison,Lt. Inferior Temporal Gyrus,Left,-60.0,-22.0,-26.0,MNI,T-score,4.43,7,increased,table
22916152,con_AD_postacup_vs_rest_increase,group_comparison,Rt. Middle Temporal Gyrus,Right,-66.0,-43.0,-5.0,MNI,T-score,3.50,10,increased,table
22916152,con_AD_postacup_vs_rest_increase,group_comparison,Lt. Inferior Frontal Gyrus,Left,-12.0,14.0,-14.0,MNI,T-score,3.49,7,increased,table
22916152,con_AD_postacup_vs_rest_increase,group_comparison,Rt. Superior Frontal Gyrus,Right,21.0,62.0,1.0,MNI,T-score,5.08,32,increased,table
22916152,con_AD_postacup_vs_rest_increase,group_comparison,Rt. Middle Frontal Gyrus,Right,30.0,35.0,-2.0,MNI,T-score,4.47,45,increased,table
22916152,con_AD_postacup_vs_rest_increase,group_comparison,Lt. Superior Frontal Gyrus,Left,-15.0,29.0,46.0,MNI,T-score,4.27,52,increased,table
22916152,con_AD_postacup_vs_rest_increase,group_comparison,Rt. Superior Frontal Gyrus,Right,3.0,32.0,61.0,MNI,T-score,3.42,11,increased,table
22916152,con_AD_postacup_vs_rest_increase,group_comparison,Lt. Precentral Gyrus,Left,-9.0,-22.0,67.0,MNI,T-score,3.34,11,increased,table
22916152,con_AD_postacup_vs_rest_increase,group_comparison,Rt. Precentral Gyrus,Right,21.0,-22.0,70.0,MNI,T-score,3.72,30,increased,table
22916152,con_AD_postacup_vs_rest_increase,group_comparison,Lt. Medial Frontal Gyrus,Left,-3.0,-16.0,76.0,MNI,T-score,3.65,7,increased,table
22916152,con_AD_postacup_vs_rest_increase,group_comparison,Rt. Middle Occipital Gyrus,Right,48.0,-82.0,-2.0,MNI,T-score,4.71,49,increased,table
22916152,con_AD_postacup_vs_rest_increase,group_comparison,Lt. Middle Occipital Gyrus,Left,-42.0,-79.0,13.0,MNI,T-score,4.81,1365,increased,table
22916152,con_AD_postacup_vs_rest_increase,group_comparison,Lt. Supramarginal Gyrus,Left,-54.0,-43.0,31.0,MNI,T-score,3.29,5,increased,table
22916152,con_AD_postacup_vs_rest_increase,group_comparison,Rt. Supramarginal Gyrus,Right,48.0,-52.0,34.0,MNI,T-score,3.50,23,increased,table
22916152,con_AD_postacup_vs_rest_increase,group_comparison,Rt. Superior Parietal lobule,Right,39.0,-61.0,61.0,MNI,T-score,4.46,23,increased,table
22916152,con_AD_postacup_vs_rest_decrease,group_comparison,Lt. Cerebellum Posterior Lobe,Left,-21.0,-61.0,-23.0,MNI,T-score,-3.64,7,decreased,table
22916152,con_AD_postacup_vs_rest_decrease,group_comparison,Rt. Parahippocampa Gyrus,Right,21.0,-10.0,-14.0,MNI,T-score,-3.88,12,decreased,table
22916152,con_AD_postacup_vs_rest_decrease,group_comparison,Lt. Parahippocampa Gyrus,Left,-33.0,-28.0,-26.0,MNI,T-score,-3.68,5,decreased,table
22916152,con_AD_postacup_vs_rest_decrease,group_comparison,Lt. Parahippocampa Gyrus,Left,-15.0,-25.0,-14.0,MNI,T-score,-4.10,100,decreased,table
22916152,con_AD_postacup_vs_rest_decrease,group_comparison,Rt.Middle Frontal Gyrus,Right,42.0,-1.0,46.0,MNI,T-score,-3.58,23,decreased,table
22916152,con_AD_postacup_vs_rest_decrease,group_comparison,Lt. Lingual Gyrus,Left,-3.0,-61.0,1.0,MNI,T-score,-3.95,41,decreased,table
22916152,con_AD_postacup_vs_rest_decrease,group_comparison,Rt.Cingulate Gyrus,Right,12.0,-4.0,37.0,MNI,T-score,-3.40,11,decreased,table
22916152,con_AD_postacup_vs_rest_decrease,group_comparison,Rt.Cingulate Gyrus,Right,6.0,-1.0,49.0,MNI,T-score,-3.57,15,decreased,table
22916152,con_AD_postacup_vs_rest_decrease,group_comparison,Lt. Lentiform Nucleus,Left,-15.0,-4.0,7.0,MNI,T-score,-3.95,36,decreased,table
22916152,con_AD_postacup_vs_rest_decrease,group_comparison,Rt. Brainstem,Right,6.0,-19.0,-14.0,MNI,T-score,-3.35,5,decreased,table
23152865,con_RA_vs_SA,verum_gt_sham,VII,R,4.0,-83.0,32.0,Talairach space,Z,2.91,not_reported,RA > SA,table
23152865,con_RA_vs_SA,verum_gt_sham,Visual-parietal area,R,35.0,-54.0,23.0,Talairach space,Z,2.49,not_reported,RA > SA,table
23152865,con_EG_vs_NE,correlation_expectancy,MFG,L,-2.0,35.0,48.0,Talairach space,Z,4.06,not_reported,EG > NE,table
23152865,con_EG_vs_NE,correlation_expectancy,OFC,R,44.0,19.0,-13.0,Talairach space,Z,2.85,not_reported,EG > NE,table
23152865,con_EG_vs_NE,correlation_expectancy,OFC,L,-42.0,25.0,-15.0,Talairach space,Z,3.27,not_reported,EG > NE,table
23152865,con_EG_vs_NE,correlation_expectancy,DLPFC,R,42.0,38.0,26.0,Talairach space,Z,2.96,not_reported,EG > NE,table
23152865,con_EG_vs_NE,correlation_expectancy,DLPFC,L,-24.0,61.0,8.0,Talairach space,Z,3.07,not_reported,EG > NE,table
23152865,con_EG_vs_NE,correlation_expectancy,SII,R,67.0,-7.0,13.0,Talairach space,Z,2.85,not_reported,EG > NE,table
23152865,con_EG_vs_NE,correlation_expectancy,SII,L,-61.0,-23.0,12.0,Talairach space,Z,2.73,not_reported,EG > NE,table
23152865,con_EG_vs_NE,correlation_expectancy,Temporal pole,L,-24.0,4.0,-30.0,Talairach space,Z,2.84,not_reported,EG > NE,table
23152865,con_EG_vs_NE,correlation_expectancy,VII,R,36.0,-93.0,0.0,Talairach space,Z,3.16,not_reported,EG > NE,table
23152865,con_EG_vs_NE,correlation_expectancy,Cerebellum,R,4.0,-71.0,-13.0,Talairach space,Z,2.62,not_reported,EG > NE,table
23152865,con_EG_vs_NE,correlation_expectancy,Cerebellum,L,-18.0,-85.0,-19.0,Talairach space,Z,2.71,not_reported,EG > NE,table
23152865,con_A_vs_C,verum_gt_sham,VII,R,6.0,-80.0,32.0,Talairach space,Z,3.04,not_reported,Group A > Group C,table
23152865,con_A_vs_C,verum_gt_sham,Cerebellum,R,18.0,-30.0,-15.0,Talairach space,Z,4.04,not_reported,Group A > Group C,table
23152865,con_A_vs_C,verum_gt_sham,Cerebellum,L,-34.0,-45.0,-40.0,Talairach space,Z,2.64,not_reported,Group A > Group C,table
23152865,con_B_vs_D,verum_gt_sham,VII,L,-14.0,-59.0,18.0,Talairach space,Z,2.79,not_reported,Group B > Group D,table
23152865,con_B_vs_D,verum_gt_sham,OFC,R,26.0,38.0,-19.0,Talairach space,Z,3.72,not_reported,Group B > Group D,table
23152865,con_A_vs_B,correlation_expectancy,MFG,L,-1.0,33.0,35.0,Talairach space,Z,3.09,not_reported,Group A > Group B,table
23152865,con_A_vs_B,correlation_expectancy,DLPFC,R,40.0,36.0,28.0,Talairach space,Z,2.47,not_reported,Group A > Group B,table
23152865,con_A_vs_B,correlation_expectancy,DLPFC,L,-26.0,59.0,10.0,Talairach space,Z,3.59,not_reported,Group A > Group B,table
23152865,con_A_vs_B,correlation_expectancy,OFC,R,46.0,19.0,-13.0,Talairach space,Z,2.94,not_reported,Group A > Group B,table
23152865,con_A_vs_B,correlation_expectancy,SI/MI,L,-6.0,-39.0,65.0,Talairach space,Z,2.55,not_reported,Group A > Group B,table
23152865,con_A_vs_B,correlation_expectancy,SI/MI,R,4.0,16.0,43.0,Talairach space,Z,3.21,not_reported,Group A > Group B,table
23152865,con_A_vs_B,correlation_expectancy,SII,R,50.0,-52.0,50.0,Talairach space,Z,2.79,not_reported,Group A > Group B,table
23152865,con_A_vs_B,correlation_expectancy,SII,R,28.0,-65.0,60.0,Talairach space,Z,3.42,not_reported,Group A > Group B,table
23152865,con_A_vs_B,correlation_expectancy,Temporal pole,L,-44.0,20.0,-23.0,Talairach space,Z,2.88,not_reported,Group A > Group B,table
23152865,con_A_vs_B,correlation_expectancy,VI,R,20.0,-82.0,-11.0,Talairach space,Z,3.57,not_reported,Group A > Group B,table
23152865,con_A_vs_B,correlation_expectancy,VII,R,28.0,-64.0,3.0,Talairach space,Z,2.94,not_reported,Group A > Group B,table
23152865,con_A_vs_B,correlation_expectancy,Uncus,L,-24.0,2.0,-32.0,Talairach space,Z,2.78,not_reported,Group A > Group B,table
23152865,con_A_vs_B,correlation_expectancy,Cerebellum,R,12.0,-59.0,-9.0,Talairach space,Z,2.86,not_reported,Group A > Group B,table
23152865,con_A_vs_B,correlation_expectancy,Cerebellum,L,-20.0,-85.0,-19.0,Talairach space,Z,2.61,not_reported,Group A > Group B,table
23152865,con_C_vs_D,correlation_expectancy,MFG,L,-4.0,37.0,50.0,Talairach space,Z,3.36,not_reported,Group C > Group D,table
23152865,23145088_C1,verum_gt_sham,VII (secondary visual cortex),R,4.0,-83.0,32.0,TAL,Z,2.91,not_reported,RA > SA,Table 2
23152865,23145088_C1,verum_gt_sham,Visual-parietal area,R,35.0,-54.0,23.0,TAL,Z,2.49,not_reported,RA > SA,Table 2
23152865,23145088_C2,correlation_expectancy,MFG (medial frontal gyrus),midline,-2.0,35.0,48.0,TAL,Z,4.06,not_reported,EG > NE,Table 2
23152865,23145088_C2,correlation_expectancy,OFC (orbital frontal cortex),R,44.0,19.0,-13.0,TAL,Z,2.85,not_reported,EG > NE,Table 2
23152865,23145088_C2,correlation_expectancy,OFC (orbital frontal cortex),L,-42.0,25.0,-15.0,TAL,Z,3.27,not_reported,EG > NE,Table 2
23152865,23145088_C2,correlation_expectancy,DLPFC (dorsum lateral prefrontal cortex),R,42.0,38.0,26.0,TAL,Z,2.96,not_reported,EG > NE,Table 2
23152865,23145088_C2,correlation_expectancy,DLPFC (dorsum lateral prefrontal cortex),L,-24.0,61.0,8.0,TAL,Z,3.07,not_reported,EG > NE,Table 2
23152865,23145088_C2,correlation_expectancy,SII (secondary sensory cortex),R,67.0,-7.0,13.0,TAL,Z,2.85,not_reported,EG > NE,Table 2
23152865,23145088_C2,correlation_expectancy,SII (secondary sensory cortex),L,-61.0,-23.0,12.0,TAL,Z,2.73,not_reported,EG > NE,Table 2
23152865,23145088_C2,correlation_expectancy,Temporal pole,L,-24.0,4.0,-30.0,TAL,Z,2.84,not_reported,EG > NE,Table 2
23152865,23145088_C2,correlation_expectancy,VII (secondary visual cortex),R,36.0,-93.0,0.0,TAL,Z,3.16,not_reported,EG > NE,Table 2
23152865,23145088_C2,correlation_expectancy,Cerebellum,R,4.0,-71.0,-13.0,TAL,Z,2.62,not_reported,EG > NE,Table 2
23152865,23145088_C2,correlation_expectancy,Cerebellum,L,-18.0,-85.0,-19.0,TAL,Z,2.71,not_reported,EG > NE,Table 2
23152865,23145088_C3,verum_gt_sham,VII (secondary visual cortex),R,6.0,-80.0,32.0,TAL,Z,3.04,not_reported,Group A > Group C,Table 2
23152865,23145088_C3,verum_gt_sham,Cerebellum,R,18.0,-30.0,-15.0,TAL,Z,4.04,not_reported,Group A > Group C,Table 2
23152865,23145088_C3,verum_gt_sham,Cerebellum,L,-34.0,-45.0,-40.0,TAL,Z,2.64,not_reported,Group A > Group C,Table 2
23152865,23145088_C4,verum_gt_sham,VII (secondary visual cortex),L,-14.0,-59.0,18.0,TAL,Z,2.79,not_reported,Group B > Group D,Table 2
23152865,23145088_C4,verum_gt_sham,OFC (orbital frontal cortex),R,26.0,38.0,-19.0,TAL,Z,3.72,not_reported,Group B > Group D,Table 2
23152865,23145088_C5,correlation_expectancy,MFG (medial frontal gyrus),midline,-1.0,33.0,35.0,TAL,Z,3.09,not_reported,Group A > Group B,Table 2
23152865,23145088_C5,correlation_expectancy,DLPFC (dorsum lateral prefrontal cortex),R,40.0,36.0,28.0,TAL,Z,2.47,not_reported,Group A > Group B,Table 2
23152865,23145088_C5,correlation_expectancy,DLPFC (dorsum lateral prefrontal cortex),L,-26.0,59.0,10.0,TAL,Z,3.59,not_reported,Group A > Group B,Table 2
23152865,23145088_C5,correlation_expectancy,OFC (orbital frontal cortex),R,46.0,19.0,-13.0,TAL,Z,2.94,not_reported,Group A > Group B,Table 2
23152865,23145088_C5,correlation_expectancy,SI/MI (first sensory-motor cortex),L,-6.0,-39.0,65.0,TAL,Z,2.55,not_reported,Group A > Group B,Table 2
23152865,23145088_C5,correlation_expectancy,SI/MI (first sensory-motor cortex),R,4.0,16.0,43.0,TAL,Z,3.21,not_reported,Group A > Group B,Table 2
23152865,23145088_C5,correlation_expectancy,SII (secondary sensory cortex),R,50.0,-52.0,50.0,TAL,Z,2.79,not_reported,Group A > Group B,Table 2
23152865,23145088_C5,correlation_expectancy,SII (secondary sensory cortex),R,28.0,-65.0,60.0,TAL,Z,3.42,not_reported,Group A > Group B,Table 2
23152865,23145088_C5,correlation_expectancy,Temporal pole,L,-44.0,20.0,-23.0,TAL,Z,2.88,not_reported,Group A > Group B,Table 2
23152865,23145088_C5,correlation_expectancy,VI,R,20.0,-82.0,-11.0,TAL,Z,3.57,not_reported,Group A > Group B,Table 2
23152865,23145088_C5,correlation_expectancy,VII (secondary visual cortex),R,28.0,-64.0,3.0,TAL,Z,2.94,not_reported,Group A > Group B,Table 2
23152865,23145088_C5,correlation_expectancy,Uncus,L,-24.0,2.0,-32.0,TAL,Z,2.78,not_reported,Group A > Group B,Table 2
23152865,23145088_C5,correlation_expectancy,Cerebellum,R,12.0,-59.0,-9.0,TAL,Z,2.86,not_reported,Group A > Group B,Table 2
23152865,23145088_C5,correlation_expectancy,Cerebellum,L,-20.0,-85.0,-19.0,TAL,Z,2.61,not_reported,Group A > Group B,Table 2
23152865,23145088_C6,correlation_expectancy,MFG (medial frontal gyrus),L,-4.0,37.0,50.0,TAL,Z,3.36,not_reported,Group C > Group D,Table 2
23316257,cont_paired_ttest_psgs_nopsgs_acup,other,Inferior frontal gyrus,R,42.0,20.0,-14.0,Talairach,t-value,3.9,5,PSGS < NO PSGS,table
23316257,cont_paired_ttest_psgs_nopsgs_acup,other,Postcentral gyrus,L,-62.0,-22.0,31.0,Talairach,t-value,4.1,19,PSGS < NO PSGS,table
23316257,cont_paired_ttest_psgs_nopsgs_acup,other,Postcentral gyrus,R,65.0,-22.0,34.0,Talairach,t-value,3.9,6,PSGS < NO PSGS,table
23316257,cont_paired_ttest_psgs_nopsgs_acup,other,Postcentral gyrus,L,-62.0,-22.0,18.0,Talairach,t-value,4.2,27,PSGS < NO PSGS,table
23316257,cont_paired_ttest_psgs_nopsgs_acup,other,Inferior parietal lobule,L,-62.0,-25.0,29.0,Talairach,t-value,4.3,33,PSGS < NO PSGS,table
23316257,cont_paired_ttest_psgs_nopsgs_acup,other,Inferior parietal lobule,R,65.0,-33.0,29.0,Talairach,t-value,4.5,33,PSGS < NO PSGS,table
23316257,cont_paired_ttest_psgs_nopsgs_acup,other,Insula,L,-53.0,-31.0,21.0,Talairach,t-value,4.1,9,PSGS < NO PSGS,table
23316257,cont_paired_ttest_psgs_nopsgs_acup,other,Superior temporal gyrus,L,-56.0,0.0,3.0,Talairach,t-value,4.0,7,PSGS < NO PSGS,table
23316257,cont_paired_ttest_psgs_nopsgs_acup,other,Superior temporal gyrus,L,-62.0,-31.0,21.0,Talairach,t-value,4.0,10,PSGS < NO PSGS,table
23316257,cont_paired_ttest_psgs_nopsgs_tactile,other,Inferior frontal gyrus,L,-56.0,7.0,27.0,Talairach,t-value,5.3,14,PSGS < NO PSGS,table
23316257,cont_paired_ttest_psgs_nopsgs_tactile,other,Inferior frontal gyrus,R,59.0,10.0,30.0,Talairach,t-value,4.1,8,PSGS < NO PSGS,table
23316257,cont_paired_ttest_psgs_nopsgs_tactile,other,Inferior frontal gyrus,L,-53.0,10.0,19.0,Talairach,t-value,4.4,16,PSGS < NO PSGS,table
23316257,cont_paired_ttest_psgs_nopsgs_tactile,other,Inferior frontal gyrus,R,59.0,12.0,16.0,Talairach,t-value,4.3,11,PSGS < NO PSGS,table
23316257,cont_paired_ttest_psgs_nopsgs_tactile,other,Inferior frontal gyrus,L,-53.0,13.0,21.0,Talairach,t-value,4.3,5,PSGS < NO PSGS,table
23316257,cont_paired_ttest_psgs_nopsgs_tactile,other,Inferior frontal gyrus,R,56.0,18.0,5.0,Talairach,t-value,4.2,13,PSGS < NO PSGS,table
23316257,cont_paired_ttest_psgs_nopsgs_tactile,other,Inferior frontal gyrus,L,-53.0,20.0,-1.0,Talairach,t-value,4.0,8,PSGS < NO PSGS,table
23316257,cont_paired_ttest_psgs_nopsgs_tactile,other,Inferior frontal gyrus,R,53.0,20.0,2.0,Talairach,t-value,4.4,18,PSGS < NO PSGS,table
23316257,cont_paired_ttest_psgs_nopsgs_tactile,other,Middle frontal gyrus,R,-42.0,2.0,50.0,Talairach,t-value,4.3,5,PSGS < NO PSGS,table
23316257,cont_paired_ttest_psgs_nopsgs_tactile,other,Middle frontal gyrus,L,-50.0,5.0,36.0,Talairach,t-value,3.8,5,PSGS < NO PSGS,table
23316257,cont_paired_ttest_psgs_nopsgs_tactile,other,Middle frontal gyrus,R,53.0,8.0,36.0,Talairach,t-value,3.9,9,PSGS < NO PSGS,table
23316257,cont_paired_ttest_psgs_nopsgs_tactile,other,Precentral gyrus,L,-59.0,-16.0,34.0,Talairach,t-value,4.5,8,PSGS < NO PSGS,table
23316257,cont_paired_ttest_psgs_nopsgs_tactile,other,Precentral gyrus,R,62.0,-13.0,34.0,Talairach,t-value,4.9,8,PSGS < NO PSGS,table
23316257,cont_paired_ttest_psgs_nopsgs_tactile,other,Precentral gyrus,L,-56.0,4.0,30.0,Talairach,t-value,5.0,20,PSGS < NO PSGS,table
23316257,cont_paired_ttest_psgs_nopsgs_tactile,other,Precentral gyrus,R,59.0,0.0,8.0,Talairach,t-value,4.1,6,PSGS < NO PSGS,table
23316257,cont_paired_ttest_psgs_nopsgs_tactile,other,Precentral gyrus,L,-45.0,0.0,6.0,Talairach,t-value,4.4,14,PSGS < NO PSGS,table
23316257,cont_paired_ttest_psgs_nopsgs_tactile,other,Precentral gyrus,R,59.0,6.0,8.0,Talairach,t-value,4.5,16,PSGS < NO PSGS,table
23316257,cont_paired_ttest_psgs_nopsgs_tactile,other,Postcentral gyrus,L,-62.0,-19.0,31.0,Talairach,t-value,5.8,42,PSGS < NO PSGS,table
23316257,cont_paired_ttest_psgs_nopsgs_tactile,other,Postcentral gyrus,R,59.0,-19.0,31.0,Talairach,t-value,4.5,28,PSGS < NO PSGS,table
23316257,cont_paired_ttest_psgs_nopsgs_tactile,other,Postcentral gyrus,L,-56.0,-23.0,15.0,Talairach,t-value,6.4,21,PSGS < NO PSGS,table
23316257,cont_paired_ttest_psgs_nopsgs_tactile,other,Postcentral gyrus,R,62.0,-25.0,21.0,Talairach,t-value,5.0,12,PSGS < NO PSGS,table
23316257,cont_paired_ttest_psgs_nopsgs_tactile,other,Postcentral gyrus,L,-50.0,-14.0,15.0,Talairach,t-value,5.4,10,PSGS < NO PSGS,table
23316257,cont_paired_ttest_psgs_nopsgs_tactile,other,Postcentral gyrus,R,53.0,-17.0,17.0,Talairach,t-value,5.3,12,PSGS < NO PSGS,table
23316257,cont_paired_ttest_psgs_nopsgs_tactile,other,Inferior parietal lobule,L,-56.0,-28.0,24.0,Talairach,t-value,5.7,85,PSGS < NO PSGS,table
23316257,cont_paired_ttest_psgs_nopsgs_tactile,other,Inferior parietal lobule,R,56.0,-31.0,26.0,Talairach,t-value,5.1,42,PSGS < NO PSGS,table
23316257,cont_paired_ttest_psgs_nopsgs_tactile,other,Thalamus,L,-15.0,-11.0,6.0,Talairach,t-value,4.4,47,PSGS < NO PSGS,table
23316257,cont_paired_ttest_psgs_nopsgs_tactile,other,Thalamus,R,9.0,-11.0,3.0,Talairach,t-value,3.9,10,PSGS < NO PSGS,table
23316257,cont_paired_ttest_psgs_nopsgs_tactile,other,Insula,L,-48.0,-22.0,18.0,Talairach,t-value,6.4,107,PSGS < NO PSGS,table
23316257,cont_paired_ttest_psgs_nopsgs_tactile,other,Insula,R,48.0,-20.0,15.0,Talairach,t-value,4.9,47,PSGS < NO PSGS,table
23316257,cont_paired_ttest_psgs_nopsgs_tactile,other,Claustrum,L,-33.0,0.0,8.0,Talairach,t-value,4.5,23,PSGS < NO PSGS,table
23316257,cont_paired_ttest_psgs_nopsgs_tactile,other,Claustrum,R,36.0,-2.0,8.0,Talairach,t-value,3.7,6,PSGS < NO PSGS,table
23316257,cont_paired_ttest_psgs_nopsgs_tactile,other,Putamen,L,-27.0,3.0,0.0,Talairach,t-value,4.0,22,PSGS < NO PSGS,table
23316257,cont_paired_ttest_psgs_nopsgs_tactile,other,Subgyral,L,-42.0,-3.0,-7.0,Talairach,t-value,4.5,6,PSGS < NO PSGS,table
23316257,cont_paired_ttest_psgs_nopsgs_tactile,other,Subgyral,R,42.0,-9.0,-7.0,Talairach,t-value,3.9,3,PSGS < NO PSGS,table
23316257,cont_paired_ttest_psgs_nopsgs_tactile,other,Superior temporal gyrus,L,-42.0,-20.0,9.0,Talairach,t-value,4.3,8,PSGS < NO PSGS,table
23316257,cont_paired_ttest_psgs_nopsgs_tactile,other,Superior temporal gyrus,L,-56.0,6.0,2.0,Talairach,t-value,6.6,51,PSGS < NO PSGS,table
23316257,cont_paired_ttest_psgs_nopsgs_tactile,other,Superior temporal gyrus,R,59.0,3.0,5.0,Talairach,t-value,5.7,25,PSGS < NO PSGS,table
23316257,cont_paired_ttest_psgs_nopsgs_tactile,other,Superior temporal gyrus,L,-42.0,8.0,-11.0,Talairach,t-value,4.1,10,PSGS < NO PSGS,table
23316257,cont_paired_ttest_psgs_nopsgs_tactile,other,Superior temporal gyrus,R,45.0,8.0,-8.0,Talairach,t-value,4.0,8,PSGS < NO PSGS,table
23316257,cont_paired_ttest_psgs_nopsgs_tactile,other,Superior temporal gyrus,L,-53.0,-20.0,9.0,Talairach,t-value,5.5,19,PSGS < NO PSGS,table
23316257,cont_paired_ttest_psgs_nopsgs_tactile,other,Superior temporal gyrus,L,-62.0,-20.0,12.0,Talairach,t-value,5.7,13,PSGS < NO PSGS,table
23316257,cont_paired_ttest_psgs_nopsgs_tactile,other,Superior temporal gyrus,R,56.0,-28.0,15.0,Talairach,t-value,4.0,9,PSGS < NO PSGS,table
23316257,cont_paired_ttest_psgs_nopsgs_tactile,other,Transverse temporal gyrus,L,-53.0,-23.0,12.0,Talairach,t-value,5.7,14,PSGS < NO PSGS,table
23316257,cont_paired_ttest_psgs_nopsgs_tactile,other,Transverse temporal gyrus,R,50.0,-17.0,12.0,Talairach,t-value,5.3,5,PSGS < NO PSGS,table
23316257,cont_paired_ttest_psgs_nopsgs_tactile,other,Transverse temporal gyrus,R,59.0,-14.0,12.0,Talairach,t-value,4.9,5,PSGS < NO PSGS,table
23316257,cont_paired_ttest_psgs_nopsgs_tactile,other,Cerebellum - Declive,L,-33.0,-65.0,-19.0,Talairach,t-value,4.3,25,PSGS < NO PSGS,table
23316257,cont_paired_ttest_psgs_nopsgs_tactile,other,Cerebellum - Declive,R,30.0,-71.0,-19.0,Talairach,t-value,4.0,22,PSGS < NO PSGS,table
23316257,cont_paired_ttest_psgs_nopsgs_tactile,other,Cerebellum - Pyramis,L,-27.0,-74.0,-32.0,Talairach,t-value,4.6,6,PSGS < NO PSGS,table
23316257,cont_paired_ttest_psgs_nopsgs_tactile,other,Cerebellum - Pyramis,R,30.0,-72.0,-32.0,Talairach,t-value,4.1,3,PSGS < NO PSGS,table
23316257,cont_paired_ttest_psgs_nopsgs_tactile,other,Cerebellum - Tuber,L,-33.0,-74.0,-27.0,Talairach,t-value,4.1,6,PSGS < NO PSGS,table
23316257,cont_paired_ttest_psgs_nopsgs_tactile,other,Cerebellum - Uvula,L,-33.0,-74.0,-24.0,Talairach,t-value,3.9,11,PSGS < NO PSGS,table
23316257,cont_onesample_acup_nopsgs,verum_gt_rest,Brainstem - Midbrain,L,-15.0,-23.0,-1.0,Talairach,t-value,5.57,5,activation,table
23316257,cont_onesample_acup_nopsgs,verum_gt_rest,Brainstem - Midbrain,R,9.0,-15.0,-2.0,Talairach,t-value,5.97,7,activation,table
23316257,cont_onesample_acup_nopsgs,verum_gt_rest,Inferior frontal gyrus,R,42.0,20.0,-14.0,Talairach,t-value,7.2,5,activation,table
23316257,cont_onesample_acup_nopsgs,verum_gt_rest,Precentral gyrus,L,-48.0,-3.0,6.0,Talairach,t-value,6.4,9,activation,table
23316257,cont_onesample_acup_nopsgs,verum_gt_rest,Precentral gyrus,R,56.0,-3.0,6.0,Talairach,t-value,6.3,5,activation,table
23316257,cont_onesample_acup_nopsgs,verum_gt_rest,Cingulate gyrus,L,-9.0,13.0,32.0,Talairach,t-value,6.6,9,activation,table
23316257,cont_onesample_acup_nopsgs,verum_gt_rest,Postcentral gyrus,L,-18.0,-35.0,65.0,Talairach,t-value,7.91,19,activation,table
23316257,cont_onesample_acup_nopsgs,verum_gt_rest,Postcentral gyrus,R,65.0,-22.0,31.0,Talairach,t-value,6.05,5,activation,table
23316257,cont_onesample_acup_nopsgs,verum_gt_rest,Postcentral gyrus,L,-53.0,-28.0,21.0,Talairach,t-value,7.46,20,activation,table
23316257,cont_onesample_acup_nopsgs,verum_gt_rest,Inferior parietal lobule,L,-65.0,-31.0,29.0,Talairach,t-value,8.14,51,activation,table
23316257,cont_onesample_acup_nopsgs,verum_gt_rest,Inferior parietal lobule,R,59.0,-42.0,38.0,Talairach,t-value,7.13,36,activation,table
23316257,cont_onesample_acup_nopsgs,verum_gt_rest,Thalamus,L,9.0,-17.0,1.0,Talairach,t-value,6.68,27,activation,table
23316257,cont_onesample_acup_nopsgs,verum_gt_rest,Thalamus,R,-15.0,-20.0,7.0,Talairach,t-value,6.4,44,activation,table
23316257,cont_onesample_acup_nopsgs,verum_gt_rest,Insula,L,-50.0,-31.0,18.0,Talairach,t-value,7.21,32,activation,table
23316257,cont_onesample_acup_nopsgs,verum_gt_rest,Claustrum,L,-36.0,0.0,3.0,Talairach,t-value,6.09,8,activation,table
23316257,cont_onesample_acup_nopsgs,verum_gt_rest,Superior temporal gyrus,L,-59.0,-34.0,21.0,Talairach,t-value,6.57,38,activation,table
23316257,cont_onesample_acup_nopsgs,verum_gt_rest,Superior temporal gyrus,R,59.0,9.0,-3.0,Talairach,t-value,6.51,7,activation,table
23316257,cont_onesample_acup_nopsgs,verum_gt_rest,Cerebellum - Dentate,L,-15.0,-62.0,-25.0,Talairach,t-value,8.19,11,activation,table
23316257,cont_onesample_acup_nopsgs,verum_gt_rest,Cerebellum - Declive,L,-18.0,-65.0,-22.0,Talairach,t-value,7.37,28,activation,table
23316257,cont_onesample_acup_nopsgs,verum_gt_rest,Cerebellum - Pyramis,L,-15.0,-65.0,-27.0,Talairach,t-value,6.81,5,activation,table
23316257,cont_onesample_acup_nopsgs,verum_gt_rest,Cerebellum - Uvula,L,-18.0,-68.0,-24.0,Talairach,t-value,6.48,5,activation,table
23316257,cont_twosample_acup_gt_tactile_nopsgs,verum_gt_sham,Precentral gyrus,R,33.0,-9.0,56.0,Talairach,t-value,3.91,6,acupuncture > tactile,table
23316257,cont_twosample_acup_gt_tactile_nopsgs,verum_gt_sham,Superior parietal lobule,L,-12.0,-61.0,56.0,Talairach,t-value,4.11,3,acupuncture > tactile,table
23316257,cont_twosample_acup_gt_tactile_nopsgs,verum_gt_sham,Superior parietal lobule,R,21.0,-50.0,58.0,Talairach,t-value,3.73,12,acupuncture > tactile,table
23316257,cont_twosample_acup_gt_tactile_nopsgs,verum_gt_sham,Precuneus,L,-9.0,-58.0,58.0,Talairach,t-value,3.97,11,acupuncture > tactile,table
23316257,cont_twosample_acup_gt_tactile_nopsgs,verum_gt_sham,Precuneus,R,18.0,-56.0,53.0,Talairach,t-value,3.77,8,acupuncture > tactile,table
23691237,contrast_fMRI_DMN_ICA,other,medial frontal gyrus (MFG),L,-2.0,57.0,21.0,Talairach,Z value,5.54,422 voxels,positive,table
23691237,contrast_fMRI_DMN_ICA,other,medial frontal gyrus (MFG),R,2.0,57.0,8.0,Talairach,Z value,4.94,341 voxels,positive,table
23691237,contrast_fMRI_DMN_ICA,other,superior frontal gyrus (SFG),L,-2.0,57.0,23.0,Talairach,Z value,5.57,495 voxels,positive,table
23691237,contrast_fMRI_DMN_ICA,other,superior frontal gyrus (SFG),R,4.0,58.0,25.0,Talairach,Z value,3.19,742 voxels,positive,table
23691237,contrast_fMRI_DMN_ICA,other,anterior cingulate cortex (ACC),L,-2.0,54.0,-1.0,Talairach,Z value,3.71,77 voxels,positive,table
23691237,contrast_fMRI_DMN_ICA,other,anterior cingulate cortex (ACC),R,4.0,47.0,9.0,Talairach,Z value,2.75,57 voxels,positive,table
23691237,contrast_fMRI_DMN_ICA,other,posterior cingulate cortex/precuneus (PCC),L,-2.0,-49.0,25.0,Talairach,Z value,3.14,65 voxels,positive,table
23691237,contrast_fMRI_DMN_ICA,other,posterior cingulate cortex/precuneus (PCC),R,2.0,-50.0,19.0,Talairach,Z value,3.36,82 voxels,positive,table
23691237,contrast_fMRI_DMN_ICA,other,superior temporal gyrus (STG),L,-38.0,17.0,-19.0,Talairach,Z value,2.21,56 voxels,positive,table
23691237,contrast_fMRI_DMN_ICA,other,superior temporal gyrus (STG),R,38.0,17.0,-19.0,Talairach,Z value,2.27,33 voxels,positive,table
23691237,contrast_fMRI_DMN_ICA,other,angular gyrus (AG),L,-49.0,-63.0,31.0,Talairach,Z value,2.43,19 voxels,positive,table
23691237,contrast_fMRI_DMN_ICA,other,angular gyrus (AG),R,51.0,-63.0,31.0,Talairach,Z value,2.00,16 voxels,positive,table
23691237,contrast_fMRI_DMN_ICA,other,inferior parietal lobule (IPL),L,-46.0,-50.0,52.0,Talairach,Z value,2.40,206 voxels,positive,table
23691237,contrast_fMRI_DMN_ICA,other,inferior parietal lobule (IPL),R,50.0,-42.0,56.0,Talairach,Z value,1.52,15 voxels,positive,table
23691237,contrast_fMRI_DMN_ICA,other,middle temporal gyrus (MTG),L,-49.0,-63.0,29.0,Talairach,Z value,2.41,39 voxels,positive,table
23691237,contrast_fMRI_DMN_ICA,other,middle temporal gyrus (MTG),R,53.0,-59.0,25.0,Talairach,Z value,2.10,22 voxels,positive,table
23691237,23691206_C1,other,MFG,midline,-2.0,57.0,21.0,TAL,Z,5.54,422,"positive (Z>0, FDR corrected)",Table 1
23691237,23691206_C1,other,MFG,midline,2.0,57.0,8.0,TAL,Z,4.94,341,"positive (Z>0, FDR corrected)",Table 1
23691237,23691206_C1,other,SFG,midline,-2.0,57.0,23.0,TAL,Z,5.57,495,"positive (Z>0, FDR corrected)",Table 1
23691237,23691206_C1,other,SFG,R,4.0,58.0,25.0,TAL,Z,3.19,742,"positive (Z>0, FDR corrected)",Table 1
23691237,23691206_C1,other,ACC,midline,-2.0,54.0,21.0,TAL,Z,3.71,77,"positive (Z>0, FDR corrected)",Table 1
23691237,23691206_C1,other,ACC,R,4.0,47.0,9.0,TAL,Z,2.75,57,"positive (Z>0, FDR corrected)",Table 1
23691237,23691206_C1,other,PCC,midline,-2.0,-49.0,25.0,TAL,Z,3.14,65,"positive (Z>0, FDR corrected)",Table 1
23691237,23691206_C1,other,PCC,midline,2.0,-50.0,19.0,TAL,Z,3.36,82,"positive (Z>0, FDR corrected)",Table 1
23691237,23691206_C1,other,STG,L,-38.0,17.0,-19.0,TAL,Z,2.21,56,"positive (Z>0, FDR corrected)",Table 1
23691237,23691206_C1,other,STG,R,38.0,17.0,-19.0,TAL,Z,2.27,33,"positive (Z>0, FDR corrected)",Table 1
23691237,23691206_C1,other,AG,L,-49.0,-63.0,31.0,TAL,Z,2.43,19,"positive (Z>0, FDR corrected)",Table 1
23691237,23691206_C1,other,AG,R,51.0,-63.0,31.0,TAL,Z,2.0,16,"positive (Z>0, FDR corrected)",Table 1
23691237,23691206_C1,other,IPL,L,-46.0,-50.0,52.0,TAL,Z,2.4,206,"positive (Z>0, FDR corrected)",Table 1
23691237,23691206_C1,other,IPL,R,50.0,-42.0,56.0,TAL,Z,1.52,15,"positive (Z>0, FDR corrected)",Table 1
23691237,23691206_C1,other,MTG,L,-49.0,-63.0,29.0,TAL,Z,2.41,39,"positive (Z>0, FDR corrected)",Table 1
23691237,23691206_C1,other,MTG,R,53.0,-59.0,25.0,TAL,Z,2.1,22,"positive (Z>0, FDR corrected)",Table 1
23840533,c_SC_S1_vs_BL,sham_gt_rest,primary and secondary somatosensory area,L,-56.0,-24.0,24.0,MNI,t,7.09,835,positive activation (stimulation>baseline),table
23840533,c_SC_S1_vs_BL,sham_gt_rest,primary and secondary somatosensory area,R,60.0,-28.0,30.0,MNI,t,7.19,1009,positive activation (stimulation>baseline),table
23840533,c_SC_S1_vs_BL,sham_gt_rest,insula,R,32.0,-2.0,16.0,MNI,t,6.62,145,positive activation (stimulation>baseline),table
23840533,c_SC_S1_vs_BL,sham_gt_rest,lateral prefrontal cortex,L,-48.0,12.0,16.0,MNI,t,4.90,71,positive activation (stimulation>baseline),table
23840533,c_SC_S1_vs_BL,sham_gt_rest,lateral prefrontal cortex,R,54.0,10.0,32.0,MNI,t,6.49,624,positive activation (stimulation>baseline),table
23840533,c_SC_S1_vs_BL,sham_gt_rest,anterolateral prefrontal cortex,L,-38.0,28.0,6.0,MNI,t,4.47,72,positive activation (stimulation>baseline),table
23840533,c_SC_S1_vs_BL,sham_gt_rest,anterolateral prefrontal cortex,R,40.0,44.0,0.0,MNI,t,5.46,155,positive activation (stimulation>baseline),table
23840533,c_SC_S1_vs_BL,sham_gt_rest,middle temporal gyrus,R,54.0,-62.0,2.0,MNI,t,5.23,129,positive activation (stimulation>baseline),table
23840533,c_SC_S1_vs_BL,sham_gt_rest,striatum,R,20.0,-14.0,-8.0,MNI,t,8.20,48,positive activation (stimulation>baseline),table
23840533,c_SC_S1_vs_BL,sham_gt_rest,cerebellum,L,-22.0,-66.0,-44.0,MNI,t,8.06,860,positive activation (stimulation>baseline),table
23840533,c_SC_S1_vs_BL,sham_gt_rest,precuneus,L,-16.0,-96.0,25.0,MNI,t,-5.77,453,negative activation (stimulation<baseline),table
23840533,c_SC_S1_vs_BL,sham_gt_rest,precuneus,R,20.0,-95.0,25.0,MNI,t,-5.34,299,negative activation (stimulation<baseline),table
23840533,c_SC_S1_vs_BL,sham_gt_rest,precentral gyrus,L,-26.0,-30.0,64.0,MNI,t,-5.64,220,negative activation (stimulation<baseline),table
23840533,c_SC_S1_vs_BL,sham_gt_rest,precentral gyrus,R,42.0,-26.0,56.0,MNI,t,-4.50,77,negative activation (stimulation<baseline),table
23840533,c_SC_S2_vs_BL,sham_gt_rest,primary and secondary somatosensory area,L,-56.0,18.0,30.0,MNI,t,6.83,1091,positive activation (stimulation>baseline),table
23840533,c_SC_S2_vs_BL,sham_gt_rest,primary and secondary somatosensory area,R,52.0,-42.0,58.0,MNI,t,7.28,1001,positive activation (stimulation>baseline),table
23840533,c_SC_S2_vs_BL,sham_gt_rest,lateral prefrontal cortex,L,-42.0,8.0,26.0,MNI,t,6.51,532,positive activation (stimulation>baseline),table
23840533,c_SC_S2_vs_BL,sham_gt_rest,lateral prefrontal cortex,R,46.0,16.0,2.0,MNI,t,8.26,231,positive activation (stimulation>baseline),table
23840533,c_SC_S2_vs_BL,sham_gt_rest,cerebellum,L,-22.0,-72.0,-50.0,MNI,t,7.48,474,positive activation (stimulation>baseline),table
23840533,c_SC_S2_vs_BL,sham_gt_rest,precuneus,not_reported,10.0,-60.0,22.0,MNI,t,-7.22,360,negative activation (stimulation<baseline),table
23840533,c_SC_S2_vs_BL,sham_gt_rest,precentral gyrus,L,-28.0,-16.0,72.0,MNI,t,-6.89,98,negative activation (stimulation<baseline),table
23840533,c_MA_S1_vs_BL,verum_gt_rest,primary and secondary somatosensory area,L,-48.0,-26.0,38.0,MNI,t,6.23,443,positive activation (stimulation>baseline),table
23840533,c_MA_S1_vs_BL,verum_gt_rest,primary and secondary somatosensory area,R,58.0,-22.0,26.0,MNI,t,8.48,665,positive activation (stimulation>baseline),table
23840533,c_MA_S1_vs_BL,verum_gt_rest,anterolateral prefrontal cortex,R,42.0,56.0,10.0,MNI,t,6.38,95,positive activation (stimulation>baseline),table
23840533,c_MA_S1_vs_BL,verum_gt_rest,middle temporal gyrus,R,52.0,-52.0,-4.0,MNI,t,6.81,176,positive activation (stimulation>baseline),table
23840533,c_EA_S1_vs_BL,verum_gt_rest,insula,R,48.0,8.0,0.0,MNI,t,4.68,129,positive activation (stimulation>baseline),table
23840533,c_EA_S1_vs_BL,verum_gt_rest,cerebellum,L,-16.0,-68.0,-44.0,MNI,t,6.52,143,positive activation (stimulation>baseline),table
23840533,c_EA_S2_vs_BL,deactivation,postcentral gyrus,L,-12.0,-46.0,64.0,MNI,t,-6.62,460,negative activation (stimulation<baseline),table
23840533,c_EA_S2_vs_BL,deactivation,parahippocampal gyrus,R,14.0,-12.0,-24.0,MNI,t,-6.33,186,negative activation (stimulation<baseline),table
23840533,c_EA_S2_vs_BL,deactivation,superior temporal gyrus,R,54.0,-58.0,16.0,MNI,t,-5.38,135,negative activation (stimulation<baseline),table
23840533,c_EA_S2_vs_BL,deactivation,supplementary motor area,L,-4.0,-18.0,66.0,MNI,t,-4.64,90,negative activation (stimulation<baseline),table
23840533,c_EA_S2_vs_BL,deactivation,premotor cortex,R,22.0,2.0,68.0,MNI,t,-6.22,87,negative activation (stimulation<baseline),table
23840533,c_EA_S2_vs_BL,deactivation,precuneus,R,4.0,-54.0,46.0,MNI,t,-6.20,209,negative activation (stimulation<baseline),table
23840533,c_EA_S2_vs_BL,deactivation,medial prefrontal cortex,R,6.0,52.0,50.0,MNI,t,-5.94,101,negative activation (stimulation<baseline),table
23840533,c_EA_S2_vs_BL,deactivation,dorsal anterior cingulate cortex,"L,R",6.0,10.0,34.0,MNI,t,-4.89,193,negative activation (stimulation<baseline),table
23840533,c_TEAS_S1_vs_BL,verum_gt_rest,primary and secondary somatosensory area,L,-48.0,-40.0,26.0,MNI,t,6.64,544,positive activation (stimulation>baseline),table
23840533,c_TEAS_S1_vs_BL,verum_gt_rest,primary and secondary somatosensory area,R,68.0,-22.0,28.0,MNI,t,7.87,591,positive activation (stimulation>baseline),table
23840533,c_TEAS_S1_vs_BL,verum_gt_rest,postcentral gyrus,R,12.0,-48.0,74.0,MNI,t,5.26,107,positive activation (stimulation>baseline),table
23840533,c_TEAS_S1_vs_BL,verum_gt_rest,supplementary motor area,R,8.0,-20.0,68.0,MNI,t,6.01,92,positive activation (stimulation>baseline),table
23840533,c_TEAS_S1_vs_BL,verum_gt_rest,anterolateral prefrontal cortex,L,-38.0,46.0,-12.0,MNI,t,5.00,112,positive activation (stimulation>baseline),table
23840533,c_TEAS_S1_vs_BL,verum_gt_rest,anterolateral prefrontal cortex,R,42.0,42.0,-10.0,MNI,t,5.52,145,positive activation (stimulation>baseline),table
23840533,c_TEAS_S1_vs_BL,verum_gt_rest,middle temporal gyrus,R,-52.0,-58.0,4.0,MNI,t,5.07,62,positive activation (stimulation>baseline),table
23840533,c_TEAS_S1_vs_BL,verum_gt_rest,thalamus,R,16.0,-14.0,-4.0,MNI,t,5.73,727,positive activation (stimulation>baseline),table
23840533,c_TEAS_S1_vs_BL,verum_gt_rest,striatum,L,-24.0,2.0,20.0,MNI,t,4.69,118,positive activation (stimulation>baseline),table
23840533,c_TEAS_S1_vs_BL,verum_gt_rest,cerebellum,L,-30.0,-62.0,-48.0,MNI,t,6.36,88,positive activation (stimulation>baseline),table
23840533,c_TEAS_S1_vs_BL,verum_gt_rest,cerebellum,R,26.0,-66.0,-26.0,MNI,t,5.27,88,positive activation (stimulation>baseline),table
23840533,c_TEAS_S1_vs_BL,verum_gt_rest,precentral gyrus,R,38.0,-16.0,64.0,MNI,t,-5.82,202,negative activation (stimulation<baseline),table
23840533,c_TEAS_S1_vs_BL,verum_gt_rest,parahippocampal gyrus,L,-20.0,-8.0,-30.0,MNI,t,-5.37,87,negative activation (stimulation<baseline),table
23840533,c_TEAS_S1_vs_BL,verum_gt_rest,parahippocampal gyrus,R,30.0,-20.0,-26.0,MNI,t,-5.45,200,negative activation (stimulation<baseline),table
23840533,c_TEAS_S2_vs_BL,deactivation,premotor cortex,L,-22.0,12.0,70.0,MNI,t,-5.87,188,negative activation (stimulation<baseline),table
23840533,c_TEAS_S2_vs_BL,deactivation,premotor cortex,R,32.0,10.0,64.0,MNI,t,-6.68,257,negative activation (stimulation<baseline),table
23840533,c_TEAS_S2_vs_BL,deactivation,precuneus,L,-8.0,-64.0,58.0,MNI,t,-4.71,285,negative activation (stimulation<baseline),table
23840533,c_TEAS_S2_vs_BL,deactivation,precuneus,R,4.0,-46.0,48.0,MNI,t,-5.25,90,negative activation (stimulation<baseline),table
23840533,c_MA_DMN_rest1_vs_rest2,verum_post_gt_pre,premotor cortex,R,50.0,0.0,40.0,MNI,t,5.91,22,Rest 1 < Rest 2 (increased connectivity),table
23840533,c_MA_DMN_rest1_vs_rest2,verum_post_gt_pre,middle temporal gyrus,L,-42.0,-54.0,12.0,MNI,t,4.82,19,Rest 1 < Rest 2 (increased connectivity),table
23840533,c_MA_DMN_rest1_vs_rest2,verum_post_gt_pre,middle occipital gyrus,L,-24.0,-86.0,-8.0,MNI,t,5.89,34,Rest 1 < Rest 2 (increased connectivity),table
23840533,c_MA_DMN_rest1_vs_rest2,verum_post_gt_pre,precuneus,R,2.0,-70.0,38.0,MNI,t,6.08,50,Rest 1 < Rest 2 (increased connectivity),table
23840533,c_MA_DMN_rest1_gt_rest2,deactivation,superior temporal gyrus,R,48.0,-20.0,4.0,MNI,t,-6.28,28,Rest 1 > Rest 2 (decreased connectivity),table
23840533,c_EA_DMN_rest1_vs_rest2,verum_post_gt_pre,middle occipital gyrus,L,-20.0,-96.0,2.0,MNI,t,5.84,71,Rest 1 < Rest 2 (increased connectivity),table
23840533,c_EA_DMN_rest1_vs_rest2,verum_post_gt_pre,fusiform gyrus,R,30.0,-38.0,-24.0,MNI,t,4.87,23,Rest 1 < Rest 2 (increased connectivity),table
23840533,c_EA_DMN_rest1_vs_rest2,verum_post_gt_pre,cerebellum,L,-8.0,-40.0,-24.0,MNI,t,5.40,16,Rest 1 < Rest 2 (increased connectivity),table
23840533,c_EA_DMN_rest1_vs_rest2,verum_post_gt_pre,cerebellum,R,2.0,-58.0,-18.0,MNI,t,5.29,29,Rest 1 < Rest 2 (increased connectivity),table
23840533,c_EA_DMN_rest1_gt_rest2,deactivation,inferior parietal lobule,L,-52.0,-42.0,56.0,MNI,t,-4.87,21,Rest 1 > Rest 2 (decreased connectivity),table
23840533,c_EA_DMN_rest1_gt_rest2,deactivation,Cuneus,R,10.0,-80.0,26.0,MNI,t,-6.39,48,Rest 1 > Rest 2 (decreased connectivity),table
23840533,c_TEAS_SMN_rest1_vs_rest2,verum_post_gt_pre,primary somatosensory area,L,-36.0,-34.0,60.0,MNI,t,6.09,102,Rest 1 < Rest 2 (increased connectivity),table
23840533,c_TEAS_SMN_rest1_vs_rest2,verum_post_gt_pre,primary somatosensory area,R,22.0,-34.0,66.0,MNI,t,5.17,102,Rest 1 < Rest 2 (increased connectivity),table
23840533,c_TEAS_SMN_rest1_vs_rest2,verum_post_gt_pre,premotor cortex,L,-30.0,-16.0,68.0,MNI,t,4.91,19,Rest 1 < Rest 2 (increased connectivity),table
23840533,c_TEAS_SMN_rest1_vs_rest2,verum_post_gt_pre,dorsal anterior cingulate cortex/supplementary motor area,R,10.0,-4.0,46.0,MNI,t,7.88,243,Rest 1 < Rest 2 (increased connectivity),table
23840533,c_TEAS_SMN_rest1_vs_rest2,verum_post_gt_pre,superior temporal gyrus,R,36.0,-52.0,-22.0,MNI,t,5.57,28,Rest 1 < Rest 2 (increased connectivity),table
23840533,c_TEAS_SMN_rest1_vs_rest2,verum_post_gt_pre,superior parietal lobule,R,22.0,-12.0,70.0,MNI,t,4.14,11,Rest 1 < Rest 2 (increased connectivity),table
23840533,c_MA_SMN_rest1_gt_rest2,deactivation,primary somatosensory area,R,42.0,-24.0,64.0,MNI,t,-5.49,53,Rest 1 > Rest 2 (decreased connectivity),table
23840533,c_MA_SMN_rest1_gt_rest2,deactivation,premotor cortex,L,-48.0,-12.0,46.0,MNI,t,-6.27,21,Rest 1 > Rest 2 (decreased connectivity),table
23840533,c_MA_SMN_rest1_gt_rest2,deactivation,premotor cortex,R,64.0,-6.0,34.0,MNI,t,-5.15,20,Rest 1 > Rest 2 (decreased connectivity),table
23840533,c_EA_SMN_rest1_gt_rest2,deactivation,supplementary motor area,R,4.0,8.0,62.0,MNI,t,-4.64,18,Rest 1 > Rest 2 (decreased connectivity),table
23840533,c_EA_SMN_rest1_gt_rest2,deactivation,Cuneus,L,-16.0,-80.0,16.0,MNI,t,-5.25,19,Rest 1 > Rest 2 (decreased connectivity),table
23840533,c_SC_SMN_rest1_gt_rest2,deactivation,premotor cortex,R,64.0,-6.0,34.0,MNI,t,-5.15,20,Rest 1 > Rest 2 (decreased connectivity),table
23840533,c_SC_SMN_rest1_gt_rest2,deactivation,supplementary motor area,R,4.0,8.0,62.0,MNI,t,-4.64,18,Rest 1 > Rest 2 (decreased connectivity),table
23840533,23826116_C1,sham_gt_rest,primary and secondary somatosensory area,L,-56.0,-24.0,24.0,MNI,t,7.09,835,positive activation (stimulation > baseline),Table 1
23840533,23826116_C1,sham_gt_rest,primary and secondary somatosensory area,R,60.0,-28.0,30.0,MNI,t,7.19,1009,positive activation (stimulation > baseline),Table 1
23840533,23826116_C1,sham_gt_rest,insula,R,32.0,-2.0,16.0,MNI,t,6.62,145,positive activation (stimulation > baseline),Table 1
23840533,23826116_C1,sham_gt_rest,lateral prefrontal cortex,L,-48.0,12.0,16.0,MNI,t,4.9,71,positive activation (stimulation > baseline),Table 1
23840533,23826116_C1,sham_gt_rest,lateral prefrontal cortex,R,54.0,10.0,32.0,MNI,t,6.49,624,positive activation (stimulation > baseline),Table 1
23840533,23826116_C1,sham_gt_rest,anterolateral prefrontal cortex,L,-38.0,28.0,6.0,MNI,t,4.47,72,positive activation (stimulation > baseline),Table 1
23840533,23826116_C1,sham_gt_rest,anterolateral prefrontal cortex,R,40.0,44.0,0.0,MNI,t,5.46,155,positive activation (stimulation > baseline),Table 1
23840533,23826116_C1,sham_gt_rest,middle temporal gyrus,R,54.0,-62.0,2.0,MNI,t,5.23,129,positive activation (stimulation > baseline),Table 1
23840533,23826116_C1,sham_gt_rest,striatum,R,20.0,-14.0,-8.0,MNI,t,8.2,48,positive activation (stimulation > baseline),Table 1
23840533,23826116_C1,sham_gt_rest,cerebellum,L,-22.0,-66.0,-44.0,MNI,t,8.06,860,positive activation (stimulation > baseline),Table 1
23840533,23826116_C1,sham_gt_rest,cerebellum,R,14.0,-74.0,-46.0,MNI,t,5.06,71,positive activation (stimulation > baseline),Table 1
23840533,23826116_C2,deactivation,precuneus,L,-16.0,-96.0,25.0,MNI,t,-5.77,453,negative activation (stimulation < baseline),Table 1
23840533,23826116_C2,deactivation,precuneus,R,20.0,-95.0,25.0,MNI,t,-5.34,299,negative activation (stimulation < baseline),Table 1
23840533,23826116_C2,deactivation,precentral gyrus,L,-26.0,-30.0,64.0,MNI,t,-5.64,220,negative activation (stimulation < baseline),Table 1
23840533,23826116_C2,deactivation,precentral gyrus,R,42.0,-26.0,56.0,MNI,t,-4.5,77,negative activation (stimulation < baseline),Table 1
23840533,23826116_C3,sham_gt_rest,primary and secondary somatosensory area,L,-56.0,18.0,30.0,MNI,t,6.83,1091,positive activation (stimulation > baseline),Table 1
23840533,23826116_C3,sham_gt_rest,primary and secondary somatosensory area,R,52.0,-42.0,58.0,MNI,t,7.28,1001,positive activation (stimulation > baseline),Table 1
23840533,23826116_C3,sham_gt_rest,lateral prefrontal cortex,L,-42.0,8.0,26.0,MNI,t,6.51,532,positive activation (stimulation > baseline),Table 1
23840533,23826116_C3,sham_gt_rest,lateral prefrontal cortex,R,46.0,16.0,2.0,MNI,t,8.26,231,positive activation (stimulation > baseline),Table 1
23840533,23826116_C3,sham_gt_rest,cerebellum,L,-22.0,-72.0,-50.0,MNI,t,7.48,474,positive activation (stimulation > baseline),Table 1
23840533,23826116_C4,deactivation,precuneus,R,10.0,-60.0,22.0,MNI,t,-7.22,360,negative activation (stimulation < baseline),Table 1
23840533,23826116_C4,deactivation,precentral gyrus,L,-28.0,-16.0,72.0,MNI,t,-6.89,98,negative activation (stimulation < baseline),Table 1
23840533,23826116_C5,verum_gt_rest,primary and secondary somatosensory area,L,-48.0,-26.0,38.0,MNI,t,6.23,443,positive activation (stimulation > baseline),Table 2
23840533,23826116_C5,verum_gt_rest,primary and secondary somatosensory area,R,58.0,-22.0,26.0,MNI,t,8.48,665,positive activation (stimulation > baseline),Table 2
23840533,23826116_C5,verum_gt_rest,anterolateral prefrontal cortex,R,42.0,56.0,10.0,MNI,t,6.38,95,positive activation (stimulation > baseline),Table 2
23840533,23826116_C5,verum_gt_rest,middle temporal gyrus,R,52.0,-52.0,-4.0,MNI,t,6.81,176,positive activation (stimulation > baseline),Table 2
23840533,23826116_C6,verum_gt_rest,insula,R,48.0,8.0,0.0,MNI,t,4.68,129,positive activation (stimulation > baseline),Table 3
23840533,23826116_C6,verum_gt_rest,cerebellum,L,-16.0,-68.0,-44.0,MNI,t,6.52,143,positive activation (stimulation > baseline),Table 3
23840533,23826116_C7,deactivation,postcentral gyrus,L,-12.0,-46.0,64.0,MNI,t,-6.62,460,negative activation (stimulation < baseline),Table 3
23840533,23826116_C7,deactivation,parahippocampal gyrus,R,14.0,-12.0,-24.0,MNI,t,-6.33,186,negative activation (stimulation < baseline),Table 3
23840533,23826116_C7,deactivation,superior temporal gyrus,R,54.0,-58.0,16.0,MNI,t,-5.38,135,negative activation (stimulation < baseline),Table 3
23840533,23826116_C7,deactivation,supplementary motor area,L,-4.0,-18.0,66.0,MNI,t,-4.64,90,negative activation (stimulation < baseline),Table 3
23840533,23826116_C7,deactivation,premotor cortex,R,22.0,2.0,68.0,MNI,t,-6.22,87,negative activation (stimulation < baseline),Table 3
23840533,23826116_C7,deactivation,precuneus,R,4.0,-54.0,46.0,MNI,t,-6.2,209,negative activation (stimulation < baseline),Table 3
23840533,23826116_C7,deactivation,medial prefrontal cortex,R,6.0,52.0,50.0,MNI,t,-5.94,101,negative activation (stimulation < baseline),Table 3
23840533,23826116_C7,deactivation,dorsal anterior cingulate cortex,R,6.0,10.0,34.0,MNI,t,-4.89,193,negative activation (stimulation < baseline),Table 3
23840533,23826116_C8,verum_gt_rest,primary and secondary somatosensory area,L,-48.0,-40.0,26.0,MNI,t,6.64,544,positive activation (stimulation > baseline),Table 4
23840533,23826116_C8,verum_gt_rest,primary and secondary somatosensory area,R,68.0,-22.0,28.0,MNI,t,7.87,591,positive activation (stimulation > baseline),Table 4
23840533,23826116_C8,verum_gt_rest,postcentral gyrus,R,12.0,-48.0,74.0,MNI,t,5.26,107,positive activation (stimulation > baseline),Table 4
23840533,23826116_C8,verum_gt_rest,supplementary motor area,R,8.0,-20.0,68.0,MNI,t,6.01,92,positive activation (stimulation > baseline),Table 4
23840533,23826116_C8,verum_gt_rest,anterolateral prefrontal cortex,L,-38.0,46.0,-12.0,MNI,t,5.0,112,positive activation (stimulation > baseline),Table 4
23840533,23826116_C8,verum_gt_rest,anterolateral prefrontal cortex,R,42.0,42.0,-10.0,MNI,t,5.52,145,positive activation (stimulation > baseline),Table 4
23840533,23826116_C8,verum_gt_rest,middle temporal gyrus,L,-52.0,-58.0,4.0,MNI,t,5.07,62,positive activation (stimulation > baseline),Table 4
23840533,23826116_C8,verum_gt_rest,thalamus,R,16.0,-14.0,-4.0,MNI,t,5.73,727,positive activation (stimulation > baseline),Table 4
23840533,23826116_C8,verum_gt_rest,striatum,L,-24.0,2.0,20.0,MNI,t,4.69,118,positive activation (stimulation > baseline),Table 4
23840533,23826116_C8,verum_gt_rest,cerebellum,L,-30.0,-62.0,-48.0,MNI,t,6.36,88,positive activation (stimulation > baseline),Table 4
23840533,23826116_C8,verum_gt_rest,cerebellum,R,26.0,-66.0,-26.0,MNI,t,5.27,88,positive activation (stimulation > baseline),Table 4
23840533,23826116_C9,deactivation,precentral gyrus,R,38.0,-16.0,64.0,MNI,t,-5.82,202,negative activation (stimulation < baseline),Table 4
23840533,23826116_C9,deactivation,parahippocampal gyrus,L,-20.0,-8.0,-30.0,MNI,t,-5.37,87,negative activation (stimulation < baseline),Table 4
23840533,23826116_C9,deactivation,parahippocampal gyrus,R,30.0,-20.0,-26.0,MNI,t,-5.45,200,negative activation (stimulation < baseline),Table 4
23840533,23826116_C10,deactivation,premotor cortex,L,-22.0,12.0,70.0,MNI,t,-5.87,188,negative activation (stimulation < baseline),Table 4
23840533,23826116_C10,deactivation,premotor cortex,R,32.0,10.0,64.0,MNI,t,-6.68,257,negative activation (stimulation < baseline),Table 4
23840533,23826116_C10,deactivation,precuneus,L,-8.0,-64.0,58.0,MNI,t,-4.71,285,negative activation (stimulation < baseline),Table 4
23840533,23826116_C10,deactivation,precuneus,R,4.0,-46.0,48.0,MNI,t,-5.25,90,negative activation (stimulation < baseline),Table 4
23840533,23826116_C11,verum_post_gt_pre,premotor cortex,R,50.0,0.0,40.0,MNI,t,5.91,22,Rest 1 < Rest 2 (increased connectivity after MA),Table 5
23840533,23826116_C11,verum_post_gt_pre,middle temporal gyrus,L,-42.0,-54.0,12.0,MNI,t,4.82,19,Rest 1 < Rest 2 (increased connectivity after MA),Table 5
23840533,23826116_C11,verum_post_gt_pre,middle occipital gyrus,L,-24.0,-86.0,28.0,MNI,t,5.89,34,Rest 1 < Rest 2 (increased connectivity after MA),Table 5
23840533,23826116_C11,verum_post_gt_pre,precuneus,midline,2.0,-70.0,38.0,MNI,t,6.08,50,Rest 1 < Rest 2 (increased connectivity after MA),Table 5
23840533,23826116_C12,deactivation,superior temporal gyrus,R,48.0,-20.0,4.0,MNI,t,-6.28,28,Rest 1 > Rest 2 (decreased connectivity after MA),Table 5
23840533,23826116_C13,verum_post_gt_pre,middle occipital gyrus,L,-20.0,-96.0,2.0,MNI,t,5.84,71,Rest 1 < Rest 2 (increased connectivity after EA),Table 5
23840533,23826116_C13,verum_post_gt_pre,fusiform gyrus,R,30.0,-38.0,-24.0,MNI,t,4.87,23,Rest 1 < Rest 2 (increased connectivity after EA),Table 5
23840533,23826116_C13,verum_post_gt_pre,cerebellum,L,-8.0,-40.0,-24.0,MNI,t,5.4,16,Rest 1 < Rest 2 (increased connectivity after EA),Table 5
23840533,23826116_C13,verum_post_gt_pre,cerebellum,midline,2.0,-58.0,-18.0,MNI,t,5.29,29,Rest 1 < Rest 2 (increased connectivity after EA),Table 5
23840533,23826116_C14,deactivation,inferior parietal lobule,L,-52.0,-42.0,56.0,MNI,t,-4.87,21,Rest 1 > Rest 2 (decreased connectivity after EA),Table 5
23840533,23826116_C14,deactivation,Cuneus,R,10.0,-80.0,26.0,MNI,t,-6.39,48,Rest 1 > Rest 2 (decreased connectivity after EA),Table 5
23840533,23826116_C16,deactivation,premotor cortex,R,64.0,-6.0,34.0,MNI,t,-5.15,20,Rest 1 > Rest 2 (decreased connectivity after sensory control),Table 6
23840533,23826116_C16,deactivation,supplementary motor area,R,4.0,8.0,62.0,MNI,t,-4.64,18,Rest 1 > Rest 2 (decreased connectivity after sensory control),Table 6
23840533,23826116_C17,deactivation,primary somatosensory area,R,42.0,-24.0,64.0,MNI,t,-5.49,53,Rest 1 > Rest 2 (decreased connectivity after MA),Table 6
23840533,23826116_C17,deactivation,premotor cortex,L,-48.0,-12.0,46.0,MNI,t,-6.27,21,Rest 1 > Rest 2 (decreased connectivity after MA),Table 6
23840533,23826116_C18,deactivation,Cuneus,L,-16.0,-80.0,16.0,MNI,t,-5.25,19,Rest 1 > Rest 2 (decreased connectivity after EA),Table 6
23840533,23826116_C19,verum_post_gt_pre,primary somatosensory area,L,-36.0,-34.0,60.0,MNI,t,6.09,102,Rest 1 < Rest 2 (increased connectivity after TEAS),Table 6
23840533,23826116_C19,verum_post_gt_pre,primary somatosensory area,R,22.0,-34.0,66.0,MNI,t,5.17,102,Rest 1 < Rest 2 (increased connectivity after TEAS),Table 6
23840533,23826116_C19,verum_post_gt_pre,premotor cortex,L,-30.0,-16.0,68.0,MNI,t,4.91,19,Rest 1 < Rest 2 (increased connectivity after TEAS),Table 6
23840533,23826116_C19,verum_post_gt_pre,dorsal anterior cingulate cortex/supplementary motor area,R,10.0,-4.0,46.0,MNI,t,7.88,243,Rest 1 < Rest 2 (increased connectivity after TEAS),Table 6
23840533,23826116_C19,verum_post_gt_pre,superior temporal gyrus,R,36.0,-52.0,-22.0,MNI,t,5.57,28,Rest 1 < Rest 2 (increased connectivity after TEAS),Table 6
23840533,23826116_C19,verum_post_gt_pre,superior parietal lobule,R,22.0,-12.0,70.0,MNI,t,4.14,11,Rest 1 < Rest 2 (increased connectivity after TEAS),Table 6
23840533,23826116_C20,deactivation,premotor cortex,L,-5.15,64.0,-6.0,MNI,t,-5.15,20,Rest 1 > Rest 2 (decreased connectivity after sensory control),Table 6
23840533,41626073_SR_C1,sham_gt_rest,primary and secondary somatosensory area (L),L,-56.0,-24.0,24.0,MNI,t,7.09,835,activation,Table 1
23840533,41626073_SR_C1,sham_gt_rest,primary and secondary somatosensory area (R),R,60.0,-28.0,30.0,MNI,t,7.19,1009,activation,Table 1
23840533,41626073_SR_C1,sham_gt_rest,insula (R),R,32.0,-2.0,16.0,MNI,t,6.62,145,activation,Table 1
23840533,41626073_SR_C1,sham_gt_rest,lateral prefrontal cortex (L),L,-48.0,12.0,16.0,MNI,t,4.9,71,activation,Table 1
23840533,41626073_SR_C1,sham_gt_rest,lateral prefrontal cortex (R),R,54.0,10.0,32.0,MNI,t,6.49,624,activation,Table 1
23840533,41626073_SR_C1,sham_gt_rest,anterolateral prefrontal cortex (L),L,-38.0,28.0,6.0,MNI,t,4.47,72,activation,Table 1
23840533,41626073_SR_C1,sham_gt_rest,anterolateral prefrontal cortex (R),R,40.0,44.0,0.0,MNI,t,5.46,155,activation,Table 1
23840533,41626073_SR_C1,sham_gt_rest,middle temporal gyrus (R),R,54.0,-62.0,2.0,MNI,t,5.23,129,activation,Table 1
23840533,41626073_SR_C1,sham_gt_rest,striatum (R),R,20.0,-14.0,-8.0,MNI,t,8.2,48,activation,Table 1
23840533,41626073_SR_C1,sham_gt_rest,cerebellum (L),L,-22.0,-66.0,-44.0,MNI,t,8.06,860,activation,Table 1
23840533,41626073_SR_C1,sham_gt_rest,cerebellum (R),R,14.0,-74.0,-46.0,MNI,t,5.06,71,activation,Table 1
23840533,41626073_SR_C2,deactivation,precuneus (L),L,-16.0,-96.0,25.0,MNI,t,-5.77,453,deactivation,Table 1
23840533,41626073_SR_C2,deactivation,precuneus (R),R,20.0,-95.0,25.0,MNI,t,-5.34,299,deactivation,Table 1
23840533,41626073_SR_C2,deactivation,precentral gyrus (L),L,-26.0,-30.0,64.0,MNI,t,-5.64,220,deactivation,Table 1
23840533,41626073_SR_C2,deactivation,precentral gyrus (R),R,42.0,-26.0,56.0,MNI,t,-4.5,77,deactivation,Table 1
23840533,41626073_SR_C3,sham_gt_rest,primary and secondary somatosensory area (L),L,-56.0,18.0,30.0,MNI,t,6.83,1091,activation,Table 1
23840533,41626073_SR_C3,sham_gt_rest,primary and secondary somatosensory area (R),R,52.0,-42.0,58.0,MNI,t,7.28,1001,activation,Table 1
23840533,41626073_SR_C3,sham_gt_rest,lateral prefrontal cortex (L),L,-42.0,8.0,26.0,MNI,t,6.51,532,activation,Table 1
23840533,41626073_SR_C3,sham_gt_rest,lateral prefrontal cortex (R),R,46.0,16.0,2.0,MNI,t,8.26,231,activation,Table 1
23840533,41626073_SR_C3,sham_gt_rest,cerebellum (L),L,-22.0,-72.0,-50.0,MNI,t,7.48,474,activation,Table 1
23840533,41626073_SR_C4,deactivation,precuneus (L/R),R,10.0,-60.0,22.0,MNI,t,-7.22,360,deactivation,Table 1
23840533,41626073_SR_C4,deactivation,precentral gyrus (L),L,-28.0,-16.0,72.0,MNI,t,-6.89,98,deactivation,Table 1
24062782,contrast_acup_mean,verum_gt_rest,Straight gyrus,L,-2.0,29.0,-10.0,Talairach,t,-4.40,not_reported,negative,table
24062782,contrast_acup_mean,verum_gt_rest,Straight gyrus,R,5.0,11.0,-10.0,Talairach,t,-4.65,not_reported,negative,table
24062782,contrast_acup_mean,verum_gt_rest,Superior frontal gyrus,R,8.0,32.0,48.0,Talairach,t,5.01,not_reported,positive,table
24062782,contrast_acup_mean,verum_gt_rest,Superior frontal gyrus,R,8.0,53.0,24.0,Talairach,t,-4.19,not_reported,negative,table
24062782,contrast_acup_mean,verum_gt_rest,Orbital gyri,R,11.0,44.0,-13.0,Talairach,t,-4.97,not_reported,negative,table
24062782,contrast_acup_mean,verum_gt_rest,Orbital sulci,R,17.0,41.0,-10.0,Talairach,t,-3.71,not_reported,negative,table
24062782,contrast_acup_mean,verum_gt_rest,Anterior cingulate cortex,L,-8.0,32.0,-4.0,Talairach,t,-3.17,not_reported,negative,table
24062782,contrast_acup_mean,verum_gt_rest,Anterior cingulate cortex,R,8.0,32.0,-7.0,Talairach,t,-5.01,not_reported,negative,table
24062782,contrast_acup_mean,verum_gt_rest,Subcallosal gyrus,L,-2.0,11.0,-7.0,Talairach,t,-3.94,not_reported,negative,table
24062782,contrast_acup_mean,verum_gt_rest,Postcentral gyrus,R,44.0,-20.0,51.0,Talairach,t,-3.40,not_reported,negative,table
24062782,contrast_acup_mean,verum_gt_rest,Postcentral sulcus,L,-47.0,-32.0,36.0,Talairach,t,3.85,not_reported,positive,table
24062782,contrast_acup_mean,verum_gt_rest,Superior parietal lobule,L,-11.0,-65.0,51.0,Talairach,t,-3.28,not_reported,negative,table
24062782,contrast_acup_mean,verum_gt_rest,Superior parietal lobule,R,20.0,-74.0,39.0,Talairach,t,-3.26,not_reported,negative,table
24062782,contrast_acup_mean,verum_gt_rest,Angular gyrus,R,44.0,-71.0,30.0,Talairach,t,-3.25,not_reported,negative,table
24062782,contrast_acup_mean,verum_gt_rest,Supramarginal gyrus,L,-62.0,-32.0,33.0,Talairach,t,4.14,not_reported,positive,table
24062782,contrast_acup_mean,verum_gt_rest,Supramarginal gyrus,R,56.0,-23.0,24.0,Talairach,t,3.10,not_reported,positive,table
24062782,contrast_acup_mean,verum_gt_rest,Precuneus,L,-8.0,-62.0,48.0,Talairach,t,-3.69,not_reported,negative,table
24062782,contrast_acup_mean,verum_gt_rest,Precuneus,R,5.0,-62.0,42.0,Talairach,t,-3.34,not_reported,negative,table
24062782,contrast_acup_mean,verum_gt_rest,Ant. insula,L,-26.0,26.0,6.0,Talairach,t,2.85,not_reported,positive,table
24062782,contrast_acup_mean,verum_gt_rest,Ant. insula,R,29.0,17.0,-10.0,Talairach,t,-3.73,not_reported,negative,table
24062782,contrast_acup_mean,verum_gt_rest,Sup. insula,L,-26.0,20.0,15.0,Talairach,t,4.16,not_reported,positive,table
24062782,contrast_acup_mean,verum_gt_rest,Sup. insula,R,35.0,26.0,15.0,Talairach,t,2.82,not_reported,positive,table
24062782,contrast_acup_mean,verum_gt_rest,Superior temporal gyrus,R,53.0,8.0,-13.0,Talairach,t,-4.92,not_reported,negative,table
24062782,contrast_acup_mean,verum_gt_rest,Superior temporal sulcus,R,53.0,-17.0,-10.0,Talairach,t,-4.94,not_reported,negative,table
24062782,contrast_acup_mean,verum_gt_rest,Middle temporal gyrus,L,-62.0,-26.0,-7.0,Talairach,t,-3.04,not_reported,negative,table
24062782,contrast_acup_mean,verum_gt_rest,Middle temporal gyrus,R,56.0,2.0,-16.0,Talairach,t,-5.19,not_reported,negative,table
24062782,contrast_acup_mean,verum_gt_rest,Hippocampus,L,-29.0,-23.0,-7.0,Talairach,t,-2.72,not_reported,negative,table
24062782,contrast_acup_mean,verum_gt_rest,Hippocampus,R,23.0,-11.0,-16.0,Talairach,t,-3.37,not_reported,negative,table
24062782,contrast_acup_mean,verum_gt_rest,Amygdala,R,26.0,-8.0,-16.0,Talairach,t,-3.27,not_reported,negative,table
24062782,contrast_acup_mean,verum_gt_rest,Parahippocampal gyrus,L,-11.0,-38.0,-7.0,Talairach,t,-4.09,not_reported,negative,table
24062782,contrast_acup_mean,verum_gt_rest,Parahippocampal gyrus,R,23.0,2.0,-25.0,Talairach,t,-3.98,not_reported,negative,table
24062782,contrast_acup_mean,verum_gt_rest,Lingual gyrus,L,-8.0,-62.0,-1.0,Talairach,t,-4.21,not_reported,negative,table
24062782,contrast_acup_mean,verum_gt_rest,Lingual gyrus,R,14.0,-47.0,-7.0,Talairach,t,-3.65,not_reported,negative,table
24062782,contrast_acup_mean,verum_gt_rest,Temporal pole,R,32.0,17.0,-28.0,Talairach,t,-5.17,not_reported,negative,table
24062782,contrast_acup_mean,verum_gt_rest,Cuneus,L,-5.0,-83.0,12.0,Talairach,t,-3.64,not_reported,negative,table
24062782,contrast_acup_mean,verum_gt_rest,Cuneus,R,5.0,-86.0,12.0,Talairach,t,-2.79,not_reported,negative,table
24062782,contrast_acup_mean,verum_gt_rest,Thalamus proper,L,-17.0,-20.0,18.0,Talairach,t,3.09,not_reported,positive,table
24062782,contrast_acup_mean,verum_gt_rest,Corpus callosum,L,-12.0,-42.0,19.0,Talairach,t,3.09,not_reported,positive,table
24062782,contrast_acup_mean,verum_gt_rest,Cerebellum cortex,L,-35.0,-68.0,-25.0,Talairach,t,4.48,not_reported,positive,table
24062782,contrast_acup_mean,verum_gt_rest,Cerebellum cortex,L,-11.0,-38.0,-10.0,Talairach,t,-3.93,not_reported,negative,table
24062782,contrast_acup_mean,verum_gt_rest,Cerebellum cortex,R,29.0,-44.0,-43.0,Talairach,t,3.83,not_reported,positive,table
24062782,contrast_acup_mean,verum_gt_rest,Cerebellum cortex,R,5.0,-41.0,-10.0,Talairach,t,-3.48,not_reported,negative,table
24062782,contrast_acup_mean,verum_gt_rest,Brain stem,not_reported,5.0,-26.0,-34.0,Talairach,t,-3.00,not_reported,negative,table
24062782,contrast_acup_pressure_covariate,correlation_deqi,Straight gyrus,L,-2.0,59.0,-1.0,Talairach,t,-3.64,not_reported,negative,table
24062782,contrast_acup_pressure_covariate,correlation_deqi,Superior frontal gyrus,L,-5.0,50.0,27.0,Talairach,t,-3.19,not_reported,negative,table
24062782,contrast_acup_pressure_covariate,correlation_deqi,Orbital gyri,R,35.0,29.0,-7.0,Talairach,t,-3.78,not_reported,negative,table
24062782,contrast_acup_pressure_covariate,correlation_deqi,Orbital sulci,R,32.0,29.0,-7.0,Talairach,t,-3.45,not_reported,negative,table
24062782,contrast_acup_pressure_covariate,correlation_deqi,Anterior cingulate cortex,L,-5.0,32.0,3.0,Talairach,t,-3.08,not_reported,negative,table
24062782,contrast_acup_pressure_covariate,correlation_deqi,Anterior cingulate cortex,R,8.0,38.0,3.0,Talairach,t,-3.29,not_reported,negative,table
24062782,contrast_acup_pressure_covariate,correlation_deqi,Subcallosal gyrus,L,-2.0,14.0,3.0,Talairach,t,-2.77,not_reported,negative,table
24062782,contrast_acup_pressure_covariate,correlation_deqi,Intraparietal sulcus,L,-35.0,-59.0,39.0,Talairach,t,2.90,not_reported,positive,table
24062782,contrast_acup_pressure_covariate,correlation_deqi,Angular gyrus,L,-53.0,-59.0,30.0,Talairach,t,-3.44,not_reported,negative,table
24062782,contrast_acup_pressure_covariate,correlation_deqi,Angular gyrus,R,44.0,-65.0,33.0,Talairach,t,-2.72,not_reported,negative,table
24062782,contrast_acup_pressure_covariate,correlation_deqi,Ant. insula,R,29.0,17.0,-10.0,Talairach,t,-3.34,not_reported,negative,table
24062782,contrast_acup_pressure_covariate,correlation_deqi,Sup. insula,R,29.0,23.0,12.0,Talairach,t,2.95,not_reported,positive,table
24062782,contrast_acup_pressure_covariate,correlation_deqi,Superior temporal gyrus,R,47.0,17.0,-10.0,Talairach,t,-3.23,not_reported,negative,table
24062782,contrast_acup_pressure_covariate,correlation_deqi,Superior temporal sulcus,R,56.0,-2.0,-16.0,Talairach,t,-3.80,not_reported,negative,table
24062782,contrast_acup_pressure_covariate,correlation_deqi,Middle temporal gyrus,L,-62.0,-41.0,3.0,Talairach,t,-4.16,not_reported,negative,table
24062782,contrast_acup_pressure_covariate,correlation_deqi,Middle temporal gyrus,R,59.0,-2.0,-19.0,Talairach,t,-5.25,not_reported,negative,table
24062782,contrast_acup_pressure_covariate,correlation_deqi,Hippocampus,L,-23.0,-41.0,-1.0,Talairach,t,-3.50,not_reported,negative,table
24062782,contrast_acup_pressure_covariate,correlation_deqi,Hippocampus,R,32.0,-35.0,-4.0,Talairach,t,-4.45,not_reported,negative,table
24062782,contrast_acup_pressure_covariate,correlation_deqi,Parahippocampal gyrus,L,-23.0,5.0,-19.0,Talairach,t,-4.86,not_reported,negative,table
24062782,contrast_acup_pressure_covariate,correlation_deqi,Parahippocampal gyrus,R,20.0,5.0,-22.0,Talairach,t,-3.46,not_reported,negative,table
24062782,contrast_acup_pressure_covariate,correlation_deqi,Lingual gyrus,L,-5.0,-80.0,-13.0,Talairach,t,-3.95,not_reported,negative,table
24062782,contrast_acup_pressure_covariate,correlation_deqi,Lingual gyrus,R,11.0,-50.0,-4.0,Talairach,t,-3.32,not_reported,negative,table
24062782,contrast_acup_pressure_covariate,correlation_deqi,Temporal pole,R,23.0,5.0,-28.0,Talairach,t,-3.74,not_reported,negative,table
24062782,contrast_acup_pressure_covariate,correlation_deqi,Cerebellum cortex,L,-38.0,-56.0,-25.0,Talairach,t,-3.01,not_reported,negative,table
24062782,contrast_acup_pressure_covariate,correlation_deqi,Cerebellum cortex,R,41.0,-68.0,-34.0,Talairach,t,-4.36,not_reported,negative,table
24062782,contrast_acup_heaviness_covariate,correlation_deqi,Superior frontal gyrus,L,-5.0,-14.0,48.0,Talairach,t,2.94,not_reported,positive,table
24062782,contrast_acup_heaviness_covariate,correlation_deqi,Orbital gyri,R,35.0,29.0,-7.0,Talairach,t,4.52,not_reported,positive,table
24062782,contrast_acup_heaviness_covariate,correlation_deqi,Orbital sulci,R,38.0,32.0,-4.0,Talairach,t,4.33,not_reported,positive,table
24062782,contrast_acup_heaviness_covariate,correlation_deqi,Anterior cingulate cortex,L,-5.0,41.0,3.0,Talairach,t,3.70,not_reported,positive,table
24062782,contrast_acup_heaviness_covariate,correlation_deqi,Anterior cingulate cortex,R,8.0,44.0,3.0,Talairach,t,3.84,not_reported,positive,table
24062782,contrast_acup_heaviness_covariate,correlation_deqi,Intraparietal sulcus,L,-38.0,-56.0,39.0,Talairach,t,-4.08,not_reported,negative,table
24062782,contrast_acup_heaviness_covariate,correlation_deqi,Intraparietal sulcus,R,29.0,-53.0,42.0,Talairach,t,-4.07,not_reported,negative,table
24062782,contrast_acup_heaviness_covariate,correlation_deqi,Precuneus,L,-5.0,-59.0,33.0,Talairach,t,2.81,not_reported,positive,table
24062782,contrast_acup_heaviness_covariate,correlation_deqi,Ant. insula,R,29.0,23.0,-7.0,Talairach,t,3.57,not_reported,positive,table
24062782,contrast_acup_heaviness_covariate,correlation_deqi,Superior temporal sulcus,R,50.0,-2.0,-10.0,Talairach,t,3.41,not_reported,positive,table
24062782,contrast_acup_heaviness_covariate,correlation_deqi,Middle temporal gyrus,R,62.0,-17.0,-13.0,Talairach,t,3.48,not_reported,positive,table
24062782,contrast_acup_heaviness_covariate,correlation_deqi,Hippocampus,R,32.0,-35.0,-4.0,Talairach,t,2.87,not_reported,positive,table
24062782,contrast_acup_heaviness_covariate,correlation_deqi,Cerebellum cortex,L,-8.0,-53.0,-31.0,Talairach,t,2.72,not_reported,positive,table
24062782,contrast_acup_fullness_covariate,correlation_deqi,Superior frontal gyrus,L,-14.0,56.0,27.0,Talairach,t,-2.88,not_reported,negative,table
24062782,contrast_acup_fullness_covariate,correlation_deqi,Orbital gyri,R,29.0,26.0,-10.0,Talairach,t,-3.48,not_reported,negative,table
24062782,contrast_acup_fullness_covariate,correlation_deqi,Orbital sulci,R,32.0,29.0,-7.0,Talairach,t,-2.99,not_reported,negative,table
24062782,contrast_acup_fullness_covariate,correlation_deqi,Anterior cingulate cortex,R,11.0,41.0,-1.0,Talairach,t,-4.20,not_reported,negative,table
24062782,contrast_acup_fullness_covariate,correlation_deqi,Superior parietal lobule,R,20.0,-68.0,42.0,Talairach,t,2.61,not_reported,positive,table
24062782,contrast_acup_fullness_covariate,correlation_deqi,Intraparietal sulcus,R,29.0,-50.0,39.0,Talairach,t,3.71,not_reported,positive,table
24062782,contrast_acup_fullness_covariate,correlation_deqi,Angular gyrus,R,56.0,-44.0,27.0,Talairach,t,-2.95,not_reported,negative,table
24062782,contrast_acup_fullness_covariate,correlation_deqi,Supramarginal gyrus,R,50.0,-23.0,18.0,Talairach,t,3.31,not_reported,positive,table
24062782,contrast_acup_fullness_covariate,correlation_deqi,Ant. insula,R,29.0,23.0,-7.0,Talairach,t,-2.91,not_reported,negative,table
24062782,contrast_acup_fullness_covariate,correlation_deqi,Superior temporal sulcus,R,47.0,-2.0,-19.0,Talairach,t,-2.62,not_reported,negative,table
24062782,contrast_acup_fullness_covariate,correlation_deqi,Middle temporal gyrus,R,62.0,-17.0,-16.0,Talairach,t,-3.16,not_reported,negative,table
24062782,contrast_acup_fullness_covariate,correlation_deqi,Hippocampus,L,-20.0,-32.0,-7.0,Talairach,t,-3.92,not_reported,negative,table
24062782,contrast_acup_fullness_covariate,correlation_deqi,Hippocampus,R,35.0,-32.0,-7.0,Talairach,t,-2.56,not_reported,negative,table
24062782,contrast_acup_fullness_covariate,correlation_deqi,Parahippocampal gyrus,L,-14.0,-38.0,-7.0,Talairach,t,-3.65,not_reported,negative,table
24062782,contrast_acup_fullness_covariate,correlation_deqi,Sup. insula,R,35.0,26.0,15.0,Talairach,t,3.03,not_reported,positive,table
24062782,contrast_acup_fullness_covariate,correlation_deqi,Cerebellum cortex,L,-2.0,-44.0,-19.0,Talairach,t,2.50,not_reported,positive,table
24062782,contrast_acup_fullness_covariate,correlation_deqi,Cerebellum cortex,L,-14.0,-38.0,-13.0,Talairach,t,-2.75,not_reported,negative,table
24062782,contrast_acup_fullness_covariate,correlation_deqi,Cerebellum cortex,R,2.0,-44.0,-19.0,Talairach,t,3.12,not_reported,positive,table
24062782,contrast_acup_fullness_covariate,correlation_deqi,Brain stem,not_reported,8.0,-29.0,-34.0,Talairach,t,4.02,not_reported,positive,table
24062782,contrast_acup_numbness_covariate,correlation_deqi,Superior frontal gyrus,R,8.0,-2.0,57.0,Talairach,t,3.69,not_reported,positive,table
24062782,contrast_acup_numbness_covariate,correlation_deqi,Middle-anterior cingulate cortex,R,5.0,8.0,30.0,Talairach,t,3.61,not_reported,positive,table
24062782,contrast_acup_numbness_covariate,correlation_deqi,Postcentral sulcus,L,-56.0,-23.0,30.0,Talairach,t,3.10,not_reported,positive,table
24062782,contrast_acup_numbness_covariate,correlation_deqi,Superior parietal lobule,L,-23.0,-71.0,36.0,Talairach,t,2.98,not_reported,positive,table
24062782,contrast_acup_numbness_covariate,correlation_deqi,Superior parietal lobule,R,20.0,-68.0,48.0,Talairach,t,2.96,not_reported,positive,table
24062782,contrast_acup_numbness_covariate,correlation_deqi,Intraparietal sulcus,L,-20.0,-68.0,39.0,Talairach,t,3.19,not_reported,positive,table
24062782,contrast_acup_numbness_covariate,correlation_deqi,Intraparietal sulcus,R,32.0,-56.0,39.0,Talairach,t,4.47,not_reported,positive,table
24062782,contrast_acup_numbness_covariate,correlation_deqi,Angular gyrus,L,-29.0,-68.0,36.0,Talairach,t,2.65,not_reported,positive,table
24062782,contrast_acup_numbness_covariate,correlation_deqi,Angular gyrus,R,35.0,-65.0,39.0,Talairach,t,3.55,not_reported,positive,table
24062782,contrast_acup_numbness_covariate,correlation_deqi,Supramarginal gyrus,L,-62.0,-29.0,36.0,Talairach,t,3.67,not_reported,positive,table
24062782,contrast_acup_numbness_covariate,correlation_deqi,Supramarginal gyrus,R,56.0,-23.0,30.0,Talairach,t,3.00,not_reported,positive,table
24062782,contrast_acup_numbness_covariate,correlation_deqi,Superior temporal sulcus,R,53.0,-14.0,-10.0,Talairach,t,-2.85,not_reported,negative,table
24062782,contrast_acup_numbness_covariate,correlation_deqi,Middle temporal gyrus,R,56.0,2.0,-16.0,Talairach,t,-4.02,not_reported,negative,table
24062782,contrast_acup_numbness_covariate,correlation_deqi,Hippocampus,L,-17.0,-29.0,-7.0,Talairach,t,-3.92,not_reported,negative,table
24062782,contrast_acup_numbness_covariate,correlation_deqi,Hippocampus,R,35.0,-26.0,-7.0,Talairach,t,2.90,not_reported,positive,table
24062782,contrast_acup_numbness_covariate,correlation_deqi,Parahippocampal gyrus,L,-14.0,-32.0,-7.0,Talairach,t,-3.65,not_reported,negative,table
24062782,contrast_acup_numbness_covariate,correlation_deqi,Lingual gyrus,L,-11.0,-86.0,-7.0,Talairach,t,2.50,not_reported,positive,table
24062782,contrast_acup_numbness_covariate,correlation_deqi,Cuneus,L,-5.0,-86.0,12.0,Talairach,t,2.79,not_reported,positive,table
24062782,contrast_acup_numbness_covariate,correlation_deqi,Thalamus proper,L,-20.0,-32.0,-4.0,Talairach,t,-3.90,not_reported,negative,table
24062782,contrast_acup_numbness_covariate,correlation_deqi,Cerebellum cortex,L,-47.0,-56.0,-28.0,Talairach,t,3.55,not_reported,positive,table
24062782,contrast_acup_numbness_covariate,correlation_deqi,Cerebellum cortex,R,35.0,-56.0,-40.0,Talairach,t,3.14,not_reported,positive,table
24062782,contrast_acup_numbness_covariate,correlation_deqi,Brain stem,not_reported,-14.0,-23.0,-7.0,Talairach,t,3.76,not_reported,positive,table
24062782,contrast_acup_tingling_covariate,correlation_deqi,Straight gyrus,L,-2.0,53.0,-7.0,Talairach,t,-3.54,not_reported,negative,table
24062782,contrast_acup_tingling_covariate,correlation_deqi,Superior frontal gyrus,L,-20.0,8.0,60.0,Talairach,t,-3.73,not_reported,negative,table
24062782,contrast_acup_tingling_covariate,correlation_deqi,Superior frontal gyrus,R,17.0,44.0,39.0,Talairach,t,-2.93,not_reported,negative,table
24062782,contrast_acup_tingling_covariate,correlation_deqi,Orbital gyri,R,38.0,50.0,-1.0,Talairach,t,-3.83,not_reported,negative,table
24062782,contrast_acup_tingling_covariate,correlation_deqi,Postcentral gyrus,R,47.0,-29.0,54.0,Talairach,t,-3.46,not_reported,negative,table
24062782,contrast_acup_tingling_covariate,correlation_deqi,Superior parietal lobule,R,20.0,-68.0,45.0,Talairach,t,-3.38,not_reported,negative,table
24062782,contrast_acup_tingling_covariate,correlation_deqi,Intraparietal sulcus,L,-44.0,-47.0,39.0,Talairach,t,-3.40,not_reported,negative,table
24062782,contrast_acup_tingling_covariate,correlation_deqi,Intraparietal sulcus,R,32.0,-65.0,39.0,Talairach,t,-2.79,not_reported,negative,table
24062782,contrast_acup_tingling_covariate,correlation_deqi,Angular gyrus,L,-44.0,-56.0,42.0,Talairach,t,-3.66,not_reported,negative,table
24062782,contrast_acup_tingling_covariate,correlation_deqi,Angular gyrus,R,38.0,-65.0,42.0,Talairach,t,-3.37,not_reported,negative,table
24062782,contrast_acup_tingling_covariate,correlation_deqi,Supramarginal gyrus,L,-44.0,-47.0,42.0,Talairach,t,-2.96,not_reported,negative,table
24062782,contrast_acup_tingling_covariate,correlation_deqi,Precuneus,L,-14.0,-47.0,57.0,Talairach,t,-2.69,not_reported,negative,table
24062782,contrast_acup_tingling_covariate,correlation_deqi,Superior temporal sulcus,R,44.0,-71.0,24.0,Talairach,t,-2.59,not_reported,negative,table
24062782,contrast_acup_tingling_covariate,correlation_deqi,Middle temporal gyrus,L,-62.0,-32.0,-4.0,Talairach,t,-2.79,not_reported,negative,table
24062782,contrast_acup_tingling_covariate,correlation_deqi,Hippocampus,L,-17.0,-29.0,-7.0,Talairach,t,4.69,not_reported,positive,table
24062782,contrast_acup_tingling_covariate,correlation_deqi,Hippocampus,R,35.0,-26.0,-7.0,Talairach,t,2.90,not_reported,positive,table
24062782,contrast_acup_tingling_covariate,correlation_deqi,Parahippocampal gyrus,L,-14.0,-32.0,-7.0,Talairach,t,3.87,not_reported,positive,table
24062782,contrast_acup_tingling_covariate,correlation_deqi,Thalamus proper,L,-8.0,-32.0,6.0,Talairach,t,5.48,not_reported,positive,table
24062782,contrast_acup_tingling_covariate,correlation_deqi,Thalamus proper,R,11.0,-29.0,15.0,Talairach,t,3.56,not_reported,positive,table
24062782,contrast_acup_tingling_covariate,correlation_deqi,Corpus callosum,L,-17.0,-35.0,24.0,Talairach,t,5.17,not_reported,positive,table
24062782,contrast_acup_tingling_covariate,correlation_deqi,Corpus callosum,R,8.0,-35.0,18.0,Talairach,t,4.70,not_reported,positive,table
24062782,contrast_acup_tingling_covariate,correlation_deqi,Cerebellum cortex,L,-38.0,-71.0,-31.0,Talairach,t,3.89,not_reported,positive,table
24062782,contrast_acup_tingling_covariate,correlation_deqi,Cerebellum cortex,R,44.0,-41.0,-40.0,Talairach,t,4.00,not_reported,positive,table
24062782,contrast_tactile_pressure_covariate,correlation_deqi,Precentral gyrus,L,-56.0,5.0,24.0,Talairach,t,4.64,not_reported,positive,table
24062782,contrast_tactile_pressure_covariate,correlation_deqi,Precentral gyrus,R,56.0,-5.0,24.0,Talairach,t,3.44,not_reported,positive,table
24062782,contrast_tactile_pressure_covariate,correlation_deqi,Postcentral gyrus,L,-59.0,-17.0,30.0,Talairach,t,3.46,not_reported,positive,table
24062782,contrast_tactile_pressure_covariate,correlation_deqi,Postcentral gyrus,R,50.0,-17.0,48.0,Talairach,t,3.63,not_reported,positive,table
24062782,contrast_tactile_pressure_covariate,correlation_deqi,Postcentral sulcus,L,-56.0,-20.0,30.0,Talairach,t,4.03,not_reported,positive,table
24062782,contrast_tactile_pressure_covariate,correlation_deqi,Postcentral sulcus,R,53.0,-20.0,36.0,Talairach,t,3.00,not_reported,positive,table
24062782,contrast_tactile_pressure_covariate,correlation_deqi,Supramarginal gyrus,L,-56.0,-23.0,30.0,Talairach,t,3.72,not_reported,positive,table
24062782,contrast_tactile_pressure_covariate,correlation_deqi,Inf. insula,L,-35.0,-23.0,9.0,Talairach,t,3.79,not_reported,positive,table
24062782,contrast_tactile_pressure_covariate,correlation_deqi,Ant. insula,R,32.0,26.0,6.0,Talairach,t,3.08,not_reported,positive,table
24062782,contrast_tactile_pressure_covariate,correlation_deqi,Sup. insula,R,35.0,8.0,15.0,Talairach,t,3.02,not_reported,positive,table
24062782,contrast_tactile_pressure_covariate,correlation_deqi,Superior temporal gyrus,L,-50.0,8.0,-4.0,Talairach,t,3.55,not_reported,positive,table
24062782,contrast_tactile_pressure_covariate,correlation_deqi,Superior temporal gyrus,R,65.0,-32.0,15.0,Talairach,t,3.18,not_reported,positive,table
24062782,contrast_tactile_pressure_covariate,correlation_deqi,Parahippocampal gyrus,L,-20.0,-29.0,-16.0,Talairach,t,3.01,not_reported,positive,table
24062782,contrast_tactile_pressure_covariate,correlation_deqi,Hippocampus,R,29.0,-26.0,-13.0,Talairach,t,3.86,not_reported,positive,table
24062782,contrast_tactile_pressure_covariate,correlation_deqi,Temporal pole,R,41.0,-2.0,-34.0,Talairach,t,2.77,not_reported,positive,table
24062782,contrast_tactile_pressure_covariate,correlation_deqi,Cerebellum cortex,L,-8.0,-77.0,-31.0,Talairach,t,3.38,not_reported,positive,table
24062782,contrast_tactile_pressure_covariate,correlation_deqi,Cerebellum cortex,R,35.0,-53.0,-52.0,Talairach,t,4.07,not_reported,positive,table
24062782,contrast_tactile_heaviness_fullness_covariate,correlation_deqi,Inferior frontal gyrus,L,-53.0,14.0,24.0,Talairach,t,-4.01,not_reported,negative,table
24062782,contrast_tactile_heaviness_fullness_covariate,correlation_deqi,Superior frontal gyrus,L,-11.0,62.0,21.0,Talairach,t,-2.91,not_reported,negative,table
24062782,contrast_tactile_heaviness_fullness_covariate,correlation_deqi,Precentral gyrus,R,35.0,-26.0,51.0,Talairach,t,-3.05,not_reported,negative,table
24062782,contrast_tactile_heaviness_fullness_covariate,correlation_deqi,Central sulcus,R,32.0,-26.0,51.0,Talairach,t,-3.02,not_reported,negative,table
24062782,contrast_tactile_heaviness_fullness_covariate,correlation_deqi,Superior temporal gyrus,L,-62.0,-26.0,12.0,Talairach,t,-3.19,not_reported,negative,table
24062782,contrast_tactile_heaviness_fullness_covariate,correlation_deqi,Superior temporal gyrus,R,62.0,-8.0,6.0,Talairach,t,-3.33,not_reported,negative,table
24062782,contrast_tactile_heaviness_fullness_covariate,correlation_deqi,Superior temporal sulcus,L,-47.0,-35.0,-1.0,Talairach,t,-4.53,not_reported,negative,table
24062782,contrast_tactile_heaviness_fullness_covariate,correlation_deqi,Parahippocampal gyrus,L,-14.0,-41.0,-4.0,Talairach,t,-3.00,not_reported,negative,table
24062782,contrast_tactile_heaviness_fullness_covariate,correlation_deqi,Temporal pole,L,-20.0,8.0,-31.0,Talairach,t,-8.18,not_reported,negative,table
24062782,contrast_tactile_heaviness_fullness_covariate,correlation_deqi,Lingual gyrus,L,-8.0,-74.0,6.0,Talairach,t,-3.96,not_reported,negative,table
24062782,contrast_tactile_heaviness_fullness_covariate,correlation_deqi,Cerebellum cortex,L,-32.0,-47.0,-52.0,Talairach,t,-3.95,not_reported,negative,table
24062782,contrast_tactile_tingling_covariate,correlation_deqi,Inferior frontal gyrus,R,41.0,8.0,12.0,Talairach,t,3.02,not_reported,positive,table
24062782,contrast_tactile_tingling_covariate,correlation_deqi,Ant. insula,R,29.0,23.0,6.0,Talairach,t,3.08,not_reported,positive,table
24062782,contrast_tactile_tingling_covariate,correlation_deqi,Sup. insula,R,38.0,11.0,15.0,Talairach,t,3.55,not_reported,positive,table
24062782,contrast_tactile_tingling_covariate,correlation_deqi,Hippocampus,R,32.0,-26.0,-13.0,Talairach,t,-5.38,not_reported,negative,table
24062782,contrast_tactile_tingling_covariate,correlation_deqi,Temporal pole,L,-32.0,-8.0,-31.0,Talairach,t,-5.31,not_reported,negative,table
24062782,contrast_tactile_tingling_covariate,correlation_deqi,Parahippocampal gyrus,L,-32.0,-11.0,-31.0,Talairach,t,-4.28,not_reported,negative,table
24062782,contrast_tactile_tingling_covariate,correlation_deqi,Cerebellum cortex,L,-2.0,-53.0,-31.0,Talairach,t,3.38,not_reported,positive,table
24062782,28480365_SR_C1,deactivation,R Superior frontal gyrus,R,20.0,-2.0,63.0,TAL,t,-3.2,not_reported,deactivation,Table 5
24062782,28480365_SR_C1,deactivation,L Superior frontal gyrus,L,-11.0,62.0,21.0,TAL,t,-2.91,not_reported,deactivation,Table 5
24062782,28480365_SR_C1,deactivation,R Precentral gyrus,R,35.0,-26.0,48.0,TAL,t,-2.78,not_reported,deactivation,Table 5
24062782,28480365_SR_C1,deactivation,R Orbital gyri,R,14.0,47.0,-10.0,TAL,t,-3.29,not_reported,deactivation,Table 5
24062782,28480365_SR_C1,deactivation,R Central sulcus,R,38.0,-20.0,42.0,TAL,t,-4.55,not_reported,deactivation,Table 5
24062782,28480365_SR_C1,deactivation,L Central sulcus,L,-38.0,-29.0,57.0,TAL,t,-3.2,not_reported,deactivation,Table 5
24062782,28480365_SR_C1,deactivation,R Postcentral gyrus,R,47.0,-17.0,45.0,TAL,t,-3.01,not_reported,deactivation,Table 5
24062782,28480365_SR_C1,deactivation,R Postcentral sulcus,R,26.0,-38.0,57.0,TAL,t,-3.3,not_reported,deactivation,Table 5
24062782,28480365_SR_C1,deactivation,R Sup. insula,R,35.0,-14.0,21.0,TAL,t,-3.53,not_reported,deactivation,Table 5
24062782,28480365_SR_C1,deactivation,R Ant. insula,R,29.0,23.0,6.0,TAL,t,-3.71,not_reported,deactivation,Table 5
24062782,28480365_SR_C1,deactivation,L Superior temporal gyrus,L,-47.0,8.0,-19.0,TAL,t,-3.62,not_reported,deactivation,Table 5
24062782,28480365_SR_C1,deactivation,R Superior temporal gyrus,R,59.0,-8.0,-1.0,TAL,t,-5.02,not_reported,deactivation,Table 5
24062782,28480365_SR_C1,deactivation,L Superior temporal sulcus,L,-47.0,5.0,-19.0,TAL,t,-3.99,not_reported,deactivation,Table 5
24062782,28480365_SR_C1,deactivation,R Superior temporal sulcus,R,59.0,-11.0,-1.0,TAL,t,-4.84,not_reported,deactivation,Table 5
24062782,28480365_SR_C1,deactivation,L Middle temporal gyrus,L,-47.0,8.0,-22.0,TAL,t,-3.52,not_reported,deactivation,Table 5
24062782,28480365_SR_C1,deactivation,R Middle temporal gyrus,R,44.0,2.0,-25.0,TAL,t,-3.68,not_reported,deactivation,Table 5
24062782,28480365_SR_C1,deactivation,L Parahippocampal gyrus,L,-32.0,-17.0,-22.0,TAL,t,-2.95,not_reported,deactivation,Table 5
24062782,28480365_SR_C1,deactivation,L Lingual gyrus,midline,-2.0,-83.0,-7.0,TAL,t,-3.02,not_reported,deactivation,Table 5
24062782,28480365_SR_C1,deactivation,L Temporal pole,L,-47.0,5.0,-28.0,TAL,t,-3.07,not_reported,deactivation,Table 5
24062782,28480365_SR_C1,deactivation,R Temporal pole,R,47.0,11.0,-25.0,TAL,t,-3.06,not_reported,deactivation,Table 5
24062782,28480365_SR_C1,deactivation,L Cerebellum cortex,midline,-2.0,-53.0,-31.0,TAL,t,-3.08,not_reported,deactivation,Table 5
24062782,28480365_SR_C1,deactivation,R Cerebellum cortex,midline,2.0,-50.0,-31.0,TAL,t,-3.26,not_reported,deactivation,Table 5
24062782,28480365_SR_C2,sham_gt_rest,L Inferior frontal gyrus,L,-53.0,14.0,24.0,TAL,t,-4.01,not_reported,activation,Table 5
24062782,28480365_SR_C2,sham_gt_rest,L Precentral gyrus,L,-20.0,-26.0,63.0,TAL,t,-2.86,not_reported,activation,Table 5
24062782,28480365_SR_C2,sham_gt_rest,L Postcentral sulcus,L,-56.0,-23.0,30.0,TAL,t,3.31,not_reported,activation,Table 5
24062782,28480365_SR_C2,sham_gt_rest,L Supramarginal gyrus,L,-62.0,-26.0,24.0,TAL,t,3.71,not_reported,activation,Table 5
24062782,28480365_SR_C2,sham_gt_rest,R Supramarginal gyrus,R,56.0,-29.0,27.0,TAL,t,3.36,not_reported,activation,Table 5
24062782,28480365_SR_C2,sham_gt_rest,L Inf. insula,L,-32.0,-23.0,9.0,TAL,t,3.2,not_reported,activation,Table 5
24062782,28480365_SR_C2,sham_gt_rest,L Superior temporal gyrus (positive),L,-50.0,8.0,-4.0,TAL,t,3.55,not_reported,activation,Table 5
24062782,28480365_SR_C2,sham_gt_rest,R Superior temporal gyrus (positive),R,65.0,-32.0,15.0,TAL,t,3.18,not_reported,activation,Table 5
24062782,28480365_SR_C2,sham_gt_rest,L Superior temporal sulcus (negative listed as positive row),L,-47.0,-35.0,-1.0,TAL,t,-4.53,not_reported,activation,Table 5
24062782,28480365_SR_C2,sham_gt_rest,L Parahippocampal gyrus (positive),L,-20.0,-29.0,-16.0,TAL,t,3.01,not_reported,activation,Table 5
24062782,28480365_SR_C2,sham_gt_rest,R Hippocampus,R,32.0,-26.0,-13.0,TAL,t,-5.38,not_reported,activation,Table 5
24062782,28480365_SR_C2,sham_gt_rest,L Cerebellum cortex (positive),L,-8.0,-77.0,-31.0,TAL,t,3.38,not_reported,activation,Table 5
24062782,28480365_SR_C2,sham_gt_rest,R Cerebellum cortex (positive),R,35.0,-53.0,-52.0,TAL,t,4.07,not_reported,activation,Table 5
24062782,28480365_SR_C2,sham_gt_rest,Brain stem,L,-5.0,-29.0,-22.0,TAL,t,3.28,not_reported,activation,Table 5
24603951,con_01,group_comparison,R MPFC,right,3.0,60.0,-5.0,MNI,T-score,5.12,12,NC>AD (decreased connectivity in AD),table
24603951,con_03,group_comparison,R ITG,right,60.0,0.0,-21.0,MNI,T-score,3.51,12,NC>AD (decreased connectivity in AD),table
24603951,con_03,group_comparison,R ITG,right,51.0,-6.0,-21.0,MNI,T-score,3.06,12,NC>AD (decreased connectivity in AD),table
24603951,con_03,group_comparison,R STG,right,54.0,12.0,-21.0,MNI,T-score,3.22,13,NC>AD (decreased connectivity in AD),table
24603951,con_11,verum_post_gt_pre,R MFG,right,39.0,30.0,45.0,MNI,T-score,4.04,25,AD after > AD before,table
24603951,con_11,verum_post_gt_pre,R MFG,right,39.0,30.0,36.0,MNI,T-score,3.11,25,AD after > AD before,table
24603951,con_14,verum_post_gt_pre,R Thalamus,right,12.0,-18.0,9.0,MNI,T-score,4.69,56,Controls after > Controls before,table
24603951,con_14,verum_post_gt_pre,R Thalamus,right,6.0,-9.0,3.0,MNI,T-score,4.62,56,Controls after > Controls before,table
24603951,con_14,verum_post_gt_pre,R Thalamus,right,15.0,-24.0,3.0,MNI,T-score,4.33,56,Controls after > Controls before,table
24603951,con_14,verum_post_gt_pre,L Thalamus,left,-18.0,-21.0,15.0,MNI,T-score,4.23,23,Controls after > Controls before,table
24603951,con_14,verum_post_gt_pre,L Thalamus,left,-9.0,-18.0,9.0,MNI,T-score,4.14,23,Controls after > Controls before,table
24603951,con_15,deactivation,L MPFC,left,-12.0,57.0,-12.0,MNI,T-score,4.33,27,Controls before > Controls after,table
24603951,con_15,deactivation,R MPFC,right,3.0,63.0,-12.0,MNI,T-score,3.76,27,Controls before > Controls after,table
24603951,con_16,verum_post_gt_pre,L Thalamus,left,-9.0,-18.0,9.0,MNI,T-score,4.20,23,Controls after > Controls before,table
24603951,con_16,verum_post_gt_pre,L Thalamus,left,-18.0,-24.0,12.0,MNI,T-score,3.71,23,Controls after > Controls before,table
24603951,con_16,verum_post_gt_pre,L MFG,left,-39.0,36.0,24.0,MNI,T-score,3.47,25,Controls after > Controls before,table
24603951,con_16,verum_post_gt_pre,L Insula,left,-36.0,21.0,-21.0,MNI,T-score,3.42,25,Controls after > Controls before,table
24603951,24618840_C1,group_comparison,R MPFC,R,3.0,60.0,-5.0,MNI,t,5.12,not_reported,NC > AD (decreased connectivity in AD),Table 2
24603951,24618840_C2,group_comparison,R ITG,R,60.0,0.0,-21.0,MNI,t,3.51,not_reported,NC > AD (decreased connectivity in AD),Table 2
24603951,24618840_C2,group_comparison,R ITG,R,51.0,-6.0,-21.0,MNI,t,3.06,not_reported,NC > AD (decreased connectivity in AD),Table 2
24603951,24618840_C2,group_comparison,R STG,R,54.0,12.0,-21.0,MNI,t,3.22,not_reported,NC > AD (decreased connectivity in AD),Table 2
24603951,24618840_C3,verum_post_gt_pre,R MFG,R,39.0,30.0,45.0,MNI,t,4.04,not_reported,AD after > AD before (increased connectivity post-acupuncture),Table 3
24603951,24618840_C3,verum_post_gt_pre,R MFG,R,39.0,30.0,36.0,MNI,t,3.11,not_reported,AD after > AD before (increased connectivity post-acupuncture),Table 3
24603951,24618840_C4,verum_post_gt_pre,R Thalamus,R,12.0,-18.0,9.0,MNI,t,4.69,not_reported,Controls after > Controls before (increased connectivity post-acupuncture),Table 4
24603951,24618840_C4,verum_post_gt_pre,R Thalamus,R,6.0,-9.0,3.0,MNI,t,4.62,not_reported,Controls after > Controls before (increased connectivity post-acupuncture),Table 4
24603951,24618840_C4,verum_post_gt_pre,R Thalamus,R,15.0,-24.0,3.0,MNI,t,4.33,not_reported,Controls after > Controls before (increased connectivity post-acupuncture),Table 4
24603951,24618840_C4,verum_post_gt_pre,L Thalamus,L,-18.0,-21.0,15.0,MNI,t,4.23,not_reported,Controls after > Controls before (increased connectivity post-acupuncture),Table 4
24603951,24618840_C4,verum_post_gt_pre,L Thalamus,L,-9.0,-18.0,9.0,MNI,t,4.14,not_reported,Controls after > Controls before (increased connectivity post-acupuncture),Table 4
24603951,24618840_C5,deactivation,L MPFC,L,-12.0,57.0,-12.0,MNI,t,4.33,not_reported,Controls before > Controls after (decreased connectivity post-acupuncture),Table 4
24603951,24618840_C5,deactivation,R MPFC,R,3.0,63.0,-12.0,MNI,t,3.76,not_reported,Controls before > Controls after (decreased connectivity post-acupuncture),Table 4
24603951,24618840_C6,verum_post_gt_pre,L Thalamus,L,-9.0,-18.0,9.0,MNI,t,4.2,not_reported,Controls after > Controls before (increased connectivity post-acupuncture),Table 4
24603951,24618840_C6,verum_post_gt_pre,L Thalamus,L,-18.0,-24.0,12.0,MNI,t,3.71,not_reported,Controls after > Controls before (increased connectivity post-acupuncture),Table 4
24603951,24618840_C6,verum_post_gt_pre,L MFG,L,-39.0,36.0,24.0,MNI,t,3.47,not_reported,Controls after > Controls before (increased connectivity post-acupuncture),Table 4
24603951,24618840_C6,verum_post_gt_pre,L Insula,L,-36.0,21.0,-21.0,MNI,t,3.42,not_reported,Controls after > Controls before (increased connectivity post-acupuncture),Table 4
24734108,25516481_C1,verum_post_gt_pre,Prefrontal Cortex,L,-20.0,64.0,-12.0,MNI,t,5.11,not_reported,activation,Table 5
24734108,25516481_C1,verum_post_gt_pre,Prefrontal Cortex,L,-20.0,60.0,-20.0,MNI,t,4.9,not_reported,activation,Table 5
24734108,25516481_C1,verum_post_gt_pre,Prefrontal Cortex,R,6.0,36.0,30.0,MNI,t,4.49,not_reported,activation,Table 5
24734108,25516481_C1,verum_post_gt_pre,Prefrontal Cortex,R,14.0,22.0,60.0,MNI,t,3.56,not_reported,activation,Table 5
24734108,25516481_C2,sham_post_gt_pre,Prefrontal Cortex,L,-38.0,38.0,-16.0,MNI,t,5.64,not_reported,activation,Table 5
24734108,25516481_C2,sham_post_gt_pre,Prefrontal Cortex,L,-28.0,28.0,-20.0,MNI,t,4.13,not_reported,activation,Table 5
24734108,25516481_C2,sham_post_gt_pre,Prefrontal Cortex,L,-36.0,14.0,36.0,MNI,t,5.87,not_reported,activation,Table 5
24734108,25516481_C2,sham_post_gt_pre,Anterior Cingulate Cortex,midline,-2.0,-42.0,30.0,MNI,t,5.36,not_reported,activation,Table 5
24734108,25516481_C2,sham_post_gt_pre,Anterior Cingulate Cortex,L,-6.0,-52.0,8.0,MNI,t,4.79,not_reported,activation,Table 5
24734108,25516481_C3,other,Prefrontal Cortex,R,26.0,40.0,-24.0,MNI,t,4.98,not_reported,activation,Table 6
24734108,25516481_C3,other,Prefrontal Cortex,R,26.0,72.0,-8.0,MNI,t,5.2,not_reported,activation,Table 6
24734108,25516481_C3,other,Prefrontal Cortex,R,52.0,50.0,-10.0,MNI,t,7.06,not_reported,activation,Table 6
24734108,25516481_C3,other,Prefrontal Cortex,R,52.0,34.0,34.0,MNI,t,6.91,not_reported,activation,Table 6
24734108,25516481_C3,other,Prefrontal Cortex,R,52.0,46.0,40.0,MNI,t,6.31,not_reported,activation,Table 6
24734108,25516481_C3,other,Prefrontal Cortex,R,50.0,22.0,-6.0,MNI,t,3.69,not_reported,activation,Table 6
24734108,25516481_C3,other,Prefrontal Cortex,L,-12.0,-14.0,60.0,MNI,t,3.86,not_reported,activation,Table 6
24734108,25516481_C3,other,Anterior Cingulate Cortex,R,10.0,30.0,-12.0,MNI,t,5.82,not_reported,activation,Table 6
24734108,25516481_C4,verum_post_gt_pre,Prefrontal Cortex,R,6.0,60.0,-6.0,MNI,t,3.62,not_reported,activation,Table 6
24734108,25516481_C4,verum_post_gt_pre,Anterior Cingulate Cortex,R,4.0,-52.0,24.0,MNI,t,3.62,not_reported,activation,Table 6
24734108,25516481_C5,other,Prefrontal Cortex,R,58.0,24.0,12.0,MNI,t,6.03,not_reported,activation,Table 6
24734108,25516481_C5,other,Prefrontal Cortex,L,-24.0,64.0,-8.0,MNI,t,5.19,not_reported,activation,Table 6
24734108,25516481_C5,other,Prefrontal Cortex,R,54.0,-2.0,24.0,MNI,t,3.6,not_reported,activation,Table 6
24734108,25516481_C5,other,Prefrontal Cortex,L,-22.0,38.0,46.0,MNI,t,4.95,not_reported,activation,Table 6
24734108,25516481_C5,other,Prefrontal Cortex,L,-52.0,18.0,0.0,MNI,t,4.16,not_reported,activation,Table 6
24734108,25516481_C5,other,Prefrontal Cortex,L,-38.0,34.0,-14.0,MNI,t,3.74,not_reported,activation,Table 6
24734108,25516481_C5,other,Anterior Cingulate Cortex,R,18.0,34.0,16.0,MNI,t,4.32,not_reported,activation,Table 6
24734108,25516481_C6,sham_post_gt_pre,Prefrontal Cortex,L,-24.0,40.0,-16.0,MNI,t,3.36,not_reported,activation,Table 6
24734108,25516481_C6,sham_post_gt_pre,Prefrontal Cortex,L,-12.0,46.0,6.0,MNI,t,3.51,not_reported,activation,Table 6
24734108,25516481_C6,sham_post_gt_pre,Anterior Cingulate Cortex,L,-20.0,-66.0,10.0,MNI,t,4.99,not_reported,activation,Table 6
24734108,25516481_C6,sham_post_gt_pre,Anterior Cingulate Cortex,R,10.0,-20.0,34.0,MNI,t,3.99,not_reported,activation,Table 6
24734113,cont_pre_stroke_vs_hc_decreased_fc,group_comparison,Inferior parietal lobule,R/IL,45.0,-62.0,47.0,Talairach,t-value,4.17,37,decreased,table
24734113,cont_pre_stroke_vs_hc_decreased_fc,group_comparison,Superior frontal gyrus,L/CL,-6.0,20.0,60.0,Talairach,t-value,4.32,117,decreased,table
24734113,cont_pre_stroke_vs_hc_decreased_fc,group_comparison,Superior frontal gyrus,R/IL,3.0,40.0,45.0,Talairach,t-value,4.55,193,decreased,table
24734113,cont_pre_stroke_vs_hc_decreased_fc,group_comparison,Middle frontal gyrus,R/IL,24.0,37.0,42.0,Talairach,t-value,4.16,33,decreased,table
24734113,cont_pre_stroke_vs_hc_decreased_fc,group_comparison,Medial frontal gyrus,R/IL,6.0,58.0,3.0,Talairach,t-value,4.10,80,decreased,table
24734113,cont_pre_stroke_vs_hc_decreased_fc,group_comparison,Middle temporal gyrus,R/IL,53.0,-66.0,28.0,Talairach,t-value,4.22,28,decreased,table
24734113,cont_pre_stroke_vs_hc_decreased_fc,group_comparison,Fusiform gyrus,R/IL,59.0,-10.0,-22.0,Talairach,t-value,5.28,30,decreased,table
24734113,cont_pre_stroke_vs_hc_increased_fc,group_comparison,Precentral gyrus,R/IL,62.0,6.0,11.0,Talairach,t-value,5.10,55,increased,table
24734113,cont_pre_stroke_vs_hc_increased_fc,group_comparison,Precentral gyrus,L/CL,-48.0,-2.0,8.0,Talairach,t-value,4.60,235,increased,table
24734113,cont_pre_stroke_vs_hc_increased_fc,group_comparison,Postcentral gyrus,R/IL,62.0,-19.0,31.0,Talairach,t-value,5.49,152,increased,table
24734113,cont_pre_stroke_vs_hc_increased_fc,group_comparison,Postcentral gyrus,L/CL,-62.0,-5.0,17.0,Talairach,t-value,4.78,162,increased,table
24734113,cont_pre_stroke_vs_hc_increased_fc,group_comparison,Inferior parietal lobule,R/IL,62.0,-22.0,29.0,Talairach,t-value,4.84,163,increased,table
24734113,cont_pre_stroke_vs_hc_increased_fc,group_comparison,Inferior parietal lobule,L/CL,-53.0,-28.0,21.0,Talairach,t-value,4.52,136,increased,table
24734113,cont_pre_stroke_vs_hc_increased_fc,group_comparison,Inferior frontal gyrus,R/IL,50.0,5.0,33.0,Talairach,t-value,7.48,62,increased,table
24734113,cont_pre_stroke_vs_hc_increased_fc,group_comparison,Superior temporal gyrus,R/IL,50.0,14.0,-8.0,Talairach,t-value,4.82,39,increased,table
24734113,cont_pre_stroke_vs_hc_increased_fc,group_comparison,Superior temporal gyrus,L/CL,-56.0,-25.0,15.0,Talairach,t-value,4.49,65,increased,table
24734113,cont_pre_stroke_vs_hc_increased_fc,group_comparison,Insula,R/IL,36.0,-11.0,9.0,Talairach,t-value,4.97,111,increased,table
24734113,cont_pre_stroke_vs_hc_increased_fc,group_comparison,Insula,L/CL,-33.0,-14.0,15.0,Talairach,t-value,4.86,171,increased,table
24734113,cont_post_hc_increased_fc,verum_post_gt_pre,Middle temporal gyrus,L/CL,-42.0,-61.0,9.0,Talairach,t-value,5.84,34,increased,table
24734113,cont_post_hc_increased_fc,verum_post_gt_pre,Superior temporal gyrus,L/CL,-48.0,-46.0,19.0,Talairach,t-value,6.07,29,increased,table
24734113,cont_post_stroke_increased_fc,verum_post_gt_pre,Anterior cingulate,L/CL,-6.0,30.0,23.0,Talairach,t-value,6.45,21,increased,table
24734113,cont_post_stroke_increased_fc,verum_post_gt_pre,Anterior cingulate,R/IL,3.0,33.0,12.0,Talairach,t-value,5.63,28,increased,table
24734113,cont_post_stroke_decreased_fc,deactivation,Precentral gyrus,L/CL,-62.0,1.0,19.0,Talairach,t-value,6.47,70,decreased,table
24734113,cont_post_stroke_decreased_fc,deactivation,Postcentral gyrus,L/CL,-59.0,-17.0,15.0,Talairach,t-value,5.39,41,decreased,table
24821143,con_B1_activation,verum_gt_rest,Fusiform Gyrus,R,-55.5,61.5,-12.5,Talairach,Peak z Value,3.81,3753,positive (activation),table
24821143,con_B1_activation,verum_gt_rest,Middle Cingulate Gyrus,B,4.5,1.5,41.5,Talairach,Peak z Value,4.21,3591,positive (activation),table
24821143,con_B1_activation,verum_gt_rest,Middle Temporal Gyrus,L,52.5,55.5,-6.5,Talairach,Peak z Value,4.43,3483,positive (activation),table
24821143,con_B1_activation,verum_gt_rest,Superior Frontal Gyrus,R,-37.5,-40.5,32.5,Talairach,Peak z Value,4.16,3159,positive (activation),table
24821143,con_B1_activation,verum_gt_rest,Paracentral Lobule,B,1.5,19.5,56.5,Talairach,Peak z Value,4.69,3105,positive (activation),table
24821143,con_B1_activation,verum_gt_rest,Cerebellar Tonsil,L,22.5,43.5,-48.5,Talairach,Peak z Value,4.17,2916,positive (activation),table
24821143,con_B1_activation,verum_gt_rest,Precuneus,R,-1.5,58.5,17.5,Talairach,Peak z Value,3.99,2727,positive (activation),table
24821143,con_B1_activation,verum_gt_rest,SII,R,-61.5,28.5,17.5,Talairach,Peak z Value,4.34,2376,positive (activation),table
24821143,con_B1_activation,verum_gt_rest,Cerebellum Lobule VIIb,L,7.5,70.5,-21.5,Talairach,Peak z Value,4.05,2241,positive (activation),table
24821143,con_B1_activation,verum_gt_rest,Inferior Parietal Lobule,L,43.5,52.5,47.5,Talairach,Peak z Value,4.42,1782,positive (activation),table
24821143,con_B1_activation,verum_gt_rest,Superior Temporal Gyrus,R,-67.5,16.5,8.5,Talairach,Peak z Value,3.80,1242,positive (activation),table
24821143,con_B1_activation,verum_gt_rest,Superior Frontal Gyrus,R,-19.5,-13.5,47.5,Talairach,Peak z Value,3.54,1107,positive (activation),table
24821143,con_B1_activation,verum_gt_rest,Inferior Frontal Gyrus,L,55.5,-16.5,5.5,Talairach,Peak z Value,3.97,1026,positive (activation),table
24821143,con_B1_activation,verum_gt_rest,Superior Temporal Gyrus,R,-58.5,-7.5,2.5,Talairach,Peak z Value,4.41,972,positive (activation),table
24821143,con_B1_activation,verum_gt_rest,Inferior Frontal Gyrus,R,-52.5,-13.5,2.5,Talairach,Peak z Value,3.93,864,positive (activation),table
24821143,con_B1_activation,verum_gt_rest,Precentral Gyrus,L,37.5,22.5,59.5,Talairach,Peak z Value,4.59,864,positive (activation),table
24821143,con_B1_activation,verum_gt_rest,Precuneus,R,-22.5,73.5,53.5,Talairach,Peak z Value,3.61,837,positive (activation),table
24821143,con_B1_activation,verum_gt_rest,Middle Temporal Gyrus,L,46.5,64.5,8.5,Talairach,Peak z Value,4.08,648,positive (activation),table
24821143,con_B1_activation,verum_gt_rest,Thalamus,R,-10.5,13.5,14.5,Talairach,Peak z Value,3.84,621,positive (activation),table
24821143,con_ANCOVA_cumulative,deactivation,Middle Cingulate Gyrus,B,-1.5,4.5,41.5,Talairach,Peak z Value,-4.93,3888,negative (attenuation/habituation),table
24821143,con_ANCOVA_cumulative,deactivation,Paracentral Lobule,B,-1.5,25.5,50.5,Talairach,Peak z Value,-3.76,1593,negative (attenuation/habituation),table
24821143,con_ANCOVA_cumulative,deactivation,SII,R,-61.5,25.5,17.5,Talairach,Peak z Value,-3.82,1053,negative (attenuation/habituation),table
24821143,con_ANCOVA_cumulative,deactivation,Thalamus,R,-10.5,16.5,11.5,Talairach,Peak z Value,-3.79,729,negative (attenuation/habituation),table
24821143,con_ANCOVA_cumulative,deactivation,Cerebellar Tonsil,L,4.5,43.5,-36.5,Talairach,Peak z Value,-3.80,702,negative (attenuation/habituation); NOT overlapped with first block activation,table
24821143,24830400_C2,deactivation,Middle Cingulate Gyrus,midline,-1.5,4.5,41.5,TAL,Z,-4.93,3888,negative (attenuation / habituation),Table 2
24821143,24830400_C2,deactivation,Paracentral Lobule,midline,-1.5,25.5,50.5,TAL,Z,-3.76,1593,negative (attenuation / habituation),Table 2
24821143,24830400_C2,deactivation,SII,L,-61.5,25.5,17.5,TAL,Z,-3.82,1053,negative (attenuation / habituation),Table 2
24821143,24830400_C2,deactivation,Thalamus,L,-10.5,16.5,11.5,TAL,Z,-3.79,729,negative (attenuation / habituation),Table 2
24821143,24830400_C2,deactivation,Cerebellar Tonsil,R,4.5,43.5,-36.5,TAL,Z,-3.8,702,negative (attenuation / habituation),Table 2
24915066,con_armA_postVSpre,verum_post_gt_pre,ACC,L,-3.0,30.0,12.0,Talairach,t value,3.52,33,increase,table
24915066,con_armA_postVSpre,verum_post_gt_pre,ACC,R,6.0,33.0,23.0,Talairach,t value,3.86,52,increase,table
24915066,con_armA_postVSpre,verum_post_gt_pre,PCC,L,-3.0,-45.0,41.0,Talairach,t value,-3.78,39,decrease,table
24915066,con_armA_postVSpre,verum_post_gt_pre,PCC,R,3.0,-48.0,38.0,Talairach,t value,-3.78,61,decrease,table
24915066,con_armA_postVSpre,verum_post_gt_pre,Hippocampus,L,-30.0,-18.0,-14.0,Talairach,t value,-3.84,21,decrease,table
24915066,con_armA_postVSpre,verum_post_gt_pre,Insula,L,-42.0,-11.0,6.0,Talairach,t value,3.26,21,increase,table
24915066,con_armA_postVSpre,verum_post_gt_pre,Insula,R,36.0,-14.0,20.0,Talairach,t value,4.04,23,increase,table
24915066,con_armA_postVSpre,verum_post_gt_pre,Thalamus,L,-15.0,-20.0,4.0,Talairach,t value,3.95,26,increase,table
24915066,con_armA_postVSpre,verum_post_gt_pre,Thalamus,R,15.0,-20.0,7.0,Talairach,t value,2.89,21,increase,table
24915066,con_armA_postVSpre,verum_post_gt_pre,Thalamus,L,-18.0,-20.0,4.0,Talairach,t value,3.05,22,increase,table
24915066,con_armA_postVSpre,verum_post_gt_pre,Thalamus,R,15.0,-17.0,4.0,Talairach,t value,3.34,27,increase,table
24915066,con_armA_postVSpre,verum_post_gt_pre,MFG,L,-21.0,62.0,22.0,Talairach,t value,-3.37,40,decrease,table
24915066,con_armA_postVSpre,verum_post_gt_pre,MFG,R,42.0,59.0,14.0,Talairach,t value,-4.47,79,decrease,table
24915066,con_armA_postVSpre,verum_post_gt_pre,MeFG,L,-6.0,49.0,25.0,Talairach,t value,not_reported,not_reported,increase,table
24915066,con_armA_postVSpre,verum_post_gt_pre,SMA,L,-27.0,29.0,50.0,Talairach,t value,2.9,26,increase,table
24915066,con_armA_postVSpre,verum_post_gt_pre,SMA,R,33.0,29.0,53.0,Talairach,t value,3.78,47,increase,table
24915066,con_armA_postVSpre,verum_post_gt_pre,STG,L,-45.0,-18.0,22.0,Talairach,t value,4.76,67,increase,table
24915066,con_armA_postVSpre,verum_post_gt_pre,STG,R,50.0,29.0,0.0,Talairach,t value,5.38,87,increase,table
24915066,con_armA_postVSpre,verum_post_gt_pre,MTG,L,-50.0,-63.0,28.0,Talairach,t value,3.56,30,decrease,table
24915066,con_armA_postVSpre,verum_post_gt_pre,MTG,R,50.0,-63.0,28.0,Talairach,t value,4.2,53,decrease,table
24915066,con_armA_postVSpre,verum_post_gt_pre,ITG,L,-56.0,-10.0,-27.0,Talairach,t value,-3.29,not_reported,decrease,table
24915066,con_armA_postVSpre,verum_post_gt_pre,Cuneus,L,-18.0,-78.0,9.0,Talairach,t value,3.71,51,increase,table
24915066,con_armA_postVSpre,verum_post_gt_pre,Cuneus,R,21.0,-86.0,21.0,Talairach,t value,3.94,85,increase,table
24915066,con_armA_postVSpre,verum_post_gt_pre,Lingual gyrus,L,-15.0,-73.0,4.0,Talairach,t value,2.84,16,increase,table
24915066,con_armA_postVSpre,verum_post_gt_pre,Lingual gyrus,R,12.0,-73.0,4.0,Talairach,t value,3.55,71,increase,table
24915066,con_armA_postVSpre,verum_post_gt_pre,Inferior parietal lobule,L,-45.0,-65.0,42.0,Talairach,t value,-3.94,37,decrease,table
24915066,con_armA_postVSpre,verum_post_gt_pre,Angular gyrus,L,-48.0,-71.0,31.0,Talairach,t value,-4.21,39,decrease,table
24915066,con_armA_postVSpre,verum_post_gt_pre,Angular gyrus,R,50.0,-65.0,31.0,Talairach,t value,-3.67,31,decrease,table
24915066,con_armA_postVSpre,verum_post_gt_pre,Postcentral gyrus,R,56.0,-33.0,49.0,Talairach,t value,-3.11,28,decrease,table
24915066,con_armA_postVSpre,verum_post_gt_pre,Precuneus,L,-3.0,-44.0,46.0,Talairach,t value,-3.72,153,decrease,table
24915066,con_armA_postVSpre,verum_post_gt_pre,Precuneus,R,3.0,-54.0,36.0,Talairach,t value,-4.58,47,decrease,table
24915066,con_armA_postVSpre,verum_post_gt_pre,Cerebellum,L,-15.0,-53.0,-12.0,Talairach,t value,3.89,73,increase,table
24915066,con_armA_postVSpre,verum_post_gt_pre,Cerebellum,R,12.0,-47.0,-13.0,Talairach,t value,3.61,37,increase,table
24915066,con_armA_postVSpre,verum_post_gt_pre,Brainstem,R,6.0,-34.0,-31.0,Talairach,t value,3.96,51,increase,table
24915066,con_armB_postVSpre,sham_post_gt_pre,ACC,L,-6.0,46.0,-5.0,Talairach,t value,3.47,23,increase,table
24915066,con_armB_postVSpre,sham_post_gt_pre,MeFG,L,45.0,2.0,44.0,Talairach,t value,3.69,26,increase,table
24915066,con_armB_postVSpre,sham_post_gt_pre,MFG,R,-6.0,49.0,-5.0,Talairach,t value,-4.43,32,decrease,table
24915066,24911975_C1,verum_post_gt_pre,ACC,L,-3.0,30.0,12.0,TAL,t,3.52,33,increase,Table 3
24915066,24911975_C1,verum_post_gt_pre,ACC,R,6.0,33.0,23.0,TAL,t,3.86,52,increase,Table 3
24915066,24911975_C1,verum_post_gt_pre,Insula,L,-42.0,-11.0,6.0,TAL,t,3.26,21,increase,Table 3
24915066,24911975_C1,verum_post_gt_pre,Insula,R,36.0,-14.0,20.0,TAL,t,4.04,23,increase,Table 3
24915066,24911975_C1,verum_post_gt_pre,Thalamus,L,-15.0,-20.0,4.0,TAL,t,3.95,26,increase,Table 3
24915066,24911975_C1,verum_post_gt_pre,Thalamus,R,15.0,-20.0,7.0,TAL,t,2.89,21,increase,Table 3
24915066,24911975_C1,verum_post_gt_pre,Thalamus,L,-18.0,-20.0,4.0,TAL,t,3.05,22,increase,Table 3
24915066,24911975_C1,verum_post_gt_pre,Thalamus,R,15.0,-17.0,4.0,TAL,t,3.34,27,increase,Table 3
24915066,24911975_C1,verum_post_gt_pre,SMA,L,-27.0,29.0,50.0,TAL,t,2.9,26,increase,Table 3
24915066,24911975_C1,verum_post_gt_pre,SMA,R,33.0,29.0,53.0,TAL,t,3.78,47,increase,Table 3
24915066,24911975_C1,verum_post_gt_pre,STG,L,-45.0,-18.0,22.0,TAL,t,4.76,67,increase,Table 3
24915066,24911975_C1,verum_post_gt_pre,STG,R,50.0,-9.0,0.0,TAL,t,5.38,87,increase,Table 3
24915066,24911975_C1,verum_post_gt_pre,Cuneus,L,-18.0,-78.0,9.0,TAL,t,3.71,51,increase,Table 3
24915066,24911975_C1,verum_post_gt_pre,Cuneus,R,21.0,-86.0,21.0,TAL,t,3.94,85,increase,Table 3
24915066,24911975_C1,verum_post_gt_pre,Lingual gyrus,L,-15.0,-73.0,4.0,TAL,t,2.84,16,increase,Table 3
24915066,24911975_C1,verum_post_gt_pre,Lingual gyrus,R,12.0,-73.0,4.0,TAL,t,3.55,71,increase,Table 3
24915066,24911975_C1,verum_post_gt_pre,Cerebellum,L,-15.0,-53.0,-12.0,TAL,t,3.89,73,increase,Table 3
24915066,24911975_C1,verum_post_gt_pre,Cerebellum,R,12.0,-47.0,-13.0,TAL,t,3.61,37,increase,Table 3
24915066,24911975_C1,verum_post_gt_pre,Brainstem,R,6.0,-34.0,-31.0,TAL,t,3.96,51,increase,Table 3
24915066,24911975_C2,deactivation,PCC,L,-3.0,-45.0,41.0,TAL,t,-3.78,39,decrease,Table 3
24915066,24911975_C2,deactivation,PCC,R,3.0,-48.0,38.0,TAL,t,-3.78,61,decrease,Table 3
24915066,24911975_C2,deactivation,Hippocampus,L,-30.0,-18.0,-14.0,TAL,t,-3.84,21,decrease,Table 3
24915066,24911975_C2,deactivation,MFG,L,-21.0,62.0,22.0,TAL,t,-3.37,40,decrease,Table 3
24915066,24911975_C2,deactivation,MFG,R,42.0,59.0,14.0,TAL,t,-4.47,79,decrease,Table 3
24915066,24911975_C2,deactivation,MTG,L,-50.0,-63.0,28.0,TAL,t,3.56,30,decrease,Table 3
24915066,24911975_C2,deactivation,MTG,R,50.0,-63.0,28.0,TAL,t,4.2,53,decrease,Table 3
24915066,24911975_C2,deactivation,ITG,L,-56.0,-10.0,-27.0,TAL,t,-3.29,not_reported,decrease,Table 3
24915066,24911975_C2,deactivation,Inferior parietal lobule,L,-45.0,-65.0,42.0,TAL,t,-3.94,37,decrease,Table 3
24915066,24911975_C2,deactivation,Angular gyrus,L,-48.0,-71.0,31.0,TAL,t,-4.21,39,decrease,Table 3
24915066,24911975_C2,deactivation,Angular gyrus,R,50.0,-65.0,31.0,TAL,t,-3.67,31,decrease,Table 3
24915066,24911975_C2,deactivation,Postcentral gyrus,R,56.0,-33.0,49.0,TAL,t,-3.11,28,decrease,Table 3
24915066,24911975_C2,deactivation,Precuneus,L,-3.0,-44.0,46.0,TAL,t,-3.72,153,decrease,Table 3
24915066,24911975_C2,deactivation,Precuneus,R,3.0,-54.0,36.0,TAL,t,-4.58,47,decrease,Table 3
24915066,24911975_C3,sham_post_gt_pre,ACC,L,-6.0,46.0,-5.0,TAL,t,3.47,23,increase,Table 3
24915066,24911975_C3,sham_post_gt_pre,MeFG,L,-6.0,2.0,49.0,TAL,t,3.69,26,increase,Table 3
24915066,24911975_C4,deactivation,MFG,R,45.0,2.0,44.0,TAL,t,-4.43,32,decrease,Table 3
24915066,19159691_SR_C1,sham_post_gt_pre,Left ACC (BA32),L,-6.0,46.0,-5.0,TAL,t,3.47,23,activation,Table 3
24915066,19159691_SR_C1,sham_post_gt_pre,Right MFG (BA6) — DECREASE,R,45.0,2.0,44.0,TAL,t,-4.43,32,activation,Table 3
24915066,19159691_SR_C1,sham_post_gt_pre,Left MeFG (BA10),L,-6.0,49.0,-5.0,TAL,t,3.69,26,activation,Table 3
24915066,19159691_SR_C2,deactivation,Right MFG (BA6),R,45.0,2.0,44.0,TAL,t,-4.43,32,deactivation,Table 3
24963329,con_ALFF_TA_vs_PA,verum_post_gt_pre,"Frontal lobe, subgyral",R,27.0,21.0,-3.0,Talairach (mm),T,-6.2209,101,deactivation,table
24963329,con_ALFF_TA_vs_PA,verum_post_gt_pre,Superior occipital gyrus,L,-33.0,-87.0,30.0,Talairach (mm),T,-3.8911,139,deactivation,table
24963329,con_ALFF_TA_vs_SA,verum_gt_sham,"Sublobar, extranuclear",R,27.0,-36.0,15.0,Talairach (mm),T,-5.6675,181,deactivation,table
24963329,con_ReHo_TA_vs_PA,verum_post_gt_pre,Middle temporal gyrus,R,36.0,-57.0,18.0,Talairach (mm),T,-4.4085,134,deactivation,table
24963329,con_ReHo_TA_vs_PA,verum_post_gt_pre,"Temporal lobe, subgyral",L,-45.0,-21.0,-27.0,Talairach (mm),T,4.3696,100,activation,table
24963329,con_ReHo_TA_vs_PA,verum_post_gt_pre,Middle temporal gyrus,L,-63.0,-51.0,0.0,Talairach (mm),T,6.1186,276,activation,table
24963329,con_ReHo_TA_vs_PA,verum_post_gt_pre,"Limbic lobe, anterior cingulate",L,-9.0,24.0,24.0,Talairach (mm),T,5.6813,118,activation,table
24963329,con_ReHo_TA_vs_SA,verum_gt_sham,Superior temporal gyrus,R,36.0,9.0,-21.0,Talairach (mm),T,-4.0397,94,deactivation,table
24963329,con_ReHo_TA_vs_SA,verum_gt_sham,"Cerebellum posterior lobe, declive",R,33.0,-57.0,-15.0,Talairach (mm),T,5.21,115,activation,table
24963329,con_ReHo_TA_vs_SA,verum_gt_sham,"Sublobar, thalamus",R,24.0,-27.0,0.0,Talairach (mm),T,-6.5849,331,deactivation,table
24963329,con_ReHo_TA_vs_SA,verum_gt_sham,"Sublobar, extranuclear",L,-30.0,-24.0,-6.0,Talairach (mm),T,-4.8703,129,deactivation,table
24963329,con_ReHo_SA_vs_PA,sham_post_gt_pre,"Sublobar, lentiform nucleus",R,30.0,-18.0,0.0,Talairach (mm),T,4.5274,101,activation,table
24963329,con_ReHo_SA_vs_PA,sham_post_gt_pre,Superior frontal gyrus,R,24.0,51.0,36.0,Talairach (mm),T,-6.5548,267,deactivation,table
24963329,con_ReHo_SA_vs_PA,sham_post_gt_pre,"Limbic lobe, posterior cingulate",R,18.0,-57.0,12.0,Talairach (mm),T,-5.514,184,deactivation,table
24963329,con_ReHo_SA_vs_PA,sham_post_gt_pre,Middle temporal gyrus,L,-63.0,-54.0,0.0,Talairach (mm),T,5.3984,132,activation,table
24963329,con_ReHo_SA_vs_PA,sham_post_gt_pre,"Limbic lobe, cingulate gyrus",L,0.0,-6.0,39.0,Talairach (mm),T,5.4237,109,activation,table
24963329,26446439_C1,verum_gt_rest,Superior temporal gyrus,L,-60.0,8.0,1.0,TAL,t,4.799,94,activation,Table 1
24963329,26446439_C1,verum_gt_rest,Cerebellum,L,-36.0,44.0,19.0,TAL,t,3.481,147,activation,Table 1
24963329,26446439_C1,verum_gt_rest,Inferior parietal lobule,R,63.0,-31.0,43.0,TAL,t,3.836,74,activation,Table 1
24963329,26446439_C1,verum_gt_rest,Supramarginal gyrus,L,-27.0,-46.0,67.0,TAL,t,4.638,105,activation,Table 1
24963329,26446439_C1,verum_gt_rest,Inferior temporal gyrus,L,-57.0,-64.0,-11.0,TAL,t,4.293,121,activation,Table 1
24963329,26446439_C2,verum_gt_rest,Middle temporal gyrus,L,-30.0,-64.0,49.0,TAL,t,7.57,245,activation,Table 2
24963329,26446439_C2,verum_gt_rest,Inferior frontal gyrus,R,39.0,59.0,-5.0,TAL,t,9.005,826,activation,Table 2
24963329,26446439_C2,verum_gt_rest,Middle temporal gyrus,R,63.0,-64.0,11.0,TAL,t,4.795,123,activation,Table 2
24963329,26446439_C2,verum_gt_rest,Middle frontal gyrus,L,-24.0,17.0,61.0,TAL,t,4.256,94,activation,Table 2
24963329,26446439_C2,verum_gt_rest,Cerebellum posterior lobe,L,-15.0,-85.0,-47.0,TAL,t,7.627,907,activation,Table 2
24963329,26446439_C3,sham_gt_rest,Supramarginal gyrus,L,-54.0,-67.0,-18.0,TAL,t,2.579,29,activation,Table 3
24963329,26446439_C3,sham_gt_rest,Superior temporal gyrus,L,-60.0,-28.0,16.0,TAL,t,3.877,42,activation,Table 3
24963329,26446439_C3,sham_gt_rest,Supramarginal gyrus,R,66.0,-34.0,31.0,TAL,t,3.382,21,activation,Table 3
24963329,26446439_C3,sham_gt_rest,Cerebellum,L,-51.0,-55.0,-14.0,TAL,t,4.358,22,activation,Table 3
24963329,26446439_SR_C1,sham_post_gt_pre,No specific brain areas with ALFF alteration reported for sham versus preacupuncture,R,27.0,-36.0,15.0,TAL,t,not_reported,not_reported,deactivation,Table 1 / main text
24963329,26446439_SR_C2,sham_post_gt_pre,Right Superior frontal gyrus (BA9),R,24.0,51.0,36.0,TAL,t,-6.5548,267,deactivation,Table 2
24963329,26446439_SR_C3,sham_post_gt_pre,"Right Limbic lobe, posterior cingulate (BA30)",R,18.0,-57.0,12.0,TAL,t,-5.514,184,deactivation,Table 2
24963329,26446439_SR_C4,sham_post_gt_pre,Left Middle temporal gyrus (BA21),L,-63.0,-54.0,0.0,TAL,t,5.3984,132,activation,Table 2
24963329,26446439_SR_C5,sham_post_gt_pre,"Left Limbic lobe, cingulate gyrus (BA24)",midline,0.0,-6.0,39.0,TAL,t,5.4237,109,activation,Table 2
24963329,26446439_SR_C6,sham_post_gt_pre,"Right Sublobar, lentiform nucleus",R,30.0,-18.0,0.0,TAL,t,4.5274,101,activation,Table 2
24968124,con_ancova_main_group,group_comparison,Precentral Gyrus,L,-39.0,-12.0,66.0,MNI,Z-score,6.44,32,increased in MCI patients compared with normal controls,table
24968124,con_ancova_main_group,group_comparison,Superior Parietal Lobule,L,-24.0,-63.0,57.0,MNI,Z-score,5.98,73,increased in MCI patients compared with normal controls,table
24968124,con_ancova_main_group,group_comparison,Insula,L,-30.0,-24.0,21.0,MNI,Z-score,5.92,36,increased in MCI patients compared with normal controls,table
24968124,con_ancova_main_group,group_comparison,Superior Temporal Gyrus,R,39.0,-51.0,27.0,MNI,Z-score,5.58,111,increased in MCI patients compared with normal controls,table
24968124,con_ancova_main_group,group_comparison,Inferior Temporal Gyrus,L,-51.0,0.0,-36.0,MNI,Z-score,5.52,72,increased in MCI patients compared with normal controls,table
24968124,con_mci_vs_hc_rest_increased,group_comparison,Precentral Gyrus,L,-21.0,-24.0,72.0,MNI,Z-score,5.44,86,increased in MCI patients,table
24968124,con_mci_vs_hc_rest_increased,group_comparison,Superior Frontal Gyrus,not_reported,0.0,2.0,51.0,MNI,Z-score,4.28,30,increased in MCI patients,table
24968124,con_mci_vs_hc_rest_increased,group_comparison,Cuneus,not_reported,0.0,-99.0,0.0,MNI,Z-score,4.66,35,increased in MCI patients,table
24968124,con_mci_vs_hc_rest_increased,group_comparison,Insula,R,33.0,9.0,15.0,MNI,Z-score,3.74,31,increased in MCI patients,table
24968124,con_mci_vs_hc_rest_decreased,group_comparison,Cingulate Gyrus,L,-6.0,-48.0,42.0,MNI,Z-score,-7.11,62,decreased in MCI patients,table
24968124,con_mci_vs_hc_rest_decreased,group_comparison,ParaHippocampal,R,33.0,-15.0,-39.0,MNI,Z-score,-4.71,37,decreased in MCI patients,table
24968124,con_mci_vs_hc_rest_decreased,group_comparison,ParaHippocampal,L,-30.0,-45.0,-15.0,MNI,Z-score,-5.27,39,decreased in MCI patients,table
24968124,con_mci_vs_hc_rest_decreased,group_comparison,Middle Temporal Gyrus,L,-51.0,0.0,-33.0,MNI,Z-score,-4.82,66,decreased in MCI patients,table
24968124,con_mci_postacu_vs_rest_increased,verum_post_gt_pre,Cingulate Gyrus,R,21.0,-33.0,36.0,MNI,Z-score,3.31,42,increased,table
24968124,con_mci_postacu_vs_rest_increased,verum_post_gt_pre,Precuneus,R,21.0,-57.0,45.0,MNI,Z-score,3.84,36,increased,table
24968124,con_hc_postacu_vs_rest_increased,verum_post_gt_pre,Medial Frontal Gyrus,L,-6.0,-24.0,54.0,MNI,Z-score,5.85,114,increased,table
24968124,con_hc_postacu_vs_rest_increased,verum_post_gt_pre,Medial Frontal Gyrus,R,12.0,12.0,48.0,MNI,Z-score,3.23,40,increased,table
24968124,con_hc_postacu_vs_rest_increased,verum_post_gt_pre,Precentral Gyrus,R,54.0,-9.0,54.0,MNI,Z-score,3.08,49,increased,table
24968124,con_hc_postacu_vs_rest_increased,verum_post_gt_pre,Anterior Cingulate Cortex,L,-3.0,18.0,0.0,MNI,Z-score,3.97,35,increased,table
24968124,con_hc_postacu_vs_rest_increased,verum_post_gt_pre,Insula,R,34.0,-15.0,16.0,MNI,Z-score,3.48,33,increased,table
24968124,con_mci_vs_hc_postacu_increased,group_comparison,Middle Temporal Gyrus,R,39.0,-54.0,6.0,MNI,Z-score,5.11,95,increased in MCI patients,table
24968124,con_mci_vs_hc_postacu_increased,group_comparison,Superior Parietal Lobule,L,-27.0,-63.0,57.0,MNI,Z-score,5.27,32,increased in MCI patients,table
24968124,con_mci_vs_hc_postacu_increased,group_comparison,Supramarginal Gyrus,L,-39.0,-51.0,30.0,MNI,Z-score,3.85,40,increased in MCI patients,table
24968124,con_mci_vs_hc_postacu_increased,group_comparison,Middle Frontal Gyrus,R,45.0,39.0,21.0,MNI,Z-score,4.71,44,increased in MCI patients,table
24968124,con_mci_vs_hc_postacu_increased,group_comparison,Precentral Gyrus,L,-24.0,-24.0,75.0,MNI,Z-score,4.61,36,increased in MCI patients,table
24968124,con_mci_vs_hc_postacu_increased,group_comparison,Cuneus,not_reported,0.0,-99.0,0.0,MNI,Z-score,4.54,35,increased in MCI patients,table
24968124,con_mci_vs_hc_postacu_decreased,group_comparison,Posterior Cingulate Cortex,L,-3.0,-60.0,26.0,MNI,Z-score,-6.68,68,decreased in MCI patients,table
24968124,con_mci_vs_hc_postacu_decreased,group_comparison,Middle Frontal Gyrus,L,-42.0,36.0,0.0,MNI,Z-score,-4.43,31,decreased in MCI patients,table
24968124,con_mci_vs_hc_postacu_decreased,group_comparison,Superior Frontal Gyrus,R,6.0,54.0,30.0,MNI,Z-score,-3.84,32,decreased in MCI patients,table
24968124,con_mci_vs_hc_postacu_decreased,group_comparison,Fusiform Gyrus,L,-39.0,-39.0,-30.0,MNI,Z-score,-4.05,36,decreased in MCI patients,table
24968124,con_mci_vs_hc_postacu_decreased,group_comparison,Parahippocampal Gyrus,L,-24.0,-15.0,-30.0,MNI,Z-score,-4.76,35,decreased in MCI patients,table
24968124,con_mci_vs_hc_postacu_decreased,group_comparison,Inferior Temporal Gyrus,L,-57.0,-20.0,-24.0,MNI,Z-score,-5.11,49,decreased in MCI patients,table
24968124,con_mci_vs_hc_postacu_decreased,group_comparison,Inferior Frontal Gyrus,L,-39.0,33.0,-15.0,MNI,Z-score,-7.21,47,decreased in MCI patients,table
24968124,24927181_C1,group_comparison,Precentral Gyrus,L,-39.0,-12.0,66.0,MNI,Z,6.44,32,increased ReHo values in MCI patients,Table 2
24968124,24927181_C1,group_comparison,Superior Parietal Lobule,L,-24.0,-63.0,57.0,MNI,Z,5.98,73,increased ReHo values in MCI patients,Table 2
24968124,24927181_C1,group_comparison,Insula,L,-30.0,-24.0,21.0,MNI,Z,5.92,36,increased ReHo values in MCI patients,Table 2
24968124,24927181_C1,group_comparison,Superior Temporal Gyrus,R,39.0,-51.0,27.0,MNI,Z,5.58,111,increased ReHo values in MCI patients,Table 2
24968124,24927181_C1,group_comparison,Inferior Temporal Gyrus,L,-51.0,0.0,-36.0,MNI,Z,5.52,72,increased ReHo values in MCI patients,Table 2
24968124,24927181_C2,group_comparison,Precentral Gyrus,L,-21.0,-24.0,72.0,MNI,Z,5.44,86,increased and decreased ReHo values in MCI patients,Table 3
24968124,24927181_C2,group_comparison,Superior Frontal Gyrus,midline,0.0,2.0,51.0,MNI,Z,4.28,30,increased and decreased ReHo values in MCI patients,Table 3
24968124,24927181_C2,group_comparison,Cuneus,midline,0.0,-99.0,0.0,MNI,Z,4.66,35,increased and decreased ReHo values in MCI patients,Table 3
24968124,24927181_C2,group_comparison,Insula,R,33.0,9.0,15.0,MNI,Z,3.74,31,increased and decreased ReHo values in MCI patients,Table 3
24968124,24927181_C2,group_comparison,Cingulate Gyrus,L,-6.0,-48.0,42.0,MNI,Z,-7.11,62,increased and decreased ReHo values in MCI patients,Table 3
24968124,24927181_C2,group_comparison,ParaHippocampal,R,33.0,-15.0,-39.0,MNI,Z,-4.71,37,increased and decreased ReHo values in MCI patients,Table 3
24968124,24927181_C2,group_comparison,ParaHippocampal,L,-30.0,-45.0,-15.0,MNI,Z,-5.27,39,increased and decreased ReHo values in MCI patients,Table 3
24968124,24927181_C2,group_comparison,Middle Temporal Gyrus,L,-51.0,0.0,-33.0,MNI,Z,-4.82,66,increased and decreased ReHo values in MCI patients,Table 3
24968124,24927181_C3,verum_post_gt_pre,Cingulate Gyrus,R,21.0,-33.0,36.0,MNI,Z,3.31,42,increased ReHo values following acupuncture in MCI patients,Table 4
24968124,24927181_C3,verum_post_gt_pre,Precuneus,R,21.0,-57.0,45.0,MNI,Z,3.84,36,increased ReHo values following acupuncture in MCI patients,Table 4
24968124,24927181_C4,verum_post_gt_pre,Medial Frontal Gyrus,L,-6.0,-24.0,54.0,MNI,Z,5.85,114,increased ReHo values following acupuncture in healthy controls,Table 5
24968124,24927181_C4,verum_post_gt_pre,Medial Frontal Gyrus,R,12.0,12.0,48.0,MNI,Z,3.23,40,increased ReHo values following acupuncture in healthy controls,Table 5
24968124,24927181_C4,verum_post_gt_pre,Precentral Gyrus,R,54.0,-9.0,54.0,MNI,Z,3.08,49,increased ReHo values following acupuncture in healthy controls,Table 5
24968124,24927181_C4,verum_post_gt_pre,Anterior Cingulate Cortex,L,-3.0,18.0,0.0,MNI,Z,3.97,35,increased ReHo values following acupuncture in healthy controls,Table 5
24968124,24927181_C4,verum_post_gt_pre,Insula,R,34.0,-15.0,16.0,MNI,Z,3.48,33,increased ReHo values following acupuncture in healthy controls,Table 5
24968124,24927181_C5,group_comparison,Middle Temporal Gyrus,R,39.0,-54.0,6.0,MNI,Z,5.11,95,increased and decreased ReHo values in MCI patients post-acupuncture,Table 6
24968124,24927181_C5,group_comparison,Superior Parietal Lobule,L,-27.0,-63.0,57.0,MNI,Z,5.27,32,increased and decreased ReHo values in MCI patients post-acupuncture,Table 6
24968124,24927181_C5,group_comparison,Supramarginal Gyrus,L,-39.0,-51.0,30.0,MNI,Z,3.85,40,increased and decreased ReHo values in MCI patients post-acupuncture,Table 6
24968124,24927181_C5,group_comparison,Middle Frontal Gyrus,R,45.0,39.0,21.0,MNI,Z,4.71,44,increased and decreased ReHo values in MCI patients post-acupuncture,Table 6
24968124,24927181_C5,group_comparison,Precentral Gyrus,L,-24.0,-24.0,75.0,MNI,Z,4.61,36,increased and decreased ReHo values in MCI patients post-acupuncture,Table 6
24968124,24927181_C5,group_comparison,Cuneus,midline,0.0,-99.0,0.0,MNI,Z,4.54,35,increased and decreased ReHo values in MCI patients post-acupuncture,Table 6
24968124,24927181_C5,group_comparison,Posterior Cingulate Cortex,L,-3.0,-60.0,26.0,MNI,Z,-6.68,68,increased and decreased ReHo values in MCI patients post-acupuncture,Table 6
24968124,24927181_C5,group_comparison,Middle Frontal Gyrus,L,-42.0,36.0,0.0,MNI,Z,-4.43,31,increased and decreased ReHo values in MCI patients post-acupuncture,Table 6
24968124,24927181_C5,group_comparison,Superior Frontal Gyrus,R,6.0,54.0,30.0,MNI,Z,-3.84,32,increased and decreased ReHo values in MCI patients post-acupuncture,Table 6
24968124,24927181_C5,group_comparison,Fusiform Gyrus,L,-39.0,-39.0,-30.0,MNI,Z,-4.05,36,increased and decreased ReHo values in MCI patients post-acupuncture,Table 6
24968124,24927181_C5,group_comparison,Parahippocampal Gyrus,L,-24.0,-15.0,-30.0,MNI,Z,-4.76,35,increased and decreased ReHo values in MCI patients post-acupuncture,Table 6
24968124,24927181_C5,group_comparison,Inferior Temporal Gyrus,L,-57.0,-20.0,-24.0,MNI,Z,-5.11,49,increased and decreased ReHo values in MCI patients post-acupuncture,Table 6
24968124,24927181_C5,group_comparison,Inferior Frontal Gyrus,L,-39.0,33.0,-15.0,MNI,Z,-7.21,47,increased and decreased ReHo values in MCI patients post-acupuncture,Table 6
25220656,con_HC_gt_PD_ACUP,group_comparison,Middle frontal gyrus,Right,21.0,5.0,48.0,Talairach,t value,3.19,9920,Healthy > Patients with PD,table
25220656,con_HC_gt_PD_ACUP,group_comparison,Hippocampus,Right,32.0,-35.0,0.0,Talairach,t value,4.63,9920,Healthy > Patients with PD,table
25220656,con_HC_gt_PD_ACUP,group_comparison,Caudate body,Right,15.0,-29.0,27.0,Talairach,t value,5.04,9920,Healthy > Patients with PD,table
25220656,con_HC_gt_PD_ACUP,group_comparison,Caudate tail,Right,25.0,-35.0,21.0,Talairach,t value,3.96,9920,Healthy > Patients with PD,table
25220656,con_HC_gt_PD_ACUP,group_comparison,Putamen,Right,25.0,3.0,16.0,Talairach,t value,3.98,9920,Healthy > Patients with PD,table
25220656,con_HC_gt_PD_ACUP,group_comparison,Insula,Right,30.0,-15.0,27.0,Talairach,t value,3.41,9920,Healthy > Patients with PD,table
25220656,con_HC_gt_PD_ACUP,group_comparison,Caudate body,Left,-16.0,-23.0,27.0,Talairach,t value,4.11,9920,Healthy > Patients with PD,table
25220656,con_HC_gt_PD_ACUP,group_comparison,Caudate tail,Left,-18.0,-30.0,26.0,Talairach,t value,3.92,9920,Healthy > Patients with PD,table
25220656,con_HC_gt_PD_ACUP,group_comparison,Thalamus,Left,1.0,-19.0,4.0,Talairach,t value,3.88,9920,Healthy > Patients with PD,table
25220656,con_HC_gt_PD_ACUP,group_comparison,Cingulate gyrus,Right,23.0,-13.0,39.0,Talairach,t value,4.33,9920,Healthy > Patients with PD,table
25220656,con_PD_gt_HC_ACUP,group_comparison,Inferior frontal gyrus,Left,-32.0,29.0,-1.0,Talairach,t value,4.47,18776,Patients with PD > Healthy,table
25220656,con_PD_gt_HC_ACUP,group_comparison,Precentral gyrus,Left,-28.0,-29.0,57.0,Talairach,t value,5.36,18776,Patients with PD > Healthy,table
25220656,con_PD_gt_HC_ACUP,group_comparison,Precuneus,Left,-26.0,-59.0,36.0,Talairach,t value,5.37,18776,Patients with PD > Healthy,table
25220656,con_PD_gt_HC_ACUP,group_comparison,Postcentral gyrus,Left,-46.0,-19.0,43.0,Talairach,t value,5.36,18776,Patients with PD > Healthy,table
25220656,con_PD_gt_HC_ACUP,group_comparison,Superior temporal gyrus,Left,-51.0,-22.0,3.0,Talairach,t value,4.69,18776,Patients with PD > Healthy,table
25220656,con_PD_gt_HC_ACUP,group_comparison,Middle temporal gyrus,Left,-40.0,-60.0,5.0,Talairach,t value,4.39,18776,Patients with PD > Healthy,table
25220656,con_PD_gt_HC_ACUP,group_comparison,Inferior temporal gyrus,Left,-44.0,-52.0,2.0,Talairach,t value,3.99,18776,Patients with PD > Healthy,table
25220656,con_PD_gt_HC_ACUP,group_comparison,Insula,Left,-45.0,-5.0,5.0,Talairach,t value,4.81,18776,Patients with PD > Healthy,table
25220656,con_PD_gt_HC_ACUP,group_comparison,Claustrum,Left,-31.0,19.0,0.0,Talairach,t value,4.17,18776,Patients with PD > Healthy,table
25220656,con_PD_gt_HC_ACUP,group_comparison,Precuneus,Left,-27.0,-71.0,21.0,Talairach,t value,4.34,18776,Patients with PD > Healthy,table
25220656,con_PD_gt_HC_ACUP,group_comparison,Fusiform gyrus,Left,-21.0,-66.0,-8.0,Talairach,t value,3.99,18776,Patients with PD > Healthy,table
25220656,25200686_C1,group_comparison,Middle frontal gyrus,R,21.0,5.0,48.0,TAL,t,3.19,9920,Healthy participants > Patients with PD,Table 2
25220656,25200686_C1,group_comparison,Hippocampus,R,32.0,-35.0,0.0,TAL,t,4.63,not_reported,Healthy participants > Patients with PD,Table 2
25220656,25200686_C1,group_comparison,Caudate body,R,15.0,-29.0,27.0,TAL,t,5.04,not_reported,Healthy participants > Patients with PD,Table 2
25220656,25200686_C1,group_comparison,Caudate tail,R,25.0,-35.0,21.0,TAL,t,3.96,not_reported,Healthy participants > Patients with PD,Table 2
25220656,25200686_C1,group_comparison,Putamen,R,25.0,3.0,16.0,TAL,t,3.98,not_reported,Healthy participants > Patients with PD,Table 2
25220656,25200686_C1,group_comparison,Insula,R,30.0,-15.0,27.0,TAL,t,3.41,not_reported,Healthy participants > Patients with PD,Table 2
25220656,25200686_C1,group_comparison,Caudate body,L,-16.0,-23.0,27.0,TAL,t,4.11,not_reported,Healthy participants > Patients with PD,Table 2
25220656,25200686_C1,group_comparison,Caudate tail,L,-18.0,-30.0,26.0,TAL,t,3.92,not_reported,Healthy participants > Patients with PD,Table 2
25220656,25200686_C1,group_comparison,Thalamus,midline,1.0,-19.0,4.0,TAL,t,3.88,not_reported,Healthy participants > Patients with PD,Table 2
25220656,25200686_C1,group_comparison,Cingulate gyrus,R,23.0,-13.0,39.0,TAL,t,4.33,not_reported,Healthy participants > Patients with PD,Table 2
25220656,25200686_C2,group_comparison,Inferior frontal gyrus,L,-32.0,29.0,-1.0,TAL,t,4.47,18776,Healthy participants < Patients with PD,Table 2
25220656,25200686_C2,group_comparison,Precentral gyrus,L,-28.0,-29.0,57.0,TAL,t,5.36,not_reported,Healthy participants < Patients with PD,Table 2
25220656,25200686_C2,group_comparison,Precuneus,L,-26.0,-59.0,36.0,TAL,t,5.37,not_reported,Healthy participants < Patients with PD,Table 2
25220656,25200686_C2,group_comparison,Postcentral gyrus,L,-46.0,-19.0,43.0,TAL,t,5.36,not_reported,Healthy participants < Patients with PD,Table 2
25220656,25200686_C2,group_comparison,Superior temporal gyrus,L,-51.0,-22.0,3.0,TAL,t,4.69,not_reported,Healthy participants < Patients with PD,Table 2
25220656,25200686_C2,group_comparison,Middle temporal gyrus,L,-40.0,-60.0,5.0,TAL,t,4.39,not_reported,Healthy participants < Patients with PD,Table 2
25220656,25200686_C2,group_comparison,Inferior temporal gyrus,L,-44.0,-52.0,2.0,TAL,t,3.99,not_reported,Healthy participants < Patients with PD,Table 2
25220656,25200686_C2,group_comparison,Insula,L,-45.0,-5.0,5.0,TAL,t,4.81,not_reported,Healthy participants < Patients with PD,Table 2
25220656,25200686_C2,group_comparison,Claustrum,L,-31.0,19.0,0.0,TAL,t,4.17,not_reported,Healthy participants < Patients with PD,Table 2
25220656,25200686_C2,group_comparison,Precuneus,L,-27.0,-71.0,21.0,TAL,t,4.34,not_reported,Healthy participants < Patients with PD,Table 2
25220656,25200686_C2,group_comparison,Fusiform gyrus,L,-21.0,-66.0,-8.0,TAL,t,3.99,not_reported,Healthy participants < Patients with PD,Table 2
25228908,contrast_fmri_activation_st36_deqi,verum_gt_rest,Inferior parietal lobule,R,60.0,-38.0,42.0,Talairach,Z score,3.93,not_reported,increase,table
25228908,contrast_fmri_activation_st36_deqi,verum_gt_rest,Subcortex white matter,R,22.0,-66.0,28.0,Talairach,Z score,3.71,not_reported,increase,table
25228908,contrast_fmri_activation_st36_deqi,verum_gt_rest,Subcortex white matter,R,32.0,-52.0,38.0,Talairach,Z score,3.02,not_reported,increase,table
25228908,contrast_fmri_activation_st36_deqi,verum_gt_rest,Precuneus,L,-24.0,-80.0,44.0,Talairach,Z score,3.22,not_reported,increase,table
25228908,contrast_fmri_activation_st36_deqi,verum_gt_rest,Precuneus,L,-12.0,-76.0,46.0,Talairach,Z score,3.06,not_reported,increase,table
25228908,contrast_fmri_activation_st36_deqi,verum_gt_rest,Superior temporal gyrus,R,30.0,12.0,-22.0,Talairach,Z score,2.91,not_reported,increase,table
25228908,contrast_fmri_activation_st36_deqi,verum_gt_rest,Inferior parietal lobule,L,-46.0,-58.0,52.0,Talairach,Z score,2.86,not_reported,increase,table
25228908,contrast_fmri_activation_st36_deqi,verum_gt_rest,Inferior parietal lobule,L,-52.0,46.0,54.0,Talairach,Z score,2.57,not_reported,increase,table
25228908,contrast_fmri_activation_st36_deqi,verum_gt_rest,Gyrus frontalis medius,R,36.0,22.0,-6.0,Talairach,Z score,2.37,not_reported,increase,table
25228908,contrast_fmri_activation_st36_deqi,verum_gt_rest,Gyrus frontalis medius,R,48.0,36.0,10.0,Talairach,Z score,2.74,not_reported,increase,table
25228908,contrast_fmri_activation_st36_deqi,verum_gt_rest,Central occipital gyrus,L,-30.0,-76.0,48.0,Talairach,Z score,2.74,not_reported,increase,table
25228908,contrast_fmri_activation_st36_deqi,verum_gt_rest,Prefrontal lobe,R,44.0,38.0,18.0,Talairach,Z score,2.68,not_reported,increase,table
25228908,contrast_fmri_activation_st36_deqi,verum_gt_rest,Cuneate lobe,R,16.0,-80.0,20.0,Talairach,Z score,2.62,not_reported,increase,table
25228908,contrast_fmri_activation_st36_deqi,verum_gt_rest,Frontal lobe frame gyrus,L,-40.0,40.0,24.0,Talairach,Z score,2.59,not_reported,increase,table
25228908,contrast_fmri_activation_st36_deqi,verum_gt_rest,Posterior central gyrus,R,18.0,68.0,60.0,Talairach,Z score,2.55,not_reported,increase,table
25228908,contrast_fmri_activation_st36_deqi,verum_gt_rest,Ventriculus dexter cerebri,R,2.0,8.0,14.0,Talairach,Z score,2.46,not_reported,increase,table
25228908,contrast_fmri_activation_st36_deqi,verum_gt_rest,Mesencephalon,R,4.0,-38.0,-20.0,Talairach,Z score,2.44,not_reported,increase,table
25228908,contrast_fmri_activation_st36_deqi,verum_gt_rest,Supramarginal gyrus,L,-38.0,-52.0,34.0,Talairach,Z score,2.42,not_reported,increase,table
25228908,contrast_fmri_deactivation_st36_deqi,deactivation,Posterior central gyrus,L/R,-16.0,-42.0,68.0,Talairach,Z score,5.63,not_reported,decrease,table
25228908,contrast_fmri_deactivation_st36_deqi,deactivation,Posterior central gyrus,L/R,52.0,-24.0,18.0,Talairach,Z score,5.33,not_reported,decrease,table
25228908,contrast_fmri_deactivation_st36_deqi,deactivation,Superior temporal gyrus,R,58.0,2.0,0.0,Talairach,Z score,5.29,not_reported,decrease,table
25228908,contrast_fmri_deactivation_st36_deqi,deactivation,Superior temporal gyrus,R,58.0,10.0,-4.0,Talairach,Z score,4.78,not_reported,decrease,table
25228908,contrast_fmri_deactivation_st36_deqi,deactivation,Putamen,L/R,-28.0,2.0,6.0,Talairach,Z score,5.26,not_reported,decrease,table
25228908,contrast_fmri_deactivation_st36_deqi,deactivation,Putamen,L/R,-26.0,-8.0,8.0,Talairach,Z score,5.04,not_reported,decrease,table
25228908,contrast_fmri_deactivation_st36_deqi,deactivation,Putamen,L/R,22.0,2.0,-2.0,Talairach,Z score,3.99,not_reported,decrease,table
25228908,contrast_fmri_deactivation_st36_deqi,deactivation,Insular lobe,L,-45.0,22.0,18.0,Talairach,Z score,4.55,not_reported,decrease,table
25228908,contrast_fmri_deactivation_st36_deqi,deactivation,Insular lobe,L,-36.0,-18.0,12.0,Talairach,Z score,4.06,not_reported,decrease,table
25228908,contrast_fmri_deactivation_st36_deqi,deactivation,Inferior parietal lobule,L/R,-50.0,-34.0,22.0,Talairach,Z score,5.14,not_reported,decrease,table
25228908,contrast_fmri_deactivation_st36_deqi,deactivation,Inferior parietal lobule,L/R,58.0,-42.0,22.0,Talairach,Z score,4.03,not_reported,decrease,table
25228908,contrast_fmri_deactivation_st36_deqi,deactivation,Inferior parietal lobule,L/R,50.0,-44.0,24.0,Talairach,Z score,4.00,not_reported,decrease,table
25228908,contrast_fmri_deactivation_st36_deqi,deactivation,Culmen cerebelli,L/R,8.0,-56.0,-8.0,Talairach,Z score,4.72,not_reported,decrease,table
25228908,contrast_fmri_deactivation_st36_deqi,deactivation,Culmen cerebelli,L/R,-2.0,-46.0,-10.0,Talairach,Z score,4.27,not_reported,decrease,table
25228908,contrast_fmri_deactivation_st36_deqi,deactivation,Intercerebral fissure,L/R,-2.0,-62.0,0.0,Talairach,Z score,4.21,not_reported,decrease,table
25228908,contrast_fmri_deactivation_st36_deqi,deactivation,Intercerebral fissure,L/R,2.0,-34.0,22.0,Talairach,Z score,3.36,not_reported,decrease,table
25228908,contrast_fmri_deactivation_st36_deqi,deactivation,Clivas,L/R,-2.0,-60.0,-18.0,Talairach,Z score,3.51,not_reported,decrease,table
25228908,contrast_fmri_deactivation_st36_deqi,deactivation,Clivas,L/R,36.0,-70.0,-28.0,Talairach,Z score,4.51,not_reported,decrease,table
25228908,contrast_fmri_deactivation_st36_deqi,deactivation,Clivas,L/R,26.0,-82.0,-28.0,Talairach,Z score,4.06,not_reported,decrease,table
25228908,contrast_fmri_deactivation_st36_deqi,deactivation,Clivas,L/R,16.0,-86.0,-28.0,Talairach,Z score,3.85,not_reported,decrease,table
25228908,contrast_fmri_deactivation_st36_deqi,deactivation,Gyrus frontalis medius,R,-2.0,-24.0,64.0,Talairach,Z score,4.57,not_reported,decrease,table
25228908,contrast_fmri_deactivation_st36_deqi,deactivation,Gyrus frontalis medius,R,48.0,6.0,30.0,Talairach,Z score,3.99,not_reported,decrease,table
25228908,contrast_fmri_deactivation_st36_deqi,deactivation,Gyrus frontalis medius,R,56.0,18.0,26.0,Talairach,Z score,3.56,not_reported,decrease,table
25228908,contrast_fmri_deactivation_st36_deqi,deactivation,Dentate body of cerebellum,R,14.0,-58.0,-34.0,Talairach,Z score,4.56,not_reported,decrease,table
25228908,contrast_fmri_deactivation_st36_deqi,deactivation,Mesencephalon,L,-10.0,-26.0,-8.0,Talairach,Z score,4.45,not_reported,decrease,table
25228908,contrast_fmri_deactivation_st36_deqi,deactivation,Thalamus,L/R,-4.0,-12.0,2.0,Talairach,Z score,3.63,not_reported,decrease,table
25228908,contrast_fmri_deactivation_st36_deqi,deactivation,Thalamus,L/R,14.0,-28.0,0.0,Talairach,Z score,3.32,not_reported,decrease,table
25228908,contrast_fmri_deactivation_st36_deqi,deactivation,Cingulate gyrus,L/R,4.0,0.0,28.0,Talairach,Z score,4.08,not_reported,decrease,table
25228908,contrast_fmri_deactivation_st36_deqi,deactivation,Cingulate gyrus,L/R,-12.0,0.0,34.0,Talairach,Z score,3.86,not_reported,decrease,table
25228908,contrast_fmri_deactivation_st36_deqi,deactivation,Corpus callosum,R,2.0,-4.0,20.0,Talairach,Z score,4.27,not_reported,decrease,table
25228908,contrast_fmri_deactivation_st36_deqi,deactivation,Midtemporal gyrus,R,54.0,-60.0,6.0,Talairach,Z score,4.10,not_reported,decrease,table
25228908,contrast_fmri_deactivation_st36_deqi,deactivation,Occipital lobe,L/R,-52.0,-70.0,4.0,Talairach,Z score,3.78,not_reported,decrease,table
25228908,contrast_fmri_deactivation_st36_deqi,deactivation,Occipital lobe,L/R,34.0,-82.0,12.0,Talairach,Z score,3.50,not_reported,decrease,table
25228908,contrast_fmri_deactivation_st36_deqi,deactivation,Subthalamic nucleus,L,-8.0,-14.0,-8.0,Talairach,Z score,3.44,not_reported,decrease,table
25228908,29343693_C1,verum_gt_rest,Superior Temporal Gyrus,L,-60.0,-28.0,16.0,MNI,Z,6.91,43523,activation,Table 2
25228908,29343693_C1,verum_gt_rest,Parietal Operculum/SII,R,58.0,-18.0,16.0,MNI,Z,6.81,43523,activation,Table 2
25228908,29343693_C1,verum_gt_rest,Postcentral Gyrus (SI),R,24.0,-40.0,66.0,MNI,Z,6.62,43523,activation,Table 2
25228908,29343693_C1,verum_gt_rest,Superior Temporal Gyrus,L,-60.0,6.0,-2.0,MNI,Z,6.58,43523,activation,Table 2
25228908,29343693_C1,verum_gt_rest,Middle Temporal Gyrus,R,50.0,-64.0,6.0,MNI,Z,6.41,43523,activation,Table 2
25228908,29343693_C1,verum_gt_rest,Middle Occipital Gyrus,L,-56.0,-70.0,4.0,MNI,Z,6.33,43523,activation,Table 2
25228908,29343693_C1,verum_gt_rest,Postcentral Gyrus (SI),L,-22.0,-40.0,70.0,MNI,Z,6.26,43523,activation,Table 2
25228908,29343693_C1,verum_gt_rest,Superior Temporal Gyrus,R,58.0,2.0,4.0,MNI,Z,6.01,43523,activation,Table 2
25228908,29343693_C1,verum_gt_rest,Medial Frontal Gyrus (SMA),midline,0.0,2.0,48.0,MNI,Z,6.0,43523,activation,Table 2
25228908,29343693_C1,verum_gt_rest,Superior Frontal gyrus (SMA),midline,0.0,-4.0,64.0,MNI,Z,5.96,43523,activation,Table 2
25228908,29343693_C1,verum_gt_rest,Precentral Gyrus (MI),L,-48.0,0.0,54.0,MNI,Z,5.77,43523,activation,Table 2
25228908,29343693_C1,verum_gt_rest,Cingulate Gyrus (ACC),L,-4.0,3.0,42.0,MNI,Z,5.75,43523,activation,Table 2
25228908,29343693_C1,verum_gt_rest,Cingulate Gyrus (ACC),R,4.0,12.0,40.0,MNI,Z,5.63,43523,activation,Table 2
25228908,29343693_C1,verum_gt_rest,Middle Frontal Gyrus (PMC),R,42.0,0.0,56.0,MNI,Z,5.53,43523,activation,Table 2
25228908,29343693_C1,verum_gt_rest,"Insula (a,m,pIns)",L,-41.0,-18.0,8.0,MNI,Z,5.48,43523,activation,Table 2
25228908,29343693_C1,verum_gt_rest,"Insula (a,m,pIns)",R,46.0,0.0,2.0,MNI,Z,5.47,43523,activation,Table 2
25228908,29343693_C1,verum_gt_rest,Inferior Temporal Gyrus,R,46.0,-6.0,-20.0,MNI,Z,5.36,43523,activation,Table 2
25228908,29343693_C1,verum_gt_rest,Cingulate Gyrus (MCC),L,-16.0,-24.0,36.0,MNI,Z,4.97,43523,activation,Table 2
25228908,29343693_C1,verum_gt_rest,Ventrolateral Prefrontal Cortex (BA 47),L,-32.0,26.0,-2.0,MNI,Z,4.96,43523,activation,Table 2
25228908,29343693_C1,verum_gt_rest,Postcentral Gyrus (SI),L,-40.0,-42.0,62.0,MNI,Z,4.88,43523,activation,Table 2
25228908,29343693_C1,verum_gt_rest,Cingulate Gyrus (MCC),R,14.0,-24.0,42.0,MNI,Z,4.62,43523,activation,Table 2
25228908,29343693_C1,verum_gt_rest,Thalamus,R,8.0,-24.0,-2.0,MNI,Z,4.27,43523,activation,Table 2
25228908,29343693_C1,verum_gt_rest,Ventrolateral Prefrontal Cortex (BA 47),R,42.0,46.0,2.0,MNI,Z,4.08,43523,activation,Table 2
25228908,29343693_C1,verum_gt_rest,Lingual Gyrus,R,4.0,-74.0,-6.0,MNI,Z,3.54,43523,activation,Table 2
25228908,29343693_C1,verum_gt_rest,Cerebellar Tonsil,R,32.0,-54.0,-30.0,MNI,Z,4.63,1389,activation,Table 2
25228908,29343693_C1,verum_gt_rest,Inferior Semi-Lunar Lobule,R,16.0,-68.0,-58.0,MNI,Z,4.69,422,activation,Table 2
25228908,29343693_C2,deactivation,Parahippocampal Gyrus,L,-26.0,-14.0,-24.0,MNI,Z,-5.33,14626,deactivation,Table 2
25228908,29343693_C2,deactivation,Posterior Cingulate Gyrus (PCC/RSC),L,-8.0,-60.0,14.0,MNI,Z,-4.91,14626,deactivation,Table 2
25228908,29343693_C2,deactivation,Superior Temporal Gyrus,R,60.0,-60.0,26.0,MNI,Z,-4.68,14626,deactivation,Table 2
25228908,29343693_C2,deactivation,Superior Parietal Lobule,L,-40.0,-72.0,50.0,MNI,Z,4.64,14626,deactivation,Table 2
25228908,29343693_C2,deactivation,Fusiform Gyrus,L,-30.0,-39.0,-21.0,MNI,Z,-4.48,14626,deactivation,Table 2
25228908,29343693_C2,deactivation,Precuneus,R,26.0,-56.0,34.0,MNI,Z,-3.98,14626,deactivation,Table 2
25228908,29343693_C2,deactivation,Middle Temporal Gyrus,L,-49.0,2.0,-41.0,MNI,Z,-3.98,14626,deactivation,Table 2
25228908,29343693_C2,deactivation,Inferior Parietal Lobule,L,-45.0,-69.0,49.0,MNI,Z,-3.84,14626,deactivation,Table 2
25228908,29343693_C2,deactivation,Inferior Parietal Lobule,R,55.0,-51.0,47.0,MNI,Z,-3.74,14626,deactivation,Table 2
25228908,29343693_C2,deactivation,Posterior Cingulate Gyrus (PCC/RSC),R,5.0,-53.0,35.0,MNI,Z,-3.49,14626,deactivation,Table 2
25228908,29343693_C2,deactivation,Thalamus,L,-24.0,-28.0,8.0,MNI,Z,-3.48,14626,deactivation,Table 2
25228908,29343693_C2,deactivation,"Middle Frontal Gyrus (dlPFC, BA 8)",L,-26.0,28.0,58.0,MNI,Z,-4.6,4119,deactivation,Table 2
25228908,29343693_C2,deactivation,Medial Frontal Gyrus (vmPFC),L,-4.0,60.0,0.0,MNI,Z,-4.36,4119,deactivation,Table 2
25228908,29343693_C2,deactivation,Medial Frontal Gyrus (dmPFC),midline,-2.0,58.0,24.0,MNI,Z,-4.22,4119,deactivation,Table 2
25228908,29343693_C2,deactivation,"Superior Frontal Gyrus (dlPFC, BA 10)",L,-22.0,64.0,14.0,MNI,Z,-3.75,4119,deactivation,Table 2
25228908,29343693_C2,deactivation,Medial Frontal Gyrus (vmPFC),R,5.0,65.0,6.0,MNI,Z,-4.06,4119,deactivation,Table 2
25228908,29343693_C2,deactivation,Medial Frontal Gyrus (dmPFC),R,5.0,51.0,30.0,MNI,Z,-2.07,4119,deactivation,Table 2
25228908,29343693_C2,deactivation,"Superior Frontal Gyrus (dlPFC, BA 10)",R,20.0,60.0,32.0,MNI,Z,-4.5,931,deactivation,Table 2
25228908,29343693_C2,deactivation,"Middle Frontal Gyrus (dlPFC, BA 8)",R,33.0,40.0,42.0,MNI,Z,-3.52,931,deactivation,Table 2
25228908,29343693_C2,deactivation,Middle Frontal Gyrus (vlPFC),L,-42.0,40.0,-14.0,MNI,Z,-4.04,804,deactivation,Table 2
25228908,29343693_C2,deactivation,Middle Frontal Gyrus (vlPFC),L,-36.0,50.0,-2.0,MNI,Z,-3.54,804,deactivation,Table 2
25228908,29343693_C2,deactivation,Fusiform Gyrus,L,-42.0,-66.0,-18.0,MNI,Z,-3.34,118,deactivation,Table 2
25228908,29343693_C2,deactivation,Superior Frontal Gyrus,midline,-2.0,28.0,64.0,MNI,Z,-3.57,80,deactivation,Table 2
25228908,29343693_C2,deactivation,Superior Frontal Gyrus (vlPFC),L,-30.0,60.0,-14.0,MNI,Z,-2.84,25,deactivation,Table 2
25228908,29343693_C2,deactivation,Superior Parietal Lobule,R,10.0,-72.0,60.0,MNI,Z,-2.99,22,deactivation,Table 2
25228908,29343693_C3,sham_gt_rest,Middle Occipital Gyrus,L,-52.0,-72.0,4.0,MNI,Z,5.57,36637,activation,Table 3
25228908,29343693_C3,sham_gt_rest,Superior Parietal Lobule,L,-32.0,-54.0,56.0,MNI,Z,5.39,36637,activation,Table 3
25228908,29343693_C3,sham_gt_rest,Parietal Operculum/SII,L,-60.0,-22.0,18.0,MNI,Z,5.24,36637,activation,Table 3
25228908,29343693_C3,sham_gt_rest,Inferior Temporal Gyrus,R,48.0,-72.0,2.0,MNI,Z,5.11,36637,activation,Table 3
25228908,29343693_C3,sham_gt_rest,Ventrolateral Prefrontal Cortex (BA 44),R,44.0,6.0,30.0,MNI,Z,5.1,36637,activation,Table 3
25228908,29343693_C3,sham_gt_rest,Precentral Gyrus (MI),L,-46.0,-2.0,56.0,MNI,Z,5.09,36637,activation,Table 3
25228908,29343693_C3,sham_gt_rest,Parietal Operculum/SII,R,60.0,-18.0,24.0,MNI,Z,4.96,36637,activation,Table 3
25228908,29343693_C3,sham_gt_rest,Superior Frontal Gyrus (SMA),R,4.0,12.0,56.0,MNI,Z,4.83,36637,activation,Table 3
25228908,29343693_C3,sham_gt_rest,Postcentral Gyrus (SI),L,-62.0,-22.0,42.0,MNI,Z,4.77,36637,activation,Table 3
25228908,29343693_C3,sham_gt_rest,Middle Frontal Gyrus (PMC),L,-38.0,0.0,46.0,MNI,Z,4.77,36637,activation,Table 3
25228908,29343693_C3,sham_gt_rest,Postcentral Gyrus (SI),R,26.0,-38.0,68.0,MNI,Z,4.64,36637,activation,Table 3
25228908,29343693_C3,sham_gt_rest,Inferior Parietal Lobule,R,54.0,-32.0,26.0,MNI,Z,4.62,36637,activation,Table 3
25228908,29343693_C3,sham_gt_rest,Precuneus,L,-14.0,-82.0,40.0,MNI,Z,4.43,36637,activation,Table 3
25228908,29343693_C3,sham_gt_rest,Superior Occipital Gyrus,R,28.0,-78.0,26.0,MNI,Z,4.37,36637,activation,Table 3
25228908,29343693_C3,sham_gt_rest,Postcentral Gyrus (SI),L,-50.0,-28.0,52.0,MNI,Z,4.32,36637,activation,Table 3
25228908,29343693_C3,sham_gt_rest,Ventrolateral Prefrontal Cortex (BA 44),L,-43.0,4.0,33.0,MNI,Z,4.28,36637,activation,Table 3
25228908,29343693_C3,sham_gt_rest,Inferior Semi-Lunar Gyrus,L,-8.0,-78.0,-44.0,MNI,Z,4.23,36637,activation,Table 3
25228908,29343693_C3,sham_gt_rest,Superior Temporal Gyrus,L,-66.0,-42.0,18.0,MNI,Z,4.17,36637,activation,Table 3
25228908,29343693_C3,sham_gt_rest,Superior Frontal Gyrus (SMA),R,14.0,6.0,64.0,MNI,Z,4.14,36637,activation,Table 3
25228908,29343693_C3,sham_gt_rest,Postcentral Gyrus (SI),L,-28.0,-48.0,68.0,MNI,Z,4.11,36637,activation,Table 3
25228908,29343693_C3,sham_gt_rest,Precentral Gyrus (MI),L,-62.0,4.0,6.0,MNI,Z,4.07,36637,activation,Table 3
25228908,29343693_C3,sham_gt_rest,Ventrolateral Prefrontal Cortex (BA 45),R,58.0,30.0,6.0,MNI,Z,3.97,36637,activation,Table 3
25228908,29343693_C3,sham_gt_rest,Cuneus,L,-28.0,-90.0,30.0,MNI,Z,3.9,36637,activation,Table 3
25228908,29343693_C3,sham_gt_rest,Superior Frontal Gyrus (SMA),R,10.0,-4.0,76.0,MNI,Z,3.87,36637,activation,Table 3
25228908,29343693_C3,sham_gt_rest,Middle Temporal Gyrus,R,54.0,-10.0,-18.0,MNI,Z,3.86,36637,activation,Table 3
25228908,29343693_C3,sham_gt_rest,Insula (mIns),R,42.0,0.0,4.0,MNI,Z,3.82,36637,activation,Table 3
25228908,29343693_C3,sham_gt_rest,Ventrolateral Prefrontal Cortex (BA 45),L,-51.0,35.0,14.0,MNI,Z,3.8,36637,activation,Table 3
25228908,29343693_C3,sham_gt_rest,Paracentral Lobule,R,10.0,-42.0,56.0,MNI,Z,3.67,36637,activation,Table 3
25228908,29343693_C3,sham_gt_rest,Insula (mIns),L,-46.0,-10.0,6.0,MNI,Z,3.59,36637,activation,Table 3
25228908,29343693_C3,sham_gt_rest,Cingulate Gyrus (MCC),R,10.0,4.0,44.0,MNI,Z,3.48,36637,activation,Table 3
25228908,29343693_C3,sham_gt_rest,Inferior Occipital Gyrus,R,34.0,-84.0,-6.0,MNI,Z,3.45,36637,activation,Table 3
25228908,29343693_C3,sham_gt_rest,Superior Temporal Gyrus,L,-56.0,10.0,-10.0,MNI,Z,3.41,36637,activation,Table 3
25228908,29343693_C3,sham_gt_rest,Fusiform Gyrus,L,-42.0,-66.0,-18.0,MNI,Z,3.08,36637,activation,Table 3
25228908,29343693_C3,sham_gt_rest,"Middle Frontal Gyrus (dlPFC, BA 46)",L,-45.0,36.0,17.0,MNI,Z,3.0,36637,activation,Table 3
25228908,29343693_C3,sham_gt_rest,"Middle Frontal Gyrus (dlPFC, BA 46)",R,45.0,32.0,19.0,MNI,Z,2.85,36637,activation,Table 3
25228908,29343693_C3,sham_gt_rest,Fusiform Gyrus,R,45.0,-56.0,-18.0,MNI,Z,2.8,36637,activation,Table 3
25228908,29343693_C3,sham_gt_rest,Uvula,R,8.0,-80.0,-46.0,MNI,Z,4.67,1232,activation,Table 3
25228908,29343693_C3,sham_gt_rest,Lentiform Nucleus,R,18.0,-4.0,16.0,MNI,Z,3.35,270,activation,Table 3
25228908,29343693_C3,sham_gt_rest,Thalamus,R,6.0,-14.0,6.0,MNI,Z,3.27,130,activation,Table 3
25228908,29343693_C4,deactivation,Medial Frontal Gyrus (dmPFC),L,-4.0,68.0,8.0,MNI,Z,-3.85,1804,deactivation,Table 3
25228908,29343693_C4,deactivation,Medial Frontal Gyrus (vmPFC),L,-4.0,46.0,-7.0,MNI,Z,-3.42,1804,deactivation,Table 3
25228908,29343693_C4,deactivation,Medial Frontal Gyrus (dmPFC),midline,1.0,43.0,21.0,MNI,Z,-3.3,1804,deactivation,Table 3
25228908,29343693_C4,deactivation,Medial Frontal Gyrus (vmPFC),midline,2.0,59.0,2.0,MNI,Z,-3.2,1804,deactivation,Table 3
25228908,29343693_C4,deactivation,Fusiform Gyrus,L,-30.0,-34.0,-16.0,MNI,Z,-3.77,1629,deactivation,Table 3
25228908,29343693_C4,deactivation,Parahippocampal Gyrus,L,-34.0,-22.0,-28.0,MNI,Z,-3.59,1629,deactivation,Table 3
25228908,29343693_C4,deactivation,Posterior Cingulate (PCC/RSC),L,-10.0,-56.0,10.0,MNI,Z,-4.04,1398,deactivation,Table 3
25228908,29343693_C4,deactivation,Precuneus,L,-9.0,-69.0,22.0,MNI,Z,-3.16,1398,deactivation,Table 3
25228908,29343693_C4,deactivation,Inferior Temporal Gyrus,L,-54.0,-12.0,-28.0,MNI,Z,-3.55,382,deactivation,Table 3
25228908,29343693_C4,deactivation,Middle Temporal Gyrus,L,-54.0,-19.0,-16.0,MNI,Z,-2.96,382,deactivation,Table 3
25228908,29343693_C4,deactivation,Precuneus,L,-20.0,-58.0,30.0,MNI,Z,-2.84,20,deactivation,Table 3
25228908,29343693_C5,verum_gt_rest,Middle Occipital Gyrus,L,-52.0,-72.0,4.0,MNI,Z,5.57,20888,activation,Table 4
25228908,29343693_C5,verum_gt_rest,Parietal Operculum/SII,L,-60.0,-22.0,18.0,MNI,Z,5.24,20888,activation,Table 4
25228908,29343693_C5,verum_gt_rest,Precentral Gyrus (MI),L,-46.0,-2.0,56.0,MNI,Z,5.09,20888,activation,Table 4
25228908,29343693_C5,verum_gt_rest,Parietal Operculum/SII,R,62.0,-18.0,26.0,MNI,Z,4.91,20888,activation,Table 4
25228908,29343693_C5,verum_gt_rest,Inferior Temporal Gyrus,R,48.0,-70.0,2.0,MNI,Z,4.87,20888,activation,Table 4
25228908,29343693_C5,verum_gt_rest,Postcentral Gyrus (SI),L,-62.0,-22.0,42.0,MNI,Z,4.77,20888,activation,Table 4
25228908,29343693_C5,verum_gt_rest,Inferior Frontal Gyrus (PMC),R,48.0,6.0,32.0,MNI,Z,4.65,20888,activation,Table 4
25228908,29343693_C5,verum_gt_rest,Postcentral Gyrus (SI),R,26.0,-38.0,68.0,MNI,Z,4.64,20888,activation,Table 4
25228908,29343693_C5,verum_gt_rest,Inferior Parietal Lobule,R,54.0,-32.0,26.0,MNI,Z,4.62,20888,activation,Table 4
25228908,29343693_C5,verum_gt_rest,Middle Frontal Gyrus,R,30.0,-4.0,52.0,MNI,Z,4.36,20888,activation,Table 4
25228908,29343693_C5,verum_gt_rest,Superior Parietal Lobule,L,-32.0,-50.0,60.0,MNI,Z,4.24,20888,activation,Table 4
25228908,29343693_C5,verum_gt_rest,Insula (mIns),R,42.0,0.0,4.0,MNI,Z,3.82,20888,activation,Table 4
25228908,29343693_C5,verum_gt_rest,Insula (aIns),R,38.0,24.0,4.0,MNI,Z,3.69,20888,activation,Table 4
25228908,29343693_C5,verum_gt_rest,Precentral Gyrus (MI),L,-50.0,-6.0,6.0,MNI,Z,3.53,20888,activation,Table 4
25228908,29343693_C5,verum_gt_rest,Inferior Frontal Gyrus (PMC),L,-56.0,12.0,4.0,MNI,Z,3.49,20888,activation,Table 4
25228908,29343693_C5,verum_gt_rest,Cingulate Gyrus (MCC),R,10.0,4.0,44.0,MNI,Z,3.48,20888,activation,Table 4
25228908,29343693_C5,verum_gt_rest,Superior Temporal Gyrus,L,-64.0,-8.0,2.0,MNI,Z,3.4,20888,activation,Table 4
25228908,29343693_C5,verum_gt_rest,Middle Temporal Gyrus,R,48.0,-16.0,-12.0,MNI,Z,3.19,20888,activation,Table 4
25228908,29343693_C6,deactivation,Posterior Cingulate Gyrus/RSP,L,-10.0,-56.0,10.0,MNI,Z,-4.04,1073,deactivation,Table 4
25228908,29343693_C6,deactivation,Medial Frontal Gyrus,L,-4.0,68.0,8.0,MNI,Z,-3.85,961,deactivation,Table 4
25228908,29343693_C6,deactivation,Parahippocampal Gyrus,L,-30.0,-34.0,-16.0,MNI,Z,-3.77,766,deactivation,Table 4
25228908,29343693_C7,verum_gt_sham,Transverse Temporal Gyrus,R,50.0,-24.0,12.0,MNI,Z,4.53,3722,activation,Table 5
25228908,29343693_C7,verum_gt_sham,Insula (mIns),R,40.0,-18.0,-2.0,MNI,Z,4.26,3722,activation,Table 5
25228908,29343693_C7,verum_gt_sham,Insula (pIns),R,40.0,-20.0,14.0,MNI,Z,3.81,3722,activation,Table 5
25228908,29343693_C7,verum_gt_sham,"Postcentral Gyrus (SI, BA1,2)",R,60.0,-16.0,46.0,MNI,Z,3.76,3722,activation,Table 5
25228908,29343693_C7,verum_gt_sham,Precentral Gyrus (MI),R,60.0,6.0,8.0,MNI,Z,3.63,3722,activation,Table 5
25228908,29343693_C7,verum_gt_sham,Postcentral Gyrus (SI),R,22.0,-36.0,72.0,MNI,Z,3.36,3722,activation,Table 5
25228908,29343693_C7,verum_gt_sham,Medial Frontal Gyrus (SMA),midline,-2.0,-8.0,64.0,MNI,Z,4.13,2168,activation,Table 5
25228908,29343693_C7,verum_gt_sham,Cingulate Gyrus (MCC),midline,2.0,-4.0,44.0,MNI,Z,4.05,2168,activation,Table 5
25228908,29343693_C7,verum_gt_sham,Cingulate Gyrus (ACC),R,4.0,12.0,40.0,MNI,Z,3.64,2168,activation,Table 5
25228908,29343693_C7,verum_gt_sham,Cingulate Gyrus (MCC),L,-8.0,8.0,36.0,MNI,Z,3.48,2168,activation,Table 5
25228908,29343693_C7,verum_gt_sham,Cingulate Gyrus (ACC),L,-4.0,26.0,25.0,MNI,Z,3.02,2168,activation,Table 5
25228908,29343693_C7,verum_gt_sham,Parietal Operculum/SII,L,-50.0,-16.0,12.0,MNI,Z,4.25,1376,activation,Table 5
25228908,29343693_C7,verum_gt_sham,Insula (pIns),L,-40.0,-18.0,10.0,MNI,Z,4.01,1376,activation,Table 5
25228908,29343693_C7,verum_gt_sham,Transverse Temporal Gyrus,L,-54.0,-21.0,11.0,MNI,Z,3.73,1376,activation,Table 5
25228908,29343693_C7,verum_gt_sham,Postcentral Gyrus (SI),L,-54.0,-21.0,23.0,MNI,Z,3.23,1376,activation,Table 5
25228908,29343693_C7,verum_gt_sham,Superior Temporal Gyrus,L,-60.0,8.0,-2.0,MNI,Z,3.82,647,activation,Table 5
25228908,29343693_C7,verum_gt_sham,"Insula (a,mIns)",L,-38.0,17.0,-3.0,MNI,Z,3.31,647,activation,Table 5
25228908,29343693_C7,verum_gt_sham,Precentral Gyrus (MI),L,-20.0,-26.0,76.0,MNI,Z,3.89,537,activation,Table 5
25228908,29343693_C7,verum_gt_sham,Postcentral Gyrus (SI),L,-20.0,-38.0,70.0,MNI,Z,3.67,537,activation,Table 5
25228908,29343693_C7,verum_gt_sham,Superior Parietal Lobule,L,-22.0,-48.0,62.0,MNI,Z,3.53,537,activation,Table 5
25228908,29343693_C7,verum_gt_sham,Precentral Gyrus (MI),R,20.0,-26.0,76.0,MNI,Z,3.63,298,activation,Table 5
25228908,29343693_C8,verum_gt_sham,Superior Occipital Gyrus,R,38.0,-78.0,28.0,MNI,Z,-4.39,4414,activation,Table 5
25228908,29343693_C8,verum_gt_sham,Middle Occipital Gyrus,R,46.0,-64.0,-8.0,MNI,Z,-4.16,4414,activation,Table 5
25228908,29343693_C8,verum_gt_sham,"Ventrolateral Prefrontal Cortex (BA 44, 45)",R,58.0,30.0,6.0,MNI,Z,-3.8,4414,activation,Table 5
25228908,29343693_C8,verum_gt_sham,Inferior Occipital Gyrus,R,38.0,-86.0,-14.0,MNI,Z,-3.48,4414,activation,Table 5
25228908,29343693_C8,verum_gt_sham,Superior Temporal Gyrus,R,56.0,-56.0,18.0,MNI,Z,-3.36,4414,activation,Table 5
25228908,29343693_C8,verum_gt_sham,Precuneus,R,24.0,-60.0,40.0,MNI,Z,-3.33,4414,activation,Table 5
25228908,29343693_C8,verum_gt_sham,Superior Parietal Lobule,R,32.0,-50.0,48.0,MNI,Z,-3.32,4414,activation,Table 5
25228908,29343693_C8,verum_gt_sham,Middle Frontal Gyrus (dlPFC),L,-34.0,16.0,22.0,MNI,Z,-3.6,2492,activation,Table 5
25228908,29343693_C8,verum_gt_sham,Ventrolateral Prefrontal Cortex (BA 45),L,-54.0,30.0,16.0,MNI,Z,-3.53,2492,activation,Table 5
25228908,29343693_C8,verum_gt_sham,Middle Frontal Gyrus (dlPFC),L,-52.0,28.0,28.0,MNI,Z,-3.45,2492,activation,Table 5
25228908,29343693_C8,verum_gt_sham,Ventrolateral Prefrontal Cortex (BA 44),L,-44.0,2.0,36.0,MNI,Z,-3.34,2492,activation,Table 5
25228908,29343693_C8,verum_gt_sham,Superior Parietal Lobule,L,-36.0,-58.0,52.0,MNI,Z,-4.25,2416,activation,Table 5
25228908,29343693_C8,verum_gt_sham,Middle Occipital Gyrus,L,-36.0,-86.0,10.0,MNI,Z,-3.63,2416,activation,Table 5
25228908,29343693_C8,verum_gt_sham,Inferior Semi-Lunar Lobule,R,22.0,-80.0,-44.0,MNI,Z,-4.03,963,activation,Table 5
25228908,29343693_C8,verum_gt_sham,Fusiform Gyrus,L,-42.0,-66.0,-18.0,MNI,Z,-4.04,868,activation,Table 5
25228908,29343693_C8,verum_gt_sham,"Precuneus, PCC/RS",R,6.0,-54.0,38.0,MNI,Z,-3.8,735,activation,Table 5
25228908,29343693_C8,verum_gt_sham,Tuber,L,-36.0,-84.0,-40.0,MNI,Z,-3.53,522,activation,Table 5
25228908,29343693_C8,verum_gt_sham,Middle Frontal Gyrus (dlPFC),R,44.0,16.0,34.0,MNI,Z,-3.27,314,activation,Table 5
25228908,29343693_C8,verum_gt_sham,Fusiform Gyrus,R,30.0,-38.0,-20.0,MNI,Z,-3.09,219,activation,Table 5
25228908,29343693_C8,verum_gt_sham,Superior Temporal Gyrus,L,-56.0,-62.0,26.0,MNI,Z,-3.29,128,activation,Table 5
25228908,29343693_C8,verum_gt_sham,Medial Frontal Gyrus (dmPFC),L,-6.0,44.0,48.0,MNI,Z,-3.18,95,activation,Table 5
25228908,29343693_C8,verum_gt_sham,Superior Temporal Gyrus,L,-46.0,-52.0,18.0,MNI,Z,-3.02,38,activation,Table 5
25452777,con_healthy_AM_gt_PM,other,Middle frontal gyrus,R,42.0,36.0,18.0,MNI,T,8.93,1076,AM > PM,table
25452777,con_healthy_AM_gt_PM,other,Superior frontal gyrus,R,6.0,39.0,45.0,MNI,T,8.03,777,AM > PM,table
25452777,con_healthy_AM_gt_PM,other,Posterior cingulum,L,-12.0,-39.0,18.0,MNI,T,7.68,91,AM > PM,table
25452777,con_healthy_AM_gt_PM,other,Cerebellum,R,9.0,-42.0,-15.0,MNI,T,7.32,403,AM > PM,table
25452777,con_healthy_AM_gt_PM,other,Thalamus,R,9.0,-30.0,21.0,MNI,T,7.26,88,AM > PM,table
25452777,con_healthy_AM_gt_PM,other,Cerebellum,R,3.0,-21.0,-30.0,MNI,T,6.35,67,AM > PM,table
25452777,con_stroke_AM_gt_PM,other,Cuneus,L,3.0,-84.0,39.0,MNI,T,9.40,84,AM > PM,table
25452777,con_stroke_AM_gt_PM,other,Supplementary motor area,R,9.0,21.0,45.0,MNI,T,6.42,95,AM > PM,table
25452777,con_stroke_AM_gt_PM,other,Inferior parietal gyrus,R,54.0,-54.0,42.0,MNI,T,5.21,89,AM > PM,table
25452777,25452778_C1,other,Middle frontal gyrus,R,42.0,36.0,18.0,MNI,t,8.93,1076,AM > PM,Table II
25452777,25452778_C1,other,Superior frontal gyrus,R,6.0,39.0,45.0,MNI,t,8.03,777,AM > PM,Table II
25452777,25452778_C1,other,Posterior cingulum,L,-12.0,-39.0,18.0,MNI,t,7.68,91,AM > PM,Table II
25452777,25452778_C1,other,Cerebellum,R,9.0,-42.0,-15.0,MNI,t,7.32,403,AM > PM,Table II
25452777,25452778_C1,other,Thalamus,R,9.0,-30.0,21.0,MNI,t,7.26,88,AM > PM,Table II
25452777,25452778_C1,other,Cerebellum,R,3.0,-21.0,-30.0,MNI,t,6.35,67,AM > PM,Table II
25452777,25452778_C3,other,Cuneus,R,3.0,-84.0,39.0,MNI,t,9.4,84,AM > PM,Table II
25452777,25452778_C3,other,Supplementary motor area,R,9.0,21.0,45.0,MNI,t,6.42,95,AM > PM,Table II
25452777,25452778_C3,other,Inferior parietal gyrus,R,54.0,-54.0,42.0,MNI,t,5.21,89,AM > PM,Table II
25452777,25452773_C1,other,Middle frontal gyrus,R,42.0,36.0,18.0,MNI,t,8.93,1076,AM > PM,Table II
25452777,25452773_C1,other,Superior frontal gyrus,R,6.0,39.0,45.0,MNI,t,8.03,777,AM > PM,Table II
25452777,25452773_C1,other,Posterior cingulum,L,-12.0,-39.0,18.0,MNI,t,7.68,91,AM > PM,Table II
25452777,25452773_C1,other,Cerebellum,R,9.0,-42.0,-15.0,MNI,t,7.32,403,AM > PM,Table II
25452777,25452773_C1,other,Thalamus,R,9.0,-30.0,21.0,MNI,t,7.26,88,AM > PM,Table II
25452777,25452773_C1,other,Cerebellum,R,3.0,-21.0,-30.0,MNI,t,6.35,67,AM > PM,Table II
25452777,25452773_C3,other,Cuneus,R,3.0,-84.0,39.0,MNI,t,9.4,84,AM > PM,Table II
25452777,25452773_C3,other,Supplementary motor area,R,9.0,21.0,45.0,MNI,t,6.42,95,AM > PM,Table II
25452777,25452773_C3,other,Inferior parietal gyrus,R,54.0,-54.0,42.0,MNI,t,5.21,89,AM > PM,Table II
25525442,contrast_real_vs_rest,verum_gt_rest,Calcarine gyrus,L,-1.5,-67.5,20.5,Talairach,t-value,5.54,419,increase,table
25525442,contrast_real_vs_rest,verum_gt_rest,Middle occipital gyrus*,R,34.5,-61.5,29.5,Talairach,t-value,5.39,85,increase,table
25525442,contrast_real_vs_rest,verum_gt_rest,Middle occipital gyrus,L,-28.5,-82.5,20.5,Talairach,t-value,4.53,21,increase,table
25525442,contrast_real_vs_rest,verum_gt_rest,Middle temporal gyrus,R,46.5,-70.5,5.5,Talairach,t-value,4.55,42,increase,table
25525442,contrast_real_vs_rest,verum_gt_rest,Middle temporal gyrus,L,-49.5,-58.5,14.5,Talairach,t-value,4.29,79,increase,table
25525442,contrast_real_vs_rest,verum_gt_rest,Inferior temporal gyrus,L,-43.5,-19.5,-15.5,Talairach,t-value,4.19,39,increase,table
25525442,contrast_real_vs_rest,verum_gt_rest,Inferior frontal gyrus,L,-40.5,22.5,-6.5,Talairach,t-value,4.77,74,increase,table
25525442,contrast_real_vs_rest,verum_gt_rest,Superior medial prefrontal gyrus,L,-4.5,58.5,2.5,Talairach,t-value,4.26,29,increase,table
25525442,contrast_real_vs_rest,verum_gt_rest,Anterior cingulate cortex,R,4.5,49.5,8.5,Talairach,t-value,3.35,17,increase,table
25525442,contrast_real_vs_rest,verum_gt_rest,Postcentral gyrus,L,-28.5,-31.5,47.5,Talairach,t-value,4.06,21,increase,table
25525442,contrast_real_vs_rest,verum_gt_rest,Caudate nucleus,L,-19.5,28.5,11.5,Talairach,t-value,3.88,37,increase,table
25525442,contrast_real_vs_rest,verum_gt_rest,Cerebellum (crus 2),L,-31.5,-67.5,-33.5,Talairach,t-value,4.34,41,increase,table
25525442,contrast_real_vs_rest,verum_gt_rest,Cerebellum (crus 2),R,22.5,-79.5,-27.5,Talairach,t-value,4.47,28,increase,table
25525442,contrast_real_vs_rest,verum_gt_rest,Cerebellum (VIII)*,R,7.5,-49.5,-54.5,Talairach,t-value,3.66,30,increase,table
25525442,contrast_sham_vs_rest,sham_gt_rest,Middle cingulate cortex,L,-1.5,4.5,32.5,Talairach,t-value,8.17,68,increase,table
25525442,contrast_sham_vs_rest,sham_gt_rest,Anterior cingulate cortex,L,-1.5,25.5,26.5,Talairach,t-value,6.23,28,increase,table
25525442,contrast_sham_vs_rest,sham_gt_rest,Insula*,R,25.5,-10.5,26.5,Talairach,t-value,6.84,19,increase,table
25525442,contrast_sham_vs_rest,sham_gt_rest,Angular gyrus,L,-40.5,-52.5,23.5,Talairach,t-value,4.82,17,increase,table
25525442,contrast_sham_vs_rest,sham_gt_rest,Caudate nucleus,R,22.5,4.5,20.5,Talairach,t-value,4.56,28,increase,table
25525442,contrast_sham_vs_rest,sham_gt_rest,Cerebellum (VIII)*,R,22.5,-61.5,-48.5,Talairach,t-value,5.36,31,increase,table
25525442,contrast_real_vs_sham,verum_gt_sham,Inferior frontal gyrus,L,-31.5,28.5,-12.5,Talairach,t-value,3.30,116,real > sham,table
25525442,contrast_real_vs_sham,verum_gt_sham,Superior medial prefrontal gyrus,R,4.5,61.5,-0.5,Talairach,t-value,3.18,32,real > sham,table
25525442,contrast_real_vs_sham,verum_gt_sham,Mid orbital gyrus,L,-1.5,37.5,-12.5,Talairach,t-value,2.68,27,real > sham,table
25525442,contrast_real_vs_sham,verum_gt_sham,Medial temporal pole,R,31.5,13.5,-33.5,Talairach,t-value,3.14,39,real > sham,table
25525442,contrast_real_vs_sham,verum_gt_sham,Parahippocampal gyrus,L,-28.5,-22.5,-18.5,Talairach,t-value,3.12,26,real > sham,table
25525442,contrast_real_vs_sham,verum_gt_sham,Precuneus,L,-1.5,-58.5,17.5,Talairach,t-value,3.53,68,real > sham,table
25525442,contrast_real_vs_sham,verum_gt_sham,Fusiform gyrus,L,-31.5,-10.5,-27.5,Talairach,t-value,3.08,76,real > sham,table
25525442,contrast_real_vs_sham,verum_gt_sham,Pallidum,L,-19.5,-1.5,5.5,Talairach,t-value,3.05,33,real > sham,table
25525442,contrast_real_vs_sham,verum_gt_sham,Middle occipital gyrus,L,-25.5,-88.5,17.5,Talairach,t-value,3.17,80,real > sham,table
25525442,32114310_SR_C1,sham_gt_rest,Middle cingulate cortex (L),midline,-1.5,4.5,32.5,TAL,t,8.17,68,activation,Table 2
25525442,32114310_SR_C1,sham_gt_rest,Anterior cingulate cortex (L),midline,-1.5,25.5,26.5,TAL,t,6.23,28,activation,Table 2
25525442,32114310_SR_C1,sham_gt_rest,Insula (R),R,25.5,-10.5,26.5,TAL,t,6.84,19,activation,Table 2
25525442,32114310_SR_C1,sham_gt_rest,Angular gyrus (L),L,-40.5,-52.5,23.5,TAL,t,4.82,17,activation,Table 2
25525442,32114310_SR_C1,sham_gt_rest,Caudate nucleus (R),R,22.5,4.5,20.5,TAL,t,4.56,28,activation,Table 2
25525442,32114310_SR_C1,sham_gt_rest,Cerebellum VIII (R),R,22.5,-61.5,-48.5,TAL,t,5.36,31,activation,Table 2
25741269,bold_main_st36,verum_gt_rest,Insula/SII,L,-36.0,-3.0,17.0,Talairach space,T-value,30.51,28431,positive,table
25741269,bold_main_st36,verum_gt_rest,Insula,R,36.0,-5.0,-2.0,Talairach space,T-value,28.78,21708,positive,table
25741269,bold_main_st36,verum_gt_rest,Precuneus,L,-20.0,-73.0,25.0,Talairach space,T-value,−21.57,12555,negative,table
25741269,bold_main_st36,verum_gt_rest,Middle temporal gyrus,R,30.0,-76.0,22.0,Talairach space,T-value,−20.61,11016,negative,table
25741269,bold_main_st36,verum_gt_rest,SII,R,55.0,-24.0,22.0,Talairach space,T-value,26.74,10908,positive,table
25741269,bold_main_st36,verum_gt_rest,Precuneus,R,11.0,-56.0,46.0,Talairach space,T-value,−17.50,9045,negative,table
25741269,bold_main_st36,verum_gt_rest,Precuneus,R,-3.0,-62.0,52.0,Talairach space,T-value,−20.18,7668,negative,table
25741269,bold_main_st36,verum_gt_rest,Superior frontal gyrus,L,-8.0,56.0,25.0,Talairach space,T-value,−15.54,5211,negative,table
25741269,bold_main_st36,verum_gt_rest,Parahippocampal gyrus,L,-28.0,-47.0,-7.0,Talairach space,T-value,−13.85,2835,negative,table
25741269,bold_main_st36,verum_gt_rest,SMA,L,-8.0,-3.0,38.0,Talairach space,T-value,17.73,2835,positive,table
25741269,bold_main_st36,verum_gt_rest,SMA,R,6.0,6.0,30.0,Talairach space,T-value,18.36,2673,positive,table
25741269,bold_main_st36,verum_gt_rest,Precentral gyrus,L,-36.0,-16.0,49.0,Talairach space,T-value,−12.48,1971,negative,table
25741269,bold_main_st36,verum_gt_rest,Inferior temporal gyrus,R,39.0,-70.0,1.0,Talairach space,T-value,−12.92,1917,negative,table
25741269,bold_main_st36,verum_gt_rest,Parahippocampal gyrus,R,30.0,-36.0,-7.0,Talairach space,T-value,−13.34,1485,negative,table
25741269,bold_main_st36,verum_gt_rest,Medial frontal gyrus,L,-6.0,25.0,-15.0,Talairach space,T-value,−12.88,1242,negative,table
25741269,bold_main_st36,verum_gt_rest,Inferior semi-lunar lobule,L,-17.0,-67.0,-36.0,Talairach space,T-value,14.25,1215,positive,table
25741269,bold_main_st36,verum_gt_rest,Middle temporal gyrus,L,-53.0,-62.0,6.0,Talairach space,T-value,14.47,1188,positive,table
25741269,bold_main_st36,verum_gt_rest,Inferior semi-lunar lobule,R,11.0,-67.0,-41.0,Talairach space,T-value,16.03,1134,positive,table
25741269,bold_main_st36,verum_gt_rest,Middle frontal gyrus,R,25.0,22.0,41.0,Talairach space,T-value,−12.63,1107,negative,table
25741269,bold_main_st36,verum_gt_rest,Paracentral Lobule,R,6.0,-30.0,68.0,Talairach space,T-value,−18.25,1026,negative,table
25741269,bold_main_st36,verum_gt_rest,Superior temporal gyrus,R,61.0,-21.0,1.0,Talairach space,T-value,−14.97,864,negative,table
25741269,bold_main_st36,verum_gt_rest,Precentral gyrus,R,25.0,-21.0,60.0,Talairach space,T-value,−15.75,837,negative,table
25741269,bold_main_st36,verum_gt_rest,Medial frontal gyrus,R,11.0,31.0,-15.0,Talairach space,T-value,−12.41,567,negative,table
25741269,bold_main_st36,verum_gt_rest,Medial frontal gyrus,R,6.0,53.0,6.0,Talairach space,T-value,−12.86,513,negative,table
25741269,bold_main_st36,verum_gt_rest,Middle temporal gyrus,L,-53.0,3.0,-18.0,Talairach space,T-value,−13.52,486,negative,table
25741269,bold_main_st36,verum_gt_rest,Lingual gyrus,L,-22.0,-67.0,1.0,Talairach space,T-value,−11.45,486,negative,table
25741269,bold_main_st36,verum_gt_rest,Thalamus,L,-11.0,-36.0,9.0,Talairach space,T-value,−12.22,486,negative,table
25741269,bold_main_st36,verum_gt_rest,Supramarginal gyrus,R,50.0,-53.0,25.0,Talairach space,T-value,−11.33,432,negative,table
25741269,bold_main_st36,verum_gt_rest,Middle frontal gyrus,R,39.0,0.0,46.0,Talairach space,T-value,11.88,432,positive,table
25741269,bold_main_st36,verum_gt_rest,Superior frontal gyrus,L,-25.0,28.0,49.0,Talairach space,T-value,−12.64,405,negative,table
25741269,bold_main_st36,verum_gt_rest,Precentral gyrus,R,17.0,-19.0,68.0,Talairach space,T-value,−13.95,405,negative,table
25741269,bold_main_st36,verum_gt_rest,Postcentral gyrus,L,-17.0,-44.0,68.0,Talairach space,T-value,12.27,378,positive,table
25741269,bold_main_st36,verum_gt_rest,Inferior frontal gyrus,R,41.0,42.0,4.0,Talairach space,T-value,12.34,351,positive,table
25741269,bold_main_st36,verum_gt_rest,Cerebellar Tonsil,L,-31.0,-59.0,-41.0,Talairach space,T-value,13.77,324,positive,table
25741269,bold_main_st36,verum_gt_rest,Cerebellar Tonsil,R,3.0,-53.0,-38.0,Talairach space,T-value,−11.22,297,negative,table
25741269,bold_main_st36,verum_gt_rest,Pyramis,R,44.0,-64.0,-31.0,Talairach space,T-value,−10.85,297,negative,table
25741269,bold_main_st36,verum_gt_rest,Middle temporal gyrus,R,44.0,-56.0,4.0,Talairach space,T-value,10.72,297,positive,table
25741269,bold_main_st36,verum_gt_rest,Precuneus,R,25.0,-53.0,54.0,Talairach space,T-value,−14.91,270,negative,table
25741269,bold_main_st36,verum_gt_rest,Middle temporal gyrus,R,58.0,-5.0,-12.0,Talairach space,T-value,−11.66,243,negative,table
25741269,bold_main_st36,verum_gt_rest,Superior temporal gyrus,L,-59.0,-24.0,1.0,Talairach space,T-value,−11.00,243,negative,table
25741269,bold_main_st36,verum_gt_rest,Lingual gyrus,R,14.0,-88.0,-10.0,Talairach space,T-value,−10.40,216,negative,table
25741269,bold_main_st36,verum_gt_rest,Middle temporal gyrus,R,61.0,-11.0,-12.0,Talairach space,T-value,−10.39,189,negative,table
25741269,bold_main_st36,verum_gt_rest,Thalamus,R,6.0,-16.0,9.0,Talairach space,T-value,11.49,189,positive,table
25741269,bold_main_st36,verum_gt_rest,Superior temporal gyrus,R,44.0,8.0,-10.0,Talairach space,T-value,11.23,162,positive,table
25741269,bold_main_st36,verum_gt_rest,Middle occipital gyrus,L,-34.0,-70.0,1.0,Talairach space,T-value,−10.70,162,negative,table
25741269,bold_main_st36,verum_gt_rest,Superior frontal gyrus,R,17.0,48.0,38.0,Talairach space,T-value,−12.31,162,negative,table
25741269,bold_main_st36,verum_gt_rest,Superior frontal gyrus,R,8.0,3.0,65.0,Talairach space,T-value,10.72,162,positive,table
25741269,bold_main_st36,verum_gt_rest,Caudate,R,0.0,14.0,1.0,Talairach space,T-value,−12.13,108,negative,table
25741269,bold_main_st36,verum_gt_rest,Postcentral gyrus,R,61.0,-19.0,20.0,Talairach space,T-value,14.42,108,positive,table
25741269,bold_main_st36,verum_gt_rest,Anterior cingulate,R,6.0,25.0,22.0,Talairach space,T-value,10.15,108,positive,table
25741269,bold_main_st36,verum_gt_rest,Precuneus,L,-17.0,-70.0,46.0,Talairach space,T-value,−10.86,108,negative,table
25741269,bold_main_st36,verum_gt_rest,Precuneus,L,-22.0,-56.0,49.0,Talairach space,T-value,−10.01,108,negative,table
25741269,bold_main_cp1,sham_gt_rest,Insula,R,36.0,0.0,-7.0,Talairach space,T-value,22.48,8613,positive,table
25741269,bold_main_cp1,sham_gt_rest,Insula,L,-34.0,-8.0,4.0,Talairach space,T-value,16.14,7020,positive,table
25741269,bold_main_cp1,sham_gt_rest,SII,R,55.0,-19.0,25.0,Talairach space,T-value,17.84,6264,positive,table
25741269,bold_main_cp1,sham_gt_rest,SII,L,-48.0,-19.0,20.0,Talairach space,T-value,15.99,4428,positive,table
25741269,bold_main_cp1,sham_gt_rest,Parahippocampal gyrus,L,-25.0,-38.0,-2.0,Talairach space,T-value,−15.45,2160,negative,table
25741269,bold_main_cp1,sham_gt_rest,Postcentral gyrus,R,33.0,-21.0,46.0,Talairach space,T-value,−13.00,1323,negative,table
25741269,bold_main_cp1,sham_gt_rest,Inferior semi-lunar lobule,L,-11.0,-67.0,-41.0,Talairach space,T-value,14.62,1134,positive,table
25741269,bold_main_cp1,sham_gt_rest,Precuneus,L,-22.0,-76.0,38.0,Talairach space,T-value,−11.76,729,negative,table
25741269,bold_main_cp1,sham_gt_rest,Precentral gyrus,R,19.0,-16.0,68.0,Talairach space,T-value,−12.98,540,negative,table
25741269,bold_main_cp1,sham_gt_rest,Parahippocampal gyrus,L,-28.0,-19.0,-15.0,Talairach space,T-value,−10.91,432,negative,table
25741269,bold_main_cp1,sham_gt_rest,Middle temporal gyrus,L,-56.0,-21.0,-4.0,Talairach space,T-value,−11.23,432,negative,table
25741269,bold_main_cp1,sham_gt_rest,Angular gyrus,L,-39.0,-56.0,36.0,Talairach space,T-value,−11.06,405,negative,table
25741269,bold_main_cp1,sham_gt_rest,Paracentral Lobule,R,6.0,-33.0,62.0,Talairach space,T-value,−11.85,405,negative,table
25741269,bold_main_cp1,sham_gt_rest,Parahippocampal gyrus,R,33.0,-38.0,-2.0,Talairach space,T-value,−16.07,378,negative,table
25741269,bold_main_cp1,sham_gt_rest,Superior frontal gyrus,L,-20.0,53.0,20.0,Talairach space,T-value,−10.36,324,negative,table
25741269,bold_main_cp1,sham_gt_rest,Posterior cingulate,L,-8.0,-56.0,20.0,Talairach space,T-value,−10.44,270,negative,table
25741269,bold_main_cp1,sham_gt_rest,Superior frontal gyrus,L,-14.0,31.0,49.0,Talairach space,T-value,−10.93,243,negative,table
25741269,bold_main_cp1,sham_gt_rest,Medial frontal gyrus,L,-6.0,48.0,41.0,Talairach space,T-value,−10.97,216,negative,table
25741269,bold_main_cp1,sham_gt_rest,Precuneus,L,-25.0,-53.0,49.0,Talairach space,T-value,−10.66,216,negative,table
25741269,bold_main_cp1,sham_gt_rest,Superior Parietal Lobule,R,28.0,-62.0,52.0,Talairach space,T-value,−11.23,189,negative,table
25741269,bold_main_cp1,sham_gt_rest,Posterior Cingulate,R,8.0,-53.0,14.0,Talairach space,T-value,−9.83,162,negative,table
25741269,bold_main_cp1,sham_gt_rest,Cingulate gyrus,R,3.0,3.0,30.0,Talairach space,T-value,10.79,162,positive,table
25741269,bold_main_cp1,sham_gt_rest,Parahippocampal gyrus,R,25.0,-36.0,-12.0,Talairach space,T-value,−10.19,135,negative,table
25741269,bold_main_cp1,sham_gt_rest,Middle occipital gyrus,R,36.0,-70.0,9.0,Talairach space,T-value,−9.99,135,negative,table
25741269,bold_main_cp1,sham_gt_rest,Precuneus,R,30.0,-73.0,33.0,Talairach space,T-value,−10.66,135,negative,table
25741269,bold_main_cp1,sham_gt_rest,Culmen,L,-6.0,-47.0,-10.0,Talairach space,T-value,−10.97,108,negative,table
25741269,bold_main_cp1,sham_gt_rest,Middle temporal gyrus,R,30.0,-64.0,28.0,Talairach space,T-value,−10.02,108,negative,table
25741269,bold_main_cp1,sham_gt_rest,Precentral gyrus,R,44.0,-11.0,49.0,Talairach space,T-value,−11.41,108,negative,table
25741269,bold_main_cp2,sham_gt_rest,SII/Insula,L,-50.0,-19.0,22.0,Talairach space,T-value,20.91,22491,positive,table
25741269,bold_main_cp2,sham_gt_rest,Insula/SII,R,33.0,20.0,-2.0,Talairach space,T-value,21.03,8559,positive,table
25741269,bold_main_cp2,sham_gt_rest,Middle occipital gyrus,R,36.0,-67.0,1.0,Talairach space,T-value,−14.44,8019,negative,table
25741269,bold_main_cp2,sham_gt_rest,Postcentral gyrus,R,58.0,-21.0,38.0,Talairach space,T-value,17.67,7182,positive,table
25741269,bold_main_cp2,sham_gt_rest,Precuneus,L,-28.0,-79.0,36.0,Talairach space,T-value,−11.90,1998,negative,table
25741269,bold_main_cp2,sham_gt_rest,Inferior semi-lunar lobule,L,-14.0,-67.0,-38.0,Talairach space,T-value,16.18,972,positive,table
25741269,bold_main_cp2,sham_gt_rest,Superior frontal gyrus,L,-8.0,50.0,33.0,Talairach space,T-value,−12.76,810,negative,table
25741269,bold_main_cp2,sham_gt_rest,Middle temporal gyrus,R,41.0,-56.0,25.0,Talairach space,T-value,−12.81,756,negative,table
25741269,bold_main_cp2,sham_gt_rest,Superior frontal gyrus,L,-25.0,28.0,49.0,Talairach space,T-value,−11.26,729,negative,table
25741269,bold_main_cp2,sham_gt_rest,Parahippocampal gyrus,L,-25.0,-30.0,-7.0,Talairach space,T-value,−12.50,594,negative,table
25741269,bold_main_cp2,sham_gt_rest,Cingulate gyrus,L,-6.0,-16.0,30.0,Talairach space,T-value,12.30,567,positive,table
25741269,bold_main_cp2,sham_gt_rest,Medial frontal gyrus,R,6.0,14.0,44.0,Talairach space,T-value,11.15,567,positive,table
25741269,bold_main_cp2,sham_gt_rest,Middle temporal gyrus,R,52.0,-8.0,-12.0,Talairach space,T-value,−11.80,513,negative,table
25741269,bold_main_cp2,sham_gt_rest,Medial frontal gyrus,L,-6.0,56.0,6.0,Talairach space,T-value,−11.43,405,negative,table
25741269,bold_main_cp2,sham_gt_rest,Anterior cingulate,R,6.0,25.0,22.0,Talairach space,T-value,11.90,378,positive,table
25741269,bold_main_cp2,sham_gt_rest,Cuneus,R,30.0,-73.0,28.0,Talairach space,T-value,−10.74,378,negative,table
25741269,bold_main_cp2,sham_gt_rest,Paracentral lobule,R,6.0,-33.0,60.0,Talairach space,T-value,−13.62,324,negative,table
25741269,bold_main_cp2,sham_gt_rest,Precuneus,R,25.0,-67.0,20.0,Talairach space,T-value,−12.91,243,negative,table
25741269,bold_main_cp2,sham_gt_rest,Middle frontal gyrus,R,25.0,17.0,46.0,Talairach space,T-value,−11.13,243,negative,table
25741269,bold_main_cp2,sham_gt_rest,Cingulate gyrus,R,6.0,-16.0,30.0,Talairach space,T-value,11.10,216,positive,table
25741269,bold_main_cp2,sham_gt_rest,Cingulate gyrus,R,6.0,11.0,28.0,Talairach space,T-value,9.89,216,positive,table
25741269,bold_main_cp2,sham_gt_rest,Cingulate gyrus,L,-3.0,0.0,38.0,Talairach space,T-value,10.35,216,positive,table
25741269,bold_main_cp2,sham_gt_rest,Parahippocampal gyrus,R,28.0,-11.0,-15.0,Talairach space,T-value,−11.96,189,negative,table
25741269,bold_main_cp2,sham_gt_rest,Middle frontal gyrus,L,-31.0,20.0,38.0,Talairach space,T-value,−11.38,189,negative,table
25741269,bold_main_cp2,sham_gt_rest,Postcentral gyrus,R,22.0,-24.0,49.0,Talairach space,T-value,−10.99,162,negative,table
25741269,bold_main_cp2,sham_gt_rest,Declive,R,17.0,-67.0,-15.0,Talairach space,T-value,10.20,135,positive,table
25741269,bold_main_cp2,sham_gt_rest,Precentral gyrus,R,14.0,-24.0,68.0,Talairach space,T-value,−11.34,135,negative,table
25741269,bold_main_cp2,sham_gt_rest,Putamen,L,-25.0,8.0,-7.0,Talairach space,T-value,16.29,108,positive,table
25741269,bold_main_cp2,sham_gt_rest,Caudate,R,8.0,6.0,12.0,Talairach space,T-value,10.29,108,positive,table
25741269,bold_interpoint_st36_cp1,verum_gt_sham,Insula,R,47.0,8.0,14.0,Talairach space,T-value,9.42,7020,positive,table
25741269,bold_interpoint_st36_cp1,verum_gt_sham,SII,L,-53.0,-16.0,20.0,Talairach space,T-value,8.68,6777,positive,table
25741269,bold_interpoint_st36_cp1,verum_gt_sham,SII,R,58.0,-21.0,25.0,Talairach space,T-value,7.64,3294,positive,table
25741269,bold_interpoint_st36_cp1,verum_gt_sham,Angular gyrus,L,-36.0,-73.0,33.0,Talairach space,T-value,−7.59,2322,negative,table
25741269,bold_interpoint_st36_cp1,verum_gt_sham,Insula,L,-34.0,0.0,-2.0,Talairach space,T-value,8.70,2214,positive,table
25741269,bold_interpoint_st36_cp1,verum_gt_sham,Medial frontal gyrus,R,6.0,50.0,9.0,Talairach space,T-value,−7.67,1755,negative,table
25741269,bold_interpoint_st36_cp1,verum_gt_sham,Medial frontal gyrus,L,-6.0,50.0,20.0,Talairach space,T-value,−7.10,1701,negative,table
25741269,bold_interpoint_st36_cp1,verum_gt_sham,Precuneus,R,8.0,-53.0,44.0,Talairach space,T-value,−8.26,1404,negative,table
25741269,bold_interpoint_st36_cp1,verum_gt_sham,Angular gyrus,R,47.0,-64.0,33.0,Talairach space,T-value,−6.42,1350,negative,table
25741269,bold_interpoint_st36_cp1,verum_gt_sham,Insula,L,-34.0,-3.0,12.0,Talairach space,T-value,7.12,1323,positive,table
25741269,bold_interpoint_st36_cp1,verum_gt_sham,Posterior cingulate,R,11.0,-50.0,25.0,Talairach space,T-value,−6.44,1269,negative,table
25741269,bold_interpoint_st36_cp1,verum_gt_sham,Middle temporal gyrus,L,-39.0,-59.0,12.0,Talairach space,T-value,7.06,1026,positive,table
25741269,bold_interpoint_st36_cp2,verum_gt_sham,Insula,R,36.0,0.0,1.0,Talairach space,T-value,11.15,11232,positive,table
25741269,bold_interpoint_st36_cp2,verum_gt_sham,Middle temporal gyrus,R,47.0,-53.0,-4.0,Talairach space,T-value,9.78,7641,positive,table
25741269,bold_interpoint_st36_cp2,verum_gt_sham,Cuneus,L,-3.0,-93.0,12.0,Talairach space,T-value,−9.68,5616,negative,table
25741269,bold_interpoint_st36_cp2,verum_gt_sham,SII,R,61.0,-30.0,25.0,Talairach space,T-value,9.27,5022,positive,table
25741269,bold_interpoint_st36_cp2,verum_gt_sham,Superior frontal gyrus,L,-22.0,50.0,25.0,Talairach space,T-value,−7.96,4536,negative,table
25741269,bold_interpoint_st36_cp2,verum_gt_sham,Superior temporal gyrus,L,-48.0,-13.0,1.0,Talairach space,T-value,−9.01,3699,negative,table
25741269,bold_interpoint_st36_cp2,verum_gt_sham,Precuneus,R,8.0,-56.0,44.0,Talairach space,T-value,−8.23,2646,negative,table
25741269,bold_interpoint_st36_cp2,verum_gt_sham,Middle temporal gyrus,L,-42.0,-56.0,1.0,Talairach space,T-value,9.08,2565,positive,table
25741269,bold_interpoint_st36_cp2,verum_gt_sham,Middle temporal gyrus,L,-39.0,3.0,-28.0,Talairach space,T-value,−7.42,2025,negative,table
25741269,bold_interpoint_st36_cp2,verum_gt_sham,Inferior Parietal Lobule,L,-56.0,-30.0,38.0,Talairach space,T-value,7.72,1998,positive,table
25741269,bold_interpoint_st36_cp2,verum_gt_sham,Cerebellar Tonsil,L,-42.0,-64.0,-28.0,Talairach space,T-value,−6.85,1944,negative,table
25741269,bold_interpoint_st36_cp2,verum_gt_sham,Inferior semi-lunar lobule,R,11.0,-64.0,-38.0,Talairach space,T-value,8.77,1431,positive,table
25741269,bold_interpoint_st36_cp2,verum_gt_sham,Precentral gyrus,L,-48.0,-11.0,30.0,Talairach space,T-value,−6.62,1404,negative,table
25741269,bold_interpoint_st36_cp2,verum_gt_sham,Middle temporal gyrus,R,61.0,-27.0,-10.0,Talairach space,T-value,−6.95,1377,negative,table
25741269,bold_interpoint_st36_cp2,verum_gt_sham,Precuneus,L,-3.0,-59.0,46.0,Talairach space,T-value,−6.47,1296,negative,table
25741269,bold_interpoint_st36_cp2,verum_gt_sham,Inferior frontal gyrus,L,-50.0,8.0,33.0,Talairach space,T-value,9.70,1269,positive,table
25741269,bold_interpoint_st36_cp2,verum_gt_sham,Superior frontal gyrus,R,11.0,62.0,22.0,Talairach space,T-value,−6.85,1242,negative,table
25741269,bold_interpoint_st36_cp2,verum_gt_sham,Culmen,R,17.0,-30.0,-18.0,Talairach space,T-value,8.92,1188,positive,table
25741269,bold_interpoint_st36_cp2,verum_gt_sham,Posterior cingulate,L,-8.0,-41.0,12.0,Talairach space,T-value,−8.67,1134,negative,table
25741269,bold_interpoint_st36_cp2,verum_gt_sham,Medial frontal gyrus,L,-11.0,39.0,14.0,Talairach space,T-value,−7.25,972,negative,table
25741269,bold_interpoint_st36_cp2,verum_gt_sham,Cerebellar Tonsil,L,-6.0,-50.0,-44.0,Talairach space,T-value,−6.59,837,negative,table
25741269,bold_interpoint_st36_cp2,verum_gt_sham,Declive,R,28.0,-76.0,-20.0,Talairach space,T-value,−5.81,837,negative,table
25741269,bold_interpoint_st36_cp2,verum_gt_sham,Insula,L,-39.0,3.0,1.0,Talairach space,T-value,6.89,837,positive,table
25741269,bold_interpoint_st36_cp2,verum_gt_sham,Precentral gyrus,L,-39.0,20.0,36.0,Talairach space,T-value,−6.48,810,negative,table
25741269,bold_interpoint_cp1_cp2,other,Middle temporal gyrus,R,44.0,-47.0,-2.0,Talairach space,T-value,8.74,3861,positive,table
25741269,bold_interpoint_cp1_cp2,other,Superior temporal gyrus,L,-48.0,-21.0,1.0,Talairach space,T-value,−6.88,1917,negative,table
25741269,bold_interpoint_cp1_cp2,other,Inferior frontal gyrus,L,-31.0,20.0,-2.0,Talairach space,T-value,−7.41,1890,negative,table
25741269,bold_interpoint_cp1_cp2,other,Superior frontal gyrus,L,-14.0,17.0,52.0,Talairach space,T-value,−7.29,1539,negative,table
25741269,bold_interpoint_cp1_cp2,other,Middle temporal gyrus,L,-48.0,-53.0,-2.0,Talairach space,T-value,9.16,1485,positive,table
25741269,bold_interpoint_cp1_cp2,other,Parahippocampal gyrus,R,39.0,-21.0,-15.0,Talairach space,T-value,8.37,1323,positive,table
25741269,bold_interpoint_cp1_cp2,other,Tuber,L,-42.0,-67.0,-25.0,Talairach space,T-value,−7.66,1134,negative,table
25741269,bold_interpoint_cp1_cp2,other,Parahippocampal gyrus,R,36.0,-33.0,-10.0,Talairach space,T-value,6.79,918,positive,table
25741269,fc_group_rs_st36,verum_gt_rest,SII,L,-50.0,-19.0,22.0,Talairach space,T-value,66.37,66285,positive,table
25741269,fc_group_rs_st36,verum_gt_rest,SII,R,58.0,-19.0,25.0,Talairach space,T-value,28.07,43983,positive,table
25741269,fc_group_rs_st36,verum_gt_rest,Inferior semi-lunar lobule,L,-17.0,-62.0,-41.0,Talairach space,T-value,24.14,10854,positive,table
25741269,fc_group_rs_st36,verum_gt_rest,Medial frontal gyrus/SMA,R,11.0,-5.0,62.0,Talairach space,T-value,17.59,7425,positive,table
25741269,fc_group_rs_st36,verum_gt_rest,Culmen,R,14.0,-47.0,-12.0,Talairach space,T-value,16.94,5211,positive,table
25741269,fc_group_rs_st36,verum_gt_rest,Middle temporal gyrus,L,-48.0,-64.0,9.0,Talairach space,T-value,15.56,4158,positive,table
25741269,fc_group_rs_st36,verum_gt_rest,Middle temporal gyrus,R,52.0,-59.0,6.0,Talairach space,T-value,17.26,2538,positive,table
25741269,fc_group_rs_st36,verum_gt_rest,Precuneus,L,-39.0,-67.0,36.0,Talairach space,T-value,−14.47,1998,negative,table
25741269,fc_group_rs_st36,verum_gt_rest,Precuneus,L,-14.0,-44.0,33.0,Talairach space,T-value,−12.90,1107,negative,table
25741269,fc_group_rs_st36,verum_gt_rest,Cingulate gyrus,R,11.0,-21.0,41.0,Talairach space,T-value,12.54,1107,positive,table
25741269,fc_group_rs_st36,verum_gt_rest,Precuneus,R,14.0,-47.0,57.0,Talairach space,T-value,13.11,1080,positive,table
25741269,fc_group_rs_st36,verum_gt_rest,Inferior Parietal Lobule,R,44.0,-59.0,38.0,Talairach space,T-value,−14.94,1026,negative,table
25741269,fc_group_rs_st36,verum_gt_rest,Culmen,L,-17.0,-50.0,-18.0,Talairach space,T-value,11.93,648,positive,table
25741269,fc_group_rs_st36,verum_gt_rest,Superior frontal gyrus,L,-14.0,45.0,36.0,Talairach space,T-value,−11.76,432,negative,table
25741269,fc_group_rs_st36,verum_gt_rest,Fusiform gyrus,L,-42.0,-44.0,-12.0,Talairach space,T-value,11.39,297,positive,table
25741269,fc_group_rs_st36,verum_gt_rest,Parahippocampal gyrus,L,-34.0,-59.0,-4.0,Talairach space,T-value,10.10,243,positive,table
25741269,fc_group_rs_st36,verum_gt_rest,Middle frontal gyrus,L,-20.0,22.0,54.0,Talairach space,T-value,−11.11,243,negative,table
25741269,fc_group_rs_st36,verum_gt_rest,Middle frontal gyrus,R,19.0,-16.0,60.0,Talairach space,T-value,14.61,243,positive,table
25741269,fc_group_rs_st36,verum_gt_rest,Anterior cingulate,R,6.0,36.0,25.0,Talairach space,T-value,−10.89,216,negative,table
25741269,fc_group_rs_st36,verum_gt_rest,Fusiform gyrus,L,-39.0,-21.0,-23.0,Talairach space,T-value,11.49,162,positive,table
25741269,fc_group_rs_st36,verum_gt_rest,Middle temporal gyrus,R,41.0,-62.0,17.0,Talairach space,T-value,9.90,162,positive,table
25741269,fc_group_rs_st36,verum_gt_rest,Postcentral gyrus,R,28.0,-36.0,60.0,Talairach space,T-value,10.55,162,positive,table
25741269,fc_group_rs_st36,verum_gt_rest,Declive,L,-22.0,-59.0,-15.0,Talairach space,T-value,9.99,135,positive,table
25741269,fc_group_rs_st36,verum_gt_rest,Precentral gyrus,L,-14.0,-21.0,68.0,Talairach space,T-value,13.06,135,positive,table
25741269,fc_group_rs_st36,verum_gt_rest,Fusiform gyrus,R,41.0,-41.0,-12.0,Talairach space,T-value,10.22,108,positive,table
25741269,fc_group_rs_st36,verum_gt_rest,Postcentral gyrus,R,44.0,-24.0,54.0,Talairach space,T-value,11.69,108,positive,table
25741269,fc_group_rs_st36,verum_gt_rest,Postcentral gyrus,L,-42.0,-27.0,54.0,Talairach space,T-value,11.42,108,positive,table
25741269,fc_group_rs_cp1,sham_gt_rest,SII,L,-50.0,-19.0,20.0,Talairach space,T-value,83.81,71010,positive,table
25741269,fc_group_rs_cp1,sham_gt_rest,SII,R,50.0,-16.0,14.0,Talairach space,T-value,28.31,47142,positive,table
25741269,fc_group_rs_cp1,sham_gt_rest,Medial frontal gyrus / SMA,R,6.0,6.0,44.0,Talairach space,T-value,29.27,9153,positive,table
25741269,fc_group_rs_cp1,sham_gt_rest,Inferior semi-lunar lobule,L,-14.0,-62.0,-44.0,Talairach space,T-value,18.80,3672,positive,table
25741269,fc_group_rs_cp1,sham_gt_rest,Inferior semi-lunar lobule,R,11.0,-64.0,-44.0,Talairach space,T-value,14.60,2970,positive,table
25741269,fc_group_rs_cp1,sham_gt_rest,Precuneus,L,-31.0,-73.0,38.0,Talairach space,T-value,−16.54,2484,negative,table
25741269,fc_group_rs_cp1,sham_gt_rest,Inferior Parietal Lobule,R,41.0,-59.0,41.0,Talairach space,T-value,−11.78,2376,negative,table
25741269,fc_group_rs_cp1,sham_gt_rest,Culmen,R,19.0,-53.0,-18.0,Talairach space,T-value,14.49,1944,positive,table
25741269,fc_group_rs_cp1,sham_gt_rest,Middle temporal gyrus,L,-45.0,-53.0,6.0,Talairach space,T-value,13.05,1944,positive,table
25741269,fc_group_rs_cp1,sham_gt_rest,Culmen,L,-17.0,-56.0,-18.0,Talairach space,T-value,14.46,1836,positive,table
25741269,fc_group_rs_cp1,sham_gt_rest,Middle temporal gyrus,R,50.0,-53.0,4.0,Talairach space,T-value,12.99,1782,positive,table
25741269,fc_group_rs_cp1,sham_gt_rest,Postcentral gyrus,R,19.0,-36.0,60.0,Talairach space,T-value,18.09,1674,positive,table
25741269,fc_group_rs_cp1,sham_gt_rest,Cingulate gyrus,R,14.0,-24.0,41.0,Talairach space,T-value,12.75,999,positive,table
25741269,fc_group_rs_cp1,sham_gt_rest,Middle frontal gyrus,R,39.0,25.0,38.0,Talairach space,T-value,−13.82,972,negative,table
25741269,fc_group_rs_cp1,sham_gt_rest,Culmen,L,-22.0,-44.0,-23.0,Talairach space,T-value,12.08,324,positive,table
25741269,fc_group_rs_cp1,sham_gt_rest,Parahippocampal gyrus,R,30.0,-30.0,-7.0,Talairach space,T-value,−13.15,270,negative,table
25741269,fc_group_rs_cp1,sham_gt_rest,Middle frontal gyrus,R,47.0,31.0,17.0,Talairach space,T-value,−10.71,216,negative,table
25741269,fc_group_rs_cp1,sham_gt_rest,Middle frontal gyrus,L,-31.0,17.0,54.0,Talairach space,T-value,−14.02,189,negative,table
25741269,fc_group_rs_cp1,sham_gt_rest,Precuneus,R,33.0,-73.0,33.0,Talairach space,T-value,−10.46,162,negative,table
25741269,fc_group_rs_cp1,sham_gt_rest,Postcentral gyrus,L,-42.0,-27.0,54.0,Talairach space,T-value,15.10,162,positive,table
25741269,fc_group_rs_cp1,sham_gt_rest,Inferior frontal gyrus,R,28.0,28.0,-2.0,Talairach space,T-value,11.21,135,positive,table
25741269,fc_group_rs_cp1,sham_gt_rest,Middle frontal gyrus,R,25.0,48.0,-10.0,Talairach space,T-value,13.20,108,positive,table
25741269,fc_group_rs_cp1,sham_gt_rest,Middle temporal gyrus,L,-56.0,-56.0,9.0,Talairach space,T-value,10.50,108,positive,table
25741269,fc_group_rs_cp1,sham_gt_rest,Precuneus,L,-6.0,-59.0,30.0,Talairach space,T-value,−9.79,108,negative,table
25741269,fc_group_rs_cp1,sham_gt_rest,Superior frontal gyrus,R,17.0,22.0,46.0,Talairach space,T-value,−9.76,108,negative,table
25741269,fc_group_rs_cp1,sham_gt_rest,Postcentral gyrus,R,28.0,-33.0,57.0,Talairach space,T-value,11.33,108,positive,table
25741269,fc_group_rs_cp2,sham_gt_rest,SII,L,-50.0,-19.0,20.0,Talairach space,T-value,79.22,56430,positive,table
25741269,fc_group_rs_cp2,sham_gt_rest,SII,R,58.0,-19.0,22.0,Talairach space,T-value,35.20,47061,positive,table
25741269,fc_group_rs_cp2,sham_gt_rest,SMA,L,-3.0,3.0,41.0,Talairach space,T-value,24.16,11718,positive,table
25741269,fc_group_rs_cp2,sham_gt_rest,SMA,R,6.0,6.0,44.0,Talairach space,T-value,22.23,5940,positive,table
25741269,fc_group_rs_cp2,sham_gt_rest,Inferior semi-lunar lobule,R,14.0,-64.0,-44.0,Talairach space,T-value,17.17,3078,positive,table
25741269,fc_group_rs_cp2,sham_gt_rest,Middle temporal gyrus,L,-45.0,-53.0,9.0,Talairach space,T-value,14.47,2079,positive,table
25741269,fc_group_rs_cp2,sham_gt_rest,Fusiform gyrus,L,-39.0,-47.0,-15.0,Talairach space,T-value,22.08,1971,positive,table
25741269,fc_group_rs_cp2,sham_gt_rest,Fusiform gyrus,R,41.0,-38.0,-12.0,Talairach space,T-value,16.87,1593,positive,table
25741269,fc_group_rs_cp2,sham_gt_rest,Cerebellar Tonsil,L,-25.0,-53.0,-46.0,Talairach space,T-value,14.16,1431,positive,table
25741269,fc_group_rs_cp2,sham_gt_rest,Parahippocampal gyrus,R,19.0,0.0,-12.0,Talairach space,T-value,20.29,756,positive,table
25741269,fc_group_rs_cp2,sham_gt_rest,Postcentral gyrus,R,22.0,-38.0,57.0,Talairach space,T-value,11.41,756,positive,table
25741269,fc_group_rs_cp2,sham_gt_rest,Cingulate gyrus,R,11.0,-21.0,41.0,Talairach space,T-value,14.04,540,positive,table
25741269,fc_group_rs_cp2,sham_gt_rest,Inferior semi-lunar lobule,L,-11.0,-64.0,-44.0,Talairach space,T-value,15.10,432,positive,table
25741269,fc_group_rs_cp2,sham_gt_rest,Paracentral Lobule,L,-8.0,-27.0,44.0,Talairach space,T-value,14.41,405,positive,table
25741269,fc_group_rs_cp2,sham_gt_rest,Middle occipital gyrus,R,47.0,-64.0,-7.0,Talairach space,T-value,11.02,324,positive,table
25741269,fc_group_rs_cp2,sham_gt_rest,Middle temporal gyrus,L,-31.0,0.0,-33.0,Talairach space,T-value,10.74,243,positive,table
25741269,fc_group_rs_cp2,sham_gt_rest,Parahippocampal gyrus,L,-39.0,-24.0,-15.0,Talairach space,T-value,12.39,189,positive,table
25741269,fc_group_rs_cp2,sham_gt_rest,Culmen,R,33.0,-38.0,-25.0,Talairach space,T-value,10.67,162,positive,table
25741269,fc_group_rs_cp2,sham_gt_rest,Middle frontal gyrus,L,-31.0,39.0,14.0,Talairach space,T-value,10.72,135,positive,table
25741269,fc_group_rs_cp2,sham_gt_rest,Caudate,R,14.0,11.0,17.0,Talairach space,T-value,−11.89,135,negative,table
25741269,fc_group_rs_cp2,sham_gt_rest,Superior frontal gyrus,L,-17.0,-3.0,68.0,Talairach space,T-value,10.80,135,positive,table
25741269,fc_group_rs_cp2,sham_gt_rest,Fusiform gyrus,L,-36.0,-59.0,-12.0,Talairach space,T-value,10.10,108,positive,table
25741269,fc_group_rs_b,other,SII,L,-50.0,-19.0,22.0,Talairach space,T-value,52.90,61398,positive,table
25741269,fc_group_rs_b,other,SII,R,44.0,-19.0,22.0,Talairach space,T-value,22.59,59967,positive,table
25741269,fc_group_rs_b,other,Cerebellar Tonsil,R,14.0,-59.0,-41.0,Talairach space,T-value,19.38,4752,positive,table
25741269,fc_group_rs_b,other,Inferior semi-lunar lobule,L,-17.0,-62.0,-38.0,Talairach space,T-value,13.82,2673,positive,table
25741269,fc_group_rs_b,other,Culmen,L,-28.0,-47.0,-23.0,Talairach space,T-value,13.74,2079,positive,table
25741269,fc_group_rs_b,other,Declive,R,19.0,-62.0,-12.0,Talairach space,T-value,13.86,1485,positive,table
25741269,fc_group_rs_b,other,Middle temporal gyrus,L,-50.0,-67.0,9.0,Talairach space,T-value,10.89,1323,positive,table
25741269,fc_group_rs_b,other,Middle temporal gyrus,R,52.0,-59.0,1.0,Talairach space,T-value,12.30,1242,positive,table
25741269,fc_group_rs_b,other,Paracentral Lobule,L,-6.0,-33.0,57.0,Talairach space,T-value,14.58,702,positive,table
25741269,fc_group_rs_b,other,Angular gyrus,L,-39.0,-62.0,33.0,Talairach space,T-value,−10.96,594,negative,table
25741269,fc_group_rs_b,other,Cerebellar Tonsil,L,-28.0,-44.0,-41.0,Talairach space,T-value,11.29,432,positive,table
25741269,fc_group_rs_b,other,Cingulate gyrus,R,17.0,-41.0,33.0,Talairach space,T-value,−11.05,432,negative,table
25741269,fc_group_rs_b,other,Middle frontal gyrus,R,36.0,17.0,44.0,Talairach space,T-value,−10.61,324,negative,table
25741269,fc_group_rs_b,other,Inferior frontal gyrus,L,-31.0,36.0,14.0,Talairach space,T-value,10.16,297,positive,table
25741269,fc_group_rs_b,other,Precuneus,L,-11.0,-53.0,30.0,Talairach space,T-value,−10.27,297,negative,table
25741269,fc_group_rs_b,other,Precentral gyrus,R,33.0,-16.0,52.0,Talairach space,T-value,11.75,297,positive,table
25741269,fc_group_rs_b,other,Subcallosal gyrus,R,14.0,6.0,-12.0,Talairach space,T-value,11.44,270,positive,table
25741269,fc_group_rs_b,other,Putamen,R,25.0,11.0,6.0,Talairach space,T-value,11.95,216,positive,table
25741269,fc_group_rs_b,other,Postcentral gyrus,L,-17.0,-33.0,62.0,Talairach space,T-value,11.91,216,positive,table
25741269,fc_group_rs_b,other,Postcentral gyrus,L,-22.0,-36.0,65.0,Talairach space,T-value,15.53,216,positive,table
25741269,fc_group_rs_b,other,Cingulate gyrus,L,-3.0,-30.0,36.0,Talairach space,T-value,−11.65,189,negative,table
25741269,fc_group_rs_b,other,Culmen,R,14.0,-44.0,-15.0,Talairach space,T-value,11.08,162,positive,table
25741269,fc_group_rs_b,other,Putamen,L,-22.0,11.0,4.0,Talairach space,T-value,10.41,162,positive,table
25741269,fc_group_rs_b,other,Supramarginal gyrus,R,39.0,-53.0,28.0,Talairach space,T-value,−9.84,162,negative,table
25741269,fc_group_rs_b,other,Cingulate gyrus,R,3.0,-33.0,36.0,Talairach space,T-value,−10.63,135,negative,table
25741269,fc_group_rs_b,other,Postcentral gyrus,L,-36.0,-27.0,57.0,Talairach space,T-value,10.11,135,positive,table
25741269,fc_group_rs_b,other,Middle temporal gyrus,L,-36.0,-53.0,9.0,Talairach space,T-value,10.59,108,positive,table
25741269,fc_group_rs_b,other,Claustrum,L,-25.0,22.0,9.0,Talairach space,T-value,11.09,108,positive,table
25741269,fc_group_rs_b,other,Superior frontal gyrus,R,30.0,34.0,30.0,Talairach space,T-value,9.81,108,positive,table
25741269,fc_group_rs_b,other,Postcentral gyrus,R,14.0,-41.0,65.0,Talairach space,T-value,11.04,108,positive,table
25741269,fc_group_rs_b,other,Precentral gyrus,L,-22.0,-24.0,65.0,Talairach space,T-value,10.82,108,positive,table
25741269,fc_comparison_rs_st36__rs_b,verum_post_gt_pre,Anterior cingulate,R,6.0,34.0,22.0,Talairach space,T-value,−7.73,1728,negative,table
25741269,fc_comparison_rs_st36__rs_b,verum_post_gt_pre,Precuneus,R,22.0,-56.0,28.0,Talairach space,T-value,7.12,1377,positive,table
25741269,fc_comparison_rs_st36__rs_b,verum_post_gt_pre,Superior frontal gyrus,R,8.0,-16.0,65.0,Talairach space,T-value,−7.35,1215,negative,table
25741269,fc_comparison_rs_st36__rs_b,verum_post_gt_pre,Culmen,R,28.0,-47.0,-18.0,Talairach space,T-value,5.82,1053,positive,table
25741269,fc_comparison_rs_st36__rs_b,verum_post_gt_pre,Parahippocampal gyrus,L,-31.0,-47.0,-4.0,Talairach space,T-value,6.84,864,positive,table
25741269,fc_comparison_rs_st36__rs_b,verum_post_gt_pre,Fusiform gyrus,L,-28.0,-59.0,-7.0,Talairach space,T-value,6.72,783,positive,table
25741269,fc_comparison_rs_cp1__rs_b,sham_post_gt_pre,Medial frontal gyrus,R,3.0,-24.0,65.0,Talairach space,T-value,−7.12,2025,negative,table
25741269,fc_comparison_rs_cp1__rs_b,sham_post_gt_pre,Culmen,L,0.0,-38.0,-10.0,Talairach space,T-value,−8.11,999,negative,table
25741269,fc_comparison_rs_cp1__rs_b,sham_post_gt_pre,Parahippocampal gyrus,L,-31.0,-62.0,-7.0,Talairach space,T-value,6.59,837,positive,table
25741269,fc_comparison_rs_cp1__rs_b,sham_post_gt_pre,Paracentral Lobule,L,-6.0,-30.0,54.0,Talairach space,T-value,−8.11,783,negative,table
25741269,fc_comparison_rs_cp2__rs_b,sham_post_gt_pre,Parahippocampal gyrus,L,-31.0,-33.0,-15.0,Talairach space,T-value,6.85,1053,positive,table
25741269,fc_comparison_rs_st36__rs_cp1,verum_gt_sham,Precuneus/Cuneus,R,28.0,-67.0,33.0,Talairach space,T-value,6.51,2835,positive,table
25741269,fc_comparison_rs_st36__rs_cp1,verum_gt_sham,Middle temporal gyrus,R,58.0,-47.0,9.0,Talairach space,T-value,7.93,1674,positive,table
25741269,fc_comparison_rs_st36__rs_cp1,verum_gt_sham,Parahippocampal gyrus,R,36.0,-33.0,-10.0,Talairach space,T-value,7.61,1242,positive,table
25741269,fc_comparison_rs_st36__rs_cp2,verum_gt_sham,Medial frontal gyrus,L,-11.0,39.0,22.0,Talairach space,T-value,−8.90,1890,negative,table
25741269,fc_comparison_rs_st36__rs_cp2,verum_gt_sham,Inferior frontal gyrus,L,-25.0,17.0,-12.0,Talairach space,T-value,−7.58,1566,negative,table
25741269,fc_comparison_rs_st36__rs_cp2,verum_gt_sham,Culmen,R,11.0,-59.0,-10.0,Talairach space,T-value,6.42,1053,positive,table
25741269,fc_comparison_rs_st36__rs_cp2,verum_gt_sham,Superior temporal gyrus,L,-36.0,14.0,-25.0,Talairach space,T-value,−7.01,891,negative,table
25741269,fc_comparison_rs_st36__rs_cp2,verum_gt_sham,Precuneus/Cuneus,R,14.0,-79.0,20.0,Talairach space,T-value,6.27,837,positive,table
25741269,fc_comparison_rs_cp1__rs_cp2,other,Parahippocampal gyrus,R,30.0,-30.0,-7.0,Talairach space,T-value,−7.79,2295,negative,table
25741269,fc_comparison_rs_cp1__rs_cp2,other,Precuneus,L,-34.0,-73.0,38.0,Talairach space,T-value,−8.45,1161,negative,table
25741269,fc_comparison_rs_cp1__rs_cp2,other,Superior temporal gyrus,L,-53.0,-56.0,20.0,Talairach space,T-value,−6.03,918,negative,table
25741269,34671239_SR_C1,sham_gt_rest,Insula R,R,36.0,0.0,-7.0,TAL,t,22.48,8613,activation,Table 1
25741269,34671239_SR_C1,sham_gt_rest,Insula L,L,-34.0,-8.0,4.0,TAL,t,16.14,7020,activation,Table 1
25741269,34671239_SR_C1,sham_gt_rest,SII R,R,55.0,-19.0,25.0,TAL,t,17.84,6264,activation,Table 1
25741269,34671239_SR_C1,sham_gt_rest,SII L,L,-48.0,-19.0,20.0,TAL,t,15.99,4428,activation,Table 1
25741269,34671239_SR_C1,sham_gt_rest,Inferior semi-lunar lobule L,L,-11.0,-67.0,-41.0,TAL,t,14.62,1134,activation,Table 1
25741269,34671239_SR_C1,sham_gt_rest,Cingulate gyrus R,R,3.0,3.0,30.0,TAL,t,10.79,162,activation,Table 1
25741269,34671239_SR_C2,deactivation,Parahippocampal gyrus L,L,-25.0,-38.0,-2.0,TAL,t,-15.45,2160,deactivation,Table 1
25741269,34671239_SR_C2,deactivation,Postcentral gyrus R,R,33.0,-21.0,46.0,TAL,t,-13.0,1323,deactivation,Table 1
25741269,34671239_SR_C2,deactivation,Precuneus L,L,-22.0,-76.0,38.0,TAL,t,-11.76,729,deactivation,Table 1
25741269,34671239_SR_C2,deactivation,Precentral gyrus R,R,19.0,-16.0,68.0,TAL,t,-12.98,540,deactivation,Table 1
25741269,34671239_SR_C2,deactivation,Parahippocampal gyrus L,L,-28.0,-19.0,-15.0,TAL,t,-10.91,432,deactivation,Table 1
25741269,34671239_SR_C2,deactivation,Middle temporal gyrus L,L,-56.0,-21.0,-4.0,TAL,t,-11.23,432,deactivation,Table 1
25741269,34671239_SR_C2,deactivation,Angular gyrus L,L,-39.0,-56.0,36.0,TAL,t,-11.06,405,deactivation,Table 1
25741269,34671239_SR_C2,deactivation,Paracentral Lobule R,R,6.0,-33.0,62.0,TAL,t,-11.85,405,deactivation,Table 1
25741269,34671239_SR_C2,deactivation,Parahippocampal gyrus R,R,33.0,-38.0,-2.0,TAL,t,-16.07,378,deactivation,Table 1
25741269,34671239_SR_C2,deactivation,Superior frontal gyrus L,L,-20.0,53.0,20.0,TAL,t,-10.36,324,deactivation,Table 1
25741269,34671239_SR_C2,deactivation,Posterior cingulate L,L,-8.0,-56.0,20.0,TAL,t,-10.44,270,deactivation,Table 1
25741269,34671239_SR_C2,deactivation,Superior frontal gyrus L,L,-14.0,31.0,49.0,TAL,t,-10.93,243,deactivation,Table 1
25741269,34671239_SR_C2,deactivation,Medial frontal gyrus L,L,-6.0,48.0,41.0,TAL,t,-10.97,216,deactivation,Table 1
25741269,34671239_SR_C2,deactivation,Precuneus L,L,-25.0,-53.0,49.0,TAL,t,-10.66,216,deactivation,Table 1
25741269,34671239_SR_C2,deactivation,Superior Parietal Lobule R,R,28.0,-62.0,52.0,TAL,t,-11.23,189,deactivation,Table 1
25741269,34671239_SR_C2,deactivation,Posterior Cingulate R,R,8.0,-53.0,14.0,TAL,t,-9.83,162,deactivation,Table 1
25741269,34671239_SR_C2,deactivation,Parahippocampal gyrus R,R,25.0,-36.0,-12.0,TAL,t,-10.19,135,deactivation,Table 1
25741269,34671239_SR_C2,deactivation,Middle occipital gyrus R,R,36.0,-70.0,9.0,TAL,t,-9.99,135,deactivation,Table 1
25741269,34671239_SR_C2,deactivation,Precuneus R,R,30.0,-73.0,33.0,TAL,t,-10.66,135,deactivation,Table 1
25741269,34671239_SR_C2,deactivation,Culmen L,L,-6.0,-47.0,-10.0,TAL,t,-10.97,108,deactivation,Table 1
25741269,34671239_SR_C2,deactivation,Middle temporal gyrus R,R,30.0,-64.0,28.0,TAL,t,-10.02,108,deactivation,Table 1
25741269,34671239_SR_C2,deactivation,Precentral gyrus R,R,44.0,-11.0,49.0,TAL,t,-11.41,108,deactivation,Table 1
25741269,34671239_SR_C3,sham_gt_rest,SII/Insula L,L,-50.0,-19.0,22.0,TAL,t,20.91,22491,activation,Table 1
25741269,34671239_SR_C3,sham_gt_rest,Insula/SII R,R,33.0,20.0,-2.0,TAL,t,21.03,8559,activation,Table 1
25741269,34671239_SR_C3,sham_gt_rest,Postcentral gyrus R,R,58.0,-21.0,38.0,TAL,t,17.67,7182,activation,Table 1
25741269,34671239_SR_C3,sham_gt_rest,Inferior semi-lunar lobule L,L,-14.0,-67.0,-38.0,TAL,t,16.18,972,activation,Table 1
25741269,34671239_SR_C3,sham_gt_rest,Cingulate gyrus L,L,-6.0,-16.0,30.0,TAL,t,12.3,567,activation,Table 1
25741269,34671239_SR_C3,sham_gt_rest,Medial frontal gyrus R,R,6.0,14.0,44.0,TAL,t,11.15,567,activation,Table 1
25741269,34671239_SR_C3,sham_gt_rest,Anterior cingulate R,R,6.0,25.0,22.0,TAL,t,11.9,378,activation,Table 1
25741269,34671239_SR_C3,sham_gt_rest,Cingulate gyrus R,R,6.0,11.0,28.0,TAL,t,9.89,216,activation,Table 1
25741269,34671239_SR_C3,sham_gt_rest,Cingulate gyrus R,R,6.0,-16.0,30.0,TAL,t,11.1,216,activation,Table 1
25741269,34671239_SR_C3,sham_gt_rest,Cingulate gyrus L,L,-3.0,0.0,38.0,TAL,t,10.35,216,activation,Table 1
25741269,34671239_SR_C3,sham_gt_rest,Declive R,R,17.0,-67.0,-15.0,TAL,t,10.2,135,activation,Table 1
25741269,34671239_SR_C3,sham_gt_rest,Putamen L,L,-25.0,8.0,-7.0,TAL,t,16.29,108,activation,Table 1
25741269,34671239_SR_C3,sham_gt_rest,Caudate R,R,8.0,6.0,12.0,TAL,t,10.29,108,activation,Table 1
25741269,34671239_SR_C4,deactivation,Middle occipital gyrus R,R,36.0,-67.0,1.0,TAL,t,-14.44,8019,deactivation,Table 1
25741269,34671239_SR_C4,deactivation,Precuneus L,L,-28.0,-79.0,36.0,TAL,t,-11.9,1998,deactivation,Table 1
25741269,34671239_SR_C4,deactivation,Superior frontal gyrus L,L,-8.0,50.0,33.0,TAL,t,-12.76,810,deactivation,Table 1
25741269,34671239_SR_C4,deactivation,Middle temporal gyrus R,R,41.0,-56.0,25.0,TAL,t,-12.81,756,deactivation,Table 1
25741269,34671239_SR_C4,deactivation,Superior frontal gyrus L,L,-25.0,28.0,49.0,TAL,t,-11.26,729,deactivation,Table 1
25741269,34671239_SR_C4,deactivation,Parahippocampal gyrus L,L,-25.0,-30.0,-7.0,TAL,t,-12.5,594,deactivation,Table 1
25741269,34671239_SR_C4,deactivation,Middle temporal gyrus R,R,52.0,-8.0,-12.0,TAL,t,-11.8,513,deactivation,Table 1
25741269,34671239_SR_C4,deactivation,Medial frontal gyrus L,L,-6.0,56.0,6.0,TAL,t,-11.43,405,deactivation,Table 1
25741269,34671239_SR_C4,deactivation,Cuneus R,R,30.0,-73.0,28.0,TAL,t,-10.74,378,deactivation,Table 1
25741269,34671239_SR_C4,deactivation,Paracentral lobule R,R,6.0,-33.0,60.0,TAL,t,-13.62,324,deactivation,Table 1
25741269,34671239_SR_C4,deactivation,Precuneus R,R,25.0,-67.0,20.0,TAL,t,-12.91,243,deactivation,Table 1
25741269,34671239_SR_C4,deactivation,Middle frontal gyrus R,R,25.0,17.0,46.0,TAL,t,-11.13,243,deactivation,Table 1
25741269,34671239_SR_C4,deactivation,Parahippocampal gyrus R,R,28.0,-11.0,-15.0,TAL,t,-11.96,189,deactivation,Table 1
25741269,34671239_SR_C4,deactivation,Middle frontal gyrus L,L,-31.0,20.0,38.0,TAL,t,-11.38,189,deactivation,Table 1
25741269,34671239_SR_C4,deactivation,Postcentral gyrus R,R,22.0,-24.0,49.0,TAL,t,-10.99,162,deactivation,Table 1
25741269,34671239_SR_C4,deactivation,Precentral gyrus R,R,14.0,-24.0,68.0,TAL,t,-11.34,135,deactivation,Table 1
25741269,34671239_SR_C5,sham_gt_rest,SII L,L,-50.0,-19.0,20.0,TAL,t,83.81,71010,activation,Table 3
25741269,34671239_SR_C5,sham_gt_rest,SII R,R,50.0,-16.0,14.0,TAL,t,28.31,47142,activation,Table 3
25741269,34671239_SR_C5,sham_gt_rest,Medial frontal gyrus / SMA R,R,6.0,6.0,44.0,TAL,t,29.27,9153,activation,Table 3
25741269,34671239_SR_C5,sham_gt_rest,Inferior semi-lunar lobule L,L,-14.0,-62.0,-44.0,TAL,t,18.8,3672,activation,Table 3
25741269,34671239_SR_C5,sham_gt_rest,Inferior semi-lunar lobule R,R,11.0,-64.0,-44.0,TAL,t,14.6,2970,activation,Table 3
25741269,34671239_SR_C5,sham_gt_rest,Culmen R,R,19.0,-53.0,-18.0,TAL,t,14.49,1944,activation,Table 3
25741269,34671239_SR_C5,sham_gt_rest,Middle temporal gyrus L,L,-45.0,-53.0,6.0,TAL,t,13.05,1944,activation,Table 3
25741269,34671239_SR_C5,sham_gt_rest,Culmen L,L,-17.0,-56.0,-18.0,TAL,t,14.46,1836,activation,Table 3
25741269,34671239_SR_C5,sham_gt_rest,Middle temporal gyrus R,R,50.0,-53.0,4.0,TAL,t,12.99,1782,activation,Table 3
25741269,34671239_SR_C5,sham_gt_rest,Postcentral gyrus R,R,19.0,-36.0,60.0,TAL,t,18.09,1674,activation,Table 3
25741269,34671239_SR_C5,sham_gt_rest,Cingulate gyrus R,R,14.0,-24.0,41.0,TAL,t,12.75,999,activation,Table 3
25741269,34671239_SR_C5,sham_gt_rest,Culmen L,L,-22.0,-44.0,-23.0,TAL,t,12.08,324,activation,Table 3
25741269,34671239_SR_C5,sham_gt_rest,Inferior frontal gyrus R,R,28.0,28.0,-2.0,TAL,t,11.21,135,activation,Table 3
25741269,34671239_SR_C5,sham_gt_rest,Middle frontal gyrus R,R,25.0,48.0,-10.0,TAL,t,13.2,108,activation,Table 3
25741269,34671239_SR_C5,sham_gt_rest,Middle temporal gyrus L,L,-56.0,-56.0,9.0,TAL,t,10.5,108,activation,Table 3
25741269,34671239_SR_C5,sham_gt_rest,Postcentral gyrus R,R,28.0,-33.0,57.0,TAL,t,11.33,108,activation,Table 3
25741269,34671239_SR_C6,deactivation,Precuneus L,L,-31.0,-73.0,38.0,TAL,t,-16.54,2484,deactivation,Table 3
25741269,34671239_SR_C6,deactivation,Inferior Parietal Lobule R,R,41.0,-59.0,41.0,TAL,t,-11.78,2376,deactivation,Table 3
25741269,34671239_SR_C6,deactivation,Middle frontal gyrus R,R,39.0,25.0,38.0,TAL,t,-13.82,972,deactivation,Table 3
25741269,34671239_SR_C6,deactivation,Parahippocampal gyrus R,R,30.0,-30.0,-7.0,TAL,t,-13.15,270,deactivation,Table 3
25741269,34671239_SR_C6,deactivation,Middle frontal gyrus R,R,47.0,31.0,17.0,TAL,t,-10.71,216,deactivation,Table 3
25741269,34671239_SR_C6,deactivation,Middle frontal gyrus L,L,-31.0,17.0,54.0,TAL,t,-14.02,189,deactivation,Table 3
25741269,34671239_SR_C6,deactivation,Precuneus R,R,33.0,-73.0,33.0,TAL,t,-10.46,162,deactivation,Table 3
25741269,34671239_SR_C6,deactivation,Postcentral gyrus L,L,-42.0,-27.0,54.0,TAL,t,15.1,162,deactivation,Table 3
25741269,34671239_SR_C6,deactivation,Precuneus L,L,-6.0,-59.0,30.0,TAL,t,-9.79,108,deactivation,Table 3
25741269,34671239_SR_C6,deactivation,Superior frontal gyrus R,R,17.0,22.0,46.0,TAL,t,-9.76,108,deactivation,Table 3
25741269,34671239_SR_C7,sham_gt_rest,SII L,L,-50.0,-19.0,20.0,TAL,t,79.22,56430,activation,Table 3
25741269,34671239_SR_C7,sham_gt_rest,SII R,R,58.0,-19.0,22.0,TAL,t,35.2,47061,activation,Table 3
25741269,34671239_SR_C7,sham_gt_rest,SMA L,L,-3.0,3.0,41.0,TAL,t,24.16,11718,activation,Table 3
25741269,34671239_SR_C7,sham_gt_rest,SMA R,R,6.0,6.0,44.0,TAL,t,22.23,5940,activation,Table 3
25741269,34671239_SR_C7,sham_gt_rest,Inferior semi-lunar lobule R,R,14.0,-64.0,-44.0,TAL,t,17.17,3078,activation,Table 3
25741269,34671239_SR_C7,sham_gt_rest,Middle temporal gyrus L,L,-45.0,-53.0,9.0,TAL,t,14.47,2079,activation,Table 3
25741269,34671239_SR_C7,sham_gt_rest,Fusiform gyrus L,L,-39.0,-47.0,-15.0,TAL,t,22.08,1971,activation,Table 3
25741269,34671239_SR_C7,sham_gt_rest,Fusiform gyrus R,R,41.0,-38.0,-12.0,TAL,t,16.87,1593,activation,Table 3
25741269,34671239_SR_C7,sham_gt_rest,Cerebellar Tonsil L,L,-25.0,-53.0,-46.0,TAL,t,14.16,1431,activation,Table 3
25741269,34671239_SR_C7,sham_gt_rest,Parahippocampal gyrus R,R,19.0,0.0,-12.0,TAL,t,20.29,756,activation,Table 3
25741269,34671239_SR_C7,sham_gt_rest,Postcentral gyrus R,R,22.0,-38.0,57.0,TAL,t,11.41,756,activation,Table 3
25741269,34671239_SR_C7,sham_gt_rest,Cingulate gyrus R,R,11.0,-21.0,41.0,TAL,t,14.04,540,activation,Table 3
25741269,34671239_SR_C7,sham_gt_rest,Inferior semi-lunar lobule L,L,-11.0,-64.0,-44.0,TAL,t,15.1,432,activation,Table 3
25741269,34671239_SR_C7,sham_gt_rest,Paracentral Lobule L,L,-8.0,-27.0,44.0,TAL,t,14.41,405,activation,Table 3
25741269,34671239_SR_C7,sham_gt_rest,Middle occipital gyrus R,R,47.0,-64.0,-7.0,TAL,t,11.02,324,activation,Table 3
25741269,34671239_SR_C7,sham_gt_rest,Middle temporal gyrus L,L,-31.0,0.0,-33.0,TAL,t,10.74,243,activation,Table 3
25741269,34671239_SR_C7,sham_gt_rest,Parahippocampal gyrus L,L,-39.0,-24.0,-15.0,TAL,t,12.39,189,activation,Table 3
25741269,34671239_SR_C7,sham_gt_rest,Culmen R,R,33.0,-38.0,-25.0,TAL,t,10.67,162,activation,Table 3
25741269,34671239_SR_C7,sham_gt_rest,Middle frontal gyrus L,L,-31.0,39.0,14.0,TAL,t,10.72,135,activation,Table 3
25741269,34671239_SR_C7,sham_gt_rest,Superior frontal gyrus L,L,-17.0,-3.0,68.0,TAL,t,10.8,135,activation,Table 3
25741269,34671239_SR_C7,sham_gt_rest,Fusiform gyrus L,L,-36.0,-59.0,-12.0,TAL,t,10.1,108,activation,Table 3
25741269,34671239_SR_C8,deactivation,Caudate R,R,14.0,11.0,17.0,TAL,t,-11.89,135,deactivation,Table 3
25741269,34671239_SR_C9,sham_post_gt_pre,Medial frontal gyrus R,R,3.0,-24.0,65.0,TAL,t,-7.12,2025,deactivation,Table 4
25741269,34671239_SR_C9,sham_post_gt_pre,Culmen L,midline,0.0,-38.0,-10.0,TAL,t,-8.11,999,deactivation,Table 4
25741269,34671239_SR_C9,sham_post_gt_pre,Parahippocampal gyrus L,L,-31.0,-62.0,-7.0,TAL,t,6.59,837,deactivation,Table 4
25741269,34671239_SR_C9,sham_post_gt_pre,Paracentral Lobule L,L,-6.0,-30.0,54.0,TAL,t,-8.11,783,deactivation,Table 4
25741269,34671239_SR_C10,sham_post_gt_pre,Parahippocampal gyrus L,L,-31.0,-33.0,-15.0,TAL,t,6.85,1053,activation,Table 4
26161117,con_pain_vs_baseline_ReHo,other,R mPFC,R,20.0,27.0,60.0,MNI,Peak Z-score,3.02,32,increase (higher ReHo in pain status vs baseline),table
26161117,con_pain_vs_baseline_ReHo,other,R middle frontal gyrus,R,3.0,50.0,22.0,MNI,Peak Z-score,5.87,211,increase (higher ReHo in pain status vs baseline),table
26161117,con_pain_vs_baseline_ReHo,other,L middle temporal gyrus,L,-70.0,-54.0,5.0,MNI,Peak Z-score,-3.49,54,decrease (lower ReHo in pain status vs baseline),table
26161117,con_pain_vs_baseline_ReHo,other,R superior temporal gyrus,R,55.0,12.0,-30.0,MNI,Peak Z-score,-3.59,32,decrease (lower ReHo in pain status vs baseline),table
26161117,con_pain_vs_baseline_ReHo,other,L S1,L,-60.0,-20.0,42.0,MNI,Peak Z-score,-2.88,59,decrease (lower ReHo in pain status vs baseline),table
26161117,con_pain_vs_baseline_ReHo,other,R inferior parietal lobule,R,66.0,-36.0,20.0,MNI,Peak Z-score,-5.94,20,decrease (lower ReHo in pain status vs baseline),table
26161117,con_pain_vs_baseline_ReHo,other,L PHP,L,-10.0,-3.0,-21.0,MNI,Peak Z-score,-2.62,31,decrease (lower ReHo in pain status vs baseline),table
26161117,con_pain_vs_baseline_ReHo,other,R PHP,R,30.0,-7.0,-21.0,MNI,Peak Z-score,4.51,29,increase (higher ReHo in pain status vs baseline),table
26161117,con_pain_vs_baseline_ReHo,other,L anterior cingulate cortex,L,-6.0,25.0,39.0,MNI,Peak Z-score,-2.74,42,decrease (lower ReHo in pain status vs baseline),table
26161117,con_pain_vs_baseline_ReHo,other,R precuneus,R,19.0,-66.0,33.0,MNI,Peak Z-score,2.70,54,increase (higher ReHo in pain status vs baseline),table
26161117,con_pain_vs_baseline_ReHo,other,R insula,R,39.0,0.0,22.0,MNI,Peak Z-score,2.47,60,increase (higher ReHo in pain status vs baseline),table
26161117,con_pain_vs_baseline_ReHo,other,R cerebellar tonsil,R,11.0,-60.0,-48.0,MNI,Peak Z-score,2.42,53,increase (higher ReHo in pain status vs baseline),table
26161117,con_ACUP_vs_OFF,verum_gt_rest,Left insula,L,-42.0,-15.0,15.0,MNI,Peak Z-score,-3.51,52,deactivation,table
26161117,con_ACUP_vs_OFF,verum_gt_rest,Left M1,L,-36.0,10.0,10.0,MNI,Peak Z-score,-2.56,48,deactivation,table
26161117,con_ACUP_vs_OFF,verum_gt_rest,Left S2,L,-37.0,-12.0,2.0,MNI,Peak Z-score,-3.01,36,deactivation,table
26161117,con_ACUP_vs_OFF,verum_gt_rest,Left frontal eye field,L,-15.0,35.0,53.0,MNI,Peak Z-score,-3.26,66,deactivation,table
26161117,con_ACUP_vs_OFF,verum_gt_rest,Left dlPFC,L,-39.0,36.0,18.0,MNI,Peak Z-score,3.81,97,activation,table
26161117,con_ACUP_vs_OFF,verum_gt_rest,Right M1,R,51.0,6.0,12.0,MNI,Peak Z-score,6.16,348,activation,table
26161117,con_ACUP_vs_OFF,verum_gt_rest,Left PAG,L,-3.0,-30.0,-3.0,MNI,Peak Z-score,-3.26,44,deactivation,table
26161117,con_ACUP_vs_OFF,verum_gt_rest,Left PHP,L,0.0,-24.0,0.0,MNI,Peak Z-score,-3.02,35,deactivation,table
26161117,con_ACUP_vs_OFF,verum_gt_rest,Left thalamus,L,4.0,-30.0,-5.0,MNI,Peak Z-score,-2.56,26,deactivation,table
26161117,con_ACUP_vs_OFF,verum_gt_rest,Right dmPFC,R,15.0,33.0,45.0,MNI,Peak Z-score,-3.98,43,deactivation,table
26161117,con_ACUP_vs_OFF,verum_gt_rest,Right supramarginal gyrus,R,63.0,-27.0,33.0,MNI,Peak Z-score,4.87,55,activation,table
26161117,con_ACUP_vs_OFF,verum_gt_rest,Right S1,R,55.0,-20.0,30.0,MNI,Peak Z-score,3.97,40,activation,table
26161117,con_ACUP_vs_OFF,verum_gt_rest,Right supramarginal gyrus,R,54.0,-60.0,39.0,MNI,Peak Z-score,-3.28,48,deactivation,table
26161117,con_ACUP_vs_OFF,verum_gt_rest,Right angular gyrus,R,50.0,-60.0,30.0,MNI,Peak Z-score,-3.00,40,deactivation,table
26161117,con_ACUP_vs_OFF,verum_gt_rest,Right lateral temporal cortex,R,49.0,-55.0,26.0,MNI,Peak Z-score,-2.56,34,deactivation,table
26161117,con_ACUP_vs_OFF,verum_gt_rest,Right pMCC,R,18.0,-24.0,39.0,MNI,Peak Z-score,3.98,101,activation,table
26161117,con_ACUP_vs_OFF,verum_gt_rest,Bilateral SMA,bilateral,12.0,0.0,60.0,MNI,Peak Z-score,2.54,79,activation,table
26161117,con_ACUP_vs_OFF,verum_gt_rest,Right PHP,R,24.0,-27.0,-18.0,MNI,Peak Z-score,-4.00,46,deactivation,table
26161117,con_ACUP_vs_OFF,verum_gt_rest,Right HP,R,25.0,-20.0,-20.0,MNI,Peak Z-score,-3.89,40,deactivation,table
26161117,con_ACUP_vs_OFF,verum_gt_rest,Bilateral pACC,bilateral,0.0,33.0,21.0,MNI,Peak Z-score,-3.42,34,deactivation,table
26161117,con_ACUP_vs_OFF,verum_gt_rest,Left dmPFC,L,15.0,20.0,20.0,MNI,Peak Z-score,-3.23,30,deactivation,table
26161117,con_SHAM_vs_OFF,sham_gt_rest,Left insular,L,-39.0,-12.0,15.0,MNI,Peak Z-score,-3.60,99,deactivation,table
26161117,con_SHAM_vs_OFF,sham_gt_rest,Left frontal operculum,L,-40.0,0.0,20.0,MNI,Peak Z-score,-3.46,78,deactivation,table
26161117,con_SHAM_vs_OFF,sham_gt_rest,Left M1,L,-23.0,-10.0,14.0,MNI,Peak Z-score,-3.01,60,deactivation,table
26161117,con_SHAM_vs_OFF,sham_gt_rest,Left SMA,L,-27.0,3.0,57.0,MNI,Peak Z-score,4.19,271,activation,table
26161117,con_SHAM_vs_OFF,sham_gt_rest,Right dlPFC,R,-48.0,39.0,21.0,MNI,Peak Z-score,4.01,80,activation,table
26161117,con_SHAM_vs_OFF,sham_gt_rest,Right SMA,R,30.0,42.0,24.0,MNI,Peak Z-score,3.69,210,activation,table
26161117,con_SHAM_vs_OFF,sham_gt_rest,Left dlPFC,L,37.0,43.0,20.0,MNI,Peak Z-score,3.44,189,activation,table
26161117,con_SHAM_vs_OFF,sham_gt_rest,Right frontopolar area,R,30.0,25.0,30.0,MNI,Peak Z-score,3.23,154,activation,table
26161117,con_SHAM_vs_OFF,sham_gt_rest,Left mammillary body,L,-15.0,-3.0,3.0,MNI,Peak Z-score,5.67,456,activation,table
26161117,con_SHAM_vs_OFF,sham_gt_rest,Right thalamus,R,-12.0,0.0,0.0,MNI,Peak Z-score,4.57,356,activation,table
26161117,con_SHAM_vs_OFF,sham_gt_rest,Right mammillary body,R,19.0,23.0,8.0,MNI,Peak Z-score,3.58,234,activation,table
26161117,con_SHAM_vs_OFF,sham_gt_rest,Left thalamus,L,8.0,3.0,3.0,MNI,Peak Z-score,4.43,315,activation,table
26161117,con_SHAM_vs_OFF,sham_gt_rest,Amygdala,not_reported,3.0,2.0,7.0,MNI,Peak Z-score,3.01,56,activation,table
26161117,con_SHAM_vs_OFF,sham_gt_rest,Left Hp,L,-27.0,-36.0,-6.0,MNI,Peak Z-score,4.88,43,activation,table
26161117,con_SHAM_vs_OFF,sham_gt_rest,Right PHP,R,-20.0,-23.0,0.0,MNI,Peak Z-score,3.45,32,activation,table
26161117,con_SHAM_vs_OFF,sham_gt_rest,Orbitofrontal cortex,not_reported,-19.0,34.0,3.0,MNI,Peak Z-score,3.03,34,activation,table
26161117,con_SHAM_vs_OFF,sham_gt_rest,Right temporal pole,R,-24.0,-35.0,0.0,MNI,Peak Z-score,3.23,35,activation,table
26161117,con_SHAM_vs_OFF,sham_gt_rest,Left PCN,L,6.0,-57.0,36.0,MNI,Peak Z-score,4.75,78,activation,table
26161117,con_SHAM_vs_OFF,sham_gt_rest,Right pACC,R,5.0,-50.0,42.0,MNI,Peak Z-score,3.89,56,activation,table
26161117,con_SHAM_vs_OFF,sham_gt_rest,Left ACC,L,-4.0,-66.0,22.0,MNI,Peak Z-score,3.76,57,activation,table
26161117,con_SHAM_vs_OFF,sham_gt_rest,Left angular gyrus,L,27.0,-42.0,-27.0,MNI,Peak Z-score,3.35,49,activation,table
26161117,con_SHAM_vs_OFF,sham_gt_rest,Right angular gyrus,R,-28.0,-44.0,-34.0,MNI,Peak Z-score,3.45,54,activation,table
26161117,con_SHAM_vs_OFF,sham_gt_rest,Left cerebellum anterior lobe,L,34.0,-22.0,-20.0,MNI,Peak Z-score,3.25,46,activation,table
26161117,con_SHAM_vs_OFF,sham_gt_rest,Right cerebellum anterior lobe,R,-32.0,-10.0,20.0,MNI,Peak Z-score,3.24,45,activation,table
26161117,con_ACUP_vs_SHAM,verum_gt_sham,Left SMA,L,-24.0,12.0,60.0,MNI,Peak Z-score,-3.75,97,deactivation (ACUP < SHAM),table
26161117,con_ACUP_vs_SHAM,verum_gt_sham,Left frontal eye field,L,-20.0,10.0,80.0,MNI,Peak Z-score,-3.45,76,deactivation (ACUP < SHAM),table
26161117,con_ACUP_vs_SHAM,verum_gt_sham,Right insular,R,39.0,9.0,9.0,MNI,Peak Z-score,3.79,160,activation (ACUP > SHAM),table
26161117,con_ACUP_vs_SHAM,verum_gt_sham,Right M1,R,54.0,10.0,11.0,MNI,Peak Z-score,3.54,149,activation (ACUP > SHAM),table
26161117,con_ACUP_vs_SHAM,verum_gt_sham,Right frontal eye field,R,23.0,-10.0,70.0,MNI,Peak Z-score,-3.34,54,deactivation (ACUP < SHAM),table
26161117,con_ACUP_vs_SHAM,verum_gt_sham,Right dlPFC,R,-54.0,12.0,-8.0,MNI,Peak Z-score,-3.57,42,deactivation (ACUP < SHAM),table
26161117,con_ACUP_vs_SHAM,verum_gt_sham,Left HP,L,-12.0,-24.0,-6.0,MNI,Peak Z-score,-4.46,234,deactivation (ACUP < SHAM),table
26161117,con_ACUP_vs_SHAM,verum_gt_sham,Left PHP,L,-10.0,-22.0,0.0,MNI,Peak Z-score,-3.89,121,deactivation (ACUP < SHAM),table
26161117,con_ACUP_vs_SHAM,verum_gt_sham,Left mammillary body,L,-16.0,-19.0,22.0,MNI,Peak Z-score,-3.65,111,deactivation (ACUP < SHAM),table
26161117,con_ACUP_vs_SHAM,verum_gt_sham,Left thalamus,L,12.0,34.0,0.0,MNI,Peak Z-score,-2.79,56,deactivation (ACUP < SHAM),table
26161117,con_ACUP_vs_SHAM,verum_gt_sham,Right PCC,R,-3.0,-6.0,30.0,MNI,Peak Z-score,-4.01,76,deactivation (ACUP < SHAM),table
26161117,con_ACUP_vs_SHAM,verum_gt_sham,Left ACC,L,4.0,5.0,-45.0,MNI,Peak Z-score,-2.58,45,deactivation (ACUP < SHAM),table
26161117,con_ACUP_vs_SHAM,verum_gt_sham,Right supramarginal gyrus,R,57.0,-54.0,24.0,MNI,Peak Z-score,-4.34,387,deactivation (ACUP < SHAM),table
26161117,con_ACUP_vs_SHAM,verum_gt_sham,Right angular gyrus,R,60.0,-34.0,20.0,MNI,Peak Z-score,-3.78,134,deactivation (ACUP < SHAM),table
26161117,con_ACUP_vs_SHAM,verum_gt_sham,Right precuneus,R,45.0,-20.0,-30.0,MNI,Peak Z-score,-3.89,145,deactivation (ACUP < SHAM),table
26161117,con_ACUP_vs_SHAM,verum_gt_sham,Right thalamus,R,24.0,-27.0,4.0,MNI,Peak Z-score,-4.09,84,deactivation (ACUP < SHAM),table
26161117,con_ACUP_vs_SHAM,verum_gt_sham,Right insular,R,23.0,30.0,10.0,MNI,Peak Z-score,-3.75,76,deactivation (ACUP < SHAM),table
26161117,con_ACUP_vs_SHAM,verum_gt_sham,Right PHP,R,24.0,-24.0,-18.0,MNI,Peak Z-score,-4.06,81,deactivation (ACUP < SHAM),table
26161117,con_ACUP_vs_SHAM,verum_gt_sham,Right HP,R,30.0,-10.0,-29.0,MNI,Peak Z-score,-3.06,45,deactivation (ACUP < SHAM),table
26161117,con_ACUP_vs_SHAM,verum_gt_sham,Left dmPFC,L,0.0,33.0,18.0,MNI,Peak Z-score,-3.78,99,deactivation (ACUP < SHAM),table
26161117,con_ACUP_vs_SHAM,verum_gt_sham,Left PAG,L,-9.0,-48.0,37.0,MNI,Peak Z-score,-4.31,117,deactivation (ACUP < SHAM),table
26161117,con_ACUP_vs_SHAM,verum_gt_sham,Right cerebellar anterior lobe,R,9.0,-60.0,40.0,MNI,Peak Z-score,-4.76,234,deactivation (ACUP < SHAM),table
26161117,con_ACUP_vs_SHAM,verum_gt_sham,Left cerebellar anterior lobe,L,-18.0,56.0,33.0,MNI,Peak Z-score,-4.32,320,deactivation (ACUP < SHAM),table
26161117,con_ACUP_vs_SHAM,verum_gt_sham,Lateral occipital gyrus,not_reported,2.0,33.0,-18.0,MNI,Peak Z-score,-3.54,87,deactivation (ACUP < SHAM),table
26161117,26075009_C1,other,R mPFC,R,20.0,27.0,60.0,MNI,Z,3.02,32,both (positive and negative Z-scores reported),Table 1
26161117,26075009_C1,other,R middle frontal gyrus,R,3.0,50.0,22.0,MNI,Z,5.87,211,both (positive and negative Z-scores reported),Table 1
26161117,26075009_C1,other,L middle temporal gyrus,L,-70.0,-54.0,5.0,MNI,Z,-3.49,54,both (positive and negative Z-scores reported),Table 1
26161117,26075009_C1,other,R superior temporal gyrus,R,55.0,12.0,-30.0,MNI,Z,-3.59,32,both (positive and negative Z-scores reported),Table 1
26161117,26075009_C1,other,L S1,L,-60.0,-20.0,42.0,MNI,Z,-2.88,59,both (positive and negative Z-scores reported),Table 1
26161117,26075009_C1,other,R inferior parietal lobule,R,66.0,-36.0,20.0,MNI,Z,-5.94,20,both (positive and negative Z-scores reported),Table 1
26161117,26075009_C1,other,L PHP,L,-10.0,-3.0,-21.0,MNI,Z,-2.62,31,both (positive and negative Z-scores reported),Table 1
26161117,26075009_C1,other,R PHP,R,30.0,-7.0,-21.0,MNI,Z,4.51,29,both (positive and negative Z-scores reported),Table 1
26161117,26075009_C1,other,L anterior cingulate cortex,L,-6.0,25.0,39.0,MNI,Z,-2.74,42,both (positive and negative Z-scores reported),Table 1
26161117,26075009_C1,other,R precuneus,R,19.0,-66.0,33.0,MNI,Z,2.7,54,both (positive and negative Z-scores reported),Table 1
26161117,26075009_C1,other,R insula,R,39.0,0.0,22.0,MNI,Z,2.47,60,both (positive and negative Z-scores reported),Table 1
26161117,26075009_C1,other,R cerebellar tonsil,R,11.0,-60.0,-48.0,MNI,Z,2.42,53,both (positive and negative Z-scores reported),Table 1
26161117,26075009_C2,verum_gt_rest,Left insula,L,-42.0,-15.0,15.0,MNI,Z,-3.51,52,both (positive and negative Z-scores reported),Table 2
26161117,26075009_C2,verum_gt_rest,Left M1,L,-36.0,10.0,10.0,MNI,Z,-2.56,48,both (positive and negative Z-scores reported),Table 2
26161117,26075009_C2,verum_gt_rest,Left S2,L,-37.0,-12.0,2.0,MNI,Z,-3.01,36,both (positive and negative Z-scores reported),Table 2
26161117,26075009_C2,verum_gt_rest,Left frontal eye field,L,-15.0,35.0,53.0,MNI,Z,-3.26,66,both (positive and negative Z-scores reported),Table 2
26161117,26075009_C2,verum_gt_rest,Left dlPFC,L,-39.0,36.0,18.0,MNI,Z,3.81,97,both (positive and negative Z-scores reported),Table 2
26161117,26075009_C2,verum_gt_rest,Right M1,R,51.0,6.0,12.0,MNI,Z,6.16,348,both (positive and negative Z-scores reported),Table 2
26161117,26075009_C2,verum_gt_rest,Left PAG,L,-3.0,-30.0,-3.0,MNI,Z,-3.26,44,both (positive and negative Z-scores reported),Table 2
26161117,26075009_C2,verum_gt_rest,Left PHP,midline,0.0,-24.0,0.0,MNI,Z,-3.02,35,both (positive and negative Z-scores reported),Table 2
26161117,26075009_C2,verum_gt_rest,Left thalamus,R,4.0,-30.0,-5.0,MNI,Z,-2.56,26,both (positive and negative Z-scores reported),Table 2
26161117,26075009_C2,verum_gt_rest,Right dmPFC,R,15.0,33.0,45.0,MNI,Z,-3.98,43,both (positive and negative Z-scores reported),Table 2
26161117,26075009_C2,verum_gt_rest,Right supramarginal gyrus,R,63.0,-27.0,33.0,MNI,Z,4.87,55,both (positive and negative Z-scores reported),Table 2
26161117,26075009_C2,verum_gt_rest,Right S1,R,55.0,-20.0,30.0,MNI,Z,3.97,40,both (positive and negative Z-scores reported),Table 2
26161117,26075009_C2,verum_gt_rest,Right supramarginal gyrus,R,54.0,-60.0,39.0,MNI,Z,-3.28,48,both (positive and negative Z-scores reported),Table 2
26161117,26075009_C2,verum_gt_rest,Right angular gyrus,R,50.0,-60.0,30.0,MNI,Z,-3.0,40,both (positive and negative Z-scores reported),Table 2
26161117,26075009_C2,verum_gt_rest,Right lateral temporal cortex,R,49.0,-55.0,26.0,MNI,Z,-2.56,34,both (positive and negative Z-scores reported),Table 2
26161117,26075009_C2,verum_gt_rest,Right pMCC,R,18.0,-24.0,39.0,MNI,Z,3.98,101,both (positive and negative Z-scores reported),Table 2
26161117,26075009_C2,verum_gt_rest,Bilateral SMA,R,12.0,0.0,60.0,MNI,Z,2.54,79,both (positive and negative Z-scores reported),Table 2
26161117,26075009_C2,verum_gt_rest,Right PHP,R,24.0,-27.0,-18.0,MNI,Z,-4.0,46,both (positive and negative Z-scores reported),Table 2
26161117,26075009_C2,verum_gt_rest,Right HP,R,25.0,-20.0,-20.0,MNI,Z,-3.89,40,both (positive and negative Z-scores reported),Table 2
26161117,26075009_C2,verum_gt_rest,Bilateral pACC,midline,0.0,33.0,21.0,MNI,Z,-3.42,34,both (positive and negative Z-scores reported),Table 2
26161117,26075009_C2,verum_gt_rest,Left dmPFC,R,15.0,20.0,20.0,MNI,Z,-3.23,30,both (positive and negative Z-scores reported),Table 2
26161117,26075009_C3,sham_gt_rest,Left insular,L,-39.0,-12.0,15.0,MNI,Z,-3.6,99,both (positive and negative Z-scores reported),Table 3
26161117,26075009_C3,sham_gt_rest,Left frontal operculum,L,-40.0,0.0,20.0,MNI,Z,-3.46,78,both (positive and negative Z-scores reported),Table 3
26161117,26075009_C3,sham_gt_rest,Left M1,L,-23.0,-10.0,14.0,MNI,Z,-3.01,60,both (positive and negative Z-scores reported),Table 3
26161117,26075009_C3,sham_gt_rest,Left SMA,L,-27.0,3.0,57.0,MNI,Z,4.19,271,both (positive and negative Z-scores reported),Table 3
26161117,26075009_C3,sham_gt_rest,Right dlPFC,L,-48.0,39.0,21.0,MNI,Z,4.01,80,both (positive and negative Z-scores reported),Table 3
26161117,26075009_C3,sham_gt_rest,Right SMA,R,30.0,42.0,24.0,MNI,Z,3.69,210,both (positive and negative Z-scores reported),Table 3
26161117,26075009_C3,sham_gt_rest,Left dlPFC,R,37.0,43.0,20.0,MNI,Z,3.44,189,both (positive and negative Z-scores reported),Table 3
26161117,26075009_C3,sham_gt_rest,Right frontopolar area,R,30.0,25.0,30.0,MNI,Z,3.23,154,both (positive and negative Z-scores reported),Table 3
26161117,26075009_C3,sham_gt_rest,Left mammillary body,L,-15.0,-3.0,3.0,MNI,Z,5.67,456,both (positive and negative Z-scores reported),Table 3
26161117,26075009_C3,sham_gt_rest,Right thalamus,L,-12.0,0.0,0.0,MNI,Z,4.57,356,both (positive and negative Z-scores reported),Table 3
26161117,26075009_C3,sham_gt_rest,Right mammillary body,R,19.0,23.0,8.0,MNI,Z,3.58,234,both (positive and negative Z-scores reported),Table 3
26161117,26075009_C3,sham_gt_rest,Left thalamus,R,8.0,3.0,3.0,MNI,Z,4.43,315,both (positive and negative Z-scores reported),Table 3
26161117,26075009_C3,sham_gt_rest,Amygdala,R,3.0,2.0,7.0,MNI,Z,3.01,56,both (positive and negative Z-scores reported),Table 3
26161117,26075009_C3,sham_gt_rest,Left Hp,L,-27.0,-36.0,-6.0,MNI,Z,4.88,43,both (positive and negative Z-scores reported),Table 3
26161117,26075009_C3,sham_gt_rest,Right PHP,L,-20.0,-23.0,0.0,MNI,Z,3.45,32,both (positive and negative Z-scores reported),Table 3
26161117,26075009_C3,sham_gt_rest,Orbitofrontal cortex,L,-19.0,34.0,3.0,MNI,Z,3.03,34,both (positive and negative Z-scores reported),Table 3
26161117,26075009_C3,sham_gt_rest,Right temporal pole,L,-24.0,-35.0,0.0,MNI,Z,3.23,35,both (positive and negative Z-scores reported),Table 3
26161117,26075009_C3,sham_gt_rest,Left PCN,R,6.0,-57.0,36.0,MNI,Z,4.75,78,both (positive and negative Z-scores reported),Table 3
26161117,26075009_C3,sham_gt_rest,Right pACC,R,5.0,-50.0,42.0,MNI,Z,3.89,56,both (positive and negative Z-scores reported),Table 3
26161117,26075009_C3,sham_gt_rest,Left ACC,L,-4.0,-66.0,22.0,MNI,Z,3.76,57,both (positive and negative Z-scores reported),Table 3
26161117,26075009_C3,sham_gt_rest,Left angular gyrus,R,27.0,-42.0,-27.0,MNI,Z,3.35,49,both (positive and negative Z-scores reported),Table 3
26161117,26075009_C3,sham_gt_rest,Right angular gyrus,L,-28.0,-44.0,-34.0,MNI,Z,3.45,54,both (positive and negative Z-scores reported),Table 3
26161117,26075009_C3,sham_gt_rest,Left cerebellum anterior lobe,R,34.0,-22.0,-20.0,MNI,Z,3.25,46,both (positive and negative Z-scores reported),Table 3
26161117,26075009_C3,sham_gt_rest,Right cerebellum anterior lobe,L,-32.0,-10.0,20.0,MNI,Z,3.24,45,both (positive and negative Z-scores reported),Table 3
26161117,26075009_C4,verum_gt_sham,Left SMA,L,-24.0,12.0,60.0,MNI,Z,-3.75,97,both (positive and negative Z-scores reported),Table 4
26161117,26075009_C4,verum_gt_sham,Left frontal eye field,L,-20.0,10.0,80.0,MNI,Z,-3.45,76,both (positive and negative Z-scores reported),Table 4
26161117,26075009_C4,verum_gt_sham,Right insular,R,39.0,9.0,9.0,MNI,Z,3.79,160,both (positive and negative Z-scores reported),Table 4
26161117,26075009_C4,verum_gt_sham,Right M1,R,54.0,10.0,11.0,MNI,Z,3.54,149,both (positive and negative Z-scores reported),Table 4
26161117,26075009_C4,verum_gt_sham,Right frontal eye field,R,23.0,-10.0,70.0,MNI,Z,-3.34,54,both (positive and negative Z-scores reported),Table 4
26161117,26075009_C4,verum_gt_sham,Right dlPFC,L,-54.0,12.0,-8.0,MNI,Z,-3.57,42,both (positive and negative Z-scores reported),Table 4
26161117,26075009_C4,verum_gt_sham,Left HP,L,-12.0,-24.0,-6.0,MNI,Z,-4.46,234,both (positive and negative Z-scores reported),Table 4
26161117,26075009_C4,verum_gt_sham,Left PHP,L,-10.0,-22.0,0.0,MNI,Z,-3.89,121,both (positive and negative Z-scores reported),Table 4
26161117,26075009_C4,verum_gt_sham,Left mammillary body,L,-16.0,-19.0,22.0,MNI,Z,-3.65,111,both (positive and negative Z-scores reported),Table 4
26161117,26075009_C4,verum_gt_sham,Left thalamus,R,12.0,34.0,0.0,MNI,Z,-2.79,56,both (positive and negative Z-scores reported),Table 4
26161117,26075009_C4,verum_gt_sham,Right PCC,L,-3.0,-6.0,30.0,MNI,Z,-4.01,76,both (positive and negative Z-scores reported),Table 4
26161117,26075009_C4,verum_gt_sham,Left ACC,R,4.0,5.0,-45.0,MNI,Z,-2.58,45,both (positive and negative Z-scores reported),Table 4
26161117,26075009_C4,verum_gt_sham,Right supramarginal gyrus,R,57.0,-54.0,24.0,MNI,Z,-4.34,387,both (positive and negative Z-scores reported),Table 4
26161117,26075009_C4,verum_gt_sham,Right angular gyrus,R,60.0,-34.0,20.0,MNI,Z,-3.78,134,both (positive and negative Z-scores reported),Table 4
26161117,26075009_C4,verum_gt_sham,Right precuneus,R,45.0,-20.0,-30.0,MNI,Z,-3.89,145,both (positive and negative Z-scores reported),Table 4
26161117,26075009_C4,verum_gt_sham,Right thalamus,R,24.0,-27.0,4.0,MNI,Z,-4.09,84,both (positive and negative Z-scores reported),Table 4
26161117,26075009_C4,verum_gt_sham,Right insular,R,23.0,30.0,10.0,MNI,Z,-3.75,76,both (positive and negative Z-scores reported),Table 4
26161117,26075009_C4,verum_gt_sham,Right PHP,R,24.0,-24.0,-18.0,MNI,Z,-4.06,81,both (positive and negative Z-scores reported),Table 4
26161117,26075009_C4,verum_gt_sham,Right HP,R,30.0,-10.0,-29.0,MNI,Z,-3.06,45,both (positive and negative Z-scores reported),Table 4
26161117,26075009_C4,verum_gt_sham,Left dmPFC,midline,0.0,33.0,18.0,MNI,Z,-3.78,99,both (positive and negative Z-scores reported),Table 4
26161117,26075009_C4,verum_gt_sham,Left PAG,L,-9.0,-48.0,37.0,MNI,Z,-4.31,117,both (positive and negative Z-scores reported),Table 4
26161117,26075009_C4,verum_gt_sham,Right cerebellar anterior lobe,R,9.0,-60.0,40.0,MNI,Z,-4.76,234,both (positive and negative Z-scores reported),Table 4
26161117,26075009_C4,verum_gt_sham,Left cerebellar anterior lobe,L,-18.0,56.0,33.0,MNI,Z,-4.32,320,both (positive and negative Z-scores reported),Table 4
26161117,26075009_C4,verum_gt_sham,Lateral occipital gyrus,midline,2.0,33.0,-18.0,MNI,Z,-3.54,87,both (positive and negative Z-scores reported),Table 4
26161117,31636536_SR_C1,deactivation,Left insular,L,-39.0,-12.0,15.0,MNI,Z,-3.6,99,deactivation,Table 3
26161117,31636536_SR_C1,deactivation,Left frontal operculum,L,-40.0,0.0,20.0,MNI,Z,-3.46,78,deactivation,Table 3
26161117,31636536_SR_C1,deactivation,Left M1,L,-23.0,-10.0,14.0,MNI,Z,-3.01,60,deactivation,Table 3
26161117,31636536_SR_C2,sham_gt_rest,Left SMA,L,-27.0,3.0,57.0,MNI,Z,4.19,271,activation,Table 3
26161117,31636536_SR_C2,sham_gt_rest,Right dlPFC,L,-48.0,39.0,21.0,MNI,Z,4.01,80,activation,Table 3
26161117,31636536_SR_C2,sham_gt_rest,Right SMA,R,30.0,42.0,24.0,MNI,Z,3.69,210,activation,Table 3
26161117,31636536_SR_C2,sham_gt_rest,Left dlPFC,R,37.0,43.0,20.0,MNI,Z,3.44,189,activation,Table 3
26161117,31636536_SR_C2,sham_gt_rest,Right frontopolar area,R,30.0,25.0,30.0,MNI,Z,3.23,154,activation,Table 3
26161117,31636536_SR_C2,sham_gt_rest,Left mammillary body,L,-15.0,-3.0,3.0,MNI,Z,5.67,456,activation,Table 3
26161117,31636536_SR_C2,sham_gt_rest,Right thalamus,L,-12.0,0.0,0.0,MNI,Z,4.57,356,activation,Table 3
26161117,31636536_SR_C2,sham_gt_rest,Right mammillary body,R,19.0,23.0,8.0,MNI,Z,3.58,234,activation,Table 3
26161117,31636536_SR_C2,sham_gt_rest,Left thalamus,R,8.0,3.0,3.0,MNI,Z,4.43,315,activation,Table 3
26161117,31636536_SR_C2,sham_gt_rest,Amygdala,R,3.0,2.0,7.0,MNI,Z,3.01,56,activation,Table 3
26161117,31636536_SR_C2,sham_gt_rest,Left HP,L,-27.0,-36.0,-6.0,MNI,Z,4.88,43,activation,Table 3
26161117,31636536_SR_C2,sham_gt_rest,Right PHP,L,-20.0,-23.0,0.0,MNI,Z,3.45,32,activation,Table 3
26161117,31636536_SR_C2,sham_gt_rest,Orbitofrontal cortex,L,-19.0,34.0,3.0,MNI,Z,3.03,37,activation,Table 3
26161117,31636536_SR_C2,sham_gt_rest,Right temporal pole,L,-24.0,-35.0,0.0,MNI,Z,3.23,35,activation,Table 3
26161117,31636536_SR_C2,sham_gt_rest,Left PCN,R,6.0,-57.0,36.0,MNI,Z,4.75,78,activation,Table 3
26161117,31636536_SR_C2,sham_gt_rest,Right pACC,R,5.0,-50.0,42.0,MNI,Z,3.89,56,activation,Table 3
26161117,31636536_SR_C2,sham_gt_rest,Left ACC,L,-4.0,-66.0,22.0,MNI,Z,3.76,57,activation,Table 3
26161117,31636536_SR_C2,sham_gt_rest,Left angular gyrus,R,27.0,-42.0,-27.0,MNI,Z,3.35,49,activation,Table 3
26161117,31636536_SR_C2,sham_gt_rest,Right angular gyrus,L,-28.0,-44.0,-34.0,MNI,Z,3.45,54,activation,Table 3
26161117,31636536_SR_C2,sham_gt_rest,Left cerebellum anterior lobe,R,34.0,-22.0,-20.0,MNI,Z,3.25,46,activation,Table 3
26161117,31636536_SR_C2,sham_gt_rest,Right cerebellum anterior lobe,L,-32.0,-10.0,20.0,MNI,Z,3.24,45,activation,Table 3
26211895,con_genuine_activation,verum_gt_rest,"vlPFC, aIns, pIns, operculum, SMA, SII, SMG, SPL",R,41.0,18.0,9.0,MNI,z-score (cluster peak),8.36,13295.9,activation,table
26211895,con_genuine_activation,verum_gt_rest,"ACC, preSMA",R,10.0,11.0,48.0,MNI,z-score (cluster peak),7.57,2921.2,activation,table
26211895,con_genuine_activation,verum_gt_rest,"aIns, Operculum, SMA, SII, SMG, SPL",L,-57.0,-24.0,22.0,MNI,z-score (cluster peak),7.45,9144.9,activation,table
26211895,con_genuine_activation,verum_gt_rest,"mACC, preSMA",L,-9.0,4.0,50.0,MNI,z-score (cluster peak),6.61,1746.0,activation,table
26211895,con_genuine_activation,verum_gt_rest,fusiform area,L,-8.0,-72.0,-1.0,MNI,z-score (cluster peak),5.13,878.8,activation,table
26211895,con_genuine_activation,verum_gt_rest,SI,R,17.0,-42.0,66.0,MNI,z-score (cluster peak),5.06,436.5,activation,table
26211895,con_genuine_activation,verum_gt_rest,fusiform area,R,6.0,-69.0,3.0,MNI,z-score (cluster peak),4.97,1201.8,activation,table
26211895,con_genuine_deactivation,deactivation,IPL,L,-44.0,-68.0,22.0,MNI,z-score (cluster peak),6.25,2453.3,deactivation,table
26211895,con_genuine_deactivation,deactivation,IPL,R,44.0,-75.0,17.0,MNI,z-score (cluster peak),5.83,1370.6,deactivation,table
26211895,con_genuine_deactivation,deactivation,Parahippocampus,L,-31.0,-36.0,-15.0,MNI,z-score (cluster peak),5.78,972.8,deactivation,table
26211895,con_genuine_deactivation,deactivation,"vmPFC, dlPFC",L,-8.0,56.0,-5.0,MNI,z-score (cluster peak),5.68,4100.6,deactivation,table
26211895,con_genuine_deactivation,deactivation,MTG,L,-50.0,2.0,-29.0,MNI,z-score (cluster peak),5.22,2283.3,deactivation,table
26211895,con_genuine_deactivation,deactivation,dPCC (BA23),L,-8.0,-59.0,25.0,MNI,z-score (cluster peak),4.90,2587.5,deactivation,table
26211895,con_genuine_deactivation,deactivation,vmPFC,R,9.0,53.0,-3.0,MNI,z-score (cluster peak),4.33,844.6,deactivation,table
26211895,con_genuine_deactivation,deactivation,MI,R,8.0,-39.0,62.0,MNI,z-score (cluster peak),4.26,535.0,deactivation,table
26211895,con_genuine_deactivation,deactivation,dPCC (BA23),R,9.0,-54.0,60.0,MNI,z-score (cluster peak),3.86,1362.8,deactivation,table
26211895,con_genuine_deactivation,deactivation,occipital lobe,L,-19.0,-81.0,42.0,MNI,z-score (cluster peak),3.81,717.8,deactivation,table
26211895,con_genuine_deactivation,deactivation,occipital lobe,R,20.0,-75.0,44.0,MNI,z-score (cluster peak),3.46,476.8,deactivation,table
26211895,con_genuine_deactivation,deactivation,dlPFC,R,20.0,27.0,50.0,MNI,z-score (cluster peak),3.05,317.6,deactivation,table
26211895,con_pseudo_activation,sham_gt_rest,"aIns, operculum, MI, SMA",R,30.0,27.0,7.0,MNI,z-score (cluster peak),6.72,4986.3,activation,table
26211895,con_pseudo_activation,sham_gt_rest,SMA,L,-27.0,-1.0,47.0,MNI,z-score (cluster peak),6.58,1261.0,activation,table
26211895,con_pseudo_activation,sham_gt_rest,ACC,L,-12.0,24.0,33.0,MNI,z-score (cluster peak),6.27,1320.7,activation,table
26211895,con_pseudo_activation,sham_gt_rest,"SII, SMA, SPL, precuneus",L,-29.0,-48.0,39.0,MNI,z-score (cluster peak),5.97,5127.4,activation,table
26211895,con_pseudo_activation,sham_gt_rest,"aIns, operculum, MI",L,-29.0,22.0,-3.0,MNI,z-score (cluster peak),5.61,2859.4,activation,table
26211895,con_pseudo_activation,sham_gt_rest,"ACC, preSMA",R,11.0,16.0,41.0,MNI,z-score (cluster peak),5.59,1700.4,activation,table
26211895,con_pseudo_activation,sham_gt_rest,SPL,R,31.0,-48.0,46.0,MNI,z-score (cluster peak),5.29,1144.8,activation,table
26211895,con_pseudo_activation,sham_gt_rest,Precuneus,R,7.0,-72.0,45.0,MNI,z-score (cluster peak),5.01,752.7,activation,table
26211895,con_pseudo_activation,sham_gt_rest,fusiform area,L,-14.0,-90.0,2.0,MNI,z-score (cluster peak),4.77,1570.1,activation,table
26211895,con_pseudo_activation,sham_gt_rest,SII (BA43),R,62.0,-16.0,23.0,MNI,z-score (cluster peak),4.73,717.1,activation,table
26211895,con_pseudo_activation,sham_gt_rest,fusiform area,R,28.0,-68.0,-4.0,MNI,z-score (cluster peak),3.86,713.6,activation,table
26211895,con_pseudo_activation,sham_gt_rest,vlPFC,R,24.0,43.0,-10.0,MNI,z-score (cluster peak),3.71,590.9,activation,table
26211895,con_pseudo_activation,sham_gt_rest,occipital lobe,R,17.0,-99.0,-3.0,MNI,z-score (cluster peak),2.44,421.0,activation,table
26211895,con_pseudo_deactivation,deactivation,dPCC (BA23),R,6.0,-50.0,21.0,MNI,z-score (cluster peak),4.78,644.3,deactivation,table
26211895,con_pseudo_deactivation,deactivation,IPL,R,50.0,-62.0,23.0,MNI,z-score (cluster peak),4.51,467.9,deactivation,table
26211895,con_pseudo_deactivation,deactivation,dPCC (BA23),L,-8.0,-57.0,10.0,MNI,z-score (cluster peak),4.46,1415.8,deactivation,table
26211895,con_pseudo_deactivation,deactivation,MTG,L,-57.0,-11.0,-22.0,MNI,z-score (cluster peak),4.29,641.4,deactivation,table
26211895,con_pseudo_deactivation,deactivation,IPL,L,-43.0,-67.0,24.0,MNI,z-score (cluster peak),4.19,1292.8,deactivation,table
26211895,con_pseudo_deactivation,deactivation,"vmPFC, dlPFC",L,-21.0,25.0,36.0,MNI,z-score (cluster peak),4.06,2602.8,deactivation,table
26211895,con_pseudo_deactivation,deactivation,MTG,R,54.0,-2.0,-31.0,MNI,z-score (cluster peak),3.53,432.8,deactivation,table
26211895,con_pseudo_deactivation,deactivation,dlPFC,R,9.0,56.0,15.0,MNI,z-score (cluster peak),3.47,733.1,deactivation,table
26211895,con_pseudo_deactivation,deactivation,SI,R,35.0,-20.0,50.0,MNI,z-score (cluster peak),3.05,972.4,deactivation,table
26211895,con_conjunction_activation,other,"aIns, pIns, MI",R,30.0,27.0,7.0,MNI,z-score (cluster peak),6.72,4540.6,activation,table
26211895,con_conjunction_activation,other,ACC,L,-11.0,14.0,44.0,MNI,z-score (cluster peak),5.64,983.3,activation,table
26211895,con_conjunction_activation,other,"ACC, preSMA",R,11.0,16.0,41.0,MNI,z-score (cluster peak),5.59,1519.2,activation,table
26211895,con_conjunction_activation,other,"aIns, Operculum, MI",L,-29.0,23.0,-2.0,MNI,z-score (cluster peak),5.51,2475.7,activation,table
26211895,con_conjunction_activation,other,"SII, SMA, SPL",L,-54.0,-21.0,30.0,MNI,z-score (cluster peak),4.92,2927.4,activation,table
26211895,con_conjunction_activation,other,preSMA,L,-8.0,0.0,66.0,MNI,z-score (cluster peak),4.79,199.1,activation,table
26211895,con_conjunction_activation,other,SII (BA43),R,62.0,-16.0,23.0,MNI,z-score (cluster peak),4.73,717.1,activation,table
26211895,con_conjunction_activation,other,SMA,L,-32.0,-5.0,43.0,MNI,z-score (cluster peak),4.66,854.7,activation,table
26211895,con_conjunction_activation,other,vPCC (BA24),L,-5.0,-24.0,27.0,MNI,z-score (cluster peak),4.47,229.3,activation,table
26211895,con_conjunction_activation,other,vPCC (BA24),R,5.0,-25.0,27.0,MNI,z-score (cluster peak),3.74,284.2,activation,table
26211895,con_conjunction_activation,other,fusiform area,L,-10.0,-79.0,-4.0,MNI,z-score (cluster peak),3.51,664.4,activation,table
26211895,con_conjunction_activation,other,SPL,R,31.0,-47.0,41.0,MNI,z-score (cluster peak),3.45,747.5,activation,table
26211895,con_conjunction_activation,other,occipital lobe,L,-12.0,-85.0,1.0,MNI,z-score (cluster peak),3.40,102.6,activation,table
26211895,con_conjunction_activation,other,SII (BA40),R,46.0,-32.0,39.0,MNI,z-score (cluster peak),3.29,350.1,activation,table
26211895,con_conjunction_activation,other,fusiform area,R,5.0,-74.0,3.0,MNI,z-score (cluster peak),3.13,516.6,activation,table
26211895,con_conjunction_activation,other,dlPFC (BA10),R,36.0,50.0,10.0,MNI,z-score (cluster peak),3.01,219.4,activation,table
26211895,con_conjunction_activation,other,dlPFC (BA46),R,38.0,39.0,17.0,MNI,z-score (cluster peak),2.93,124.6,activation,table
26211895,con_conjunction_activation,other,Precuneus,R,14.0,-67.0,37.0,MNI,z-score (cluster peak),2.87,196.4,activation,table
26211895,con_conjunction_activation,other,SMG (BA42),R,52.0,-38.0,21.0,MNI,z-score (cluster peak),2.75,122.7,activation,table
26211895,con_conjunction_deactivation,deactivation,IPL,R,50.0,-62.0,23.0,MNI,z-score (cluster peak),4.51,444.1,deactivation,table
26211895,con_conjunction_deactivation,deactivation,IPL,L,-43.0,-67.0,24.0,MNI,z-score (cluster peak),4.19,1253.9,deactivation,table
26211895,con_conjunction_deactivation,deactivation,MTG,L,-56.0,-10.0,-23.0,MNI,z-score (cluster peak),4.16,546.1,deactivation,table
26211895,con_conjunction_deactivation,deactivation,"vmPFC, dlPFC",L,-21.0,25.0,36.0,MNI,z-score (cluster peak),4.02,2484.4,deactivation,table
26211895,con_conjunction_deactivation,deactivation,dPCC (BA23),L,-5.0,-61.0,22.0,MNI,z-score (cluster peak),3.97,1369.8,deactivation,table
26211895,con_conjunction_deactivation,deactivation,dPCC (BA23),R,9.0,-56.0,31.0,MNI,z-score (cluster peak),3.46,623.0,deactivation,table
26211895,con_conjunction_deactivation,deactivation,vmPFC,R,11.0,51.0,-7.0,MNI,z-score (cluster peak),3.28,157.7,deactivation,table
26211895,con_conjunction_deactivation,deactivation,parahippocampus,L,-30.0,-26.0,-23.0,MNI,z-score (cluster peak),3.20,186.2,deactivation,table
26211895,con_conjunction_deactivation,deactivation,SI,R,43.0,-19.0,49.0,MNI,z-score (cluster peak),2.95,165.0,deactivation,table
26211895,con_conjunction_deactivation,deactivation,dlPFC (BA9),R,24.0,30.0,34.0,MNI,z-score (cluster peak),2.51,131.2,deactivation,table
26211895,con_conjunction_deactivation,deactivation,dmPFC,R,9.0,50.0,15.0,MNI,z-score (cluster peak),2.48,107.6,deactivation,table
26211895,con_diff_genuine_gt_pseudo_activation,verum_gt_sham,"pIns, SII, SMG",R,63.0,-13.0,19.0,MNI,z-score (cluster peak),7.53,5174.0,genuine > pseudo,table
26211895,con_diff_genuine_gt_pseudo_activation,verum_gt_sham,"pIns, SII, SMG",L,-55.0,-25.0,21.0,MNI,z-score (cluster peak),5.91,1828.2,genuine > pseudo,table
26211895,con_diff_genuine_gt_pseudo_activation,verum_gt_sham,MCC,R,4.0,-9.0,37.0,MNI,z-score (cluster peak),5.37,1159.5,genuine > pseudo,table
26211895,con_diff_genuine_gt_pseudo_activation,verum_gt_sham,SI,R,25.0,-43.0,57.0,MNI,z-score (cluster peak),4.93,880.3,genuine > pseudo,table
26211895,con_diff_pseudo_gt_genuine_deactivation,deactivation,MTG,L,-50.0,4.0,-15.0,MNI,z-score (cluster peak),3.67,744.6,greater deactivation in genuine relative to pseudo (genuine > pseudo deactivation),table
26211895,con_diff_pseudo_gt_genuine_deactivation,deactivation,precuneus,R,9.0,-64.0,47.0,MNI,z-score (cluster peak),3.46,547.1,pseudo > genuine (greater activation in pseudo),table
26211895,con_diff_pseudo_gt_genuine_deactivation,deactivation,precuneus,L,-7.0,-70.0,49.0,MNI,z-score (cluster peak),3.42,894.6,pseudo > genuine (greater activation in pseudo),table
26211895,26198192_C1,verum_gt_rest,"vlPFC, aIns, pIns, operculum, SMA, SII, SMG, SPL",R,41.0,18.0,9.0,MNI,Z,8.36,13295.9,activation and deactivation,Table 2
26211895,26198192_C1,verum_gt_rest,"ACC, preSMA",R,10.0,11.0,48.0,MNI,Z,7.57,2921.2,activation and deactivation,Table 2
26211895,26198192_C1,verum_gt_rest,"aIns, Operculum, SMA, SII, SMG, SPL",L,-57.0,-24.0,22.0,MNI,Z,7.45,9144.9,activation and deactivation,Table 2
26211895,26198192_C1,verum_gt_rest,"mACC, preSMA",L,-9.0,4.0,50.0,MNI,Z,6.61,1746.0,activation and deactivation,Table 2
26211895,26198192_C1,verum_gt_rest,fusiform area,L,-8.0,-72.0,-1.0,MNI,Z,5.13,878.8,activation and deactivation,Table 2
26211895,26198192_C1,verum_gt_rest,SI,R,17.0,-42.0,66.0,MNI,Z,5.06,436.5,activation and deactivation,Table 2
26211895,26198192_C1,verum_gt_rest,fusiform area,R,6.0,-69.0,3.0,MNI,Z,4.97,1201.8,activation and deactivation,Table 2
26211895,26198192_C1,verum_gt_rest,IPL,L,-44.0,-68.0,22.0,MNI,Z,6.25,2453.3,activation and deactivation,Table 2
26211895,26198192_C1,verum_gt_rest,IPL,R,44.0,-75.0,17.0,MNI,Z,5.83,1370.6,activation and deactivation,Table 2
26211895,26198192_C1,verum_gt_rest,Parahippocampus,L,-31.0,-36.0,-15.0,MNI,Z,5.78,972.8,activation and deactivation,Table 2
26211895,26198192_C1,verum_gt_rest,"vmPFC, dlPFC",L,-8.0,56.0,-5.0,MNI,Z,5.68,4100.6,activation and deactivation,Table 2
26211895,26198192_C1,verum_gt_rest,MTG,L,-50.0,2.0,-29.0,MNI,Z,5.22,2283.3,activation and deactivation,Table 2
26211895,26198192_C1,verum_gt_rest,dPCC (BA23),L,-8.0,-59.0,25.0,MNI,Z,4.9,2587.5,activation and deactivation,Table 2
26211895,26198192_C1,verum_gt_rest,vmPFC,R,9.0,53.0,-3.0,MNI,Z,4.33,844.6,activation and deactivation,Table 2
26211895,26198192_C1,verum_gt_rest,MI,R,8.0,-39.0,62.0,MNI,Z,4.26,535.0,activation and deactivation,Table 2
26211895,26198192_C1,verum_gt_rest,dPCC (BA23),R,9.0,-54.0,60.0,MNI,Z,3.86,1362.8,activation and deactivation,Table 2
26211895,26198192_C1,verum_gt_rest,occipital lobe,L,-19.0,-81.0,42.0,MNI,Z,3.81,717.8,activation and deactivation,Table 2
26211895,26198192_C1,verum_gt_rest,occipital lobe,R,20.0,-75.0,44.0,MNI,Z,3.46,476.8,activation and deactivation,Table 2
26211895,26198192_C1,verum_gt_rest,dlPFC,R,20.0,27.0,50.0,MNI,Z,3.05,317.6,activation and deactivation,Table 2
26211895,26198192_C2,sham_gt_rest,"aIns, operculum, MI, SMA",R,30.0,27.0,7.0,MNI,Z,6.72,4986.3,activation and deactivation,Table 3
26211895,26198192_C2,sham_gt_rest,SMA,L,-27.0,-1.0,47.0,MNI,Z,6.58,1261.0,activation and deactivation,Table 3
26211895,26198192_C2,sham_gt_rest,ACC,L,-12.0,24.0,33.0,MNI,Z,6.27,1320.7,activation and deactivation,Table 3
26211895,26198192_C2,sham_gt_rest,"SII, SMA, SPL, precuneus",L,-29.0,-48.0,39.0,MNI,Z,5.97,5127.4,activation and deactivation,Table 3
26211895,26198192_C2,sham_gt_rest,"aIns, operculum, MI",L,-29.0,22.0,-3.0,MNI,Z,5.61,2859.4,activation and deactivation,Table 3
26211895,26198192_C2,sham_gt_rest,"ACC, preSMA",R,11.0,16.0,41.0,MNI,Z,5.59,1700.4,activation and deactivation,Table 3
26211895,26198192_C2,sham_gt_rest,SPL,R,31.0,-48.0,46.0,MNI,Z,5.29,1144.8,activation and deactivation,Table 3
26211895,26198192_C2,sham_gt_rest,Precuneus,R,7.0,-72.0,45.0,MNI,Z,5.01,752.7,activation and deactivation,Table 3
26211895,26198192_C2,sham_gt_rest,fusiform area,L,-14.0,-90.0,2.0,MNI,Z,4.77,1570.1,activation and deactivation,Table 3
26211895,26198192_C2,sham_gt_rest,SII (BA43),R,62.0,-16.0,23.0,MNI,Z,4.73,717.1,activation and deactivation,Table 3
26211895,26198192_C2,sham_gt_rest,fusiform area,R,28.0,-68.0,-4.0,MNI,Z,3.86,713.6,activation and deactivation,Table 3
26211895,26198192_C2,sham_gt_rest,vlPFC,R,24.0,43.0,-10.0,MNI,Z,3.71,590.9,activation and deactivation,Table 3
26211895,26198192_C2,sham_gt_rest,occipital lobe,R,17.0,-99.0,-3.0,MNI,Z,2.44,421.0,activation and deactivation,Table 3
26211895,26198192_C2,sham_gt_rest,dPCC (BA23),R,6.0,-50.0,21.0,MNI,Z,4.78,644.3,activation and deactivation,Table 3
26211895,26198192_C2,sham_gt_rest,IPL,R,50.0,-62.0,23.0,MNI,Z,4.51,467.9,activation and deactivation,Table 3
26211895,26198192_C2,sham_gt_rest,dPCC (BA23),L,-8.0,-57.0,10.0,MNI,Z,4.46,1415.8,activation and deactivation,Table 3
26211895,26198192_C2,sham_gt_rest,MTG,L,-57.0,-11.0,-22.0,MNI,Z,4.29,641.4,activation and deactivation,Table 3
26211895,26198192_C2,sham_gt_rest,IPL,L,-43.0,-67.0,24.0,MNI,Z,4.19,1292.8,activation and deactivation,Table 3
26211895,26198192_C2,sham_gt_rest,"vmPFC, dlPFC",L,-21.0,25.0,36.0,MNI,Z,4.06,2602.8,activation and deactivation,Table 3
26211895,26198192_C2,sham_gt_rest,MTG,R,54.0,-2.0,-31.0,MNI,Z,3.53,432.8,activation and deactivation,Table 3
26211895,26198192_C2,sham_gt_rest,dlPFC,R,9.0,56.0,15.0,MNI,Z,3.47,733.1,activation and deactivation,Table 3
26211895,26198192_C2,sham_gt_rest,SI,R,35.0,-20.0,50.0,MNI,Z,3.05,972.4,activation and deactivation,Table 3
26211895,26198192_C3,other,"aIns, pIns, MI",R,30.0,27.0,7.0,MNI,Z,6.72,4540.6,conjunction (common activation and deactivation),Table 4
26211895,26198192_C3,other,ACC,L,-11.0,14.0,44.0,MNI,Z,5.64,983.3,conjunction (common activation and deactivation),Table 4
26211895,26198192_C3,other,"ACC, preSMA",R,11.0,16.0,41.0,MNI,Z,5.59,1519.2,conjunction (common activation and deactivation),Table 4
26211895,26198192_C3,other,"aIns, Operculum, MI",L,-29.0,23.0,-2.0,MNI,Z,5.51,2475.7,conjunction (common activation and deactivation),Table 4
26211895,26198192_C3,other,"SII, SMA, SPL",L,-54.0,-21.0,30.0,MNI,Z,4.92,2927.4,conjunction (common activation and deactivation),Table 4
26211895,26198192_C3,other,preSMA,L,-8.0,0.0,66.0,MNI,Z,4.79,199.1,conjunction (common activation and deactivation),Table 4
26211895,26198192_C3,other,SII (BA43),R,62.0,-16.0,23.0,MNI,Z,4.73,717.1,conjunction (common activation and deactivation),Table 4
26211895,26198192_C3,other,SMA,L,-32.0,-5.0,43.0,MNI,Z,4.66,854.7,conjunction (common activation and deactivation),Table 4
26211895,26198192_C3,other,vPCC (BA24),L,-5.0,-24.0,27.0,MNI,Z,4.47,229.3,conjunction (common activation and deactivation),Table 4
26211895,26198192_C3,other,vPCC (BA24),R,5.0,-25.0,27.0,MNI,Z,3.74,284.2,conjunction (common activation and deactivation),Table 4
26211895,26198192_C3,other,fusiform area,L,-10.0,-79.0,-4.0,MNI,Z,3.51,664.4,conjunction (common activation and deactivation),Table 4
26211895,26198192_C3,other,SPL,R,31.0,-47.0,41.0,MNI,Z,3.45,747.5,conjunction (common activation and deactivation),Table 4
26211895,26198192_C3,other,occipital lobe,L,-12.0,-85.0,1.0,MNI,Z,3.4,102.6,conjunction (common activation and deactivation),Table 4
26211895,26198192_C3,other,SII (BA40),R,46.0,-32.0,39.0,MNI,Z,3.29,350.1,conjunction (common activation and deactivation),Table 4
26211895,26198192_C3,other,fusiform area,R,5.0,-74.0,3.0,MNI,Z,3.13,516.6,conjunction (common activation and deactivation),Table 4
26211895,26198192_C3,other,dlPFC(BA10),R,36.0,50.0,10.0,MNI,Z,3.01,219.4,conjunction (common activation and deactivation),Table 4
26211895,26198192_C3,other,dlPFC (BA46),R,38.0,39.0,17.0,MNI,Z,2.93,124.6,conjunction (common activation and deactivation),Table 4
26211895,26198192_C3,other,Precuneus,R,14.0,-67.0,37.0,MNI,Z,2.87,196.4,conjunction (common activation and deactivation),Table 4
26211895,26198192_C3,other,SMG (BA42),R,52.0,-38.0,21.0,MNI,Z,2.75,122.7,conjunction (common activation and deactivation),Table 4
26211895,26198192_C3,other,IPL,R,50.0,-62.0,23.0,MNI,Z,4.51,444.1,conjunction (common activation and deactivation),Table 4
26211895,26198192_C3,other,IPL,L,-43.0,-67.0,24.0,MNI,Z,4.19,1253.9,conjunction (common activation and deactivation),Table 4
26211895,26198192_C3,other,MTG,L,-56.0,-10.0,-23.0,MNI,Z,4.16,546.1,conjunction (common activation and deactivation),Table 4
26211895,26198192_C3,other,"vmPFC, dlPFC",L,-21.0,25.0,36.0,MNI,Z,4.02,2484.4,conjunction (common activation and deactivation),Table 4
26211895,26198192_C3,other,dPCC (BA23),L,-5.0,-61.0,22.0,MNI,Z,3.97,1369.8,conjunction (common activation and deactivation),Table 4
26211895,26198192_C3,other,dPCC (BA23),R,9.0,-56.0,31.0,MNI,Z,3.46,623.0,conjunction (common activation and deactivation),Table 4
26211895,26198192_C3,other,vmPFC,R,11.0,51.0,-7.0,MNI,Z,3.28,157.7,conjunction (common activation and deactivation),Table 4
26211895,26198192_C3,other,parahippocampus,L,-30.0,-26.0,-23.0,MNI,Z,3.2,186.2,conjunction (common activation and deactivation),Table 4
26211895,26198192_C3,other,SI,R,43.0,-19.0,49.0,MNI,Z,2.95,165.0,conjunction (common activation and deactivation),Table 4
26211895,26198192_C3,other,dlPFC (BA9),R,24.0,30.0,34.0,MNI,Z,2.51,131.2,conjunction (common activation and deactivation),Table 4
26211895,26198192_C3,other,dmPFC,R,9.0,50.0,15.0,MNI,Z,2.48,107.6,conjunction (common activation and deactivation),Table 4
26211895,26198192_C4,verum_gt_sham,"pIns, SII, SMG",R,63.0,-13.0,19.0,MNI,Z,7.53,5174.0,Genuine > Pseudo (activation) and Genuine < Pseudo (deactivation),Table 5
26211895,26198192_C4,verum_gt_sham,"pIns, SII, SMG",L,-55.0,-25.0,21.0,MNI,Z,5.91,1828.2,Genuine > Pseudo (activation) and Genuine < Pseudo (deactivation),Table 5
26211895,26198192_C4,verum_gt_sham,MCC,R,4.0,-9.0,37.0,MNI,Z,5.37,1159.5,Genuine > Pseudo (activation) and Genuine < Pseudo (deactivation),Table 5
26211895,26198192_C4,verum_gt_sham,SI,R,25.0,-43.0,57.0,MNI,Z,4.93,880.3,Genuine > Pseudo (activation) and Genuine < Pseudo (deactivation),Table 5
26211895,26198192_C4,verum_gt_sham,MTG,L,-50.0,4.0,-15.0,MNI,Z,3.67,744.6,Genuine > Pseudo (activation) and Genuine < Pseudo (deactivation),Table 5
26211895,26198192_C4,verum_gt_sham,precuneus,R,9.0,-64.0,47.0,MNI,Z,3.46,547.1,Genuine > Pseudo (activation) and Genuine < Pseudo (deactivation),Table 5
26211895,26198192_C4,verum_gt_sham,precuneus,L,-7.0,-70.0,49.0,MNI,Z,3.42,894.6,Genuine > Pseudo (activation) and Genuine < Pseudo (deactivation),Table 5
26211895,41520025_SR_C1,sham_gt_rest,"R aIns, operculum, MI, SMA",R,30.0,27.0,7.0,MNI,Z,6.72,4986.3,activation,Table 3
26211895,41520025_SR_C1,sham_gt_rest,L SMA,L,-27.0,-1.0,47.0,MNI,Z,6.58,1261.0,activation,Table 3
26211895,41520025_SR_C1,sham_gt_rest,L ACC,L,-12.0,24.0,33.0,MNI,Z,6.27,1320.7,activation,Table 3
26211895,41520025_SR_C1,sham_gt_rest,"L SII, SMA, SPL, precuneus",L,-29.0,-48.0,39.0,MNI,Z,5.97,5127.4,activation,Table 3
26211895,41520025_SR_C1,sham_gt_rest,"L aIns, operculum, MI",L,-29.0,22.0,-3.0,MNI,Z,5.61,2859.4,activation,Table 3
26211895,41520025_SR_C1,sham_gt_rest,"R ACC, preSMA",R,11.0,16.0,41.0,MNI,Z,5.59,1700.4,activation,Table 3
26211895,41520025_SR_C1,sham_gt_rest,R SPL,R,31.0,-48.0,46.0,MNI,Z,5.29,1144.8,activation,Table 3
26211895,41520025_SR_C1,sham_gt_rest,R Precuneus,R,7.0,-72.0,45.0,MNI,Z,5.01,752.7,activation,Table 3
26211895,41520025_SR_C1,sham_gt_rest,L fusiform area,L,-14.0,-90.0,2.0,MNI,Z,4.77,1570.1,activation,Table 3
26211895,41520025_SR_C1,sham_gt_rest,R SII (BA43),R,62.0,-16.0,23.0,MNI,Z,4.73,717.1,activation,Table 3
26211895,41520025_SR_C1,sham_gt_rest,R fusiform area,R,28.0,-68.0,-4.0,MNI,Z,3.86,713.6,activation,Table 3
26211895,41520025_SR_C1,sham_gt_rest,R vlPFC,R,24.0,43.0,-10.0,MNI,Z,3.71,590.9,activation,Table 3
26211895,41520025_SR_C1,sham_gt_rest,R occipital lobe,R,17.0,-99.0,-3.0,MNI,Z,2.44,421.0,activation,Table 3
26211895,41520025_SR_C2,deactivation,R dPCC (BA23),R,6.0,-50.0,21.0,MNI,Z,4.78,644.3,deactivation,Table 3
26211895,41520025_SR_C2,deactivation,R IPL,R,50.0,-62.0,23.0,MNI,Z,4.51,467.9,deactivation,Table 3
26211895,41520025_SR_C2,deactivation,L dPCC (BA23),L,-8.0,-57.0,10.0,MNI,Z,4.46,1415.8,deactivation,Table 3
26211895,41520025_SR_C2,deactivation,L MTG,L,-57.0,-11.0,-22.0,MNI,Z,4.29,641.4,deactivation,Table 3
26211895,41520025_SR_C2,deactivation,L IPL,L,-43.0,-67.0,24.0,MNI,Z,4.19,1292.8,deactivation,Table 3
26211895,41520025_SR_C2,deactivation,"L vmPFC, dlPFC",L,-21.0,25.0,36.0,MNI,Z,4.06,2602.8,deactivation,Table 3
26211895,41520025_SR_C2,deactivation,R MTG,R,54.0,-2.0,-31.0,MNI,Z,3.53,432.8,deactivation,Table 3
26211895,41520025_SR_C2,deactivation,R dlPFC,R,9.0,56.0,15.0,MNI,Z,3.47,733.1,deactivation,Table 3
26211895,41520025_SR_C2,deactivation,R SI,R,35.0,-20.0,50.0,MNI,Z,3.05,972.4,deactivation,Table 3
26467429,con_real_vs_sham_ALFF,verum_gt_sham,Right cerebrum sub-lobar,right,18.0,0.0,0.0,MNI,peak intensity,4.3743,112,increased ALFF,table
26467429,con_real_vs_sham_ALFF,verum_gt_sham,Right frontal lobe frontal gyrus,right,6.0,54.0,12.0,MNI,peak intensity,6.5696,305,increased ALFF,table
26467429,con_real_vs_sham_ALFF,verum_gt_sham,Left limbic lobe,left,-12.0,-33.0,36.0,MNI,peak intensity,-4.104,87,decreased ALFF,table
26467429,con_real_vs_sham_ReHo,verum_gt_sham,Right parietal lobe and precuneus,right,3.0,-78.0,42.0,MNI,peak intensity,-3.3641,91,decreased ReHo,table
26467429,con_real_vs_sham_ReHo,verum_gt_sham,Left medial frontal gyrus,left,-9.0,60.0,12.0,MNI,peak intensity,5.6462,331,increased ReHo,table
26467429,con_real_vs_sham_ReHo,verum_gt_sham,Left occipital lobe lingual gyrus,left,-3.0,-84.0,-15.0,MNI,peak intensity,-3.8456,165,decreased ReHo,table
26467429,con_KI3_prepost_ALFF,verum_post_gt_pre,Left cerebellum posterior lobe,left,42.0,-72.0,-45.0,MNI,peak intensity,4.1072,88,increased ALFF,table
26467429,con_KI3_prepost_ALFF,verum_post_gt_pre,Left middle frontal gyrus,left,-33.0,45.0,21.0,MNI,peak intensity,4.437,109,increased ALFF,table
26467429,con_KI3_prepost_ReHo,verum_post_gt_pre,Left temporal lobe fusiform gyrus,left,-45.0,-48.0,-21.0,MNI,peak intensity,4.7063,134,increased ReHo,table
26467429,con_KI3_prepost_ReHo,verum_post_gt_pre,Right medial frontal gyrus,right,6.0,54.0,12.0,MNI,peak intensity,6.0951,136,increased ReHo,table
26467429,con_KI3_prepost_ReHo,verum_post_gt_pre,Left limbic lobe cingulate gyrus,left,-18.0,-21.0,39.0,MNI,peak intensity,-7.4947,152,decreased ReHo,table
26467429,con_nonacupoint_prepost_ALFF,sham_post_gt_pre,Left occipital lobe lingual gyrus,left,-12.0,-75.0,0.0,MNI,peak intensity,4.6955,480,increased ALFF,table
26467429,con_nonacupoint_prepost_ALFF,sham_post_gt_pre,Right middle occipital gyrus,right,51.0,-75.0,-12.0,MNI,peak intensity,4.4098,87,increased ALFF,table
26467429,con_nonacupoint_prepost_ALFF,sham_post_gt_pre,Right superior frontal gyrus,right,24.0,48.0,3.0,MNI,peak intensity,-3.9934,126,decreased ALFF,table
26467429,con_nonacupoint_prepost_ALFF,sham_post_gt_pre,Right middle temporal gyrus,right,-45.0,-75.0,12.0,MNI,peak intensity,-4.0215,102,decreased ALFF,table
26467429,con_nonacupoint_prepost_ALFF,sham_post_gt_pre,Right limbic lobe posterior cingulate,right,3.0,-63.0,9.0,MNI,peak intensity,-4.1024,249,decreased ALFF,table
26467429,con_nonacupoint_prepost_ALFF,sham_post_gt_pre,Right parietal lobe postcentral gyrus,right,48.0,-30.0,54.0,MNI,peak intensity,5.9415,367,increased ALFF,table
26467429,con_nonacupoint_prepost_ReHo,sham_post_gt_pre,Left cerebellum posterior lobe pyramis,left,-9.0,-75.0,-33.0,MNI,peak intensity,-4.7741,122,decreased ReHo,table
26467429,con_nonacupoint_prepost_ReHo,sham_post_gt_pre,Left cerebellum anterior lobe culmen,left,0.0,-60.0,-12.0,MNI,peak intensity,-4.9814,107,decreased ReHo,table
26467429,con_nonacupoint_prepost_ReHo,sham_post_gt_pre,Right medial frontal gyrus,right,15.0,54.0,3.0,MNI,peak intensity,-3.936,90,decreased ReHo,table
26467429,con_nonacupoint_prepost_ReHo,sham_post_gt_pre,Right occipital lobe cuneus,right,24.0,-54.0,3.0,MNI,peak intensity,4.1131,85,increased ReHo,table
26467429,con_nonacupoint_prepost_ReHo,sham_post_gt_pre,Left middle temporal gyrus,left,-36.0,-72.0,27.0,MNI,peak intensity,-5.4515,205,decreased ReHo,table
26467429,con_nonacupoint_prepost_ReHo,sham_post_gt_pre,Left limbic lobe cingulate gyrus,left,-6.0,-45.0,27.0,MNI,peak intensity,-5.1418,402,decreased ReHo,table
26467429,con_KI3_vs_nonacupoint_ALFF,group_comparison,Left cerebellum posterior lobe,left,42.0,-72.0,-45.0,MNI,peak intensity,4.1072,88,higher ALFF change in KI3 group,table
26467429,con_KI3_vs_nonacupoint_ALFF,group_comparison,Left cerebrum occipital lobe lingual gyrus,left,-12.0,-75.0,0.0,MNI,peak intensity,-4.6955,480,lower ALFF change in KI3 group (higher in non-acupoint),table
26467429,con_KI3_vs_nonacupoint_ALFF,group_comparison,Right middle occipital gyrus,right,51.0,-75.0,12.0,MNI,peak intensity,-4.4098,87,lower ALFF change in KI3 group (higher in non-acupoint),table
26467429,con_KI3_vs_nonacupoint_ALFF,group_comparison,Left middle frontal gyrus,left,-33.0,45.0,21.0,MNI,peak intensity,4.437,109,higher ALFF change in KI3 group,table
26467429,con_KI3_vs_nonacupoint_ALFF,group_comparison,Right superior frontal gyrus,right,24.0,48.0,3.0,MNI,peak intensity,3.9934,126,higher ALFF change in KI3 group,table
26467429,con_KI3_vs_nonacupoint_ALFF,group_comparison,Left middle temporal gyrus,left,-45.0,-75.0,12.0,MNI,peak intensity,4.0215,102,higher ALFF change in KI3 group,table
26467429,con_KI3_vs_nonacupoint_ALFF,group_comparison,Right limbic lobe posterior cingulate,right,3.0,-63.0,9.0,MNI,peak intensity,4.1024,249,higher ALFF change in KI3 group,table
26467429,con_KI3_vs_nonacupoint_ALFF,group_comparison,Right parietal lobe postcentral gyrus,right,48.0,-30.0,54.0,MNI,peak intensity,-5.9415,367,lower ALFF change in KI3 group (higher in non-acupoint),table
26467429,con_KI3_vs_nonacupoint_ReHo,group_comparison,Left cerebellum posterior lobe pyramis,left,-9.0,-75.0,-33.0,MNI,peak intensity,4.7741,122,higher ReHo change in KI3 group,table
26467429,con_KI3_vs_nonacupoint_ReHo,group_comparison,Left temporal lobe fusiform gyrus,left,-45.0,-48.0,-21.0,MNI,peak intensity,4.7063,134,higher ReHo change in KI3 group,table
26467429,con_KI3_vs_nonacupoint_ReHo,group_comparison,Left cerebellum anterior lobe,left,0.0,-60.0,-12.0,MNI,peak intensity,4.9814,107,higher ReHo change in KI3 group,table
26467429,con_KI3_vs_nonacupoint_ReHo,group_comparison,Right medial frontal gyrus,right,3.0,60.0,12.0,MNI,peak intensity,6.5767,218,higher ReHo change in KI3 group,table
26467429,con_KI3_vs_nonacupoint_ReHo,group_comparison,Right occipital lobe cuneus,right,24.0,-54.0,3.0,MNI,peak intensity,-4.1131,85,lower ReHo change in KI3 group (higher in non-acupoint),table
26467429,con_KI3_vs_nonacupoint_ReHo,group_comparison,Left middle temporal gyrus,left,-36.0,-72.0,27.0,MNI,peak intensity,5.4515,205,higher ReHo change in KI3 group,table
26467429,con_KI3_vs_nonacupoint_ReHo,group_comparison,Left limbic lobecingulate gyrus,left,-6.0,-45.0,27.0,MNI,peak intensity,5.1418,402,higher ReHo change in KI3 group,table
26467429,con_KI3_vs_nonacupoint_ReHo,group_comparison,Left limbic lobe cingulate gyrus,left,-18.0,-21.0,39.0,MNI,peak intensity,-7.4947,152,lower ReHo change in KI3 group,table
26839078,C01_HC_gt_MwoA,group_comparison,L OFC,Left,-3.0,63.0,-18.0,MNI,Z,5.81,297,decreased rs-fc in MwoA vs HC,table
26839078,C01_HC_gt_MwoA,group_comparison,L mPFC,Left,-6.0,54.0,-12.0,MNI,Z,3.91,297,decreased rs-fc in MwoA vs HC,table
26839078,C01_HC_gt_MwoA,group_comparison,L rACC,Left,-12.0,48.0,3.0,MNI,Z,2.84,297,decreased rs-fc in MwoA vs HC,table
26839078,C01_HC_gt_MwoA,group_comparison,R mPFC,Right,6.0,57.0,-9.0,MNI,Z,3.41,297,decreased rs-fc in MwoA vs HC,table
26839078,C01_HC_gt_MwoA,group_comparison,L OFC,Left,-36.0,21.0,-21.0,MNI,Z,4.34,196,decreased rs-fc in MwoA vs HC,table
26839078,C02_MwoA_gt_HC,group_comparison,Bilateral PAG,Bilateral,3.0,-30.0,-15.0,MNI,Z,3.55,236,increased rs-fc in MwoA vs HC,table
26839078,C03_NEG_ASSOC_VAS_BASELINE,correlation_clinical,L mPFC/rACC,Left,-6.0,54.0,-3.0,MNI,Z,3.73,226,negative association (higher VAS = lower rs-fc),table
26839078,C04_POST_GT_PRE_AG,verum_post_gt_pre,L MCC,Left,-3.0,27.0,24.0,MNI,Z,3.51,408,increased rs-fc post-treatment vs pre-treatment,table
26839078,C04_POST_GT_PRE_AG,verum_post_gt_pre,L mPFC,Left,-9.0,51.0,-6.0,MNI,Z,3.18,408,increased rs-fc post-treatment vs pre-treatment,table
26839078,C04_POST_GT_PRE_AG,verum_post_gt_pre,L rACC,Left,-12.0,51.0,9.0,MNI,Z,3.63,408,increased rs-fc post-treatment vs pre-treatment,table
26839078,C04_POST_GT_PRE_AG,verum_post_gt_pre,R MCC,Right,3.0,18.0,15.0,MNI,Z,4.29,408,increased rs-fc post-treatment vs pre-treatment,table
26839078,C04_POST_GT_PRE_AG,verum_post_gt_pre,R rACC,Right,3.0,39.0,15.0,MNI,Z,3.31,408,increased rs-fc post-treatment vs pre-treatment,table
26839078,C05_AG_GT_WT,group_comparison,L MCC,Left,0.0,27.0,12.0,MNI,Z,4.11,501,greater rs-fc increase in AG vs WT,table
26839078,C05_AG_GT_WT,group_comparison,L mPFC,Left,-6.0,54.0,-6.0,MNI,Z,3.24,501,greater rs-fc increase in AG vs WT,table
26839078,C05_AG_GT_WT,group_comparison,L rACC,Left,-12.0,51.0,6.0,MNI,Z,3.98,501,greater rs-fc increase in AG vs WT,table
26839078,C05_AG_GT_WT,group_comparison,R rACC,Right,6.0,39.0,15.0,MNI,Z,3.58,501,greater rs-fc increase in AG vs WT,table
26839078,C06_WT_PRE_GT_POST,deactivation,L Inf Parietal Lob,Left,-39.0,-45.0,42.0,MNI,Z,3.74,221,reduced rs-fc at second vs first scan in WT,table
26839078,C06_WT_PRE_GT_POST,deactivation,L Precuneus,Left,-33.0,-63.0,45.0,MNI,Z,3.72,221,reduced rs-fc at second vs first scan in WT,table
26839078,C06_WT_PRE_GT_POST,deactivation,L Angular gyrus,Left,-33.0,-57.0,39.0,MNI,Z,3.29,221,reduced rs-fc at second vs first scan in WT,table
26839078,C07_NEG_ASSOC_VAS_CHANGE_AG,correlation_clinical,L MCC/rACC,Left,-12.0,36.0,21.0,MNI,Z,3.13,523,negative association (greater rs-fc increase = greater VAS decrease),table
26839078,C07_NEG_ASSOC_VAS_CHANGE_AG,correlation_clinical,L Sup Frontal gyrus,Left,-24.0,42.0,27.0,MNI,Z,3.77,523,negative association,table
26839078,C07_NEG_ASSOC_VAS_CHANGE_AG,correlation_clinical,R MCC/rACC,Right,15.0,48.0,21.0,MNI,Z,3.88,523,negative association,table
26839078,C07_NEG_ASSOC_VAS_CHANGE_AG,correlation_clinical,R SMA/preSMA,Right,12.0,9.0,66.0,MNI,Z,4.21,523,negative association,table
26839078,C07_NEG_ASSOC_VAS_CHANGE_AG,correlation_clinical,R Mid Frontal gyrus,Right,27.0,42.0,27.0,MNI,Z,3.76,523,negative association,table
26839078,C07_NEG_ASSOC_VAS_CHANGE_AG,correlation_clinical,L Putamen,Left,-18.0,15.0,0.0,MNI,Z,4.71,296,negative association,table
26839078,C07_NEG_ASSOC_VAS_CHANGE_AG,correlation_clinical,L Caudate,Left,-9.0,0.0,15.0,MNI,Z,4.57,296,negative association,table
26839078,C07_NEG_ASSOC_VAS_CHANGE_AG,correlation_clinical,L Thalamus,Left,-15.0,-12.0,9.0,MNI,Z,3.57,296,negative association,table
26839078,C07_NEG_ASSOC_VAS_CHANGE_AG,correlation_clinical,L Cerebellum,Left,-9.0,-57.0,-54.0,MNI,Z,4.25,300,negative association,table
26839078,C08_VA_GT_SA,verum_gt_sham,bilateral ventral/anterior mPFC,Bilateral,12.0,57.0,-18.0,MNI,Z,4.04,238,greater rs-fc increase in verum vs sham,text
26839078,C08_VA_GT_SA,verum_gt_sham,left middle occipital gyrus/cunues,Left,-21.0,-102.0,0.0,MNI,Z,3.91,210,greater rs-fc increase in verum vs sham,text
26839078,C08_VA_GT_SA,verum_gt_sham,right middle occipital gyrus/cunues,Right,33.0,-99.0,0.0,MNI,Z,4.15,348,greater rs-fc increase in verum vs sham,text
26839078,C09_CONTROL_SEED_AQUEDUCT,group_comparison,adjacent PAG,not_reported,0.0,-33.0,-12.0,MNI,Z,4.55,690,increased rs-fc in MwoA vs HC,text
26839078,26842848_C1,group_comparison,L OFC,L,-3.0,63.0,-18.0,MNI,Z,5.81,297,HC > MwoA (reduced rs-fc in MwoA patients),Table 4
26839078,26842848_C1,group_comparison,L mPFC,L,-6.0,54.0,-12.0,MNI,Z,3.91,297,HC > MwoA (reduced rs-fc in MwoA patients),Table 4
26839078,26842848_C1,group_comparison,L rACC,L,-12.0,48.0,3.0,MNI,Z,2.84,297,HC > MwoA (reduced rs-fc in MwoA patients),Table 4
26839078,26842848_C1,group_comparison,R mPFC,R,6.0,57.0,-9.0,MNI,Z,3.41,297,HC > MwoA (reduced rs-fc in MwoA patients),Table 4
26839078,26842848_C1,group_comparison,L OFC,L,-36.0,21.0,-21.0,MNI,Z,4.34,196,HC > MwoA (reduced rs-fc in MwoA patients),Table 4
26839078,26842848_C2,group_comparison,Bilateral PAG,R,3.0,-30.0,-15.0,MNI,Z,3.55,236,MwoA > HC (increased rs-fc in MwoA patients),Table 4
26839078,26842848_C3,verum_post_gt_pre,L MCC,L,-3.0,27.0,24.0,MNI,Z,3.51,408,Post > Pre (increased rs-fc after treatment),Table 4
26839078,26842848_C3,verum_post_gt_pre,L mPFC,L,-9.0,51.0,-6.0,MNI,Z,3.18,408,Post > Pre (increased rs-fc after treatment),Table 4
26839078,26842848_C3,verum_post_gt_pre,L rACC,L,-12.0,51.0,9.0,MNI,Z,3.63,408,Post > Pre (increased rs-fc after treatment),Table 4
26839078,26842848_C3,verum_post_gt_pre,R MCC,R,3.0,18.0,15.0,MNI,Z,4.29,408,Post > Pre (increased rs-fc after treatment),Table 4
26839078,26842848_C3,verum_post_gt_pre,R rACC,R,3.0,39.0,15.0,MNI,Z,3.31,408,Post > Pre (increased rs-fc after treatment),Table 4
26839078,26842848_C4,group_comparison,L MCC,midline,0.0,27.0,12.0,MNI,Z,4.11,501,AG > WT (greater increase in rs-fc in acupuncture group),Table 4
26839078,26842848_C4,group_comparison,L mPFC,L,-6.0,54.0,-6.0,MNI,Z,3.24,501,AG > WT (greater increase in rs-fc in acupuncture group),Table 4
26839078,26842848_C4,group_comparison,L rACC,L,-12.0,51.0,6.0,MNI,Z,3.98,501,AG > WT (greater increase in rs-fc in acupuncture group),Table 4
26839078,26842848_C4,group_comparison,R rACC,R,6.0,39.0,15.0,MNI,Z,3.58,501,AG > WT (greater increase in rs-fc in acupuncture group),Table 4
26839078,26842848_C5,deactivation,L Inf Parietal Lob,L,-39.0,-45.0,42.0,MNI,Z,3.74,221,Pre > Post (reduced rs-fc over time in waiting-list),Table 4
26839078,26842848_C5,deactivation,L Precuneus,L,-33.0,-63.0,45.0,MNI,Z,3.72,221,Pre > Post (reduced rs-fc over time in waiting-list),Table 4
26839078,26842848_C5,deactivation,L Angular gyrus,L,-33.0,-57.0,39.0,MNI,Z,3.29,221,Pre > Post (reduced rs-fc over time in waiting-list),Table 4
26839078,26842848_C6,correlation_clinical,L mPFC/rACC,L,-6.0,54.0,-3.0,MNI,Z,3.73,226,Negative (higher VAS associated with lower rs-fc),Table 5
26839078,26842848_C7,correlation_clinical,L MCC/rACC,L,-12.0,36.0,21.0,MNI,Z,3.13,523,Negative (greater rs-fc increase associated with greater VAS reduction),Table 5
26839078,26842848_C7,correlation_clinical,L Sup Frontal gyrus,L,-24.0,42.0,27.0,MNI,Z,3.77,523,Negative (greater rs-fc increase associated with greater VAS reduction),Table 5
26839078,26842848_C7,correlation_clinical,R MCC/rACC,R,15.0,48.0,21.0,MNI,Z,3.88,523,Negative (greater rs-fc increase associated with greater VAS reduction),Table 5
26839078,26842848_C7,correlation_clinical,R SMA/preSMA,R,12.0,9.0,66.0,MNI,Z,4.21,523,Negative (greater rs-fc increase associated with greater VAS reduction),Table 5
26839078,26842848_C7,correlation_clinical,R Mid Frontal gyrus,R,27.0,42.0,27.0,MNI,Z,3.76,523,Negative (greater rs-fc increase associated with greater VAS reduction),Table 5
26839078,26842848_C7,correlation_clinical,L Putamen,L,-18.0,15.0,0.0,MNI,Z,4.71,296,Negative (greater rs-fc increase associated with greater VAS reduction),Table 5
26839078,26842848_C7,correlation_clinical,L Caudate,L,-9.0,0.0,15.0,MNI,Z,4.57,296,Negative (greater rs-fc increase associated with greater VAS reduction),Table 5
26839078,26842848_C7,correlation_clinical,L Thalamus,L,-15.0,-12.0,9.0,MNI,Z,3.57,296,Negative (greater rs-fc increase associated with greater VAS reduction),Table 5
26839078,26842848_C7,correlation_clinical,L Cerebellum,L,-9.0,-57.0,-54.0,MNI,Z,4.25,300,Negative (greater rs-fc increase associated with greater VAS reduction),Table 5
26839078,26842848_C8,verum_gt_sham,bilateral ventral/anterior mPFC,R,12.0,57.0,-18.0,MNI,Z,4.04,238,Verum > Sham (greater rs-fc increase in verum group),text p.5
26839078,26842848_C8,verum_gt_sham,left middle occipital gyrus/cunues,L,-21.0,-102.0,0.0,MNI,Z,3.91,210,Verum > Sham (greater rs-fc increase in verum group),text p.5
26839078,26842848_C8,verum_gt_sham,right middle occipital gyrus/cunues,R,33.0,-99.0,0.0,MNI,Z,4.15,348,Verum > Sham (greater rs-fc increase in verum group),text p.5
26839078,26842848_C9,group_comparison,adjacent PAG,midline,0.0,-33.0,-12.0,MNI,Z,4.55,690,MwoA > HC (increased rs-fc in MwoA patients),text p.5
27242492,con_MDD_gt_HC_FC,group_comparison,Middle prefrontal cortex,R,24.0,18.0,54.0,MNI,T-Value,3.97,62,increased FC (patients > healthy subjects),table
27242492,con_MDD_gt_HC_FC,group_comparison,Angular gyrus,L,-36.0,-63.0,45.0,MNI,T-Value,3.76,39,increased FC (patients > healthy subjects),table
27242492,con_MDD_gt_HC_FC,group_comparison,Angular gyrus,R,42.0,-69.0,48.0,MNI,T-Value,4.18,44,increased FC (patients > healthy subjects),table
27242492,con_HC_gt_MDD_FC,group_comparison,ACC,L,-6.0,36.0,12.0,MNI,T-Value,-3.66,65,decreased FC in patients relative to healthy subjects,table
27242492,con_HC_gt_MDD_FC,group_comparison,ACC,R,6.0,42.0,6.0,MNI,T-Value,-3.98,59,decreased FC in patients relative to healthy subjects,table
27242492,con_post_lt_pre_FC,verum_post_gt_pre,Middle prefrontal cortex,L,-21.0,18.0,51.0,MNI,T-Value,-3.96,57,decreased FC after EAS,table
27242492,con_post_lt_pre_FC,verum_post_gt_pre,Angular gyrus,L,-39.0,-60.0,48.0,MNI,T-Value,-4.78,92,decreased FC after EAS,table
27242492,con_post_lt_pre_FC,verum_post_gt_pre,HIPP/paraHIPP,L,-27.0,-18.0,-18.0,MNI,T-Value,-3.96,38,decreased FC after EAS,table
27242492,con_post_lt_pre_FC,verum_post_gt_pre,HIPP/paraHIPP,R,27.0,-15.0,-18.0,MNI,T-Value,-3.82,33,decreased FC after EAS,table
27242492,con_post_gt_pre_FC,verum_post_gt_pre,ACC,L,-6.0,36.0,12.0,MNI,T-Value,3.75,39,increased FC after EAS,table
27242492,con_post_gt_pre_FC,verum_post_gt_pre,ACC,R,6.0,33.0,21.0,MNI,T-Value,4.1,46,increased FC after EAS,table
27242492,27199736_C1,group_comparison,Middle prefrontal cortex,R,24.0,18.0,54.0,MNI,t,3.97,62,increased FC in patients vs healthy subjects,Table 2
27242492,27199736_C1,group_comparison,Angular gyrus,L,-36.0,-63.0,45.0,MNI,t,3.76,39,increased FC in patients vs healthy subjects,Table 2
27242492,27199736_C1,group_comparison,Angular gyrus,R,42.0,-69.0,48.0,MNI,t,4.18,44,increased FC in patients vs healthy subjects,Table 2
27242492,27199736_C2,group_comparison,ACC,L,-6.0,36.0,12.0,MNI,t,-3.66,65,decreased FC in patients vs healthy subjects,Table 2
27242492,27199736_C2,group_comparison,ACC,R,6.0,42.0,6.0,MNI,t,-3.98,59,decreased FC in patients vs healthy subjects,Table 2
27242492,27199736_C3,verum_post_gt_pre,Middle prefrontal cortex,L,-21.0,18.0,51.0,MNI,t,-3.96,57,decreased FC after EAS,Table 2
27242492,27199736_C3,verum_post_gt_pre,Angular gyrus,L,-39.0,-60.0,48.0,MNI,t,-4.78,92,decreased FC after EAS,Table 2
27242492,27199736_C3,verum_post_gt_pre,HIPP/paraHIPP,L,-27.0,-18.0,-18.0,MNI,t,-3.96,38,decreased FC after EAS,Table 2
27242492,27199736_C3,verum_post_gt_pre,HIPP/paraHIPP,R,27.0,-15.0,-18.0,MNI,t,-3.82,33,decreased FC after EAS,Table 2
27242492,27199736_C4,verum_post_gt_pre,ACC,L,-6.0,36.0,12.0,MNI,t,3.75,39,increased FC after EAS,Table 2
27242492,27199736_C4,verum_post_gt_pre,ACC,R,6.0,33.0,21.0,MNI,t,4.1,46,increased FC after EAS,Table 2
27688791,con_LR3_pre_vs_post_once_ROI1,verum_post_gt_pre,Superior frontal gyrus,R,21.0,51.0,24.0,MNI,Peak intensity (t-value),-5.5292,581,negative peak intensity,table
27688791,con_LR3_pre_vs_post_once_ROI1,verum_post_gt_pre,Sublobar extranuclear,L,-9.0,-18.0,24.0,MNI,Peak intensity (t-value),5.7772,512,positive peak intensity,table
27688791,con_LR3_pre_vs_post_once_ROI2,verum_post_gt_pre,Frontal lobe subgyral,R,27.0,24.0,39.0,MNI,Peak intensity (t-value),5.1657,233,positive peak intensity,table
27688791,con_LR3_pre_vs_post_once_ROI2,verum_post_gt_pre,Frontal lobe subgyral,L,-15.0,24.0,45.0,MNI,Peak intensity (t-value),4.6882,332,positive peak intensity,table
27688791,con_LR3_pre_vs_post_once_ROI2,verum_post_gt_pre,Limbic lobe cingulate gyrus,L,-6.0,-12.0,42.0,MNI,Peak intensity (t-value),-5.2389,337,negative peak intensity,table
27688791,con_LR3_pre_vs_post_once_ROI3,verum_post_gt_pre,Frontal lobe medial frontal gyrus,R,9.0,42.0,21.0,MNI,Peak intensity (t-value),5.4445,287,positive peak intensity,table
27688791,con_LR3_pre_vs_post_once_ROI3,verum_post_gt_pre,Frontal lobe medial frontal gyrus,L,-9.0,-15.0,51.0,MNI,Peak intensity (t-value),-5.64,260,negative peak intensity,table
27688791,con_LR3_pre_vs_post_once_ROI4,verum_post_gt_pre,Frontal lobe middle frontal gyrus,R,36.0,12.0,42.0,MNI,Peak intensity (t-value),5.253,319,positive peak intensity,table
27688791,con_LR3_pre_vs_post_once_ROI4,verum_post_gt_pre,Frontal lobe medial frontal gyrus,R,9.0,45.0,21.0,MNI,Peak intensity (t-value),4.5799,256,positive peak intensity,table
27688791,con_LR3_pre_vs_post_once_ROI4,verum_post_gt_pre,Frontal lobe middle frontal gyrus,L,-42.0,15.0,33.0,MNI,Peak intensity (t-value),6.6073,284,positive peak intensity,table
27688791,con_sham_pre_vs_post_once_ROI1,sham_post_gt_pre,Frontal lobe subgyral,R,18.0,33.0,-6.0,MNI,Peak intensity (t-value),-5.4482,493,negative peak intensity,table
27688791,con_sham_pre_vs_post_once_ROI2,sham_post_gt_pre,Limbic lobe anterior cingulate,L,-6.0,33.0,-3.0,MNI,Peak intensity (t-value),-5.5452,325,negative peak intensity,table
27688791,con_sham_pre_vs_post_once_ROI3,sham_post_gt_pre,Frontal lobe superior frontal gyrus,R,18.0,54.0,-21.0,MNI,Peak intensity (t-value),-5.256,235,negative peak intensity,table
27688791,con_sham_pre_vs_post_once_ROI3,sham_post_gt_pre,Occipital lobe precuneus,R,15.0,-66.0,18.0,MNI,Peak intensity (t-value),-5.9429,308,negative peak intensity,table
27688791,con_sham_pre_vs_post_once_ROI3,sham_post_gt_pre,Frontal lobe inferior frontal gyrus,L,-18.0,36.0,-24.0,MNI,Peak intensity (t-value),-5.1067,244,negative peak intensity,table
27688791,con_sham_pre_vs_post_once_ROI4,sham_post_gt_pre,Limbic lobe anterior cingulate,L,-9.0,30.0,-6.0,MNI,Peak intensity (t-value),-4.683,245,negative peak intensity,table
27688791,con_LR3_pre_vs_post_treatment_ROI1,verum_post_gt_pre,Frontal lobe subgyral,R,36.0,-15.0,39.0,MNI,Peak intensity (t-value),6.1613,851,positive peak intensity,table
27688791,con_LR3_pre_vs_post_treatment_ROI1,verum_post_gt_pre,Limbic lobe medial frontal gyrus,L,-6.0,36.0,30.0,MNI,Peak intensity (t-value),8.8247,795,positive peak intensity,table
27688791,con_LR3_pre_vs_post_treatment_ROI2,verum_post_gt_pre,Frontal lobe superior frontal gyrus,R,6.0,9.0,60.0,MNI,Peak intensity (t-value),8.7245,365,positive peak intensity,table
27688791,con_LR3_pre_vs_post_treatment_ROI2,verum_post_gt_pre,Frontal lobe inferior frontal gyrus,R,51.0,12.0,24.0,MNI,Peak intensity (t-value),5.4087,316,positive peak intensity,table
27688791,con_LR3_pre_vs_post_treatment_ROI3,verum_post_gt_pre,Posterior lobe declive,R,24.0,-78.0,-21.0,MNI,Peak intensity (t-value),5.045,268,positive peak intensity,table
27688791,con_LR3_pre_vs_post_treatment_ROI3,verum_post_gt_pre,Limbic lobe cingulate gyrus,L,-3.0,27.0,36.0,MNI,Peak intensity (t-value),6.5397,1895,positive peak intensity,table
27688791,con_LR3_pre_vs_post_treatment_ROI4,verum_post_gt_pre,Frontal lobe middle frontal gyrus,R,36.0,12.0,45.0,MNI,Peak intensity (t-value),6.8551,413,positive peak intensity,table
27688791,con_LR3_pre_vs_post_treatment_ROI4,verum_post_gt_pre,Sublobar insula,R,45.0,-42.0,18.0,MNI,Peak intensity (t-value),5.2198,510,positive peak intensity,table
27688791,con_LR3_pre_vs_post_treatment_ROI4,verum_post_gt_pre,Frontal lobe middle frontal gyrus,L,-45.0,6.0,51.0,MNI,Peak intensity (t-value),5.0709,880,positive peak intensity,table
27688791,27525012_C1,verum_post_gt_pre,Superior frontal gyrus,R,21.0,51.0,24.0,MNI,t,-5.5292,581,mixed (both increases and decreases reported via signed peak intensity),Table 3
27688791,27525012_C1,verum_post_gt_pre,Sublobar extranuclear,L,-9.0,-18.0,24.0,MNI,t,5.7772,512,mixed (both increases and decreases reported via signed peak intensity),Table 3
27688791,27525012_C1,verum_post_gt_pre,Frontal lobe subgyral,R,27.0,24.0,39.0,MNI,t,5.1657,233,mixed (both increases and decreases reported via signed peak intensity),Table 3
27688791,27525012_C1,verum_post_gt_pre,Frontal lobe subgyral,L,-15.0,24.0,45.0,MNI,t,4.6882,332,mixed (both increases and decreases reported via signed peak intensity),Table 3
27688791,27525012_C1,verum_post_gt_pre,Limbic lobe cingulate gyrus,L,-6.0,-12.0,42.0,MNI,t,-5.2389,337,mixed (both increases and decreases reported via signed peak intensity),Table 3
27688791,27525012_C1,verum_post_gt_pre,Frontal lobe medial frontal gyrus,R,9.0,42.0,21.0,MNI,t,5.4445,287,mixed (both increases and decreases reported via signed peak intensity),Table 3
27688791,27525012_C1,verum_post_gt_pre,Frontal lobe medial frontal gyrus,L,-9.0,-15.0,51.0,MNI,t,-5.64,260,mixed (both increases and decreases reported via signed peak intensity),Table 3
27688791,27525012_C1,verum_post_gt_pre,Frontal lobe middle frontal gyrus,R,36.0,12.0,42.0,MNI,t,5.253,319,mixed (both increases and decreases reported via signed peak intensity),Table 3
27688791,27525012_C1,verum_post_gt_pre,Frontal lobe medial frontal gyrus,R,9.0,45.0,21.0,MNI,t,4.5799,256,mixed (both increases and decreases reported via signed peak intensity),Table 3
27688791,27525012_C1,verum_post_gt_pre,Frontal lobe middle frontal gyrus,L,-42.0,15.0,33.0,MNI,t,6.6073,284,mixed (both increases and decreases reported via signed peak intensity),Table 3
27688791,27525012_C2,sham_post_gt_pre,Frontal lobe subgyral,R,18.0,33.0,-6.0,MNI,t,-5.4482,493,mixed (both increases and decreases reported via signed peak intensity),Table 4
27688791,27525012_C2,sham_post_gt_pre,Limbic lobe anterior cingulate,L,-6.0,33.0,-3.0,MNI,t,-5.5452,325,mixed (both increases and decreases reported via signed peak intensity),Table 4
27688791,27525012_C2,sham_post_gt_pre,Frontal lobe superior frontal gyrus,R,18.0,54.0,-21.0,MNI,t,-5.256,235,mixed (both increases and decreases reported via signed peak intensity),Table 4
27688791,27525012_C2,sham_post_gt_pre,Occipital lobe precuneus,R,15.0,-66.0,18.0,MNI,t,-5.9429,308,mixed (both increases and decreases reported via signed peak intensity),Table 4
27688791,27525012_C2,sham_post_gt_pre,Frontal lobe inferior frontal gyrus,L,-18.0,36.0,-24.0,MNI,t,-5.1067,244,mixed (both increases and decreases reported via signed peak intensity),Table 4
27688791,27525012_C2,sham_post_gt_pre,Limbic lobe anterior cingulate,L,-9.0,30.0,-6.0,MNI,t,-4.683,245,mixed (both increases and decreases reported via signed peak intensity),Table 4
27688791,27525012_C3,verum_post_gt_pre,Frontal lobe subgyral,R,36.0,-15.0,39.0,MNI,t,6.1613,851,mixed (both increases and decreases reported via signed peak intensity),Table 5
27688791,27525012_C3,verum_post_gt_pre,Limbic lobe medial frontal gyrus,L,-6.0,36.0,30.0,MNI,t,8.8247,795,mixed (both increases and decreases reported via signed peak intensity),Table 5
27688791,27525012_C3,verum_post_gt_pre,Frontal lobe superior frontal gyrus,R,6.0,9.0,60.0,MNI,t,8.7245,365,mixed (both increases and decreases reported via signed peak intensity),Table 5
27688791,27525012_C3,verum_post_gt_pre,Frontal lobe inferior frontal gyrus,R,51.0,12.0,24.0,MNI,t,5.4087,316,mixed (both increases and decreases reported via signed peak intensity),Table 5
27688791,27525012_C3,verum_post_gt_pre,Posterior lobe declive,R,24.0,-78.0,-21.0,MNI,t,5.045,268,mixed (both increases and decreases reported via signed peak intensity),Table 5
27688791,27525012_C3,verum_post_gt_pre,Limbic lobe cingulate gyrus,L,-3.0,27.0,36.0,MNI,t,6.5397,1895,mixed (both increases and decreases reported via signed peak intensity),Table 5
27688791,27525012_C3,verum_post_gt_pre,Frontal lobe middle frontal gyrus,R,36.0,12.0,45.0,MNI,t,6.8551,413,mixed (both increases and decreases reported via signed peak intensity),Table 5
27688791,27525012_C3,verum_post_gt_pre,Sublobar insula,R,45.0,-42.0,18.0,MNI,t,5.2198,510,mixed (both increases and decreases reported via signed peak intensity),Table 5
27688791,27525012_C3,verum_post_gt_pre,Frontal lobe middle frontal gyrus,L,-45.0,6.0,51.0,MNI,t,5.0709,880,mixed (both increases and decreases reported via signed peak intensity),Table 5
27688791,18606019_SR_C1,sham_post_gt_pre,Frontal lobe subgyral R,R,18.0,33.0,-6.0,MNI,t,-5.4482,493,deactivation,Table 4
27688791,18606019_SR_C2,sham_post_gt_pre,Limbic lobe anterior cingulate L,L,-6.0,33.0,-3.0,MNI,t,-5.5452,325,deactivation,Table 4
27688791,18606019_SR_C3,sham_post_gt_pre,Frontal lobe superior frontal gyrus R,R,18.0,54.0,-21.0,MNI,t,-5.256,235,deactivation,Table 4
27688791,18606019_SR_C3,sham_post_gt_pre,Occipital lobe precuneus R,R,15.0,-66.0,18.0,MNI,t,-5.9429,308,deactivation,Table 4
27688791,18606019_SR_C3,sham_post_gt_pre,Frontal lobe inferior frontal gyrus L,L,-18.0,36.0,-24.0,MNI,t,-5.1067,244,deactivation,Table 4
27688791,18606019_SR_C4,sham_post_gt_pre,Limbic lobe anterior cingulate L,L,-9.0,30.0,-6.0,MNI,t,-4.683,245,deactivation,Table 4
27803655,c01_DCM_ST36_vs_CP1,verum_gt_sham,Parahippocampal gyrus,R,28.0,-53.0,1.0,Talairach space,T-value,"4,35",7344,higher centrality for ST36,table
27803655,c01_DCM_ST36_vs_CP1,verum_gt_sham,Posterior cingulate/Precuneus,L,-17.0,-64.0,25.0,Talairach space,T-value,"4,30",4536,higher centrality for ST36,table
27803655,c01_DCM_ST36_vs_CP1,verum_gt_sham,Dorsolateral prefrontal cortex,R,39.0,8.0,41.0,Talairach space,T-value,"−3,65",2160,lower centrality for ST36,table
27803655,c01_DCM_ST36_vs_CP1,verum_gt_sham,Dorsolateral prefrontal cortex,L,-42.0,45.0,12.0,Talairach space,T-value,"−3,87",2133,lower centrality for ST36,table
27803655,c02_DCM_ST36_vs_CP2,verum_gt_sham,Parahippocampal gyrus/Middle temporal gyrus,R,25.0,-44.0,-4.0,Talairach space,T-value,"4,70",5940,higher centrality for ST36,table
27803655,c02_DCM_ST36_vs_CP2,verum_gt_sham,Pre/Postcentral gyrus (M1/S1),R,39.0,-11.0,41.0,Talairach space,T-value,"3,93",2835,higher centrality for ST36,table
27803655,c02_DCM_ST36_vs_CP2,verum_gt_sham,Declive,R,19.0,-79.0,-20.0,Talairach space,T-value,"−3,59",2133,lower centrality for ST36,table
27803655,c04_ECM_ST36_vs_CP1,verum_gt_sham,Parahippocampal gyrus,R,28.0,-53.0,1.0,Talairach space,T-value,"4,42",11097,higher centrality for ST36,table
27803655,c04_ECM_ST36_vs_CP1,verum_gt_sham,Posterior cingulate/Precuneus,L,-17.0,-64.0,25.0,Talairach space,T-value,"4,19",5670,higher centrality for ST36,table
27803655,c04_ECM_ST36_vs_CP1,verum_gt_sham,Dorsolateral prefrontal cortex,L,-42.0,45.0,12.0,Talairach space,T-value,"−3,76",2322,lower centrality for ST36,table
27803655,c05_ECM_ST36_vs_CP2,verum_gt_sham,Parahippocampal gyrus/Middle temporal gyrus,R,25.0,-44.0,-4.0,Talairach space,T-value,"5,12",7317,higher centrality for ST36,table
27803655,c05_ECM_ST36_vs_CP2,verum_gt_sham,Declive,R,19.0,-79.0,-20.0,Talairach space,T-value,"−3,92",4077,lower centrality for ST36,table
27803655,c05_ECM_ST36_vs_CP2,verum_gt_sham,Pre/Postcentral gyrus (M1/S1),R,39.0,-11.0,41.0,Talairach space,T-value,"4,12",3537,higher centrality for ST36,table
27803655,c05_ECM_ST36_vs_CP2,verum_gt_sham,Pre/Postcentral gyrus (M1/S1),L,-34.0,-13.0,46.0,Talairach space,T-value,"3,99",2970,higher centrality for ST36,table
27803655,c05_ECM_ST36_vs_CP2,verum_gt_sham,Orbital frontal cortex,R,47.0,36.0,1.0,Talairach space,T-value,"−3,29",2214,lower centrality for ST36,table
27803655,27790149_C1,verum_gt_sham,Parahippocampal gyrus,R,28.0,-53.0,1.0,TAL,t,4.35,7344,both (positive and negative differences reported),Table 1
27803655,27790149_C1,verum_gt_sham,Posterior cingulate/Precuneus,L,-17.0,-64.0,25.0,TAL,t,4.3,4536,both (positive and negative differences reported),Table 1
27803655,27790149_C1,verum_gt_sham,Dorsolateral prefrontal cortex,R,39.0,8.0,41.0,TAL,t,-3.65,2160,both (positive and negative differences reported),Table 1
27803655,27790149_C1,verum_gt_sham,Dorsolateral prefrontal cortex,L,-42.0,45.0,12.0,TAL,t,-3.87,2133,both (positive and negative differences reported),Table 1
27803655,27790149_C2,verum_gt_sham,Parahippocampal gyrus/Middle temporal gyrus,R,25.0,-44.0,-4.0,TAL,t,4.7,5940,both (positive and negative differences reported),Table 1
27803655,27790149_C2,verum_gt_sham,Pre/Postcentral gyrus (M1/S1),R,39.0,-11.0,41.0,TAL,t,3.93,2835,both (positive and negative differences reported),Table 1
27803655,27790149_C2,verum_gt_sham,Declive,R,19.0,-79.0,-20.0,TAL,t,-3.59,2133,both (positive and negative differences reported),Table 1
27803655,27790149_C4,verum_gt_sham,Parahippocampal gyrus,R,28.0,-53.0,1.0,TAL,t,4.42,11097,both (positive and negative differences reported),Table 1
27803655,27790149_C4,verum_gt_sham,Posterior cingulate/Precuneus,L,-17.0,-64.0,25.0,TAL,t,4.19,5670,both (positive and negative differences reported),Table 1
27803655,27790149_C4,verum_gt_sham,Dorsolateral prefrontal cortex,L,-42.0,45.0,12.0,TAL,t,-3.76,2322,both (positive and negative differences reported),Table 1
27803655,27790149_C5,verum_gt_sham,Parahippocampal gyrus/Middle temporal gyrus,R,25.0,-44.0,-4.0,TAL,t,5.12,7317,both (positive and negative differences reported),Table 1
27803655,27790149_C5,verum_gt_sham,Declive,R,19.0,-79.0,-20.0,TAL,t,-3.92,4077,both (positive and negative differences reported),Table 1
27803655,27790149_C5,verum_gt_sham,Pre/Postcentral gyrus (M1/S1),R,39.0,-11.0,41.0,TAL,t,4.12,3537,both (positive and negative differences reported),Table 1
27803655,27790149_C5,verum_gt_sham,Pre/Postcentral gyrus (M1/S1),L,-34.0,-13.0,46.0,TAL,t,3.99,2970,both (positive and negative differences reported),Table 1
27803655,27790149_C5,verum_gt_sham,Orbital frontal cortex,R,47.0,36.0,1.0,TAL,t,-3.29,2214,both (positive and negative differences reported),Table 1
27812501,con_001,verum_post_gt_pre,Left sgACC/pgACC,left,-4.0,24.0,-20.0,MNI space,Z-value,3.78,278,increased (post > pre),table
27812501,con_002,verum_post_gt_pre,Left Para/Pu,left,-28.0,-2.0,-12.0,MNI space,Z-value,3.86,325,increased (post > pre),table
27812501,con_003,sham_post_gt_pre,Left Para/Pu,left,-28.0,-2.0,-12.0,MNI space,Z-value,3.53,359,decreased (post < pre),table
27812501,con_004,verum_gt_sham,Left sgACC/pgACC,left,-14.0,28.0,-22.0,MNI space,Z-value,3.64,310,increased (verum > sham),table
27812501,con_005,verum_gt_sham,Left Para/Pu,left,-28.0,-2.0,-12.0,MNI space,Z-value,3.74,352,increased (verum > sham),table
27812501,27668191_C1,verum_post_gt_pre,Left sgACC/pgACC,L,-4.0,24.0,-20.0,MNI,Z,3.78,278,increased,Table 2
27812501,27668191_C2,verum_post_gt_pre,Left Para/Pu,L,-28.0,-2.0,-12.0,MNI,Z,3.86,325,increased,Table 2
27812501,27668191_C3,sham_post_gt_pre,Left Para/Pu,L,-28.0,-2.0,-12.0,MNI,Z,3.53,359,decreased,Table 2
27812501,27668191_C4,verum_gt_sham,Left sgACC/pgACC,L,-14.0,28.0,-22.0,MNI,Z,3.64,310,ACU plus fluoxetine greater than Sham plus fluoxetine,Table 2
27812501,27668191_C5,verum_gt_sham,Left Para/Pu,L,-28.0,-2.0,-12.0,MNI,Z,3.74,352,ACU plus fluoxetine greater than Sham plus fluoxetine,Table 2
27857211,c001,group_comparison,ACC,L,-3.0,33.0,-3.0,MNI,t value,3.19,11,CD > HC (increased ReHo),table
27857211,c001,group_comparison,ACC,R,2.0,30.0,14.0,MNI,t value,3.32,14,CD > HC (increased ReHo),table
27857211,c001,group_comparison,Middle frontal cortex,L,-41.0,50.0,18.0,MNI,t value,3.28,20,CD > HC (increased ReHo),table
27857211,c001,group_comparison,Middle frontal cortex,R,36.0,44.0,29.0,MNI,t value,3.13,12,CD > HC (increased ReHo),table
27857211,c001,group_comparison,Superior frontal medial cortex,L,-3.0,64.0,24.0,MNI,t value,3.16,45,CD > HC (increased ReHo),table
27857211,c001,group_comparison,Superior frontal medial cortex,R,2.0,60.0,24.0,MNI,t value,3.19,69,CD > HC (increased ReHo),table
27857211,c001,group_comparison,Superior parietal cortex,L,-18.0,-63.0,57.0,MNI,t value,3.02,17,CD > HC (increased ReHo),table
27857211,c001,group_comparison,Precuneus,L,-1.0,-73.0,49.0,MNI,t value,3.14,15,CD > HC (increased ReHo),table
27857211,c001,group_comparison,Precuneus,R,2.0,-72.0,48.0,MNI,t value,4.12,30,CD > HC (increased ReHo),table
27857211,c001,group_comparison,Angular gyrus,R,55.0,-63.0,29.0,MNI,t value,3.26,26,CD > HC (increased ReHo),table
27857211,c001,group_comparison,Middle occipital cortex,L,-34.0,-81.0,40.0,MNI,t value,3.87,15,CD > HC (increased ReHo),table
27857211,c002,group_comparison,Insula,L,-35.0,-30.0,21.0,MNI,t value,-4.77,72,CD < HC (decreased ReHo),table
27857211,c002,group_comparison,MCC,L,-2.0,-22.0,46.0,MNI,t value,-3.91,19,CD < HC (decreased ReHo),table
27857211,c002,group_comparison,MCC,R,1.0,-18.0,49.0,MNI,t value,-3.25,11,CD < HC (decreased ReHo),table
27857211,c002,group_comparison,PCC,L,-1.0,-31.0,37.0,MNI,t value,-3.21,12,CD < HC (decreased ReHo),table
27857211,c002,group_comparison,Thalamus,L,-18.0,-16.0,9.0,MNI,t value,-3.77,37,CD < HC (decreased ReHo),table
27857211,c002,group_comparison,Thalamus,R,12.0,-16.0,12.0,MNI,t value,-3.78,42,CD < HC (decreased ReHo),table
27857211,c002,group_comparison,Amygdala,R,33.0,1.0,-20.0,MNI,t value,-3.41,5,CD < HC (decreased ReHo),table
27857211,c002,group_comparison,SMA,L,-2.0,6.0,57.0,MNI,t value,-3.47,34,CD < HC (decreased ReHo),table
27857211,c002,group_comparison,SMA,R,2.0,4.0,60.0,MNI,t value,-3.23,29,CD < HC (decreased ReHo),table
27857211,c002,group_comparison,Inferior frontal cortex,L,-37.0,15.0,23.0,MNI,t value,-3.33,25,CD < HC (decreased ReHo),table
27857211,c002,group_comparison,Superior temporal cortex,R,37.0,-30.0,11.0,MNI,t value,-3.60,15,CD < HC (decreased ReHo),table
27857211,c002,group_comparison,Hippocampal cortex,L,-22.0,-39.0,3.0,MNI,t value,-3.22,4,CD < HC (decreased ReHo),table
27857211,c002,group_comparison,Postcentral gyrus,L,-59.0,-12.0,21.0,MNI,t value,-3.39,26,CD < HC (decreased ReHo),table
27857211,c002,group_comparison,Lingual gyrus,L,-19.0,-76.0,-3.0,MNI,t value,-3.54,52,CD < HC (decreased ReHo),table
27857211,c002,group_comparison,Lingual gyrus,R,12.0,-71.0,-3.0,MNI,t value,-3.14,27,CD < HC (decreased ReHo),table
27857211,c002,group_comparison,Cerebellum,L,-1.0,-52.0,-45.0,MNI,t value,-3.44,27,CD < HC (decreased ReHo),table
27857211,c002,group_comparison,Cerebellum,R,2.0,-52.0,-45.0,MNI,t value,-3.31,21,CD < HC (decreased ReHo),table
27857211,c002,group_comparison,PAG,not_reported,-6.0,-24.0,-7.0,MNI,t value,-3.89,13,CD < HC (decreased ReHo),table
27857211,c002,group_comparison,Brainstem,not_reported,3.0,-35.0,-40.0,MNI,t value,-3.09,28,CD < HC (decreased ReHo),table
27857211,c003,verum_post_gt_pre,Inferior frontal cortex,L,-46.0,33.0,12.0,MNI,t value,3.35,27,increased ReHo (post > pre),table
27857211,c003,verum_post_gt_pre,Inferior frontal cortex,R,56.0,16.0,12.0,MNI,t value,3.31,21,increased ReHo (post > pre),table
27857211,c003,verum_post_gt_pre,Precentral cortex,L,-36.0,-10.0,45.0,MNI,t value,3.89,23,increased ReHo (post > pre),table
27857211,c003,verum_post_gt_pre,Precentral cortex,R,28.0,-21.0,63.0,MNI,t value,3.82,20,increased ReHo (post > pre),table
27857211,c003,verum_post_gt_pre,Postcentral cortex,R,28.0,-36.0,63.0,MNI,t value,5.07,30,increased ReHo (post > pre),table
27857211,c003,verum_post_gt_pre,Paracentral lobule,L,-12.0,-28.0,56.0,MNI,t value,4.87,34,increased ReHo (post > pre),table
27857211,c003,verum_post_gt_pre,Paracentral lobule,R,9.0,-29.0,51.0,MNI,t value,3.14,11,increased ReHo (post > pre),table
27857211,c003,verum_post_gt_pre,Superior temporal cortex,L,-45.0,-33.0,6.0,MNI,t value,4.77,26,increased ReHo (post > pre),table
27857211,c003,verum_post_gt_pre,Superior temporal cortex,R,57.0,3.0,-3.0,MNI,t value,3.64,35,increased ReHo (post > pre),table
27857211,c003,verum_post_gt_pre,Lingual cortex,R,21.0,-44.0,-6.0,MNI,t value,3.20,15,increased ReHo (post > pre),table
27857211,c003,verum_post_gt_pre,Insula,R,42.0,12.0,-3.0,MNI,t value,4.57,29,increased ReHo (post > pre),table
27857211,c003,verum_post_gt_pre,MCC,L,-6.0,-11.0,39.0,MNI,t value,5.18,17,increased ReHo (post > pre),table
27857211,c003,verum_post_gt_pre,MCC,R,6.0,4.0,42.0,MNI,t value,4.29,11,increased ReHo (post > pre),table
27857211,c003,verum_post_gt_pre,Thalamus,L,-11.0,-12.0,2.0,MNI,t value,3.95,45,increased ReHo (post > pre),table
27857211,c003,verum_post_gt_pre,Thalamus,R,22.0,-24.0,0.0,MNI,t value,3.13,21,increased ReHo (post > pre),table
27857211,c003,verum_post_gt_pre,Parahippocampus/Hippocampus,L,-24.0,-21.0,-12.0,MNI,t value,3.38,10,increased ReHo (post > pre),table
27857211,c003,verum_post_gt_pre,Pallidum,L,-21.0,-6.0,-3.0,MNI,t value,5.21,17,increased ReHo (post > pre),table
27857211,c003,verum_post_gt_pre,Putamen,R,24.0,12.0,6.0,MNI,t value,6.29,13,increased ReHo (post > pre),table
27857211,c003,verum_post_gt_pre,Cerebellum,L,-28.0,-66.0,-21.0,MNI,t value,3.64,10,increased ReHo (post > pre),table
27857211,c003,verum_post_gt_pre,SMA,R,28.0,-36.0,61.0,MNI,t value,4.68,14,increased ReHo (post > pre),table
27857211,c003,verum_post_gt_pre,Brainstem,not_reported,0.0,-36.0,-36.0,MNI,t value,3.71,11,increased ReHo (post > pre),table
27857211,c004,deactivation,Orbital frontal cortex,L,-21.0,36.0,-21.0,MNI,t value,-3.90,12,decreased ReHo (post < pre),table
27857211,c004,deactivation,Orbital frontal cortex,R,34.0,42.0,-9.0,MNI,t value,-3.39,12,decreased ReHo (post < pre),table
27857211,c004,deactivation,Middle frontal cortex,R,37.0,33.0,39.0,MNI,t value,-3.59,20,decreased ReHo (post < pre),table
27857211,c004,deactivation,Superior parietal cortex,L,-26.0,-60.0,69.0,MNI,t value,-3.85,9,decreased ReHo (post < pre),table
27857211,c004,deactivation,Angular cortex,L,-49.0,-62.0,33.0,MNI,t value,-4.14,7,decreased ReHo (post < pre),table
27857211,c004,deactivation,Inferior temporal cortex,L,-55.0,-3.0,-28.0,MNI,t value,-3.94,11,decreased ReHo (post < pre),table
27857211,c004,deactivation,Inferior temporal cortex,R,57.0,-12.0,-36.0,MNI,t value,-3.47,10,decreased ReHo (post < pre),table
27857211,c004,deactivation,Temporal pole,L,-52.0,23.0,-18.0,MNI,t value,-3.40,10,decreased ReHo (post < pre),table
27857211,c004,deactivation,Middle occipital cortex,L,-25.0,-100.0,0.0,MNI,t value,-3.30,21,decreased ReHo (post < pre),table
27857211,c004,deactivation,Middle occipital cortex,R,33.0,-60.0,36.0,MNI,t value,-3.71,18,decreased ReHo (post < pre),table
27857211,c004,deactivation,Cuneus,L,-1.0,-81.0,33.0,MNI,t value,-3.62,15,decreased ReHo (post < pre),table
27857211,c004,deactivation,ACC,L,-4.0,38.0,6.0,MNI,t value,-3.10,21,decreased ReHo (post < pre),table
27857211,c004,deactivation,ACC,R,6.0,42.0,8.0,MNI,t value,-5.22,27,decreased ReHo (post < pre),table
27857211,c004,deactivation,Caudate nucleus,R,15.0,21.0,3.0,MNI,t value,-4.82,13,decreased ReHo (post < pre),table
27857211,c005,verum_post_gt_pre,Inferior frontal cortex,L,-55.0,12.0,6.0,MNI,t value,3.58,31,increased ReHo (post > pre),table
27857211,c005,verum_post_gt_pre,Inferior frontal cortex,R,53.0,12.0,9.0,MNI,t value,3.14,20,increased ReHo (post > pre),table
27857211,c005,verum_post_gt_pre,Precentral cortex,R,48.0,4.0,36.0,MNI,t value,3.39,18,increased ReHo (post > pre),table
27857211,c005,verum_post_gt_pre,Postcentral cortex,R,21.0,-36.0,63.0,MNI,t value,3.35,22,increased ReHo (post > pre),table
27857211,c005,verum_post_gt_pre,Paracentral lobule,L,-12.0,-17.0,66.0,MNI,t value,3.12,17,increased ReHo (post > pre),table
27857211,c005,verum_post_gt_pre,Angular cortex,L,-39.0,-57.0,39.0,MNI,t value,3.69,10,increased ReHo (post > pre),table
27857211,c005,verum_post_gt_pre,SMA,L,-6.0,21.0,56.0,MNI,t value,3.68,12,increased ReHo (post > pre),table
27857211,c005,verum_post_gt_pre,SMA,R,9.0,14.0,51.0,MNI,t value,3.47,17,increased ReHo (post > pre),table
27857211,c005,verum_post_gt_pre,Fusiform cortex,L,-38.0,-22.0,-24.0,MNI,t value,3.36,10,increased ReHo (post > pre),table
27857211,c005,verum_post_gt_pre,Middle occipital cortex,L,-27.0,-85.0,27.0,MNI,t value,3.01,11,increased ReHo (post > pre),table
27857211,c005,verum_post_gt_pre,Middle occipital cortex,R,31.0,-79.0,36.0,MNI,t value,3.16,17,increased ReHo (post > pre),table
27857211,c005,verum_post_gt_pre,Insula,R,37.0,22.0,6.0,MNI,t value,3.80,11,increased ReHo (post > pre),table
27857211,c005,verum_post_gt_pre,MCC,L,-6.0,12.0,39.0,MNI,t value,3.80,32,increased ReHo (post > pre),table
27857211,c005,verum_post_gt_pre,MCC,R,6.0,-24.0,42.0,MNI,t value,4.49,21,increased ReHo (post > pre),table
27857211,c005,verum_post_gt_pre,PCC,L,-6.0,-36.0,34.0,MNI,t value,3.46,34,increased ReHo (post > pre),table
27857211,c005,verum_post_gt_pre,Parahippocampus/Hippocampus,L,-24.0,-21.0,-12.0,MNI,t value,3.38,10,increased ReHo (post > pre),table
27857211,c005,verum_post_gt_pre,Pallidum,L,-13.0,8.0,0.0,MNI,t value,4.23,11,increased ReHo (post > pre),table
27857211,c005,verum_post_gt_pre,Pallidum,R,16.0,6.0,0.0,MNI,t value,3.37,23,increased ReHo (post > pre),table
27857211,c005,verum_post_gt_pre,Putamen,L,-21.0,8.0,0.0,MNI,t value,4.22,12,increased ReHo (post > pre),table
27857211,c005,verum_post_gt_pre,Putamen,R,29.0,6.0,3.0,MNI,t value,3.98,11,increased ReHo (post > pre),table
27857211,c005,verum_post_gt_pre,Cerebellum,L,-30.0,-59.0,-54.0,MNI,t value,3.47,19,increased ReHo (post > pre),table
27857211,c005,verum_post_gt_pre,Cerebellum,R,35.0,-71.0,-20.0,MNI,t value,4.01,29,increased ReHo (post > pre),table
27857211,c005,verum_post_gt_pre,Brainstem,not_reported,3.0,-37.0,-39.0,MNI,t value,4.18,21,increased ReHo (post > pre),table
27857211,c006,deactivation,Orbital frontal cortex,R,10.0,34.0,-13.0,MNI,t value,-3.69,15,decreased ReHo (post < pre),table
27857211,c006,deactivation,Middle frontal cortex,R,45.0,28.0,39.0,MNI,t value,-4.48,17,decreased ReHo (post < pre),table
27857211,c006,deactivation,Superior medial frontal cortex,L,-1.0,27.0,63.0,MNI,t value,-3.47,12,decreased ReHo (post < pre),table
27857211,c006,deactivation,Inferior temporal cortex,L,-41.0,3.0,-30.0,MNI,t value,-3.73,7,decreased ReHo (post < pre),table
27857211,c006,deactivation,Middle temporal cortex,L,-55.0,10.0,-21.0,MNI,t value,-3.30,14,decreased ReHo (post < pre),table
27857211,c006,deactivation,Middle temporal cortex,R,57.0,-57.0,3.0,MNI,t value,-3.67,17,decreased ReHo (post < pre),table
27857211,c006,deactivation,Temporal pole,L,-45.0,3.0,-18.0,MNI,t value,-3.43,9,decreased ReHo (post < pre),table
27857211,c006,deactivation,Lingual cortex,L,1.0,-77.0,0.0,MNI,t value,-3.25,12,decreased ReHo (post < pre),table
27857211,c006,deactivation,Lingual cortex,R,16.0,-57.0,5.0,MNI,t value,-3.08,14,decreased ReHo (post < pre),table
27857211,c006,deactivation,Caudate nucleus,R,7.0,13.0,9.0,MNI,t value,-3.48,11,decreased ReHo (post < pre),table
27857211,27857172_C1,group_comparison,Insula,L,-35.0,-30.0,21.0,MNI,t,-4.77,72,CD < HC (decreased ReHo in CD),Table 2
27857211,27857172_C1,group_comparison,MCC,midline,-2.0,-22.0,46.0,MNI,t,-3.91,19,CD < HC (decreased ReHo in CD),Table 2
27857211,27857172_C1,group_comparison,MCC,midline,1.0,-18.0,49.0,MNI,t,-3.25,11,CD < HC (decreased ReHo in CD),Table 2
27857211,27857172_C1,group_comparison,PCC,midline,-1.0,-31.0,37.0,MNI,t,-3.21,12,CD < HC (decreased ReHo in CD),Table 2
27857211,27857172_C1,group_comparison,Thalamus,L,-18.0,-16.0,9.0,MNI,t,-3.77,37,CD < HC (decreased ReHo in CD),Table 2
27857211,27857172_C1,group_comparison,Thalamus,R,12.0,-16.0,12.0,MNI,t,-3.78,42,CD < HC (decreased ReHo in CD),Table 2
27857211,27857172_C1,group_comparison,Amygdala,R,33.0,1.0,-20.0,MNI,t,-3.41,5,CD < HC (decreased ReHo in CD),Table 2
27857211,27857172_C1,group_comparison,SMA,midline,-2.0,6.0,57.0,MNI,t,-3.47,34,CD < HC (decreased ReHo in CD),Table 2
27857211,27857172_C1,group_comparison,SMA,midline,2.0,4.0,60.0,MNI,t,-3.23,29,CD < HC (decreased ReHo in CD),Table 2
27857211,27857172_C1,group_comparison,Inferior frontal cortex,L,-37.0,15.0,23.0,MNI,t,-3.33,25,CD < HC (decreased ReHo in CD),Table 2
27857211,27857172_C1,group_comparison,Superior temporal cortex,R,37.0,-30.0,11.0,MNI,t,-3.6,15,CD < HC (decreased ReHo in CD),Table 2
27857211,27857172_C1,group_comparison,Hippocampal cortex,L,-22.0,-39.0,3.0,MNI,t,-3.22,4,CD < HC (decreased ReHo in CD),Table 2
27857211,27857172_C1,group_comparison,Postcentral gyrus,L,-59.0,-12.0,21.0,MNI,t,-3.39,26,CD < HC (decreased ReHo in CD),Table 2
27857211,27857172_C1,group_comparison,Lingual gyrus,L,-19.0,-76.0,-3.0,MNI,t,-3.54,52,CD < HC (decreased ReHo in CD),Table 2
27857211,27857172_C1,group_comparison,Lingual gyrus,R,12.0,-71.0,-3.0,MNI,t,-3.14,27,CD < HC (decreased ReHo in CD),Table 2
27857211,27857172_C1,group_comparison,Cerebellum,midline,-1.0,-52.0,-45.0,MNI,t,-3.44,27,CD < HC (decreased ReHo in CD),Table 2
27857211,27857172_C1,group_comparison,Cerebellum,midline,2.0,-52.0,-45.0,MNI,t,-3.31,21,CD < HC (decreased ReHo in CD),Table 2
27857211,27857172_C1,group_comparison,PAG,L,-6.0,-24.0,-7.0,MNI,t,-3.89,13,CD < HC (decreased ReHo in CD),Table 2
27857211,27857172_C1,group_comparison,Brainstem,R,3.0,-35.0,-40.0,MNI,t,-3.09,28,CD < HC (decreased ReHo in CD),Table 2
27857211,27857172_C2,group_comparison,ACC,L,-3.0,33.0,-3.0,MNI,t,3.19,11,CD > HC (increased ReHo in CD),Table 2
27857211,27857172_C2,group_comparison,ACC,midline,2.0,30.0,14.0,MNI,t,3.32,14,CD > HC (increased ReHo in CD),Table 2
27857211,27857172_C2,group_comparison,Middle frontal cortex,L,-41.0,50.0,18.0,MNI,t,3.28,20,CD > HC (increased ReHo in CD),Table 2
27857211,27857172_C2,group_comparison,Middle frontal cortex,R,36.0,44.0,29.0,MNI,t,3.13,12,CD > HC (increased ReHo in CD),Table 2
27857211,27857172_C2,group_comparison,Superior frontal medial cortex,L,-3.0,64.0,24.0,MNI,t,3.16,45,CD > HC (increased ReHo in CD),Table 2
27857211,27857172_C2,group_comparison,Superior frontal medial cortex,midline,2.0,60.0,24.0,MNI,t,3.19,69,CD > HC (increased ReHo in CD),Table 2
27857211,27857172_C2,group_comparison,Superior parietal cortex,L,-18.0,-63.0,57.0,MNI,t,3.02,17,CD > HC (increased ReHo in CD),Table 2
27857211,27857172_C2,group_comparison,Precuneus,midline,-1.0,-73.0,49.0,MNI,t,3.14,15,CD > HC (increased ReHo in CD),Table 2
27857211,27857172_C2,group_comparison,Precuneus,midline,2.0,-72.0,48.0,MNI,t,4.12,30,CD > HC (increased ReHo in CD),Table 2
27857211,27857172_C2,group_comparison,Angular gyrus,R,55.0,-63.0,29.0,MNI,t,3.26,26,CD > HC (increased ReHo in CD),Table 2
27857211,27857172_C2,group_comparison,Middle occipital cortex,L,-34.0,-81.0,40.0,MNI,t,3.87,15,CD > HC (increased ReHo in CD),Table 2
27857211,27857172_C3,verum_post_gt_pre,Inferior frontal cortex,L,-46.0,33.0,12.0,MNI,t,3.35,27,Increased ReHo after electro-acupuncture,Table 5
27857211,27857172_C3,verum_post_gt_pre,Inferior frontal cortex,R,56.0,16.0,12.0,MNI,t,3.31,21,Increased ReHo after electro-acupuncture,Table 5
27857211,27857172_C3,verum_post_gt_pre,Precentral cortex,L,-36.0,-10.0,45.0,MNI,t,3.89,23,Increased ReHo after electro-acupuncture,Table 5
27857211,27857172_C3,verum_post_gt_pre,Precentral cortex,R,28.0,-21.0,63.0,MNI,t,3.82,20,Increased ReHo after electro-acupuncture,Table 5
27857211,27857172_C3,verum_post_gt_pre,Postcentral cortex,R,28.0,-36.0,63.0,MNI,t,5.07,30,Increased ReHo after electro-acupuncture,Table 5
27857211,27857172_C3,verum_post_gt_pre,Paracentral lobule,L,-12.0,-28.0,56.0,MNI,t,4.87,34,Increased ReHo after electro-acupuncture,Table 5
27857211,27857172_C3,verum_post_gt_pre,Paracentral lobule,R,9.0,-29.0,51.0,MNI,t,3.14,11,Increased ReHo after electro-acupuncture,Table 5
27857211,27857172_C3,verum_post_gt_pre,Superior temporal cortex,L,-45.0,-33.0,6.0,MNI,t,4.77,26,Increased ReHo after electro-acupuncture,Table 5
27857211,27857172_C3,verum_post_gt_pre,Superior temporal cortex,R,57.0,3.0,-3.0,MNI,t,3.64,35,Increased ReHo after electro-acupuncture,Table 5
27857211,27857172_C3,verum_post_gt_pre,Lingual cortex,R,21.0,-44.0,-6.0,MNI,t,3.2,15,Increased ReHo after electro-acupuncture,Table 5
27857211,27857172_C3,verum_post_gt_pre,Insula,R,42.0,12.0,-3.0,MNI,t,4.57,29,Increased ReHo after electro-acupuncture,Table 5
27857211,27857172_C3,verum_post_gt_pre,MCC,L,-6.0,-11.0,39.0,MNI,t,5.18,17,Increased ReHo after electro-acupuncture,Table 5
27857211,27857172_C3,verum_post_gt_pre,MCC,R,6.0,4.0,42.0,MNI,t,4.29,11,Increased ReHo after electro-acupuncture,Table 5
27857211,27857172_C3,verum_post_gt_pre,Thalamus,L,-11.0,-12.0,2.0,MNI,t,3.95,45,Increased ReHo after electro-acupuncture,Table 5
27857211,27857172_C3,verum_post_gt_pre,Thalamus,R,22.0,-24.0,0.0,MNI,t,3.13,21,Increased ReHo after electro-acupuncture,Table 5
27857211,27857172_C3,verum_post_gt_pre,Parahippocampus/Hippocampus,L,-24.0,-21.0,-12.0,MNI,t,3.38,10,Increased ReHo after electro-acupuncture,Table 5
27857211,27857172_C3,verum_post_gt_pre,Pallidum,L,-21.0,-6.0,-3.0,MNI,t,5.21,17,Increased ReHo after electro-acupuncture,Table 5
27857211,27857172_C3,verum_post_gt_pre,Putamen,R,24.0,12.0,6.0,MNI,t,6.29,13,Increased ReHo after electro-acupuncture,Table 5
27857211,27857172_C3,verum_post_gt_pre,Cerebellum,L,-28.0,-66.0,-21.0,MNI,t,3.64,10,Increased ReHo after electro-acupuncture,Table 5
27857211,27857172_C3,verum_post_gt_pre,Brainstem,midline,0.0,-36.0,-36.0,MNI,t,3.71,11,Increased ReHo after electro-acupuncture,Table 5
27857211,27857172_C4,deactivation,Orbital frontal cortex,L,-21.0,36.0,-21.0,MNI,t,-3.9,12,Decreased ReHo after electro-acupuncture,Table 5
27857211,27857172_C4,deactivation,Orbital frontal cortex,R,34.0,42.0,-9.0,MNI,t,-3.39,12,Decreased ReHo after electro-acupuncture,Table 5
27857211,27857172_C4,deactivation,Middle frontal cortex,R,37.0,33.0,39.0,MNI,t,-3.59,20,Decreased ReHo after electro-acupuncture,Table 5
27857211,27857172_C4,deactivation,Superior parietal cortex,L,-26.0,-60.0,69.0,MNI,t,-3.85,9,Decreased ReHo after electro-acupuncture,Table 5
27857211,27857172_C4,deactivation,Angular cortex,L,-49.0,-62.0,33.0,MNI,t,-4.14,7,Decreased ReHo after electro-acupuncture,Table 5
27857211,27857172_C4,deactivation,Inferior temporal cortex,L,-55.0,-3.0,-28.0,MNI,t,-3.94,11,Decreased ReHo after electro-acupuncture,Table 5
27857211,27857172_C4,deactivation,Inferior temporal cortex,R,57.0,-12.0,-36.0,MNI,t,-3.47,10,Decreased ReHo after electro-acupuncture,Table 5
27857211,27857172_C4,deactivation,Temporal pole,L,-52.0,23.0,-18.0,MNI,t,-3.4,10,Decreased ReHo after electro-acupuncture,Table 5
27857211,27857172_C4,deactivation,Middle occipital cortex,L,-25.0,-100.0,0.0,MNI,t,-3.3,21,Decreased ReHo after electro-acupuncture,Table 5
27857211,27857172_C4,deactivation,Middle occipital cortex,R,33.0,-60.0,36.0,MNI,t,-3.71,18,Decreased ReHo after electro-acupuncture,Table 5
27857211,27857172_C4,deactivation,Cuneus,midline,-1.0,-81.0,33.0,MNI,t,-3.62,15,Decreased ReHo after electro-acupuncture,Table 5
27857211,27857172_C4,deactivation,ACC,L,-4.0,38.0,6.0,MNI,t,-3.1,21,Decreased ReHo after electro-acupuncture,Table 5
27857211,27857172_C4,deactivation,ACC,R,6.0,42.0,8.0,MNI,t,-5.22,27,Decreased ReHo after electro-acupuncture,Table 5
27857211,27857172_C4,deactivation,Caudate nucleus,R,15.0,21.0,3.0,MNI,t,-4.82,13,Decreased ReHo after electro-acupuncture,Table 5
27857211,27857172_C5,verum_post_gt_pre,Inferior frontal cortex,L,-55.0,12.0,6.0,MNI,t,3.58,31,Increased ReHo after moxibustion,Table 5
27857211,27857172_C5,verum_post_gt_pre,Inferior frontal cortex,R,53.0,12.0,9.0,MNI,t,3.14,20,Increased ReHo after moxibustion,Table 5
27857211,27857172_C5,verum_post_gt_pre,Precentral cortex,R,48.0,4.0,36.0,MNI,t,3.39,18,Increased ReHo after moxibustion,Table 5
27857211,27857172_C5,verum_post_gt_pre,Postcentral cortex,R,21.0,-36.0,63.0,MNI,t,3.35,22,Increased ReHo after moxibustion,Table 5
27857211,27857172_C5,verum_post_gt_pre,Paracentral lobule,L,-12.0,-17.0,66.0,MNI,t,3.12,17,Increased ReHo after moxibustion,Table 5
27857211,27857172_C5,verum_post_gt_pre,Angular cortex,L,-39.0,-57.0,39.0,MNI,t,3.69,10,Increased ReHo after moxibustion,Table 5
27857211,27857172_C5,verum_post_gt_pre,SMA,L,-6.0,21.0,56.0,MNI,t,3.68,12,Increased ReHo after moxibustion,Table 5
27857211,27857172_C5,verum_post_gt_pre,SMA,R,9.0,14.0,51.0,MNI,t,3.47,17,Increased ReHo after moxibustion,Table 5
27857211,27857172_C5,verum_post_gt_pre,Middle occipital cortex,L,-27.0,-85.0,27.0,MNI,t,3.01,11,Increased ReHo after moxibustion,Table 5
27857211,27857172_C5,verum_post_gt_pre,Middle occipital cortex,R,31.0,-79.0,36.0,MNI,t,3.16,17,Increased ReHo after moxibustion,Table 5
27857211,27857172_C5,verum_post_gt_pre,Fusiform cortex,L,-38.0,-22.0,-24.0,MNI,t,3.36,10,Increased ReHo after moxibustion,Table 5
27857211,27857172_C5,verum_post_gt_pre,Lingual cortex,R,16.0,-57.0,5.0,MNI,t,-3.08,14,Increased ReHo after moxibustion,Table 5
27857211,27857172_C5,verum_post_gt_pre,Insula,R,37.0,22.0,6.0,MNI,t,3.8,11,Increased ReHo after moxibustion,Table 5
27857211,27857172_C5,verum_post_gt_pre,MCC,L,-6.0,12.0,39.0,MNI,t,3.8,32,Increased ReHo after moxibustion,Table 5
27857211,27857172_C5,verum_post_gt_pre,MCC,R,6.0,-24.0,42.0,MNI,t,4.49,21,Increased ReHo after moxibustion,Table 5
27857211,27857172_C5,verum_post_gt_pre,PCC,L,-6.0,-36.0,34.0,MNI,t,3.46,34,Increased ReHo after moxibustion,Table 5
27857211,27857172_C5,verum_post_gt_pre,Pallidum,L,-13.0,8.0,0.0,MNI,t,4.23,11,Increased ReHo after moxibustion,Table 5
27857211,27857172_C5,verum_post_gt_pre,Pallidum,R,16.0,6.0,0.0,MNI,t,3.37,23,Increased ReHo after moxibustion,Table 5
27857211,27857172_C5,verum_post_gt_pre,Putamen,L,-21.0,8.0,0.0,MNI,t,4.22,12,Increased ReHo after moxibustion,Table 5
27857211,27857172_C5,verum_post_gt_pre,Putamen,R,29.0,6.0,3.0,MNI,t,3.98,11,Increased ReHo after moxibustion,Table 5
27857211,27857172_C5,verum_post_gt_pre,Cerebellum,L,-30.0,-59.0,-54.0,MNI,t,3.47,19,Increased ReHo after moxibustion,Table 5
27857211,27857172_C5,verum_post_gt_pre,Cerebellum,R,35.0,-71.0,-20.0,MNI,t,4.01,29,Increased ReHo after moxibustion,Table 5
27857211,27857172_C5,verum_post_gt_pre,Brainstem,R,3.0,-37.0,-39.0,MNI,t,4.18,21,Increased ReHo after moxibustion,Table 5
27857211,27857172_C6,deactivation,Orbital frontal cortex,R,10.0,34.0,-13.0,MNI,t,-3.69,15,Decreased ReHo after moxibustion,Table 5
27857211,27857172_C6,deactivation,Middle frontal cortex,R,45.0,28.0,39.0,MNI,t,-4.48,17,Decreased ReHo after moxibustion,Table 5
27857211,27857172_C6,deactivation,Superior medial frontal cortex,midline,-1.0,27.0,63.0,MNI,t,-3.47,12,Decreased ReHo after moxibustion,Table 5
27857211,27857172_C6,deactivation,Inferior temporal cortex,L,-41.0,3.0,-30.0,MNI,t,-3.73,7,Decreased ReHo after moxibustion,Table 5
27857211,27857172_C6,deactivation,Middle temporal cortex,L,-55.0,10.0,-21.0,MNI,t,-3.3,14,Decreased ReHo after moxibustion,Table 5
27857211,27857172_C6,deactivation,Middle temporal cortex,R,57.0,-57.0,3.0,MNI,t,-3.67,17,Decreased ReHo after moxibustion,Table 5
27857211,27857172_C6,deactivation,Temporal pole,L,-45.0,3.0,-18.0,MNI,t,-3.43,9,Decreased ReHo after moxibustion,Table 5
27857211,27857172_C6,deactivation,Lingual cortex,midline,1.0,-77.0,0.0,MNI,t,-3.25,12,Decreased ReHo after moxibustion,Table 5
27857211,27857172_C6,deactivation,Caudate nucleus,R,7.0,13.0,9.0,MNI,t,-3.48,11,Decreased ReHo after moxibustion,Table 5
28334999,nc_11_dti_CTS_vs_HC_FA,group_comparison,S1-hand area contralesional to the more affected CTS hand,contralesional,-34.2,-27.8,44.5,MNI,TFCE,not_reported,not_reported,CTS > HC (increased FA),text
28334999,nc_11_dti_CTS_vs_HC_FA,group_comparison,S1-hand area ipsilesional to the more affected hand,ipsilesional,40.0,-22.0,45.7,MNI,TFCE,not_reported,not_reported,CTS > HC (increased FA),text
28334999,nc_11_dti_CTS_vs_HC_FA,group_comparison,S1-leg area ipsilesional to the more affected hand,ipsilesional,11.8,-38.2,60.9,MNI,TFCE,not_reported,not_reported,CTS > HC (increased FA),text
28334999,nc_11_dti_CTS_vs_HC_FA,group_comparison,S1-face area contralesional to the more affected hand,contralesional,-49.5,-16.7,35.7,MNI,TFCE,not_reported,not_reported,CTS > HC (increased FA),text
28334999,nc_13_dti_FA_verum_contralesional_hand_NCS,correlation_clinical,contralesional S1-hand area,contralesional,-34.2,-27.8,44.5,MNI,r (Pearson),r = 0.37,not_reported,positive (greater FA decrease associated with greater median nerve latency improvement) following verum acupuncture,text
28334999,nc_14_dti_FA_sham_contralesional_hand_NCS,correlation_clinical,contralesional S1-hand area,contralesional,-34.2,-27.8,44.5,MNI,r (Pearson),r = 0.26,not_reported,not significant,text
28334999,nc_15_dti_FA_local_ipsilesional_hand_NCS,correlation_clinical,ipsilesional S1-hand area,ipsilesional,40.0,-22.0,45.7,MNI,r (Pearson),r = 0.46,not_reported,positive (greater FA decrease associated with greater nerve latency improvement) following local acupuncture only,text
28334999,nc_16_dti_FA_distal_ipsilesional_hand_NCS,correlation_clinical,ipsilesional S1-hand area,ipsilesional,40.0,-22.0,45.7,MNI,r (Pearson),r = 0.05,not_reported,not significant for distal acupuncture,text
28334999,nc_17_dti_FA_sham_ipsilesional_hand_NCS,correlation_clinical,ipsilesional S1-hand area,ipsilesional,40.0,-22.0,45.7,MNI,r (Pearson),r = -0.01,not_reported,not significant for sham acupuncture,text
28334999,nc_18_dti_FA_distal_ipsilesional_leg_NCS,correlation_clinical,ipsilesional S1-leg area,ipsilesional,11.8,-38.2,60.9,MNI,r (Pearson),r = 0.56,not_reported,positive (greater FA decrease associated with greater nerve latency improvement) following distal acupuncture only,text
28334999,nc_19_dti_FA_local_ipsilesional_leg_NCS,correlation_clinical,ipsilesional S1-leg area,ipsilesional,11.8,-38.2,60.9,MNI,r (Pearson),r = 0.09,not_reported,not significant for local acupuncture,text
28334999,nc_20_dti_FA_sham_ipsilesional_leg_NCS,correlation_clinical,ipsilesional S1-leg area,ipsilesional,11.8,-38.2,60.9,MNI,r (Pearson),r = 0.33,not_reported,not significant for sham acupuncture,text
28334999,16407533_C1,sham_post_gt_pre,Right anterior insula,R,46.0,20.0,-4.0,MNI,Z,3.21,30,activation,Table 3
28334999,16407533_C1,sham_post_gt_pre,Right inferior parietal lobule (40),R,60.0,-36.0,52.0,MNI,Z,4.19,240,activation,Table 3
28334999,16407533_C1,sham_post_gt_pre,Left superior frontal gyrus (6),L,-20.0,20.0,66.0,MNI,Z,3.57,47,activation,Table 3
28334999,16407533_C1,sham_post_gt_pre,Right inferior frontal gyrus/anterior insula (47),R,48.0,22.0,-2.0,MNI,Z,3.5,105,activation,Table 3
28334999,16407533_C1,sham_post_gt_pre,Left inferior parietal lobule (40),L,-56.0,-54.0,46.0,MNI,Z,3.38,164,activation,Table 3
28334999,16407533_C1,sham_post_gt_pre,Left middle frontal gyrus (10),L,-46.0,50.0,12.0,MNI,Z,3.33,74,activation,Table 3
28334999,16407533_C1,sham_post_gt_pre,Right middle frontal gyrus (10),R,40.0,58.0,2.0,MNI,Z,3.05,31,activation,Table 3
28334999,16407533_C1,sham_post_gt_pre,"Right middle frontal gyrus (46, 9)",R,52.0,38.0,26.0,MNI,Z,3.02,36,activation,Table 3
28334999,16407533_C1,sham_post_gt_pre,Left inferior frontal gyrus (44),L,-54.0,12.0,28.0,MNI,Z,2.98,87,activation,Table 3
28334999,16407533_C1,sham_post_gt_pre,Bilateral rACC (32),midline,2.0,44.0,10.0,MNI,Z,2.96,33,activation,Table 3
28334999,16407533_C1,sham_post_gt_pre,Right inferior frontal gyrus (46),R,48.0,40.0,8.0,MNI,Z,2.86,27,activation,Table 3
28334999,16407533_C1,sham_post_gt_pre,Right supramarginal gyrus (40),R,60.0,-58.0,32.0,MNI,Z,2.81,29,activation,Table 3
28334999,16407533_C2,deactivation,Left M1 (4),L,-18.0,-18.0,60.0,MNI,Z,4.0,170,activation,Table 3
28334999,16407533_C3,correlation_clinical,Left inferior frontal gyrus (47),L,-22.0,12.0,-20.0,MNI,Z,3.69,52,deactivation,Table 4
28334999,16407533_C3,correlation_clinical,Right inferior frontal gyrus (44),R,28.0,48.0,2.0,MNI,Z,3.15,20,deactivation,Table 4
28334999,16407533_C3,correlation_clinical,Left inferior frontal cortex (46),L,-48.0,40.0,6.0,MNI,Z,3.06,41,deactivation,Table 4
28334999,16407533_C3,correlation_clinical,Right middle frontal gyrus (6),R,26.0,0.0,48.0,MNI,Z,3.01,21,deactivation,Table 4
28334999,16407533_C3,correlation_clinical,Bilateral rACC (24),R,10.0,36.0,-2.0,MNI,Z,2.82,22,deactivation,Table 4
28334999,16407533_C3,correlation_clinical,Right fusiform gyrus (37),L,-50.0,-48.0,-20.0,MNI,Z,2.83,27,deactivation,Table 4
28334999,16407533_C3,correlation_clinical,Right parahippocampus,R,12.0,-32.0,-4.0,MNI,Z,3.49,40,deactivation,Table 4
28334999,16407533_C3,correlation_clinical,Left cerebellum,L,-32.0,-72.0,30.0,MNI,Z,3.38,25,deactivation,Table 4
28334999,16407533_C3,correlation_clinical,Right cerebellum,R,36.0,-60.0,-44.0,MNI,Z,2.88,26,deactivation,Table 4
28334999,16407533_C3,correlation_clinical,Right pons,R,10.0,-32.0,-26.0,MNI,Z,3.7,64,deactivation,Table 4
28334999,16407533_C4,sham_post_gt_pre,Right thalamus,midline,2.0,-14.0,8.0,MNI,Z,3.54,34,activation,Table 5
28334999,16407533_C4,sham_post_gt_pre,Right anterior insula,R,46.0,20.0,-4.0,MNI,Z,3.43,47,activation,Table 5
28334999,16407533_C4,sham_post_gt_pre,"Left SII (2, 40)",L,-62.0,-26.0,24.0,MNI,Z,3.28,83,activation,Table 5
28334999,16407533_C4,sham_post_gt_pre,Left thalamus,L,-4.0,-12.0,8.0,MNI,Z,3.21,33,activation,Table 5
28334999,16407533_C4,sham_post_gt_pre,Left pons,L,-8.0,-32.0,-36.0,MNI,Z,3.12,29,activation,Table 5
28334999,16407533_C4,sham_post_gt_pre,Right inferior frontal gyrus (47)/insula,R,56.0,28.0,2.0,MNI,Z,4.36,1717,activation,Table 5
28334999,16407533_C4,sham_post_gt_pre,Right inferior parietal cortex (40),R,56.0,-50.0,32.0,MNI,Z,4.28,766,activation,Table 5
28334999,16407533_C4,sham_post_gt_pre,Posterior cingulate (31),R,8.0,-34.0,34.0,MNI,Z,4.22,801,activation,Table 5
28334999,16407533_C4,sham_post_gt_pre,Bilateral rACC,R,4.0,44.0,8.0,MNI,Z,4.03,578,activation,Table 5
28334999,16407533_C4,sham_post_gt_pre,Right inferior parietal cortex (40),R,62.0,-30.0,50.0,MNI,Z,4.0,263,activation,Table 5
28334999,16407533_C4,sham_post_gt_pre,Left inferior parietal cortex (40),L,-56.0,-54.0,46.0,MNI,Z,3.94,574,activation,Table 5
28334999,16407533_C4,sham_post_gt_pre,"Left middle/inferior frontal gyrus (10, 46)",L,-50.0,44.0,12.0,MNI,Z,3.6,91,activation,Table 5
28334999,16407533_C4,sham_post_gt_pre,Right superior frontal gyrus (8),R,18.0,32.0,50.0,MNI,Z,3.52,264,activation,Table 5
28334999,16407533_C4,sham_post_gt_pre,Right superior frontal gyrus (10),R,4.0,68.0,16.0,MNI,Z,3.39,95,activation,Table 5
28334999,16407533_C4,sham_post_gt_pre,Left inferior frontal gyrus (44),L,-46.0,6.0,26.0,MNI,Z,3.05,23,activation,Table 5
28334999,16407533_C4,sham_post_gt_pre,Left inferior frontal gyrus (47),L,-50.0,20.0,-6.0,MNI,Z,3.04,50,activation,Table 5
28443010,contrast_task_activation_all,other,right precentral gyrus,right,39.0,-33.0,63.0,MNI,not_reported,not_reported,not_reported,most significant active point during left hand movement; used as seed for FC analysis,text
28443010,contrast_fc_stroke_vs_healthy_baseline,group_comparison,left M1,left,-3.0,-33.0,54.0,MNI,t score,-7.0946,not_reported,decreased (stroke < healthy),text
28443010,contrast_fc_stroke_post_vs_pre_acup,verum_post_gt_pre,left M1,left,-27.0,-6.0,60.0,MNI,t score,3.2028,not_reported,increased (post-acupuncture > baseline),text
28443010,28400727_C2,verum_post_gt_pre,left M1,L,-27.0,-6.0,60.0,MNI,t,3.2028,not_reported,increased after acupuncture in stroke patients,text p.3
28443010,28400727_C3,other,right precentral gyrus,R,39.0,-33.0,63.0,MNI,NR,not_reported,not_reported,activation during left hand motor task,text p.3
28480365,contrast_01,verum_post_gt_pre,Superior Frontal Gyrus,R,18.0,42.0,-18.0,MNI,Peak intensity (t-value),-4.3844,275,negative (deactivation),table
28480365,contrast_01,verum_post_gt_pre,Limbic Lobe Cingulate Gyrus,R,6.0,21.0,33.0,MNI,Peak intensity (t-value),-4.0361,124,negative (deactivation),table
28480365,contrast_01,verum_post_gt_pre,Inferior Temporal Gyrus,L,-51.0,-39.0,-21.0,MNI,Peak intensity (t-value),-5.7516,1278,negative (deactivation),table
28480365,contrast_01,verum_post_gt_pre,Inferior Parietal Lobule,L,-42.0,-39.0,27.0,MNI,Peak intensity (t-value),-3.7757,99,negative (deactivation),table
28480365,contrast_02,verum_gt_sham,Sub-lobar Insula,R,42.0,-21.0,18.0,MNI,Peak intensity (t-value),-3.3825,146,negative (deactivation),table
28480365,contrast_02,verum_gt_sham,Middle Frontal Gyrus,L,-21.0,36.0,42.0,MNI,Peak intensity (t-value),-3.9104,95,negative (deactivation),table
28480365,contrast_02,verum_gt_sham,Medial Frontal Gyrus,L,-15.0,51.0,6.0,MNI,Peak intensity (t-value),-3.2984,110,negative (deactivation),table
28480365,contrast_03,verum_gt_sham,Occipital Lobe Cuneus,R,18.0,-84.0,3.0,MNI,Peak intensity (t-value),3.5757,95,positive (activation),table
28480365,contrast_03,verum_gt_sham,Occipital Lobe Sub-Gyral,R,30.0,-90.0,-6.0,MNI,Peak intensity (t-value),4.3823,139,positive (activation),table
28480365,contrast_03,verum_gt_sham,Parietal Lobe Precuneus,R,18.0,-54.0,42.0,MNI,Peak intensity (t-value),4.6498,110,positive (activation),table
28480365,contrast_03,verum_gt_sham,Cerebellum Anterior Lobe Culmen,L,-3.0,-57.0,-24.0,MNI,Peak intensity (t-value),4.3066,1443,positive (activation),table
28480365,contrast_04_ALFF,other,right cerebrum temporal lobe,R,36.0,-45.0,9.0,MNI,not_reported,highest peak score,not_reported,not_reported,text
28480365,18684074_C1,verum_gt_sham,Primary somatosensory area,R,30.0,-14.0,60.0,TAL,Z,2.54,not_reported,activation,Table 1
28480365,18684074_C1,verum_gt_sham,Primary somatosensory area,L,-32.0,-34.0,59.0,TAL,Z,2.45,not_reported,activation,Table 1
28480365,18684074_C1,verum_gt_sham,Middle frontal gyrus,R,14.0,-65.0,10.0,TAL,Z,3.04,not_reported,activation,Table 1
28480365,18684074_C1,verum_gt_sham,Superior parietal lobe,R,14.0,-50.0,47.0,TAL,Z,3.16,not_reported,activation,Table 1
28480365,18684074_C1,verum_gt_sham,Middle temporal gyrus,R,61.0,-16.0,-14.0,TAL,Z,2.78,not_reported,activation,Table 1
28480365,18684074_C1,verum_gt_sham,Middle occipital gyrus,L,-18.0,-62.0,24.0,TAL,Z,3.09,not_reported,activation,Table 1
28480365,18684074_C1,verum_gt_sham,rACC,R,6.0,-15.0,41.0,TAL,Z,2.81,not_reported,activation,Table 1
28480365,18684074_C1,verum_gt_sham,Lentiform nucleus,R,28.0,-18.0,-1.0,TAL,Z,3.42,not_reported,activation,Table 1
28480365,18684074_C1,verum_gt_sham,Thalamus,R,20.0,-11.0,12.0,TAL,Z,2.41,not_reported,activation,Table 1
28480365,18684074_C1,verum_gt_sham,Thalamus,L,-18.0,-19.0,3.0,TAL,Z,2.39,not_reported,activation,Table 1
28480365,18684074_C1,verum_gt_sham,Insula,R,32.0,-19.0,14.0,TAL,Z,2.65,not_reported,activation,Table 1
28480365,18684074_C1,verum_gt_sham,Cerebellum,R,42.0,-56.0,-38.0,TAL,Z,2.46,not_reported,activation,Table 1
28480365,18684074_C1,verum_gt_sham,Cerebellum,L,-8.0,-64.0,-5.0,TAL,Z,2.88,not_reported,activation,Table 1
28480365,18684074_C2,verum_gt_sham,Primary somatosensory area,R,24.0,-18.0,58.0,TAL,Z,2.83,not_reported,activation,Table 1
28480365,18684074_C2,verum_gt_sham,Primary somatosensory area,L,-34.0,-28.0,60.0,TAL,Z,2.8,not_reported,activation,Table 1
28480365,18684074_C2,verum_gt_sham,Superior frontal gyrus,R,44.0,-38.0,31.0,TAL,Z,3.62,not_reported,activation,Table 1
28480365,18684074_C2,verum_gt_sham,DLPFC,R,36.0,-39.0,9.0,TAL,Z,2.53,not_reported,activation,Table 1
28480365,18684074_C2,verum_gt_sham,Superior parietal lobe,R,12.0,-52.0,52.0,TAL,Z,3.65,not_reported,activation,Table 1
28480365,18684074_C2,verum_gt_sham,Middle occipital gyrus,R,46.0,-66.0,-3.0,TAL,Z,3.01,not_reported,activation,Table 1
28480365,18684074_C2,verum_gt_sham,Lingual gyrus,R,26.0,-62.0,-5.0,TAL,Z,2.54,not_reported,activation,Table 1
28480365,18684074_C2,verum_gt_sham,Lingual gyrus,L,-12.0,-66.0,5.0,TAL,Z,2.55,not_reported,activation,Table 1
28480365,18684074_C2,verum_gt_sham,Cerebellum,R,46.0,-56.0,-24.0,TAL,Z,2.47,not_reported,activation,Table 1
28480365,18684074_C2,verum_gt_sham,Cerebellum,L,-38.0,-83.0,-19.0,TAL,Z,3.94,not_reported,activation,Table 1
28480365,18684074_C3,verum_gt_sham,Primary somatosensory area,R,14.0,-16.0,67.0,TAL,Z,3.11,not_reported,activation,Table 2
28480365,18684074_C3,verum_gt_sham,Primary somatosensory area,L,-10.0,-17.0,58.0,TAL,Z,3.29,not_reported,activation,Table 2
28480365,18684074_C3,verum_gt_sham,Middle frontal gyrus,R,14.0,54.0,1.0,TAL,Z,2.6,not_reported,activation,Table 2
28480365,18684074_C3,verum_gt_sham,Superior parietal lobe,R,12.0,-54.0,47.0,TAL,Z,2.94,not_reported,activation,Table 2
28480365,18684074_C3,verum_gt_sham,Middle occipital gyrus,L,-30.0,-93.0,1.0,TAL,Z,2.52,not_reported,activation,Table 2
28480365,18684074_C3,verum_gt_sham,Occipital lobe,R,44.0,-63.0,-7.0,TAL,Z,2.54,not_reported,activation,Table 2
28480365,18684074_C3,verum_gt_sham,Occipital lobe,L,-32.0,-55.0,-9.0,TAL,Z,3.76,not_reported,activation,Table 2
28480365,18684074_C3,verum_gt_sham,Occipital pole,L,-12.0,-97.0,3.0,TAL,Z,3.25,not_reported,activation,Table 2
28480365,18684074_C3,verum_gt_sham,rACC,R,4.0,21.0,-3.0,TAL,Z,2.92,not_reported,activation,Table 2
28480365,18684074_C3,verum_gt_sham,Cerebellum,R,46.0,-67.0,-29.0,TAL,Z,2.89,not_reported,activation,Table 2
28480365,18684074_C4,verum_gt_sham,Primary somatosensory area,R,30.0,-13.0,56.0,TAL,Z,3.25,not_reported,activation,Table 2
28480365,18684074_C4,verum_gt_sham,Primary somatosensory area,L,-20.0,-36.0,64.0,TAL,Z,2.56,not_reported,activation,Table 2
28480365,18684074_C4,verum_gt_sham,Postcentral gyrus (S II),R,53.0,-26.0,18.0,TAL,Z,2.92,not_reported,activation,Table 2
28480365,18684074_C4,verum_gt_sham,Middle frontal gyrus,R,6.0,64.0,-3.0,TAL,Z,3.34,not_reported,activation,Table 2
28480365,18684074_C4,verum_gt_sham,Inferior frontal gyrus,R,30.0,11.0,-11.0,TAL,Z,2.69,not_reported,activation,Table 2
28480365,18684074_C4,verum_gt_sham,cACC,R,8.0,-12.0,34.0,TAL,Z,2.68,not_reported,activation,Table 2
28480365,18684074_C4,verum_gt_sham,Thalamus,R,8.0,-10.0,4.0,TAL,Z,2.51,not_reported,activation,Table 2
28480365,18684074_C4,verum_gt_sham,Cerebellum,R,46.0,-59.0,-17.0,TAL,Z,2.69,not_reported,activation,Table 2
28480365,18684074_C4,verum_gt_sham,Cerebellum,L,-12.0,-78.0,-38.0,TAL,Z,2.91,not_reported,activation,Table 2
29343693,con_real_activation,verum_gt_rest,Superior Temporal Gyrus,L,-60.0,-28.0,16.0,MNI space,Peak (z-score),6.91,43523,activation,table
29343693,con_real_activation,verum_gt_rest,Parietal Operculum/SII,R,58.0,-18.0,16.0,MNI space,Peak (z-score),6.81,43523,activation,table
29343693,con_real_activation,verum_gt_rest,Postcentral Gyrus (SI),R,24.0,-40.0,66.0,MNI space,Peak (z-score),6.62,43523,activation,table
29343693,con_real_activation,verum_gt_rest,Superior Temporal Gyrus,L,-60.0,6.0,-2.0,MNI space,Peak (z-score),6.58,43523,activation,table
29343693,con_real_activation,verum_gt_rest,Middle Temporal Gyrus,R,50.0,-64.0,6.0,MNI space,Peak (z-score),6.41,43523,activation,table
29343693,con_real_activation,verum_gt_rest,Middle Occipital Gyrus,L,-56.0,-70.0,4.0,MNI space,Peak (z-score),6.33,43523,activation,table
29343693,con_real_activation,verum_gt_rest,Postcentral Gyrus (SI),L,-22.0,-40.0,70.0,MNI space,Peak (z-score),6.26,43523,activation,table
29343693,con_real_activation,verum_gt_rest,Superior Temporal Gyrus,R,58.0,2.0,4.0,MNI space,Peak (z-score),6.01,43523,activation,table
29343693,con_real_activation,verum_gt_rest,Medial Frontal Gyrus (SMA),R,0.0,2.0,48.0,MNI space,Peak (z-score),6.00,43523,activation,table
29343693,con_real_activation,verum_gt_rest,Superior Frontal gyrus (SMA),R,0.0,-4.0,64.0,MNI space,Peak (z-score),5.96,43523,activation,table
29343693,con_real_activation,verum_gt_rest,Precentral Gyrus (MI),L,-48.0,0.0,54.0,MNI space,Peak (z-score),5.77,43523,activation,table
29343693,con_real_activation,verum_gt_rest,Cingulate Gyrus (ACC),L,-4.0,3.0,42.0,MNI space,Peak (z-score),5.75,43523,activation,table
29343693,con_real_activation,verum_gt_rest,Cingulate Gyrus (ACC),R,4.0,12.0,40.0,MNI space,Peak (z-score),5.63,43523,activation,table
29343693,con_real_activation,verum_gt_rest,Middle Frontal Gyrus (PMC),R,42.0,0.0,56.0,MNI space,Peak (z-score),5.53,43523,activation,table
29343693,con_real_activation,verum_gt_rest,"Insula (a,m,pIns)",L,-41.0,-18.0,8.0,MNI space,Peak (z-score),5.48,43523,activation,table
29343693,con_real_activation,verum_gt_rest,"Insula (a,m,pIns)",R,46.0,0.0,2.0,MNI space,Peak (z-score),5.47,43523,activation,table
29343693,con_real_activation,verum_gt_rest,Inferior Temporal Gyrus,R,46.0,-6.0,-20.0,MNI space,Peak (z-score),5.36,43523,activation,table
29343693,con_real_activation,verum_gt_rest,Cingulate Gyrus (MCC),L,-16.0,-24.0,36.0,MNI space,Peak (z-score),4.97,43523,activation,table
29343693,con_real_activation,verum_gt_rest,Ventrolateral Prefrontal Cortex (BA 47),L,-32.0,26.0,-2.0,MNI space,Peak (z-score),4.96,43523,activation,table
29343693,con_real_activation,verum_gt_rest,Postcentral Gyrus (SI),L,-40.0,-42.0,62.0,MNI space,Peak (z-score),4.88,43523,activation,table
29343693,con_real_activation,verum_gt_rest,Cingulate Gyrus (MCC),R,14.0,-24.0,42.0,MNI space,Peak (z-score),4.62,43523,activation,table
29343693,con_real_activation,verum_gt_rest,Thalamus,R,8.0,-24.0,-2.0,MNI space,Peak (z-score),4.27,43523,activation,table
29343693,con_real_activation,verum_gt_rest,Ventrolateral Prefrontal Cortex (BA 47),R,42.0,46.0,2.0,MNI space,Peak (z-score),4.08,43523,activation,table
29343693,con_real_activation,verum_gt_rest,Lingual Gyrus,R,4.0,-74.0,-6.0,MNI space,Peak (z-score),3.54,43523,activation,table
29343693,con_real_activation,verum_gt_rest,Cerebellar Tonsil,R,32.0,-54.0,-30.0,MNI space,Peak (z-score),4.63,1389,activation,table
29343693,con_real_activation,verum_gt_rest,Inferior Semi-Lunar Lobule,R,16.0,-68.0,-58.0,MNI space,Peak (z-score),4.69,422,activation,table
29343693,con_real_deactivation,deactivation,Parahippocampal Gyrus,L,-26.0,-14.0,-24.0,MNI space,Peak (z-score),-5.33,14626,deactivation,table
29343693,con_real_deactivation,deactivation,Posterior Cingulate Gyrus(PCC/RSC),L,-8.0,-60.0,14.0,MNI space,Peak (z-score),-4.91,14626,deactivation,table
29343693,con_real_deactivation,deactivation,Superior Temporal Gyrus,R,60.0,-60.0,26.0,MNI space,Peak (z-score),-4.68,14626,deactivation,table
29343693,con_real_deactivation,deactivation,Superior Parietal Lobule,L,-40.0,-72.0,50.0,MNI space,Peak (z-score),4.64,14626,deactivation,table
29343693,con_real_deactivation,deactivation,Fusiform Gyrus,L,-30.0,-39.0,-21.0,MNI space,Peak (z-score),-4.48,14626,deactivation,table
29343693,con_real_deactivation,deactivation,Precuneus,R,26.0,-56.0,34.0,MNI space,Peak (z-score),-3.98,14626,deactivation,table
29343693,con_real_deactivation,deactivation,Middle Temporal Gyrus,L,-49.0,2.0,-41.0,MNI space,Peak (z-score),-3.98,14626,deactivation,table
29343693,con_real_deactivation,deactivation,Inferior Parietal Lobule,L,-45.0,-69.0,49.0,MNI space,Peak (z-score),-3.84,14626,deactivation,table
29343693,con_real_deactivation,deactivation,Inferior Parietal Lobule,R,55.0,-51.0,47.0,MNI space,Peak (z-score),-3.74,14626,deactivation,table
29343693,con_real_deactivation,deactivation,Posterior Cingulate Gyrus(PCC/RSC),R,5.0,-53.0,35.0,MNI space,Peak (z-score),-3.49,14626,deactivation,table
29343693,con_real_deactivation,deactivation,Thalamus,L,-24.0,-28.0,8.0,MNI space,Peak (z-score),-3.48,14626,deactivation,table
29343693,con_real_deactivation,deactivation,"Middle Frontal Gyrus (dlPFC, BA 8)",L,-26.0,28.0,58.0,MNI space,Peak (z-score),-4.60,4119,deactivation,table
29343693,con_real_deactivation,deactivation,Medial Frontal Gyrus (vmPFC),L,-4.0,60.0,0.0,MNI space,Peak (z-score),-4.36,4119,deactivation,table
29343693,con_real_deactivation,deactivation,Medial Frontal Gyrus (dmPFC),L,-2.0,58.0,24.0,MNI space,Peak (z-score),-4.22,4119,deactivation,table
29343693,con_real_deactivation,deactivation,"Superior Frontal Gyrus (dlPFC, BA 10)",L,-22.0,64.0,14.0,MNI space,Peak (z-score),-3.75,4119,deactivation,table
29343693,con_real_deactivation,deactivation,Medial Frontal Gyrus (vmPFC),R,5.0,65.0,6.0,MNI space,Peak (z-score),-4.06,4119,deactivation,table
29343693,con_real_deactivation,deactivation,Medial Frontal Gyrus (dmPFC),R,5.0,51.0,30.0,MNI space,Peak (z-score),-2.07,4119,deactivation,table
29343693,con_real_deactivation,deactivation,"Superior Frontal Gyrus (dlPFC, BA 10)",R,20.0,60.0,32.0,MNI space,Peak (z-score),-4.50,931,deactivation,table
29343693,con_real_deactivation,deactivation,"Middle Frontal Gyrus (dlPFC, BA 8)",R,33.0,40.0,42.0,MNI space,Peak (z-score),-3.52,931,deactivation,table
29343693,con_real_deactivation,deactivation,Middle Frontal Gyrus (vlPFC),L,-42.0,40.0,-14.0,MNI space,Peak (z-score),-4.04,804,deactivation,table
29343693,con_real_deactivation,deactivation,Middle Frontal Gyrus (vlPFC),L,-36.0,50.0,-2.0,MNI space,Peak (z-score),-3.54,804,deactivation,table
29343693,con_real_deactivation,deactivation,Fusiform Gyrus,L,-42.0,-66.0,-18.0,MNI space,Peak (z-score),-3.34,118,deactivation,table
29343693,con_real_deactivation,deactivation,Superior Frontal Gyrus,L,-2.0,28.0,64.0,MNI space,Peak (z-score),-3.57,80,deactivation,table
29343693,con_real_deactivation,deactivation,Superior Frontal Gyrus (vlPFC),L,-30.0,60.0,-14.0,MNI space,Peak (z-score),-2.84,25,deactivation,table
29343693,con_real_deactivation,deactivation,Superior Parietal Lobule,R,10.0,-72.0,60.0,MNI space,Peak (z-score),-2.99,22,deactivation,table
29343693,con_phnt_activation,sham_gt_rest,Middle Occipital Gyrus,L,-52.0,-72.0,4.0,MNI space,Peak (z-score),5.57,36637,activation,table
29343693,con_phnt_activation,sham_gt_rest,Superior Parietal Lobule,L,-32.0,-54.0,56.0,MNI space,Peak (z-score),5.39,36637,activation,table
29343693,con_phnt_activation,sham_gt_rest,Parietal Operculum/SII,L,-60.0,-22.0,18.0,MNI space,Peak (z-score),5.24,36637,activation,table
29343693,con_phnt_activation,sham_gt_rest,Inferior Temporal Gyrus,R,48.0,-72.0,2.0,MNI space,Peak (z-score),5.11,36637,activation,table
29343693,con_phnt_activation,sham_gt_rest,Ventrolateral Prefrontal Cortex (BA 44),R,44.0,6.0,30.0,MNI space,Peak (z-score),5.10,36637,activation,table
29343693,con_phnt_activation,sham_gt_rest,Precentral Gyrus (MI),L,-46.0,-2.0,56.0,MNI space,Peak (z-score),5.09,36637,activation,table
29343693,con_phnt_activation,sham_gt_rest,Parietal Operculum/SII,R,60.0,-18.0,24.0,MNI space,Peak (z-score),4.96,36637,activation,table
29343693,con_phnt_activation,sham_gt_rest,Superior Frontal Gyrus (SMA),R,4.0,12.0,56.0,MNI space,Peak (z-score),4.83,36637,activation,table
29343693,con_phnt_activation,sham_gt_rest,Postcentral Gyrus (SI),L,-62.0,-22.0,42.0,MNI space,Peak (z-score),4.77,36637,activation,table
29343693,con_phnt_activation,sham_gt_rest,Middle Frontal Gyrus (PMC),L,-38.0,0.0,46.0,MNI space,Peak (z-score),4.77,36637,activation,table
29343693,con_phnt_activation,sham_gt_rest,Postcentral Gyrus (SI),R,26.0,-38.0,68.0,MNI space,Peak (z-score),4.64,36637,activation,table
29343693,con_phnt_activation,sham_gt_rest,Inferior Parietal Lobule,R,54.0,-32.0,26.0,MNI space,Peak (z-score),4.62,36637,activation,table
29343693,con_phnt_activation,sham_gt_rest,Precuneus,L,-14.0,-82.0,40.0,MNI space,Peak (z-score),4.43,36637,activation,table
29343693,con_phnt_activation,sham_gt_rest,Superior Occipital Gyrus,R,28.0,-78.0,26.0,MNI space,Peak (z-score),4.37,36637,activation,table
29343693,con_phnt_activation,sham_gt_rest,Postcentral Gyrus (SI),L,-50.0,-28.0,52.0,MNI space,Peak (z-score),4.32,36637,activation,table
29343693,con_phnt_activation,sham_gt_rest,Ventrolateral Prefrontal Cortex (BA 44),L,-43.0,4.0,33.0,MNI space,Peak (z-score),4.28,36637,activation,table
29343693,con_phnt_activation,sham_gt_rest,Inferior Semi-Lunar Gyrus,L,-8.0,-78.0,-44.0,MNI space,Peak (z-score),4.23,36637,activation,table
29343693,con_phnt_activation,sham_gt_rest,Superior Temporal Gyrus,L,-66.0,-42.0,18.0,MNI space,Peak (z-score),4.17,36637,activation,table
29343693,con_phnt_activation,sham_gt_rest,Superior Frontal Gyrus (SMA),R,14.0,6.0,64.0,MNI space,Peak (z-score),4.14,36637,activation,table
29343693,con_phnt_activation,sham_gt_rest,Postcentral Gyrus (SI),L,-28.0,-48.0,68.0,MNI space,Peak (z-score),4.11,36637,activation,table
29343693,con_phnt_activation,sham_gt_rest,Precentral Gyrus (MI),L,-62.0,4.0,6.0,MNI space,Peak (z-score),4.07,36637,activation,table
29343693,con_phnt_activation,sham_gt_rest,Ventrolateral Prefrontal Cortex (BA 45),R,58.0,30.0,6.0,MNI space,Peak (z-score),3.97,36637,activation,table
29343693,con_phnt_activation,sham_gt_rest,Cuneus,L,-28.0,-90.0,30.0,MNI space,Peak (z-score),3.90,36637,activation,table
29343693,con_phnt_activation,sham_gt_rest,Superior Frontal Gyrus (SMA),R,10.0,-4.0,76.0,MNI space,Peak (z-score),3.87,36637,activation,table
29343693,con_phnt_activation,sham_gt_rest,Middle Temporal Gyrus,R,54.0,-10.0,-18.0,MNI space,Peak (z-score),3.86,36637,activation,table
29343693,con_phnt_activation,sham_gt_rest,Insula (mIns),R,42.0,0.0,4.0,MNI space,Peak (z-score),3.82,36637,activation,table
29343693,con_phnt_activation,sham_gt_rest,Ventrolateral Prefrontal Cortex (BA 45),L,-51.0,35.0,14.0,MNI space,Peak (z-score),3.80,36637,activation,table
29343693,con_phnt_activation,sham_gt_rest,Paracentral Lobule,R,10.0,-42.0,56.0,MNI space,Peak (z-score),3.67,36637,activation,table
29343693,con_phnt_activation,sham_gt_rest,Insula (mIns),L,-46.0,-10.0,6.0,MNI space,Peak (z-score),3.59,36637,activation,table
29343693,con_phnt_activation,sham_gt_rest,Cingulate Gyrus (MCC),R,10.0,4.0,44.0,MNI space,Peak (z-score),3.48,36637,activation,table
29343693,con_phnt_activation,sham_gt_rest,Inferior Occipital Gyrus,R,34.0,-84.0,-6.0,MNI space,Peak (z-score),3.45,36637,activation,table
29343693,con_phnt_activation,sham_gt_rest,Superior Temporal Gyrus,L,-56.0,10.0,-10.0,MNI space,Peak (z-score),3.41,36637,activation,table
29343693,con_phnt_activation,sham_gt_rest,Fusiform Gyrus,L,-42.0,-66.0,-18.0,MNI space,Peak (z-score),3.08,36637,activation,table
29343693,con_phnt_activation,sham_gt_rest,"Middle Frontal Gyrus (dlPFC, BA 46)",L,-45.0,36.0,17.0,MNI space,Peak (z-score),3.00,36637,activation,table
29343693,con_phnt_activation,sham_gt_rest,"Middle Frontal Gyrus (dlPFC, BA 46)",R,45.0,32.0,19.0,MNI space,Peak (z-score),2.85,36637,activation,table
29343693,con_phnt_activation,sham_gt_rest,Fusiform Gyrus,R,45.0,-56.0,-18.0,MNI space,Peak (z-score),2.80,36637,activation,table
29343693,con_phnt_activation,sham_gt_rest,Uvula,R,8.0,-80.0,-46.0,MNI space,Peak (z-score),4.67,1232,activation,table
29343693,con_phnt_activation,sham_gt_rest,Lentiform Nucleus,R,18.0,-4.0,16.0,MNI space,Peak (z-score),3.35,270,activation,table
29343693,con_phnt_activation,sham_gt_rest,Thalamus,R,6.0,-14.0,6.0,MNI space,Peak (z-score),3.27,130,activation,table
29343693,con_phnt_deactivation,deactivation,Medial Frontal Gyrus(dmPFC),L,-4.0,68.0,8.0,MNI space,Peak (z-score),-3.85,1804,deactivation,table
29343693,con_phnt_deactivation,deactivation,Medial Frontal Gyrus (vmPFC),L,-4.0,46.0,-7.0,MNI space,Peak (z-score),-3.42,1804,deactivation,table
29343693,con_phnt_deactivation,deactivation,Medial Frontal Gyrus (dmPFC),R,1.0,43.0,21.0,MNI space,Peak (z-score),-3.30,1804,deactivation,table
29343693,con_phnt_deactivation,deactivation,Medial Frontal Gyrus (vmPFC),R,2.0,59.0,2.0,MNI space,Peak (z-score),-3.20,1804,deactivation,table
29343693,con_phnt_deactivation,deactivation,Fusiform Gyrus,L,-30.0,-34.0,-16.0,MNI space,Peak (z-score),-3.77,1629,deactivation,table
29343693,con_phnt_deactivation,deactivation,Parahippocampal Gyrus,L,-34.0,-22.0,-28.0,MNI space,Peak (z-score),-3.59,1629,deactivation,table
29343693,con_phnt_deactivation,deactivation,Posterior Cingulate (PCC/RSC),L,-10.0,-56.0,10.0,MNI space,Peak (z-score),-4.04,1398,deactivation,table
29343693,con_phnt_deactivation,deactivation,Precuneus,L,-9.0,-69.0,22.0,MNI space,Peak (z-score),-3.16,1398,deactivation,table
29343693,con_phnt_deactivation,deactivation,Inferior Temporal Gyrus,L,-54.0,-12.0,-28.0,MNI space,Peak (z-score),-3.55,382,deactivation,table
29343693,con_phnt_deactivation,deactivation,Middle Temporal Gyrus,L,-54.0,-19.0,-16.0,MNI space,Peak (z-score),-2.96,382,deactivation,table
29343693,con_phnt_deactivation,deactivation,Precuneus,L,-20.0,-58.0,30.0,MNI space,Peak (z-score),-2.84,20,deactivation,table
29343693,con_conjunction_activation,other,Middle Occipital Gyrus,L,-52.0,-72.0,4.0,MNI space,Peak (z-score),5.57,20888,activation,table
29343693,con_conjunction_activation,other,Parietal Operculum/SII,L,-60.0,-22.0,18.0,MNI space,Peak (z-score),5.24,20888,activation,table
29343693,con_conjunction_activation,other,Precentral Gyrus (MI),L,-46.0,-2.0,56.0,MNI space,Peak (z-score),5.09,20888,activation,table
29343693,con_conjunction_activation,other,Parietal Operculum/SII,R,62.0,-18.0,26.0,MNI space,Peak (z-score),4.91,20888,activation,table
29343693,con_conjunction_activation,other,Inferior Temporal Gyrus,R,48.0,-70.0,2.0,MNI space,Peak (z-score),4.87,20888,activation,table
29343693,con_conjunction_activation,other,Postcentral Gyrus (SI),L,-62.0,-22.0,42.0,MNI space,Peak (z-score),4.77,20888,activation,table
29343693,con_conjunction_activation,other,Inferior Frontal Gyrus (PMC),R,48.0,6.0,32.0,MNI space,Peak (z-score),4.65,20888,activation,table
29343693,con_conjunction_activation,other,Postcentral Gyrus (SI),R,26.0,-38.0,68.0,MNI space,Peak (z-score),4.64,20888,activation,table
29343693,con_conjunction_activation,other,Inferior Parietal Lobule,R,54.0,-32.0,26.0,MNI space,Peak (z-score),4.62,20888,activation,table
29343693,con_conjunction_activation,other,Middle Frontal Gyrus,R,30.0,-4.0,52.0,MNI space,Peak (z-score),4.36,20888,activation,table
29343693,con_conjunction_activation,other,Superior Parietal Lobule,L,-32.0,-50.0,60.0,MNI space,Peak (z-score),4.24,20888,activation,table
29343693,con_conjunction_activation,other,Insula (mIns),R,42.0,0.0,4.0,MNI space,Peak (z-score),3.82,20888,activation,table
29343693,con_conjunction_activation,other,Insula (aIns),R,38.0,24.0,4.0,MNI space,Peak (z-score),3.69,20888,activation,table
29343693,con_conjunction_activation,other,Precentral Gyrus (MI),L,-50.0,-6.0,6.0,MNI space,Peak (z-score),3.53,20888,activation,table
29343693,con_conjunction_activation,other,Inferior Frontal Gyrus (PMC),L,-56.0,12.0,4.0,MNI space,Peak (z-score),3.49,20888,activation,table
29343693,con_conjunction_activation,other,Cingulate Gyrus (MCC),R,10.0,4.0,44.0,MNI space,Peak (z-score),3.48,20888,activation,table
29343693,con_conjunction_activation,other,Superior Temporal Gyrus,L,-64.0,-8.0,2.0,MNI space,Peak (z-score),3.40,20888,activation,table
29343693,con_conjunction_activation,other,Middle Temporal Gyrus,R,48.0,-16.0,-12.0,MNI space,Peak (z-score),3.19,20888,activation,table
29343693,con_conjunction_deactivation,deactivation,Posterior Cingulate Gyrus /RSP,L,-10.0,-56.0,10.0,MNI space,Peak (z-score),-4.04,1073,deactivation,table
29343693,con_conjunction_deactivation,deactivation,Medial Frontal Gyrus,L,-4.0,68.0,8.0,MNI space,Peak (z-score),-3.85,961,deactivation,table
29343693,con_conjunction_deactivation,deactivation,Parahippocampal Gyrus,L,-30.0,-34.0,-16.0,MNI space,Peak (z-score),-3.77,766,deactivation,table
29343693,con_real_minus_phnt_activation,verum_gt_sham,Transverse Temporal Gyrus,R,50.0,-24.0,12.0,MNI space,Peak (z-score),4.53,3722,REAL > PHNT,table
29343693,con_real_minus_phnt_activation,verum_gt_sham,Insula (mIns),R,40.0,-18.0,-2.0,MNI space,Peak (z-score),4.26,3722,REAL > PHNT,table
29343693,con_real_minus_phnt_activation,verum_gt_sham,Insula (pIns),R,40.0,-20.0,14.0,MNI space,Peak (z-score),3.81,3722,REAL > PHNT,table
29343693,con_real_minus_phnt_activation,verum_gt_sham,"Postcentral Gyrus (SI, BA1,2)",R,60.0,-16.0,46.0,MNI space,Peak (z-score),3.76,3722,REAL > PHNT,table
29343693,con_real_minus_phnt_activation,verum_gt_sham,Precentral Gyrus (MI),R,60.0,6.0,8.0,MNI space,Peak (z-score),3.63,3722,REAL > PHNT,table
29343693,con_real_minus_phnt_activation,verum_gt_sham,Postcentral Gyrus (SI),R,22.0,-36.0,72.0,MNI space,Peak (z-score),3.36,3722,REAL > PHNT,table
29343693,con_real_minus_phnt_activation,verum_gt_sham,Medial Frontal Gyrus (SMA),L,-2.0,-8.0,64.0,MNI space,Peak (z-score),4.13,2168,REAL > PHNT,table
29343693,con_real_minus_phnt_activation,verum_gt_sham,Cingulate Gyrus(MCC),R,2.0,-4.0,44.0,MNI space,Peak (z-score),4.05,2168,REAL > PHNT,table
29343693,con_real_minus_phnt_activation,verum_gt_sham,Cingulate Gyrus (ACC),R,4.0,12.0,40.0,MNI space,Peak (z-score),3.64,2168,REAL > PHNT,table
29343693,con_real_minus_phnt_activation,verum_gt_sham,Cingulate Gyrus (MCC),L,-8.0,8.0,36.0,MNI space,Peak (z-score),3.48,2168,REAL > PHNT,table
29343693,con_real_minus_phnt_activation,verum_gt_sham,Cingulate Gyrus(ACC),L,-4.0,26.0,25.0,MNI space,Peak (z-score),3.02,2168,REAL > PHNT,table
29343693,con_real_minus_phnt_activation,verum_gt_sham,Parietal Operculum/SII,L,-50.0,-16.0,12.0,MNI space,Peak (z-score),4.25,1376,REAL > PHNT,table
29343693,con_real_minus_phnt_activation,verum_gt_sham,Insula (pIns),L,-40.0,-18.0,10.0,MNI space,Peak (z-score),4.01,1376,REAL > PHNT,table
29343693,con_real_minus_phnt_activation,verum_gt_sham,Transverse Temporal Gyrus,L,-54.0,-21.0,11.0,MNI space,Peak (z-score),3.73,1376,REAL > PHNT,table
29343693,con_real_minus_phnt_activation,verum_gt_sham,Postcentral Gyrus (SI),L,-54.0,-21.0,23.0,MNI space,Peak (z-score),3.23,1376,REAL > PHNT,table
29343693,con_real_minus_phnt_activation,verum_gt_sham,Superior Temporal Gyrus,L,-60.0,8.0,-2.0,MNI space,Peak (z-score),3.82,647,REAL > PHNT,table
29343693,con_real_minus_phnt_activation,verum_gt_sham,"Insula (a,mIns)",L,-38.0,17.0,-3.0,MNI space,Peak (z-score),3.31,647,REAL > PHNT,table
29343693,con_real_minus_phnt_activation,verum_gt_sham,Precentral Gyrus (MI),L,-20.0,-26.0,76.0,MNI space,Peak (z-score),3.89,537,REAL > PHNT,table
29343693,con_real_minus_phnt_activation,verum_gt_sham,Postcentral Gyrus (SI),L,-20.0,-38.0,70.0,MNI space,Peak (z-score),3.67,537,REAL > PHNT,table
29343693,con_real_minus_phnt_activation,verum_gt_sham,Superior Parietal Lobule,L,-22.0,-48.0,62.0,MNI space,Peak (z-score),3.53,537,REAL > PHNT,table
29343693,con_real_minus_phnt_activation,verum_gt_sham,Precentral Gyrus (MI),R,20.0,-26.0,76.0,MNI space,Peak (z-score),3.63,298,REAL > PHNT,table
29343693,con_real_minus_phnt_deactivation,deactivation,Superior Occipital Gyrus,R,38.0,-78.0,28.0,MNI space,Peak (z-score),-4.39,4414,PHNT > REAL,table
29343693,con_real_minus_phnt_deactivation,deactivation,Middle Occipital Gyrus,R,46.0,-64.0,-8.0,MNI space,Peak (z-score),-4.16,4414,PHNT > REAL,table
29343693,con_real_minus_phnt_deactivation,deactivation,"Ventrolateral Prefrontal Cortex (BA 44, 45)",R,58.0,30.0,6.0,MNI space,Peak (z-score),-3.80,4414,PHNT > REAL,table
29343693,con_real_minus_phnt_deactivation,deactivation,Inferior Occipital Gyrus,R,38.0,-86.0,-14.0,MNI space,Peak (z-score),-3.48,4414,PHNT > REAL,table
29343693,con_real_minus_phnt_deactivation,deactivation,Superior Temporal Gyrus,R,56.0,-56.0,18.0,MNI space,Peak (z-score),-3.36,4414,PHNT > REAL,table
29343693,con_real_minus_phnt_deactivation,deactivation,Precuneus,R,24.0,-60.0,40.0,MNI space,Peak (z-score),-3.33,4414,PHNT > REAL,table
29343693,con_real_minus_phnt_deactivation,deactivation,Superior Parietal Lobule,R,32.0,-50.0,48.0,MNI space,Peak (z-score),-3.32,4414,PHNT > REAL,table
29343693,con_real_minus_phnt_deactivation,deactivation,Middle Frontal Gyrus (dlPFC),L,-34.0,16.0,22.0,MNI space,Peak (z-score),-3.60,2492,PHNT > REAL,table
29343693,con_real_minus_phnt_deactivation,deactivation,Ventrolateral Prefrontal Cortex (BA 45),L,-54.0,30.0,16.0,MNI space,Peak (z-score),-3.53,2492,PHNT > REAL,table
29343693,con_real_minus_phnt_deactivation,deactivation,Middle Frontal Gyrus (dlPFC),L,-52.0,28.0,28.0,MNI space,Peak (z-score),-3.45,2492,PHNT > REAL,table
29343693,con_real_minus_phnt_deactivation,deactivation,Ventrolateral Prefrontal Cortex (BA 44),L,-44.0,2.0,36.0,MNI space,Peak (z-score),-3.34,2492,PHNT > REAL,table
29343693,con_real_minus_phnt_deactivation,deactivation,Superior Parietal Lobule,L,-36.0,-58.0,52.0,MNI space,Peak (z-score),-4.25,2416,PHNT > REAL,table
29343693,con_real_minus_phnt_deactivation,deactivation,Middle Occipital Gyrus,L,-36.0,-86.0,10.0,MNI space,Peak (z-score),-3.63,2416,PHNT > REAL,table
29343693,con_real_minus_phnt_deactivation,deactivation,Inferior Semi-Lunar Lobule,R,22.0,-80.0,-44.0,MNI space,Peak (z-score),-4.03,963,PHNT > REAL,table
29343693,con_real_minus_phnt_deactivation,deactivation,Fusiform Gyrus,L,-42.0,-66.0,-18.0,MNI space,Peak (z-score),-4.04,868,PHNT > REAL,table
29343693,con_real_minus_phnt_deactivation,deactivation,"Precuneus, PCC/RS",R,6.0,-54.0,38.0,MNI space,Peak (z-score),-3.80,735,PHNT > REAL,table
29343693,con_real_minus_phnt_deactivation,deactivation,Tuber,L,-36.0,-84.0,-40.0,MNI space,Peak (z-score),-3.53,522,PHNT > REAL,table
29343693,con_real_minus_phnt_deactivation,deactivation,Middle Frontal Gyrus (dlPFC),R,44.0,16.0,34.0,MNI space,Peak (z-score),-3.27,314,PHNT > REAL,table
29343693,con_real_minus_phnt_deactivation,deactivation,Fusiform Gyrus,R,30.0,-38.0,-20.0,MNI space,Peak (z-score),-3.09,219,PHNT > REAL,table
29343693,con_real_minus_phnt_deactivation,deactivation,Superior Temporal Gyrus,L,-56.0,-62.0,26.0,MNI space,Peak (z-score),-3.29,128,PHNT > REAL,table
29343693,con_real_minus_phnt_deactivation,deactivation,Medial Frontal Gyrus (dmPFC),L,-6.0,44.0,48.0,MNI space,Peak (z-score),-3.18,95,PHNT > REAL,table
29343693,con_real_minus_phnt_deactivation,deactivation,Superior Temporal Gyrus,L,-46.0,-52.0,18.0,MNI space,Peak (z-score),-3.02,38,PHNT > REAL,table
29343693,16046146_C1,deactivation,Amygdala R,R,25.0,-7.0,-18.0,TAL,t,-3.43,not_reported,deactivation,Table 1
29343693,16046146_C1,deactivation,Amygdala L,L,-24.0,-2.0,-19.0,TAL,t,-7.33,not_reported,deactivation,Table 1
29343693,16046146_C1,deactivation,Hippocampus R,R,34.0,-22.0,-9.0,TAL,t,-4.93,not_reported,deactivation,Table 1
29343693,16046146_C1,deactivation,Hippocampus L,L,-17.0,-16.0,-16.0,TAL,t,-5.41,not_reported,deactivation,Table 1
29343693,16046146_C1,deactivation,Parahippocampus R,R,17.0,-2.0,-28.0,TAL,t,-10.5,not_reported,deactivation,Table 1
29343693,16046146_C1,deactivation,Parahippocampus L,L,-26.0,-7.0,-29.0,TAL,t,-7.94,not_reported,deactivation,Table 1
29343693,16046146_C1,deactivation,Hypothalamus R,midline,2.0,-3.0,10.0,TAL,t,-6.73,not_reported,deactivation,Table 1
29343693,16046146_C1,deactivation,Hypothalamus L,midline,-2.0,-4.0,12.0,TAL,t,-9.26,not_reported,deactivation,Table 1
29343693,16046146_C1,deactivation,Septal area R,midline,2.0,1.0,10.0,TAL,t,-4.27,not_reported,deactivation,Table 1
29343693,16046146_C1,deactivation,Septal area L,midline,-2.0,1.0,10.0,TAL,t,-7.01,not_reported,deactivation,Table 1
29343693,16046146_C1,deactivation,Nucleus accumbens / SCC R,R,8.0,7.0,-6.0,TAL,t,-5.98,not_reported,deactivation,Table 1
29343693,16046146_C1,deactivation,Anterior cingulate - subgenual R,R,4.0,31.0,-6.0,TAL,t,-8.23,not_reported,deactivation,Table 1
29343693,16046146_C1,deactivation,Anterior cingulate - subgenual L,midline,-1.0,29.0,-2.0,TAL,t,-7.79,not_reported,deactivation,Table 1
29343693,16046146_C1,deactivation,Anterior cingulate - pregenual R,midline,1.0,38.0,2.0,TAL,t,-5.74,not_reported,deactivation,Table 1
29343693,16046146_C1,deactivation,Anterior cingulate - pregenual L,L,-6.0,34.0,9.0,TAL,t,-4.94,not_reported,deactivation,Table 1
29343693,16046146_C1,deactivation,Anterior cingulate - dorso-anterior R,midline,2.0,41.0,21.0,TAL,t,-6.26,not_reported,deactivation,Table 1
29343693,16046146_C1,deactivation,Posterior middle cingulate R,midline,2.0,-16.0,37.0,TAL,t,-3.87,not_reported,deactivation,Table 1
29343693,16046146_C1,deactivation,Posterior middle cingulate L,midline,-2.0,-16.0,37.0,TAL,t,-4.65,not_reported,deactivation,Table 1
29343693,16046146_C1,deactivation,Posterior cingulate R,R,5.0,-40.0,34.0,TAL,t,-4.61,not_reported,deactivation,Table 1
29343693,16046146_C1,deactivation,Posterior cingulate L,midline,-2.0,-37.0,33.0,TAL,t,-5.05,not_reported,deactivation,Table 1
29343693,16046146_C1,deactivation,Retrosplenial cortex R,R,3.0,-42.0,37.0,TAL,t,-6.16,not_reported,deactivation,Table 1
29343693,16046146_C1,deactivation,Retrosplenial cortex R,R,7.0,-51.0,14.0,TAL,t,-7.83,not_reported,deactivation,Table 1
29343693,16046146_C1,deactivation,Retrosplenial cortex L,L,-5.0,-57.0,19.0,TAL,t,-5.74,not_reported,deactivation,Table 1
29343693,16046146_C1,deactivation,Retrosplenial cortex L,L,-5.0,-52.0,20.0,TAL,t,-6.85,not_reported,deactivation,Table 1
29343693,16046146_C1,deactivation,Anterior insula L,L,-39.0,8.0,-6.0,TAL,t,-4.32,not_reported,deactivation,Table 1
29343693,16046146_C1,deactivation,Temporal pole R,R,25.0,14.0,-25.0,TAL,t,-8.48,not_reported,deactivation,Table 1
29343693,16046146_C1,deactivation,Temporal pole L,L,-26.0,11.0,-29.0,TAL,t,-7.64,not_reported,deactivation,Table 1
29343693,16046146_C1,deactivation,Frontal pole R,midline,2.0,65.0,-10.0,TAL,t,-11.47,not_reported,deactivation,Table 1
29343693,16046146_C1,deactivation,Frontal pole L,L,-21.0,53.0,7.0,TAL,t,-6.84,not_reported,deactivation,Table 1
29343693,16046146_C1,deactivation,VMPF cortex - BA 11 & 12 R,R,4.0,31.0,-14.0,TAL,t,-13.06,not_reported,deactivation,Table 1
29343693,16046146_C1,deactivation,VMPF cortex - BA 11 & 12 L,L,-3.0,39.0,-10.0,TAL,t,-9.6,not_reported,deactivation,Table 1
29343693,16046146_C1,deactivation,VMPF cortex - BA 25 R,R,3.0,17.0,-13.0,TAL,t,-6.75,not_reported,deactivation,Table 1
29343693,16046146_C1,deactivation,VMPF cortex - BA 25 L,midline,-2.0,5.0,-7.0,TAL,t,-3.61,not_reported,deactivation,Table 1
29343693,16046146_C1,deactivation,Caudate R,R,14.0,13.0,8.0,TAL,t,-7.16,not_reported,deactivation,Table 1
29343693,16046146_C1,deactivation,Caudate L,L,-7.0,13.0,8.0,TAL,t,-7.86,not_reported,deactivation,Table 1
29343693,16046146_C1,deactivation,Posterior thalamus R,R,16.0,-29.0,3.0,TAL,t,-5.45,not_reported,deactivation,Table 1
29343693,16046146_C1,deactivation,Posterior thalamus L,L,-10.0,-31.0,5.0,TAL,t,-4.52,not_reported,deactivation,Table 1
29343693,16046146_C1,deactivation,Inferior parietal lobe L,L,-37.0,-41.0,47.0,TAL,t,-3.57,not_reported,deactivation,Table 1
29343693,16046146_C1,deactivation,Inferior parietal lobe R,R,56.0,-35.0,35.0,TAL,t,-3.62,not_reported,deactivation,Table 1
29343693,16046146_C1,deactivation,Premotor cortex R,R,4.0,-14.0,54.0,TAL,t,-6.54,not_reported,deactivation,Table 1
29343693,16046146_C1,deactivation,Premotor cortex L,L,-4.0,-19.0,63.0,TAL,t,-6.28,not_reported,deactivation,Table 1
29343693,16046146_C1,deactivation,Ventral tegmental area / substantia nigra R,R,11.0,-19.0,-10.0,TAL,t,-4.04,not_reported,deactivation,Table 1
29343693,16046146_C1,deactivation,Ventral tegmental area / substantia nigra L,L,-4.0,-20.0,-15.0,TAL,t,-5.4,not_reported,deactivation,Table 1
29343693,16046146_C1,deactivation,Reticular formation R,R,4.0,-31.0,-27.0,TAL,t,-6.1,not_reported,deactivation,Table 1
29343693,16046146_C1,deactivation,Reticular formation L,L,-5.0,-28.0,-31.0,TAL,t,-3.55,not_reported,deactivation,Table 1
29343693,16046146_C1,deactivation,Pontine nuclei R,R,5.0,-17.0,-28.0,TAL,t,-5.06,not_reported,deactivation,Table 1
29343693,16046146_C1,deactivation,Pontine nuclei L,midline,-1.0,-22.0,-28.0,TAL,t,-4.99,not_reported,deactivation,Table 1
29343693,16046146_C2,verum_gt_rest,Paracentral lobule R,R,4.0,-47.0,60.0,TAL,t,-3.51,not_reported,activation,Table 1
29343693,16046146_C2,verum_gt_rest,Paracentral lobule L,L,-7.0,-36.0,59.0,TAL,t,-4.06,not_reported,activation,Table 1
29343693,16046146_C2,verum_gt_rest,SII R,R,60.0,-23.0,27.0,TAL,t,-4.48,not_reported,activation,Table 1
29343693,16046146_C2,verum_gt_rest,SII L,L,-62.0,-14.0,14.0,TAL,t,-5.79,not_reported,activation,Table 1
29343693,16046146_C2,verum_gt_rest,Dorsal raphe R,midline,2.0,-23.0,-7.0,TAL,t,-3.63,not_reported,activation,Table 1
29343693,16046146_C2,verum_gt_rest,Dorsal raphe L,midline,-2.0,-22.0,-6.0,TAL,t,-5.51,not_reported,activation,Table 1
29343693,16046146_C3,verum_gt_rest,Parahippocampus R,R,25.0,-19.0,-24.0,TAL,t,-4.95,not_reported,activation,Table 1
29343693,16046146_C3,verum_gt_rest,Anterior cingulate - dorso-anterior R,midline,1.0,22.0,23.0,TAL,t,-4.8,not_reported,activation,Table 1
29343693,16046146_C3,verum_gt_rest,Anterior cingulate - pregenual L,midline,-2.0,32.0,0.0,TAL,t,-3.59,not_reported,activation,Table 1
29343693,16046146_C3,verum_gt_rest,Anterior middle cingulate R,midline,1.0,7.0,32.0,TAL,t,-3.98,not_reported,activation,Table 1
29343693,16046146_C3,verum_gt_rest,Anterior middle cingulate L,midline,-2.0,-8.0,31.0,TAL,t,-5.9,not_reported,activation,Table 1
29343693,16046146_C3,verum_gt_rest,Posterior middle cingulate R,midline,1.0,-2.0,41.0,TAL,t,-7.04,not_reported,activation,Table 1
29343693,16046146_C3,verum_gt_rest,Posterior middle cingulate L,midline,-2.0,-2.0,40.0,TAL,t,-6.1,not_reported,activation,Table 1
29343693,16046146_C3,verum_gt_rest,Posterior cingulate R,R,3.0,-44.0,23.0,TAL,t,-4.96,not_reported,activation,Table 1
29343693,16046146_C3,verum_gt_rest,Posterior cingulate L,midline,-1.0,-41.0,22.0,TAL,t,-5.63,not_reported,activation,Table 1
29343693,16046146_C3,verum_gt_rest,Temporal pole R,R,45.0,13.0,-10.0,TAL,t,-5.66,not_reported,activation,Table 1
29343693,16046146_C3,verum_gt_rest,Temporal pole R (second peak),R,34.0,12.0,-30.0,TAL,t,-6.88,not_reported,activation,Table 1
29343693,16046146_C3,verum_gt_rest,Temporal pole L,L,-35.0,2.0,-36.0,TAL,t,-8.64,not_reported,activation,Table 1
29343693,16046146_C3,verum_gt_rest,Frontal pole R,R,8.0,59.0,26.0,TAL,t,-7.53,not_reported,activation,Table 1
29343693,16046146_C3,verum_gt_rest,Frontal pole R (second peak),R,8.0,62.0,8.0,TAL,t,-7.48,not_reported,activation,Table 1
29343693,16046146_C3,verum_gt_rest,Frontal pole L,L,-5.0,59.0,20.0,TAL,t,-8.2,not_reported,activation,Table 1
29343693,16046146_C3,verum_gt_rest,Frontal pole L (second peak),L,-10.0,59.0,8.0,TAL,t,-4.09,not_reported,activation,Table 1
29343693,16046146_C3,verum_gt_rest,VMPF cortex - BA 11 & 12 R,midline,2.0,14.0,-16.0,TAL,t,-15.04,not_reported,activation,Table 1
29343693,16046146_C3,verum_gt_rest,VMPF cortex - BA 11 & 12 L,L,-4.0,22.0,-18.0,TAL,t,-7.28,not_reported,activation,Table 1
29343693,16046146_C3,verum_gt_rest,Putamen R,R,20.0,4.0,5.0,TAL,t,-3.98,not_reported,activation,Table 1
29343693,16046146_C3,verum_gt_rest,SII R,R,56.0,-25.0,23.0,TAL,t,-8.14,not_reported,activation,Table 1
29343693,16046146_C3,verum_gt_rest,SII L,L,-59.0,-20.0,21.0,TAL,t,-7.4,not_reported,activation,Table 1
29343693,16046146_C3,verum_gt_rest,Inferior parietal lobe R,R,48.0,-44.0,40.0,TAL,t,-3.94,not_reported,activation,Table 1
29343693,16046146_C3,verum_gt_rest,Inferior parietal lobe R (second peak),R,53.0,-57.0,35.0,TAL,t,-4.01,not_reported,activation,Table 1
29343693,16046146_C3,verum_gt_rest,Premotor cortex R,R,3.0,2.0,60.0,TAL,t,-3.77,not_reported,activation,Table 1
29343693,16046146_C3,verum_gt_rest,Premotor cortex L,L,-4.0,-10.0,63.0,TAL,t,-5.06,not_reported,activation,Table 1
29343693,16046146_C4,sham_gt_rest,Amygdala R,R,14.0,10.0,-7.0,TAL,t,-4.36,not_reported,activation,Table 1
29343693,16046146_C4,sham_gt_rest,Amygdala L,L,-19.0,-5.0,-11.0,TAL,t,-3.99,not_reported,activation,Table 1
29343693,16046146_C4,sham_gt_rest,Anterior cingulate - subgenual R,R,3.0,30.0,-6.0,TAL,t,-4.69,not_reported,activation,Table 1
29343693,16046146_C4,sham_gt_rest,Anterior cingulate - pregenual L,midline,-2.0,32.0,0.0,TAL,t,-3.59,not_reported,activation,Table 1
29343693,16046146_C4,sham_gt_rest,Anterior middle cingulate L,midline,-2.0,5.0,3.0,TAL,t,-3.71,not_reported,activation,Table 1
29343693,16046146_C4,sham_gt_rest,Posterior middle cingulate R,midline,2.0,-3.0,33.0,TAL,t,-5.39,not_reported,activation,Table 1
29343693,16046146_C4,sham_gt_rest,Posterior cingulate R,L,-3.0,-40.0,31.0,TAL,t,-4.96,not_reported,activation,Table 1
29343693,16046146_C4,sham_gt_rest,Retrosplenial cortex R,R,4.0,-60.0,19.0,TAL,t,-4.23,not_reported,activation,Table 1
29343693,16046146_C4,sham_gt_rest,Retrosplenial cortex L,L,-3.0,-48.0,10.0,TAL,t,-4.53,not_reported,activation,Table 1
29343693,16046146_C4,sham_gt_rest,Anterior insula R,R,34.0,18.0,3.0,TAL,t,-4.59,not_reported,activation,Table 1
29343693,16046146_C4,sham_gt_rest,Anterior insula L,L,-32.0,14.0,8.0,TAL,t,-6.36,not_reported,activation,Table 1
29343693,16046146_C4,sham_gt_rest,Posterior insula R,R,49.0,13.0,-7.0,TAL,t,-7.85,not_reported,activation,Table 1
29343693,16046146_C4,sham_gt_rest,Temporal pole L,L,-52.0,10.0,-4.0,TAL,t,-4.93,not_reported,activation,Table 1
29343693,16046146_C4,sham_gt_rest,Frontal pole R,R,4.0,64.0,1.0,TAL,t,-9.06,not_reported,activation,Table 1
29343693,16046146_C4,sham_gt_rest,Frontal pole L,midline,-2.0,61.0,11.0,TAL,t,-7.18,not_reported,activation,Table 1
29343693,16046146_C4,sham_gt_rest,Frontal pole L (second peak),L,-10.0,61.0,0.0,TAL,t,-8.9,not_reported,activation,Table 1
29343693,16046146_C4,sham_gt_rest,VMPF cortex - BA 11 & 12 R,R,5.0,17.0,-13.0,TAL,t,-4.77,not_reported,activation,Table 1
29343693,16046146_C4,sham_gt_rest,VMPF cortex - BA 11 & 12 L,midline,-1.0,27.0,-12.0,TAL,t,-6.11,not_reported,activation,Table 1
29343693,16046146_C4,sham_gt_rest,Caudate R,L,-9.0,-12.0,7.0,TAL,t,-4.44,not_reported,activation,Table 1
29343693,16046146_C4,sham_gt_rest,Caudate L,L,-8.0,12.0,8.0,TAL,t,-3.44,not_reported,activation,Table 1
29343693,16046146_C4,sham_gt_rest,Putamen R,R,19.0,12.0,-2.0,TAL,t,-7.19,not_reported,activation,Table 1
29343693,16046146_C4,sham_gt_rest,Putamen L,L,-22.0,8.0,2.0,TAL,t,-4.77,not_reported,activation,Table 1
29343693,16046146_C4,sham_gt_rest,Anterior thalamus L,L,-8.0,-10.0,17.0,TAL,t,-3.51,not_reported,activation,Table 1
29343693,16046146_C4,sham_gt_rest,Middle medial thalamus R,R,6.0,-13.0,10.0,TAL,t,-3.93,not_reported,activation,Table 1
29343693,16046146_C4,sham_gt_rest,Middle medial thalamus L,L,-6.0,-13.0,11.0,TAL,t,-5.74,not_reported,activation,Table 1
29343693,16046146_C4,sham_gt_rest,Posterior thalamus L,L,-11.0,-26.0,11.0,TAL,t,-3.5,not_reported,activation,Table 1
29343693,16046146_C4,sham_gt_rest,SII R,R,55.0,-25.0,22.0,TAL,t,-13.0,not_reported,activation,Table 1
29343693,16046146_C4,sham_gt_rest,SII L,L,-55.0,-22.0,29.0,TAL,t,-4.2,not_reported,activation,Table 1
29343693,16046146_C4,sham_gt_rest,Inferior parietal lobe R,R,53.0,-36.0,41.0,TAL,t,-5.76,not_reported,activation,Table 1
29343693,16046146_C4,sham_gt_rest,Inferior parietal lobe L,L,-47.0,-35.0,25.0,TAL,t,-8.15,not_reported,activation,Table 1
29343693,16046146_C4,sham_gt_rest,Premotor cortex R,R,39.0,4.0,48.0,TAL,t,-4.17,not_reported,activation,Table 1
29343693,16046146_C5,deactivation,VMPF cortex - BA 25 R,R,3.0,12.0,-11.0,TAL,t,-3.73,not_reported,deactivation,Table 1
29343693,16046146_C6,deactivation,Vermis III R,midline,0.0,-38.0,-13.0,TAL,t,-4.23,not_reported,deactivation,Table 2
29343693,16046146_C6,deactivation,Vermis V L,midline,-2.0,-56.0,-2.0,TAL,t,-3.67,not_reported,deactivation,Table 2
29343693,16046146_C6,deactivation,Vermis VI R,midline,2.0,-71.0,-14.0,TAL,t,-3.34,not_reported,deactivation,Table 2
29343693,16046146_C6,deactivation,Vermis VI L,midline,-2.0,-71.0,-15.0,TAL,t,-5.61,not_reported,deactivation,Table 2
29343693,16046146_C6,deactivation,Vermis VII B R,R,4.0,-71.0,-35.0,TAL,t,-5.36,not_reported,deactivation,Table 2
29343693,16046146_C6,deactivation,Vermis VIII A R,midline,2.0,-62.0,-34.0,TAL,t,-6.65,not_reported,deactivation,Table 2
29343693,16046146_C6,deactivation,Vermis VIII B R,R,9.0,-62.0,-45.0,TAL,t,-4.1,not_reported,deactivation,Table 2
29343693,16046146_C6,deactivation,Vermis IX R,midline,1.0,-53.0,-37.0,TAL,t,-3.71,not_reported,deactivation,Table 2
29343693,16046146_C6,deactivation,Vermis IX L,L,-3.0,-47.0,-30.0,TAL,t,-4.03,not_reported,deactivation,Table 2
29343693,16046146_C6,deactivation,Vermis X R,midline,0.0,-44.0,-30.0,TAL,t,-5.6,not_reported,deactivation,Table 2
29343693,16046146_C6,deactivation,Medial hemisphere IV R,R,26.0,-32.0,-23.0,TAL,t,-4.05,not_reported,deactivation,Table 2
29343693,16046146_C6,deactivation,Medial hemisphere IV L,L,-8.0,-38.0,-10.0,TAL,t,-3.92,not_reported,deactivation,Table 2
29343693,16046146_C6,deactivation,Medial hemisphere V R,R,15.0,-50.0,-13.0,TAL,t,-5.74,not_reported,deactivation,Table 2
29343693,16046146_C6,deactivation,Medial hemisphere V L,L,-16.0,-50.0,-12.0,TAL,t,-3.49,not_reported,deactivation,Table 2
29343693,16046146_C6,deactivation,Medial hemisphere VIIA Crus I R,R,15.0,-83.0,-25.0,TAL,t,-5.94,not_reported,deactivation,Table 2
29343693,16046146_C6,deactivation,Medial hemisphere VIIA Crus I L,L,-15.0,-86.0,-20.0,TAL,t,-5.14,not_reported,deactivation,Table 2
29343693,16046146_C6,deactivation,Medial hemisphere VIIA Crus II R,R,18.0,-77.0,-33.0,TAL,t,-5.7,not_reported,deactivation,Table 2
29343693,16046146_C6,deactivation,Medial hemisphere VIIA Crus II L,L,-12.0,-71.0,-31.0,TAL,t,-3.68,not_reported,deactivation,Table 2
29343693,16046146_C6,deactivation,Medial hemisphere VII B R,R,13.0,-77.0,-43.0,TAL,t,-6.7,not_reported,deactivation,Table 2
29343693,16046146_C6,deactivation,Medial hemisphere VII B L,L,-10.0,-68.0,-30.0,TAL,t,-3.98,not_reported,deactivation,Table 2
29343693,16046146_C6,deactivation,Medial hemisphere VIII B R,R,10.0,-59.0,-36.0,TAL,t,-6.16,not_reported,deactivation,Table 2
29343693,16046146_C6,deactivation,Medial hemisphere VIII B L,L,-14.0,-50.0,-54.0,TAL,t,-9.6,not_reported,deactivation,Table 2
29343693,16046146_C6,deactivation,Medial hemisphere IX R,R,6.0,-65.0,-40.0,TAL,t,-6.42,not_reported,deactivation,Table 2
29343693,16046146_C6,deactivation,Medial hemisphere IX L,L,-6.0,-53.0,-51.0,TAL,t,-6.82,not_reported,deactivation,Table 2
29343693,16046146_C6,deactivation,Medial hemisphere X L,L,-22.0,-38.0,-38.0,TAL,t,-8.57,not_reported,deactivation,Table 2
29343693,16046146_C6,deactivation,Lateral hemisphere V R,R,37.0,-38.0,-27.0,TAL,t,-8.3,not_reported,deactivation,Table 2
29343693,16046146_C6,deactivation,Lateral hemisphere V L,L,-28.0,-32.0,-24.0,TAL,t,-8.04,not_reported,deactivation,Table 2
29343693,16046146_C6,deactivation,Lateral hemisphere VI R,R,37.0,-38.0,-28.0,TAL,t,-8.9,not_reported,deactivation,Table 2
29343693,16046146_C6,deactivation,Lateral hemisphere VI L,L,-21.0,-43.0,-29.0,TAL,t,-7.49,not_reported,deactivation,Table 2
29343693,16046146_C6,deactivation,Lateral hemisphere VIIA Crus I R,R,37.0,-44.0,-30.0,TAL,t,-4.29,not_reported,deactivation,Table 2
29343693,16046146_C6,deactivation,Lateral hemisphere VIIA Crus I L,L,-36.0,-38.0,-34.0,TAL,t,-3.58,not_reported,deactivation,Table 2
29343693,16046146_C6,deactivation,Lateral hemisphere VIIA Crus II R,R,27.0,-70.0,-30.0,TAL,t,-3.4,not_reported,deactivation,Table 2
29343693,16046146_C6,deactivation,Lateral hemisphere VIIA Crus II L,L,-31.0,-66.0,-43.0,TAL,t,-4.05,not_reported,deactivation,Table 2
29343693,16046146_C6,deactivation,Deep nuclei Fastigial R,midline,2.0,-50.0,-24.0,TAL,t,-3.96,not_reported,deactivation,Table 2
29343693,16046146_C6,deactivation,Deep nuclei Interpositus R,R,10.0,-56.0,-28.0,TAL,t,-3.27,not_reported,deactivation,Table 2
29343693,16046146_C6,deactivation,Deep nuclei Dentate L,L,-19.0,-47.0,-27.0,TAL,t,-4.27,not_reported,deactivation,Table 2
29343693,16046146_C6,deactivation,Lateral hemisphere VIII A L (continued table),R,20.0,-62.0,-49.0,TAL,t,-5.18,not_reported,deactivation,Table 2
29343693,16046146_C6,deactivation,Lateral hemisphere VIII A R (continued table row 2),L,-36.0,-44.0,-43.0,TAL,t,-5.88,not_reported,deactivation,Table 2
29343693,16046146_C6,deactivation,Lateral hemisphere VIII A L (row 2),L,-25.0,-62.0,-42.0,TAL,t,-5.38,not_reported,deactivation,Table 2
29343693,16046146_C6,deactivation,Lateral hemisphere VIII B R,R,28.0,-35.0,-37.0,TAL,t,-4.85,not_reported,deactivation,Table 2
29343693,16046146_C6,deactivation,Lateral hemisphere VIII B L,L,-35.0,-47.0,-43.0,TAL,t,-4.02,not_reported,deactivation,Table 2
29343693,16046146_C7,verum_gt_rest,Vermis V L,midline,-1.0,-62.0,-11.0,TAL,t,-3.93,not_reported,activation,Table 2
29343693,16046146_C7,verum_gt_rest,Medial hemisphere VI L,L,-15.0,-64.0,23.0,TAL,t,-5.62,not_reported,activation,Table 2
29343693,16046146_C7,verum_gt_rest,Medial hemisphere VIIA Crus I R,R,12.0,-83.0,-21.0,TAL,t,-8.65,not_reported,activation,Table 2
29343693,16046146_C7,verum_gt_rest,Medial hemisphere VIIA Crus I L,L,-12.0,-86.0,-24.0,TAL,t,-3.56,not_reported,activation,Table 2
29343693,16046146_C7,verum_gt_rest,Medial hemisphere VIIA Crus II L,L,-12.0,-79.0,-24.0,TAL,t,-4.8,not_reported,activation,Table 2
29343693,16046146_C7,verum_gt_rest,Medial hemisphere VII B R,R,6.0,-71.0,-37.0,TAL,t,-5.04,not_reported,activation,Table 2
29343693,16046146_C7,verum_gt_rest,Medial hemisphere IX R,R,11.0,-53.0,-55.0,TAL,t,-4.38,not_reported,activation,Table 2
29343693,16046146_C7,verum_gt_rest,Lateral hemisphere V R,R,33.0,-32.0,-27.0,TAL,t,-5.7,not_reported,activation,Table 2
29343693,16046146_C7,verum_gt_rest,Lateral hemisphere VI R,R,43.0,-45.0,-22.0,TAL,t,-10.18,not_reported,activation,Table 2
29343693,16046146_C7,verum_gt_rest,Lateral hemisphere VI L,L,-44.0,-43.0,0.58,TAL,t,-3.66,not_reported,activation,Table 2
29343693,16046146_C7,verum_gt_rest,Lateral hemisphere VIIA Crus I R,R,34.0,-74.0,-19.0,TAL,t,-3.66,not_reported,activation,Table 2
29343693,16046146_C7,verum_gt_rest,Lateral hemisphere VIIA Crus I L,L,-41.0,-71.0,-27.0,TAL,t,-4.48,not_reported,activation,Table 2
29343693,16046146_C7,verum_gt_rest,Lateral hemisphere VIII A R,R,38.0,-44.0,-40.0,TAL,t,-1.1,not_reported,activation,Table 2
29343693,16046146_C7,verum_gt_rest,Lateral hemisphere VIII B L,L,-29.0,-38.0,-46.0,TAL,t,-3.42,not_reported,activation,Table 2
29343693,16046146_C8,sham_gt_rest,Vermis VI R,midline,2.0,-71.0,-24.0,TAL,t,-4.9,not_reported,activation,Table 2
29343693,16046146_C8,sham_gt_rest,Vermis VI L,midline,-2.0,-71.0,-24.0,TAL,t,-4.9,not_reported,activation,Table 2
29343693,16046146_C8,sham_gt_rest,Vermis VIIA R,midline,2.0,-68.0,-24.0,TAL,t,-4.6,not_reported,activation,Table 2
29343693,16046146_C8,sham_gt_rest,Vermis VIIA L,midline,-2.0,-68.0,-24.0,TAL,t,-7.14,not_reported,activation,Table 2
29343693,16046146_C8,sham_gt_rest,Medial hemisphere V R,R,10.0,-59.0,-9.0,TAL,t,-3.45,not_reported,activation,Table 2
29343693,16046146_C8,sham_gt_rest,Medial hemisphere V L,L,-9.0,-59.0,-12.0,TAL,t,-3.95,not_reported,activation,Table 2
29343693,16046146_C8,sham_gt_rest,Medial hemisphere VI R,R,8.0,-74.0,-15.0,TAL,t,-6.5,not_reported,activation,Table 2
29343693,16046146_C8,sham_gt_rest,Medial hemisphere VI L,L,-10.0,-74.0,-21.0,TAL,t,-5.46,not_reported,activation,Table 2
29343693,16046146_C8,sham_gt_rest,Medial hemisphere VIIA Crus I R,R,5.0,-79.0,-24.0,TAL,t,-5.85,not_reported,activation,Table 2
29343693,16046146_C8,sham_gt_rest,Medial hemisphere VIIA Crus I L,L,-7.0,-80.0,-22.0,TAL,t,-5.85,not_reported,activation,Table 2
29343693,16046146_C8,sham_gt_rest,Medial hemisphere VIIA Crus II R,R,8.0,-83.0,-22.0,TAL,t,-3.88,not_reported,activation,Table 2
29343693,16046146_C8,sham_gt_rest,Medial hemisphere VIIA Crus II L,L,-4.0,-83.0,-25.0,TAL,t,-3.97,not_reported,activation,Table 2
29343693,16046146_C8,sham_gt_rest,Medial hemisphere VII B R,midline,2.0,-76.0,-37.0,TAL,t,-4.75,not_reported,activation,Table 2
29343693,16046146_C8,sham_gt_rest,Medial hemisphere VII B L,L,-7.0,-74.0,-37.0,TAL,t,-3.97,not_reported,activation,Table 2
29343693,16046146_C8,sham_gt_rest,Medial hemisphere VIII B R,R,30.0,-71.0,-43.0,TAL,t,-5.87,not_reported,activation,Table 2
29343693,16046146_C8,sham_gt_rest,Medial hemisphere VIII B L,L,-22.0,-71.0,-43.0,TAL,t,-7.46,not_reported,activation,Table 2
29343693,16046146_C8,sham_gt_rest,Medial hemisphere IX L,L,-9.0,-47.0,-37.0,TAL,t,-6.06,not_reported,activation,Table 2
29343693,16046146_C8,sham_gt_rest,Lateral hemisphere V R,R,28.0,-38.0,-24.0,TAL,t,-5.7,not_reported,activation,Table 2
29343693,16046146_C8,sham_gt_rest,Lateral hemisphere VI R,R,34.0,-63.0,-20.0,TAL,t,-8.83,not_reported,activation,Table 2
29343693,16046146_C8,sham_gt_rest,Lateral hemisphere VI L,L,-24.0,-64.0,-18.0,TAL,t,-8.7,not_reported,activation,Table 2
29343693,16046146_C8,sham_gt_rest,Lateral hemisphere VIIA Crus I R,R,38.0,-65.0,-22.0,TAL,t,-7.47,not_reported,activation,Table 2
29343693,16046146_C8,sham_gt_rest,Lateral hemisphere VIIA Crus I L,L,-44.0,-71.0,-22.0,TAL,t,-5.85,not_reported,activation,Table 2
29343693,16046146_C8,sham_gt_rest,Lateral hemisphere VIIA Crus II R,R,38.0,-80.0,-34.0,TAL,t,-3.4,not_reported,activation,Table 2
29343693,16046146_C8,sham_gt_rest,Lateral hemisphere VIIA Crus II L,L,-30.0,-80.0,-34.0,TAL,t,-3.6,not_reported,activation,Table 2
29343693,16046146_C8,sham_gt_rest,Deep nuclei Dentate L,L,-14.0,-62.0,-30.0,TAL,t,-4.17,not_reported,activation,Table 2
29343693,16046146_SR_C1,sham_gt_rest,L Middle Occipital Gyrus,L,-52.0,-72.0,4.0,MNI,Z,5.57,36637,activation,Table 3
29343693,16046146_SR_C1,sham_gt_rest,L Superior Parietal Lobule,L,-32.0,-54.0,56.0,MNI,Z,5.39,36637,activation,Table 3
29343693,16046146_SR_C1,sham_gt_rest,L Parietal Operculum/SII,L,-60.0,-22.0,18.0,MNI,Z,5.24,36637,activation,Table 3
29343693,16046146_SR_C1,sham_gt_rest,R Inferior Temporal Gyrus,R,48.0,-72.0,2.0,MNI,Z,5.11,36637,activation,Table 3
29343693,16046146_SR_C1,sham_gt_rest,R Ventrolateral Prefrontal Cortex (BA 44),R,44.0,6.0,30.0,MNI,Z,5.1,36637,activation,Table 3
29343693,16046146_SR_C1,sham_gt_rest,L Precentral Gyrus (MI),L,-46.0,-2.0,56.0,MNI,Z,5.09,36637,activation,Table 3
29343693,16046146_SR_C1,sham_gt_rest,R Parietal Operculum/SII,R,60.0,-18.0,24.0,MNI,Z,4.96,36637,activation,Table 3
29343693,16046146_SR_C1,sham_gt_rest,R Superior Frontal Gyrus (SMA),R,4.0,12.0,56.0,MNI,Z,4.83,36637,activation,Table 3
29343693,16046146_SR_C1,sham_gt_rest,L Postcentral Gyrus (SI),L,-62.0,-22.0,42.0,MNI,Z,4.77,36637,activation,Table 3
29343693,16046146_SR_C1,sham_gt_rest,L Middle Frontal Gyrus (PMC),L,-38.0,0.0,46.0,MNI,Z,4.77,36637,activation,Table 3
29343693,16046146_SR_C1,sham_gt_rest,R Postcentral Gyrus (SI),R,26.0,-38.0,68.0,MNI,Z,4.64,36637,activation,Table 3
29343693,16046146_SR_C1,sham_gt_rest,R Inferior Parietal Lobule,R,54.0,-32.0,26.0,MNI,Z,4.62,36637,activation,Table 3
29343693,16046146_SR_C1,sham_gt_rest,L Precuneus,L,-14.0,-82.0,40.0,MNI,Z,4.43,36637,activation,Table 3
29343693,16046146_SR_C1,sham_gt_rest,R Superior Occipital Gyrus,R,28.0,-78.0,26.0,MNI,Z,4.37,36637,activation,Table 3
29343693,16046146_SR_C1,sham_gt_rest,L Postcentral Gyrus (SI),L,-50.0,-28.0,52.0,MNI,Z,4.32,36637,activation,Table 3
29343693,16046146_SR_C1,sham_gt_rest,L Ventrolateral Prefrontal Cortex (BA 44),L,-43.0,4.0,33.0,MNI,Z,4.28,36637,activation,Table 3
29343693,16046146_SR_C1,sham_gt_rest,L Inferior Semi-Lunar Gyrus,L,-8.0,-78.0,-44.0,MNI,Z,4.23,36637,activation,Table 3
29343693,16046146_SR_C1,sham_gt_rest,L Superior Temporal Gyrus,L,-66.0,-42.0,18.0,MNI,Z,4.17,36637,activation,Table 3
29343693,16046146_SR_C1,sham_gt_rest,R Superior Frontal Gyrus (SMA),R,14.0,6.0,64.0,MNI,Z,4.14,36637,activation,Table 3
29343693,16046146_SR_C1,sham_gt_rest,L Postcentral Gyrus (SI),L,-28.0,-48.0,68.0,MNI,Z,4.11,36637,activation,Table 3
29343693,16046146_SR_C1,sham_gt_rest,L Precentral Gyrus (MI),L,-62.0,4.0,6.0,MNI,Z,4.07,36637,activation,Table 3
29343693,16046146_SR_C1,sham_gt_rest,R Ventrolateral Prefrontal Cortex (BA 45),R,58.0,30.0,6.0,MNI,Z,3.97,36637,activation,Table 3
29343693,16046146_SR_C1,sham_gt_rest,L Cuneus,L,-28.0,-90.0,30.0,MNI,Z,3.9,36637,activation,Table 3
29343693,16046146_SR_C1,sham_gt_rest,R Superior Frontal Gyrus (SMA),R,10.0,-4.0,76.0,MNI,Z,3.87,36637,activation,Table 3
29343693,16046146_SR_C1,sham_gt_rest,R Middle Temporal Gyrus,R,54.0,-10.0,-18.0,MNI,Z,3.86,36637,activation,Table 3
29343693,16046146_SR_C1,sham_gt_rest,R Insula (mIns),R,42.0,0.0,4.0,MNI,Z,3.82,36637,activation,Table 3
29343693,16046146_SR_C1,sham_gt_rest,L Ventrolateral Prefrontal Cortex (BA 45),L,-51.0,35.0,14.0,MNI,Z,3.8,36637,activation,Table 3
29343693,16046146_SR_C1,sham_gt_rest,R Paracentral Lobule,R,10.0,-42.0,56.0,MNI,Z,3.67,36637,activation,Table 3
29343693,16046146_SR_C1,sham_gt_rest,L Insula (mIns),L,-46.0,-10.0,6.0,MNI,Z,3.59,36637,activation,Table 3
29343693,16046146_SR_C1,sham_gt_rest,R Cingulate Gyrus (MCC),R,10.0,4.0,44.0,MNI,Z,3.48,36637,activation,Table 3
29343693,16046146_SR_C1,sham_gt_rest,R Inferior Occipital Gyrus,R,34.0,-84.0,-6.0,MNI,Z,3.45,36637,activation,Table 3
29343693,16046146_SR_C1,sham_gt_rest,L Superior Temporal Gyrus,L,-56.0,10.0,-10.0,MNI,Z,3.41,36637,activation,Table 3
29343693,16046146_SR_C1,sham_gt_rest,L Fusiform Gyrus,L,-42.0,-66.0,-18.0,MNI,Z,3.08,36637,activation,Table 3
29343693,16046146_SR_C1,sham_gt_rest,"L Middle Frontal Gyrus (dlPFC, BA 46)",L,-45.0,36.0,17.0,MNI,Z,3.0,36637,activation,Table 3
29343693,16046146_SR_C1,sham_gt_rest,"R Middle Frontal Gyrus (dlPFC, BA 46)",R,45.0,32.0,19.0,MNI,Z,2.85,36637,activation,Table 3
29343693,16046146_SR_C1,sham_gt_rest,R Fusiform Gyrus,R,45.0,-56.0,-18.0,MNI,Z,2.8,36637,activation,Table 3
29343693,16046146_SR_C1,sham_gt_rest,R Uvula,R,8.0,-80.0,-46.0,MNI,Z,4.67,1232,activation,Table 3
29343693,16046146_SR_C1,sham_gt_rest,R Lentiform Nucleus,R,18.0,-4.0,16.0,MNI,Z,3.35,270,activation,Table 3
29343693,16046146_SR_C1,sham_gt_rest,R Thalamus,R,6.0,-14.0,6.0,MNI,Z,3.27,130,activation,Table 3
29343693,16046146_SR_C2,deactivation,L Medial Frontal Gyrus (dmPFC),L,-4.0,68.0,8.0,MNI,Z,-3.85,1804,deactivation,Table 3
29343693,16046146_SR_C2,deactivation,L Medial Frontal Gyrus (vmPFC),L,-4.0,46.0,-7.0,MNI,Z,-3.42,1804,deactivation,Table 3
29343693,16046146_SR_C2,deactivation,R Medial Frontal Gyrus (dmPFC),midline,1.0,43.0,21.0,MNI,Z,-3.3,1804,deactivation,Table 3
29343693,16046146_SR_C2,deactivation,R Medial Frontal Gyrus (vmPFC),midline,2.0,59.0,2.0,MNI,Z,-3.2,1804,deactivation,Table 3
29343693,16046146_SR_C2,deactivation,L Fusiform Gyrus,L,-30.0,-34.0,-16.0,MNI,Z,-3.77,1629,deactivation,Table 3
29343693,16046146_SR_C2,deactivation,L Parahippocampal Gyrus,L,-34.0,-22.0,-28.0,MNI,Z,-3.59,1629,deactivation,Table 3
29343693,16046146_SR_C2,deactivation,L Posterior Cingulate (PCC/RSC),L,-10.0,-56.0,10.0,MNI,Z,-4.04,1398,deactivation,Table 3
29343693,16046146_SR_C2,deactivation,L Precuneus,L,-9.0,-69.0,22.0,MNI,Z,-3.16,1398,deactivation,Table 3
29343693,16046146_SR_C2,deactivation,L Inferior Temporal Gyrus,L,-54.0,-12.0,-28.0,MNI,Z,-3.55,382,deactivation,Table 3
29343693,16046146_SR_C2,deactivation,L Middle Temporal Gyrus,L,-54.0,-19.0,-16.0,MNI,Z,-2.96,382,deactivation,Table 3
29343693,16046146_SR_C2,deactivation,L Precuneus,L,-20.0,-58.0,30.0,MNI,Z,-2.84,20,deactivation,Table 3
29563830,c1_between_group_effect,group_comparison,"bilateral Anterior Cingulate Cortex (ACC), extended to Thalamus, callosum, Supper and Medial Frontal Gyrus",bilateral,-9.0,33.0,18.0,MNI,peak intensity (t-value),4.8894,793 voxels,contra-group > ipsi-group (increased ReHo in contra-group relative to ipsi-group),figure_caption
29563830,c2_contra_within,verum_post_gt_pre,Inferior parietal lobule,R,51.0,-42.0,21.0,MNI,t,5.3138,378,Post > Pre (increased),table
29563830,c2_contra_within,verum_post_gt_pre,Anterior cingulate gyrus,"L,R",-6.0,24.0,48.0,MNI,t,4.9075,250,Post > Pre (increased),table
29563830,c2_contra_within,verum_post_gt_pre,Inferior frontal gyrus,R,42.0,9.0,39.0,MNI,t,4.3645,93,Post > Pre (increased),table
29563830,c2_contra_within,verum_post_gt_pre,Supplementary motor area,R,9.0,-6.0,69.0,MNI,t,-5.4010,248,Pre > Post (decreased),table
29563830,c2_contra_within,verum_post_gt_pre,Superior parietal lobule,L,-15.0,-42.0,72.0,MNI,t,-5.2592,209,Pre > Post (decreased),table
29563830,c2_contra_within,verum_post_gt_pre,Postcentral gyrus,R,45.0,-39.0,60.0,MNI,t,-4.6164,119,Pre > Post (decreased),table
29563830,c3_ipsi_within,verum_post_gt_pre,Middle frontal gyrus,L,-48.0,30.0,24.0,MNI,t,4.8663,158,Post > Pre (increased),table
29563830,c3_ipsi_within,verum_post_gt_pre,Limbic lobe,R,6.0,24.0,12.0,MNI,t,-6.4421,278,Pre > Post (decreased),table
29563830,c3_ipsi_within,verum_post_gt_pre,Thalamus,R,12.0,-24.0,-3.0,MNI,t,-6.7245,194,Pre > Post (decreased),table
29563830,c3_ipsi_within,verum_post_gt_pre,Brainstem,"L,R",-9.0,-27.0,-39.0,MNI,t,-5.1631,92,Pre > Post (decreased),table
29563830,29503583_C1,verum_post_gt_pre,Inferior parietal lobule,R,51.0,-42.0,21.0,MNI,t,5.3138,378,Post > Pre (increase),Table 2
29563830,29503583_C1,verum_post_gt_pre,Anterior cingulate gyrus,L,-6.0,24.0,48.0,MNI,t,4.9075,250,Post > Pre (increase),Table 2
29563830,29503583_C1,verum_post_gt_pre,Inferior frontal gyrus,R,42.0,9.0,39.0,MNI,t,4.3645,93,Post > Pre (increase),Table 2
29563830,29503583_C2,deactivation,Supplementary motor area,R,9.0,-6.0,69.0,MNI,t,-5.401,248,Pre > Post (decrease),Table 2
29563830,29503583_C2,deactivation,Superior parietal lobule,L,-15.0,-42.0,72.0,MNI,t,-5.2592,209,Pre > Post (decrease),Table 2
29563830,29503583_C2,deactivation,Postcentral gyrus,R,45.0,-39.0,60.0,MNI,t,-4.6164,119,Pre > Post (decrease),Table 2
29563830,29503583_C3,verum_post_gt_pre,Middle frontal gyrus,L,-48.0,30.0,24.0,MNI,t,4.8663,158,Post > Pre (increase),Table 2
29563830,29503583_C4,deactivation,Limbic lobe,R,6.0,24.0,12.0,MNI,t,-6.4421,278,Pre > Post (decrease),Table 2
29563830,29503583_C4,deactivation,Thalamus,R,12.0,-24.0,-3.0,MNI,t,-6.7245,194,Pre > Post (decrease),Table 2
29563830,29503583_C4,deactivation,Brainstem,L,-9.0,-27.0,-39.0,MNI,t,-5.1631,92,Pre > Post (decrease),Table 2
29563830,29503583_C5,group_comparison,"bilateral Anterior Cingulate Cortex (ACC, extended to Thalamus, callosum, Supper and Medial Frontal Gyrus)",L,-9.0,33.0,18.0,MNI,t,4.8894,793,contra > ipsi,Figure 3 caption
29563830,29535542_C5,group_comparison,"Anterior Cingulate Cortex (ACC, extended to Thalamus, callosum, Supper and Medial Frontal Gyrus)",L,-9.0,33.0,18.0,MNI,t,4.8894,793,contra-group > ipsi-group,Figure 3 caption
29763448,con_01_ALFF_ADvsHC_baseline,group_comparison,"SFG_R (superior frontal gyrus, right)",right,24.0,0.0,72.0,MNI,Maximum Z,-5.41,26,decreased ALFF in AD vs HC,table
29763448,con_01_ALFF_ADvsHC_baseline,group_comparison,Postcentral_L (left postcentral gyrus),left,-15.0,-30.0,78.0,MNI,Maximum Z,-4.93,34,decreased ALFF in AD vs HC,table
29763448,con_02_ALFF_ADvsHC_increased,group_comparison,SCC (subgenual cingulate cortex),not_reported,3.0,12.0,-9.0,MNI,Maximum Z,4.98,19,increased ALFF in AD vs HC,table
29763448,con_02_ALFF_ADvsHC_increased,group_comparison,MCC_R (right middle cingulate cortex),right,27.0,-30.0,39.0,MNI,Maximum Z,5.23,22,increased ALFF in AD vs HC,table
29763448,con_02_ALFF_ADvsHC_increased,group_comparison,IFG_R (right inferior frontal gyrus),right,39.0,21.0,15.0,MNI,Maximum Z,5.53,19,increased ALFF in AD vs HC,table
29763448,con_02_ALFF_ADvsHC_increased,group_comparison,Hippocampus_R (right hippocampus),right,27.0,-12.0,-6.0,MNI,Maximum Z,4.87,31,increased ALFF in AD vs HC,table
29763448,con_02_ALFF_ADvsHC_increased,group_comparison,ITG_R (right inferior temporal gyrus),right,51.0,-36.0,-15.0,MNI,Maximum Z,4.71,25,increased ALFF in AD vs HC,table
29763448,con_06_FC_hippo_precentral_post_vs_pre_AD,verum_post_gt_pre,L.Precentral (left precentral gyrus),left,-33.0,-12.0,45.0,MNI,Maximum Z,6.12,22,increased connectivity (right hippocampus seed → left precentral gyrus) after acupuncture,table
29763448,19014532_C1,deactivation,Amygdala,R,21.0,-4.0,-13.0,TAL,t,-6.33,not_reported,deactivation,Table 1
29763448,19014532_C1,deactivation,Amygdala,L,-24.0,-6.0,-12.0,TAL,t,-6.18,not_reported,deactivation,Table 1
29763448,19014532_C1,deactivation,Hippocampus,R,30.0,-19.0,-10.0,TAL,t,-5.01,not_reported,deactivation,Table 1
29763448,19014532_C1,deactivation,Hippocampus,L,-22.0,-18.0,-21.0,TAL,t,-5.32,not_reported,deactivation,Table 1
29763448,19014532_C1,deactivation,Hypothalamus,R,3.0,-1.0,9.0,TAL,t,-6.15,not_reported,deactivation,Table 1
29763448,19014532_C1,deactivation,Hypothalamus,midline,-1.0,-4.0,16.0,TAL,t,-7.38,not_reported,deactivation,Table 1
29763448,19014532_C1,deactivation,ACS (Anterior cingulate-subgenual),R,5.0,29.0,-5.0,TAL,t,-6.21,not_reported,deactivation,Table 1
29763448,19014532_C1,deactivation,ACS (Anterior cingulate-subgenual),midline,-2.0,27.0,-3.0,TAL,t,-6.39,not_reported,deactivation,Table 1
29763448,19014532_C1,deactivation,ACP (Anterior cingulate-pregenual),midline,2.0,29.0,4.0,TAL,t,-5.36,not_reported,deactivation,Table 1
29763448,19014532_C1,deactivation,ACP (Anterior cingulate-pregenual),L,-5.0,31.0,3.0,TAL,t,-5.02,not_reported,deactivation,Table 1
29763448,19014532_C1,deactivation,PMC (Posterior middle cingulated),midline,2.0,-18.0,31.0,TAL,t,-4.08,not_reported,deactivation,Table 1
29763448,19014532_C1,deactivation,PMC (Posterior middle cingulated),L,-9.0,-15.0,35.0,TAL,t,-4.38,not_reported,deactivation,Table 1
29763448,19014532_C1,deactivation,Posterior cingulate,R,5.0,-38.0,31.0,TAL,t,5.01,not_reported,deactivation,Table 1
29763448,19014532_C1,deactivation,Posterior cingulate,L,-3.0,-31.0,30.0,TAL,t,5.12,not_reported,deactivation,Table 1
29763448,19014532_C1,deactivation,Anterior insula,R,40.0,10.0,9.0,TAL,t,4.92,not_reported,deactivation,Table 1
29763448,19014532_C1,deactivation,Thalamus,R,18.0,-26.0,6.0,TAL,t,6.98,not_reported,deactivation,Table 1
29763448,19014532_C1,deactivation,Thalamus,L,-13.0,-33.0,4.0,TAL,t,6.32,not_reported,deactivation,Table 1
29763448,19014532_C1,deactivation,SII,R,62.0,-7.0,21.0,TAL,t,5.81,not_reported,deactivation,Table 1
29763448,19014532_C1,deactivation,SII,L,-60.0,-3.0,28.0,TAL,t,5.62,not_reported,deactivation,Table 1
29904344,contrast_post_gt_pre_reho_increased,verum_post_gt_pre,Right S1,right,42.0,-33.0,66.0,MNI,T-Value,5.92,59,increased,table
29904344,contrast_post_gt_pre_reho_increased,verum_post_gt_pre,Left insula,left,-39.0,0.0,-3.0,MNI,T-Value,4.78,54,increased,table
29904344,contrast_post_gt_pre_reho_increased,verum_post_gt_pre,Right insula,right,39.0,18.0,-9.0,MNI,T-Value,3.95,43,increased,table
29904344,contrast_post_gt_pre_reho_increased,verum_post_gt_pre,Left thalamus,left,-3.0,-9.0,0.0,MNI,T-Value,4.13,39,increased,table
29904344,contrast_post_gt_pre_reho_increased,verum_post_gt_pre,Right thalamus,right,12.0,-12.0,3.0,MNI,T-Value,4.74,88,increased,table
29904344,contrast_post_gt_pre_reho_increased,verum_post_gt_pre,Left putamen,left,-24.0,18.0,0.0,MNI,T-Value,3.82,47,increased,table
29904344,contrast_post_lt_pre_reho_decreased,deactivation,Left middle frontal cortex,left,-21.0,9.0,57.0,MNI,T-Value,-3.89,64,decreased,table
29904344,contrast_post_lt_pre_reho_decreased,deactivation,Right inferior frontal cortex,right,39.0,6.0,33.0,MNI,T-Value,-5.16,53,decreased,table
29904344,contrast_post_lt_pre_reho_decreased,deactivation,Left precuneus,left,-9.0,-69.0,57.0,MNI,T-Value,-5.89,126,decreased,table
29904344,contrast_post_lt_pre_reho_decreased,deactivation,Right precuneus,right,12.0,-72.0,48.0,MNI,T-Value,-4.66,112,decreased,table
29904344,29910726_C1,verum_post_gt_pre,Right S1,R,42.0,-33.0,66.0,MNI,t,5.92,59,increased ReHo,Table 2
29904344,29910726_C1,verum_post_gt_pre,Left insula,L,-39.0,0.0,-3.0,MNI,t,4.78,54,increased ReHo,Table 2
29904344,29910726_C1,verum_post_gt_pre,Right insula,R,39.0,18.0,-9.0,MNI,t,3.95,43,increased ReHo,Table 2
29904344,29910726_C1,verum_post_gt_pre,Left thalamus,L,-3.0,-9.0,0.0,MNI,t,4.13,39,increased ReHo,Table 2
29904344,29910726_C1,verum_post_gt_pre,Right thalamus,R,12.0,-12.0,3.0,MNI,t,4.74,88,increased ReHo,Table 2
29904344,29910726_C1,verum_post_gt_pre,Left putamen,L,-24.0,18.0,0.0,MNI,t,3.82,47,increased ReHo,Table 2
29904344,29910726_C2,deactivation,Left middle frontal cortex,L,-21.0,9.0,57.0,MNI,t,-3.89,64,decreased ReHo,Table 2
29904344,29910726_C2,deactivation,Right inferior frontal cortex,R,39.0,6.0,33.0,MNI,t,-5.16,53,decreased ReHo,Table 2
29904344,29910726_C2,deactivation,Left precuneus,L,-9.0,-69.0,57.0,MNI,t,-5.89,126,decreased ReHo,Table 2
29904344,29910726_C2,deactivation,Right precuneus,R,12.0,-72.0,48.0,MNI,t,-4.66,112,decreased ReHo,Table 2
29951105,nc_A_post_gt_pre_increase,verum_post_gt_pre,frontal lobe,L,15.0,-10.0,61.0,Talairach,t value,7.00,1768,increase,table
29951105,nc_A_post_gt_pre_increase,verum_post_gt_pre,Precentral gyrus,L,-32.0,6.0,48.0,Talairach,t value,7.13,233,increase,table
29951105,nc_A_post_gt_pre_increase,verum_post_gt_pre,Superior Parietal gyrus,L,-18.0,-57.0,48.0,Talairach,t value,6.98,358,increase,table
29951105,nc_A_post_gt_pre_increase,verum_post_gt_pre,Anterior Cingulate cortex,L,-10.0,44.0,7.0,Talairach,t value,6.44,378,increase,table
29951105,nc_A_post_gt_pre_increase,verum_post_gt_pre,Middle Temporal gyrus,L,56.0,-12.0,-21.0,Talairach,t value,6.18,230,increase,table
29951105,nc_A_post_gt_pre_decrease,deactivation,frontal lobe,R,-8.0,39.0,31.0,Talairach,t value,6.24,674,decrease,table
29951105,nc_A_post_gt_pre_decrease,deactivation,Inferior Parietal gyrus,R,50.0,-34.0,40.0,Talairach,t value,6.66,308,decrease,table
29951105,nc_B_post_gt_pre_increase,other,precentral gyrus,R,15.0,-18.0,70.0,Talairach,t value,6.68,221,increase,table
29951105,nc_B_post_gt_pre_increase,other,Inferior frontal gyrus,R,-18.0,54.0,1.0,Talairach,t value,6.37,232,increase,table
29951105,26064166_C1,group_comparison,Inferior temporal gyrus,L,-58.5,13.5,-21.5,TAL,t,5.1157,1539,increase,Table 2
29951105,26064166_C1,group_comparison,Posterior cingulate,L,-22.5,58.5,20.5,TAL,t,5.0297,1242,increase,Table 2
29951105,26064166_C2,group_comparison,Medial frontal gyrus,R,4.5,22.5,68.5,TAL,t,-6.144,3672,decrease,Table 2
29951105,26064166_C3,group_comparison,Cuneus,L,-13.5,-73.5,8.5,TAL,t,4.7565,675,increase,Table 3
29951105,26064166_C4,group_comparison,Culmen,R,10.5,-40.5,-12.5,TAL,t,4.3581,1107,decrease,Table 3
29951105,26064166_C4,group_comparison,Medial frontal gyrus / anterior cingulate,R,10.5,37.5,-12.5,TAL,t,4.0723,972,decrease,Table 3
29951105,26064166_C4,group_comparison,Paracentral lobule,L,-4.5,-22.5,77.5,TAL,t,-5.436,918,decrease,Table 3
29951105,26064166_C4,group_comparison,Cerebellar tonsil / Culmen,R,19.5,-34.5,-27.5,TAL,t,6.7392,891,decrease,Table 3
29951105,26064166_C5,group_comparison,Medial frontal gyrus,L,-4.5,-25.5,74.5,TAL,t,-4.1004,1053,decrease,Table 4
29951105,26064166_C5,group_comparison,Superior frontal gyrus / Medial frontal gyrus,midline,1.5,-4.5,68.5,TAL,t,-4.1896,972,decrease,Table 4
29951105,26064166_C6,verum_gt_rest,Parahippocampal gyrus,L,-13.5,-13.5,-9.5,TAL,t,5.644,1134,increase,Table 5
29951105,26064166_C6,verum_gt_rest,Middle frontal gyrus,R,28.5,7.5,32.5,TAL,t,6.9909,972,increase,Table 5
29951105,26064166_C6,verum_gt_rest,Cingulate gyrus,L,-25.5,1.5,29.5,TAL,t,7.117,891,increase,Table 5
29951105,26064166_C6,verum_gt_rest,Cingulate gyrus / Middle frontal gyrus,L,-25.5,-10.5,38.5,TAL,t,7.0511,702,increase,Table 5
29951105,26064166_C6,verum_gt_rest,Subthalamic nucleus (thalamus),R,10.5,-16.5,-3.5,TAL,t,9.6493,621,increase,Table 5
29951105,26064166_C7,sham_gt_rest,Precentral gyrus,L,-46.5,-7.5,32.5,TAL,t,10.425,864,increase,Table 6
29951105,26064166_C7,sham_gt_rest,Medial frontal gyrus,R,13.5,34.5,35.5,TAL,t,12.005,648,increase,Table 6
29951105,26064166_C7,sham_gt_rest,Medial frontal gyrus,L,-10.5,-19.5,53.5,TAL,t,6.0288,594,increase,Table 6
29951105,26064166_C8,deactivation,Superior temporal gyrus,R,49.5,-31.5,11.5,TAL,t,-6.4773,864,decrease,Table 6
29951105,26064166_C9,verum_gt_sham,Superior temporal gyrus,R,55.5,-28.5,5.5,TAL,t,15.064,864,increase,Table 7
29951105,26064166_C9,verum_gt_sham,Cingulate gyrus,R,7.5,-43.5,38.5,TAL,t,8.1928,594,increase,Table 7
29951105,26064166_C10,deactivation,Middle frontal gyrus,L,-43.5,19.5,20.5,TAL,t,-6.3792,1593,decrease,Table 7
30034336,DC_TAG_gt_SAG,verum_gt_sham,Right Fusiform Gyrus,Right,33.0,-48.0,-15.0,MNI,Peak intensity,4.68,100,increased,table
30034336,DC_TAG_gt_SAG,verum_gt_sham,"Bilateral Cuneus, Lingual Gyrus, Superior and Middle Occipital Gyri, Fusiform Gyrus",Bilateral,-12.0,-90.0,15.0,MNI,Peak intensity,6.28,"1,181",increased,table
30034336,DC_TAG_lt_SAG,verum_gt_sham,Left Cerebellum Crus1 and 2,Left,-36.0,-78.0,-27.0,MNI,Peak intensity,-3.96,97,decreased,table
30034336,DC_TAG_gt_WG,group_comparison,Bilateral Cuneus,Bilateral,3.0,-81.0,36.0,MNI,Peak intensity,4.12,116,increased,table
30034336,DC_TAG_lt_WG,group_comparison,Left Cerebellum Crus1 and 2,Left,-39.0,-84.0,-33.0,MNI,Peak intensity,-5.30,131,decreased,table
30034336,DC_SAG_gt_WG,group_comparison,Left Insula,Left,-27.0,9.0,12.0,MNI,Peak intensity,4.42,183,increased,table
30034336,DC_SAG_gt_WG,group_comparison,Right Insula,Right,42.0,-9.0,12.0,MNI,Peak intensity,4.65,110,increased,table
30034336,ReHo_TAG_gt_SAG,verum_gt_sham,Left Fusiform Gyrus,Left,-24.0,-75.0,-6.0,MNI,Peak intensity,4.13,144,increased,table
30034336,ReHo_TAG_gt_SAG,verum_gt_sham,Left Middle Occipital Gyrus,Left,-39.0,-93.0,-3.0,MNI,Peak intensity,3.96,127,increased,table
30034336,ReHo_TAG_gt_SAG,verum_gt_sham,Left Cuneus and Superior Occipital Gyrus,Left,-15.0,-78.0,36.0,MNI,Peak intensity,3.98,123,increased,table
30034336,ReHo_TAG_gt_SAG,verum_gt_sham,Right Cuneus and Superior Occipital Gyrus,Right,15.0,-84.0,48.0,MNI,Peak intensity,5.36,89,increased,table
30034336,ReHo_TAG_gt_SAG,verum_gt_sham,Bilateral Supplement Motor Area,Bilateral,9.0,15.0,39.0,MNI,Peak intensity,4.18,108,increased,table
30034336,ReHo_TAG_gt_SAG,verum_gt_sham,Left Precuneus,Left,-12.0,-45.0,63.0,MNI,Peak intensity,5.12,198,increased,table
30034336,ReHo_TAG_gt_SAG,verum_gt_sham,Left Inferior Parietal Lobules,Left,-33.0,-48.0,51.0,MNI,Peak intensity,3.68,91,increased,table
30034336,ReHo_TAG_lt_SAG,verum_gt_sham,Bilateral Cerebellum Crus1 and 2,Bilateral,9.0,-93.0,-24.0,MNI,Peak intensity,-3.99,181,decreased,table
30034336,ReHo_TAG_lt_SAG,verum_gt_sham,Left Middle and Inferior Frontal Gyri,Left,-27.0,27.0,-18.0,MNI,Peak intensity,-5.00,360,decreased,table
30034336,ReHo_TAG_lt_SAG,verum_gt_sham,Bilateral Anterior Cingulate Gyrus,Bilateral,15.0,33.0,18.0,MNI,Peak intensity,-4.57,566,decreased,table
30034336,ReHo_TAG_gt_WG,group_comparison,Right Cerebellum_4_5,Right,3.0,-12.0,-33.0,MNI,Peak intensity,5.10,264,increased,table
30034336,ReHo_TAG_gt_WG,group_comparison,"Left Precuneus, Hippocampus and Thalamus",Left,-24.0,-51.0,9.0,MNI,Peak intensity,4.31,189,increased,table
30034336,ReHo_TAG_gt_WG,group_comparison,Right Hippocampus and Precuneus,Right,18.0,-45.0,15.0,MNI,Peak intensity,4.55,377,increased,table
30034336,ReHo_TAG_gt_WG,group_comparison,Bilateral Supplement Motor Area,Bilateral,6.0,9.0,48.0,MNI,Peak intensity,5.51,747,increased,table
30034336,ReHo_TAG_gt_WG,group_comparison,Left Precentral Gyrus,Left,-30.0,6.0,30.0,MNI,Peak intensity,4.29,97,increased,table
30034336,ReHo_TAG_gt_WG,group_comparison,Left Insula,Left,-30.0,18.0,12.0,MNI,Peak intensity,4.14,141,increased,table
30034336,ReHo_TAG_lt_WG,group_comparison,Right Rectus and Middle Frontal Gyrus,Right,3.0,48.0,-21.0,MNI,Peak intensity,-4.77,416,decreased,table
30034336,ReHo_TAG_lt_WG,group_comparison,Left Cerebellum Crus1,Left,-27.0,-90.0,-24.0,MNI,Peak intensity,-4.04,89,decreased,table
30034336,ReHo_TAG_lt_WG,group_comparison,Right Orbital Inferior Frontal Gyrus,Right,42.0,42.0,-15.0,MNI,Peak intensity,-3.95,95,decreased,table
30034336,ReHo_TAG_lt_WG,group_comparison,Right Precentral Gyrus,Right,54.0,0.0,42.0,MNI,Peak intensity,-5.47,98,decreased,table
30034336,ReHo_SAG_gt_WG,group_comparison,Left Insula,Left,-27.0,9.0,12.0,MNI,Peak intensity,4.42,107,increased,table
30034336,ReHo_SAG_lt_WG,group_comparison,Right Precentral Gyrus,Right,51.0,0.0,42.0,MNI,Peak intensity,-5.70,162,decreased,table
30034336,ALFF_TAG_gt_SAG,verum_gt_sham,Left Cerebellum 4_5 and 6,Left,-36.0,-33.0,-27.0,MNI,Peak intensity,3.95,94,increased,table
30034336,ALFF_TAG_lt_SAG,verum_gt_sham,Right Orbital Inferior Frontal Gyrus,Right,27.0,36.0,-12.0,MNI,Peak intensity,-4.24,217,decreased,table
30034336,ALFF_TAG_gt_WG,group_comparison,Right Fusiform Gyrus,Right,48.0,-36.0,-27.0,MNI,Peak intensity,4.54,396,increased,table
30034336,ALFF_TAG_gt_WG,group_comparison,Left Fusiform Gyrus,Left,-33.0,-33.0,-27.0,MNI,Peak intensity,4.82,320,increased,table
30034336,ALFF_TAG_gt_WG,group_comparison,Right Cerebellum_Crus1,Right,33.0,-57.0,0.0,MNI,Peak intensity,3.25,176,increased,table
30034336,ALFF_TAG_gt_WG,group_comparison,Left Cerebellum_Crus1,Left,-39.0,-66.0,-33.0,MNI,Peak intensity,2.94,273,increased,table
30034336,ALFF_TAG_gt_WG,group_comparison,Vermis_4_5 and 6,not_reported,3.0,-57.0,-15.0,MNI,Peak intensity,3.54,167,increased,table
30034336,ALFF_SAG_gt_WG,group_comparison,Right Medial Frontal Gyrus,Right,15.0,42.0,12.0,MNI,Peak intensity,3.89,93,increased,table
30034336,ALFF_SAG_gt_WG,group_comparison,Right Cerebellum_Crus1,Right,18.0,-81.0,-27.0,MNI,Peak intensity,4.38,339,increased,table
30034336,30013481_C1,verum_gt_sham,Right Fusiform Gyrus,R,33.0,-48.0,-15.0,MNI,t,4.68,100,increased (TAG > SAG),Table 3
30034336,30013481_C1,verum_gt_sham,"Bilateral Cuneus, Lingual Gyrus, Superior and Middle Occipital Gyri, Fusiform Gyrus",L,-12.0,-90.0,15.0,MNI,t,6.28,1181,increased (TAG > SAG),Table 3
30034336,30013481_C2,verum_gt_sham,Left Cerebellum Crus1 and 2,L,-36.0,-78.0,-27.0,MNI,t,-3.96,97,decreased (TAG < SAG),Table 3
30034336,30013481_C3,group_comparison,Bilateral Cuneus,R,3.0,-81.0,36.0,MNI,t,4.12,116,increased (TAG > WG),Table 3
30034336,30013481_C4,group_comparison,Left Cerebellum Crus1 and 2,L,-39.0,-84.0,-33.0,MNI,t,-5.3,131,decreased (TAG < WG),Table 3
30034336,30013481_C5,group_comparison,Left Insula,L,-27.0,9.0,12.0,MNI,t,4.42,183,increased (SAG > WG),Table 3
30034336,30013481_C5,group_comparison,Right Insula,R,42.0,-9.0,12.0,MNI,t,4.65,110,increased (SAG > WG),Table 3
30034336,30013481_C6,verum_gt_sham,Left Fusiform Gyrus,L,-24.0,-75.0,-6.0,MNI,t,4.13,144,increased (TAG > SAG),Table 4
30034336,30013481_C6,verum_gt_sham,Left Middle Occipital Gyrus,L,-39.0,-93.0,-3.0,MNI,t,3.96,127,increased (TAG > SAG),Table 4
30034336,30013481_C6,verum_gt_sham,Left Cuneus and Superior Occipital Gyrus,L,-15.0,-78.0,36.0,MNI,t,3.98,123,increased (TAG > SAG),Table 4
30034336,30013481_C6,verum_gt_sham,Right Cuneus and Superior Occipital Gyrus,R,15.0,-84.0,48.0,MNI,t,5.36,89,increased (TAG > SAG),Table 4
30034336,30013481_C6,verum_gt_sham,Bilateral Supplement Motor Area,R,9.0,15.0,39.0,MNI,t,4.18,108,increased (TAG > SAG),Table 4
30034336,30013481_C6,verum_gt_sham,Left Precuneus,L,-12.0,-45.0,63.0,MNI,t,5.12,198,increased (TAG > SAG),Table 4
30034336,30013481_C6,verum_gt_sham,Left Inferior Parietal Lobules,L,-33.0,-48.0,51.0,MNI,t,3.68,91,increased (TAG > SAG),Table 4
30034336,30013481_C7,verum_gt_sham,Bilateral Cerebellum Crus1 and 2,R,9.0,-93.0,-24.0,MNI,t,-3.99,181,decreased (TAG < SAG),Table 4
30034336,30013481_C7,verum_gt_sham,Left Middle and Inferior Frontal Gyri,L,-27.0,27.0,-18.0,MNI,t,-5.0,360,decreased (TAG < SAG),Table 4
30034336,30013481_C7,verum_gt_sham,Bilateral Anterior Cingulate Gyrus,R,15.0,33.0,18.0,MNI,t,-4.57,566,decreased (TAG < SAG),Table 4
30034336,30013481_C8,group_comparison,Right Cerebellum_4_5,R,3.0,-12.0,-33.0,MNI,t,5.1,264,increased (TAG > WG),Table 4
30034336,30013481_C8,group_comparison,"Left Precuneus, Hippocampus and Thalamus",L,-24.0,-51.0,9.0,MNI,t,4.31,189,increased (TAG > WG),Table 4
30034336,30013481_C8,group_comparison,Right Hippocampus and Precuneus,R,18.0,-45.0,15.0,MNI,t,4.55,377,increased (TAG > WG),Table 4
30034336,30013481_C8,group_comparison,Bilateral Supplement Motor Area,R,6.0,9.0,48.0,MNI,t,5.51,747,increased (TAG > WG),Table 4
30034336,30013481_C8,group_comparison,Left Precentral Gyrus,L,-30.0,6.0,30.0,MNI,t,4.29,97,increased (TAG > WG),Table 4
30034336,30013481_C8,group_comparison,Left Insula,L,-30.0,18.0,12.0,MNI,t,4.14,141,increased (TAG > WG),Table 4
30034336,30013481_C9,group_comparison,Right Rectus and Middle Frontal Gyrus,R,3.0,48.0,-21.0,MNI,t,-4.77,416,decreased (TAG < WG),Table 4
30034336,30013481_C9,group_comparison,Left Cerebellum Crus1,L,-27.0,-90.0,-24.0,MNI,t,-4.04,89,decreased (TAG < WG),Table 4
30034336,30013481_C9,group_comparison,Right Orbital Inferior Frontal Gyrus,R,42.0,42.0,-15.0,MNI,t,-3.95,95,decreased (TAG < WG),Table 4
30034336,30013481_C9,group_comparison,Right Precentral Gyrus,R,54.0,0.0,42.0,MNI,t,-5.47,98,decreased (TAG < WG),Table 4
30034336,30013481_C10,group_comparison,Left Insula,L,-27.0,9.0,12.0,MNI,t,4.42,107,increased (SAG > WG),Table 4
30034336,30013481_C11,group_comparison,Right Precentral Gyrus,R,51.0,0.0,42.0,MNI,t,-5.7,162,decreased (SAG < WG),Table 4
30034336,30013481_C12,verum_gt_sham,Left Cerebellum 4_5 and 6,L,-36.0,-33.0,-27.0,MNI,t,3.95,94,increased (TAG > SAG),Table 5
30034336,30013481_C13,verum_gt_sham,Right Orbital Inferior Frontal Gyrus,R,27.0,36.0,-12.0,MNI,t,-4.24,217,decreased (TAG < SAG),Table 5
30034336,30013481_C14,group_comparison,Right Fusiform Gyrus,R,48.0,-36.0,-27.0,MNI,t,4.54,396,increased (TAG > WG),Table 5
30034336,30013481_C14,group_comparison,Left Fusiform Gyrus,L,-33.0,-33.0,-27.0,MNI,t,4.82,320,increased (TAG > WG),Table 5
30034336,30013481_C14,group_comparison,Right Cerebellum_Crus1,R,33.0,-57.0,0.0,MNI,t,3.25,176,increased (TAG > WG),Table 5
30034336,30013481_C14,group_comparison,Left Cerebellum_Crus1,L,-39.0,-66.0,-33.0,MNI,t,2.94,273,increased (TAG > WG),Table 5
30034336,30013481_C14,group_comparison,Vermis_4_5 and 6,R,3.0,-57.0,-15.0,MNI,t,3.54,167,increased (TAG > WG),Table 5
30034336,30013481_C15,group_comparison,Right Medial Frontal Gyrus,R,15.0,42.0,12.0,MNI,t,3.89,93,increased (SAG > WG),Table 5
30034336,30013481_C15,group_comparison,Right Cerebellum_Crus1,R,18.0,-81.0,-27.0,MNI,t,4.38,339,increased (SAG > WG),Table 5
30105065,con_AD_real_vs_baseline_increase,verum_gt_rest,Frontal_Inf_Oper,R,66.0,15.0,21.0,MNI,T value,5.54,18,increased,table
30105065,con_AD_real_vs_baseline_increase,verum_gt_rest,Cerebellum_Crus2,L,-15.0,-90.0,-33.0,MNI,T value,4.69,182,increased,table
30105065,con_AD_real_vs_baseline_increase,verum_gt_rest,Cerebellum_Crus1,R,27.0,-90.0,-27.0,MNI,T value,4.87,34,increased,table
30105065,con_AD_real_vs_baseline_increase,verum_gt_rest,Frontal_Inf_Orb,R,57.0,24.0,-6.0,MNI,T value,4.55,28,increased,table
30105065,con_AD_real_vs_baseline_increase,verum_gt_rest,Lateral Globus Pallidus,L,-21.0,-12.0,3.0,MNI,T value,4.23,18,increased,table
30105065,con_AD_real_vs_baseline_increase,verum_gt_rest,Rolandic_Oper,L,-57.0,9.0,0.0,MNI,T value,4.09,98,increased,table
30105065,con_AD_real_vs_baseline_increase,verum_gt_rest,Parietal_Sup,L,-30.0,-72.0,57.0,MNI,T value,3.43,18,increased,table
30105065,con_AD_real_vs_baseline_increase,verum_gt_rest,Supramarginal,L,-60.0,-24.0,21.0,MNI,T value,3.40,20,increased,table
30105065,con_AD_real_vs_baseline_increase,verum_gt_rest,Temporal_Mid,R,60.0,-60.0,0.0,MNI,T value,3.15,21,increased,table
30105065,con_AD_real_vs_baseline_decrease,deactivation,Cuneus,R,18.0,-69.0,27.0,MNI,T value,-2.65,128,decreased,table
30105065,con_AD_real_vs_baseline_decrease,deactivation,Pallidum,R,21.0,0.0,-6.0,MNI,T value,-2.66,38,decreased,table
30105065,con_AD_real_vs_baseline_decrease,deactivation,Rectus,L,-12.0,30.0,-18.0,MNI,T value,-2.67,45,decreased,table
30105065,con_AD_real_vs_baseline_decrease,deactivation,Cerebellum_4_5,L,-12.0,-36.0,-12.0,MNI,T value,-2.68,38,decreased,table
30105065,con_AD_real_vs_baseline_decrease,deactivation,Occipital_Inf,R,42.0,-72.0,-9.0,MNI,T value,-2.70,47,decreased,table
30105065,con_AD_real_vs_baseline_decrease,deactivation,Putamen,L,-6.0,9.0,-6.0,MNI,T value,-2.69,24,decreased,table
30105065,con_AD_sham_vs_baseline_increase,sham_gt_rest,Cerebellum_4_5,R,9.0,-57.0,-18.0,MNI,T value,4.50,50,increased,table
30105065,con_AD_sham_vs_baseline_increase,sham_gt_rest,Rolandic_Oper,R,60.0,6.0,9.0,MNI,T value,4.17,32,increased,table
30105065,con_AD_sham_vs_baseline_increase,sham_gt_rest,Cerebellum_4_5,L,-15.0,-33.0,-24.0,MNI,T value,4.21,22,increased,table
30105065,con_AD_sham_vs_baseline_increase,sham_gt_rest,Cerebellum_Crus2,L,-9.0,-87.0,-33.0,MNI,T value,4.19,18,increased,table
30105065,con_AD_sham_vs_baseline_increase,sham_gt_rest,Parietal_Inf,L,-45.0,-48.0,39.0,MNI,T value,3.95,19,increased,table
30105065,con_AD_sham_vs_baseline_increase,sham_gt_rest,Cerebellum_6,L,-15.0,-63.0,-18.0,MNI,T value,3.78,18,increased,table
30105065,con_MCI_real_vs_baseline_increase,verum_gt_rest,Supramarginal,L,-63.0,-30.0,27.0,MNI,T value,9.26,38,increased,table
30105065,con_MCI_real_vs_baseline_increase,verum_gt_rest,Frontal_Mid,R,39.0,51.0,24.0,MNI,T value,5.71,20,increased,table
30105065,con_MCI_real_vs_baseline_increase,verum_gt_rest,Temporal_Sup,L,-48.0,-30.0,12.0,MNI,T value,5.36,17,increased,table
30105065,con_MCI_real_vs_baseline_increase,verum_gt_rest,Rolandic_Oper,L,-33.0,-33.0,15.0,MNI,T value,4.85,216,increased,table
30105065,con_MCI_real_vs_baseline_increase,verum_gt_rest,Cerebellum_4_5,L,-12.0,-54.0,-15.0,MNI,T value,4.80,42,increased,table
30105065,con_MCI_real_vs_baseline_increase,verum_gt_rest,Frontal_Inf_Oper,R,51.0,12.0,6.0,MNI,T value,4.50,24,increased,table
30105065,con_MCI_real_vs_baseline_decrease,deactivation,Parietal_Inf,L,-51.0,-60.0,45.0,MNI,T value,-3.52,20,decreased,table
30105065,con_MCI_sham_vs_baseline_increase,sham_gt_rest,Vermis_6,L,6.0,-57.0,-24.0,MNI,T value,7.02,24,increased,table
30105065,con_MCI_sham_vs_baseline_increase,sham_gt_rest,Cerebellum_Crus1,L,-30.0,-75.0,-30.0,MNI,T value,5.75,35,increased,table
30105065,con_MCI_sham_vs_baseline_decrease,deactivation,Precentral,L,-33.0,-21.0,60.0,MNI,T value,-4.04,54,decreased,table
30105065,con_MCI_sham_vs_baseline_decrease,deactivation,Precentral,L,-48.0,6.0,15.0,MNI,T value,-4.10,140,decreased,table
30105065,con_HC_real_vs_baseline_increase,verum_gt_rest,Temporal_Pole_Sup,R,63.0,3.0,-3.0,MNI,T value,7.04,201,increased,table
30105065,con_HC_real_vs_baseline_increase,verum_gt_rest,Parietal_Inf,L,-42.0,-57.0,57.0,MNI,T value,5.95,368,increased,table
30105065,con_HC_real_vs_baseline_increase,verum_gt_rest,Occipital_Mid,L,-33.0,-81.0,36.0,MNI,T value,5.80,89,increased,table
30105065,con_HC_real_vs_baseline_increase,verum_gt_rest,Postcentral,R,36.0,-42.0,66.0,MNI,T value,5.44,26,increased,table
30105065,con_HC_real_vs_baseline_increase,verum_gt_rest,Temporal_Sup,R,69.0,-12.0,12.0,MNI,T value,5.18,28,increased,table
30105065,con_HC_real_vs_baseline_increase,verum_gt_rest,Occipital_Inf,L,-48.0,-66.0,-18.0,MNI,T value,4.88,24,increased,table
30105065,con_HC_real_vs_baseline_increase,verum_gt_rest,Parietal_Sup,R,24.0,-66.0,51.0,MNI,T value,4.83,96,increased,table
30105065,con_HC_real_vs_baseline_increase,verum_gt_rest,Precentral,R,33.0,-24.0,63.0,MNI,T value,4.05,24,increased,table
30105065,con_HC_real_vs_baseline_increase,verum_gt_rest,Supramarginal,R,57.0,-30.0,36.0,MNI,T value,3.34,36,increased,table
30105065,con_HC_real_vs_baseline_increase,verum_gt_rest,Cerebelum_6,R,18.0,-78.0,-21.0,MNI,T value,3.88,77,increased,table
30105065,32503194_SR_C1,sham_gt_rest,Cerebellum 4_5 R,R,9.0,-57.0,-18.0,MNI,t,4.5,50,activation,Table 2
30105065,32503194_SR_C1,sham_gt_rest,Rolandic Oper R (BA44),R,60.0,6.0,9.0,MNI,t,4.17,32,activation,Table 2
30105065,32503194_SR_C1,sham_gt_rest,Cerebellum 4_5 L,L,-15.0,-33.0,-24.0,MNI,t,4.21,22,activation,Table 2
30105065,32503194_SR_C1,sham_gt_rest,Cerebellum Crus2 L,L,-9.0,-87.0,-33.0,MNI,t,4.19,18,activation,Table 2
30105065,32503194_SR_C1,sham_gt_rest,Parietal Inf L,L,-45.0,-48.0,39.0,MNI,t,3.95,19,activation,Table 2
30105065,32503194_SR_C1,sham_gt_rest,Cerebellum 6 L,L,-15.0,-63.0,-18.0,MNI,t,3.78,18,activation,Table 2
30105065,32503194_SR_C2,sham_gt_rest,Vermis 6 L,R,6.0,-57.0,-24.0,MNI,t,7.02,24,activation,Table 3
30105065,32503194_SR_C2,sham_gt_rest,Cerebellum Crus1 L,L,-30.0,-75.0,-30.0,MNI,t,5.75,35,activation,Table 3
30105065,32503194_SR_C3,deactivation,Precentral L,L,-33.0,-21.0,60.0,MNI,t,-4.04,54,deactivation,Table 3
30105065,32503194_SR_C3,deactivation,Precentral L,L,-48.0,6.0,15.0,MNI,t,-4.1,140,deactivation,Table 3
30719061,con_KI3_post_vs_pre,verum_post_gt_pre,"Parietal lobe, precuneus",Left,-3.0,-69.0,48.0,MNI,T value (peak intensity),-5.251,141,decreased,table
30719061,con_LR3KI3_post_vs_pre_increased,verum_post_gt_pre,"Occipital lobe, lingual gyrus",Left,-12.0,-78.0,0.0,MNI,T value (peak intensity),6.5749,422,increased,table
30719061,con_LR3KI3_post_vs_pre_increased,verum_post_gt_pre,"Parietal lobe, postcentral gyrus",Left,-42.0,21.0,51.0,MNI,T value (peak intensity),5.1571,123,increased,table
30719061,con_LR3KI3_post_vs_pre_increased,verum_post_gt_pre,"Right parietal lobe, postcentral gyrus",Right,39.0,-30.0,45.0,MNI,T value (peak intensity),7.2998,130,increased,table
30719061,con_LR3KI3_post_vs_pre_decreased,deactivation,"Left parietal lobe, precuneus",Left,0.0,-72.0,45.0,MNI,T value (peak intensity),-5.5874,316,decreased,table
30719061,con_LR3KI3_vs_LR3_decreased,group_comparison,Left superior frontal gyrus,Left,-36.0,33.0,36.0,MNI,T value (peak intensity),-4.3329,137,decreased,table
30719061,con_LR3KI3_vs_LR3_decreased,group_comparison,"Left parietal lobe, precuneus",Left,-6.0,-45.0,48.0,MNI,T value (peak intensity),-3.5879,86,decreased,table
30719061,con_LR3KI3_vs_KI3_increased,group_comparison,"Left occipital lobe, lingual gyrus",Left,-15.0,-63.0,0.0,MNI,T value (peak intensity),4.7685,150,increased,table
30719061,con_LR3KI3_vs_KI3_increased,group_comparison,Right inferior parietal lobule,Right,36.0,-51.0,39.0,MNI,T value (peak intensity),4.1843,120,increased,table
30719061,con_LR3KI3_vs_KI3_decreased,group_comparison,Left inferior frontal gyrus,Left,-33.0,12.0,-12.0,MNI,T value (peak intensity),-3.941,92,decreased,table
30719061,30627200_C2,verum_post_gt_pre,"Occipital lobe, lingual gyrus",L,-12.0,-78.0,0.0,MNI,t,6.5749,422,increased and decreased ReHo,Table 2
30719061,30627200_C2,verum_post_gt_pre,"Left parietal lobe, precuneus",midline,0.0,-72.0,45.0,MNI,t,-5.5874,316,increased and decreased ReHo,Table 2
30719061,30627200_C2,verum_post_gt_pre,"Parietal lobe, postcentral gyrus",L,-42.0,21.0,51.0,MNI,t,5.1571,123,increased and decreased ReHo,Table 2
30719061,30627200_C2,verum_post_gt_pre,"Right parietal lobe, postcentral gyrus",R,39.0,-30.0,45.0,MNI,t,7.2998,130,increased and decreased ReHo,Table 2
30719061,30627200_C3,group_comparison,Left superior frontal gyrus,L,-36.0,33.0,36.0,MNI,t,-4.3329,137,decreased ReHo in LR3+KI3 compared to LR3,Table 3
30719061,30627200_C3,group_comparison,"Left parietal lobe, precuneus",L,-6.0,-45.0,48.0,MNI,t,-3.5879,86,decreased ReHo in LR3+KI3 compared to LR3,Table 3
30719061,30627200_C4,group_comparison,"Left occipital lobe, lingual gyrus",L,-15.0,-63.0,0.0,MNI,t,4.7685,150,increased and decreased ReHo in LR3+KI3 compared to KI3,Table 4
30719061,30627200_C4,group_comparison,Left inferior frontal gyrus,L,-33.0,12.0,-12.0,MNI,t,-3.941,92,increased and decreased ReHo in LR3+KI3 compared to KI3,Table 4
30719061,30627200_C4,group_comparison,Right inferior parietal lobule,R,36.0,-51.0,39.0,MNI,t,4.1843,120,increased and decreased ReHo in LR3+KI3 compared to KI3,Table 4
30881095,con_ALFF_rest2_vs_rest1,verum_gt_sham,Insular,L,-57.0,12.0,6.0,MNI,T-value,-4.11,169,decreased (rest2 < rest1),table
30881095,con_ALFF_rest2_vs_rest1,verum_gt_sham,Precuneus/OL/PL,L,15.0,-90.0,36.0,MNI,T-value,3.57,222,increased (rest2 > rest1),table
30881095,con_ALFF_rest2_vs_rest1,verum_gt_sham,PG,R,21.0,-9.0,60.0,MNI,T-value,3.66,107,increased (rest2 > rest1),table
30881095,con_ALFF_rest2_vs_rest1,verum_gt_sham,PG,R,42.0,-15.0,39.0,MNI,T-value,2.40,14,increased (rest2 > rest1),table
30881095,con_fALFF_rest2_vs_rest1,verum_gt_sham,Insular,L,-57.0,9.0,-3.0,MNI,T-value,-4.11,123,decreased (rest2 < rest1),table
30881095,30774427_C1,verum_gt_sham,Insular,L,-57.0,12.0,6.0,MNI,t,-4.11,169,mixed (decreased and increased),Table 1
30881095,30774427_C1,verum_gt_sham,Precuneus/OL/PL,R,15.0,-90.0,36.0,MNI,t,3.57,222,mixed (decreased and increased),Table 1
30881095,30774427_C1,verum_gt_sham,PG,R,21.0,-9.0,60.0,MNI,t,3.66,107,mixed (decreased and increased),Table 1
30881095,30774427_C1,verum_gt_sham,PG,R,42.0,-15.0,39.0,MNI,t,2.4,14,mixed (decreased and increased),Table 1
30881095,30774427_C2,verum_gt_sham,Insular,L,-57.0,9.0,-3.0,MNI,t,-4.11,123,decreased,Table 2
30914909,con_stimulation_main_effect,verum_gt_sham,precuneus,left hemisphere (LH),-3.0,-78.0,54.0,MNI,T value,−4.01,not_reported,decreased (stimulation < non-stimulation),text
30914909,con_stimulation_main_effect,verum_gt_sham,cuneus,left hemisphere (LH),-6.0,-81.0,42.0,MNI,T value (Tmax),−4.68,not_reported,decreased (stimulation < non-stimulation),text
30914909,con_XNKQ_vs_npws_ECM,verum_gt_sham,caudate,right hemisphere (RH),12.0,15.0,-3.0,MNI,Tmax,−3.71,not_reported,decreased (XNKQ < npws),text
30914909,con_XNKQ_vs_npws_ECM,verum_gt_sham,subthalamic nucleus,right hemisphere (RH),9.0,-12.0,-18.0,MNI,Tmax,−3.57,not_reported,decreased (XNKQ < npws),text
30914909,con_XNKQ_vs_npws_ECM,verum_gt_sham,thalamus,left hemisphere (LH),-6.0,-27.0,-3.0,MNI,Tmax,−3.48,not_reported,decreased (XNKQ < npws),text
30914909,con_XNKQ_vs_npws_ECM,verum_gt_sham,thalamus,right hemisphere (RH),15.0,-24.0,-6.0,MNI,Tmax,−3.42,not_reported,decreased (XNKQ < npws),text
30914909,con_XNKQ_vs_npws_ECM,verum_gt_sham,lentiform nucleus,right hemisphere (RH),27.0,3.0,-12.0,MNI,Tmax,−3.80,not_reported,decreased (XNKQ < npws),text
30914909,con_XNKQ_vs_npws_ECM,verum_gt_sham,red nucleus,right hemisphere (RH),9.0,-30.0,-18.0,MNI,Tmax,−3.13,not_reported,decreased (XNKQ < npws),text
30914909,con_XNKQ_vs_npws_ECM,verum_gt_sham,claustrum,right hemisphere (RH),36.0,0.0,-15.0,MNI,Tmax,−5.06,not_reported,decreased (XNKQ < npws),text
30914909,con_XNKQ_vs_npws_ECM,verum_gt_sham,anterior cingulate cortex,right hemisphere (RH),12.0,36.0,9.0,MNI,Tmax,−2.94,not_reported,decreased (XNKQ < npws),text
30914909,con_XNKQ_vs_npws_ECM,verum_gt_sham,cingulate cortex,right hemisphere (RH),9.0,-3.0,30.0,MNI,Tmax,−2.74,not_reported,decreased (XNKQ < npws),text
30914909,con_seed_redNucleus_XNKQ_vs_npws,verum_gt_sham,primary sensorimotor areas (S1/M1),right hemisphere (RH),42.0,-19.0,55.0,MNI,Tmax,−6.00,not_reported,decreased (XNKQ < npws),text
30914909,con_seed_redNucleus_XNKQ_vs_npws,verum_gt_sham,primary sensorimotor areas (S1/M1),left hemisphere (LH),-51.0,-22.0,46.0,MNI,Tmax,−6.05,not_reported,decreased (XNKQ < npws),text
30914909,con_seed_STN_XNKQ_vs_npws,verum_gt_sham,left primary sensorimotor areas (S1/M1),left hemisphere (LH),-39.0,-22.0,49.0,MNI,Tmax,−7.04,not_reported,decreased (XNKQ < npws),text
30914919,contrast_responder_vs_nonresponder_putamen_pMCC,group_comparison,posterior part of the midcingulate cortex (pMCC),not_reported,-6.0,0.0,40.0,MNI,T-value,not_reported,88,Positive,table
30914919,contrast_responder_vs_nonresponder_putamen_pMCC,group_comparison,anterior parahippocampal gyrus (left),left,-28.0,10.0,4.0,MNI,not_reported,not_reported,92,Positive,table
30914919,contrast_responder_vs_nonresponder_putamen_pMCC,group_comparison,anterior parahippocampal gyrus (left),left,30.0,-6.0,-2.0,MNI,not_reported,not_reported,65,Positive,table
30914919,contrast_responder_vs_nonresponder_putamen_pMCC,group_comparison,subcallosal cortex,not_reported,-2.0,26.0,-10.0,MNI,not_reported,not_reported,84,Positive,table
30914919,contrast_responder_vs_nonresponder_putamen_pMCC,group_comparison,paracingulate gyrus (right),right,6.0,10.0,46.0,MNI,not_reported,not_reported,48,Positive,table
30914919,contrast_responder_vs_nonresponder_putamen_pMCC,group_comparison,frontal pole (right),right,42.0,36.0,-16.0,MNI,not_reported,not_reported,168,Negative,table
30914919,30886575_C1,group_comparison,pMCC,L,-6.0,0.0,40.0,MNI,p,not_reported,88,Positive and Negative connectivity differences,Table 1
30914919,30886575_C1,group_comparison,aPaHC (l),L,-28.0,10.0,4.0,MNI,p,not_reported,92,Positive and Negative connectivity differences,Table 1
30914919,30886575_C1,group_comparison,aPaHC (l),R,30.0,-6.0,-2.0,MNI,p,not_reported,65,Positive and Negative connectivity differences,Table 1
30914919,30886575_C1,group_comparison,SubCalC,midline,-2.0,26.0,-10.0,MNI,p,not_reported,84,Positive and Negative connectivity differences,Table 1
30914919,30886575_C1,group_comparison,PaCiG (r),R,6.0,10.0,46.0,MNI,p,not_reported,48,Positive and Negative connectivity differences,Table 1
30914919,30886575_C1,group_comparison,FP (r),R,42.0,36.0,-16.0,MNI,p,not_reported,168,Positive and Negative connectivity differences,Table 1
31636536,31619954_C1,other,mPFC,midline,2.0,64.0,-8.0,MNI,NR,not_reported,not_reported,NR,Table 1
31636536,31619954_C1,other,PCC,L,-6.0,-40.0,24.0,MNI,NR,not_reported,not_reported,NR,Table 1
31636536,31619954_C1,other,S1back (right),R,18.0,-38.0,72.0,MNI,NR,not_reported,not_reported,NR,Table 1
31636536,31619954_C1,other,S1back (left),L,-18.0,-38.0,72.0,MNI,NR,not_reported,not_reported,NR,Table 1
31636536,31619954_C1,other,dACC/aMCC,R,4.0,24.0,26.0,MNI,NR,not_reported,not_reported,NR,Table 1
31636536,31619954_C1,other,aINS (right),R,38.0,10.0,4.0,MNI,NR,not_reported,not_reported,NR,Table 1
31636536,31619954_C1,other,aINS (left),L,-36.0,12.0,2.0,MNI,NR,not_reported,not_reported,NR,Table 1
31636536,31619954_C1,other,pINS (right),R,46.0,-4.0,2.0,MNI,NR,not_reported,not_reported,NR,Table 1
31636536,31619954_C1,other,pINS (left),L,-42.0,-16.0,-2.0,MNI,NR,not_reported,not_reported,NR,Table 1
32194493,23843881_C1,verum_gt_rest,S2 R,R,66.0,-20.0,26.0,MNI,Z,5.2,4813,activation,Table 1
32194493,23843881_C1,verum_gt_rest,a.Ins R,R,36.0,16.0,4.0,MNI,Z,3.5,not_reported,activation,Table 1
32194493,23843881_C1,verum_gt_rest,p.Ins R,R,44.0,-16.0,19.0,MNI,Z,3.58,not_reported,activation,Table 1
32194493,23843881_C1,verum_gt_rest,IPL R,R,58.0,-28.0,28.0,MNI,Z,4.79,not_reported,activation,Table 1
32194493,23843881_C1,verum_gt_rest,STG R,R,56.0,12.0,4.0,MNI,Z,4.31,not_reported,activation,Table 1
32194493,23843881_C1,verum_gt_rest,MTG R,R,56.0,-50.0,3.0,MNI,Z,3.18,not_reported,activation,Table 1
32194493,23843881_C1,verum_gt_rest,S2 L,L,-62.0,-22.0,20.0,MNI,Z,4.64,4750,activation,Table 1
32194493,23843881_C1,verum_gt_rest,S1 L,L,-54.0,-22.0,44.0,MNI,Z,2.74,not_reported,activation,Table 1
32194493,23843881_C1,verum_gt_rest,a.Ins L,L,-40.0,-2.0,-4.0,MNI,Z,4.02,not_reported,activation,Table 1
32194493,23843881_C2,deactivation,S1 R,R,36.0,-26.0,52.0,MNI,Z,-3.78,1671,deactivation,Table 1
32194493,23843881_C2,deactivation,cuneus L,L,-16.0,-90.0,30.0,MNI,Z,-4.05,3603,deactivation,Table 1
32194493,23843881_C3,verum_gt_rest,S1 L,L,-54.0,20.0,43.0,MNI,Z,3.79,5566,activation,Table 1
32194493,23843881_C4,deactivation,S1 R,R,38.0,-26.0,50.0,MNI,Z,-3.84,1885,deactivation,Table 1
32194493,23843881_C5,verum_gt_rest,p.Ins R,R,34.0,-18.0,16.0,MNI,Z,4.02,2639,activation,Table 1
32194493,23843881_C5,verum_gt_rest,a.Ins R,R,31.0,25.0,-1.0,MNI,Z,4.0,not_reported,activation,Table 1
32194493,23843881_C5,verum_gt_rest,IFG R,R,45.0,13.0,26.0,MNI,Z,2.96,not_reported,activation,Table 1
32194493,23843881_C5,verum_gt_rest,S2 R,R,50.0,-26.0,26.0,MNI,Z,4.47,1394,activation,Table 1
32194493,23843881_C5,verum_gt_rest,STG R,R,57.0,-37.0,17.0,MNI,Z,3.07,not_reported,activation,Table 1
32194493,23843881_C5,verum_gt_rest,S2 L,L,-58.0,-26.0,22.0,MNI,Z,4.41,3653,activation,Table 1
32194493,23843881_C5,verum_gt_rest,MFG L,L,-50.0,2.0,15.0,MNI,Z,3.0,not_reported,activation,Table 1
32194493,23843881_C5,verum_gt_rest,SMG L,L,-55.0,-37.0,41.0,MNI,Z,3.23,not_reported,activation,Table 1
32194493,23843881_C5,verum_gt_rest,IPL L,L,-53.0,-34.0,27.0,MNI,Z,4.18,not_reported,activation,Table 1
32194493,23843881_C5,verum_gt_rest,a.Ins L,L,-32.0,20.0,2.0,MNI,Z,3.63,not_reported,activation,Table 1
32194493,23843881_C5,verum_gt_rest,p.Ins L,L,-36.0,-20.0,12.0,MNI,Z,3.69,not_reported,activation,Table 1
32194493,23843881_C6,verum_gt_rest,M1 L,L,-52.0,-6.0,39.0,MNI,Z,2.51,3798,activation,Table 1
32194493,23843881_C7,verum_gt_rest,S2 R,R,62.0,-24.0,28.0,MNI,Z,6.53,7869,activation,Table 1
32194493,23843881_C7,verum_gt_rest,SMG R,R,60.0,-29.0,38.0,MNI,Z,4.0,not_reported,activation,Table 1
32194493,23843881_C7,verum_gt_rest,STG R,R,60.0,-38.0,18.0,MNI,Z,4.6,not_reported,activation,Table 1
32194493,23843881_C7,verum_gt_rest,a.Ins R,R,38.0,22.0,-2.0,MNI,Z,4.8,not_reported,activation,Table 1
32194493,23843881_C7,verum_gt_rest,p.Ins R,R,40.0,-6.0,-4.0,MNI,Z,5.3,not_reported,activation,Table 1
32194493,23843881_C7,verum_gt_rest,PMC R,R,50.0,8.0,40.0,MNI,Z,4.8,not_reported,activation,Table 1
32194493,23843881_C7,verum_gt_rest,pSMA R,R,4.0,8.0,60.0,MNI,Z,3.74,602,activation,Table 1
32194493,23843881_C7,verum_gt_rest,SFG R,R,4.0,24.0,46.0,MNI,Z,3.1,not_reported,activation,Table 1
32194493,23843881_C7,verum_gt_rest,MFG R,R,42.0,40.0,12.0,MNI,Z,3.95,not_reported,activation,Table 1
32194493,23843881_C7,verum_gt_rest,IFG R,R,56.0,12.0,4.0,MNI,Z,5.6,not_reported,activation,Table 1
32194493,23843881_C7,verum_gt_rest,Thalamus R,R,10.0,-14.0,8.0,MNI,Z,3.96,563,activation,Table 1
32194493,23843881_C7,verum_gt_rest,Thalamus L,L,-10.0,-18.0,10.0,MNI,Z,3.79,not_reported,activation,Table 1
32194493,23843881_C7,verum_gt_rest,S2 L,L,-62.0,-28.0,24.0,MNI,Z,6.34,7029,activation,Table 1
32194493,23843881_C7,verum_gt_rest,PMC L,L,-55.0,3.0,3.0,MNI,Z,4.4,not_reported,activation,Table 1
32194493,23843881_C7,verum_gt_rest,SMG L,L,-54.0,-43.0,28.0,MNI,Z,5.3,not_reported,activation,Table 1
32194493,23843881_C7,verum_gt_rest,a.Ins L,L,-34.0,14.0,4.0,MNI,Z,4.83,not_reported,activation,Table 1
32194493,23843881_C7,verum_gt_rest,p.Ins L,L,-40.0,0.0,-4.0,MNI,Z,5.4,not_reported,activation,Table 1
32194493,23843881_C8,deactivation,ITG R,R,44.0,-70.0,-6.0,MNI,Z,-4.0,2633,deactivation,Table 1
32194493,23843881_C8,deactivation,OCG R,R,18.0,-94.0,28.0,MNI,Z,-3.9,not_reported,deactivation,Table 1
32194493,23843881_C8,deactivation,S1 R,R,42.0,-22.0,50.0,MNI,Z,-4.33,2233,deactivation,Table 1
32194493,23843881_C8,deactivation,S1 R,R,22.0,-28.0,66.0,MNI,Z,-3.8,not_reported,deactivation,Table 1
32194493,23843881_C8,deactivation,MPFC R,R,4.0,58.0,10.0,MNI,Z,-3.56,945,deactivation,Table 1
32194493,23843881_C8,deactivation,OCG L,L,-22.0,-86.0,32.0,MNI,Z,-3.74,924,deactivation,Table 1
32194493,23843881_C9,verum_gt_rest,S1 L,L,-62.0,-20.0,22.0,MNI,Z,7.05,7502,activation,Table 1
32194493,23843881_C9,verum_gt_rest,Thalamus R,R,10.0,-16.0,8.0,MNI,Z,4.77,588,activation,Table 1
32194493,23843881_C9,verum_gt_rest,Thalamus L,L,-14.0,-14.0,8.0,MNI,Z,3.65,not_reported,activation,Table 1
32194493,23843881_C10,deactivation,S1 R,R,40.0,-22.0,48.0,MNI,Z,-4.32,2419,deactivation,Table 1
32194493,23843881_C11,verum_gt_sham,IFG R,R,56.0,14.0,4.0,MNI,Z,3.63,574,activation,Table 2
32194493,23843881_C11,verum_gt_sham,S2 L,L,-62.0,-22.0,20.0,MNI,Z,4.23,1111,activation,Table 2
32194493,23843881_C11,verum_gt_sham,p.Ins L,L,-38.0,-16.0,10.0,MNI,Z,2.42,not_reported,activation,Table 2
32194493,23843881_C11,verum_gt_sham,S2 R,R,66.0,-20.0,26.0,MNI,Z,4.05,826,activation,Table 2
32194493,23843881_C11,verum_gt_sham,FIC R,R,46.0,0.0,6.0,MNI,Z,2.94,not_reported,activation,Table 2
32194493,23843881_C11,verum_gt_sham,IPL R,R,58.0,-28.0,28.0,MNI,Z,3.13,not_reported,activation,Table 2
32194493,23843881_C11,verum_gt_sham,STG R,R,56.0,12.0,4.0,MNI,Z,3.56,not_reported,activation,Table 2
32194493,23843881_C12,deactivation,ITG R,R,44.0,-70.0,-2.0,MNI,Z,-3.55,1434,deactivation,Table 2
32194493,23843881_C13,deactivation,S1 R,R,40.0,-28.0,52.0,MNI,Z,-3.46,763,deactivation,Table 2
32194493,23843881_C14,verum_gt_sham,S2 L,L,-58.0,-24.0,18.0,MNI,Z,3.77,544,activation,Table 2
32194493,23843881_C14,verum_gt_sham,IPL L,L,-52.0,-34.0,26.0,MNI,Z,3.01,not_reported,activation,Table 2
32194493,23843881_C14,verum_gt_sham,S2 R,R,58.0,-18.0,14.0,MNI,Z,3.46,489,activation,Table 2
32194493,23843881_C14,verum_gt_sham,IPL R,R,52.0,-34.0,28.0,MNI,Z,2.72,not_reported,activation,Table 2
32194493,23843881_C15,deactivation,PCC R,R,10.0,-60.0,18.0,MNI,Z,-3.3,653,deactivation,Table 2
32194493,23843881_C16,verum_gt_sham,Insula R,R,40.0,-4.0,-6.0,MNI,Z,3.38,879,activation,Table 2
32194493,23843881_C16,verum_gt_sham,S2 L,L,-60.0,-22.0,20.0,MNI,Z,4.43,1187,activation,Table 2
32194493,23843881_C16,verum_gt_sham,SMG L,L,-54.0,-34.0,30.0,MNI,Z,3.15,not_reported,activation,Table 2
32194493,23843881_C16,verum_gt_sham,STG L,L,-62.0,-28.0,24.0,MNI,Z,3.98,not_reported,activation,Table 2
32194493,23843881_C16,verum_gt_sham,p.Ins L,L,-38.0,-20.0,8.0,MNI,Z,2.64,not_reported,activation,Table 2
32194493,23843881_C16,verum_gt_sham,S2 R,R,62.0,-18.0,20.0,MNI,Z,4.27,897,activation,Table 2
32194493,23843881_C16,verum_gt_sham,a.Ins R,R,30.0,22.0,8.0,MNI,Z,2.84,not_reported,activation,Table 2
32194493,23843881_C17,deactivation,PCC R,R,12.0,-58.0,14.0,MNI,Z,-3.45,516,deactivation,Table 2
32194493,23843881_C17,deactivation,PCC/precuneus L,L,-10.0,-70.0,20.0,MNI,Z,-3.3,507,deactivation,Table 2
32194493,23843881_C18,deactivation,S1 R,R,42.0,-22.0,48.0,MNI,Z,-3.45,698,deactivation,Table 2
32194493,23843881_C19,correlation_clinical,PFC R,R,28.0,38.0,20.0,MNI,Z,-3.36,640,activation,Table 3
32194493,23843881_C20,correlation_clinical,SMA R/L,midline,0.0,-30.0,62.0,MNI,Z,-3.79,788,activation,Table 3
32194493,23843881_C20,correlation_clinical,PFC R,R,32.0,48.0,18.0,MNI,Z,-3.44,987,activation,Table 3
32194493,23843881_C20,correlation_clinical,PFC L,L,-32.0,26.0,38.0,MNI,Z,-3.48,625,activation,Table 3
32194493,23843881_C21,correlation_clinical,S1 R,R,32.0,-26.0,60.0,MNI,Z,-3.46,198,activation,Table 3
32377180,contrast_between_groups_dc,group_comparison,Anterior/paracingulate cortex (expand to superior frontal gyrus),L R (bilateral),3.0,24.0,39.0,MNI,t value,5.57,900,Contra > ipsi (increased DC in contra-group),table
32377180,contrast_contra_within_increase,verum_post_gt_pre,Anterior/paracingulate cortex (expand to superior frontal gyrus),L R (bilateral),3.0,24.0,39.0,MNI,t value,6.52,1805,Post > pre (increased DC),table
32377180,contrast_contra_within_decrease,deactivation,Postcentral gyrus,L R (bilateral),0.0,-45.0,69.0,MNI,t value,-4.86,710,Post < pre (decreased DC),table
32377180,contrast_ipsi_within_decrease_cerebellum,deactivation,Cerebellum (including the pons),L R (bilateral),-12.0,-39.0,-30.0,MNI,t value,-7.42,416,Post < pre (decreased DC),table
32377180,contrast_ipsi_within_decrease_thalamus,deactivation,Thalamus,R,24.0,-9.0,0.0,MNI,t value,-9.56,355,Post < pre (decreased DC),table
32377180,32382278_C1,group_comparison,Anterior/paracingulate cortex,R,3.0,24.0,39.0,MNI,t,5.57,900,Contra > ipsi-group,Table 1
32377180,32382278_C2,verum_post_gt_pre,Anterior/paracingulate cortex,R,3.0,24.0,39.0,MNI,t,6.52,1805,Post > Pre,Table 1
32377180,32382278_C3,deactivation,Postcentral gyrus,midline,0.0,-45.0,69.0,MNI,t,-4.86,710,Post < Pre,Table 1
32377180,32382278_C4,deactivation,Cerebellum,L,-12.0,-39.0,-30.0,MNI,t,-7.42,416,Post < Pre,Table 1
32377180,32382278_C5,deactivation,Thalamus,R,24.0,-9.0,0.0,MNI,t,-9.56,355,Post < Pre,Table 1
32377180,32382299_C2,verum_post_gt_pre,Anterior/paracingulate cortex,R,3.0,24.0,39.0,MNI,t,6.52,1805,Post > Pre,Table 1
32377180,32382299_C3,deactivation,Postcentral gyrus,midline,0.0,-45.0,69.0,MNI,t,-4.86,710,Post < Pre,Table 1
32377180,32382299_C4,deactivation,Cerebellum,L,-12.0,-39.0,-30.0,MNI,t,-7.42,416,Post < Pre,Table 1
32377180,32382299_C5,deactivation,Thalamus,R,24.0,-9.0,0.0,MNI,t,-9.56,355,Post < Pre,Table 1
32807158,corr_AIS_fALFF,correlation_clinical,Cerebellum Posterior Lobe,R,9.0,-42.0,-60.0,MNI,t-value,-5.42,37,negative correlation,table
32807158,corr_AIS_fALFF,correlation_clinical,Middle Temporal Gyrus,L,-57.0,-57.0,-3.0,MNI,t-value,-6.25,34,negative correlation,table
32807158,corr_AIS_fALFF,correlation_clinical,Middle Temporal Gyrus / Superior Temporal Gyrus,L,-57.0,-42.0,0.0,MNI,t-value,-7.53,217,negative correlation,table
32807158,corr_AIS_fALFF,correlation_clinical,Parahippocampa Gyrus,L,-24.0,-27.0,-27.0,MNI,t-value,-5.56,36,negative correlation,table
32807158,corr_AIS_fALFF,correlation_clinical,Extra-Nuclear,L,-21.0,27.0,0.0,MNI,t-value,-5.67,79,negative correlation,table
32807158,corr_AIS_fALFF,correlation_clinical,Anterior Cingulate / Inferior Frontal Gyrus,R,9.0,30.0,18.0,MNI,t-value,-5.81,345,negative correlation,table
32807158,corr_AIS_fALFF,correlation_clinical,Middle Frontal Gyrus / Inferior Frontal Gyrus / Superior Frontal Gyrus,L,-24.0,27.0,27.0,MNI,t-value,-7.08,1599,negative correlation,table
32807158,corr_AIS_fALFF,correlation_clinical,Precentral Gyrus / Inferior Frontal Gyrus,R,24.0,6.0,27.0,MNI,t-value,-6.76,325,negative correlation,table
32807158,corr_AIS_fALFF,correlation_clinical,Precentral Gyrus,R,66.0,-3.0,27.0,MNI,t-value,-5.03,54,negative correlation,table
32807158,corr_AIS_fALFF,correlation_clinical,Supramarginal Gyrus / Inferior Parietal Lobule / Postcentral Gyrus,L,-54.0,-48.0,36.0,MNI,t-value,-7.07,345,negative correlation,table
32807158,corr_AIS_fALFF,correlation_clinical,Superior Parietal Lobule / Precuneus,L,-30.0,-72.0,48.0,MNI,t-value,-6.15,527,negative correlation,table
32807158,corr_AIS_fALFF,correlation_clinical,Superior Frontal Gyrus,R,24.0,12.0,51.0,MNI,t-value,-5.49,59,negative correlation,table
32807158,corr_AIS_fALFF,correlation_clinical,Superior Frontal Gyrus,L,-3.0,18.0,66.0,MNI,t-value,-5.89,55,negative correlation,table
32807158,S_Acu_post_vs_pre_fALFF,verum_post_gt_pre,Cerebellum Posterior Lobe,L,-15.0,-78.0,-51.0,MNI,t-value,5.75,94,increase,table
32807158,S_Acu_post_vs_pre_fALFF,verum_post_gt_pre,Cerebellum Posterior Lobe,R,6.0,-63.0,-54.0,MNI,t-value,5.30,40,increase,table
32807158,S_Acu_post_vs_pre_fALFF,verum_post_gt_pre,Cerebellum Posterior Lobe,R,42.0,-66.0,-54.0,MNI,t-value,5.09,30,increase,table
32807158,S_Acu_post_vs_pre_fALFF,verum_post_gt_pre,Cerebellum Posterior Lobe,R,6.0,-54.0,-39.0,MNI,t-value,5.25,49,increase,table
32807158,S_Acu_post_vs_pre_fALFF,verum_post_gt_pre,Brainstem,R,18.0,-18.0,-39.0,MNI,t-value,6.46,117,increase,table
32807158,S_Acu_post_vs_pre_fALFF,verum_post_gt_pre,Brainstem,L,-6.0,-15.0,-18.0,MNI,t-value,5.55,30,increase,table
32807158,S_Acu_post_vs_pre_fALFF,verum_post_gt_pre,Inferior Temporal Gyrus,R,60.0,-24.0,-21.0,MNI,t-value,5.22,33,increase,table
32807158,S_Acu_post_vs_pre_fALFF,verum_post_gt_pre,Middle Temporal Gyrus,L,-66.0,-45.0,-18.0,MNI,t-value,7.72,40,increase,table
32807158,S_Acu_post_vs_pre_fALFF,verum_post_gt_pre,Superior Temporal Gyrus,L,-57.0,-57.0,21.0,MNI,t-value,6.02,47,increase,table
32807158,S_Acu_post_vs_pre_fALFF,verum_post_gt_pre,Parahippocampa Gyrus,R,15.0,-33.0,-6.0,MNI,t-value,5.52,42,increase,table
32807158,S_Acu_post_vs_pre_fALFF,verum_post_gt_pre,Precuneus,L,-3.0,-51.0,30.0,MNI,t-value,4.56,42,increase,table
32807158,S_Acu_post_vs_pre_fALFF,verum_post_gt_pre,Superior Frontal Gyrus,L,-12.0,9.0,72.0,MNI,t-value,6.59,38,increase,table
32807158,S_Acu_post_vs_pre_fALFF,verum_post_gt_pre,Superior Frontal Gyrus,R,9.0,0.0,72.0,MNI,t-value,6.00,30,increase,table
32807158,M_Acu_post_vs_pre_fALFF,verum_post_gt_pre,Cerebellum Posterior Lobe,R,15.0,-33.0,-60.0,MNI,t-value,5.03,50,increase,table
32807158,M_Acu_post_vs_pre_fALFF,verum_post_gt_pre,Parahippocampa Gyrus,L,-27.0,-36.0,-15.0,MNI,t-value,5.70,38,increase,table
32807158,M_Acu_post_vs_pre_fALFF,verum_post_gt_pre,Middle Temporal Gyrus / Superior Temporal Gyrus,L,-54.0,-57.0,0.0,MNI,t-value,6.82,261,increase,table
32807158,M_Acu_post_vs_pre_fALFF,verum_post_gt_pre,Superior Temporal Gyrus,R,45.0,-18.0,-9.0,MNI,t-value,4.96,33,increase,table
32807158,M_Acu_post_vs_pre_fALFF,verum_post_gt_pre,Middle Temporal Gyrus,R,48.0,-39.0,-9.0,MNI,t-value,6.12,54,increase,table
32807158,M_Acu_post_vs_pre_fALFF,verum_post_gt_pre,Superior Temporal Gyrus,R,45.0,-39.0,9.0,MNI,t-value,6.67,73,increase,table
32807158,M_Acu_post_vs_pre_fALFF,verum_post_gt_pre,Middle Temporal Gyrus,L,-45.0,-78.0,9.0,MNI,t-value,5.09,42,increase,table
32807158,M_Acu_post_vs_pre_fALFF,verum_post_gt_pre,Middle Frontal Gyrus,L,-39.0,30.0,24.0,MNI,t-value,5.69,119,increase,table
32807158,M_Acu_post_vs_pre_fALFF,verum_post_gt_pre,Inferior Frontal Gyrus / Precentral Gyrus / Postcentral Gyrus,L,-45.0,3.0,30.0,MNI,t-value,7.60,525,increase,table
32807158,M_Acu_post_vs_pre_fALFF,verum_post_gt_pre,Precentral Gyrus,R,42.0,-3.0,30.0,MNI,t-value,4.93,43,increase,table
32807158,M_Acu_post_vs_pre_fALFF,verum_post_gt_pre,Postcentral Gyrus / Precentral Gyrus,R,60.0,-21.0,39.0,MNI,t-value,5.64,66,increase,table
32807158,M_Acu_post_vs_pre_fALFF,verum_post_gt_pre,Inferior Parietal Lobule / Angular Gyrus / Supramarginal Gyrus / Postcentral Gyrus,L,-48.0,-57.0,33.0,MNI,t-value,6.00,371,increase,table
32807158,M_Acu_post_vs_pre_fALFF,verum_post_gt_pre,Cuneus / Precuneus / Superior Parietal Lobule,L,-21.0,-51.0,39.0,MNI,t-value,5.65,370,increase,table
32807158,M_Acu_post_vs_pre_fALFF,verum_post_gt_pre,Precuneus,R,33.0,-72.0,42.0,MNI,t-value,5.02,67,increase,table
32807158,N_Acu_post_vs_pre_fALFF,sham_post_gt_pre,Superior Frontal Gyrus,L,-21.0,63.0,3.0,MNI,t-value,4.63,34,increase,table
32807158,N_Acu_post_vs_pre_fALFF,sham_post_gt_pre,Superior Frontal Gyrus / Medial Frontal Gyrus / Anterior Cingulate,R,21.0,60.0,6.0,MNI,t-value,5.38,364,increase,table
32807158,N_Acu_post_vs_pre_fALFF,sham_post_gt_pre,Insula,L,-33.0,21.0,6.0,MNI,t-value,4.16,30,increase,table
32807158,N_Acu_post_vs_pre_fALFF,sham_post_gt_pre,Middle Frontal Gyrus,L,-45.0,36.0,21.0,MNI,t-value,4.49,33,increase,table
32807158,N_Acu_post_vs_pre_fALFF,sham_post_gt_pre,Middle Frontal Gyrus,R,42.0,24.0,24.0,MNI,t-value,4.44,83,increase,table
32807158,N_Acu_post_vs_pre_fALFF,sham_post_gt_pre,Inferior Frontal Gyrus,R,57.0,6.0,36.0,MNI,t-value,5.09,51,increase,table
32807158,S_vs_N_fALFF_posthoc,verum_gt_sham,Anterior Cingulate,R,3.0,18.0,-9.0,MNI,t-value,-5.12,51,N-Acu > S-Acu (negative t-value),table
32807158,S_vs_N_fALFF_posthoc,verum_gt_sham,Insula,L,-15.0,30.0,15.0,MNI,t-value,-6.93,168,N-Acu > S-Acu (negative t-value),table
32807158,S_vs_N_fALFF_posthoc,verum_gt_sham,Cerebellum Posterior Lobe,L,-15.0,-57.0,-57.0,MNI,t-value,4.51,84,S-Acu > N-Acu (positive t-value),table
32807158,S_vs_N_fALFF_posthoc,verum_gt_sham,Brainstem,R,6.0,-24.0,-39.0,MNI,t-value,4.56,38,S-Acu > N-Acu (positive t-value),table
32807158,S_vs_M_fALFF_posthoc,group_comparison,Parahippocampa Gyrus,L,-27.0,-36.0,-15.0,MNI,t-value,-5.18,35,M-Acu > S-Acu (negative t-value),table
32807158,S_vs_M_fALFF_posthoc,group_comparison,Superior Temporal Gyrus / Middle Temporal Gyrus,L,-57.0,-18.0,-3.0,MNI,t-value,-5.83,348,M-Acu > S-Acu (negative t-value),table
32807158,S_vs_M_fALFF_posthoc,group_comparison,Superior Temporal Gyrus,R,45.0,-39.0,9.0,MNI,t-value,-5.02,31,M-Acu > S-Acu (negative t-value),table
32807158,S_vs_M_fALFF_posthoc,group_comparison,Lentiform Nucleus,R,18.0,9.0,0.0,MNI,t-value,-4.92,91,M-Acu > S-Acu (negative t-value),table
32807158,S_vs_M_fALFF_posthoc,group_comparison,Middle Frontal Gyrus,L,-30.0,42.0,18.0,MNI,t-value,-5.09,37,M-Acu > S-Acu (negative t-value),table
32807158,S_vs_M_fALFF_posthoc,group_comparison,Middle Frontal Gyrus,L,-36.0,15.0,42.0,MNI,t-value,-4.69,33,M-Acu > S-Acu (negative t-value),table
32807158,S_vs_M_fALFF_posthoc,group_comparison,Middle Frontal Gyrus,L,-27.0,0.0,66.0,MNI,t-value,-4.66,50,M-Acu > S-Acu (negative t-value),table
32807158,S_vs_M_fALFF_posthoc,group_comparison,Precentral Gyrus / Inferior Frontal Gyrus,L,-51.0,0.0,12.0,MNI,t-value,-5.40,126,M-Acu > S-Acu (negative t-value),table
32807158,S_vs_M_fALFF_posthoc,group_comparison,Inferior Frontal Gyrus,L,-48.0,3.0,27.0,MNI,t-value,-5.58,46,M-Acu > S-Acu (negative t-value),table
32807158,S_vs_M_fALFF_posthoc,group_comparison,Postcentral Gyrus / Inferior Parietal Lobule,L,-48.0,-27.0,39.0,MNI,t-value,-4.61,152,M-Acu > S-Acu (negative t-value),table
32807158,S_vs_M_fALFF_posthoc,group_comparison,Superior Parietal Lobule,L,-33.0,-69.0,48.0,MNI,t-value,-5.09,55,M-Acu > S-Acu (negative t-value),table
32807158,S_vs_M_fALFF_posthoc,group_comparison,Anterior Cingulate,L,-24.0,27.0,24.0,MNI,t-value,-5.32,62,M-Acu > S-Acu (negative t-value),table
32807158,S_vs_M_fALFF_posthoc,group_comparison,Supramarginal Gyrus / Angular Gyrus,L,-54.0,-48.0,36.0,MNI,t-value,-5.73,110,M-Acu > S-Acu (negative t-value),table
32807158,S_vs_M_fALFF_posthoc,group_comparison,Precuneus,R,36.0,-69.0,42.0,MNI,t-value,-4.59,33,M-Acu > S-Acu (negative t-value),table
32807158,27053062_SR_C1,sham_post_gt_pre,Superior Frontal Gyrus (L),L,-21.0,63.0,3.0,MNI,t,4.63,34,activation,Table 9
32807158,27053062_SR_C1,sham_post_gt_pre,Superior Frontal Gyrus (R) / Medial Frontal Gyrus / Anterior Cingulate,R,21.0,60.0,6.0,MNI,t,5.38,364,activation,Table 9
32807158,27053062_SR_C1,sham_post_gt_pre,Insula (L),L,-33.0,21.0,6.0,MNI,t,4.16,30,activation,Table 9
32807158,27053062_SR_C1,sham_post_gt_pre,Middle Frontal Gyrus BA46 (L),L,-45.0,36.0,21.0,MNI,t,4.49,33,activation,Table 9
32807158,27053062_SR_C1,sham_post_gt_pre,Middle Frontal Gyrus BA46 (R),R,42.0,24.0,24.0,MNI,t,4.44,83,activation,Table 9
32807158,27053062_SR_C1,sham_post_gt_pre,Inferior Frontal Gyrus BA9 (R),R,57.0,6.0,36.0,MNI,t,5.09,51,activation,Table 9
33146953,con_gender_baseline,group_comparison,Middle temporal gyrus,L,-48.0,-51.0,-6.0,MNI,t,7.34,39,MPIs > FPIs,table
33146953,con_gender_baseline,group_comparison,Middle temporal gyrus,R,60.0,-24.0,-9.0,MNI,t,6.45,45,MPIs > FPIs,table
33146953,con_gender_baseline,group_comparison,Cuneus,R,6.0,-96.0,0.0,MNI,t,7.48,79,MPIs > FPIs,table
33146953,con_gender_baseline,group_comparison,Supramarginal gyrus,L,-39.0,-54.0,27.0,MNI,t,6.45,63,MPIs > FPIs,table
33146953,con_gender_baseline,group_comparison,Precuneus / Posterior cingulate,L,-6.0,-66.0,27.0,MNI,t,6.24,153,MPIs > FPIs,table
33146953,con_gender_baseline,group_comparison,Inferior parietal lobule,L,-51.0,-42.0,39.0,MNI,t,7.68,122,MPIs > FPIs,table
33146953,con_gender_baseline,group_comparison,Cingulate gyrus,L,-6.0,-39.0,39.0,MNI,t,6.93,33,MPIs > FPIs,table
33146953,con_gender_baseline,group_comparison,Cingulate gyrus,R,18.0,-27.0,45.0,MNI,t,7.19,31,MPIs > FPIs,table
33146953,con_gender_baseline,group_comparison,Inferior parietal lobule / Middle temporal gyrus,R,54.0,-57.0,42.0,MNI,t,6.84,220,MPIs > FPIs,table
33146953,con_gender_baseline,group_comparison,Postcentral gyrus,L,-15.0,-45.0,63.0,MNI,t,8.63,49,MPIs > FPIs,table
33146953,con_MPI_postVSpre,verum_post_gt_pre,Middle temporal gyrus,L,-36.0,-6.0,-33.0,MNI,t,6.90,100,increased,table
33146953,con_MPI_postVSpre,verum_post_gt_pre,Superior frontal gyrus,L,-6.0,21.0,60.0,MNI,t,5.59,112,increased,table
33146953,con_MPI_postVSpre,verum_post_gt_pre,Middle frontal gyrus,L,-33.0,15.0,39.0,MNI,t,5.94,68,increased,table
33146953,con_MPI_postVSpre,verum_post_gt_pre,Medial frontal gyrus,L,-3.0,60.0,9.0,MNI,t,4.68,51,increased,table
33146953,con_MPI_postVSpre,verum_post_gt_pre,Precuneus,R,15.0,-84.0,45.0,MNI,t,5.49,57,increased,table
33146953,con_MPI_postVSpre,verum_post_gt_pre,Parahippocampal gyrus,R,21.0,3.0,-33.0,MNI,t,5.79,33,increased,table
33146953,con_MPI_postVSpre,verum_post_gt_pre,Superior parietal lobule,L,-21.0,-63.0,54.0,MNI,t,4.52,36,increased,table
33146953,con_MPI_postVSpre,verum_post_gt_pre,Postcentral gyrus,L,-18.0,-48.0,75.0,MNI,t,6.26,44,increased,table
33146953,con_MPI_postVSpre,verum_post_gt_pre,Postcentral gyrus,R,18.0,-30.0,75.0,MNI,t,4.63,44,increased,table
33146953,con_FPI_postVSpre,verum_post_gt_pre,Middle temporal gyrus,L,-51.0,-51.0,-3.0,MNI,t,4.79,57,increased,table
33146953,con_FPI_postVSpre,verum_post_gt_pre,Posterior cingulate,L,-18.0,-48.0,18.0,MNI,t,5.56,65,increased,table
33146953,con_FPI_postVSpre,verum_post_gt_pre,Inferior frontal gyrus / Middle frontal gyrus,L,-51.0,12.0,24.0,MNI,t,4.63,33,increased,table
33146953,con_FPI_postVSpre,verum_post_gt_pre,Superior temporal gyrus,L,-42.0,-60.0,27.0,MNI,t,5.00,71,increased,table
33146953,con_FPI_postVSpre,verum_post_gt_pre,Supramarginal gyrus,L,-48.0,-48.0,30.0,MNI,t,5.17,73,increased,table
33146953,con_diff_altered_FPI_vs_MPI,group_comparison,Posterior cingulate,L,-12.0,-39.0,21.0,MNI,t,−4.75,42,FPIs > MPIs (negative t-value: fALFF in this brain region of FPIs was increased higher than MPIs),table
33146953,con_diff_altered_FPI_vs_MPI,group_comparison,Supramarginal gyrus,L,-48.0,-48.0,30.0,MNI,t,−4.55,38,FPIs > MPIs (negative t-value: fALFF in this brain region of FPIs was increased higher than MPIs),table
33146953,con_diff_altered_FPI_vs_MPI,group_comparison,Postcentral gyrus,L,-18.0,-48.0,75.0,MNI,t,5.58,32,MPIs > FPIs (positive t-value: altered fALFF in MPIs increased higher than FPIs),table
33560579,con_ReHo_effective_vs_sham,verum_gt_sham,"Lingual_L/R, Calcarine_L/R, Cuneus_L/R, Temporal_Sup_R","Bilateral (Lingual, Calcarine, Cuneus); Right (Temporal_Sup)",-12.0,-60.0,-6.0,MNI,T (peak intensity),-5.907,1886,decreased,table
33560579,con_ReHo_effective_vs_sham,verum_gt_sham,"Heschl_R, Postcentral_R",Right,54.0,-27.0,3.0,MNI,T (peak intensity),-4.5086,110,decreased,table
33560579,con_ReHo_effective_vs_sham,verum_gt_sham,Parietal_Sup_R,Right,15.0,-45.0,57.0,MNI,T (peak intensity),-4.9444,164,decreased,table
33560579,con_ALFF_effective_vs_sham_increased,verum_gt_sham,"Midbrain_L, Parahippocampal_L",Left,-12.0,-24.0,-18.0,MNI,T (peak intensity),9.1426,91,increased,table
33560579,con_ALFF_effective_vs_sham_decreased,verum_gt_sham,"Lingual_L/R, Calcarine_L/R, Cuneus_L/R, Cingulum_Post_L/R",Bilateral,-12.0,-63.0,-6.0,MNI,T (peak intensity),-5.6877,1947,decreased,table
33560579,con_ALFF_effective_vs_sham_decreased,verum_gt_sham,"Parietal_Sup_L/R, Occipital_Sup_R, Precuneus_L",Bilateral (Parietal_Sup); Right (Occipital_Sup); Left (Precuneus),24.0,-69.0,48.0,MNI,T (peak intensity),-5.2453,65,decreased,table
33560579,con_ALFF_effective_vs_sham_decreased,verum_gt_sham,"Parietal_Sup_L/R, Occipital_Sup_R, Precuneus_L",Bilateral (Parietal_Sup); Right (Occipital_Sup); Left (Precuneus),-18.0,-69.0,45.0,MNI,T (peak intensity),-4.7231,50,decreased,table
33560579,con_ALFF_effective_vs_sham_decreased,verum_gt_sham,Postcentral_R,Right,21.0,-45.0,57.0,MNI,T (peak intensity),-4.9198,57,decreased,table
33560579,29305037_C1,verum_gt_sham,superior Temporal gyrus,L,-59.0,-47.0,15.0,MNI,t,2.849,165,activation,Table 1
33560579,29305037_C1,verum_gt_sham,middle temporal gyrus,L,-46.0,-47.0,15.0,MNI,t,4.369,137,activation,Table 1
33560579,29305037_C1,verum_gt_sham,thalamus,L,-7.0,-26.0,7.0,MNI,t,4.385,93,activation,Table 1
33560579,29305037_C1,verum_gt_sham,putamen,L,-22.0,20.0,6.0,MNI,t,2.1443,89,activation,Table 1
33560579,29305037_C1,verum_gt_sham,caudate,L,-19.0,20.0,6.0,MNI,t,2.1783,65,activation,Table 1
33560579,29305037_C1,verum_gt_sham,posterior cingulum cortex,L,-9.0,-46.0,35.0,MNI,t,3.4609,143,activation,Table 1
33560579,29305037_C1,verum_gt_sham,amygdala,L,-25.0,1.0,-12.0,MNI,t,3.5988,2,activation,Table 1
33560579,29305037_C1,verum_gt_sham,parahippocampal gyrus,L,-23.0,-3.0,-7.0,MNI,t,2.119,13,activation,Table 1
33560579,29305037_C1,verum_gt_sham,prefrontal cortex,L,-14.0,52.0,35.0,MNI,t,3.63,169,activation,Table 1
33560579,29305037_C2,verum_gt_sham,middle temporal gyrus,R,53.0,-66.0,15.0,MNI,t,3.559,90,activation,Table 2
33560579,29305037_C2,verum_gt_sham,thalamus,R,7.0,-26.0,5.0,MNI,t,3.35,48,activation,Table 2
33560579,29305037_C2,verum_gt_sham,amygdala,R,25.0,4.0,-12.0,MNI,t,3.075,4,activation,Table 2
33560579,29305037_C2,verum_gt_sham,prefrontal cortex,R,14.0,58.0,35.0,MNI,t,3.23,87,activation,Table 2
33560579,29305037_C3,verum_gt_sham,middle temporal gyrus,L,-42.0,-68.0,21.0,MNI,t,2.39,24,activation,Table 1
33560579,29305037_C3,verum_gt_sham,thalamus,L,-7.0,-17.0,-1.0,MNI,t,2.67,51,activation,Table 1
33560579,29305037_C3,verum_gt_sham,putamen,L,-14.0,10.0,-9.0,MNI,t,2.75,89,activation,Table 1
33560579,29305037_C3,verum_gt_sham,caudate,L,-17.0,22.0,8.0,MNI,t,3.46,62,activation,Table 1
33560579,29305037_C3,verum_gt_sham,posterior cingulum cortex,L,-10.0,-49.0,33.0,MNI,t,4.33,50,activation,Table 1
33560579,29305037_C3,verum_gt_sham,amygdala,L,-20.0,0.0,-11.0,MNI,t,2.75,5,activation,Table 1
33560579,29305037_C3,verum_gt_sham,parahippocampal gyrus,L,-16.0,4.0,-18.0,MNI,t,2.35,6,activation,Table 1
33560579,29305037_C3,verum_gt_sham,prefrontal cortex,L,-14.0,64.0,20.0,MNI,t,4.09,4,activation,Table 1
33560579,29305037_C4,verum_gt_sham,thalamus,R,7.0,-11.0,-1.0,MNI,t,2.82,24,activation,Table 2
33560579,29305037_C4,verum_gt_sham,amygdala,R,18.0,0.0,-12.0,MNI,t,3.6,2,activation,Table 2
33560579,29305037_C5,other,superior Temporal gyrus,L,-45.0,-48.0,15.0,MNI,t,3.1301,94,activation,Table 1
33560579,29305037_C6,verum_gt_sham,Brodmann area 41 (primary auditory cortex),L,-45.0,-46.0,14.0,MNI,t,not_reported,not_reported,activation,text p.8
33776442,con_ANOVA_3phases,other,"PCUN.R, extend to PCC.R",right,3.0,-42.0,27.0,MNI,F-value,29.25,182,not_reported,table
33776442,con_ANOVA_3phases,other,ANG.R,right,51.0,-63.0,33.0,MNI,F-value,29.06,44,not_reported,table
33776442,con_ANOVA_3phases,other,"CAL.R, extend to CUN.R",right,15.0,-66.0,12.0,MNI,F-value,16.94,134,not_reported,table
33776442,con_ANOVA_3phases,other,PoCG.R,right,45.0,-18.0,57.0,MNI,F-value,14.35,63,not_reported,table
33776442,con_ANOVA_3phases,other,PoCG.L,left,-42.0,-24.0,51.0,MNI,F-value,18.43,52,not_reported,table
33776442,con_P2vsP1_increase,verum_gt_rest,"CAL.R, extend to CUN.R",right,15.0,-66.0,12.0,MNI,mean difference ReHo value,0.428±0.123,134,increased,table
33776442,con_P2vsP1_increase,verum_gt_rest,PoCG.R,right,45.0,-18.0,57.0,MNI,mean difference ReHo value,0.463±0.123,63,increased,table
33776442,con_P2vsP1_increase,verum_gt_rest,PoCG.L,left,-42.0,-24.0,51.0,MNI,mean difference ReHo value,0.426±0.097,52,increased,table
33776442,con_P3vsP2_decrease,deactivation,"PCUN.R, extend to PCC.R",right,3.0,-42.0,27.0,MNI,mean difference ReHo value,-0.327±0.078,182,decreased,table
33776442,con_P3vsP2_decrease,deactivation,ANG.R,right,51.0,-63.0,33.0,MNI,mean difference ReHo value,-0.313±0.078,44,decreased,table
33776442,con_P3vsP1_increase,verum_post_gt_pre,"CAL.R, extend to CUN.R",right,15.0,-66.0,12.0,MNI,mean difference ReHo value,0.712±0.123,134,increased,table
33776442,con_P3vsP1_increase,verum_post_gt_pre,PoCG.R,right,45.0,-18.0,57.0,MNI,mean difference ReHo value,0.638±0.123,63,increased,table
33776442,con_P3vsP1_increase,verum_post_gt_pre,PoCG.L,left,-42.0,-24.0,51.0,MNI,mean difference ReHo value,0.565±0.097,52,increased,table
33776442,con_P3vsP1_decrease,deactivation,"PCUN.R, extend to PCC.R",right,3.0,-42.0,27.0,MNI,mean difference ReHo value,-0.594±0.078,182,decreased,table
33776442,con_P3vsP1_decrease,deactivation,ANG.R,right,51.0,-63.0,33.0,MNI,mean difference ReHo value,-0.528±0.078,44,decreased,table
33776442,33688186_C1,other,"PCUN.R, extend to PCC.R",R,3.0,-42.0,27.0,MNI,F,29.25,182,significant difference among 3 phases,Table 2
33776442,33688186_C1,other,ANG.R,R,51.0,-63.0,33.0,MNI,F,29.06,44,significant difference among 3 phases,Table 2
33776442,33688186_C1,other,"CAL.R, extend to CUN.R",R,15.0,-66.0,12.0,MNI,F,16.94,134,significant difference among 3 phases,Table 2
33776442,33688186_C1,other,PoCG.R,R,45.0,-18.0,57.0,MNI,F,14.35,63,significant difference among 3 phases,Table 2
33776442,33688186_C1,other,PoCG.L,L,-42.0,-24.0,51.0,MNI,F,18.43,52,significant difference among 3 phases,Table 2
33776442,33688186_C2,verum_gt_rest,"PCUN.R, extend to PCC.R",R,3.0,-42.0,27.0,MNI,NR,not_reported,not_reported,Phase III < Phase II and Phase III < Phase I (decrease from Phase I to Phase III),Table 3
33776442,33688186_C2,verum_gt_rest,ANG.R,R,51.0,-63.0,33.0,MNI,NR,not_reported,not_reported,Phase III < Phase II and Phase III < Phase I (decrease from Phase I to Phase III),Table 3
33776442,33688186_C2,verum_gt_rest,"CAL.R, extend to CUN.R",R,15.0,-66.0,12.0,MNI,NR,not_reported,not_reported,Phase III < Phase II and Phase III < Phase I (decrease from Phase I to Phase III),Table 3
33776442,33688186_C2,verum_gt_rest,PoCG.R,R,45.0,-18.0,57.0,MNI,NR,not_reported,not_reported,Phase III < Phase II and Phase III < Phase I (decrease from Phase I to Phase III),Table 3
33776442,33688186_C2,verum_gt_rest,PoCG.L,L,-42.0,-24.0,51.0,MNI,NR,not_reported,not_reported,Phase III < Phase II and Phase III < Phase I (decrease from Phase I to Phase III),Table 3
33776442,33688186_C3,deactivation,"PCUN.R, extend to PCC.R",R,3.0,-42.0,27.0,MNI,NR,not_reported,not_reported,Phase III < Phase II (decreased),Table 3
33776442,33688186_C3,deactivation,ANG.R,R,51.0,-63.0,33.0,MNI,NR,not_reported,not_reported,Phase III < Phase II (decreased),Table 3
33776442,33688186_C4,verum_post_gt_pre,"PCUN.R, extend to PCC.R",R,3.0,-42.0,27.0,MNI,NR,not_reported,not_reported,mixed: increased and decreased,Table 3
33776442,33688186_C4,verum_post_gt_pre,ANG.R,R,51.0,-63.0,33.0,MNI,NR,not_reported,not_reported,mixed: increased and decreased,Table 3
33776442,33688186_C4,verum_post_gt_pre,"CAL.R, extend to CUN.R",R,15.0,-66.0,12.0,MNI,NR,not_reported,not_reported,mixed: increased and decreased,Table 3
33776442,33688186_C4,verum_post_gt_pre,PoCG.R,R,45.0,-18.0,57.0,MNI,NR,not_reported,not_reported,mixed: increased and decreased,Table 3
33776442,33688186_C4,verum_post_gt_pre,PoCG.L,L,-42.0,-24.0,51.0,MNI,NR,not_reported,not_reported,mixed: increased and decreased,Table 3
33776442,33688193_C1,other,"PCUN.R, extend to PCC.R",R,3.0,-42.0,27.0,MNI,F,29.25,182,significant difference among 3 phases,Table 2
33776442,33688193_C1,other,ANG.R,R,51.0,-63.0,33.0,MNI,F,29.06,44,significant difference among 3 phases,Table 2
33776442,33688193_C1,other,"CAL.R, extend to CUN.R",R,15.0,-66.0,12.0,MNI,F,16.94,134,significant difference among 3 phases,Table 2
33776442,33688193_C1,other,PoCG.R,R,45.0,-18.0,57.0,MNI,F,14.35,63,significant difference among 3 phases,Table 2
33776442,33688193_C1,other,PoCG.L,L,-42.0,-24.0,51.0,MNI,F,18.43,52,significant difference among 3 phases,Table 2
33776442,33688193_C2,deactivation,"PCUN.R, extend to PCC.R",R,3.0,-42.0,27.0,MNI,NR,not_reported,not_reported,decreased in Phase III relative to Phase II,Table 3
33776442,33688193_C2,deactivation,ANG.R,R,51.0,-63.0,33.0,MNI,NR,not_reported,not_reported,decreased in Phase III relative to Phase II,Table 3
33776442,33688193_C3,deactivation,"PCUN.R, extend to PCC.R",R,3.0,-42.0,27.0,MNI,NR,not_reported,not_reported,decreased in Phase III relative to Phase I,Table 3
33776442,33688193_C3,deactivation,ANG.R,R,51.0,-63.0,33.0,MNI,NR,not_reported,not_reported,decreased in Phase III relative to Phase I,Table 3
33776442,33688193_C4,verum_gt_rest,"CAL.R, extend to CUN.R",R,15.0,-66.0,12.0,MNI,NR,not_reported,not_reported,increased in Phase II relative to Phase I,Table 3
33776442,33688193_C4,verum_gt_rest,PoCG.R,R,45.0,-18.0,57.0,MNI,NR,not_reported,not_reported,increased in Phase II relative to Phase I,Table 3
33776442,33688193_C4,verum_gt_rest,PoCG.L,L,-42.0,-24.0,51.0,MNI,NR,not_reported,not_reported,increased in Phase II relative to Phase I,Table 3
33776442,33688193_C5,verum_post_gt_pre,"CAL.R, extend to CUN.R",R,15.0,-66.0,12.0,MNI,NR,not_reported,not_reported,increased in Phase III relative to Phase I,Table 3
33776442,33688193_C5,verum_post_gt_pre,PoCG.R,R,45.0,-18.0,57.0,MNI,NR,not_reported,not_reported,increased in Phase III relative to Phase I,Table 3
33776442,33688193_C5,verum_post_gt_pre,PoCG.L,L,-42.0,-24.0,51.0,MNI,NR,not_reported,not_reported,increased in Phase III relative to Phase I,Table 3
34108856,con_RA_twirling,deactivation,B. thalamus,bilateral,0.0,-15.0,9.0,MNI coordinates (RAI),Peak Z Score,-3.51,131,deactivation,table
34108856,con_RA_twirl_vs_retain,deactivation,R.SMA(6),right,18.0,3.0,63.0,MNI coordinates (RAI),Peak Z Score,-3.49,148,deactivation,table
34108856,con_SA_twirling,deactivation,R.SFG(8),right,15.0,15.0,45.0,MNI coordinates (RAI),Peak Z Score,-3.80,123,deactivation,table
34108856,con_SA_retention,deactivation,R.SFG(8),right,18.0,21.0,45.0,MNI coordinates (RAI),Peak Z Score,-3.87,114,deactivation,table
34108856,con_retention_RA_vs_SA,verum_gt_sham,ACC(32/24),not_reported,3.0,30.0,-6.0,MNI coordinates (RAI),Peak Z Score,-3.29,66*,deactivation,table
34108856,con_retention_RA_vs_SA,verum_gt_sham,R.PCU(7),right,9.0,-42.0,69.0,MNI coordinates (RAI),Peak Z Score,3.29,35*,activation,table
34108856,con_retention_RA_vs_SA,verum_gt_sham,R.SMA/SFG(6),right,18.0,21.0,45.0,MNI coordinates (RAI),Peak Z Score,3.33,65*,activation,table
34108856,con_retention_RA_vs_SA,verum_gt_sham,R.MFG/dlPFC(6),right,30.0,9.0,51.0,MNI coordinates (RAI),Peak Z Score,3.89,36*,activation,table
34108856,con_twirling_RA_vs_SA,verum_gt_sham,R.PCU(31),right,15.0,-51.0,36.0,MNI coordinates (RAI),Peak Z Score,3.27,32*,activation,table
34108856,con_twirling_RA_vs_SA,verum_gt_sham,ACC(24),not_reported,0.0,24.0,18.0,MNI coordinates (RAI),Peak Z Score,-3.03,38*,deactivation,table
34108856,con_twirl_retain_RA_vs_SA,group_comparison,rACC(25),not_reported,-3.0,21.0,-9.0,MNI coordinates (RAI),Peak Z Score,3.84,62*,positive activity change (significant positive activity change in the rACC under the twirling versus the retention condition between the real and sham acupuncture groups),table
34108856,con_twirl_retain_RA_vs_SA,group_comparison,R.SMA(6),right,15.0,3.0,60.0,MNI coordinates (RAI),Peak Z Score,-4.04,246,deactivation,table
34108856,27438091_SR_C1,deactivation,R. Superior Frontal Gyrus (BA8),R,15.0,15.0,45.0,MNI,Z,-3.8,123,deactivation,Table 2
34108856,27438091_SR_C2,deactivation,R. Superior Frontal Gyrus (BA8),R,18.0,21.0,45.0,MNI,Z,-3.87,114,deactivation,Table 2
34122321,contrast_MwoA_vs_HC,group_comparison,Right cerebellum,Right,18.0,-60.0,-42.0,MNI,T-value,4.4607,131,PM < HC,table
34122321,contrast_MwoA_vs_HC,group_comparison,Left cerebellum,Left,-18.0,-63.0,-42.0,MNI,T-value,4.9429,102,PM < HC,table
34122321,contrast_ANOVA_PMa_PMb_PMc,verum_post_gt_pre,Left cerebellum,Left,-9.0,-36.0,-30.0,MNI,F-value,3.805,20,increase,table
34122321,contrast_ANOVA_PMa_PMb_PMc,verum_post_gt_pre,Left angular gyrus,Left,-60.0,-63.0,27.0,MNI,F-value,3.7857,23,increase,table
34122321,contrast_PMb_gt_PMa,verum_post_gt_pre,Left cerebellum,Left,-12.0,-33.0,-33.0,MNI,T-value,4.7578,20,PMb > PMa,table
34122321,contrast_PMc_gt_PMa,verum_post_gt_pre,Left angular gyrus,Left,-57.0,-57.0,24.0,MNI,T-value,4.848,23,PMc > PMa,table
34122321,contrast_PMc_gt_PMb,verum_post_gt_pre,Left angular gyrus,Left,-60.0,-63.0,27.0,MNI,T-value,3.9827,20,PMc > PMb,table
34122321,34054706_C1,group_comparison,Right cerebellum,R,18.0,-60.0,-42.0,MNI,t,4.4607,131,PM < HC (MwoA lower than HC),Table 3A
34122321,34054706_C1,group_comparison,Left cerebellum,L,-18.0,-63.0,-42.0,MNI,t,4.9429,102,PM < HC (MwoA lower than HC),Table 3A
34122321,34054706_C2,verum_post_gt_pre,Left cerebellum,L,-9.0,-36.0,-30.0,MNI,F,3.805,20,Overall change across PMa-PMb-PMc,Table 3B
34122321,34054706_C2,verum_post_gt_pre,Left angular gyrus,L,-60.0,-63.0,27.0,MNI,F,3.7857,23,Overall change across PMa-PMb-PMc,Table 3B
34122321,34054706_C3,verum_post_gt_pre,Left cerebellum,L,-12.0,-33.0,-33.0,MNI,t,4.7578,20,PMb > PMa (increase after first session),Table 3B1
34122321,34054706_C4,verum_post_gt_pre,Left angular gyrus,L,-57.0,-57.0,24.0,MNI,t,4.848,23,PMc > PMa (increase after full course vs baseline),Table 3B2
34122321,34054706_C5,verum_post_gt_pre,Left angular gyrus,L,-60.0,-63.0,27.0,MNI,t,3.9827,20,PMc > PMb (increase after full course vs after first session),Table 3B3
34431029,26467429_C1,verum_gt_sham,Right frontal lobe frontal gyrus,R,6.0,54.0,12.0,MNI,t,6.5696,305,increase,Table 1
34431029,26467429_C2,deactivation,Right cerebrum sub-lobar,R,18.0,0.0,0.0,MNI,t,4.3743,112,decrease,Table 1
34431029,26467429_C2,deactivation,Left limbic lobe,L,-12.0,-33.0,36.0,MNI,t,-4.104,87,decrease,Table 1
34431029,26467429_C3,verum_gt_sham,Left medial frontal gyrus,L,-9.0,60.0,12.0,MNI,t,5.6462,331,increase,Table 1
34431029,26467429_C4,deactivation,Right parietal lobe and precuneus,R,3.0,-78.0,42.0,MNI,t,-3.3641,91,decrease,Table 1
34431029,26467429_C4,deactivation,Left occipital lobe lingual gyrus,L,-3.0,-84.0,-15.0,MNI,t,-3.8456,165,decrease,Table 1
34431029,26467429_C5,verum_post_gt_pre,Left cerebellum posterior lobe,R,42.0,-72.0,-45.0,MNI,t,4.1072,88,increase,Table 2
34431029,26467429_C5,verum_post_gt_pre,Left middle frontal gyrus,L,-33.0,45.0,21.0,MNI,t,4.437,109,increase,Table 2
34431029,26467429_C6,verum_post_gt_pre,Left temporal lobe fusiform gyrus,L,-45.0,-48.0,-21.0,MNI,t,4.7063,134,increase,Table 2
34431029,26467429_C6,verum_post_gt_pre,Right medial frontal gyrus,R,6.0,54.0,12.0,MNI,t,6.0951,136,increase,Table 2
34431029,26467429_C7,deactivation,Left limbic lobe cingulate gyrus,L,-18.0,-21.0,39.0,MNI,t,-7.4947,152,decrease,Table 2
34431029,26467429_C8,sham_post_gt_pre,Left occipital lobe lingual gyrus,L,-12.0,-75.0,0.0,MNI,t,4.6955,480,increase,Table 3
34431029,26467429_C8,sham_post_gt_pre,Right middle occipital gyrus,R,51.0,-75.0,-12.0,MNI,t,4.4098,87,increase,Table 3
34431029,26467429_C8,sham_post_gt_pre,Right parietal lobe postcentral gyrus,R,48.0,-30.0,54.0,MNI,t,5.9415,367,increase,Table 3
34431029,26467429_C9,deactivation,Right superior frontal gyrus,R,24.0,48.0,3.0,MNI,t,-3.9934,126,decrease,Table 3
34431029,26467429_C9,deactivation,Right middle temporal gyrus,L,-45.0,-75.0,12.0,MNI,t,-4.0215,102,decrease,Table 3
34431029,26467429_C9,deactivation,Right limbic lobe posterior cingulate,R,3.0,-63.0,9.0,MNI,t,-4.1024,249,decrease,Table 3
34431029,26467429_C10,sham_post_gt_pre,Right occipital lobe cuneus,R,24.0,-54.0,3.0,MNI,t,4.1131,85,increase,Table 3
34431029,26467429_C11,deactivation,Left cerebellum posterior lobe pyramis,L,-9.0,-75.0,-33.0,MNI,t,-4.7741,122,decrease,Table 3
34431029,26467429_C11,deactivation,Left cerebellum anterior lobe culmen,midline,0.0,-60.0,-12.0,MNI,t,-4.9814,107,decrease,Table 3
34431029,26467429_C11,deactivation,Right medial frontal gyrus,R,15.0,54.0,3.0,MNI,t,-3.936,90,decrease,Table 3
34431029,26467429_C11,deactivation,Left middle temporal gyrus,L,-36.0,-72.0,27.0,MNI,t,-5.4515,205,decrease,Table 3
34431029,26467429_C11,deactivation,Left limbic lobe cingulate gyrus,L,-6.0,-45.0,27.0,MNI,t,-5.1418,402,decrease,Table 3
34431029,26467429_C12,verum_gt_sham,Left cerebellum posterior lobe,R,42.0,-72.0,-45.0,MNI,t,4.1072,88,increase,Table 4
34431029,26467429_C12,verum_gt_sham,Left middle frontal gyrus,L,-33.0,45.0,21.0,MNI,t,4.437,109,increase,Table 4
34431029,26467429_C12,verum_gt_sham,Right superior frontal gyrus,R,24.0,48.0,3.0,MNI,t,3.9934,126,increase,Table 4
34431029,26467429_C12,verum_gt_sham,Left middle temporal gyrus,L,-45.0,-75.0,12.0,MNI,t,4.0215,102,increase,Table 4
34431029,26467429_C12,verum_gt_sham,Right limbic lobe posterior cingulate,R,3.0,-63.0,9.0,MNI,t,4.1024,249,increase,Table 4
34431029,26467429_C13,deactivation,Left cerebrum occipital lobe lingual gyrus,L,-12.0,-75.0,0.0,MNI,t,-4.6955,480,decrease,Table 4
34431029,26467429_C13,deactivation,Right middle occipital gyrus,R,51.0,-75.0,12.0,MNI,t,-4.4098,87,decrease,Table 4
34431029,26467429_C13,deactivation,Right parietal lobe postcentral gyrus,R,48.0,-30.0,54.0,MNI,t,-5.9415,367,decrease,Table 4
34431029,26467429_C14,verum_gt_sham,Left cerebellum posterior lobe pyramis,L,-9.0,-75.0,-33.0,MNI,t,4.7741,122,increase,Table 4
34431029,26467429_C14,verum_gt_sham,Left temporal lobe fusiform gyrus,L,-45.0,-48.0,-21.0,MNI,t,4.7063,134,increase,Table 4
34431029,26467429_C14,verum_gt_sham,Left cerebellum anterior lobe,midline,0.0,-60.0,-12.0,MNI,t,4.9814,107,increase,Table 4
34431029,26467429_C14,verum_gt_sham,Right medial frontal gyrus,R,3.0,60.0,12.0,MNI,t,6.5767,218,increase,Table 4
34431029,26467429_C14,verum_gt_sham,Left middle temporal gyrus,L,-36.0,-72.0,27.0,MNI,t,5.4515,205,increase,Table 4
34431029,26467429_C14,verum_gt_sham,Left limbic lobecingulate gyrus,L,-6.0,-45.0,27.0,MNI,t,5.1418,402,increase,Table 4
34431029,26467429_C15,deactivation,Right occipital lobe cuneus,R,24.0,-54.0,3.0,MNI,t,-4.1131,85,decrease,Table 4
34431029,26467429_C15,deactivation,Left limbic lobe cingulate gyrus,L,-18.0,-21.0,39.0,MNI,t,-7.4947,152,decrease,Table 4
34483822,34408621_C1,other,Ch1 (left hemisphere),L,-54.0,31.0,27.0,MNI,NR,not_reported,not_reported,,Table 2
34483822,34408621_C1,other,Ch45 (right hemisphere),R,54.0,31.0,27.0,MNI,NR,not_reported,not_reported,,Table 2
34483822,34408621_C1,other,Ch2 (left hemisphere),L,-59.0,8.0,39.0,MNI,NR,not_reported,not_reported,,Table 2
34483822,34408621_C1,other,Ch46 (right hemisphere),R,59.0,8.0,39.0,MNI,NR,not_reported,not_reported,,Table 2
34483822,34408621_C1,other,Ch3 (left hemisphere),L,-46.0,22.0,44.0,MNI,NR,not_reported,not_reported,,Table 2
34483822,34408621_C1,other,Ch44 (right hemisphere),R,46.0,22.0,44.0,MNI,NR,not_reported,not_reported,,Table 2
34483822,34408621_C1,other,Ch4 (left hemisphere),L,-60.0,-16.0,44.0,MNI,NR,not_reported,not_reported,,Table 2
34483822,34408621_C1,other,Ch48 (right hemisphere),R,60.0,-16.0,44.0,MNI,NR,not_reported,not_reported,,Table 2
34483822,34408621_C1,other,Ch5 (left hemisphere),L,-54.0,-31.0,55.0,MNI,NR,not_reported,not_reported,,Table 2
34483822,34408621_C1,other,Ch47 (right hemisphere),R,54.0,-31.0,55.0,MNI,NR,not_reported,not_reported,,Table 2
34483822,34408621_C1,other,Ch6 (left hemisphere),L,-47.0,42.0,25.0,MNI,NR,not_reported,not_reported,,Table 2
34483822,34408621_C1,other,Ch39 (right hemisphere),R,47.0,42.0,25.0,MNI,NR,not_reported,not_reported,,Table 2
34483822,34408621_C1,other,Ch7 (left hemisphere),L,-43.0,55.0,25.0,MNI,NR,not_reported,not_reported,,Table 2
34483822,34408621_C1,other,Ch37 (right hemisphere),R,43.0,55.0,25.0,MNI,NR,not_reported,not_reported,,Table 2
34483822,34408621_C1,other,Ch8 (left hemisphere),L,-41.0,35.0,45.0,MNI,NR,not_reported,not_reported,,Table 2
34483822,34408621_C1,other,Ch38 (right hemisphere),R,41.0,35.0,45.0,MNI,NR,not_reported,not_reported,,Table 2
34483822,34408621_C1,other,Ch9 (left hemisphere),L,-31.0,44.0,43.0,MNI,NR,not_reported,not_reported,,Table 2
34483822,34408621_C1,other,Ch36 (right hemisphere),R,31.0,44.0,43.0,MNI,NR,not_reported,not_reported,,Table 2
34483822,34408621_C1,other,Ch10 (left hemisphere),L,-54.0,-3.0,51.0,MNI,NR,not_reported,not_reported,,Table 2
34483822,34408621_C1,other,Ch43 (right hemisphere),R,54.0,-3.0,51.0,MNI,NR,not_reported,not_reported,,Table 2
34483822,34408621_C1,other,Ch11 (left hemisphere),L,-44.0,13.0,58.0,MNI,NR,not_reported,not_reported,,Table 2
34483822,34408621_C1,other,Ch41 (right hemisphere),R,44.0,13.0,58.0,MNI,NR,not_reported,not_reported,,Table 2
34483822,34408621_C1,other,Ch12 (left hemisphere),L,-45.0,-16.0,62.0,MNI,NR,not_reported,not_reported,,Table 2
34483822,34408621_C1,other,Ch42 (right hemisphere),R,45.0,-16.0,62.0,MNI,NR,not_reported,not_reported,,Table 2
34483822,34408621_C1,other,Ch13 (left hemisphere),L,-32.0,-3.0,62.0,MNI,NR,not_reported,not_reported,,Table 2
34483822,34408621_C1,other,Ch40 (right hemisphere),R,32.0,-3.0,62.0,MNI,NR,not_reported,not_reported,,Table 2
34483822,34408621_C1,other,Ch14 (left hemisphere),L,-32.0,60.0,19.0,MNI,NR,not_reported,not_reported,,Table 2
34483822,34408621_C1,other,Ch29 (right hemisphere),R,32.0,60.0,19.0,MNI,NR,not_reported,not_reported,,Table 2
34483822,34408621_C1,other,Ch15 (left hemisphere),L,-23.0,55.0,39.0,MNI,NR,not_reported,not_reported,,Table 2
34483822,34408621_C1,other,Ch28 (right hemisphere),R,23.0,55.0,39.0,MNI,NR,not_reported,not_reported,,Table 2
34483822,34408621_C1,other,Ch16 (left hemisphere),L,-14.0,67.0,30.0,MNI,NR,not_reported,not_reported,,Table 2
34483822,34408621_C1,other,Ch27 (right hemisphere),R,14.0,67.0,30.0,MNI,NR,not_reported,not_reported,,Table 2
34483822,34408621_C1,other,Ch17 (left hemisphere),L,-29.0,26.0,60.0,MNI,NR,not_reported,not_reported,,Table 2
34483822,34408621_C1,other,Ch33 (right hemisphere),R,29.0,26.0,60.0,MNI,NR,not_reported,not_reported,,Table 2
34483822,34408621_C1,other,Ch18 (left hemisphere),L,-21.0,36.0,58.0,MNI,NR,not_reported,not_reported,,Table 2
34483822,34408621_C1,other,Ch31 (right hemisphere),R,21.0,36.0,58.0,MNI,NR,not_reported,not_reported,,Table 2
34483822,34408621_C1,other,Ch19 (left hemisphere),L,-24.0,13.0,71.0,MNI,NR,not_reported,not_reported,,Table 2
34483822,34408621_C1,other,Ch32 (right hemisphere),R,24.0,13.0,71.0,MNI,NR,not_reported,not_reported,,Table 2
34483822,34408621_C1,other,Ch20 (left hemisphere),L,-5.0,24.0,67.0,MNI,NR,not_reported,not_reported,,Table 2
34483822,34408621_C1,other,Ch30 (right hemisphere),R,5.0,24.0,67.0,MNI,NR,not_reported,not_reported,,Table 2
34483822,34408621_C1,other,Ch21 (left hemisphere),L,-34.0,-29.0,71.0,MNI,NR,not_reported,not_reported,,Table 2
34483822,34408621_C1,other,Ch35 (right hemisphere),R,34.0,-29.0,71.0,MNI,NR,not_reported,not_reported,,Table 2
34483822,34408621_C1,other,Ch22 (left hemisphere),L,-26.0,-16.0,79.0,MNI,NR,not_reported,not_reported,,Table 2
34483822,34408621_C1,other,Ch34 (right hemisphere),R,26.0,-16.0,79.0,MNI,NR,not_reported,not_reported,,Table 2
34483822,34408621_C1,other,Ch23 (left hemisphere),L,-10.0,49.0,53.0,MNI,NR,not_reported,not_reported,,Table 2
34483822,34408621_C1,other,Ch26 (right hemisphere),R,10.0,49.0,53.0,MNI,NR,not_reported,not_reported,,Table 2
34483822,34408621_C1,other,Ch24 (midline),midline,2.0,50.0,34.0,MNI,NR,not_reported,not_reported,,Table 2
34483822,34408621_C1,other,Ch25 (midline),R,3.0,32.0,54.0,MNI,NR,not_reported,not_reported,,Table 2
34671239,C1_baseline_ALFF_SDS_corr,correlation_clinical,Precuneus,R,24.0,-70.0,53.0,Talairach,Peak t value,7.03,48 voxels,"Positive correlation with SDS (r = 0.33, p < 0.05)",table
34671239,C2_baseline_ALFF_VAS_corr,correlation_clinical,Middle temporal gyrus,R,59.0,-58.0,6.0,Talairach,Peak t value,-5.93,145 voxels,"Negative correlation with VAS (r = 0.29, p < 0.05)",table
34671239,C3_TA_post_pre_ALFF_increase,verum_post_gt_pre,Middle frontal gyrus,R,33.0,34.0,35.0,Talairach,Peak t value,3.75,28 voxels,Increase,table
34671239,C4_TA_post_pre_ALFF_decrease,deactivation,Anterior cingulate,L,-3.0,18.0,18.0,Talairach,Peak t value,-4.84,23 voxels,Decrease,table
34671239,C4_TA_post_pre_ALFF_decrease,deactivation,Inferior frontal gyrus,R,36.0,21.0,-1.0,Talairach,Peak t value,-3.98,78 voxels,Decrease,table
34671239,C5_TA_post_pre_ReHo_increase,verum_post_gt_pre,Superior frontal gyrus,R,15.0,-11.0,64.0,Talairach,Peak t value,4.67,23 voxels,Increase,table
34671239,C5_TA_post_pre_ReHo_increase,verum_post_gt_pre,Cuneus,L,0.0,-93.0,13.0,Talairach,Peak t value,6.62,21 voxels,Increase,table
34671239,C5_TA_post_pre_ReHo_increase,verum_post_gt_pre,Middle frontal gyrus,R,21.0,33.0,45.0,Talairach,Peak t value,3.47,26 voxels,Increase,table
34671239,C6_TA_post_pre_ReHo_decrease,deactivation,Superior temporal gyrus,R,48.0,-25.0,15.0,Talairach,Peak t value,-3.25,57 voxels,Decrease,table
34671239,C7_SA_post_pre_ALFF_increase,sham_post_gt_pre,Lingual gyrus,R,9.0,-79.0,-4.0,Talairach,Peak t value,4.22,24 voxels,Increase,table
34671239,C7_SA_post_pre_ALFF_increase,sham_post_gt_pre,Insula,L,-39.0,-14.0,17.0,Talairach,Peak t value,3.15,81 voxels,Increase,table
34671239,C8_SA_post_pre_ReHo_increase,sham_post_gt_pre,Insula,L,-29.0,9.0,-16.0,Talairach,Peak t value,3.70,29 voxels,Increase,table
34671239,34616269_C1,correlation_clinical,Precuneus,R,24.0,-70.0,53.0,TAL,t,7.03,48,correlation with clinical variables at baseline,Table 5
34671239,34616269_C1,correlation_clinical,Middle temporal gyrus,R,59.0,-58.0,6.0,TAL,t,-5.93,145,correlation with clinical variables at baseline,Table 5
34671239,34616269_C2,verum_post_gt_pre,Middle frontal gyrus,R,33.0,34.0,35.0,TAL,t,3.75,28,post minus pre,Table 6
34671239,34616269_C2,verum_post_gt_pre,Anterior cingulate,L,-3.0,18.0,18.0,TAL,t,-4.84,23,post minus pre,Table 6
34671239,34616269_C2,verum_post_gt_pre,Inferior frontal gyrus,R,36.0,21.0,-1.0,TAL,t,-3.98,78,post minus pre,Table 6
34671239,34616269_C3,verum_post_gt_pre,Superior frontal gyrus,R,15.0,-11.0,64.0,TAL,t,4.67,23,post minus pre,Table 6
34671239,34616269_C3,verum_post_gt_pre,Cuneus,midline,0.0,-93.0,13.0,TAL,t,6.62,21,post minus pre,Table 6
34671239,34616269_C3,verum_post_gt_pre,Middle frontal gyrus,R,21.0,33.0,45.0,TAL,t,3.47,26,post minus pre,Table 6
34671239,34616269_C3,verum_post_gt_pre,Superior temporal gyrus,R,48.0,-25.0,15.0,TAL,t,-3.25,57,post minus pre,Table 6
34671239,34616269_C4,sham_post_gt_pre,Lingual gyrus,R,9.0,-79.0,-4.0,TAL,t,4.22,24,post minus pre,Table 7
34671239,34616269_C4,sham_post_gt_pre,Insula,L,-39.0,-14.0,17.0,TAL,t,3.15,81,post minus pre,Table 7
34671239,34616269_C5,sham_post_gt_pre,Insula,L,-29.0,9.0,-16.0,TAL,t,3.7,29,post minus pre,Table 7
34671239,34616274_C2,verum_post_gt_pre,Middle frontal gyrus,R,33.0,34.0,35.0,TAL,t,3.75,28,post minus pre,Table 6
34671239,34616274_C2,verum_post_gt_pre,Anterior cingulate,L,-3.0,18.0,18.0,TAL,t,-4.84,23,post minus pre,Table 6
34671239,34616274_C2,verum_post_gt_pre,Inferior frontal gyrus,R,36.0,21.0,-1.0,TAL,t,-3.98,78,post minus pre,Table 6
34671239,19501656_SR_C1,sham_post_gt_pre,Right Lingual Gyrus,R,9.0,-79.0,-4.0,TAL,t,4.22,24,activation,Table 7
34671239,19501656_SR_C1,sham_post_gt_pre,Left Insula,L,-39.0,-14.0,17.0,TAL,t,3.15,81,activation,Table 7
34671239,19501656_SR_C2,sham_post_gt_pre,Left Insula,L,-29.0,9.0,-16.0,TAL,t,3.7,29,activation,Table 7
34949986,con_norm1_AAS_TSA,verum_gt_sham,mPFC,not_reported,-6.0,54.0,-21.0,MNI,t-value,4.99,"1,222",increase,table
34949986,con_norm1_AAS_TSA,verum_gt_sham,"Cerebellum, PCC, parahippocampus",not_reported,3.0,-39.0,-15.0,MNI,t-value,-5.48,655,decrease,table
34949986,con_norm1_AAS_TSA,verum_gt_sham,Right insula,right,39.0,-6.0,21.0,MNI,t-value,-5.31,421,decrease,table
34949986,con_norm2_AAS_TSA,verum_gt_sham,mPFC,not_reported,-6.0,54.0,-21.0,MNI,t-value,5.21,"1,199",increase,table
34949986,con_norm2_AAS_TSA,verum_gt_sham,Right superior temporal gyrus,right,60.0,9.0,-6.0,MNI,t-value,4.88,231,increase,table
34949986,con_norm2_AAS_TSA,verum_gt_sham,"Cerebellum, PCC, parahippocampus",not_reported,3.0,-39.0,-15.0,MNI,t-value,-5.71,572,decrease,table
34949986,con_norm2_AAS_TSA,verum_gt_sham,"Right insula, precentral gyrus, postcentral gyrus, amygdala",right,39.0,-6.0,21.0,MNI,t-value,-5.35,346,decrease,table
34949986,con_slow5_AAS_TSA,verum_gt_sham,mPFC,not_reported,-30.0,66.0,0.0,MNI,t-value,5.06,"1,009",increase,table
34949986,con_slow5_AAS_TSA,verum_gt_sham,"Cerebellum, PCC, parahippocampus",not_reported,21.0,-33.0,-27.0,MNI,t-value,-5.06,288,decrease,table
34949986,con_slow4_AAS_TSA,verum_gt_sham,mPFC,not_reported,-6.0,54.0,-21.0,MNI,t-value,5.12,890,increase,table
34949986,con_slow4_AAS_TSA,verum_gt_sham,Right superior temporal gyrus,right,57.0,9.0,-9.0,MNI,t-value,5.19,258,increase,table
34949986,con_slow4_AAS_TSA,verum_gt_sham,"Cerebellum, PCC, parahippocampus",not_reported,3.0,-39.0,-15.0,MNI,t-value,-5.44,454,decrease,table
34949986,con_slow4_AAS_TSA,verum_gt_sham,Right insula,right,39.0,-6.0,21.0,MNI,t-value,-4.84,253,decrease,table
34949986,con_slow3_AAS_TSA,verum_gt_sham,"mPFC, Right superior temporal gyrus",not_reported,0.0,39.0,-24.0,MNI,t-value,6.10,"1,622",increase,table
34949986,con_slow3_AAS_TSA,verum_gt_sham,"mPFC, Right superior temporal gyrus",not_reported,9.0,24.0,60.0,MNI,t-value,4.18,301,increase,table
34949986,con_slow3_AAS_TSA,verum_gt_sham,"Cerebellum, PCC, parahippocampus",not_reported,27.0,-39.0,-30.0,MNI,t-value,-4.75,629,decrease,table
34949986,con_slow3_AAS_TSA,verum_gt_sham,"Right insula, precentral gyrus, postcentral gyrus, amygdala",right,51.0,9.0,6.0,MNI,t-value,-4.58,448,decrease,table
34949986,con_slow2_AAS_TSA,verum_gt_sham,"mPFC, Right superior temporal gyrus",not_reported,12.0,36.0,-24.0,MNI,t-value,5.16,"3,327",increase,table
34949986,con_slow2_AAS_TSA,verum_gt_sham,"Cerebellum, PCC, parahippocampus",not_reported,15.0,-36.0,-15.0,MNI,t-value,-5.43,"1,358",decrease,table
34949986,con_slow2_AAS_TSA,verum_gt_sham,"Right insula, precentral gyrus, postcentral gyrus, amygdala",right,45.0,0.0,3.0,MNI,t-value,-5.12,764,decrease,table
34949986,con_slow2_AAS_TSA,verum_gt_sham,"Left insula, precentral gyrus, amygdala",left,-45.0,-18.0,3.0,MNI,t-value,-4.68,439,decrease,table
34949986,con_corr_slow5_cerebellum_VAS,correlation_clinical,cerebellum/PCC,not_reported,0.0,-42.0,-15.0,MNI,Pearson r,r = 0.65 (VAS after AAS); r = -0.53 (change in VAS),not_reported,positive correlation with VAS score after AAS; negative correlation with change in VAS between treatments,text
34949986,con_corr_slow3_cerebellum_VAS,correlation_clinical,cerebellum/PCC,not_reported,0.0,-42.0,-15.0,MNI,Pearson r,r = 0.48,not_reported,positive correlation with VAS score after AAS,text
34949986,con_corr_norm2_insula_VAS,correlation_clinical,right insula,right,39.0,6.0,-21.0,MNI,Pearson r,r = -0.48,not_reported,negative correlation with changes in VAS score after AAS,text
34949986,con_corr_slow4_insula_VAS,correlation_clinical,right insula,right,39.0,6.0,-21.0,MNI,Pearson r,r = -0.48,not_reported,negative correlation with changes in VAS score after AAS,text
34949986,34867142_C1,verum_gt_sham,mPFC,L,-6.0,54.0,-21.0,MNI,t,4.99,1222,AAS > TSA and AAS < TSA,Table 2
34949986,34867142_C1,verum_gt_sham,"Cerebellum, PCC, parahippocampus",R,3.0,-39.0,-15.0,MNI,t,-5.48,655,AAS > TSA and AAS < TSA,Table 2
34949986,34867142_C1,verum_gt_sham,Right insula,R,39.0,-6.0,21.0,MNI,t,-5.31,421,AAS > TSA and AAS < TSA,Table 2
34949986,34867142_C2,verum_gt_sham,mPFC,L,-6.0,54.0,-21.0,MNI,t,5.21,1199,AAS > TSA and AAS < TSA,Table 2
34949986,34867142_C2,verum_gt_sham,Right superior temporal gyrus,R,60.0,9.0,-6.0,MNI,t,4.88,231,AAS > TSA and AAS < TSA,Table 2
34949986,34867142_C2,verum_gt_sham,"Cerebellum, PCC, parahippocampus",R,3.0,-39.0,-15.0,MNI,t,-5.71,572,AAS > TSA and AAS < TSA,Table 2
34949986,34867142_C2,verum_gt_sham,"Right insula, precentral gyrus, postcentral gyrus, amygdala",R,39.0,-6.0,21.0,MNI,t,-5.35,346,AAS > TSA and AAS < TSA,Table 2
34949986,34867142_C3,verum_gt_sham,mPFC,L,-30.0,66.0,0.0,MNI,t,5.06,1009,AAS > TSA and AAS < TSA,Table 2
34949986,34867142_C3,verum_gt_sham,"Cerebellum, PCC, parahippocampus",R,21.0,-33.0,-27.0,MNI,t,-5.06,288,AAS > TSA and AAS < TSA,Table 2
34949986,34867142_C4,verum_gt_sham,mPFC,L,-6.0,54.0,-21.0,MNI,t,5.12,890,AAS > TSA and AAS < TSA,Table 2
34949986,34867142_C4,verum_gt_sham,Right superior temporal gyrus,R,57.0,9.0,-9.0,MNI,t,5.19,258,AAS > TSA and AAS < TSA,Table 2
34949986,34867142_C4,verum_gt_sham,"Cerebellum, PCC, parahippocampus",R,3.0,-39.0,-15.0,MNI,t,-5.44,454,AAS > TSA and AAS < TSA,Table 2
34949986,34867142_C4,verum_gt_sham,Right insula,R,39.0,-6.0,21.0,MNI,t,-4.84,253,AAS > TSA and AAS < TSA,Table 2
34949986,34867142_C5,verum_gt_sham,"mPFC, Right superior temporal gyrus",midline,0.0,39.0,-24.0,MNI,t,6.1,1622,AAS > TSA and AAS < TSA,Table 2
34949986,34867142_C5,verum_gt_sham,"mPFC, Right superior temporal gyrus",R,9.0,24.0,60.0,MNI,t,4.18,301,AAS > TSA and AAS < TSA,Table 2
34949986,34867142_C5,verum_gt_sham,"Cerebellum, PCC, parahippocampus",R,27.0,-39.0,-30.0,MNI,t,-4.75,629,AAS > TSA and AAS < TSA,Table 2
34949986,34867142_C5,verum_gt_sham,"Right insula, precentral gyrus, postcentral gyrus, amygdala",R,51.0,9.0,6.0,MNI,t,-4.58,448,AAS > TSA and AAS < TSA,Table 2
34949986,34867142_C6,verum_gt_sham,"mPFC, Right superior temporal gyrus",R,12.0,36.0,-24.0,MNI,t,5.16,3327,AAS > TSA and AAS < TSA,Table 2
34949986,34867142_C6,verum_gt_sham,"Cerebellum, PCC, parahippocampus",R,15.0,-36.0,-15.0,MNI,t,-5.43,1358,AAS > TSA and AAS < TSA,Table 2
34949986,34867142_C6,verum_gt_sham,"Right insula, precentral gyrus, postcentral gyrus, amygdala",R,45.0,0.0,3.0,MNI,t,-5.12,764,AAS > TSA and AAS < TSA,Table 2
34949986,34867142_C6,verum_gt_sham,"Left insula, precentral gyrus, amygdala",L,-45.0,-18.0,3.0,MNI,t,-4.68,439,AAS > TSA and AAS < TSA,Table 2
35048524,con1_cnsp_pre_vs_hc_decreased,group_comparison,mSFG,L,-10.0,20.0,36.0,MNI,not_reported,not_reported,178 voxels,decreased,table
35048524,con1_cnsp_pre_vs_hc_decreased,group_comparison,pIns,L,-40.0,-18.0,0.0,MNI,not_reported,not_reported,92 voxels,decreased,table
35048524,con1_cnsp_pre_vs_hc_decreased,group_comparison,pIns,R,36.0,-22.0,0.0,MNI,not_reported,not_reported,66 voxels,decreased,table
35048524,con1_cnsp_pre_vs_hc_decreased,group_comparison,pgCG,L,-4.0,48.0,12.0,MNI,not_reported,not_reported,84 voxels,decreased,table
35048524,con1_cnsp_pre_vs_hc_decreased,group_comparison,cCG,L,-1.0,-8.0,34.0,MNI,not_reported,not_reported,72 voxels,decreased,table
35048524,con1_cnsp_pre_vs_hc_decreased,group_comparison,sgCG,L,-4.0,48.0,10.0,MNI,not_reported,not_reported,85 voxels,decreased,table
35048524,con1_cnsp_pre_vs_hc_decreased,group_comparison,vCau,R,16.0,18.0,-2.0,MNI,not_reported,not_reported,90 voxels,decreased,table
35048524,con1_cnsp_pre_vs_hc_decreased,group_comparison,pmThal,R,10.0,-16.0,-4.0,MNI,not_reported,not_reported,54 voxels,decreased,table
35048524,con3_cnsp_post_vs_pre_increased,verum_post_gt_pre,pIns,R,36.0,-22.0,0.0,MNI,not_reported,not_reported,21 voxels,increased,table
35048524,25206815_C1,verum_gt_rest,"Right cerebrum, parietal lobe, precuneus",R,20.0,-78.0,48.0,TAL,t,5.31,not_reported,activation,Table 2
35048524,25206815_C1,verum_gt_rest,"Right cerebrum, parietal lobe, precuneus",R,36.0,-76.0,40.0,TAL,t,5.43,not_reported,activation,Table 2
35048524,25206815_C1,verum_gt_rest,"Right cerebrum, temporal lobe, superior temporal gyrus",R,58.0,-56.0,22.0,TAL,t,4.42,not_reported,activation,Table 2
35048524,25206815_C1,verum_gt_rest,"Right cerebrum, temporal lobe, middle temporal gyrus",R,50.0,-72.0,28.0,TAL,t,4.28,not_reported,activation,Table 2
35048524,25206815_C1,verum_gt_rest,"Right cerebrum, temporal lobe, middle temporal gyrus",R,56.0,-66.0,26.0,TAL,t,3.85,not_reported,activation,Table 2
35048524,25206815_C1,verum_gt_rest,"Right cerebrum, limbic lobe, posterior cingulate",R,6.0,-42.0,24.0,TAL,t,4.06,not_reported,activation,Table 2
35048524,25206815_C1,verum_gt_rest,"Left cerebrum, occipital lobe, cuneus",midline,0.0,-82.0,28.0,TAL,t,4.15,not_reported,activation,Table 2
35048524,25206815_C1,verum_gt_rest,"Right cerebrum, occipital lobe, cuneus",midline,2.0,-74.0,18.0,TAL,t,3.46,not_reported,activation,Table 2
35048524,25206815_C2,deactivation,"Right cerebrum, frontal lobe, inferior frontal gyrus",R,54.0,22.0,18.0,TAL,t,4.94,not_reported,deactivation,Table 3
35048524,25206815_C2,deactivation,"Right cerebrum, frontal lobe, precentral gyrus",R,62.0,4.0,26.0,TAL,t,4.37,not_reported,deactivation,Table 3
35048524,25206815_C2,deactivation,"Left cerebrum, frontal lobe, paracentral lobule",midline,0.0,-28.0,64.0,TAL,t,4.26,not_reported,deactivation,Table 3
35048524,25206815_C2,deactivation,"Right cerebrum, parietal lobe, postcentral gyrus",R,54.0,-18.0,50.0,TAL,t,4.26,not_reported,deactivation,Table 3
35048524,25206815_C2,deactivation,"Right cerebrum, frontal lobe, precentral gyrus",R,58.0,-10.0,40.0,TAL,t,4.22,not_reported,deactivation,Table 3
35048524,25206815_C2,deactivation,"Right cerebrum, frontal lobe, precentral gyrus",R,50.0,-12.0,44.0,TAL,t,4.1,not_reported,deactivation,Table 3
35048524,25206815_C2,deactivation,"Right cerebrum, parietal lobe, postcentral gyrus",R,30.0,-38.0,68.0,TAL,t,3.97,not_reported,deactivation,Table 3
35048524,25206815_C2,deactivation,"Right cerebrum, frontal lobe, precentral gyrus",R,40.0,-20.0,60.0,TAL,t,3.78,not_reported,deactivation,Table 3
35048524,25206815_C2,deactivation,"Right cerebrum, frontal lobe, inferior frontal gyrus",R,60.0,12.0,22.0,TAL,t,3.57,not_reported,deactivation,Table 3
35048524,25206815_C2,deactivation,"Left cerebrum, temporal lobe, middle temporal gyrus",L,-44.0,8.0,-34.0,TAL,t,3.54,not_reported,deactivation,Table 3
35048524,25206815_C3,sham_gt_rest,"Right cerebrum, parietal lobe, precuneus",R,6.0,-74.0,40.0,TAL,t,4.52,not_reported,activation,Table 4
35048524,25206815_C4,deactivation,"Left cerebrum, frontal lobe, superior frontal gyrus",L,-20.0,60.0,16.0,TAL,t,3.73,not_reported,deactivation,Table 4
35048524,25206815_C5,deactivation,"Right cerebrum, parietal lobe, postcentral gyrus",R,28.0,-40.0,66.0,TAL,t,4.8,not_reported,deactivation,Table 5
35096130,contrast_01,deactivation,Precuneus; Posterior gyrus (cluster also includes central posterior gyrus and superior parietal lobule),Left,-27.0,-66.0,48.0,MNI,Peak t,-5.3196,456,Decrease (After acupuncture < before acupuncture),table
35096130,contrast_01,deactivation,"Calcarine; Lingual gyrus (cluster also includes lingual gyrus, middle occipital gyrus, and inferior occipital gyrus)",Bilateral (Calcarine bilateral; Lingual gyrus Left),0.0,-93.0,0.0,MNI,Peak t,-5.7168,327,Decrease (After acupuncture < before acupuncture),table
35096130,contrast_01,deactivation,Cerebellum,Bilateral,-6.0,-72.0,-18.0,MNI,Peak t,-5.4967,357,Decrease (After acupuncture < before acupuncture),table
35115998,con_PAG_KOA_vs_HC_post,group_comparison,Right Lingual Gyrus,Right,4.0,-64.0,-2.0,MNI,Z Value,-4.16,42,KOA < HC,table
35115998,con_DRPN_KOA_vs_HC_post,group_comparison,Right Putamen,Right,26.0,0.0,6.0,MNI,Z Value,4.97,91,KOA > HC,table
35115998,con_MRPN_KOA_vs_HC_post,group_comparison,Right Cerebellum,Right,16.0,-72.0,-35.0,MNI,Z Value,-4.65,41,KOA < HC,table
35115998,35046893_C1,group_comparison,Right Lingual Gyrus,R,4.0,-64.0,-2.0,MNI,Z,-4.16,42,KOA < HC (lower FC in KOA),Table 1
35115998,35046893_C2,group_comparison,Right Putamen,R,26.0,0.0,6.0,MNI,Z,4.97,91,KOA > HC (higher FC in KOA),Table 1
35115998,35046893_C3,group_comparison,Right Cerebellum,R,16.0,-72.0,-35.0,MNI,Z,-4.65,41,KOA < HC (lower FC in KOA),Table 1
35464313,contrast_all_fd_faLFF_post_vs_pre,verum_post_gt_pre,Cerebelum_Crus2,L,-15.0,-90.0,-33.0,MNI,T value,3.62,57,increase (↑),table
35464313,contrast_all_fd_faLFF_post_vs_pre,verum_post_gt_pre,Frontal_Mid,R,39.0,21.0,51.0,MNI,T value,3.30,54,increase (↑),table
35464313,contrast_all_fd_faLFF_post_vs_pre,verum_post_gt_pre,Frontal_Sup_Medial,R,9.0,48.0,48.0,MNI,T value,4.01,59,increase (↑),table
35464313,contrast_all_fd_faLFF_post_vs_pre,verum_post_gt_pre,Frontal_Sup_Medial,R,12.0,63.0,12.0,MNI,T value,3.91,85,increase (↑),table
35464313,contrast_all_fd_faLFF_post_vs_pre,verum_post_gt_pre,Heschl,L,-45.0,-12.0,12.0,MNI,T value,-4.80,51,decrease (↓),table
35464313,contrast_all_fd_faLFF_post_vs_pre,verum_post_gt_pre,Cingulum_Mid,R,6.0,-15.0,51.0,MNI,T value,-3.92,134,decrease (↓),table
35464313,contrast_higher_faLFF_post_vs_pre,verum_post_gt_pre,Frontal_Sup_Medial,R,9.0,48.0,48.0,MNI,T value,4.10,61,increase (↑),table
35464313,contrast_higher_faLFF_post_vs_pre,verum_post_gt_pre,Caudate,L,-15.0,-6.0,18.0,MNI,T value,3.95,63,increase (↑),table
35464313,contrast_higher_faLFF_post_vs_pre,verum_post_gt_pre,Cingulum_Ant,L,0.0,18.0,24.0,MNI,T value,-3.50,72,decrease (↓),table
35464313,contrast_higher_faLFF_post_vs_pre,verum_post_gt_pre,Rectus,L,-12.0,21.0,-15.0,MNI,T value,-3.30,70,decrease (↓),table
35464313,contrast_higher_faLFF_post_vs_pre,verum_post_gt_pre,Lingual,R,12.0,-54.0,-6.0,MNI,T value,-3.15,79,decrease (↓),table
35464313,contrast_lower_faLFF_post_vs_pre,verum_post_gt_pre,Temporal_Inf,R,48.0,-69.0,-6.0,MNI,T value,3.87,73,increase (↑),table
35464313,contrast_lower_faLFF_post_vs_pre,verum_post_gt_pre,Occipital_Inf,L,-42.0,-84.0,-12.0,MNI,T value,3.51,53,increase (↑),table
35464313,contrast_lower_faLFF_post_vs_pre,verum_post_gt_pre,Cerebelum_Crus2,R,42.0,-75.0,-39.0,MNI,T value,-4.08,76,decrease (↓),table
35464313,contrast_lower_faLFF_post_vs_pre,verum_post_gt_pre,Cerebelum_Crus1,R,6.0,-78.0,-21.0,MNI,T value,-3.06,68,decrease (↓),table
35464313,contrast_lower_faLFF_post_vs_pre,verum_post_gt_pre,Pallidum,L,-18.0,3.0,6.0,MNI,T value,-3.40,71,decrease (↓),table
35464313,contrast_higher_rsfc_mpfc,verum_post_gt_pre,Temporal_Mid,L,-63.0,-30.0,12.0,MNI,T value,-4.01,176,decrease (↓),table
35464313,contrast_higher_rsfc_mpfc,verum_post_gt_pre,Cerebelum_Crus1,R,45.0,-81.0,-33.0,MNI,T value,-3.75,103,decrease (↓),table
35464313,contrast_higher_rsfc_mpfc,verum_post_gt_pre,Cingulum_Ant,L,0.0,45.0,12.0,MNI,T value,-4.45,409,decrease (↓),table
35464313,contrast_higher_rsfc_mpfc,verum_post_gt_pre,Cingulum_Mid/Cingulum_Post,R,3.0,-18.0,33.0,MNI,T value,-5.03,379,decrease (↓),table
35464313,contrast_higher_rsfc_mpfc,verum_post_gt_pre,Angular,L/R,60.0,-57.0,30.0,MNI,T value,-4.79,187,decrease (↓),table
35464313,contrast_lower_rsfc_mpfc,verum_post_gt_pre,Occipital_Mid,R,33.0,-69.0,30.0,MNI,T value,4.09,151,increase (↑),table
35464313,contrast_lower_rsfc_mpfc,verum_post_gt_pre,Frontal_Mid_Orb,R,30.0,45.0,0.0,MNI,T value,3.995,78,increase (↑),table
35464313,contrast_between_group_rsfc_mpfc,group_comparison,Cerebelum_Crus2,L,-36.0,-72.0,-45.0,MNI,T value,-4.09,94,decrease (↓),table
35464313,contrast_between_group_rsfc_mpfc,group_comparison,Temporal_Inf,L,-57.0,-9.0,-27.0,MNI,T value,-3.67,93,decrease (↓),table
35464313,contrast_between_group_rsfc_mpfc,group_comparison,Frontal_Mid_Orb,R,30.0,60.0,-9.0,MNI,T value,-3.79,101,decrease (↓),table
35464313,contrast_between_group_rsfc_mpfc,group_comparison,Frontal_Inf_Tri,L,-42.0,36.0,18.0,MNI,T value,3.76,124,increase (↑),table
35464313,contrast_between_group_rsfc_mpfc,group_comparison,Angular,R,48.0,-60.0,39.0,MNI,T value,-4.45,221,decrease (↓),table
35464313,contrast_between_group_rsfc_mpfc,group_comparison,Cingulum_Post,L,0.0,-36.0,33.0,MNI,T value,-4.12,96,decrease (↓),table
35464313,30034336_C1,verum_gt_sham,Right Fusiform Gyrus,R,33.0,-48.0,-15.0,MNI,t,4.68,100,increase,Table 3
35464313,30034336_C1,verum_gt_sham,"Bilateral Cuneus, Lingual Gyrus, Superior and Middle Occipital Gyri, Fusiform Gyrus",L,-12.0,-90.0,15.0,MNI,t,6.28,1181,increase,Table 3
35464313,30034336_C2,verum_gt_sham,Left Cerebellum Crus1 and 2,L,-36.0,-78.0,-27.0,MNI,t,-3.96,97,decrease,Table 3
35464313,30034336_C3,verum_gt_rest,Bilateral Cuneus,R,3.0,-81.0,36.0,MNI,t,4.12,116,increase,Table 3
35464313,30034336_C4,verum_gt_rest,Left Cerebellum Crus1 and 2,L,-39.0,-84.0,-33.0,MNI,t,-5.3,131,decrease,Table 3
35464313,30034336_C5,sham_gt_rest,Left Insula,L,-27.0,9.0,12.0,MNI,t,4.42,183,increase,Table 3
35464313,30034336_C5,sham_gt_rest,Right Insula,R,42.0,-9.0,12.0,MNI,t,4.65,110,increase,Table 3
35464313,30034336_C6,verum_gt_sham,Left Fusiform Gyrus,L,-24.0,-75.0,-6.0,MNI,t,4.13,144,increase,Table 4
35464313,30034336_C6,verum_gt_sham,Left Middle Occipital Gyrus,L,-39.0,-93.0,-3.0,MNI,t,3.96,127,increase,Table 4
35464313,30034336_C6,verum_gt_sham,Left Cuneus and Superior Occipital Gyrus,L,-15.0,-78.0,36.0,MNI,t,3.98,123,increase,Table 4
35464313,30034336_C6,verum_gt_sham,Right Cuneus and Superior Occipital Gyrus,R,15.0,-84.0,48.0,MNI,t,5.36,89,increase,Table 4
35464313,30034336_C6,verum_gt_sham,Bilateral Supplement Motor Area,R,9.0,15.0,39.0,MNI,t,4.18,108,increase,Table 4
35464313,30034336_C6,verum_gt_sham,Left Precuneus,L,-12.0,-45.0,63.0,MNI,t,5.12,198,increase,Table 4
35464313,30034336_C6,verum_gt_sham,Left Inferior Parietal Lobules,L,-33.0,-48.0,51.0,MNI,t,3.68,91,increase,Table 4
35464313,30034336_C7,verum_gt_sham,Bilateral Cerebellum Crus1 and 2,R,9.0,-93.0,-24.0,MNI,t,-3.99,181,decrease,Table 4
35464313,30034336_C7,verum_gt_sham,Left Middle and Inferior Frontal Gyri,L,-27.0,27.0,-18.0,MNI,t,-5.0,360,decrease,Table 4
35464313,30034336_C7,verum_gt_sham,Bilateral Anterior Cingulate Gyrus,R,15.0,33.0,18.0,MNI,t,-4.57,566,decrease,Table 4
35464313,30034336_C8,verum_gt_rest,Right Cerebellum_4_5,R,3.0,-12.0,-33.0,MNI,t,5.1,264,increase,Table 4
35464313,30034336_C8,verum_gt_rest,"Left Precuneus, Hippocampus and Thalamus",L,-24.0,-51.0,9.0,MNI,t,4.31,189,increase,Table 4
35464313,30034336_C8,verum_gt_rest,Right Hippocampus and Precuneus,R,18.0,-45.0,15.0,MNI,t,4.55,377,increase,Table 4
35464313,30034336_C8,verum_gt_rest,Bilateral Supplement Motor Area,R,6.0,9.0,48.0,MNI,t,5.51,747,increase,Table 4
35464313,30034336_C8,verum_gt_rest,Left Precentral Gyrus,L,-30.0,6.0,30.0,MNI,t,4.29,97,increase,Table 4
35464313,30034336_C8,verum_gt_rest,Left Insula,L,-30.0,18.0,12.0,MNI,t,4.14,141,increase,Table 4
35464313,30034336_C9,verum_gt_rest,Right Rectus and Middle Frontal Gyrus,R,3.0,48.0,-21.0,MNI,t,-4.77,416,decrease,Table 4
35464313,30034336_C9,verum_gt_rest,Left Cerebellum Crus1,L,-27.0,-90.0,-24.0,MNI,t,-4.04,89,decrease,Table 4
35464313,30034336_C9,verum_gt_rest,Right Orbital Inferior Frontal Gyrus,R,42.0,42.0,-15.0,MNI,t,-3.95,95,decrease,Table 4
35464313,30034336_C9,verum_gt_rest,Right Precentral Gyrus,R,54.0,0.0,42.0,MNI,t,-5.47,98,decrease,Table 4
35464313,30034336_C10,sham_gt_rest,Left Insula,L,-27.0,9.0,12.0,MNI,t,4.42,107,increase,Table 4
35464313,30034336_C11,sham_gt_rest,Right Precentral Gyrus,R,51.0,0.0,42.0,MNI,t,-5.7,162,decrease,Table 4
35464313,30034336_C12,verum_gt_sham,Left Cerebellum 4_5 and 6,L,-36.0,-33.0,-27.0,MNI,t,3.95,94,increase,Table 5
35464313,30034336_C13,verum_gt_sham,Right Orbital Inferior Frontal Gyrus,R,27.0,36.0,-12.0,MNI,t,-4.24,217,decrease,Table 5
35464313,30034336_C14,verum_gt_rest,Right Fusiform Gyrus,R,48.0,-36.0,-27.0,MNI,t,4.54,396,increase,Table 5
35464313,30034336_C14,verum_gt_rest,Left Fusiform Gyrus,L,-33.0,-33.0,-27.0,MNI,t,4.82,320,increase,Table 5
35464313,30034336_C14,verum_gt_rest,Right Cerebellum_Crus1,R,33.0,-57.0,0.0,MNI,t,3.25,176,increase,Table 5
35464313,30034336_C14,verum_gt_rest,Left Cerebellum_Crus1,L,-39.0,-66.0,-33.0,MNI,t,2.94,273,increase,Table 5
35464313,30034336_C14,verum_gt_rest,Vermis_4_5 and 6,R,3.0,-57.0,-15.0,MNI,t,3.54,167,increase,Table 5
35464313,30034336_C15,sham_gt_rest,Right Medial Frontal Gyrus,R,15.0,42.0,12.0,MNI,t,3.89,93,increase,Table 5
35464313,30034336_C15,sham_gt_rest,Right Cerebellum_Crus1,R,18.0,-81.0,-27.0,MNI,t,4.38,339,increase,Table 5
35585920,nc_003,deactivation,Angular,right,49.0,-52.0,49.0,MNI,T,-3.74,280,decreased rsFC,table
35585920,nc_003,deactivation,Caudate,right,15.0,9.0,12.0,MNI,T,-4.86,274,decreased rsFC,table
35585920,nc_003,deactivation,Middle frontal gyrus,right,33.0,12.0,48.0,MNI,T,-4.42,245,decreased rsFC,table
35585920,nc_003,deactivation,Cerebellum,left,-36.0,-81.0,-39.0,MNI,T,-5.51,338,decreased rsFC,table
35585920,nc_004,verum_post_gt_pre,Precuneus,left,-10.0,-61.0,42.0,MNI,T,6.70,791,increased rsFC,table
35585920,nc_004,verum_post_gt_pre,Superior frontal gyrus,right,17.0,48.0,35.0,MNI,T,5.00,854,increased rsFC,table
35585920,nc_004,verum_post_gt_pre,Middle frontal gyrus,right,-30.0,30.0,42.0,MNI,T,6.37,307,increased rsFC,table
35585920,35495029_C1,deactivation,Angular,R,49.0,-52.0,49.0,MNI,t,-3.74,280,decreased rsFC,Table 3
35585920,35495029_C1,deactivation,Caudate,R,15.0,9.0,12.0,MNI,t,-4.86,274,decreased rsFC,Table 3
35585920,35495029_C1,deactivation,Middle frontal gyrus,R,33.0,12.0,48.0,MNI,t,-4.42,245,decreased rsFC,Table 3
35585920,35495029_C1,deactivation,Cerebellum,L,-36.0,-81.0,-39.0,MNI,t,-5.51,338,decreased rsFC,Table 3
35585920,35495029_C2,verum_post_gt_pre,Precuneus,L,-10.0,-61.0,42.0,MNI,t,6.7,791,increased rsFC,Table 3
35585920,35495029_C2,verum_post_gt_pre,Superior frontal gyrus,R,17.0,48.0,35.0,MNI,t,5.0,854,increased rsFC,Table 3
35585920,35495029_C2,verum_post_gt_pre,Middle frontal gyrus,L,-30.0,30.0,42.0,MNI,t,6.37,307,increased rsFC,Table 3
35734477,27548054_C1,verum_gt_sham,Superior frontal gyrus,L,-3.0,3.0,63.0,TAL,t,4.7498,122,activation,Table 2
35734477,27548054_C1,verum_gt_sham,"Frontal lobe, sub-gyral, corpus callosum",R,15.0,24.0,21.0,TAL,t,4.6052,849,activation,Table 2
35734477,27548054_C1,verum_gt_sham,"Frontal lobe, sub-gyral",R,21.0,3.0,36.0,TAL,t,3.7494,85,activation,Table 2
35734477,27548054_C2,deactivation,Middle frontal gyrus,R,42.0,54.0,12.0,TAL,t,-3.6715,148,deactivation,Table 2
35734477,27548054_C2,deactivation,"Cerebellum, posterior lobe, pyramis",R,6.0,-90.0,-33.0,TAL,t,3.8422,138,deactivation,Table 2
35734477,27548054_C2,deactivation,"Cerebellum posterior lobe, inferior semi-lunar lobule",R,36.0,-63.0,-54.0,TAL,t,-3.5093,248,deactivation,Table 2
35734477,27548054_C3,verum_gt_sham,Superior parietal lobule,R,15.0,-72.0,51.0,TAL,t,4.6556,106,activation,Table 3
35734477,27548054_C3,verum_gt_sham,"Frontal lobe, precentral gyrus",R,27.0,-27.0,66.0,TAL,t,4.5514,146,activation,Table 3
35734477,27548054_C3,verum_gt_sham,"Temporal lobe, sub-gyral",R,36.0,-63.0,6.0,TAL,t,4.1554,89,activation,Table 3
35734477,27548054_C3,verum_gt_sham,Cerebellum posterior lobe,R,9.0,-87.0,-39.0,TAL,t,3.9505,86,activation,Table 3
35734477,27548054_C3,verum_gt_sham,"Occipital lobe, cuneus",L,-3.0,-84.0,24.0,TAL,t,4.4965,138,activation,Table 3
35734477,27548054_C4,deactivation,Middle temporal gyrus,L,-66.0,-36.0,-18.0,TAL,t,-4.0062,93,deactivation,Table 3
35734477,27548054_C5,other,Superior frontal gyrus,midline,0.0,30.0,48.0,TAL,t,3.974,135,activation,Table 2
35734477,27548054_C5,other,Middle frontal gyrus,L,-51.0,21.0,33.0,TAL,t,3.9274,93,activation,Table 2
35734477,27548054_C5,other,"Left brainstem, pons",L,-15.0,-21.0,-27.0,TAL,t,4.2434,282,activation,Table 2
35734477,27548054_C5,other,"Frontal lobe, frontal forceps",R,18.0,24.0,21.0,TAL,t,4.9586,361,activation,Table 2
35734477,27548054_C5,other,Superior frontal gyrus,R,9.0,63.0,12.0,TAL,t,3.9919,118,activation,Table 2
35734477,27548054_C5,other,"Sub-lobar, extra-nuclear",R,27.0,-36.0,12.0,TAL,t,3.7882,103,activation,Table 2
35734477,27548054_C6,deactivation,"Occipital lobe, cuneus",L,-15.0,-99.0,0.0,TAL,t,-3.4428,121,deactivation,Table 2
35734477,27548054_C6,deactivation,"Occipital lobe, cuneus",R,12.0,-78.0,12.0,TAL,t,-4.8673,153,deactivation,Table 2
35734477,27548054_C7,other,Superior occipital gyrus,L,-33.0,-75.0,24.0,TAL,t,4.7224,91,activation,Table 3
35734477,27548054_C7,other,Inferior frontal gyrus,L,-48.0,42.0,9.0,TAL,t,3.7627,87,activation,Table 3
35734477,27548054_C8,deactivation,Superior temporal gyrus,L,-36.0,-12.0,-15.0,TAL,t,-4.7235,161,deactivation,Table 3
35734477,27548054_C8,deactivation,Medial frontal gyrus,L,-12.0,-21.0,57.0,TAL,t,-4.4383,103,deactivation,Table 3
35734477,27548054_C8,deactivation,"Occipital lobe, cuneus",L,-18.0,-99.0,-3.0,TAL,t,-4.0951,96,deactivation,Table 3
35734477,27548054_C8,deactivation,Middle frontal gyrus,R,36.0,48.0,-9.0,TAL,t,-5.0098,86,deactivation,Table 3
35734477,27548054_C8,deactivation,"Right brainstem, pons",R,6.0,-33.0,-33.0,TAL,t,-3.5016,88,deactivation,Table 3
35734477,27548054_C9,verum_gt_sham,"Frontal lobe, paracentral lobule",L,-3.0,-33.0,69.0,TAL,t,5.0682,575,activation,Table 2
35734477,27548054_C9,verum_gt_sham,"Occipital lobe, cuneus",L,-3.0,-102.0,-3.0,TAL,t,4.07,300,activation,Table 2
35734477,27548054_C9,verum_gt_sham,"Cerebellum posterior lobe, cerebelum_Crus2_R",R,9.0,-93.0,-30.0,TAL,t,4.618,261,activation,Table 2
35734477,27548054_C10,deactivation,"Limbic lobe, posterior cingulate",R,18.0,-66.0,3.0,TAL,t,-4.8673,113,deactivation,Table 2
35734477,27548054_C10,deactivation,Inferior frontal gyrus,R,48.0,9.0,22.0,TAL,t,-6.9094,1196,deactivation,Table 2
35734477,27548054_C10,deactivation,"Cerebellum posterior lobe, uvula",R,15.0,-69.0,-42.0,TAL,t,-3.8729,201,deactivation,Table 2
35734477,27548054_C10,deactivation,"Right brainstem, midbrain",R,3.0,-33.0,-18.0,TAL,t,-5.2822,770,deactivation,Table 2
35734477,27548054_C11,verum_gt_sham,"Sub-lobar, extra-nuclear",R,3.0,-12.0,-6.0,TAL,t,4.1944,85,activation,Table 3
35734477,27548054_C12,deactivation,"Frontal lobe, precentral gyrus",R,66.0,-3.0,30.0,TAL,t,-4.3068,94,deactivation,Table 3
35734477,27548054_C12,deactivation,"Occipital lobe, lingual gyrus",R,18.0,-84.0,-15.0,TAL,t,-4.0172,130,deactivation,Table 3
35734477,27548054_C12,deactivation,Middle temporal gyrus,R,72.0,-21.0,3.0,TAL,t,-3.8863,110,deactivation,Table 3
35832324,con_alff_neiguan_post_vs_pre_increased,verum_post_gt_pre,Left parahippocampal gyrus,Left,-33.0,-33.0,-18.0,MNI,T Value,6.9661,59 voxels,increased,table
35832324,con_alff_neiguan_post_vs_pre_increased,verum_post_gt_pre,Right superior temporal gyrus,Right,51.0,-9.0,-15.0,MNI,T Value,4.9743,26 voxels,increased,table
35832324,con_alff_neiguan_post_vs_pre_decreased,deactivation,Right middle frontal gyrus,Right,42.0,45.0,15.0,MNI,T Value,-5.5733,57 voxels,decreased,table
35832324,con_alff_neiguan_post_vs_pre_decreased,deactivation,Right precuneus,Right,-9.0,-60.0,45.0,MNI,T Value,-8.0823,161 voxels,decreased,table
35832324,con_alff_nonacupoint_post_vs_pre_increased,sham_post_gt_pre,Right thalamus,Right,12.0,-21.0,-3.0,MNI,T Value,4.9968,16 voxels,increased,table
35832324,con_alff_nonacupoint_post_vs_pre_increased,sham_post_gt_pre,Right middle frontal gyrus,Right,45.0,45.0,3.0,MNI,T Value,5.1529,26 voxels,increased,table
35832324,con_alff_nonacupoint_post_vs_pre_decreased,deactivation,Left middle frontal gyrus,Left,-39.0,36.0,30.0,MNI,T Value,-3.7076,30 voxels,decreased,table
35832324,con_fc_seed_parahippo_fusiform_increased,verum_post_gt_pre,Vermis cerebelli,not_reported,0.0,-60.0,-21.0,MNI,T value,5.1684,28 voxels,increased,table
35832324,con_fc_seed_parahippo_fusiform_increased,verum_post_gt_pre,Left fusiform gyrus,Left,-21.0,-42.0,-12.0,MNI,T value,6.7581,36 voxels,increased,table
35832324,con_fc_seed_parahippo_fusiform_increased,verum_post_gt_pre,Left gyrus frontalis inferior,Left,-45.0,15.0,27.0,MNI,T value,5.8714,62 voxels,increased,table
35832324,con_fc_seed_parahippo_fusiform_increased,verum_post_gt_pre,Left gyrus angularis,Left,-45.0,-57.0,27.0,MNI,T value,5.2142,65 voxels,increased,table
35832324,con_fc_seed_sup_temporal_increased,verum_post_gt_pre,Right cerebellar hemispheres,Right,21.0,-54.0,-39.0,MNI,T value,5.5803,57 voxels,increased,table
35832324,con_fc_seed_sup_temporal_increased,verum_post_gt_pre,Right gyrus temporalis medius,Right,54.0,-12.0,-18.0,MNI,T value,7.261,119 voxels,increased,table
35832324,con_fc_seed_sup_temporal_increased,verum_post_gt_pre,Right gyrus frontalis inferior,Right,39.0,15.0,-15.0,MNI,T value,6.0216,63 voxels,increased,table
35832324,con_fc_seed_sup_temporal_increased,verum_post_gt_pre,Right fusiform gyrus,Right,27.0,-99.0,-3.0,MNI,T value,5.9519,79 voxels,increased,table
35832324,con_fc_seed_sup_temporal_increased,verum_post_gt_pre,Right precentral gyrus,Right,51.0,-3.0,54.0,MNI,T value,9.7371,25 voxels,increased,table
35832324,con_fc_seed_sup_temporal_decreased,deactivation,Left superior temporal gyrus,Left,-54.0,-9.0,6.0,MNI,T value,-5.2652,69 voxels,decreased,table
35832324,con_fc_seed_midfrontal_decreased,deactivation,Left middle frontal gyrus,Left,-36.0,51.0,9.0,MNI,T value,-4.461,74 voxels,decreased,table
35832324,con_fc_seed_midfrontal_decreased,deactivation,Left cuneus,Left,-15.0,-75.0,36.0,MNI,T value,-5.0606,65 voxels,decreased,table
35832324,con_fc_seed_precuneus_decreased,deactivation,Right orbitofrontal back,Right,12.0,21.0,-24.0,MNI,T value,-6.4883,44 voxels,decreased,table
35832324,con_fc_seed_precuneus_decreased,deactivation,Right precuneus,Right,12.0,-60.0,27.0,MNI,T value,-7.2867,88 voxels,decreased,table
35832324,35821874_C1,verum_post_gt_pre,Left parahippocampal gyrus,L,-33.0,-33.0,-18.0,MNI,t,6.9661,59,activated (increased ALFF) and deactivated (decreased ALFF),Table 1
35832324,35821874_C1,verum_post_gt_pre,Right superior temporal gyrus,R,51.0,-9.0,-15.0,MNI,t,4.9743,26,activated (increased ALFF) and deactivated (decreased ALFF),Table 1
35832324,35821874_C1,verum_post_gt_pre,Right middle frontal gyrus,R,42.0,45.0,15.0,MNI,t,-5.5733,57,activated (increased ALFF) and deactivated (decreased ALFF),Table 1
35832324,35821874_C1,verum_post_gt_pre,Right precuneus,L,-9.0,-60.0,45.0,MNI,t,-8.0823,161,activated (increased ALFF) and deactivated (decreased ALFF),Table 1
35832324,35821874_C2,sham_post_gt_pre,Right thalamus,R,12.0,-21.0,-3.0,MNI,t,4.9968,16,activated (increased ALFF) and deactivated (decreased ALFF),Table 2
35832324,35821874_C2,sham_post_gt_pre,Right middle frontal gyrus,R,45.0,45.0,3.0,MNI,t,5.1529,26,activated (increased ALFF) and deactivated (decreased ALFF),Table 2
35832324,35821874_C2,sham_post_gt_pre,Left middle frontal gyrus,L,-39.0,36.0,30.0,MNI,t,-3.7076,30,activated (increased ALFF) and deactivated (decreased ALFF),Table 2
35832324,35821874_C3,verum_post_gt_pre,Vermis cerebelli,midline,0.0,-60.0,-21.0,MNI,t,5.1684,28,increased FC,Table 3
35832324,35821874_C3,verum_post_gt_pre,Left fusiform gyrus,L,-21.0,-42.0,-12.0,MNI,t,6.7581,36,increased FC,Table 3
35832324,35821874_C3,verum_post_gt_pre,Left gyrus frontalis inferior,L,-45.0,15.0,27.0,MNI,t,5.8714,62,increased FC,Table 3
35832324,35821874_C3,verum_post_gt_pre,Left gyrus angularis,L,-45.0,-57.0,27.0,MNI,t,5.2142,65,increased FC,Table 3
35832324,35821874_C4,verum_post_gt_pre,Right cerebellar hemispheres,R,21.0,-54.0,-39.0,MNI,t,5.5803,57,increased and decreased FC,Table 3
35832324,35821874_C4,verum_post_gt_pre,Right gyrus temporalis medius,R,54.0,-12.0,-18.0,MNI,t,7.261,119,increased and decreased FC,Table 3
35832324,35821874_C4,verum_post_gt_pre,Right gyrus frontalis inferior,R,39.0,15.0,-15.0,MNI,t,6.0216,63,increased and decreased FC,Table 3
35832324,35821874_C4,verum_post_gt_pre,Right fusiform gyrus,R,27.0,-99.0,-3.0,MNI,t,5.9519,79,increased and decreased FC,Table 3
35832324,35821874_C4,verum_post_gt_pre,Left superior temporal gyrus,L,-54.0,-9.0,6.0,MNI,t,-5.2652,69,increased and decreased FC,Table 3
35832324,35821874_C4,verum_post_gt_pre,Right precentral gyrus,R,51.0,-3.0,54.0,MNI,t,9.7371,25,increased and decreased FC,Table 3
35832324,35821874_C5,deactivation,Left middle frontal gyrus,L,-36.0,51.0,9.0,MNI,t,-4.461,74,decreased FC,Table 3
35832324,35821874_C5,deactivation,Left cuneus,L,-15.0,-75.0,36.0,MNI,t,-5.0606,65,decreased FC,Table 3
35832324,35821874_C6,deactivation,Right orbitofrontal back,R,12.0,21.0,-24.0,MNI,t,-6.4883,44,decreased FC,Table 3
35832324,35821874_C6,deactivation,Right precuneus,R,12.0,-60.0,27.0,MNI,t,-7.2867,88,decreased FC,Table 3
35832324,40341810_SR_C1,sham_post_gt_pre,Right thalamus,R,12.0,-21.0,-3.0,MNI,t,4.9968,16,activation,Table 2
35832324,40341810_SR_C1,sham_post_gt_pre,Right middle frontal gyrus,R,45.0,45.0,3.0,MNI,t,5.1529,26,activation,Table 2
35832324,40341810_SR_C2,deactivation,Left middle frontal gyrus,L,-39.0,36.0,30.0,MNI,t,-3.7076,30,deactivation,Table 2
36051643,C01_VA_FLF_decrease,deactivation,HIP,L,0.0,-63.0,48.0,MNI,Z-score,3.63,20,decreased (Pre > Post),table
36051643,C01_VA_FLF_decrease,deactivation,HIP/PHG,R,27.0,-30.0,-18.0,MNI,Z-score,3.44,36,decreased (Pre > Post),table
36051643,C03_VA_Slow5_increase,verum_post_gt_pre,ACC,R,9.0,42.0,9.0,MNI,Z-score,3.36,26,increased (Post > Pre),table
36051643,C03_VA_Slow5_increase,verum_post_gt_pre,DLPFC,R,33.0,24.0,45.0,MNI,Z-score,3.73,20,increased (Post > Pre),table
36051643,C03_VA_Slow5_increase,verum_post_gt_pre,aIFG,R,51.0,39.0,9.0,MNI,Z-score,3.63,32,increased (Post > Pre),table
36051643,C04_VA_Slow5_decrease,deactivation,HIP,L,-15.0,-33.0,-6.0,MNI,Z-score,3.52,43,decreased (Pre > Post),table
36051643,C04_VA_Slow5_decrease,deactivation,HIP,R,36.0,-27.0,-15.0,MNI,Z-score,3.22,30,decreased (Pre > Post),table
36051643,C04_VA_Slow5_decrease,deactivation,SMA/MCC,R,12.0,-12.0,48.0,MNI,Z-score,3.54,26,decreased (Pre > Post),table
36051643,C05_VA_Slow4_increase,verum_post_gt_pre,S2,L,-54.0,-6.0,39.0,MNI,Z-score,3.46,59,increased (Post > Pre),table
36051643,C05_VA_Slow4_increase,verum_post_gt_pre,S2,R,63.0,3.0,18.0,MNI,Z-score,3.30,58,increased (Post > Pre),table
36051643,C07_VA_Slow3_increase,verum_post_gt_pre,aINS,L,-39.0,12.0,3.0,MNI,Z-score,4.07,37,increased (Post > Pre),table
36051643,C07_VA_Slow3_increase,verum_post_gt_pre,aINS,R,39.0,30.0,-3.0,MNI,Z-score,3.05,22,increased (Post > Pre),table
36051643,C07_VA_Slow3_increase,verum_post_gt_pre,pINS,L,-51.0,-6.0,3.0,MNI,Z-score,4.09,148,increased (Post > Pre),table
36051643,C07_VA_Slow3_increase,verum_post_gt_pre,pINS,R,69.0,-3.0,9.0,MNI,Z-score,3.76,162,increased (Post > Pre),table
36051643,C08_VA_Slow3_decrease,deactivation,PCU,L,-9.0,-66.0,51.0,MNI,Z-score,3.52,34,decreased (Pre > Post),table
36051643,C09_SA_FLF_increase,sham_post_gt_pre,IFG,R,54.0,27.0,24.0,MNI,Z-score,3.66,26,increased (Post > Pre),table
36051643,C10_SA_FLF_decrease,deactivation,AG,L,-51.0,-69.0,24.0,MNI,Z-score,3.33,26,decreased (Pre > Post),table
36051643,C11_SA_Slow5_decrease,deactivation,HIP,L,-24.0,-30.0,-18.0,MNI,Z-score,3.27,34,decreased (Pre > Post),table
36051643,C16_SA_Slow3_decrease,deactivation,mPFC,L/R,-3.0,51.0,39.0,MNI,Z-score,3.66,95,decreased (Pre > Post),table
36051643,35983211_C2,deactivation,HIP,midline,0.0,-63.0,48.0,MNI,Z,3.63,20,Pre > Post (decreased gFCD),Table 2
36051643,35983211_C2,deactivation,HIP/PHG,R,27.0,-30.0,-18.0,MNI,Z,3.44,36,Pre > Post (decreased gFCD),Table 2
36051643,35983211_C3,verum_post_gt_pre,ACC,R,9.0,42.0,9.0,MNI,Z,3.36,26,Post > Pre (increased gFCD),Table 2
36051643,35983211_C3,verum_post_gt_pre,DLPFC,R,33.0,24.0,45.0,MNI,Z,3.73,20,Post > Pre (increased gFCD),Table 2
36051643,35983211_C3,verum_post_gt_pre,aIFG,R,51.0,39.0,9.0,MNI,Z,3.63,32,Post > Pre (increased gFCD),Table 2
36051643,35983211_C4,deactivation,HIP,L,-15.0,-33.0,-6.0,MNI,Z,3.52,43,Pre > Post (decreased gFCD),Table 2
36051643,35983211_C4,deactivation,HIP,R,36.0,-27.0,-15.0,MNI,Z,3.22,30,Pre > Post (decreased gFCD),Table 2
36051643,35983211_C4,deactivation,SMA/MCC,R,12.0,-12.0,48.0,MNI,Z,3.54,26,Pre > Post (decreased gFCD),Table 2
36051643,35983211_C5,verum_post_gt_pre,S2,L,-54.0,-6.0,39.0,MNI,Z,3.46,59,Post > Pre (increased gFCD),Table 2
36051643,35983211_C5,verum_post_gt_pre,S2,R,63.0,3.0,18.0,MNI,Z,3.3,58,Post > Pre (increased gFCD),Table 2
36051643,35983211_C6,verum_post_gt_pre,aINS,L,-39.0,12.0,3.0,MNI,Z,4.07,37,Post > Pre (increased gFCD),Table 2
36051643,35983211_C6,verum_post_gt_pre,aINS,R,39.0,30.0,-3.0,MNI,Z,3.05,22,Post > Pre (increased gFCD),Table 2
36051643,35983211_C6,verum_post_gt_pre,pINS,L,-51.0,-6.0,3.0,MNI,Z,4.09,148,Post > Pre (increased gFCD),Table 2
36051643,35983211_C6,verum_post_gt_pre,pINS,R,69.0,-3.0,9.0,MNI,Z,3.76,162,Post > Pre (increased gFCD),Table 2
36051643,35983211_C7,deactivation,PCU,L,-9.0,-66.0,51.0,MNI,Z,3.52,34,Pre > Post (decreased gFCD),Table 2
36051643,35983211_C8,sham_post_gt_pre,IFG,R,54.0,27.0,24.0,MNI,Z,3.66,26,Post > Pre (increased gFCD),Table 3
36051643,35983211_C9,deactivation,AG,L,-51.0,-69.0,24.0,MNI,Z,3.33,26,Pre > Post (decreased gFCD),Table 3
36051643,35983211_C10,deactivation,HIP,L,-24.0,-30.0,-18.0,MNI,Z,3.27,34,Pre > Post (decreased gFCD),Table 3
36051643,35983211_C11,deactivation,mPFC,L,-3.0,51.0,39.0,MNI,Z,3.66,95,Pre > Post (decreased gFCD),Table 3
36051643,37454266_SR_C1,sham_post_gt_pre,R Inferior Frontal Gyrus (IFG),R,54.0,27.0,24.0,MNI,Z,3.66,26,activation,Table 3
36051643,37454266_SR_C2,deactivation,L Angular Gyrus (AG),L,-51.0,-69.0,24.0,MNI,Z,3.33,26,deactivation,Table 3
36051643,37454266_SR_C3,deactivation,L Hippocampus (HIP),L,-24.0,-30.0,-18.0,MNI,Z,3.27,34,deactivation,Table 3
36051643,37454266_SR_C4,deactivation,L/R Medial Prefrontal Cortex (mPFC),L,-3.0,51.0,39.0,MNI,Z,3.66,95,deactivation,Table 3
36530615,con_staticICA_spatial_SN_PSAvsHC,group_comparison,Putamen,left,-30.0,-6.0,6.0,MNI,F,-3.92,54,activated in PSA vs. HC,table
36530615,con_staticICA_spatial_SN_PSAvsHC,group_comparison,AG,left,-57.0,-51.0,15.0,MNI,F,-4.45,53,activated in PSA vs. HC,table
36530615,con_staticICA_spatial_SN_PSAvsHC,group_comparison,PostCG,left,-60.0,-15.0,30.0,MNI,F,-4.00,39,activated in PSA vs. HC,table
36530615,con_staticFC_interaction_calcarine_lingual,group_comparison,Calcarine,left,-3.0,-93.0,11.0,MNI,F,3.16,not_reported,increased functional coupling (interaction effect),table
36530615,con_staticFC_PSA_EA_vs_rest,verum_gt_rest,Precentral,left,-44.0,-9.0,41.0,MNI,F,-4.03,not_reported,reduced FC,table
36530615,con_staticFC_PSA_EA_vs_rest,verum_gt_rest,Orbital superior frontal,right,14.0,55.0,-17.0,MNI,F,-3.35,not_reported,reduced FC,table
36530615,con_staticFC_HC_EA_vs_rest,verum_gt_rest,Postcentral,left,-32.0,-31.0,67.0,MNI,F,-4.01,not_reported,reduced FC during EA stimulation vs. rest,table
36530615,36468046_C2,verum_gt_rest,Precentral,L,-44.0,-9.0,41.0,MNI,F,-4.03,not_reported,decreased FC during EA stimulation in PSA,Table 3
36530615,36468046_C2,verum_gt_rest,Middle temporal gyrus,R,52.0,-4.0,-20.0,MNI,F,-4.03,not_reported,decreased FC during EA stimulation in PSA,Table 3
36530615,36468046_C2,verum_gt_rest,Orbital superior frontal,R,14.0,55.0,-17.0,MNI,F,-3.35,not_reported,decreased FC during EA stimulation in PSA,Table 3
36530615,36468046_C3,verum_gt_rest,Postcentral,L,-32.0,-31.0,67.0,MNI,F,-4.01,not_reported,decreased FC during EA stimulation in HC,Table 3
36530615,36468046_C3,verum_gt_rest,Orbital middle frontal,R,37.0,54.0,-5.0,MNI,F,-4.01,not_reported,decreased FC during EA stimulation in HC,Table 3
36530615,36468046_C4,group_comparison,Calcarine,L,-3.0,-93.0,11.0,MNI,F,3.16,not_reported,increased functional coupling in PSA relative to HC during EA vs. rest,Table 3
36530615,36468046_C4,group_comparison,Lingual,R,12.0,-39.0,0.0,MNI,F,3.16,not_reported,increased functional coupling in PSA relative to HC during EA vs. rest,Table 3
36530635,contrast_1_pre_vs_HC,group_comparison,Inferior temporal gyrus,R,46.0,-9.0,-25.0,MNI,T-value (Peak intensity),-5.599,44,decreased FC in tinnitus patients relative to HC,table
36530635,contrast_1_pre_vs_HC,group_comparison,Precuneus,R,27.0,-50.0,3.0,MNI,T-value (Peak intensity),-4.818,35,decreased FC in tinnitus patients relative to HC,table
36530635,contrast_2_post_vs_HC,group_comparison,Superior frontal gyrus,L,-7.0,19.0,52.0,MNI,T-value (Peak intensity),-5.255,47,decreased FC in tinnitus patients relative to HC,table
36530635,contrast_2_post_vs_HC,group_comparison,Superior temporal gyrus,R,48.0,-23.0,1.0,MNI,T-value (Peak intensity),-4.995,42,decreased FC in tinnitus patients relative to HC,table
36530635,contrast_3_post_vs_pre,verum_post_gt_pre,Superior frontal gyrus,R,12.0,63.0,12.0,MNI,T-value (Peak intensity),-6.185,99,decreased FC at post-acupuncture relative to pre-acupuncture,table
36530635,contrast_3_post_vs_pre,verum_post_gt_pre,Paracingulate gyrus,L,-3.0,39.0,21.0,MNI,T-value (Peak intensity),-4.976,30,decreased FC at post-acupuncture relative to pre-acupuncture,table
36530635,19500677_C1,verum_gt_rest,SI,L,-42.0,-31.0,53.0,TAL,Z,3.54,118.8,activation,Table 1
36530635,19500677_C1,verum_gt_rest,SII,R,49.0,-20.0,18.0,TAL,Z,3.89,119.1,activation,Table 1
36530635,19500677_C1,verum_gt_rest,SII,L,-54.0,-35.0,32.0,TAL,Z,3.62,130.9,activation,Table 1
36530635,19500677_C1,verum_gt_rest,angular gyrus,R,54.0,-43.0,37.0,TAL,Z,3.89,120.7,activation,Table 1
36530635,19500677_C1,verum_gt_rest,angular gyrus,L,-60.0,-29.0,32.0,TAL,Z,3.89,134.0,activation,Table 1
36530635,19500677_C1,verum_gt_rest,superior parietal,R,38.0,-46.0,40.0,TAL,Z,2.32,66.6,activation,Table 1
36530635,19500677_C1,verum_gt_rest,STG,R,52.0,-8.0,-1.0,TAL,Z,3.89,399.8,activation,Table 1
36530635,19500677_C1,verum_gt_rest,frontal operculum,R,53.0,5.0,8.0,TAL,Z,3.89,514.2,activation,Table 1
36530635,19500677_C1,verum_gt_rest,frontal operculum,L,-51.0,13.0,2.0,TAL,Z,3.89,282.6,activation,Table 1
36530635,19500677_C1,verum_gt_rest,ant+post insula,R,42.0,-3.0,-16.0,TAL,Z,3.43,94.3,activation,Table 1
36530635,19500677_C1,verum_gt_rest,ant+post insula,L,-37.0,-8.0,3.0,TAL,Z,3.89,625.7,activation,Table 1
36530635,19500677_C1,verum_gt_rest,precentral gyrus,L,-30.0,-12.0,58.0,TAL,Z,3.89,133.3,activation,Table 1
36530635,19500677_C1,verum_gt_rest,pre-SMA,R,8.0,12.0,53.0,TAL,Z,3.89,169.1,activation,Table 1
36530635,19500677_C1,verum_gt_rest,pre-SMA,L,-6.0,13.0,56.0,TAL,Z,2.08,68.5,activation,Table 1
36530635,19500677_C1,verum_gt_rest,dlPFC,R,38.0,42.0,8.0,TAL,Z,3.89,113.5,activation,Table 1
36530635,19500677_C1,verum_gt_rest,dlPFC,L,-45.0,36.0,-9.0,TAL,Z,2.78,89.1,activation,Table 1
36530635,19500677_C1,verum_gt_rest,dmPFC,L,-10.0,39.0,23.0,TAL,Z,2.98,95.3,activation,Table 1
36530635,19500677_C1,verum_gt_rest,MTG,L,-64.0,-38.0,-6.0,TAL,Z,2.35,76.0,activation,Table 1
36530635,19500677_C1,verum_gt_rest,cuneus,R,10.0,-96.0,21.0,TAL,Z,2.89,81.0,activation,Table 1
36530635,19500677_C1,verum_gt_rest,cuneus,L,-4.0,-92.0,8.0,TAL,Z,3.89,359.0,activation,Table 1
36530635,19500677_C2,deactivation,SI,R,20.0,-28.0,64.0,TAL,Z,-3.89,218.6,deactivation,Table 1
36530635,19500677_C2,deactivation,dPCC (BA23),L,-7.0,-35.0,38.0,TAL,Z,-3.43,107.9,deactivation,Table 1
36530635,19500677_C2,deactivation,precuneus,L,-10.0,-53.0,39.0,TAL,Z,-3.39,105.1,deactivation,Table 1
36530635,19500677_C2,deactivation,IPL,R,41.0,-64.0,25.0,TAL,Z,-2.98,83.9,deactivation,Table 1
36530635,19500677_C2,deactivation,IPL,L,-36.0,-84.0,28.0,TAL,Z,-3.89,196.4,deactivation,Table 1
36530635,19500677_C2,deactivation,lingual gyrus,R,10.0,-59.0,9.0,TAL,Z,-3.89,342.8,deactivation,Table 1
36530635,19500677_C2,deactivation,lingual gyrus,L,-16.0,-54.0,-4.0,TAL,Z,-3.89,139.5,deactivation,Table 1
36530635,19500677_C2,deactivation,dlPFC (deactivation),R,29.0,31.0,38.0,TAL,Z,-3.89,201.9,deactivation,Table 1
36530635,19500677_C3,sham_gt_rest,SI,R,30.0,-39.0,50.0,TAL,Z,3.89,106.4,activation,Table 2
36530635,19500677_C3,sham_gt_rest,SII,R,51.0,-34.0,21.0,TAL,Z,3.89,1621.3,activation,Table 2
36530635,19500677_C3,sham_gt_rest,SII,L,-53.0,-27.0,20.0,TAL,Z,3.89,4215.7,activation,Table 2
36530635,19500677_C3,sham_gt_rest,STG,L,-57.0,-44.0,15.0,TAL,Z,2.33,75.7,activation,Table 2
36530635,19500677_C3,sham_gt_rest,LOC,R,62.0,-51.0,5.0,TAL,Z,3.89,79.9,activation,Table 2
36530635,19500677_C3,sham_gt_rest,LOC,L,-44.0,-68.0,11.0,TAL,Z,3.62,111.2,activation,Table 2
36530635,19500677_C3,sham_gt_rest,frontal operculum,R,60.0,6.0,12.0,TAL,Z,3.89,1444.3,activation,Table 2
36530635,19500677_C3,sham_gt_rest,frontal operculum,L,-52.0,4.0,6.0,TAL,Z,3.89,944.5,activation,Table 2
36530635,19500677_C3,sham_gt_rest,anterior insula,R,35.0,16.0,0.0,TAL,Z,3.89,384.5,activation,Table 2
36530635,19500677_C3,sham_gt_rest,posterior insula,R,39.0,-8.0,0.0,TAL,Z,3.89,169.4,activation,Table 2
36530635,19500677_C3,sham_gt_rest,ant+post insula,L,-39.0,-14.0,6.0,TAL,Z,3.89,2117.0,activation,Table 2
36530635,19500677_C3,sham_gt_rest,aMCC,L,-5.0,13.0,30.0,TAL,Z,2.39,77.4,activation,Table 2
36530635,19500677_C3,sham_gt_rest,pMCC,R,6.0,17.0,29.0,TAL,Z,3.89,169.5,activation,Table 2
36530635,19500677_C3,sham_gt_rest,precentral gyrus,R,35.0,-8.0,50.0,TAL,Z,3.89,70.7,activation,Table 2
36530635,19500677_C3,sham_gt_rest,precentral gyrus,L,-37.0,-9.0,57.0,TAL,Z,3.89,2080.8,activation,Table 2
36530635,19500677_C3,sham_gt_rest,pre-SMA,R,9.0,9.0,49.0,TAL,Z,3.89,113.9,activation,Table 2
36530635,19500677_C3,sham_gt_rest,pre-SMA,L,-10.0,0.0,59.0,TAL,Z,3.89,202.1,activation,Table 2
36530635,19500677_C3,sham_gt_rest,precuneus,L,-11.0,-44.0,63.0,TAL,Z,-2.99,93.6,activation,Table 2
36530635,19500677_C3,sham_gt_rest,dlPFC,R,35.0,44.0,20.0,TAL,Z,3.89,308.8,activation,Table 2
36530635,19500677_C3,sham_gt_rest,dlPFC,L,-44.0,34.0,5.0,TAL,Z,3.89,145.1,activation,Table 2
36530635,19500677_C3,sham_gt_rest,caudate nucleus,R,16.0,18.0,8.0,TAL,Z,2.85,920.0,activation,Table 2
36530635,19500677_C3,sham_gt_rest,caudate nucleus,L,-10.0,8.0,10.0,TAL,Z,2.8,352.0,activation,Table 2
36530635,19500677_C3,sham_gt_rest,putamen,R,26.0,-2.0,2.0,TAL,Z,2.84,2096.0,activation,Table 2
36530635,19500677_C3,sham_gt_rest,putamen,L,-24.0,6.0,8.0,TAL,Z,2.98,2568.0,activation,Table 2
36530635,19500677_C3,sham_gt_rest,cerebellum,L,-30.0,-60.0,-24.0,TAL,Z,2.94,6728.0,activation,Table 2
36530635,19500677_C4,deactivation,SI,R,39.0,-23.0,47.0,TAL,Z,-3.89,276.0,deactivation,Table 2
36530635,19500677_C4,deactivation,dPCC,R,7.0,-39.0,39.0,TAL,Z,-3.89,128.5,deactivation,Table 2
36530635,19500677_C4,deactivation,dPCC,L,-4.0,-46.0,27.0,TAL,Z,-3.89,304.7,deactivation,Table 2
36530635,19500677_C4,deactivation,vPCC,R,14.0,-45.0,31.0,TAL,Z,-3.89,48.3,deactivation,Table 2
36530635,19500677_C4,deactivation,precuneus,R,6.0,-55.0,26.0,TAL,Z,-3.89,516.2,deactivation,Table 2
36530635,19500677_C4,deactivation,vmPFC,L,-7.0,52.0,-16.0,TAL,Z,-3.72,120.2,deactivation,Table 2
36530635,19500677_C4,deactivation,IPL,R,39.0,-75.0,35.0,TAL,Z,-2.96,49.8,deactivation,Table 2
36530635,19500677_C4,deactivation,IPL,L,-39.0,-53.0,22.0,TAL,Z,-3.89,1126.8,deactivation,Table 2
36530635,19500677_C4,deactivation,MTG,R,56.0,-7.0,-20.0,TAL,Z,-3.89,140.9,deactivation,Table 2
36530635,19500677_C4,deactivation,hippocampal formation,R,34.0,-28.0,-10.0,TAL,Z,-2.99,4136.0,deactivation,Table 2
36530635,19500677_C4,deactivation,parahippocampus,R,32.0,-31.0,-13.0,TAL,Z,-3.89,452.8,deactivation,Table 2
36530635,19500677_C4,deactivation,lingual gyrus,R,8.0,-59.0,7.0,TAL,Z,-3.89,174.1,deactivation,Table 2
36530635,19500677_C4,deactivation,cuneus,R,10.0,-85.0,25.0,TAL,Z,-3.89,1334.3,deactivation,Table 2
36530635,19500677_C4,deactivation,cuneus,L,-4.0,-75.0,25.0,TAL,Z,-3.89,3477.6,deactivation,Table 2
36530635,19500677_C5,verum_gt_sham,medial parietal,R,5.0,-31.0,53.0,TAL,Z,2.1,66.0,activation,Table 3
36530635,19500677_C5,verum_gt_sham,medial parietal,L,-7.0,-26.0,51.0,TAL,Z,2.12,66.0,activation,Table 3
36530635,19500677_C5,verum_gt_sham,MTG/STG,R,56.0,-7.0,-20.0,TAL,Z,2.12,66.4,activation,Table 3
36530635,19500677_C5,verum_gt_sham,MTG/STG,L,-55.0,-7.0,0.0,TAL,Z,3.89,127.2,activation,Table 3
36530635,19500677_C5,verum_gt_sham,vPCC (BA23),R,10.0,-54.0,19.0,TAL,Z,3.89,434.2,activation,Table 3
36530635,19500677_C5,verum_gt_sham,vPCC (BA23),L,-6.0,-49.0,20.0,TAL,Z,3.89,282.7,activation,Table 3
36530635,19500677_C5,verum_gt_sham,dPCC (BA23),R,9.0,-41.0,31.0,TAL,Z,3.89,344.0,activation,Table 3
36530635,19500677_C5,verum_gt_sham,precuneus,R,6.0,-56.0,36.0,TAL,Z,3.32,106.1,activation,Table 3
36530635,19500677_C5,verum_gt_sham,vmPFC,L,-6.0,54.0,-17.0,TAL,Z,2.98,89.3,activation,Table 3
36530635,19500677_C5,verum_gt_sham,IPL,R,45.0,-65.0,31.0,TAL,Z,2.12,66.5,activation,Table 3
36530635,19500677_C5,verum_gt_sham,parahippocampus,L,-31.0,-31.0,-13.0,TAL,Z,2.07,64.9,activation,Table 3
36530635,19500677_C5,verum_gt_sham,dlPFC,L,-22.0,49.0,15.0,TAL,Z,3.62,112.5,activation,Table 3
36530635,19500677_C5,verum_gt_sham,dmPFC,L,-13.0,46.0,9.0,TAL,Z,2.12,65.9,activation,Table 3
36530635,19500677_C5,verum_gt_sham,cuneus,R,19.0,-72.0,-2.0,TAL,Z,3.89,2997.5,activation,Table 3
36530635,19500677_C5,verum_gt_sham,cuneus,L,-11.0,-95.0,-5.0,TAL,Z,3.89,1624.2,activation,Table 3
36530635,19500677_C6,verum_gt_sham,SI(BA2),R,31.0,-39.0,50.0,TAL,Z,-2.28,70.6,activation,Table 3
36530635,19500677_C6,verum_gt_sham,SI(BA2),L,-54.0,-23.0,41.0,TAL,Z,-3.48,109.2,activation,Table 3
36530635,19500677_C6,verum_gt_sham,SII,R,48.0,-34.0,20.0,TAL,Z,-3.23,98.6,activation,Table 3
36530635,19500677_C6,verum_gt_sham,SII,L,-51.0,-28.0,20.0,TAL,Z,-3.89,241.4,activation,Table 3
36530635,19500677_C6,verum_gt_sham,LOC,R,57.0,-59.0,3.0,TAL,Z,-2.7,82.4,activation,Table 3
36530635,19500677_C6,verum_gt_sham,LOC,L,-44.0,-69.0,10.0,TAL,Z,-3.05,91.0,activation,Table 3
36530635,19500677_C6,verum_gt_sham,anterior insula,L,-30.0,14.0,5.0,TAL,Z,-3.32,102.0,activation,Table 3
36744205,contrast_alff_patients_lt_hc,group_comparison,L_SFG,Left,-38.0,-40.0,12.0,MNI,T Score,-7.15,107,decreased,table
36744205,contrast_alff_patients_lt_hc,group_comparison,R_TFC,Right,66.0,-4.0,-22.0,MNI,T Score,-8.10,151,decreased,table
36744205,contrast_alff_patients_lt_hc,group_comparison,R_MFG,Right,32.0,10.0,34.0,MNI,T Score,-6.59,79,decreased,table
36744205,contrast_alff_patients_lt_hc,group_comparison,L_MTG,Left,-42.0,-26.0,-30.0,MNI,T Score,-4.58,211,decreased,table
36744205,contrast_alff_patients_lt_hc,group_comparison,R_preCG,Right,54.0,32.0,12.0,MNI,T Score,-9.21,126,decreased,table
36744205,contrast_alff_patients_lt_hc,group_comparison,R_PP,Right,42.0,6.0,-18.0,MNI,T Score,-5.24,109,decreased,table
36744205,contrast_alff_patients_lt_hc,group_comparison,L_SMA,Left,-10.0,20.0,58.0,MNI,T Score,-2.39,37,decreased,table
36744205,contrast_alff_patients_lt_hc,group_comparison,R_MTG,Right,66.0,-36.0,-18.0,MNI,T Score,-5.11,61,decreased,table
36744205,contrast_alff_patients_lt_hc,group_comparison,R_PUT,Right,30.0,-12.0,6.0,MNI,T Score,-6.45,147,decreased,table
36744205,contrast_alff_post_gt_pre,verum_post_gt_pre,L_SMG,Left,-16.0,-32.0,29.0,MNI,T Score,5.3,60,increased,table
36744205,contrast_alff_post_gt_pre,verum_post_gt_pre,R_thalamus,Right,18.0,-34.0,-4.0,MNI,T Score,5.1,104,increased,table
36744205,contrast_alff_post_gt_pre,verum_post_gt_pre,R_postCG,Right,30.0,-38.0,30.0,MNI,T Score,3.98,204,increased,table
36744205,contrast_alff_post_gt_pre,verum_post_gt_pre,L_preCG,Left,-46.0,0.0,52.0,MNI,T Score,3.32,229,increased,table
36744205,contrast_alff_post_gt_pre,verum_post_gt_pre,L_PHG,Left,-24.0,20.0,-44.0,MNI,T Score,4.59,72,increased,table
36744205,contrast_fc_patients_lt_hc,group_comparison,R_preCG,Right,6.0,-10.0,58.0,MNI,T Score,-5.39,177,decreased,table
36744205,contrast_fc_patients_lt_hc,group_comparison,R_postCG,Right,14.0,-30.0,76.0,MNI,T Score,-5.35,111,decreased,table
36744205,contrast_fc_patients_lt_hc,group_comparison,L_ITG,Left,-54.0,-52.0,-20.0,MNI,T Score,-5.41,122,decreased,table
36744205,contrast_fc_patients_lt_hc,group_comparison,R_POC,Right,44.0,-28.0,20.0,MNI,T Score,-4.31,105,decreased,table
36744205,contrast_fc_patients_gt_hc,group_comparison,R_preCG,Right,42.0,8.0,18.0,MNI,T Score,4.82,83,increased,table
36744205,contrast_fc_patients_gt_hc,group_comparison,R_LOC,Right,44.0,-66.0,-12.0,MNI,T Score,4.38,162,increased,table
36744205,contrast_fc_post_gt_pre,verum_post_gt_pre,L_SMG,Left,-62.0,-30.0,44.0,MNI,T Score,4.33,79,increased,table
36744205,contrast_fc_post_gt_pre,verum_post_gt_pre,Cerebellum vermis 9,not_reported,10.0,-56.0,-36.0,MNI,T Score,5.40,88,increased,table
36744205,contrast_fc_post_gt_pre,verum_post_gt_pre,Brain-stem,not_reported,4.0,-22.0,-8.0,MNI,T Score,4.65,61,increased,table
36890655,nc_KOA_vs_HC,group_comparison,L thalamus,left,-12.0,-24.0,3.0,MNI,Z,3.60,346 voxels,KOA > HCs (increased),table
36890655,nc_KOA_vs_HC,group_comparison,R thalamus,right,6.0,-21.0,15.0,MNI,Z,3.05,346 voxels (same cluster as L thalamus entry per table),KOA > HCs (increased),table
36890655,nc_VA_post_pre,verum_post_gt_pre,B DLPFC,bilateral,42.0,15.0,33.0,MNI,Z,4.98,1786 voxels,increased (Post > Pre),table
36890655,nc_VA_post_pre,verum_post_gt_pre,B angular,bilateral,39.0,-51.0,45.0,MNI,Z,4.64,1945 voxels,increased (Post > Pre),table
36890655,nc_VA_post_pre,verum_post_gt_pre,B precuneus,bilateral,3.0,-69.0,39.0,MNI,Z,3.95,248 voxels,increased (Post > Pre),table
36890655,nc_AG_post_pre,verum_post_gt_pre,B DLPFC,bilateral,42.0,15.0,33.0,MNI,Z,4.98,1786 voxels,increased (Post > Pre),table
36890655,nc_AG_post_pre,verum_post_gt_pre,B angular,bilateral,39.0,-51.0,45.0,MNI,Z,4.64,1945 voxels,increased (Post > Pre),table
36890655,nc_AG_post_pre,verum_post_gt_pre,B precuneus,bilateral,3.0,-69.0,39.0,MNI,Z,3.95,248 voxels,increased (Post > Pre),table
36890655,nc_AG_vs_SC,group_comparison,R DLPFC,right,24.0,12.0,54.0,MNI,Z,4.32,403 voxels,AG > SC (AG shows greater increase),table
36890655,nc_AG_vs_SC,group_comparison,R angular,right,39.0,-54.0,48.0,MNI,Z,3.40,255 voxels,AG > SC (AG shows greater increase),table
36890655,nc_AG_vs_PB,group_comparison,B DLPFC,bilateral,42.0,15.0,30.0,MNI,Z,4.10,748 voxels,AG > PB (AG shows greater increase),table
36890655,nc_AG_vs_PB,group_comparison,R angular,right,39.0,-51.0,45.0,MNI,Z,3.91,594 voxels,AG > PB (AG shows greater increase),table
36890655,nc_AG_vs_WL,group_comparison,R DLPFC,right,51.0,18.0,33.0,MNI,Z,4.43,753 voxels,AG > WL (AG shows greater increase),table
36890655,nc_AG_vs_WL,group_comparison,R precuneus,right,6.0,-66.0,48.0,MNI,Z,3.55,276 voxels,AG > WL (AG shows greater increase),table
36890655,37038274_C1,group_comparison,L thalamus,L,-12.0,-24.0,3.0,MNI,Z,3.6,346,KOA > HCs,Table 4A
36890655,37038274_C1,group_comparison,R thalamus,R,6.0,-21.0,15.0,MNI,Z,3.05,346,KOA > HCs,Table 4A
36890655,37038274_C5,verum_post_gt_pre,B DLPFC,R,42.0,15.0,33.0,MNI,Z,4.98,1786,Post > Pre,Table 4C
36890655,37038274_C5,verum_post_gt_pre,B angular,R,39.0,-51.0,45.0,MNI,Z,4.64,1945,Post > Pre,Table 4C
36890655,37038274_C5,verum_post_gt_pre,B precuneus,R,3.0,-69.0,39.0,MNI,Z,3.95,248,Post > Pre,Table 4C
36890655,37038274_C13,group_comparison,R DLPFC,R,24.0,12.0,54.0,MNI,Z,4.32,403,AG > SC (post-pre),Table 4G
36890655,37038274_C13,group_comparison,R angular,R,39.0,-54.0,48.0,MNI,Z,3.4,255,AG > SC (post-pre),Table 4G
36890655,37038274_C15,group_comparison,B DLPFC,R,42.0,15.0,30.0,MNI,Z,4.1,748,AG > PB (post-pre),Table 4H
36890655,37038274_C15,group_comparison,R angular,R,39.0,-51.0,45.0,MNI,Z,3.91,594,AG > PB (post-pre),Table 4H
36890655,37038274_C17,group_comparison,R DLPFC,R,51.0,18.0,33.0,MNI,Z,4.43,753,AG > WL (post-pre),Table 4I
36890655,37038274_C17,group_comparison,R precuneus,R,6.0,-66.0,48.0,MNI,Z,3.55,276,AG > WL (post-pre),Table 4I
36890655,37165813_C5,verum_post_gt_pre,B DLPFC,R,42.0,15.0,33.0,MNI,Z,4.98,1786,Post > Pre,Table 4C
36890655,37165813_C5,verum_post_gt_pre,B angular,R,39.0,-51.0,45.0,MNI,Z,4.64,1945,Post > Pre,Table 4C
36890655,37165813_C5,verum_post_gt_pre,B precuneus,R,3.0,-69.0,39.0,MNI,Z,3.95,248,Post > Pre,Table 4C
36922926,nc_01_acu_gt_con_alff,verum_gt_sham,Temporal_Inf_R,right,57.0,-21.0,-27.0,MNI,t-value,4.00158,86,Acu > Con,table
36922926,nc_01_acu_gt_con_alff,verum_gt_sham,Occipital_Mid/Sup_L,left,-33.0,-72.0,15.0,MNI,t-value,4.14463,81,Acu > Con,table
36922926,nc_01_acu_gt_con_alff,verum_gt_sham,Insula_L,left,-33.0,-9.0,12.0,MNI,t-value,4.08554,65,Acu > Con,table
36922926,nc_01_acu_gt_con_alff,verum_gt_sham,Postcentral_L,left,-57.0,0.0,39.0,MNI,t-value,3.94765,48,Acu > Con,table
36922926,nc_01_acu_gt_con_alff,verum_gt_sham,Parietal_Sup_R,right,27.0,-51.0,54.0,MNI,t-value,3.78277,45,Acu > Con,table
36922926,nc_01_acu_gt_con_alff,verum_gt_sham,Cerebellum_R,right,18.0,-63.0,-57.0,MNI,t-value,3.35485,39,Acu > Con,table
36922926,nc_01_acu_gt_con_alff,verum_gt_sham,Precuneus_R,right,6.0,-60.0,42.0,MNI,t-value,3.83540,34,Acu > Con,table
36922926,nc_01_acu_gt_con_alff,verum_gt_sham,Precentral_R,right,54.0,3.0,27.0,MNI,t-value,3.88859,31,Acu > Con,table
36922926,nc_01_acu_gt_con_alff,verum_gt_sham,Postcentral_R,right,66.0,-12.0,27.0,MNI,t-value,3.53786,31,Acu > Con,table
36922926,nc_03_acu_post_gt_pre,verum_post_gt_pre,"Frontal_Mid_R/L, Frontal_Sup_R/L, Frontal_Inf_R/L",bilateral,0.0,48.0,45.0,MNI,t-value,6.3066,2010,Post > Pre,table
36922926,nc_03_acu_post_gt_pre,verum_post_gt_pre,Caudate_L/Putamen_L,left,-21.0,3.0,9.0,MNI,t-value,4.3959,231,Post > Pre,table
36922926,36874626_C1,verum_gt_sham,Temporal_Inf_R,R,57.0,-21.0,-27.0,MNI,t,4.00158,86,Acu > Con,Table 4
36922926,36874626_C1,verum_gt_sham,Occipital_Mid/Sup_L,L,-33.0,-72.0,15.0,MNI,t,4.14463,81,Acu > Con,Table 4
36922926,36874626_C1,verum_gt_sham,Insula_L,L,-33.0,-9.0,12.0,MNI,t,4.08554,65,Acu > Con,Table 4
36922926,36874626_C1,verum_gt_sham,Postcentral_L,L,-57.0,0.0,39.0,MNI,t,3.94765,48,Acu > Con,Table 4
36922926,36874626_C1,verum_gt_sham,Parietal_Sup_R,R,27.0,-51.0,54.0,MNI,t,3.78277,45,Acu > Con,Table 4
36922926,36874626_C1,verum_gt_sham,Cerebellum_R,R,18.0,-63.0,-57.0,MNI,t,3.35485,39,Acu > Con,Table 4
36922926,36874626_C1,verum_gt_sham,Precuneus_R,R,6.0,-60.0,42.0,MNI,t,3.8354,34,Acu > Con,Table 4
36922926,36874626_C1,verum_gt_sham,Precentral_R,R,54.0,3.0,27.0,MNI,t,3.88859,31,Acu > Con,Table 4
36922926,36874626_C1,verum_gt_sham,Postcentral_R,R,66.0,-12.0,27.0,MNI,t,3.53786,31,Acu > Con,Table 4
36922926,36874626_C2,verum_post_gt_pre,Frontal_Mid_R/L Frontal_Sup_R/L Frontal_Inf_R/L,midline,0.0,48.0,45.0,MNI,t,6.3066,2010,Post > Pre,Table 5
36922926,36874626_C2,verum_post_gt_pre,Caudate_L/ Putamen_L,L,-21.0,3.0,9.0,MNI,t,4.3959,231,Post > Pre,Table 5
36922926,36860656_C1,verum_gt_sham,Temporal_Inf_R,R,57.0,-21.0,-27.0,MNI,t,4.00158,86,Acu>Con,Table 4
36922926,36860656_C1,verum_gt_sham,Occipital_Mid/Sup_L,L,-33.0,-72.0,15.0,MNI,t,4.14463,81,Acu>Con,Table 4
36922926,36860656_C1,verum_gt_sham,Insula_L,L,-33.0,-9.0,12.0,MNI,t,4.08554,65,Acu>Con,Table 4
36922926,36860656_C1,verum_gt_sham,Postcentral_L,L,-57.0,0.0,39.0,MNI,t,3.94765,48,Acu>Con,Table 4
36922926,36860656_C1,verum_gt_sham,Parietal_Sup_R,R,27.0,-51.0,54.0,MNI,t,3.78277,45,Acu>Con,Table 4
36922926,36860656_C1,verum_gt_sham,Cerebellum_R,R,18.0,-63.0,-57.0,MNI,t,3.35485,39,Acu>Con,Table 4
36922926,36860656_C1,verum_gt_sham,Precuneus_R,R,6.0,-60.0,42.0,MNI,t,3.8354,34,Acu>Con,Table 4
36922926,36860656_C1,verum_gt_sham,Precentral_R,R,54.0,3.0,27.0,MNI,t,3.88859,31,Acu>Con,Table 4
36922926,36860656_C1,verum_gt_sham,Postcentral_R,R,66.0,-12.0,27.0,MNI,t,3.53786,31,Acu>Con,Table 4
36922926,36860656_C2,verum_post_gt_pre,Frontal_Mid_R/L Frontal_Sup_R/L Frontal_Inf_R/L,midline,0.0,48.0,45.0,MNI,t,6.3066,2010,Post>Pre,Table 5
36922926,36860656_C2,verum_post_gt_pre,Caudate_L/ Putamen_L,L,-21.0,3.0,9.0,MNI,t,4.3959,231,Post>Pre,Table 5
37305743,cont_SA_post_increased_caudL,verum_post_gt_pre,Middle frontal gyrus,R,50.0,24.0,34.0,MNI (mm),T,4.34,566,increased,table
37305743,cont_SA_post_increased_globR,verum_post_gt_pre,Superior frontal gyrus,L,-26.0,27.0,-2.0,MNI (mm),T,4.99,375,increased,table
37305743,cont_SA_post_decreased_thalL,deactivation,Temporal lobe,L,-44.0,-58.0,22.0,MNI (mm),T,6.12,510,decreased,table
37305743,cont_SA_post_decreased_caudL,deactivation,Superior temporal gyrus,L,-42.0,-58.0,28.0,MNI (mm),T,5.95,489,decreased,table
37305743,cont_SA_post_decreased_caudL,deactivation,Limbic lobe,L,-4.0,-52.0,32.0,MNI (mm),T,4.47,379,decreased,table
37305743,cont_PC_post_increased_globR,group_comparison,Inferior occipital gyrus,R,30.0,-90.0,-18.0,MNI (mm),T,5.96,482,increased,table
37305743,cont_PC_post_increased_globR,group_comparison,Superior frontal gyrus,L,-22.0,58.0,-4.0,MNI (mm),T,4.66,420,increased,table
37305743,cont_PC_post_decreased_globL,deactivation,Superior frontal gyrus,R,18.0,-8.0,72.0,MNI (mm),T,4.88,343,decreased,table
37305743,37213484_C1,verum_post_gt_pre,Middle frontal gyrus,R,50.0,24.0,34.0,MNI,t,4.34,566,Increase and Reduce,Table 2
37305743,37213484_C1,verum_post_gt_pre,Superior frontal gyrus,L,-26.0,27.0,-2.0,MNI,t,4.99,375,Increase and Reduce,Table 2
37305743,37213484_C1,verum_post_gt_pre,Temporal lobe,L,-44.0,-58.0,22.0,MNI,t,6.12,510,Increase and Reduce,Table 2
37305743,37213484_C1,verum_post_gt_pre,Superior temporal gyrus,L,-42.0,-58.0,28.0,MNI,t,5.95,489,Increase and Reduce,Table 2
37305743,37213484_C1,verum_post_gt_pre,Limbic lobe,L,-4.0,-52.0,32.0,MNI,t,4.47,379,Increase and Reduce,Table 2
37305743,37213484_C2,group_comparison,Inferior occipital gyrus,R,30.0,-90.0,-18.0,MNI,t,5.96,482,Increase and Reduce,Table 3
37305743,37213484_C2,group_comparison,Superior frontal gyrus,L,-22.0,58.0,-4.0,MNI,t,4.66,420,Increase and Reduce,Table 3
37305743,37213484_C2,group_comparison,Superior frontal gyrus,R,18.0,-8.0,72.0,MNI,t,4.88,343,Increase and Reduce,Table 3
37721727,contrast_12,correlation_clinical,left posterior cingulate cortex (PCC) / midbrain (Harvard-Oxford Atlas),left,-4.0,-31.0,-4.0,MNI,not_reported,not_reported,not_reported,not_applicable,text
37901421,c01_rvlm_r_set1vs3_increase,verum_gt_sham,R Sup. Front. Gyrus,R,24.0,45.0,-15.0,not_reported,t-max,4.76,170,Pre < Post (FC enhanced),table
37901421,c02_rvlm_r_set2vs3_increase,group_comparison,R Mid./Inf. Front. Gyrus,R,42.0,54.0,-6.0,not_reported,t-max,4.29,353,Pre < Post (FC enhanced),table
37901421,c03_rvlm_l_set2vs3_increase,group_comparison,R Mid. Front. Gyrus,R,45.0,30.0,-3.0,not_reported,t-max,4,248,Pre < Post (FC enhanced),table
37901421,c04_cvlm_l_set1vs2_increase,verum_gt_sham,L Mid. Temp./Occi. Gyrus,L,-48.0,-75.0,18.0,not_reported,t-max,3.96,207,Pre < Post (FC enhanced),table
37901421,c05_cvlm_r_set1vs3_decrease,deactivation,R Post/Precentral Gyrus,R,42.0,-30.0,48.0,not_reported,t-max,5.09,420,Pre > Post (FC weakened),table
37901421,c06_ntsna_l_set1vs2_increase,verum_gt_sham,L Mid. Occi. Gyrus,L,-42.0,-78.0,6.0,not_reported,t-max,4.36,178,Pre < Post (FC enhanced),table
37901421,c07_ntsna_l_set2vs3_decrease,deactivation,R Postcentral Gyrus,R,24.0,-39.0,66.0,not_reported,t-max,3.92,184,Pre > Post (FC weakened),table
37901421,c07_ntsna_l_set2vs3_decrease,deactivation,L Postcentral Gyrus,L,-21.0,-36.0,66.0,not_reported,t-max,4.63,257,Pre > Post (FC weakened),table
37901421,c08_dmv_set1vs3_decrease,deactivation,R Postcentral Gyrus,R,42.0,-30.0,48.0,not_reported,t-max,3.97,188,Pre > Post (FC weakened),table
37901421,c09_rvlm_r_set2_hf_pos,correlation_clinical,R Sup./Mid. Front. Gyrus,R,42.0,18.0,48.0,not_reported,t-max,4.05,231,Positive correlation,table
37901421,c10_rvlm_r_set3_hf_neg,correlation_clinical,Dentate nucleus/Pons,not_reported,-6.0,-51.0,-33.0,not_reported,t-max,5.3,320,Negative correlation,table
37901421,c11_rvlm_l_set2_hf_pos,correlation_clinical,R Sup./Mid. Front. Gyrus,R,39.0,36.0,36.0,not_reported,t-max,3.5,165,Positive correlation,table
37901421,c12_rvlm_l_set3_hf_pos,correlation_clinical,L Pariet. Lobe - Precuneus,L,-12.0,-48.0,51.0,not_reported,t-max,4.49,254,Positive correlation,table
37901421,c13_rvlm_l_set3_hf_neg,correlation_clinical,Dentate nucleus/Pons,not_reported,-6.0,-48.0,-33.0,not_reported,t-max,5.79,406,Negative correlation,table
37901421,c14_cvlm_r_set3_hf_pos,correlation_clinical,L Thalamus,L,-3.0,-6.0,12.0,not_reported,t-max,4.08,435,Positive correlation,table
37901421,c15_ntsna_r_set2_hf_pos,correlation_clinical,R Sup./Inf. Pariet. Lobule Pariet. Lobe – Precuneus,R,36.0,-72.0,36.0,not_reported,t-max,3.97,219,Positive correlation,table
37901421,c15_ntsna_r_set2_hf_pos,correlation_clinical,R Sup./Mid. Front. Gyrus,R,36.0,21.0,57.0,not_reported,t-max,3.94,310,Positive correlation,table
37901421,c16_ntsna_l_set2_hf_pos,correlation_clinical,R Sup./Mid. Front. Gyrus,R,42.0,24.0,48.0,not_reported,t-max,4.22,183,Positive correlation,table
37901421,c17_rvlm_r_set3_lfhf_pos,correlation_clinical,Dentate nucleus/Pons,not_reported,-6.0,-51.0,-33.0,not_reported,t-max,5.37,644,Positive correlation,table
37901421,c18_rvlm_l_set3_lfhf_pos,correlation_clinical,Dentate nucleus/Pons,not_reported,-9.0,-51.0,-33.0,not_reported,t-max,6.01,777,Positive correlation,table
37901421,c19_rvlm_l_set3_lfhf_neg,correlation_clinical,L Pariet. Lobe - Precuneus,L,-12.0,-51.0,51.0,not_reported,t-max,4.77,302,Negative correlation,table
37901421,c20_cvlm_r_set2_lfhf_neg,correlation_clinical,R Mid./Inf. Front. Gyrus,R,36.0,12.0,39.0,not_reported,t-max,3.78,201,Negative correlation,table
37901421,c21_cvlm_r_set3_lfhf_neg,correlation_clinical,L Thalamus,L,-3.0,-9.0,12.0,not_reported,t-max,3.85,206,Negative correlation,table
37901421,c22_ntsna_r_set3_lfhf_pos,correlation_clinical,Cerebellum Ant./Post. Lobe,not_reported,-30.0,-60.0,-51.0,not_reported,t-max,4.27,380,Positive correlation,table
37901421,c23_ntsna_r_set2_lfhf_neg,correlation_clinical,R Mid. Front. Gyrus,R,42.0,21.0,45.0,not_reported,t-max,4.26,233,Negative correlation,table
37901421,c24_dmv_set2_lfhf_neg,correlation_clinical,L Postcentral gyrus,L,-54.0,-18.0,39.0,not_reported,t-max,3.89,163,Negative correlation,table
37901421,37869519_C1,other,RVLM (right),R,7.0,-34.0,-45.0,MNI,NR,not_reported,not_reported,seed definition,Table 2
37901421,37869519_C1,other,RVLM (left),L,-7.0,-34.0,-45.0,MNI,NR,not_reported,not_reported,seed definition,Table 2
37901421,37869519_C1,other,CVLM (right),R,6.0,-38.0,-55.0,MNI,NR,not_reported,not_reported,seed definition,Table 2
37901421,37869519_C1,other,CVLM (left),L,-6.0,-38.0,-55.0,MNI,NR,not_reported,not_reported,seed definition,Table 2
37901421,37869519_C1,other,NTS/NA (right),R,5.0,-42.0,-48.0,MNI,NR,not_reported,not_reported,seed definition,Table 2
37901421,37869519_C1,other,NTS/NA (left),L,-5.0,-42.0,-48.0,MNI,NR,not_reported,not_reported,seed definition,Table 2
37901421,37869519_C1,other,DMV,midline,1.0,-45.0,-54.0,MNI,NR,not_reported,not_reported,seed definition,Table 2
37901421,37869519_C2,verum_gt_sham,R Sup. Front. Gyrus,R,24.0,45.0,-15.0,MNI,t,4.76,170,Pre < Post (enhanced FC in Set 3 vs Set 1),Table 4
37901421,37869519_C3,group_comparison,R Mid./Inf. Front. Gyrus,R,42.0,54.0,-6.0,MNI,t,4.29,353,Pre < Post (enhanced FC in Set 3 vs Set 2),Table 4
37901421,37869519_C3,group_comparison,R Mid. Front. Gyrus,R,45.0,30.0,-3.0,MNI,t,4.0,248,Pre < Post (enhanced FC in Set 3 vs Set 2),Table 4
37901421,37869519_C4,verum_gt_sham,L Mid. Temp./Occi. Gyrus,L,-48.0,-75.0,18.0,MNI,t,3.96,207,Pre < Post (enhanced FC in Set 2 vs Set 1),Table 4
37901421,37869519_C5,deactivation,R Post/Precentral Gyrus,R,42.0,-30.0,48.0,MNI,t,5.09,420,Pre > Post (weakened FC in Set 3 vs Set 1),Table 4
37901421,37869519_C6,verum_gt_sham,L Mid. Occi. Gyrus,L,-42.0,-78.0,6.0,MNI,t,4.36,178,Pre < Post (enhanced FC in Set 2 vs Set 1),Table 4
37901421,37869519_C7,deactivation,R Postcentral Gyrus,R,24.0,-39.0,66.0,MNI,t,3.92,184,Pre > Post (weakened FC in Set 3 vs Set 2),Table 4
37901421,37869519_C7,deactivation,L Postcentral Gyrus,L,-21.0,-36.0,66.0,MNI,t,4.63,257,Pre > Post (weakened FC in Set 3 vs Set 2),Table 4
37901421,37869519_C8,deactivation,R Postcentral Gyrus,R,42.0,-30.0,48.0,MNI,t,3.97,188,Pre > Post (weakened FC in Set 3 vs Set 1),Table 4
37901421,37869519_C9,correlation_clinical,R Sup./Mid. Front. Gyrus,R,42.0,18.0,48.0,MNI,t,4.05,231,Positive correlation,Table 5
37901421,37869519_C10,correlation_clinical,R Sup./Mid. Front. Gyrus,R,39.0,36.0,36.0,MNI,t,3.5,165,Positive correlation,Table 5
37901421,37869519_C11,correlation_clinical,L Pariet. Lobe - Precuneus,L,-12.0,-48.0,51.0,MNI,t,4.49,254,Positive correlation,Table 5
37901421,37869519_C12,correlation_clinical,L Thalamus,L,-3.0,-6.0,12.0,MNI,t,4.08,435,Positive correlation,Table 5
37901421,37869519_C13,correlation_clinical,R Sup./Inf. Pariet. Lobule Pariet. Lobe - Precuneus,R,36.0,-72.0,36.0,MNI,t,3.97,219,Positive correlation,Table 5
37901421,37869519_C13,correlation_clinical,R Sup./Mid. Front. Gyrus,R,36.0,21.0,57.0,MNI,t,3.94,310,Positive correlation,Table 5
37901421,37869519_C14,correlation_clinical,R Sup./Mid. Front. Gyrus,R,42.0,24.0,48.0,MNI,t,4.22,183,Positive correlation,Table 5
37901421,37869519_C15,correlation_clinical,Dentate nucleus/Pons,L,-6.0,-51.0,-33.0,MNI,t,5.3,320,Negative correlation,Table 5
37901421,37869519_C16,correlation_clinical,Dentate nucleus/Pons,L,-6.0,-48.0,-33.0,MNI,t,5.79,406,Negative correlation,Table 5
37901421,37869519_C17,correlation_clinical,Dentate nucleus/Pons,L,-6.0,-51.0,-33.0,MNI,t,5.37,644,Positive correlation,Table 6
37901421,37869519_C18,correlation_clinical,Dentate nucleus/Pons,L,-9.0,-51.0,-33.0,MNI,t,6.01,777,Positive correlation,Table 6
37901421,37869519_C19,correlation_clinical,Cerebellum Ant./Post. Lobe,L,-30.0,-60.0,-51.0,MNI,t,4.27,380,Positive correlation,Table 6
37901421,37869519_C20,correlation_clinical,L Pariet. Lobe - Precuneus,L,-12.0,-51.0,51.0,MNI,t,4.77,302,Negative correlation,Table 6
37901421,37869519_C21,correlation_clinical,R Mid./Inf. Front. Gyrus,R,36.0,12.0,39.0,MNI,t,3.78,201,Negative correlation,Table 6
37901421,37869519_C22,correlation_clinical,L Thalamus,L,-3.0,-9.0,12.0,MNI,t,3.85,206,Negative correlation,Table 6
37901421,37869519_C23,correlation_clinical,R Mid. Front. Gyrus,R,42.0,21.0,45.0,MNI,t,4.26,233,Negative correlation,Table 6
37901421,37869519_C24,correlation_clinical,L Postcentral gyrus,L,-54.0,-18.0,39.0,MNI,t,3.89,163,Negative correlation,Table 6
38245739,con_alff_group1_gt_group2_tp1,group_comparison,Fusiform_L,Left,-30.0,-6.0,-45.0,MNI,T,5.85,285,"Group1 increased (Group2>Group1 in table header, T positive = Group2 higher; however paper text states increased ALFF in left fusiform gyrus in Group1 compared with Group2)",table
38245739,con_alff_group2_gt_group1_tp1,group_comparison,Angular_R,Right,36.0,-69.0,42.0,MNI,T,-4.69,209,decreased in Group1 relative to Group2,table
38245739,con_alff_group2_gt_group1_tp1,group_comparison,Occipital_Mid_L,Left,-30.0,-78.0,36.0,MNI,T,-4.33,121,decreased in Group1 relative to Group2,table
38245739,con_alff_group2_gt_group1_tp1,group_comparison,Frontal_Sup_R,Right,18.0,9.0,66.0,MNI,T,-4.32,117,decreased in Group1 relative to Group2,table
38245739,con_alff_group2_gt_group1_tp1,group_comparison,Frontal_Mid_L,Left,-33.0,3.0,54.0,MNI,T,-4.29,133,decreased in Group1 relative to Group2,table
38245739,con_alff_group2_gt_group1_tp1,group_comparison,Parietal_Inf_L,Left,-45.0,-46.0,47.0,MNI,T,-4.14,228,decreased in Group1 relative to Group2,table
38245739,con_dc_group1_gt_group2_tp1,group_comparison,Temporal_Inf_R,Right,54.0,-30.0,-22.0,MNI,T,8.71,116,increased in Group1 relative to Group2,table
38245739,con_dc_group1_gt_group2_tp1,group_comparison,Temporal_Inf_L,Left,-50.0,-28.0,-20.0,MNI,T,8.71,139,increased in Group1 relative to Group2,table
38245739,con_dc_group1_gt_group2_tp1,group_comparison,Temporal_Mid_R,Right,57.0,-37.0,-3.0,MNI,T,8.71,229,increased in Group1 relative to Group2,table
38245739,con_dc_group1_gt_group2_tp1,group_comparison,Fusiform_R,Right,-30.0,-40.0,-25.0,MNI,T,8.71,81,increased in Group1 relative to Group2,table
38245739,con_dc_group1_gt_group2_tp1,group_comparison,Fusiform_L,Left,30.0,-6.0,-45.0,MNI,T,8.71,74,increased in Group1 relative to Group2,table
38245739,con_dc_group2_gt_group1_tp1,group_comparison,Angular_R,Right,46.0,-60.0,39.0,MNI,T,-5.42,343,decreased in Group1 relative to Group2,table
38245739,con_dc_group2_gt_group1_tp1,group_comparison,SupraMarginal_R,Right,51.0,-33.0,42.0,MNI,T,-5.43,229,decreased in Group1 relative to Group2,table
38245739,con_dc_group2_gt_group1_tp1,group_comparison,Parietal_Inf_R,Right,26.0,-59.0,62.0,MNI,T,-5.42,160,decreased in Group1 relative to Group2,table
38245739,con_dc_group2_gt_group1_tp1,group_comparison,Occipital_Mid_R,Right,38.0,-80.0,-8.0,MNI,T,-5.42,111,decreased in Group1 relative to Group2,table
38245739,con_dc_group2_gt_group1_tp1,group_comparison,Frontal_Sup_R,Right,22.0,30.0,41.0,MNI,T,-5.84,490,decreased in Group1 relative to Group2,table
38245739,con_dc_group2_gt_group1_tp1,group_comparison,Frontal_Mid_R,Right,38.0,33.0,32.0,MNI,T,-5.84,286,decreased in Group1 relative to Group2,table
38245739,con_dc_group2_gt_group1_tp1,group_comparison,Precentral_R,Right,40.0,-8.0,50.0,MNI,T,-5.84,121,decreased in Group1 relative to Group2,table
38245739,con_dc_group2_gt_group1_tp1,group_comparison,Supp_Motor_Area_R,Right,8.0,50.0,-7.0,MNI,T,-5.84,117,decreased in Group1 relative to Group2,table
38245739,con_alff_tp2lt_tp1_group1,verum_post_gt_pre,Temporal_Inf_R,Right,44.0,7.0,-39.0,MNI,T,-2.92,134,decreased after acupuncture,table
38245739,con_alff_tp2lt_tp1_group1,verum_post_gt_pre,Fusiform_R,Right,36.0,-9.0,-42.0,MNI,T,-3.27,68,decreased after acupuncture,table
38245739,con_alff_tp2lt_tp1_group1,verum_post_gt_pre,Temporal_Pole_Mid_R,Right,44.0,15.0,-32.0,MNI,T,-3.09,22,decreased after acupuncture,table
38245739,con_dc_tp2lt_tp1_group1,verum_post_gt_pre,Temporal_Inf_R,Right,42.0,3.0,-42.0,MNI,T,-3.89,145,decreased after acupuncture,table
38245739,con_dc_tp2lt_tp1_group1,verum_post_gt_pre,Fusiform_R,Right,38.0,-10.0,-41.0,MNI,T,-3.68,81,decreased after acupuncture,table
38245739,con_dc_tp2lt_tp1_group1,verum_post_gt_pre,Temporal_Pole_Mid_R,Right,42.0,16.0,-33.0,MNI,T,-3.53,57,decreased after acupuncture,table
38245739,38233858_C1,group_comparison,Fusiform_L,L,-30.0,-6.0,-45.0,MNI,t,5.85,285,Group2 > Group1 (increased ALFF in MWoA relative to HC),Table 2
38245739,38233858_C2,group_comparison,Angular_R,R,36.0,-69.0,42.0,MNI,t,-4.69,209,Group2 < Group1 (decreased ALFF in MWoA relative to HC),Table 2
38245739,38233858_C2,group_comparison,Occipital_Mid_L,L,-30.0,-78.0,36.0,MNI,t,-4.33,121,Group2 < Group1 (decreased ALFF in MWoA relative to HC),Table 2
38245739,38233858_C2,group_comparison,Frontal_Sup_R,R,18.0,9.0,66.0,MNI,t,-4.32,117,Group2 < Group1 (decreased ALFF in MWoA relative to HC),Table 2
38245739,38233858_C2,group_comparison,Frontal_Mid_L,L,-33.0,3.0,54.0,MNI,t,-4.29,133,Group2 < Group1 (decreased ALFF in MWoA relative to HC),Table 2
38245739,38233858_C2,group_comparison,Parietal_Inf_L,L,-45.0,-46.0,47.0,MNI,t,-4.14,228,Group2 < Group1 (decreased ALFF in MWoA relative to HC),Table 2
38245739,38233858_C3,group_comparison,Temporal_Inf_R,R,54.0,-30.0,-22.0,MNI,t,8.71,116,Group2 > Group1 (increased DC in MWoA relative to HC),Table 2
38245739,38233858_C3,group_comparison,Temporal_Inf_L,L,-50.0,-28.0,-20.0,MNI,t,8.71,139,Group2 > Group1 (increased DC in MWoA relative to HC),Table 2
38245739,38233858_C3,group_comparison,Temporal_Mid_R,R,57.0,-37.0,-3.0,MNI,t,8.71,229,Group2 > Group1 (increased DC in MWoA relative to HC),Table 2
38245739,38233858_C3,group_comparison,Fusiform_R,L,-30.0,-40.0,-25.0,MNI,t,8.71,81,Group2 > Group1 (increased DC in MWoA relative to HC),Table 2
38245739,38233858_C3,group_comparison,Fusiform_L,R,30.0,-6.0,-45.0,MNI,t,8.71,74,Group2 > Group1 (increased DC in MWoA relative to HC),Table 2
38245739,38233858_C4,group_comparison,Angular_R,R,46.0,-60.0,39.0,MNI,t,-5.42,343,Group2 < Group1 (decreased DC in MWoA relative to HC),Table 2
38245739,38233858_C4,group_comparison,SupraMarginal_R,R,51.0,-33.0,42.0,MNI,t,-5.43,229,Group2 < Group1 (decreased DC in MWoA relative to HC),Table 2
38245739,38233858_C4,group_comparison,Parietal_Inf_R,R,26.0,-59.0,62.0,MNI,t,-5.42,160,Group2 < Group1 (decreased DC in MWoA relative to HC),Table 2
38245739,38233858_C4,group_comparison,Occipital_Mid_R,R,38.0,-80.0,-8.0,MNI,t,-5.42,111,Group2 < Group1 (decreased DC in MWoA relative to HC),Table 2
38245739,38233858_C4,group_comparison,Frontal_Sup_R,R,22.0,30.0,41.0,MNI,t,-5.84,490,Group2 < Group1 (decreased DC in MWoA relative to HC),Table 2
38245739,38233858_C4,group_comparison,Frontal_Mid_R,R,38.0,33.0,32.0,MNI,t,-5.84,286,Group2 < Group1 (decreased DC in MWoA relative to HC),Table 2
38245739,38233858_C4,group_comparison,Precentral_R,R,40.0,-8.0,50.0,MNI,t,-5.84,121,Group2 < Group1 (decreased DC in MWoA relative to HC),Table 2
38245739,38233858_C4,group_comparison,Supp_Motor_Area_R,R,8.0,50.0,-7.0,MNI,t,-5.84,117,Group2 < Group1 (decreased DC in MWoA relative to HC),Table 2
38245739,38233858_C5,verum_post_gt_pre,Temporal_Inf_R,R,44.0,7.0,-39.0,MNI,t,-2.92,134,TP2 < TP1 (decreased ALFF after acupuncture),Table 3
38245739,38233858_C5,verum_post_gt_pre,Fusiform_R,R,36.0,-9.0,-42.0,MNI,t,-3.27,68,TP2 < TP1 (decreased ALFF after acupuncture),Table 3
38245739,38233858_C5,verum_post_gt_pre,Temporal_Pole_Mid_R,R,44.0,15.0,-32.0,MNI,t,-3.09,22,TP2 < TP1 (decreased ALFF after acupuncture),Table 3
38245739,38233858_C6,verum_post_gt_pre,Temporal_Inf_R,R,42.0,3.0,-42.0,MNI,t,-3.89,145,TP2 < TP1 (decreased DC after acupuncture),Table 3
38245739,38233858_C6,verum_post_gt_pre,Fusiform_R,R,38.0,-10.0,-41.0,MNI,t,-3.68,81,TP2 < TP1 (decreased DC after acupuncture),Table 3
38245739,38233858_C6,verum_post_gt_pre,Temporal_Pole_Mid_R,R,42.0,16.0,-33.0,MNI,t,-3.53,57,TP2 < TP1 (decreased DC after acupuncture),Table 3
38245739,38245731_C1,group_comparison,Fusiform_L,L,-30.0,-6.0,-45.0,MNI,t,5.85,285,Group2 > Group1,Table 2
38245739,38245731_C2,group_comparison,Angular_R,R,36.0,-69.0,42.0,MNI,t,-4.69,209,Group2 < Group1,Table 2
38245739,38245731_C2,group_comparison,Occipital_Mid_L,L,-30.0,-78.0,36.0,MNI,t,-4.33,121,Group2 < Group1,Table 2
38245739,38245731_C2,group_comparison,Frontal_Sup_R,R,18.0,9.0,66.0,MNI,t,-4.32,117,Group2 < Group1,Table 2
38245739,38245731_C2,group_comparison,Frontal_Mid_L,L,-33.0,3.0,54.0,MNI,t,-4.29,133,Group2 < Group1,Table 2
38245739,38245731_C2,group_comparison,Parietal_Inf_L,L,-45.0,-46.0,47.0,MNI,t,-4.14,228,Group2 < Group1,Table 2
38245739,38245731_C3,group_comparison,Temporal_Inf_R,R,54.0,-30.0,-22.0,MNI,t,8.71,116,Group2 > Group1,Table 2
38245739,38245731_C3,group_comparison,Temporal_Inf_L,L,-50.0,-28.0,-20.0,MNI,t,8.71,139,Group2 > Group1,Table 2
38245739,38245731_C3,group_comparison,Temporal_Mid_R,R,57.0,-37.0,-3.0,MNI,t,8.71,229,Group2 > Group1,Table 2
38245739,38245731_C3,group_comparison,Fusiform_R,L,-30.0,-40.0,-25.0,MNI,t,8.71,81,Group2 > Group1,Table 2
38245739,38245731_C3,group_comparison,Fusiform_L,R,30.0,-6.0,-45.0,MNI,t,8.71,74,Group2 > Group1,Table 2
38245739,38245731_C4,group_comparison,Angular_R,R,46.0,-60.0,39.0,MNI,t,-5.42,343,Group2 < Group1,Table 2
38245739,38245731_C4,group_comparison,SupraMarginal_R,R,51.0,-33.0,42.0,MNI,t,-5.43,229,Group2 < Group1,Table 2
38245739,38245731_C4,group_comparison,Parietal_Inf_R,R,26.0,-59.0,62.0,MNI,t,-5.42,160,Group2 < Group1,Table 2
38245739,38245731_C4,group_comparison,Occipital_Mid_R,R,38.0,-80.0,-8.0,MNI,t,-5.42,111,Group2 < Group1,Table 2
38245739,38245731_C4,group_comparison,Frontal_Sup_R,R,22.0,30.0,41.0,MNI,t,-5.84,490,Group2 < Group1,Table 2
38245739,38245731_C4,group_comparison,Frontal_Mid_R,R,38.0,33.0,32.0,MNI,t,-5.84,286,Group2 < Group1,Table 2
38245739,38245731_C4,group_comparison,Precentral_R,R,40.0,-8.0,50.0,MNI,t,-5.84,121,Group2 < Group1,Table 2
38245739,38245731_C4,group_comparison,Supp_Motor_Area_R,R,8.0,50.0,-7.0,MNI,t,-5.84,117,Group2 < Group1,Table 2
38245739,38245731_C5,verum_post_gt_pre,Temporal_Inf_R,R,44.0,7.0,-39.0,MNI,t,-2.92,134,TP2 < TP1,Table 3
38245739,38245731_C5,verum_post_gt_pre,Fusiform_R,R,36.0,-9.0,-42.0,MNI,t,-3.27,68,TP2 < TP1,Table 3
38245739,38245731_C5,verum_post_gt_pre,Temporal_Pole_Mid_R,R,44.0,15.0,-32.0,MNI,t,-3.09,22,TP2 < TP1,Table 3
38245739,38245731_C6,verum_post_gt_pre,Temporal_Inf_R,R,42.0,3.0,-42.0,MNI,t,-3.89,145,TP2 < TP1,Table 3
38245739,38245731_C6,verum_post_gt_pre,Fusiform_R,R,38.0,-10.0,-41.0,MNI,t,-3.68,81,TP2 < TP1,Table 3
38245739,38245731_C6,verum_post_gt_pre,Temporal_Pole_Mid_R,R,42.0,16.0,-33.0,MNI,t,-3.53,57,TP2 < TP1,Table 3
38249582,c01_within_1min_decrease,verum_post_gt_pre,Inferior frontal gyrus,R,45.0,30.0,9.0,MNI,T-value,-29.98,16,decreased,table
38249582,c02_within_2min_increase,verum_post_gt_pre,Insula,R,39.0,-15.0,6.0,MNI,T-value,35.41,24,increased,table
38249582,c03_within_3min_increase,verum_post_gt_pre,Inferior temporal gyrus,R,51.0,-69.0,-3.0,MNI,T-value,11.52,46,increased,table
38249582,c04_between_2min_vs_1min_decrease,group_comparison,Precentral gyrus,R,33.0,0.0,42.0,MNI,T-value,-7.77,18,decreased (2-min relative to 1-min),table
38249582,c05_between_3min_vs_2min_increase,group_comparison,Cerebellum anterior lobe,R,33.0,-36.0,-30.0,MNI,T-value,6.8,27,increased (3-min relative to 2-min),table
38249582,c06_between_3min_vs_1min_increase,group_comparison,Cerebellum posterior lobe,L,-21.0,-33.0,-33.0,MNI,T-value,9.84,56,increased (3-min relative to 1-min),table
38249582,c07_between_3min_vs_1min_decrease_pcg,group_comparison,Posterior cingulate gyrus,R,6.0,-60.0,12.0,MNI,T-value,-7.87,33,decreased (3-min relative to 1-min),table
38249582,c08_between_3min_vs_1min_decrease_acg,group_comparison,Anterior cingulate gyrus,R,15.0,36.0,21.0,MNI,T-value,-8.31,24,decreased (3-min relative to 1-min),table
38249582,38192603_C1,verum_post_gt_pre,Inferior frontal gyrus,R,45.0,30.0,9.0,MNI,t,-29.98,16,decreased,Table 3
38249582,38192603_C2,verum_post_gt_pre,Insula,R,39.0,-15.0,6.0,MNI,t,35.41,24,increased,Table 3
38249582,38192603_C3,verum_post_gt_pre,Inferior temporal gyrus,R,51.0,-69.0,-3.0,MNI,t,11.52,46,increased,Table 3
38249582,38192603_C4,group_comparison,Precentral gyrus,R,33.0,0.0,42.0,MNI,t,-7.77,18,decreased (2-min < 1-min),Table 4
38249582,38192603_C5,group_comparison,Cerebellum anterior lobe,R,33.0,-36.0,-30.0,MNI,t,6.8,27,increased (3-min > 2-min),Table 4
38249582,38192603_C6,group_comparison,Cerebellum posterior lobe,L,-21.0,-33.0,-33.0,MNI,t,9.84,56,mixed (increased in cerebellum posterior lobe; decreased in cingulate gyri),Table 4
38249582,38192603_C6,group_comparison,Posterior cingulate gyrus,R,6.0,-60.0,12.0,MNI,t,-7.87,33,mixed (increased in cerebellum posterior lobe; decreased in cingulate gyri),Table 4
38249582,38192603_C6,group_comparison,Anterior cingulate gyrus,R,15.0,36.0,21.0,MNI,t,-8.31,24,mixed (increased in cerebellum posterior lobe; decreased in cingulate gyri),Table 4
38585348,C1_EGpre_vs_CG,group_comparison,Left superior temporal gyrus,Left,-42.0,-33.0,0.0,MNI,T-value (Peak intensity),-4.611,192,decreased FC in ST patients vs CG,table
38585348,C1_EGpre_vs_CG,group_comparison,Right hippocampus,Right,45.0,3.0,-21.0,MNI,T-value (Peak intensity),-4.559,102,decreased FC in ST patients vs CG,table
38585348,C2_EGpost_vs_CG,group_comparison,Right superior frontal gyrus,Right,21.0,18.0,42.0,MNI,T-value (Peak intensity),-5.252,113,decreased FC in ST patients (post-treatment) vs CG,table
38585348,C2_EGpost_vs_CG,group_comparison,Left middle frontal gyrus,Left,-24.0,30.0,42.0,MNI,T-value (Peak intensity),-5.270,42,decreased FC in ST patients (post-treatment) vs CG,table
38585348,C2_EGpost_vs_CG,group_comparison,Right anterior cuneus,Right,3.0,-51.0,45.0,MNI,T-value (Peak intensity),-4.515,32,decreased FC in ST patients (post-treatment) vs CG,table
38585348,C3_EGpost_vs_EGpre,verum_post_gt_pre,Right middle frontal gyrus,Right,12.0,15.0,30.0,MNI,T-value (Peak intensity),-4.419,67,decreased FC after treatment vs before treatment,table
38585348,C3_EGpost_vs_EGpre,verum_post_gt_pre,Left superior frontal gyrus,Left,-6.0,21.0,60.0,MNI,T-value (Peak intensity),-4.324,66,decreased FC after treatment vs before treatment,table
38585348,C3_EGpost_vs_EGpre,verum_post_gt_pre,Right paracentral lobule,Right,3.0,-36.0,63.0,MNI,T-value (Peak intensity),-4.388,56,decreased FC after treatment vs before treatment,table
38585348,20838644_C1,verum_gt_sham,Left Postcentral Gyrus,L,-28.0,-42.0,68.0,MNI,p,not_reported,169,activation,Table 1
38585348,20838644_C1,verum_gt_sham,Left Superior Frontal Gyrus,L,-26.0,-6.0,62.0,MNI,p,not_reported,85,activation,Table 1
38585348,20838644_C1,verum_gt_sham,Left Middle Frontal Gyrus,L,-44.0,34.0,26.0,MNI,p,not_reported,20,activation,Table 1
38585348,20838644_C2,verum_gt_sham,Left Posterior Cingulate,L,-10.0,-50.0,6.0,MNI,p,not_reported,84,activation,Table 1
38585348,20838644_C3,verum_gt_sham,Left Cingulate Gyrus,L,-6.0,0.0,42.0,MNI,p,not_reported,48,activation,Table 1
38585348,20838644_C4,verum_gt_sham,Right Postcentral Gyrus,R,50.0,-26.0,48.0,MNI,p,not_reported,40,activation,Table 1
38585348,20838644_C5,deactivation,Left Cerebellar Tonsil,L,-26.0,-42.0,-32.0,MNI,p,not_reported,54,deactivation,Table 1
38585348,20838644_C5,deactivation,"Left Occipital Lobe, Precuneus",L,-8.0,-66.0,18.0,MNI,p,not_reported,69,deactivation,Table 1
38585348,20838644_C6,deactivation,Right Middle Frontal Gyrus,R,36.0,6.0,52.0,MNI,p,not_reported,96,deactivation,Table 1
38585348,20838644_C6,deactivation,Left Middle Frontal Gyrus,L,-26.0,12.0,62.0,MNI,p,not_reported,83,deactivation,Table 1
38585348,20838644_C6,deactivation,Right Superior Frontal Gyrus,R,20.0,14.0,54.0,MNI,p,not_reported,151,deactivation,Table 1
38585348,20838644_C6,deactivation,Right Middle Temporal Gyrus,R,42.0,-60.0,22.0,MNI,p,not_reported,131,deactivation,Table 1
38585348,20838644_C6,deactivation,Right Caudate,R,10.0,8.0,8.0,MNI,p,not_reported,35,deactivation,Table 1
38585348,20838644_C7,deactivation,Left Parahippocampal Gyrus,L,-26.0,-56.0,-4.0,MNI,p,not_reported,182,deactivation,Table 1
38651018,38646007_C1,other,Precuneus (left),L,-7.12,-52.22,60.71,MNI,NR,not_reported,not_reported,N/A - atlas coordinates,Table 2
38651018,38646007_C1,other,S1/M1 (left),L,-39.63,-19.04,54.21,MNI,NR,not_reported,not_reported,N/A - atlas coordinates,Table 2
38651018,38646007_C1,other,M1 (right),R,44.34,-7.55,56.98,MNI,NR,not_reported,not_reported,N/A - atlas coordinates,Table 2
38651018,38646007_C1,other,M1-sup. parietal cortex (left),L,-29.1,-43.0,60.66,MNI,NR,not_reported,not_reported,N/A - atlas coordinates,Table 2
38651018,38646007_C1,other,Paracentral lobule (right),R,2.4,-27.94,60.15,MNI,NR,not_reported,not_reported,N/A - atlas coordinates,Table 2
38651018,38646007_C1,other,Supplementary motor area (left),L,-2.88,2.38,53.21,MNI,NR,not_reported,not_reported,N/A - atlas coordinates,Table 2
38651018,38646007_C1,other,Supplementary motor area (right),R,6.52,7.69,50.58,MNI,NR,not_reported,not_reported,N/A - atlas coordinates,Table 2
38651018,38646007_C1,other,Sup. parietal gyrus (right),R,25.34,-58.18,60.34,MNI,NR,not_reported,not_reported,N/A - atlas coordinates,Table 2
38651018,38646007_C1,other,Sup. parietal gyrus (left),L,-16.5,-58.57,64.46,MNI,NR,not_reported,not_reported,N/A - atlas coordinates,Table 2
38651018,38646007_C1,other,Ant. insula (left),L,-35.44,20.03,0.07,MNI,NR,not_reported,not_reported,N/A - atlas coordinates,Table 2
38651018,38646007_C1,other,Ant. insula (right),R,35.91,21.91,2.62,MNI,NR,not_reported,not_reported,N/A - atlas coordinates,Table 2
38651018,38646007_C1,other,Mid. insula (left),L,-44.76,0.1,8.83,MNI,NR,not_reported,not_reported,N/A - atlas coordinates,Table 2
38651018,38646007_C1,other,Thalamus (left),L,-10.28,-18.48,7.04,MNI,NR,not_reported,not_reported,N/A - atlas coordinates,Table 2
38651018,38646007_C1,other,Thalamus (right),R,11.75,-17.18,7.54,MNI,NR,not_reported,not_reported,N/A - atlas coordinates,Table 2
38651018,38646007_C1,other,Inf. operculum - sup. temporal gyrus - ant. insula (left),L,-51.26,8.26,-2.06,MNI,NR,not_reported,not_reported,N/A - atlas coordinates,Table 2
38651018,38646007_C1,other,Sup-mid. frontal gyrus (right),R,23.33,33.07,47.68,MNI,NR,not_reported,not_reported,N/A - atlas coordinates,Table 2
38651018,38646007_C1,other,Sup. frontal gyrus (left),L,-16.4,28.52,53.05,MNI,NR,not_reported,not_reported,N/A - atlas coordinates,Table 2
38651018,38646007_C1,other,Mid. frontal gyrus (left),L,-35.36,19.86,50.8,MNI,NR,not_reported,not_reported,N/A - atlas coordinates,Table 2
38651018,38646007_C1,other,Sup. med. frontal gyrus (right),R,6.11,63.98,21.96,MNI,NR,not_reported,not_reported,N/A - atlas coordinates,Table 2
38651018,38646007_C1,other,Sup. med. frontal gyrus (left),L,-2.06,37.85,36.34,MNI,NR,not_reported,not_reported,N/A - atlas coordinates,Table 2
38651018,38646007_C1,other,Mid. frontal gyrus (right),R,26.07,49.56,26.58,MNI,NR,not_reported,not_reported,N/A - atlas coordinates,Table 2
38651018,38646007_C1,other,Inf. frontal gyrus (right),R,47.6,22.16,9.74,MNI,NR,not_reported,not_reported,N/A - atlas coordinates,Table 2
38651018,38646007_C1,other,Inf. frontal gyrus (left),L,-42.09,-54.98,44.74,MNI,NR,not_reported,not_reported,N/A - atlas coordinates,Table 2
38651018,38646007_C1,other,OFC (left),L,-17.65,63.19,-9.17,MNI,NR,not_reported,not_reported,N/A - atlas coordinates,Table 2
38651018,38646007_C1,other,OFC (left),L,-46.17,31.26,-13.03,MNI,NR,not_reported,not_reported,N/A - atlas coordinates,Table 2
38651018,38646007_C1,other,OFC-ACC (left),L,-3.06,44.41,-9.46,MNI,NR,not_reported,not_reported,N/A - atlas coordinates,Table 2
38651018,38646007_C1,other,ACC (left),L,-2.5,41.7,16.05,MNI,NR,not_reported,not_reported,N/A - atlas coordinates,Table 2
38651018,38646007_C1,other,ACC (right),R,7.51,42.49,-5.35,MNI,NR,not_reported,not_reported,N/A - atlas coordinates,Table 2
38651018,38646007_C1,other,ACC (right),R,12.25,35.63,20.3,MNI,NR,not_reported,not_reported,N/A - atlas coordinates,Table 2
38651018,38646007_C1,other,PCC (right),R,7.94,-48.37,30.57,MNI,NR,not_reported,not_reported,N/A - atlas coordinates,Table 2
38651018,38646007_C1,other,Precuneus (right),R,15.12,-63.09,25.98,MNI,NR,not_reported,not_reported,N/A - atlas coordinates,Table 2
38651018,38646007_C1,other,PCC-precuneus (left),L,-2.2,-36.68,43.85,MNI,NR,not_reported,not_reported,N/A - atlas coordinates,Table 2
38651018,38646007_C1,other,TPJ (left),L,-45.79,-60.69,20.85,MNI,NR,not_reported,not_reported,N/A - atlas coordinates,Table 2
38651018,38646007_C1,other,Temporal pole (left),L,-43.58,11.99,-34.15,MNI,NR,not_reported,not_reported,N/A - atlas coordinates,Table 2
38651018,38646007_C1,other,Mid. temporal gyrus (right),R,64.64,-11.8,-19.3,MNI,NR,not_reported,not_reported,N/A - atlas coordinates,Table 2
38651018,38646007_C1,other,Inf. temporal gyrus (right),R,58.31,-52.79,-13.61,MNI,NR,not_reported,not_reported,N/A - atlas coordinates,Table 2
38651018,38646007_C1,other,Inf. parietal gyrus (right),R,43.93,-52.95,46.95,MNI,NR,not_reported,not_reported,N/A - atlas coordinates,Table 2
38651018,38646007_C1,other,Lingual-parahippocampal-fusiform gyrus (left),L,-33.93,-38.06,-15.6,MNI,NR,not_reported,not_reported,N/A - atlas coordinates,Table 2
38681626,NC_001,group_comparison,left middle temporal gyrus,left,-51.0,-12.0,-15.0,MNI,F-value,26.430,21,interaction effect,table
38681626,NC_001,group_comparison,left posterior cerebellar lobe,left,-39.0,-81.0,-30.0,MNI,F-value,25.122,24,interaction effect,table
38681626,NC_007,group_comparison,left superior frontal gyrus,left,-18.0,48.0,30.0,MNI,F-value,27.523,19,interaction effect,table
38681626,NC_007,group_comparison,left middle frontal gyrus,left,-30.0,54.0,6.0,MNI,F-value,25.989,16,interaction effect,table
38681626,NC_007,group_comparison,left hippocampus,left,-24.0,-12.0,-24.0,MNI,F-value,13.177,17,interaction effect,table
38681626,NC_008,group_comparison,left calcarine,left,-15.0,-78.0,6.0,MNI,F-value,22.513,23,interaction effect,table
39089662,NC_01,group_comparison,SPL (superior parietal lobule),R,30.0,-54.0,60.0,MNI,F value,13.4166,37,increased fALFF in AG relative to SG,table
39089662,NC_02,group_comparison,PoCG (postcentral gyrus),R,54.0,-24.0,42.0,MNI,F value,14.8101,31,increased fALFF in AG relative to SG,table
39089662,15499576_C1,verum_gt_rest,Insula-a R,R,38.0,3.0,5.0,TAL,p,7.83,not_reported,activation,Table I
39089662,15499576_C1,verum_gt_rest,Insula-a L,L,-37.0,9.0,-1.0,TAL,p,5.37,not_reported,activation,Table I
39089662,15499576_C1,verum_gt_rest,Insula-p R,R,34.0,-21.0,8.0,TAL,p,5.1,not_reported,activation,Table I
39089662,15499576_C1,verum_gt_rest,Insula-p L,L,-36.0,-3.0,-1.0,TAL,p,4.33,not_reported,activation,Table I
39089662,15499576_C1,verum_gt_rest,Thal-mm R,R,5.0,-13.0,10.0,TAL,p,6.6,not_reported,activation,Table I
39089662,15499576_C1,verum_gt_rest,Thal-mm L,L,-6.0,-16.0,9.0,TAL,p,4.93,not_reported,activation,Table I
39089662,15499576_C1,verum_gt_rest,FrontalPole-l R,R,30.0,58.0,19.0,TAL,p,4.73,not_reported,activation,Table I
39089662,15499576_C1,verum_gt_rest,FrontalPole-l L,L,-26.0,54.0,22.0,TAL,p,6.1,not_reported,activation,Table I
39089662,15499576_C1,verum_gt_rest,PrFr-dl R,R,52.0,41.0,5.0,TAL,p,5.69,not_reported,activation,Table I
39089662,15499576_C1,verum_gt_rest,PrFr-dl L,L,-53.0,41.0,17.0,TAL,p,5.05,not_reported,activation,Table I
39089662,15499576_C1,verum_gt_rest,IPL R,R,52.0,-35.0,32.0,TAL,p,9.7,not_reported,activation,Table I
39089662,15499576_C1,verum_gt_rest,IPL L,L,-55.0,-35.0,37.0,TAL,p,8.59,not_reported,activation,Table I
39089662,15499576_C1,verum_gt_rest,SII R,R,52.0,-27.0,22.0,TAL,p,11.94,not_reported,activation,Table I
39089662,15499576_C1,verum_gt_rest,SII L,L,-53.0,-27.0,25.0,TAL,p,9.11,not_reported,activation,Table I
39089662,15499576_C2,deactivation,Amyg L,L,-17.0,-8.0,-19.0,TAL,p,7.88,not_reported,deactivation,Table I
39089662,15499576_C2,deactivation,Hipp-a R,R,17.0,-14.0,-15.0,TAL,p,6.94,not_reported,deactivation,Table I
39089662,15499576_C2,deactivation,Hipp-a L,L,-17.0,-12.0,-19.0,TAL,p,5.39,not_reported,deactivation,Table I
39089662,15499576_C2,deactivation,Cing-subgenu L,L,-5.0,27.0,-5.0,TAL,p,5.83,not_reported,deactivation,Table I
39089662,15499576_C2,deactivation,FrontalPole-dm L,L,-6.0,63.0,11.0,TAL,p,4.74,not_reported,deactivation,Table I
39089662,15499576_C2,deactivation,PrFr-vm R,midline,2.0,47.0,-6.0,TAL,p,6.24,not_reported,deactivation,Table I
39089662,15499576_C2,deactivation,PrFr-vm L,L,-3.0,47.0,-7.0,TAL,p,4.8,not_reported,deactivation,Table I
39089662,15499576_C2,deactivation,PrFr-dm R,R,5.0,47.0,35.0,TAL,p,9.72,not_reported,deactivation,Table I
39089662,15499576_C2,deactivation,PrFr-dm L,L,-5.0,47.0,17.0,TAL,p,4.72,not_reported,deactivation,Table I
39089662,15499576_C2,deactivation,TempPole R,R,30.0,19.0,-21.0,TAL,p,5.07,not_reported,deactivation,Table I
39089662,15499576_C2,deactivation,TempPole L,L,-50.0,13.0,-12.0,TAL,p,5.65,not_reported,deactivation,Table I
39089662,15499576_C3,sham_gt_rest,PrFr-dl L,L,-11.0,38.0,50.0,TAL,p,4.11,not_reported,activation,Table I
39089662,15499576_C3,sham_gt_rest,IPL L,L,-59.0,-39.0,35.0,TAL,p,6.05,not_reported,activation,Table I
39089662,15499576_C3,sham_gt_rest,SII R,R,52.0,-24.0,14.0,TAL,p,6.06,not_reported,activation,Table I
39089662,15499576_C3,sham_gt_rest,SII L,L,-62.0,-18.0,23.0,TAL,p,7.1,not_reported,activation,Table I
39089662,15499576_C4,verum_gt_rest,FOC R,R,34.0,25.0,-6.0,TAL,p,4.9,not_reported,activation,Table II
39089662,15499576_C4,verum_gt_rest,Cing-am R,R,5.0,14.0,39.0,TAL,p,8.09,not_reported,activation,Table II
39089662,15499576_C4,verum_gt_rest,Cing-am L,L,-7.0,10.0,32.0,TAL,p,7.26,not_reported,activation,Table II
39089662,15499576_C4,verum_gt_rest,Cing-pm R,midline,2.0,-8.0,44.0,TAL,p,4.9,not_reported,activation,Table II
39089662,15499576_C4,verum_gt_rest,Insula-a R,R,33.0,13.0,7.0,TAL,p,10.39,not_reported,activation,Table II
39089662,15499576_C4,verum_gt_rest,Insula-a L,L,-33.0,17.0,4.0,TAL,p,6.74,not_reported,activation,Table II
39089662,15499576_C4,verum_gt_rest,Insula-p R,R,37.0,-2.0,-3.0,TAL,p,4.14,not_reported,activation,Table II
39089662,15499576_C4,verum_gt_rest,Insula-p L,L,-38.0,-5.0,2.0,TAL,p,7.86,not_reported,activation,Table II
39089662,15499576_C4,verum_gt_rest,Putamen-a L,L,-21.0,0.0,8.0,TAL,p,5.9,not_reported,activation,Table II
39089662,15499576_C4,verum_gt_rest,Thal-a R,R,3.0,-6.0,11.0,TAL,p,5.81,not_reported,activation,Table II
39089662,15499576_C4,verum_gt_rest,FrontalPole-l R,R,25.0,55.0,29.0,TAL,p,6.62,not_reported,activation,Table II
39089662,15499576_C4,verum_gt_rest,FrontalPole-l L,L,-20.0,55.0,28.0,TAL,p,7.57,not_reported,activation,Table II
39089662,15499576_C4,verum_gt_rest,PrFr-dm R,R,4.0,52.0,41.0,TAL,p,9.69,not_reported,activation,Table II
39089662,15499576_C4,verum_gt_rest,PrFr-dm L,midline,-2.0,25.0,44.0,TAL,p,8.2,not_reported,activation,Table II
39089662,15499576_C4,verum_gt_rest,PrFr-dl R,R,58.0,15.0,22.0,TAL,p,6.72,not_reported,activation,Table II
39089662,15499576_C4,verum_gt_rest,PrFr-dl L,L,-53.0,12.0,11.0,TAL,p,8.69,not_reported,activation,Table II
39089662,15499576_C4,verum_gt_rest,IPL R,R,55.0,-44.0,35.0,TAL,p,8.51,not_reported,activation,Table II
39089662,15499576_C4,verum_gt_rest,IPL L,L,-51.0,-43.0,26.0,TAL,p,8.83,not_reported,activation,Table II
39089662,15499576_C4,verum_gt_rest,NRaphPont,midline,2.0,-23.0,-24.0,TAL,p,6.79,not_reported,activation,Table II
39089662,15499576_C4,verum_gt_rest,SI L,L,-5.0,-42.0,69.0,TAL,p,7.21,not_reported,activation,Table II
39089662,15499576_C4,verum_gt_rest,SII R,R,49.0,-27.0,23.0,TAL,p,9.27,not_reported,activation,Table II
39089662,15499576_C4,verum_gt_rest,SII L,L,-45.0,-27.0,23.0,TAL,p,15.45,not_reported,activation,Table II
39089662,15499576_C5,deactivation,Amyg L,L,-16.0,-8.0,-19.0,TAL,p,4.47,not_reported,deactivation,Table II
39089662,15499576_C5,deactivation,Hipp-a R,R,26.0,-17.0,-11.0,TAL,p,6.98,not_reported,deactivation,Table II
39089662,15499576_C5,deactivation,Cing-subgenu L,R,3.0,20.0,-1.0,TAL,p,6.81,not_reported,deactivation,Table II
39089662,15499576_C5,deactivation,SeptalArea R,R,5.0,10.0,-4.0,TAL,p,5.2,not_reported,deactivation,Table II
39089662,15499576_C5,deactivation,FrontalPole-vm R,R,4.0,60.0,-9.0,TAL,p,4.31,not_reported,deactivation,Table II
39089662,15499576_C5,deactivation,FrontalPole-dm L,midline,-2.0,61.0,10.0,TAL,p,6.37,not_reported,deactivation,Table II
39089662,15499576_C5,deactivation,PrFr-vm R,midline,2.0,32.0,-9.0,TAL,p,8.16,not_reported,deactivation,Table II
39089662,15499576_C5,deactivation,PrFr-vm L,midline,-2.0,32.0,-9.0,TAL,p,7.59,not_reported,deactivation,Table II
39089662,15499576_C5,deactivation,TempPole L,L,-25.0,16.0,-27.0,TAL,p,4.55,not_reported,deactivation,Table II
39089662,15499576_C6,verum_gt_rest,Cing-am L,L,-4.0,11.0,36.0,TAL,p,4.36,not_reported,activation,Table II
39089662,15499576_C6,verum_gt_rest,Insula-a R,R,34.0,13.0,5.0,TAL,p,9.34,not_reported,activation,Table II
39089662,15499576_C6,verum_gt_rest,Insula-p L,L,-32.0,-17.0,10.0,TAL,p,10.44,not_reported,activation,Table II
39089662,15499576_C6,verum_gt_rest,FrontalPole-l R,R,27.0,55.0,25.0,TAL,p,7.94,not_reported,activation,Table II
39089662,15499576_C6,verum_gt_rest,FrontalPole-l L,L,-37.0,55.0,8.0,TAL,p,7.03,not_reported,activation,Table II
39089662,15499576_C6,verum_gt_rest,PrFr-dm R,R,4.0,9.0,51.0,TAL,p,4.03,not_reported,activation,Table II
39089662,15499576_C6,verum_gt_rest,PrFr-dm L,midline,-2.0,10.0,55.0,TAL,p,4.01,not_reported,activation,Table II
39089662,15499576_C6,verum_gt_rest,PrFr-dl R,R,53.0,9.0,25.0,TAL,p,4.87,not_reported,activation,Table II
39089662,15499576_C6,verum_gt_rest,PrFr-dl L,L,-40.0,25.0,41.0,TAL,p,4.45,not_reported,activation,Table II
39089662,15499576_C6,verum_gt_rest,IPL R,R,46.0,-47.0,38.0,TAL,p,8.66,not_reported,activation,Table II
39089662,15499576_C6,verum_gt_rest,IPL L,L,-53.0,-44.0,28.0,TAL,p,9.53,not_reported,activation,Table II
39089662,15499576_C6,verum_gt_rest,SI L,L,-10.0,-41.0,69.0,TAL,p,4.68,not_reported,activation,Table II
39089662,15499576_C6,verum_gt_rest,SII R,R,56.0,-27.0,26.0,TAL,p,7.78,not_reported,activation,Table II
39089662,15499576_C6,verum_gt_rest,SII L,L,-51.0,-27.0,22.0,TAL,p,7.57,not_reported,activation,Table II
39089662,15499576_C7,deactivation,Amyg L,L,-20.0,-2.0,-21.0,TAL,p,9.21,not_reported,deactivation,Table II
39089662,15499576_C7,deactivation,FOC R,R,34.0,46.0,-4.0,TAL,p,6.36,not_reported,deactivation,Table II
39089662,15499576_C7,deactivation,FOC L,L,-33.0,35.0,-9.0,TAL,p,6.23,not_reported,deactivation,Table II
39089662,15499576_C7,deactivation,Cing-subgenu L,midline,1.0,28.0,-4.0,TAL,p,5.61,not_reported,deactivation,Table II
39089662,15499576_C7,deactivation,Cing-post L,L,-4.0,-50.0,21.0,TAL,p,6.58,not_reported,deactivation,Table II
39089662,15499576_C7,deactivation,SeptalArea R,R,4.0,-11.0,-3.0,TAL,p,6.0,not_reported,deactivation,Table II
39089662,15499576_C7,deactivation,FrontalPole-vm R,midline,2.0,60.0,-6.0,TAL,p,7.01,not_reported,deactivation,Table II
39089662,15499576_C7,deactivation,FrontalPole-dm R,R,5.0,60.0,11.0,TAL,p,5.72,not_reported,deactivation,Table II
39089662,15499576_C7,deactivation,FrontalPole-dm L,midline,-2.0,60.0,8.0,TAL,p,6.6,not_reported,deactivation,Table II
39089662,15499576_C7,deactivation,PrFr-vm R,midline,2.0,39.0,-11.0,TAL,p,6.58,not_reported,deactivation,Table II
39089662,15499576_C7,deactivation,PrFr-vm L,midline,-2.0,39.0,-11.0,TAL,p,5.9,not_reported,deactivation,Table II
39089662,15499576_C7,deactivation,TempPole R,L,-41.0,12.0,-27.0,TAL,p,8.17,not_reported,deactivation,Table II
39368604,con_001,verum_gt_sham,IPL_R (right inferior parietal lobule),right,33.0,-51.0,48.0,MNI,Peak z value,3.70,76,real > sham,table
39368604,con_001,verum_gt_sham,mPFC_L (left medial prefrontal cortex),left,-6.0,39.0,33.0,MNI,Peak z value,3.87,12,real > sham,table
39368604,con_002,verum_gt_sham,MFG_L (left middle frontal gyrus),left,-27.0,12.0,48.0,MNI,Peak z value,3.44,97,real > sham,table
39368604,con_002,verum_gt_sham,mPFC_R (right medial prefrontal cortex),right,6.0,57.0,0.0,MNI,Peak z value,3.55,26,real > sham,table
39368604,con_002,verum_gt_sham,Caudate_R (right caudate),right,9.0,12.0,9.0,MNI,Peak z value,3.40,15,real > sham,table
39368604,con_003,verum_gt_sham,MFG/SFG_L (left middle frontal gyrus/superior frontal gyrus),left,-21.0,60.0,9.0,MNI,Peak z value,3.83,116,real > sham,table
39368604,con_003,verum_gt_sham,ACC_L (left anterior cingulate cortex),left,-9.0,30.0,24.0,MNI,Peak z value,3.88,27,real > sham,table
39368604,con_003,verum_gt_sham,MCC_Bi (bilateral middle cingulate cortex),bilateral,3.0,-33.0,48.0,MNI,Peak z value,3.79,27,real > sham,table
39368604,con_004,verum_gt_sham,MCC_Bi (bilateral middle cingulate cortex),bilateral,0.0,-3.0,45.0,MNI,Peak z value,3.34,100,real > sham,table
39368604,con_004,verum_gt_sham,IPL_L (left inferior parietal lobule),left,-51.0,-30.0,36.0,MNI,Peak z value,3.27,11,real > sham,table
39368604,39366658_C1,verum_gt_sham,IPL_R,R,33.0,-51.0,48.0,MNI,Z,3.7,76,Real > Sham,Table 2
39368604,39366658_C1,verum_gt_sham,mPFC_L,L,-6.0,39.0,33.0,MNI,Z,3.87,12,Real > Sham,Table 2
39368604,39366658_C2,verum_gt_sham,MFG_L,L,-27.0,12.0,48.0,MNI,Z,3.44,97,Real > Sham,Table 2
39368604,39366658_C2,verum_gt_sham,mPFC_R,R,6.0,57.0,0.0,MNI,Z,3.55,26,Real > Sham,Table 2
39368604,39366658_C2,verum_gt_sham,Caudate_R,R,9.0,12.0,9.0,MNI,Z,3.4,15,Real > Sham,Table 2
39368604,39366658_C3,verum_gt_sham,MFG/SFG_L,L,-21.0,60.0,9.0,MNI,Z,3.83,116,Real > Sham,Table 2
39368604,39366658_C3,verum_gt_sham,ACC_L,L,-9.0,30.0,24.0,MNI,Z,3.88,27,Real > Sham,Table 2
39368604,39366658_C3,verum_gt_sham,MCC_Bi,R,3.0,-33.0,48.0,MNI,Z,3.79,27,Real > Sham,Table 2
39368604,39366658_C4,verum_gt_sham,MCC_Bi,midline,0.0,-3.0,45.0,MNI,Z,3.34,100,Real > Sham,Table 2
39368604,39366658_C4,verum_gt_sham,IPL_L,L,-51.0,-30.0,36.0,MNI,Z,3.27,11,Real > Sham,Table 2
39368604,39366658_C5,correlation_clinical,IPL_L,L,-63.0,-21.0,33.0,MNI,NR,-0.32,8,predictive weight (negative),Table 3
39368604,39366658_C5,correlation_clinical,MCC-Bi,R,9.0,-6.0,48.0,MNI,NR,-0.32,22,predictive weight (negative),Table 3
39368604,39366658_C6,correlation_clinical,mPFC_L,L,-9.0,36.0,33.0,MNI,NR,0.12,5,predictive weight (positive and negative),Table 3
39368604,39366658_C6,correlation_clinical,IPL_R,R,42.0,33.0,45.0,MNI,NR,-0.65,15,predictive weight (positive and negative),Table 3
39468590,contrast_fALFF_acup_vs_control,group_comparison,L middle occipital gyrus,L,21.0,-66.0,3.0,MNI,Peak t Score,20.79,56,acupuncture group > control group,table
39468590,contrast_fALFF_acup_vs_control,group_comparison,R calcarine cortex,R,-36.0,-78.0,12.0,MNI,Peak t Score,17.12,67,acupuncture group > control group,table
39468590,contrast_ReHo_acup_vs_control,group_comparison,Cuneus,not_reported,51.0,-30.0,30.0,MNI,Peak t Score,22.60,113,acupuncture group > control group,table
39468590,contrast_ReHo_acup_vs_control,group_comparison,R IPL,R,9.0,-81.0,33.0,MNI,Peak t Score,18.64,130,acupuncture group > control group,table
39468590,19427842_C1,other,Insula,L,-39.0,20.0,2.0,TAL,t,12.8,237,activation,Table 2
39468590,19427842_C1,other,Insula,R,33.0,20.0,6.0,TAL,t,13.5,402,activation,Table 2
39468590,19427842_C1,other,dACC,L,-8.0,36.0,20.0,TAL,t,8.8,112,activation,Table 2
39468590,19427842_C1,other,dACC,R,5.0,23.0,24.0,TAL,t,9.6,143,activation,Table 2
39468590,19427842_C1,other,Substantia nigra/RN,R,9.0,-19.0,-8.0,TAL,t,6.3,27,activation,Table 2
39468590,19427842_C1,other,Thalamus,L,-8.0,-26.0,7.0,TAL,t,7.5,33,activation,Table 2
39468590,19427842_C1,other,DLPFC,L,-46.0,40.0,24.0,TAL,t,5.7,11,activation,Table 2
39468590,19427842_C1,other,DLPFC,R,44.0,36.0,17.0,TAL,t,5.8,29,activation,Table 2
39468590,19427842_C1,other,SMA,midline,-2.0,-18.0,57.0,TAL,t,4.8,34,activation,Table 2
39468590,19427842_C2,deactivation,PCC/PRCN,L,-7.0,-56.0,25.0,TAL,t,-6.7,363,deactivation,Table 2
39468590,19427842_C2,deactivation,PCC/PRCN,R,7.0,-51.0,25.0,TAL,t,-7.1,403,deactivation,Table 2
39468590,19427842_C2,deactivation,VMPFC,L,-6.0,42.0,-8.0,TAL,t,-6.4,17,deactivation,Table 2
39468590,19427842_C2,deactivation,VMPFC,R,6.0,45.0,-9.0,TAL,t,-5.2,24,deactivation,Table 2
39468590,19427842_C2,deactivation,Medial temporal cortex,L,-44.0,-63.0,27.0,TAL,t,-4.3,90,deactivation,Table 2
39468590,19427842_C2,deactivation,Medial temporal cortex,R,51.0,-63.0,29.0,TAL,t,-5.9,132,deactivation,Table 2
39468590,19427842_C3,verum_gt_rest,Insula,L,-42.0,-3.0,6.0,TAL,t,8.8,124,increase,Table 2
39468590,19427842_C3,verum_gt_rest,Insula,R,44.0,-5.0,7.0,TAL,t,9.6,189,increase,Table 2
39468590,19427842_C3,verum_gt_rest,dACC,L,-8.0,38.0,17.0,TAL,t,4.8,55,increase,Table 2
39468590,19427842_C3,verum_gt_rest,dACC,R,5.0,24.0,25.0,TAL,t,5.3,58,increase,Table 2
39468590,19427842_C3,verum_gt_rest,Hypothalamus,R,3.0,-3.0,-7.0,TAL,t,5.2,12,increase,Table 2
39468590,19427842_C3,verum_gt_rest,PAG,L,-3.0,-27.0,-8.0,TAL,t,5.4,14,increase,Table 2
39468590,19427842_C3,verum_gt_rest,PAG,R,3.0,-27.0,-8.0,TAL,t,5.6,11,increase,Table 2
39468590,19427842_C3,verum_gt_rest,Substantia nigra/RN,L,-9.0,-14.0,-8.0,TAL,t,5.8,31,increase,Table 2
39468590,19427842_C3,verum_gt_rest,Substantia nigra/RN,R,9.0,-15.0,-8.0,TAL,t,6.4,25,increase,Table 2
39468590,19427842_C3,verum_gt_rest,Thalamus,L,-8.0,-26.0,9.0,TAL,t,5.4,79,increase,Table 2
39468590,19427842_C3,verum_gt_rest,DLPFC,L,-32.0,20.0,43.0,TAL,t,5.6,22,increase,Table 2
39468590,19427842_C3,verum_gt_rest,DLPFC,R,46.0,38.0,17.0,TAL,t,4.2,13,increase,Table 2
39468590,19427842_C3,verum_gt_rest,SMA,midline,-1.0,-24.0,57.0,TAL,t,4.5,60,increase,Table 2
39468590,19427842_C3,verum_gt_rest,PPC,R,22.0,-48.0,65.0,TAL,t,4.8,51,increase,Table 2
39468590,19427842_C3,verum_gt_rest,SII,L,-62.0,-22.0,20.0,TAL,t,6.1,34,increase,Table 2
39468590,19427842_C3,verum_gt_rest,SII,R,53.0,-28.0,18.0,TAL,t,6.3,42,increase,Table 2
39468590,19427842_C4,deactivation,PCC/PRCN,L,-8.0,-57.0,23.0,TAL,t,-6.2,132,decrease,Table 2
39468590,19427842_C4,deactivation,PCC/PRCN,R,3.0,-45.0,25.0,TAL,t,-6.8,112,decrease,Table 2
39468590,19427842_C4,deactivation,Inferior parietal cortex,L,-46.0,-36.0,52.0,TAL,t,-4.2,34,decrease,Table 2
39468590,19427842_C4,deactivation,Inferior parietal cortex,R,55.0,-44.0,26.0,TAL,t,-4.9,47,decrease,Table 2
39468590,19427842_C4,deactivation,Amygdala,R,24.0,-6.0,-15.0,TAL,t,-4.6,12,decrease,Table 2
39468590,19427842_C4,deactivation,PH/hipp,R,16.0,-6.0,-18.0,TAL,t,-4.9,17,decrease,Table 2
39468590,19427842_C4,deactivation,Medial temporal cortex,L,-41.0,-61.0,27.0,TAL,t,-5.3,41,decrease,Table 2
39468590,19427842_C4,deactivation,Medial temporal cortex,R,56.0,-63.0,27.0,TAL,t,-4.1,33,decrease,Table 2
39468590,19427842_C5,sham_gt_rest,dACC,L,-6.0,36.0,19.0,TAL,t,4.1,21,increase,Table 2
39468590,19427842_C5,sham_gt_rest,dACC,R,5.0,32.0,23.0,TAL,t,4.3,27,increase,Table 2
39468590,19427842_C5,sham_gt_rest,DLPFC,L,-46.0,5.0,31.0,TAL,t,4.0,11,increase,Table 2
39468590,19427842_C5,sham_gt_rest,DLPFC,R,46.0,38.0,17.0,TAL,t,4.2,13,increase,Table 2
39468590,19427842_C5,sham_gt_rest,SMA,midline,-1.0,-21.0,57.0,TAL,t,3.9,36,increase,Table 2
39468590,19427842_C5,sham_gt_rest,SII,L,-65.0,-17.0,15.0,TAL,t,6.3,22,increase,Table 2
39468590,19427842_C5,sham_gt_rest,SII,R,62.0,-23.0,15.0,TAL,t,6.5,28,increase,Table 2
39468590,19427842_C6,deactivation,Medial temporal cortex,R,56.0,-63.0,27.0,TAL,t,-4.1,33,decrease,Table 2
39543627,nc_CID_vs_HC_MH_increased,group_comparison,Left LOFC,Left,-33.0,60.0,-9.0,MNI,Peak Z Score,4.22,67 voxels,increased (CID > HCs),table
39543627,nc_CID_vs_HC_MH_increased,group_comparison,Bilateral MOFC,Bilateral,-6.0,63.0,-15.0,MNI,Peak Z Score,4.17,70 voxels,increased (CID > HCs),table
39543627,nc_CID_vs_HC_MH_decreased,group_comparison,Right PI,Right,48.0,-33.0,18.0,MNI,Peak Z Score,-3.2,22 voxels,decreased (CID < HCs),table
39543627,nc_RA_post_vs_pre_decreased,deactivation,Left SFG,Left,-12.0,36.0,51.0,MNI,Peak Z Score,-4.86,32 voxels,decreased (post < pre),table
39543627,nc_RA_post_vs_pre_decreased,deactivation,Left LOFC,Left,-39.0,51.0,-12.0,MNI,Peak Z Score,-4.22,32 voxels,decreased (post < pre),table
39543627,nc_RA_post_vs_pre_increased,verum_post_gt_pre,Right FFA,Right,45.0,-48.0,-24.0,MNI,Peak Z Score,4.59,24 voxels,increased (post > pre),table
39543627,nc_SA_post_vs_pre_increased,sham_post_gt_pre,Left DLPFC,Left,-42.0,30.0,39.0,MNI,Peak Z Score,6.11,49 voxels,increased (post > pre),table
39543627,nc_SA_post_vs_pre_increased,sham_post_gt_pre,Left AI,Left,-24.0,18.0,-12.0,MNI,Peak Z Score,4.93,70 voxels,increased (post > pre),table
39543627,nc_SA_post_vs_pre_increased,sham_post_gt_pre,Right SMA,Right,9.0,9.0,60.0,MNI,Peak Z Score,5.04,39 voxels,increased (post > pre),table
39543627,nc_SA_post_vs_pre_decreased,deactivation,Left PI,Left,-42.0,-36.0,18.0,MNI,Peak Z Score,-4.53,28 voxels,decreased (post < pre),table
39543627,nc_RA_vs_SA_between_group,verum_gt_sham,Left DACC,Left,-21.0,12.0,36.0,MNI,Peak Z Score,3.57,57 voxels,RA > SA,table
39543627,nc_RA_vs_SA_between_group,verum_gt_sham,Left SFG,Left,-9.0,15.0,60.0,MNI,Peak Z Score,3.45,69 voxels,RA > SA,table
39543627,nc_RA_vs_SA_between_group,verum_gt_sham,Left DLPFC,Left,-39.0,30.0,39.0,MNI,Peak Z Score,4.45,84 voxels,RA > SA,table
39543627,NR_C1,group_comparison,Left LOFC,L,-33.0,60.0,-9.0,MNI,Z,4.22,67,CID > HCs (positive) and CID < HCs (negative),Table 3
39543627,NR_C1,group_comparison,Bilateral MOFC,L,-6.0,63.0,-15.0,MNI,Z,4.17,70,CID > HCs (positive) and CID < HCs (negative),Table 3
39543627,NR_C1,group_comparison,Right PI,R,48.0,-33.0,18.0,MNI,Z,-3.2,22,CID > HCs (positive) and CID < HCs (negative),Table 3
39543627,NR_C2,verum_post_gt_pre,Right FFA,R,45.0,-48.0,-24.0,MNI,Z,4.59,24,Post > Pre (positive) and Post < Pre (negative),Table 3
39543627,NR_C2,verum_post_gt_pre,Left SFG,L,-12.0,36.0,51.0,MNI,Z,-4.86,32,Post > Pre (positive) and Post < Pre (negative),Table 3
39543627,NR_C2,verum_post_gt_pre,Left LOFC,L,-39.0,51.0,-12.0,MNI,Z,-4.22,32,Post > Pre (positive) and Post < Pre (negative),Table 3
39543627,NR_C3,sham_post_gt_pre,Left DLPFC,L,-42.0,30.0,39.0,MNI,Z,6.11,49,Post > Pre (positive) and Post < Pre (negative),Table 3
39543627,NR_C3,sham_post_gt_pre,Left AI,L,-24.0,18.0,-12.0,MNI,Z,4.93,70,Post > Pre (positive) and Post < Pre (negative),Table 3
39543627,NR_C3,sham_post_gt_pre,Right SMA,R,9.0,9.0,60.0,MNI,Z,5.04,39,Post > Pre (positive) and Post < Pre (negative),Table 3
39543627,NR_C3,sham_post_gt_pre,Left PI,L,-42.0,-36.0,18.0,MNI,Z,-4.53,28,Post > Pre (positive) and Post < Pre (negative),Table 3
39648209,25741269_C1,verum_gt_rest,Insula/SII,L,-36.0,-3.0,17.0,TAL,t,30.51,28431.0,activation,Table 1
39648209,25741269_C1,verum_gt_rest,Insula,R,36.0,-5.0,-2.0,TAL,t,28.78,21708.0,activation,Table 1
39648209,25741269_C1,verum_gt_rest,SII,R,55.0,-24.0,22.0,TAL,t,26.74,10908.0,activation,Table 1
39648209,25741269_C1,verum_gt_rest,SMA,L,-8.0,-3.0,38.0,TAL,t,17.73,2835.0,activation,Table 1
39648209,25741269_C1,verum_gt_rest,SMA,R,6.0,6.0,30.0,TAL,t,18.36,2673.0,activation,Table 1
39648209,25741269_C1,verum_gt_rest,Inferior semi-lunar lobule,L,-17.0,-67.0,-36.0,TAL,t,14.25,1215.0,activation,Table 1
39648209,25741269_C1,verum_gt_rest,Middle temporal gyrus,L,-53.0,-62.0,6.0,TAL,t,14.47,1188.0,activation,Table 1
39648209,25741269_C1,verum_gt_rest,Inferior semi-lunar lobule,R,11.0,-67.0,-41.0,TAL,t,16.03,1134.0,activation,Table 1
39648209,25741269_C1,verum_gt_rest,Middle frontal gyrus,R,25.0,22.0,41.0,TAL,t,12.63,1107.0,activation,Table 1
39648209,25741269_C1,verum_gt_rest,Middle frontal gyrus,R,39.0,0.0,46.0,TAL,t,11.88,432.0,activation,Table 1
39648209,25741269_C1,verum_gt_rest,Postcentral gyrus,L,-17.0,-44.0,68.0,TAL,t,12.27,378.0,activation,Table 1
39648209,25741269_C1,verum_gt_rest,Inferior frontal gyrus,R,41.0,42.0,4.0,TAL,t,12.34,351.0,activation,Table 1
39648209,25741269_C1,verum_gt_rest,Cerebellar Tonsil,L,-31.0,-59.0,-41.0,TAL,t,13.77,324.0,activation,Table 1
39648209,25741269_C1,verum_gt_rest,Middle temporal gyrus,R,44.0,-56.0,4.0,TAL,t,10.72,297.0,activation,Table 1
39648209,25741269_C1,verum_gt_rest,Superior frontal gyrus,R,8.0,3.0,65.0,TAL,t,10.72,162.0,activation,Table 1
39648209,25741269_C1,verum_gt_rest,Superior temporal gyrus,R,44.0,8.0,-10.0,TAL,t,11.23,162.0,activation,Table 1
39648209,25741269_C1,verum_gt_rest,Anterior cingulate,R,6.0,25.0,22.0,TAL,t,10.15,108.0,activation,Table 1
39648209,25741269_C1,verum_gt_rest,Postcentral gyrus,R,61.0,-19.0,20.0,TAL,t,14.42,108.0,activation,Table 1
39648209,25741269_C2,deactivation,Precuneus,L,-20.0,-73.0,25.0,TAL,t,-21.57,12555.0,deactivation,Table 1
39648209,25741269_C2,deactivation,Middle temporal gyrus,R,30.0,-76.0,22.0,TAL,t,-20.61,11016.0,deactivation,Table 1
39648209,25741269_C2,deactivation,Precuneus,R,11.0,-56.0,46.0,TAL,t,-17.5,9045.0,deactivation,Table 1
39648209,25741269_C2,deactivation,Precuneus,L,-3.0,-62.0,52.0,TAL,t,-20.18,7668.0,deactivation,Table 1
39648209,25741269_C2,deactivation,Superior frontal gyrus,L,-8.0,56.0,25.0,TAL,t,-15.54,5211.0,deactivation,Table 1
39648209,25741269_C2,deactivation,Parahippocampal gyrus,L,-28.0,-47.0,-7.0,TAL,t,-13.85,2835.0,deactivation,Table 1
39648209,25741269_C2,deactivation,Precentral gyrus,L,-36.0,-16.0,49.0,TAL,t,-12.48,1971.0,deactivation,Table 1
39648209,25741269_C2,deactivation,Inferior temporal gyrus,R,39.0,-70.0,1.0,TAL,t,-12.92,1917.0,deactivation,Table 1
39648209,25741269_C2,deactivation,Parahippocampal gyrus,R,30.0,-36.0,-7.0,TAL,t,-13.34,1485.0,deactivation,Table 1
39648209,25741269_C2,deactivation,Medial frontal gyrus,L,-6.0,25.0,-15.0,TAL,t,-12.88,1242.0,deactivation,Table 1
39648209,25741269_C2,deactivation,Middle frontal gyrus,R,25.0,22.0,41.0,TAL,t,-12.63,1107.0,deactivation,Table 1
39648209,25741269_C2,deactivation,Paracentral Lobule,R,6.0,-30.0,68.0,TAL,t,-18.25,1026.0,deactivation,Table 1
39648209,25741269_C2,deactivation,Superior temporal gyrus,R,61.0,-21.0,1.0,TAL,t,-14.97,864.0,deactivation,Table 1
39648209,25741269_C2,deactivation,Precentral gyrus,R,25.0,-21.0,60.0,TAL,t,-15.75,837.0,deactivation,Table 1
39648209,25741269_C2,deactivation,Medial frontal gyrus,R,11.0,31.0,-15.0,TAL,t,-12.41,567.0,deactivation,Table 1
39648209,25741269_C2,deactivation,Medial frontal gyrus,R,6.0,53.0,6.0,TAL,t,-12.86,513.0,deactivation,Table 1
39648209,25741269_C2,deactivation,Middle temporal gyrus,L,-53.0,3.0,-18.0,TAL,t,-13.52,486.0,deactivation,Table 1
39648209,25741269_C2,deactivation,Lingual gyrus,L,-22.0,-67.0,1.0,TAL,t,-11.45,486.0,deactivation,Table 1
39648209,25741269_C2,deactivation,Thalamus,L,-11.0,-36.0,9.0,TAL,t,-12.22,486.0,deactivation,Table 1
39648209,25741269_C2,deactivation,Supramarginal gyrus,R,50.0,-53.0,25.0,TAL,t,-11.33,432.0,deactivation,Table 1
39648209,25741269_C2,deactivation,Superior frontal gyrus,L,-25.0,28.0,49.0,TAL,t,-12.64,405.0,deactivation,Table 1
39648209,25741269_C2,deactivation,Precentral gyrus,R,17.0,-19.0,68.0,TAL,t,-13.95,405.0,deactivation,Table 1
39648209,25741269_C2,deactivation,Cerebellar Tonsil,R,3.0,-53.0,-38.0,TAL,t,-11.22,297.0,deactivation,Table 1
39648209,25741269_C2,deactivation,Pyramis,R,44.0,-64.0,-31.0,TAL,t,-10.85,297.0,deactivation,Table 1
39648209,25741269_C2,deactivation,Precuneus,R,25.0,-53.0,54.0,TAL,t,-14.91,270.0,deactivation,Table 1
39648209,25741269_C2,deactivation,Middle temporal gyrus,R,58.0,-5.0,-12.0,TAL,t,-11.66,243.0,deactivation,Table 1
39648209,25741269_C2,deactivation,Superior temporal gyrus,L,-59.0,-24.0,1.0,TAL,t,-11.0,243.0,deactivation,Table 1
39648209,25741269_C2,deactivation,Lingual gyrus,R,14.0,-88.0,-10.0,TAL,t,-10.4,216.0,deactivation,Table 1
39648209,25741269_C2,deactivation,Middle temporal gyrus,R,61.0,-11.0,-12.0,TAL,t,-10.39,189.0,deactivation,Table 1
39648209,25741269_C2,deactivation,Thalamus,R,6.0,-16.0,9.0,TAL,t,11.49,189.0,deactivation,Table 1
39648209,25741269_C2,deactivation,Superior frontal gyrus,R,17.0,48.0,38.0,TAL,t,-12.31,162.0,deactivation,Table 1
39648209,25741269_C2,deactivation,Middle occipital gyrus,L,-34.0,-70.0,1.0,TAL,t,-10.7,162.0,deactivation,Table 1
39648209,25741269_C2,deactivation,Caudate,midline,0.0,14.0,1.0,TAL,t,-12.13,108.0,deactivation,Table 1
39648209,25741269_C2,deactivation,Precuneus,L,-17.0,-70.0,46.0,TAL,t,-10.86,108.0,deactivation,Table 1
39648209,25741269_C2,deactivation,Precuneus,L,-22.0,-56.0,49.0,TAL,t,-10.01,108.0,deactivation,Table 1
39648209,25741269_C3,sham_gt_rest,Insula,R,36.0,0.0,-7.0,TAL,t,22.48,8613.0,activation,Table 1
39648209,25741269_C3,sham_gt_rest,Insula,L,-34.0,-8.0,4.0,TAL,t,16.14,7020.0,activation,Table 1
39648209,25741269_C3,sham_gt_rest,SII,R,55.0,-19.0,25.0,TAL,t,17.84,6264.0,activation,Table 1
39648209,25741269_C3,sham_gt_rest,SII,L,-48.0,-19.0,20.0,TAL,t,15.99,4428.0,activation,Table 1
39648209,25741269_C3,sham_gt_rest,Inferior semi-lunar lobule,L,-11.0,-67.0,-41.0,TAL,t,14.62,1134.0,activation,Table 1
39648209,25741269_C3,sham_gt_rest,Cingulate gyrus,R,3.0,3.0,30.0,TAL,t,10.79,162.0,activation,Table 1
39648209,25741269_C3,sham_gt_rest,Precentral gyrus,R,44.0,-11.0,49.0,TAL,t,-11.41,108.0,activation,Table 1
39648209,25741269_C4,deactivation,Parahippocampal gyrus,L,-25.0,-38.0,-2.0,TAL,t,-15.45,2160.0,deactivation,Table 1
39648209,25741269_C4,deactivation,Postcentral gyrus,R,33.0,-21.0,46.0,TAL,t,-13.0,1323.0,deactivation,Table 1
39648209,25741269_C4,deactivation,Precuneus,L,-22.0,-76.0,38.0,TAL,t,-11.76,729.0,deactivation,Table 1
39648209,25741269_C4,deactivation,Precentral gyrus,R,19.0,-16.0,68.0,TAL,t,-12.98,540.0,deactivation,Table 1
39648209,25741269_C4,deactivation,Parahippocampal gyrus,L,-28.0,-19.0,-15.0,TAL,t,-10.91,432.0,deactivation,Table 1
39648209,25741269_C4,deactivation,Middle temporal gyrus,L,-56.0,-21.0,-4.0,TAL,t,-11.23,432.0,deactivation,Table 1
39648209,25741269_C4,deactivation,Angular gyrus,L,-39.0,-56.0,36.0,TAL,t,-11.06,405.0,deactivation,Table 1
39648209,25741269_C4,deactivation,Paracentral Lobule,R,6.0,-33.0,62.0,TAL,t,-11.85,405.0,deactivation,Table 1
39648209,25741269_C4,deactivation,Parahippocampal gyrus,R,33.0,-38.0,-2.0,TAL,t,-16.07,378.0,deactivation,Table 1
39648209,25741269_C4,deactivation,Superior frontal gyrus,L,-20.0,53.0,20.0,TAL,t,-10.36,324.0,deactivation,Table 1
39648209,25741269_C4,deactivation,Posterior cingulate,L,-8.0,-56.0,20.0,TAL,t,-10.44,270.0,deactivation,Table 1
39648209,25741269_C4,deactivation,Superior frontal gyrus,L,-14.0,31.0,49.0,TAL,t,-10.93,243.0,deactivation,Table 1
39648209,25741269_C4,deactivation,Medial frontal gyrus,L,-6.0,48.0,41.0,TAL,t,-10.97,216.0,deactivation,Table 1
39648209,25741269_C4,deactivation,Precuneus,L,-25.0,-53.0,49.0,TAL,t,-10.66,216.0,deactivation,Table 1
39648209,25741269_C4,deactivation,Superior Parietal Lobule,R,28.0,-62.0,52.0,TAL,t,-11.23,189.0,deactivation,Table 1
39648209,25741269_C4,deactivation,Posterior Cingulate,R,8.0,-53.0,14.0,TAL,t,-9.83,162.0,deactivation,Table 1
39648209,25741269_C4,deactivation,Parahippocampal gyrus,R,25.0,-36.0,-12.0,TAL,t,-10.19,135.0,deactivation,Table 1
39648209,25741269_C4,deactivation,Middle occipital gyrus,R,36.0,-70.0,9.0,TAL,t,-9.99,135.0,deactivation,Table 1
39648209,25741269_C4,deactivation,Precuneus,R,30.0,-73.0,33.0,TAL,t,-10.66,135.0,deactivation,Table 1
39648209,25741269_C4,deactivation,Culmen,L,-6.0,-47.0,-10.0,TAL,t,-10.97,108.0,deactivation,Table 1
39648209,25741269_C4,deactivation,Middle temporal gyrus,R,30.0,-64.0,28.0,TAL,t,-10.02,108.0,deactivation,Table 1
39648209,25741269_C5,sham_gt_rest,SII/Insula,L,-50.0,-19.0,22.0,TAL,t,20.91,22491.0,activation,Table 1
39648209,25741269_C5,sham_gt_rest,Insula/SII,R,33.0,20.0,-2.0,TAL,t,21.03,8559.0,activation,Table 1
39648209,25741269_C5,sham_gt_rest,Postcentral gyrus,R,58.0,-21.0,38.0,TAL,t,17.67,7182.0,activation,Table 1
39648209,25741269_C5,sham_gt_rest,Inferior semi-lunar lobule,L,-14.0,-67.0,-38.0,TAL,t,16.18,972.0,activation,Table 1
39648209,25741269_C5,sham_gt_rest,Cingulate gyrus,L,-6.0,-16.0,30.0,TAL,t,12.3,567.0,activation,Table 1
39648209,25741269_C5,sham_gt_rest,Medial frontal gyrus,R,6.0,14.0,44.0,TAL,t,11.15,567.0,activation,Table 1
39648209,25741269_C5,sham_gt_rest,Anterior cingulate,R,6.0,25.0,22.0,TAL,t,11.9,378.0,activation,Table 1
39648209,25741269_C5,sham_gt_rest,Paracentral lobule,R,6.0,-33.0,60.0,TAL,t,-13.62,324.0,activation,Table 1
39648209,25741269_C5,sham_gt_rest,Cingulate gyrus,R,6.0,-16.0,30.0,TAL,t,11.1,216.0,activation,Table 1
39648209,25741269_C5,sham_gt_rest,Cingulate gyrus,R,6.0,11.0,28.0,TAL,t,9.89,216.0,activation,Table 1
39648209,25741269_C5,sham_gt_rest,Cingulate gyrus,L,-3.0,0.0,38.0,TAL,t,10.35,216.0,activation,Table 1
39648209,25741269_C5,sham_gt_rest,Putamen,L,-25.0,8.0,-7.0,TAL,t,16.29,108.0,activation,Table 1
39648209,25741269_C5,sham_gt_rest,Caudate,R,8.0,6.0,12.0,TAL,t,10.29,108.0,activation,Table 1
39648209,25741269_C6,deactivation,Middle occipital gyrus,R,36.0,-67.0,1.0,TAL,t,-14.44,8019.0,deactivation,Table 1
39648209,25741269_C6,deactivation,Precuneus,L,-28.0,-79.0,36.0,TAL,t,-11.9,1998.0,deactivation,Table 1
39648209,25741269_C6,deactivation,Superior frontal gyrus,L,-8.0,50.0,33.0,TAL,t,-12.76,810.0,deactivation,Table 1
39648209,25741269_C6,deactivation,Middle temporal gyrus,R,41.0,-56.0,25.0,TAL,t,-12.81,756.0,deactivation,Table 1
39648209,25741269_C6,deactivation,Superior frontal gyrus,L,-25.0,28.0,49.0,TAL,t,-11.26,729.0,deactivation,Table 1
39648209,25741269_C6,deactivation,Parahippocampal gyrus,L,-25.0,-30.0,-7.0,TAL,t,-12.5,594.0,deactivation,Table 1
39648209,25741269_C6,deactivation,Middle temporal gyrus,R,52.0,-8.0,-12.0,TAL,t,-11.8,513.0,deactivation,Table 1
39648209,25741269_C6,deactivation,Medial frontal gyrus,L,-6.0,56.0,6.0,TAL,t,-11.43,405.0,deactivation,Table 1
39648209,25741269_C6,deactivation,Cuneus,R,30.0,-73.0,28.0,TAL,t,-10.74,378.0,deactivation,Table 1
39648209,25741269_C6,deactivation,Precuneus,R,25.0,-67.0,20.0,TAL,t,-12.91,243.0,deactivation,Table 1
39648209,25741269_C6,deactivation,Middle frontal gyrus,R,25.0,17.0,46.0,TAL,t,-11.13,243.0,deactivation,Table 1
39648209,25741269_C6,deactivation,Parahippocampal gyrus,R,28.0,-11.0,-15.0,TAL,t,-11.96,189.0,deactivation,Table 1
39648209,25741269_C6,deactivation,Middle frontal gyrus,L,-31.0,20.0,38.0,TAL,t,-11.38,189.0,deactivation,Table 1
39648209,25741269_C6,deactivation,Postcentral gyrus,R,22.0,-24.0,49.0,TAL,t,-10.99,162.0,deactivation,Table 1
39648209,25741269_C6,deactivation,Declive,R,17.0,-67.0,-15.0,TAL,t,10.2,135.0,deactivation,Table 1
39648209,25741269_C6,deactivation,Precentral gyrus,R,14.0,-24.0,68.0,TAL,t,-11.34,135.0,deactivation,Table 1
39648209,25741269_C7,verum_gt_sham,Insula,R,47.0,8.0,14.0,TAL,t,9.42,7020.0,activation,Table 2
39648209,25741269_C7,verum_gt_sham,SII,L,-53.0,-16.0,20.0,TAL,t,8.68,6777.0,activation,Table 2
39648209,25741269_C7,verum_gt_sham,SII,R,58.0,-21.0,25.0,TAL,t,7.64,3294.0,activation,Table 2
39648209,25741269_C7,verum_gt_sham,Insula,L,-34.0,0.0,-2.0,TAL,t,8.7,2214.0,activation,Table 2
39648209,25741269_C7,verum_gt_sham,Insula,L,-34.0,-3.0,12.0,TAL,t,7.12,1323.0,activation,Table 2
39648209,25741269_C7,verum_gt_sham,Middle temporal gyrus,L,-39.0,-59.0,12.0,TAL,t,7.06,1026.0,activation,Table 2
39648209,25741269_C8,deactivation,Angular gyrus,L,-36.0,-73.0,33.0,TAL,t,-7.59,2322.0,deactivation,Table 2
39648209,25741269_C8,deactivation,Medial frontal gyrus,R,6.0,50.0,9.0,TAL,t,-7.67,1755.0,deactivation,Table 2
39648209,25741269_C8,deactivation,Medial frontal gyrus,L,-6.0,50.0,20.0,TAL,t,-7.1,1701.0,deactivation,Table 2
39648209,25741269_C8,deactivation,Precuneus,R,8.0,-53.0,44.0,TAL,t,-8.26,1404.0,deactivation,Table 2
39648209,25741269_C8,deactivation,Angular gyrus,R,47.0,-64.0,33.0,TAL,t,-6.42,1350.0,deactivation,Table 2
39648209,25741269_C8,deactivation,Posterior cingulate,R,11.0,-50.0,25.0,TAL,t,-6.44,1269.0,deactivation,Table 2
39648209,25741269_C9,verum_gt_sham,Insula,R,36.0,0.0,1.0,TAL,t,11.15,11232.0,activation,Table 2
39648209,25741269_C9,verum_gt_sham,Middle temporal gyrus,R,47.0,-53.0,-4.0,TAL,t,9.78,7641.0,activation,Table 2
39648209,25741269_C9,verum_gt_sham,SII,R,61.0,-30.0,25.0,TAL,t,9.27,5022.0,activation,Table 2
39648209,25741269_C9,verum_gt_sham,Middle temporal gyrus,L,-42.0,-56.0,1.0,TAL,t,9.08,2565.0,activation,Table 2
39648209,25741269_C9,verum_gt_sham,Inferior Parietal Lobule,L,-56.0,-30.0,38.0,TAL,t,7.72,1998.0,activation,Table 2
39648209,25741269_C9,verum_gt_sham,Inferior semi-lunar lobule,R,11.0,-64.0,-38.0,TAL,t,8.77,1431.0,activation,Table 2
39648209,25741269_C9,verum_gt_sham,Inferior frontal gyrus,L,-50.0,8.0,33.0,TAL,t,9.7,1269.0,activation,Table 2
39648209,25741269_C9,verum_gt_sham,Culmen,R,17.0,-30.0,-18.0,TAL,t,8.92,1188.0,activation,Table 2
39648209,25741269_C9,verum_gt_sham,Insula,L,-39.0,3.0,1.0,TAL,t,6.89,837.0,activation,Table 2
39648209,25741269_C10,deactivation,Cuneus,L,-3.0,-93.0,12.0,TAL,t,-9.68,5616.0,deactivation,Table 2
39648209,25741269_C10,deactivation,Superior frontal gyrus,L,-22.0,50.0,25.0,TAL,t,-7.96,4536.0,deactivation,Table 2
39648209,25741269_C10,deactivation,Superior temporal gyrus,L,-48.0,-13.0,1.0,TAL,t,-9.01,3699.0,deactivation,Table 2
39648209,25741269_C10,deactivation,Precuneus,R,8.0,-56.0,44.0,TAL,t,-8.23,2646.0,deactivation,Table 2
39648209,25741269_C10,deactivation,Middle temporal gyrus,L,-39.0,3.0,-28.0,TAL,t,-7.42,2025.0,deactivation,Table 2
39648209,25741269_C10,deactivation,Cerebellar Tonsil,L,-42.0,-64.0,-28.0,TAL,t,-6.85,1944.0,deactivation,Table 2
39648209,25741269_C10,deactivation,Precentral gyrus,L,-48.0,-11.0,30.0,TAL,t,-6.62,1404.0,deactivation,Table 2
39648209,25741269_C10,deactivation,Middle temporal gyrus,R,61.0,-27.0,-10.0,TAL,t,-6.95,1377.0,deactivation,Table 2
39648209,25741269_C10,deactivation,Precuneus,L,-3.0,-59.0,46.0,TAL,t,-6.47,1296.0,deactivation,Table 2
39648209,25741269_C10,deactivation,Superior frontal gyrus,R,11.0,62.0,22.0,TAL,t,-6.85,1242.0,deactivation,Table 2
39648209,25741269_C10,deactivation,Posterior cingulate,L,-8.0,-41.0,12.0,TAL,t,-8.67,1134.0,deactivation,Table 2
39648209,25741269_C10,deactivation,Medial frontal gyrus,L,-11.0,39.0,14.0,TAL,t,-7.25,972.0,deactivation,Table 2
39648209,25741269_C10,deactivation,Cerebellar Tonsil,L,-6.0,-50.0,-44.0,TAL,t,-6.59,837.0,deactivation,Table 2
39648209,25741269_C10,deactivation,Declive,R,28.0,-76.0,-20.0,TAL,t,-5.81,837.0,deactivation,Table 2
39648209,25741269_C10,deactivation,Precentral gyrus,L,-39.0,20.0,36.0,TAL,t,-6.48,810.0,deactivation,Table 2
39648209,25741269_C11,other,Middle temporal gyrus,R,44.0,-47.0,-2.0,TAL,t,8.74,3861.0,activation,Table 2
39648209,25741269_C11,other,Middle temporal gyrus,L,-48.0,-53.0,-2.0,TAL,t,9.16,1485.0,activation,Table 2
39648209,25741269_C11,other,Parahippocampal gyrus,R,39.0,-21.0,-15.0,TAL,t,8.37,1323.0,activation,Table 2
39648209,25741269_C11,other,Parahippocampal gyrus,R,36.0,-33.0,-10.0,TAL,t,6.79,918.0,activation,Table 2
39648209,25741269_C12,other,Superior temporal gyrus,L,-48.0,-21.0,1.0,TAL,t,-6.88,1917.0,deactivation,Table 2
39648209,25741269_C12,other,Inferior frontal gyrus,L,-31.0,20.0,-2.0,TAL,t,-7.41,1890.0,deactivation,Table 2
39648209,25741269_C12,other,Superior frontal gyrus,L,-14.0,17.0,52.0,TAL,t,-7.29,1539.0,deactivation,Table 2
39648209,25741269_C12,other,Tuber,L,-42.0,-67.0,-25.0,TAL,t,-7.66,1134.0,deactivation,Table 2
39877657,nc_004,group_comparison,Thalamus,L,-6.0,-12.0,12.0,MNI,F,19.52,26,"interaction effect: AD decreased, NC increased post-acupuncture",table
39877657,nc_005,group_comparison,SCG,R,6.0,18.0,-10.0,MNI,F,18.35,62,"interaction effect: AD decreased, NC increased post-acupuncture",table
39877657,nc_006,verum_post_gt_pre,OFC,B,4.0,62.0,-16.0,MNI,T,3.70,126,Pre_NC < Post_NC (increased FC post-acupuncture in NC),table
39877657,nc_007,other,LG,L,-18.0,-54.0,0.0,MNI,F,13.58,67,main effect,table
39877657,nc_008,group_comparison,Thalamus,L,4.0,-4.0,6.0,MNI,F,23.53,39,"interaction effect: AD decreased, NC increased post-acupuncture",table
39877657,nc_009,group_comparison,Thalamus,R,-4.0,-10.0,8.0,MNI,F,20.13,23,"interaction effect: AD decreased, NC increased post-acupuncture",table
39877657,nc_010,group_comparison,PCC,L,-2.0,-52.0,24.0,MNI,F,12.77,82,"interaction effect: AD decreased, NC increased post-acupuncture",table
39877657,nc_011,verum_post_gt_pre,OFC,B,-2.0,50.0,-16.0,MNI,T,4.37,53,Pre_NC < Post_NC (increased FC post-acupuncture in NC),table
39877657,nc_012,verum_post_gt_pre,Precuneus,R,4.0,-64.0,24.0,MNI,T,3.42,41,Pre_NC < Post_NC (increased FC post-acupuncture in NC),table
39877657,nc_013,group_comparison,SCG,L,-8.0,16.0,-4.0,MNI,F,18.49,62,"interaction effect: AD decreased, NC increased post-acupuncture",table
39877657,nc_014,group_comparison,OFC,B,-2.0,48.0,-16.0,MNI,F,17.39,61,"interaction effect: AD decreased, NC increased post-acupuncture",table
39877657,nc_015,group_comparison,PCC,B,0.0,-54.0,18.0,MNI,F,16.57,151,"interaction effect: AD decreased, NC increased post-acupuncture",table
39877657,nc_016,group_comparison,Calcarine,R,22.0,-72.0,14.0,MNI,F,16.03,36,decreased FC only in NC group post-acupuncture (interaction effect),table
39877657,nc_017,verum_post_gt_pre,HPC,L,-20.0,-34.0,0.0,MNI,T,3.99,34,Pre_AD < Post_AD (increased FC post-acupuncture in AD only),table
39877657,nc_018,verum_post_gt_pre,PHG,R,28.0,-34.0,-12.0,MNI,T,3.12,30,Pre_AD < Post_AD (increased FC post-acupuncture in AD only),table
39877657,28868952_C1,verum_gt_rest,Postcentral_L,L,-42.0,-10.0,10.0,MNI,t,9.94,731,activation,Table 1
39877657,28868952_C1,verum_gt_rest,Rolandic_Oper_R,R,24.0,-1.0,12.0,MNI,t,7.91,187,activation,Table 1
39877657,28868952_C1,verum_gt_rest,Temporal_Mid_R,R,48.0,-40.0,1.0,MNI,t,6.43,10,activation,Table 1
39877657,28868952_C1,verum_gt_rest,Frontal_Inf_Oper_R,R,33.0,8.0,34.0,MNI,t,6.32,349,activation,Table 1
39877657,28868952_C1,verum_gt_rest,Cerebelum_Crus1_R,R,30.0,-70.0,-35.0,MNI,t,6.28,93,activation,Table 1
39877657,28868952_C1,verum_gt_rest,Frontal_Mid_R,R,45.0,-4.0,52.0,MNI,t,6.05,70,activation,Table 1
39877657,28868952_C1,verum_gt_rest,Precentral_L,L,-48.0,-7.0,49.0,MNI,t,5.85,115,activation,Table 1
39877657,28868952_C1,verum_gt_rest,Frontal_Sup_Medial_L,R,6.0,8.0,70.0,MNI,t,5.6,185,activation,Table 1
39877657,28868952_C1,verum_gt_rest,Temporal_Mid_L,L,-66.0,-37.0,-2.0,MNI,t,5.52,168,activation,Table 1
39877657,28868952_C1,verum_gt_rest,Cerebelum_6_L,L,-21.0,-61.0,-26.0,MNI,t,5.31,75,activation,Table 1
39877657,28868952_C1,verum_gt_rest,Frontal_Inf_Tri_L,L,-42.0,38.0,-2.0,MNI,t,4.69,52,activation,Table 1
39877657,28868952_C2,verum_gt_rest,Cingulum_Mid_L,L,-9.0,5.0,40.0,MNI,t,8.23,27,activation,Table 2
39877657,28868952_C2,verum_gt_rest,Supp_Motor_Area_R,R,9.0,11.0,49.0,MNI,t,4.97,37,activation,Table 2
39877657,28868952_C2,verum_gt_rest,Rolandic_Oper_R,R,63.0,11.0,22.0,MNI,t,4.8,33,activation,Table 2
39877657,28868952_C2,verum_gt_rest,SupraMarginal_L,L,-54.0,-34.0,25.0,MNI,t,4.77,25,activation,Table 2
39877657,28868952_C2,verum_gt_rest,Supp_Motor_Area_L,L,-3.0,-7.0,52.0,MNI,t,4.44,21,activation,Table 2
39877657,28868952_C2,verum_gt_rest,Postcentral_L,L,-51.0,-16.0,19.0,MNI,t,3.97,31,activation,Table 2
39877657,28868952_C3,other,Occipital_Mid_L,L,-27.0,-67.0,19.0,MNI,t,7.57,311,activation,Table 3
39877657,28868952_C3,other,Cerebelum_8_R,R,24.0,-61.0,-47.0,MNI,t,6.48,15,activation,Table 3
39877657,28868952_C3,other,Postcentral_R,R,51.0,-13.0,28.0,MNI,t,6.35,62,activation,Table 3
39877657,28868952_C3,other,Occipital_Mid_R,R,39.0,-73.0,28.0,MNI,t,5.74,270,activation,Table 3
39877657,28868952_C3,other,SupraMarginal_R,R,66.0,-40.0,37.0,MNI,t,4.89,23,activation,Table 3
39877657,28868952_C3,other,Parietal_Sup_R,R,15.0,-61.0,67.0,MNI,t,4.57,23,activation,Table 3
39877657,28868952_C3,other,SupraMarginal_L,L,-66.0,-34.0,34.0,MNI,t,4.57,27,activation,Table 3
39877657,28868952_C3,other,Frontal_Sup_R,R,24.0,-4.0,64.0,MNI,t,4.56,22,activation,Table 3
39877657,28868952_C3,other,Postcentral_L,L,-36.0,-28.0,37.0,MNI,t,4.47,90,activation,Table 3
39877657,28868952_C3,other,Frontal_Sup_L,L,-24.0,-1.0,64.0,MNI,t,4.35,25,activation,Table 3
39877657,28868952_C3,other,Frontal_Inf_Oper_R,R,42.0,14.0,4.0,MNI,t,4.3,12,activation,Table 3
39877657,28868952_C3,other,Parietal_Sup_L,L,-12.0,-79.0,46.0,MNI,t,4.24,39,activation,Table 3
39877657,28868952_C3,other,Cingulum_Mid_R,R,9.0,-37.0,43.0,MNI,t,4.15,13,activation,Table 3
39877657,28868952_C3,other,Frontal_Mid_L,L,-33.0,44.0,34.0,MNI,t,3.8,18,activation,Table 3
39877657,28868952_C3,other,Parietal_Inf_L,L,-27.0,-49.0,49.0,MNI,t,3.78,10,activation,Table 3
39877657,28868952_C4,verum_gt_rest,Frontal_Mid_R,R,36.0,38.0,10.0,MNI,t,4.15,11,activation,Table 4
39877657,28868952_C5,verum_gt_rest,SupraMarginal_L,L,-45.0,-40.0,28.0,MNI,t,4.68,32,activation,Table 5
39877657,28868952_C5,verum_gt_rest,Insula_R,R,30.0,-22.0,16.0,MNI,t,4.64,15,activation,Table 5
39877657,28868952_C5,verum_gt_rest,Rolandic_Oper_R,R,48.0,-10.0,13.0,MNI,t,4.47,31,activation,Table 5
39877657,28868952_C5,verum_gt_rest,Temporal_Sup_R,R,57.0,-43.0,16.0,MNI,t,4.37,35,activation,Table 5
39877657,28868952_C5,verum_gt_rest,Postcentral_L,L,-54.0,-4.0,16.0,MNI,t,4.0,18,activation,Table 5
39877657,28868952_C5,verum_gt_rest,Insula_L,L,-33.0,-1.0,13.0,MNI,t,3.99,13,activation,Table 5
39877657,28868952_C5,verum_gt_rest,Rolandic_Oper_R,R,60.0,-7.0,10.0,MNI,t,3.53,11,activation,Table 5
39877657,28868952_C5,verum_gt_rest,Postcentral_L,L,-18.0,-46.0,67.0,MNI,t,3.5,10,activation,Table 5
40022556,22197696_C1,verum_gt_rest,Lingual gyrus,L,-3.0,-76.0,4.0,TAL,t,19.46,not_reported,activation,Table 1
40022556,22197696_C1,verum_gt_rest,Lingual gyrus,R,3.0,-76.0,4.0,TAL,t,15.94,not_reported,activation,Table 1
40022556,22197696_C1,verum_gt_rest,Cuneus,L,-3.0,-75.0,7.0,TAL,t,16.38,not_reported,activation,Table 1
40022556,22197696_C1,verum_gt_rest,Cuneus,R,3.0,-90.0,16.0,TAL,t,18.91,not_reported,activation,Table 1
40022556,22197696_C1,verum_gt_rest,Inferior occipital gyrus,L,-21.0,-94.0,-8.0,TAL,t,6.05,not_reported,activation,Table 1
40022556,22197696_C1,verum_gt_rest,Middle occipital gyrus,L,-12.0,-95.0,16.0,TAL,t,9.53,not_reported,activation,Table 1
40022556,22197696_C1,verum_gt_rest,Middle occipital gyrus,R,12.0,-92.0,16.0,TAL,t,10.07,not_reported,activation,Table 1
40022556,22197696_C1,verum_gt_rest,Fusiform gyrus,L,-45.0,-68.0,-12.0,TAL,t,8.62,not_reported,activation,Table 1
40022556,22197696_C1,verum_gt_rest,Fusiform gyrus,R,36.0,-71.0,-12.0,TAL,t,7.6,not_reported,activation,Table 1
40022556,22197696_C2,verum_gt_rest,Lingual gyrus,L,-12.0,-93.0,0.0,TAL,t,15.31,not_reported,activation,Table 1
40022556,22197696_C2,verum_gt_rest,Lingual gyrus,R,15.0,-84.0,4.0,TAL,t,17.04,not_reported,activation,Table 1
40022556,22197696_C2,verum_gt_rest,Cuneus,L,-12.0,-102.0,3.0,TAL,t,24.27,not_reported,activation,Table 1
40022556,22197696_C2,verum_gt_rest,Cuneus,R,21.0,-99.0,2.0,TAL,t,20.52,not_reported,activation,Table 1
40022556,22197696_C2,verum_gt_rest,Inferior occipital gyrus,L,-24.0,-88.0,-8.0,TAL,t,15.27,not_reported,activation,Table 1
40022556,22197696_C2,verum_gt_rest,Inferior occipital gyrus,R,33.0,-82.0,-6.0,TAL,t,16.31,not_reported,activation,Table 1
40022556,22197696_C2,verum_gt_rest,Middle occipital gyrus,L,-15.0,-98.0,16.0,TAL,t,17.85,not_reported,activation,Table 1
40022556,22197696_C2,verum_gt_rest,Middle occipital gyrus,R,21.0,-99.0,8.0,TAL,t,20.81,not_reported,activation,Table 1
40022556,22197696_C2,verum_gt_rest,Fusiform gyrus,L,-21.0,-88.0,-11.0,TAL,t,8.18,not_reported,activation,Table 1
40022556,22197696_C3,sham_gt_rest,Lingual gyrus,L,-3.0,-79.0,-1.0,TAL,t,13.51,not_reported,activation,Table 1
40022556,22197696_C3,sham_gt_rest,Lingual gyrus,R,3.0,-81.0,4.0,TAL,t,13.13,not_reported,activation,Table 1
40022556,22197696_C3,sham_gt_rest,Cuneus,L,-3.0,-93.0,5.0,TAL,t,13.24,not_reported,activation,Table 1
40022556,22197696_C3,sham_gt_rest,Cuneus,R,15.0,-81.0,7.0,TAL,t,13.02,not_reported,activation,Table 1
40584525,c001,group_comparison,Frontal_Sup_Medial_R,R,6.0,48.0,12.0,MNI,T,8.6353,886,increased FC,table
40584525,c001,group_comparison,Frontal_Inf_Orb_R,R,36.0,36.0,-12.0,MNI,T,6.4569,15,increased FC,table
40584525,c001,group_comparison,Caudate_R,R,21.0,27.0,15.0,MNI,T,5.772,13,increased FC,table
40584525,c001,group_comparison,Cingulum_Mid_L,L,-6.0,-21.0,42.0,MNI,T,-10.3576,537,decreased FC,table
40584525,c002,group_comparison,Frontal_Mid_Orb_R,R,42.0,60.0,-3.0,MNI,T,5.8137,17,increased FC,table
40584525,c002,group_comparison,Frontal_Inf_Orb_L,L,-30.0,24.0,-18.0,MNI,T,-7.5096,118,decreased FC,table
40584525,c003,group_comparison,Precuneus_L,L,-3.0,-69.0,30.0,MNI,T,-6.3943,66,decreased FC,table
40584525,c003,group_comparison,Angular_R,R,51.0,-51.0,27.0,MNI,T,-5.6882,17,decreased FC,table
40584525,c004,group_comparison,Frontal_Sup_Medial_L,L,-9.0,51.0,9.0,MNI,T,-5.9507,54,decreased FC,table
40584525,c004,group_comparison,Precuneus_L,L,-9.0,-66.0,27.0,MNI,T,-5.3362,21,decreased FC,table
40584525,c004,group_comparison,Angular_R,R,54.0,-51.0,27.0,MNI,T,-5.3934,16,decreased FC,table
40584525,c005,group_comparison,Angular_L,L,-42.0,-66.0,51.0,MNI,T,-6.6116,73,decreased FC,table
40584525,c005,group_comparison,Paracentral_Lobule_L,L,-9.0,-45.0,78.0,MNI,T,-6.1548,42,decreased FC,table
40584525,c005,group_comparison,Supp_Motor_Area_R,R,0.0,-12.0,78.0,MNI,T,-5.386,31,decreased FC,table
40584525,c005,group_comparison,Frontal_Inf_Orb_L,L,-48.0,42.0,-9.0,MNI,T,-5.297,11,decreased FC,table
40584525,c005,group_comparison,Parietal_Inf_R,R,45.0,-45.0,42.0,MNI,T,-5.283,9,decreased FC,table
40584525,c005,group_comparison,Frontal_Mid_R,R,51.0,18.0,48.0,MNI,T,-5.9068,12,decreased FC,table
40584525,c005,group_comparison,Cingulum_Mid_L,L,3.0,-33.0,48.0,MNI,T,-5.421,39,decreased FC,table
40584525,c005,group_comparison,Parietal_Inf_L,L,-54.0,-45.0,48.0,MNI,T,-8.0323,222,decreased FC,table
40584525,c005,group_comparison,Frontal_Mid_L,L,-27.0,15.0,60.0,MNI,T,-7.4305,205,decreased FC,table
40584525,c005,group_comparison,Parietal_Inf_R,R,51.0,-48.0,57.0,MNI,T,-6.8438,76,decreased FC,table
40584525,c005,group_comparison,Frontal_Mid_R,R,30.0,12.0,63.0,MNI,T,-5.5685,35,decreased FC,table
40584525,c005,group_comparison,Precuneus_L,L,-3.0,-51.0,72.0,MNI,T,-6.6067,74,decreased FC,table
40584525,c005,group_comparison,Supp_Motor_Area_L,L,-3.0,-9.0,78.0,MNI,T,-5.8254,62,decreased FC,table
40584525,c005,group_comparison,Frontal_Mid_Orb_L,L,-39.0,51.0,3.0,MNI,T,-5.5889,35,decreased FC,table
40584525,c005,group_comparison,Temporal_Mid_R,R,66.0,-42.0,-9.0,MNI,T,-5.8473,43,decreased FC,table
40584525,c005,group_comparison,Frontal_Sup_R,R,33.0,3.0,63.0,MNI,T,-5.8685,38,decreased FC,table
40584525,c005,group_comparison,Temporal_Inf_L,L,-42.0,0.0,-45.0,MNI,T,-5.9055,27,decreased FC,table
40584525,c005,group_comparison,Frontal_Inf_Tri_L,L,-54.0,30.0,3.0,MNI,T,-6.2917,23,decreased FC,table
40584525,c005,group_comparison,Frontal_Sup_Medial_L,L,0.0,33.0,54.0,MNI,T,-7.0208,187,decreased FC,table
40584525,c005,group_comparison,Frontal_Mid_L,L,-42.0,9.0,48.0,MNI,T,-7.4568,75,decreased FC,table
40584525,c005,group_comparison,Paracentral_Lobule_L,L,-6.0,-39.0,78.0,MNI,T,-6.2193,32,decreased FC,table
40584525,c005,group_comparison,Frontal_Mid_Orb_L,L,-42.0,54.0,-3.0,MNI,T,-6.6287,39,decreased FC,table
40584525,c005,group_comparison,Parietal_Inf_L,L,-54.0,-57.0,42.0,MNI,T,-5.637,48,decreased FC,table
40584525,c005,group_comparison,Frontal_Mid_L,L,-36.0,24.0,51.0,MNI,T,-6.5346,84,decreased FC,table
40584525,c005,group_comparison,Frontal_Sup_Medial_L,L,0.0,36.0,51.0,MNI,T,-6.5735,64,decreased FC,table
40584525,c005,group_comparison,Cerebelum_6_R,R,21.0,-81.0,-30.0,MNI,T,-6.1816,63,decreased FC,table
40584525,c005,group_comparison,Temporal_Mid_L,L,-57.0,-3.0,-15.0,MNI,T,-6.3431,42,decreased FC,table
40584525,c005,group_comparison,Frontal_Sup_Medial_L,L,-3.0,51.0,18.0,MNI,T,-6.2329,40,decreased FC,table
40584525,c005,group_comparison,Frontal_Mid_L,L,-3.0,42.0,54.0,MNI,T,-8.1054,688,decreased FC,table
40584525,c005,group_comparison,Precuneus_L,L,-3.0,-45.0,33.0,MNI,T,-6.5127,241,decreased FC,table
40584525,c005,group_comparison,Angular_L,L,-48.0,-66.0,36.0,MNI,T,-6.6357,238,decreased FC,table
40584525,c005,group_comparison,Angular_R,R,57.0,-54.0,33.0,MNI,T,-6.5856,76,decreased FC,table
40584525,c005,group_comparison,Cerebelum_Crus1_L,L,-21.0,-81.0,-33.0,MNI,T,-6.2175,64,decreased FC,table
40584525,c005,group_comparison,Temporal_Mid_L,L,-57.0,6.0,-24.0,MNI,T,-5.7272,66,decreased FC,table
40584525,c005,group_comparison,Frontal_Sup_Medial_L,L,0.0,51.0,18.0,MNI,T,-6.6268,77,decreased FC,table
40584525,c005,group_comparison,Precuneus_R,R,12.0,-48.0,33.0,MNI,T,-7.1203,329,decreased FC,table
40584525,c005,group_comparison,Angular_L,L,-39.0,-69.0,36.0,MNI,T,-5.9877,164,decreased FC,table
40584525,c005,group_comparison,Frontal_Sup_Medial_L,L,-3.0,39.0,57.0,MNI,T,-7.5512,439,decreased FC,table
40584525,c005,group_comparison,Precuneus_L,L,0.0,-45.0,36.0,MNI,T,-6.5575,291,decreased FC,table
40584525,c005,group_comparison,Hippocampus_R,R,27.0,-18.0,-18.0,MNI,T,-6.108,15,decreased FC,table
40584525,c005,group_comparison,Angular_R,R,57.0,-57.0,30.0,MNI,T,-6.223,52,decreased FC,table
40584525,c005,group_comparison,Angular_L,L,-39.0,-72.0,42.0,MNI,T,-6.0484,41,decreased FC,table
40584525,c005,group_comparison,Frontal_Mid_L,L,-24.0,27.0,48.0,MNI,T,-8.2577,91,decreased FC,table
40584525,c005,group_comparison,Frontal_Sup_Medial_L,L,-6.0,36.0,57.0,MNI,T,-5.45,23,decreased FC,table
40584525,c005,group_comparison,Frontal_Mid_L,L,-33.0,48.0,30.0,MNI,T,-7.2258,80,decreased FC,table
40584525,c005,group_comparison,Cingulum_Mid_R,R,15.0,-33.0,45.0,MNI,T,-6.21,49,decreased FC,table
40584525,c005,group_comparison,Caudate_R,R,15.0,9.0,12.0,MNI,T,-6.5761,40,decreased FC,table
40584525,c005,group_comparison,Frontal_Sup_L,L,-24.0,48.0,36.0,MNI,T,-7.2428,515,decreased FC,table
40584525,c005,group_comparison,Frontal_Sup_Medial_L,L,0.0,42.0,24.0,MNI,T,-5.4982,36,decreased FC,table
40584525,c005,group_comparison,Cingulum_Mid_L,L,-3.0,-30.0,48.0,MNI,T,-6.7251,283,decreased FC,table
40584525,c005,group_comparison,Caudate_R,R,15.0,9.0,15.0,MNI,T,-7.6265,55,decreased FC,table
40584525,c005,group_comparison,Caudate_L,L,-12.0,12.0,15.0,MNI,T,-6.2803,33,decreased FC,table
40584525,c005,group_comparison,Frontal_Mid_L,L,-24.0,27.0,51.0,MNI,T,-7.7665,596,decreased FC,table
40584525,c005,group_comparison,Precuneus_R,R,0.0,-48.0,60.0,MNI,T,-9.6638,3740,decreased FC,table
40584525,c005,group_comparison,Thalamus_R,R,12.0,-15.0,9.0,MNI,T,-6.9686,54,decreased FC,table
40584525,c005,group_comparison,Frontal_Mid_L,L,-27.0,48.0,30.0,MNI,T,-7.6731,457,decreased FC,table
40584525,c005,group_comparison,Parietal_Inf_L,L,-30.0,-75.0,42.0,MNI,T,-6.3102,57,decreased FC,table
40584525,c005,group_comparison,Precuneus_L,L,0.0,-48.0,57.0,MNI,T,-8.8562,972,decreased FC,table
40584525,c005,group_comparison,Frontal_Mid_L,L,-24.0,30.0,51.0,MNI,T,-8.1202,861,decreased FC,table
40584525,c005,group_comparison,Precuneus_R,R,0.0,-63.0,45.0,MNI,T,-8.9735,570,decreased FC,table
40584525,c005,group_comparison,Angular_L,L,-39.0,-66.0,48.0,MNI,T,-7.2443,362,decreased FC,table
40584525,c005,group_comparison,Angular_R,R,57.0,-54.0,27.0,MNI,T,-6.898,116,decreased FC,table
40584525,c005,group_comparison,Parietal_Inf_L,L,-30.0,-75.0,45.0,MNI,T,-5.5346,25,decreased FC,table
40584525,c005,group_comparison,Frontal_Mid_L,L,-21.0,24.0,51.0,MNI,T,-5.1349,4,decreased FC,table
40584525,c005,group_comparison,Parietal_Inf_L,L,-33.0,-72.0,42.0,MNI,T,-5.4593,20,decreased FC,table
40584525,c006,group_comparison,Temporal_Inf_L,L,-42.0,9.0,-42.0,MNI,T,-6.1372,9,decreased FC,table
40584525,c006,group_comparison,Frontal_Mid_R,R,51.0,18.0,42.0,MNI,T,-6.1248,34,decreased FC,table
40584525,c006,group_comparison,Frontal_Mid_L,L,-42.0,12.0,51.0,MNI,T,-7.9604,104,decreased FC,table
40584525,c006,group_comparison,Frontal_Sup_Medial_L,L,-6.0,69.0,18.0,MNI,T,-6.0139,26,decreased FC,table
40584525,c006,group_comparison,Precuneus_L,L,-3.0,-66.0,36.0,MNI,T,-6.677,156,decreased FC,table
40584525,c007,verum_post_gt_pre,Parietal_Inf_L,L,-51.0,-54.0,48.0,MNI,T,-7.2924,19,decreased FC,table
40584525,c007,verum_post_gt_pre,Frontal_Mid_L,L,-33.0,24.0,48.0,MNI,T,-7.0452,78,decreased FC,table
40584525,c007,verum_post_gt_pre,Frontal_Sup_L,L,0.0,12.0,69.0,MNI,T,-9.2162,542,decreased FC,table
40584525,c007,verum_post_gt_pre,Frontal_Sup_Medial_R,R,6.0,45.0,48.0,MNI,T,-7.4269,47,decreased FC,table
40584525,c007,verum_post_gt_pre,Supp_Motor_Area_L,L,-12.0,18.0,66.0,MNI,T,-7.9108,206,decreased FC,table
40584525,c007,verum_post_gt_pre,Caudate_L,L,-12.0,15.0,15.0,MNI,T,-6.7492,23,decreased FC,table
40584525,c007,verum_post_gt_pre,Caudate_R,R,18.0,9.0,15.0,MNI,T,-9.2777,29,decreased FC,table
40584525,c007,verum_post_gt_pre,Frontal_Mid_L,L,-27.0,45.0,39.0,MNI,T,-10.3278,878,decreased FC,table
40584525,c007,verum_post_gt_pre,Precuneus_R,R,3.0,-48.0,57.0,MNI,T,-9.3451,1215,decreased FC,table
40584525,c007,verum_post_gt_pre,Frontal_Mid_L,L,30.0,3.0,66.0,MNI,T,-10.1931,1133,decreased FC,table
40584525,c007,verum_post_gt_pre,Parietal_Inf_L,L,-39.0,-60.0,54.0,MNI,T,-8.3223,204,decreased FC,table
40584525,c007,verum_post_gt_pre,Pallidum_R,R,27.0,-3.0,-9.0,MNI,T,5.6666,9,increased FC,table
40584525,c008,sham_post_gt_pre,Frontal_Mid_Orb_L,L,-33.0,27.0,-3.0,MNI,T,-5.2059,6,decreased FC,table
40584525,c008,sham_post_gt_pre,Frontal_Sup_Medial_,not_reported,0.0,60.0,36.0,MNI,T,-4.1024,5,decreased FC,table
40584525,c008,sham_post_gt_pre,Frontal_Med_Orb_L,L,-3.0,45.0,-12.0,MNI,T,-5.0104,5,decreased FC,table
40584525,c008,sham_post_gt_pre,Precentral_L,L,-42.0,-6.0,48.0,MNI,T,-8.0401,7,decreased FC,table
40634927,contrast_ALFF_overall,group_comparison,DLPFC,Left,-45.0,18.0,48.0,MNI,F value,14.989,23 voxels,decreased in AG and SG; increased in WG,table
40634927,contrast_FC_AG_vs_SG,verum_gt_sham,Thalamus,Right,15.0,-39.0,9.0,MNI,F value,20.473,40 voxels,FC increased in AG compared to SG; ES=0.935,table
40634927,contrast_FC_SG_vs_WG,group_comparison,Cerebellum,Right,39.0,-63.0,-42.0,MNI,F value,20.202,153 voxels,FC decreased in SG compared to WG; ES=-1.172,table
40634927,15193624_C1,verum_gt_rest,Postcentral gyrus (SI),L,-55.0,-25.0,44.0,TAL,Z,4.53,not_reported,activation,Table 1
40634927,15193624_C1,verum_gt_rest,Insula (Left),L,-40.0,-2.0,-8.0,TAL,Z,3.16,not_reported,activation,Table 1
40634927,15193624_C1,verum_gt_rest,Insula (Right),R,48.0,7.0,-7.0,TAL,Z,2.82,not_reported,activation,Table 1
40634927,15193624_C1,verum_gt_rest,Medial frontal gyrus,L,-3.0,24.0,43.0,TAL,Z,3.22,not_reported,activation,Table 1
40634927,15193624_C1,verum_gt_rest,Transverse temporal gyrus (Left),L,-57.0,-11.0,13.0,TAL,Z,4.17,not_reported,activation,Table 1
40634927,15193624_C1,verum_gt_rest,Transverse temporal gyrus (Right),R,51.0,-10.0,2.0,TAL,Z,3.43,not_reported,activation,Table 1
40634927,15193624_C1,verum_gt_rest,Superior temporal gyrus (Left),L,-57.0,-51.0,19.0,TAL,Z,3.54,not_reported,activation,Table 1
40634927,15193624_C1,verum_gt_rest,Superior temporal gyrus (Left),L,-53.0,15.0,-7.0,TAL,Z,3.19,not_reported,activation,Table 1
40634927,15193624_C1,verum_gt_rest,Superior temporal gyrus (Right),R,57.0,4.0,-7.0,TAL,Z,2.93,not_reported,activation,Table 1
40634927,15193624_C1,verum_gt_rest,Inferior parietal lobule (Left),L,-46.0,-48.0,52.0,TAL,Z,3.02,not_reported,activation,Table 1
40634927,15193624_C1,verum_gt_rest,Parietal operculum (SII) (Left),L,-57.0,-22.0,21.0,TAL,Z,3.73,not_reported,activation,Table 1
40634927,15193624_C1,verum_gt_rest,Parietal operculum (SII) (Right),L,-55.0,-22.0,20.0,TAL,Z,3.72,not_reported,activation,Table 1
40634927,15193624_C1,verum_gt_rest,Thalamus (dorsomedial nucleus) (Left),L,-12.0,-19.0,10.0,TAL,Z,3.43,not_reported,activation,Table 1
40634927,15193624_C1,verum_gt_rest,Cerebellar vermis/declive (VI),midline,2.0,-70.0,-12.0,TAL,Z,2.64,not_reported,activation,Table 1
40634927,15193624_C1,verum_gt_rest,Cerebellar vermis/nodulus (X),midline,0.0,-51.0,-28.0,TAL,Z,3.34,not_reported,activation,Table 1
40634927,15193624_C1,verum_gt_rest,Cerebellar sup. semilunar lobule (Crus I) (Left),L,-22.0,-73.0,-18.0,TAL,Z,4.2,not_reported,activation,Table 1
40634927,15193624_C1,verum_gt_rest,Cerebellar sup. semilunar lobule (Crus I) (Right),R,24.0,-68.0,-15.0,TAL,Z,3.57,not_reported,activation,Table 1
40634927,15193624_C1,verum_gt_rest,Cerebellar quadrangular lobule (HVI) (Left),L,-23.0,-61.0,-16.0,TAL,Z,2.75,not_reported,activation,Table 1
40634927,15193624_C1,verum_gt_rest,Cerebellar quadrangular lobule (HVI) (Right),L,-24.0,-62.0,-17.0,TAL,Z,2.83,not_reported,activation,Table 1
40634927,15193624_C2,sham_gt_rest,Postcentral gyrus (SI) (Left),L,-53.0,-32.0,41.0,TAL,Z,2.86,not_reported,activation,Table 1
40634927,15193624_C2,sham_gt_rest,Insula (Left),L,-39.0,13.0,1.0,TAL,Z,3.56,not_reported,activation,Table 1
40634927,15193624_C2,sham_gt_rest,Insula (Right),R,49.0,9.0,1.0,TAL,Z,2.68,not_reported,activation,Table 1
40634927,15193624_C2,sham_gt_rest,Transverse temporal gyrus (Left),L,-57.0,15.0,3.0,TAL,Z,4.34,not_reported,activation,Table 1
40634927,15193624_C2,sham_gt_rest,Transverse temporal gyrus (Right),R,55.0,-22.0,6.0,TAL,Z,2.82,not_reported,activation,Table 1
40634927,15193624_C2,sham_gt_rest,Superior temporal gyrus (Right),R,59.0,-52.0,19.0,TAL,Z,3.62,not_reported,activation,Table 1
40634927,15193624_C2,sham_gt_rest,Superior temporal gyrus (Right),R,64.0,-40.0,8.0,TAL,Z,3.31,not_reported,activation,Table 1
40634927,15193624_C2,sham_gt_rest,Superior temporal gyrus (Left),L,-58.0,13.0,-6.0,TAL,Z,3.52,not_reported,activation,Table 1
40634927,15193624_C2,sham_gt_rest,Middle temporal gyrus (Left),L,-55.0,-58.0,-2.0,TAL,Z,3.66,not_reported,activation,Table 1
40634927,15193624_C2,sham_gt_rest,Middle temporal gyrus (Right),R,53.0,-53.0,-2.0,TAL,Z,4.41,not_reported,activation,Table 1
40634927,15193624_C2,sham_gt_rest,Inferior parietal lobule (Left),L,-53.0,-39.0,41.0,TAL,Z,3.31,not_reported,activation,Table 1
40634927,15193624_C2,sham_gt_rest,Parietal operculum (SII) (Left),L,-65.0,-26.0,23.0,TAL,Z,3.58,not_reported,activation,Table 1
40634927,15193624_C2,sham_gt_rest,Parietal operculum (SII) (Right),R,53.0,-34.0,24.0,TAL,Z,3.89,not_reported,activation,Table 1
40634927,15193624_C3,sham_gt_rest,Postcentral gyrus (SI) (Left),L,-57.0,-27.0,43.0,TAL,Z,3.16,not_reported,activation,Table 1
40634927,15193624_C3,sham_gt_rest,Insula (Left),L,-40.0,17.0,6.0,TAL,Z,3.52,not_reported,activation,Table 1
40634927,15193624_C3,sham_gt_rest,Insula (Right),R,48.0,26.0,8.0,TAL,Z,4.03,not_reported,activation,Table 1
40634927,15193624_C3,sham_gt_rest,Transverse temporal gyrus (Left),L,-55.0,-5.0,8.0,TAL,Z,4.4,not_reported,activation,Table 1
40634927,15193624_C3,sham_gt_rest,Transverse temporal gyrus (Right),R,51.0,-15.0,10.0,TAL,Z,3.61,not_reported,activation,Table 1
40634927,15193624_C3,sham_gt_rest,Superior temporal gyrus (Left),L,-52.0,10.0,-6.0,TAL,Z,3.29,not_reported,activation,Table 1
40634927,15193624_C3,sham_gt_rest,Superior temporal gyrus (Right),R,58.0,6.0,-6.0,TAL,Z,3.28,not_reported,activation,Table 1
40634927,15193624_C3,sham_gt_rest,Middle temporal gyrus (Left),L,-50.0,-65.0,12.0,TAL,Z,3.74,not_reported,activation,Table 1
40634927,15193624_C3,sham_gt_rest,Parietal operculum (SII) (Left),L,-60.0,-32.0,23.0,TAL,Z,3.37,not_reported,activation,Table 1
40634927,15193624_C3,sham_gt_rest,Parietal operculum (SII) (Right),R,53.0,-34.0,16.0,TAL,Z,3.15,not_reported,activation,Table 1
40634927,15193624_C4,verum_gt_sham,Precentral gyrus (Left),L,-46.0,-18.0,22.0,TAL,Z,4.04,not_reported,activation,Table 2
40634927,15193624_C4,verum_gt_sham,Superior frontal gyrus (Left),L,-26.0,55.0,5.0,TAL,Z,3.43,not_reported,activation,Table 2
40634927,15193624_C4,verum_gt_sham,Anterior cingulate (middle),midline,1.0,19.0,23.0,TAL,Z,3.51,not_reported,activation,Table 2
40634927,15193624_C4,verum_gt_sham,Precuneus (Left),L,-3.0,-52.0,45.0,TAL,Z,3.75,not_reported,activation,Table 2
40634927,15193624_C4,verum_gt_sham,Precuneus (Right),R,4.0,-52.0,45.0,TAL,Z,3.78,not_reported,activation,Table 2
40634927,15193624_C4,verum_gt_sham,Thalamus (dorsomedial nucleus) (Left),L,-11.0,-19.0,5.0,TAL,Z,3.25,not_reported,activation,Table 2
40634927,15193624_C4,verum_gt_sham,Cerebellar vermis/declive (VI),midline,-1.0,-72.0,-10.0,TAL,Z,3.46,not_reported,activation,Table 2
40634927,15193624_C4,verum_gt_sham,Cerebellar vermis/nodulus (X),midline,2.0,-48.0,-29.0,TAL,Z,3.65,not_reported,activation,Table 2
40634927,15193624_C4,verum_gt_sham,Cerebellar vermis/uvula (X),L,-4.0,-62.0,-33.0,TAL,Z,3.36,not_reported,activation,Table 2
40634927,15193624_C4,verum_gt_sham,Cerebellar tonsil (IX) (Left),L,-6.0,-60.0,-37.0,TAL,Z,3.43,not_reported,activation,Table 2
40634927,15193624_C4,verum_gt_sham,Cerebellar sup. semilunar lobule (Crus I) (Left),L,-24.0,-74.0,-18.0,TAL,Z,3.24,not_reported,activation,Table 2
40634927,15193624_C4,verum_gt_sham,Cerebellar quadrangular lobule (HVI) (Left),L,-18.0,-55.0,-19.0,TAL,Z,3.69,not_reported,activation,Table 2
40634927,15193624_C5,verum_gt_sham,Superior frontal gyrus (Left),L,-24.0,59.0,12.0,TAL,Z,3.85,not_reported,activation,Table 2
40634927,15193624_C5,verum_gt_sham,Superior temporal gyrus (Right),R,61.0,-48.0,13.0,TAL,Z,4.2,not_reported,activation,Table 2
40634927,15193624_C5,verum_gt_sham,Anterior cingulate (middle),L,-3.0,33.0,6.0,TAL,Z,5.0,not_reported,activation,Table 2
40634927,15193624_C5,verum_gt_sham,Precuneus (Left),L,-3.0,-52.0,45.0,TAL,Z,3.75,not_reported,activation,Table 2
40634927,15193624_C5,verum_gt_sham,Precuneus (Right),R,4.0,-52.0,45.0,TAL,Z,3.78,not_reported,activation,Table 2
40634927,15193624_C5,verum_gt_sham,Thalamus (dorsomedial nucleus) (Left),L,-10.0,-23.0,3.0,TAL,Z,3.42,not_reported,activation,Table 2
40634927,15193624_C5,verum_gt_sham,Cerebellar vermis/declive (VI),midline,-1.0,-69.0,-8.0,TAL,Z,3.67,not_reported,activation,Table 2
40634927,15193624_C5,verum_gt_sham,Cerebellar vermis/nodulus (X),midline,-2.0,-49.0,-28.0,TAL,Z,2.98,not_reported,activation,Table 2
40634927,15193624_C5,verum_gt_sham,Cerebellar vermis/uvula (X),L,-3.0,-65.0,-33.0,TAL,Z,3.31,not_reported,activation,Table 2
40634927,15193624_C5,verum_gt_sham,Cerebellar tonsil (IX) (Left),L,-5.0,-65.0,-36.0,TAL,Z,3.52,not_reported,activation,Table 2
40634927,15193624_C5,verum_gt_sham,Cerebellar sup. semilunar lobule (Crus I) (Left),L,-23.0,-73.0,-17.0,TAL,Z,3.94,not_reported,activation,Table 2
40634927,15193624_C5,verum_gt_sham,Cerebellar sup. semilunar lobule (Crus I) (Right),R,24.0,-67.0,-18.0,TAL,Z,3.13,not_reported,activation,Table 2
40634927,15193624_C5,verum_gt_sham,Cerebellar quadrangular lobule (HVI) (Right),R,20.0,-59.0,-16.0,TAL,Z,3.49,not_reported,activation,Table 2
40642213,con_conjunction_all3,deactivation,left cerebellar crus II,left,-39.0,-69.0,-45.0,not_reported,not_reported,not_reported,not_reported,deactivation,figure_caption
40642213,NR_C1,deactivation,left cerebellar crus II,L,-39.0,-69.0,-45.0,MNI,NR,not_reported,not_reported,deactivation,Figure 3A caption
40772121,contrast_koa_vs_healthy,group_comparison,Temporal pole,R,44.0,9.0,-33.0,MNI,t,-3.17,60,decreased (KOA < healthy),table
40772121,contrast_koa_vs_healthy,group_comparison,Parahippocampal gyrus,R,19.0,1.0,-24.0,MNI,t,-3.12,38,decreased (KOA < healthy),table
40772121,contrast_koa_vs_healthy,group_comparison,Hippocampus,R,35.0,-16.0,-14.0,MNI,t,-3.21,36,decreased (KOA < healthy),table
40772121,contrast_koa_vs_healthy,group_comparison,Anterior cingulate gyrus,L,-5.0,12.0,29.0,MNI,t,-2.34,29,decreased (KOA < healthy),table
40772121,contrast_koa_vs_healthy,group_comparison,Anterior cingulate gyrus,R,5.0,14.0,27.0,MNI,t,-2.83,28,decreased (KOA < healthy),table
40772121,contrast_koa_vs_healthy,group_comparison,Median cingulate and paracingulate gyri,R,2.0,5.0,31.0,MNI,t,-2.7,25,decreased (KOA < healthy),table
40772121,contrast_koa_vs_healthy,group_comparison,Amygdala,R,20.0,1.0,-16.0,MNI,t,-2.74,17,decreased (KOA < healthy),table
40772121,contrast_koa_vs_healthy,group_comparison,Orbital part of the inferior frontal gyrus,R,28.0,26.0,-21.0,MNI,t,-3.31,13,decreased (KOA < healthy),table
40772121,contrast_koa_vs_healthy,group_comparison,Medial and paracingulate gyri,L,-4.0,7.0,34.0,MNI,t,-2.23,10,decreased (KOA < healthy),table
40772121,contrast_acupuncture_post_vs_pre,verum_post_gt_pre,Anterior cingulate gyrus,L,-1.0,14.0,30.0,MNI,t,2.16,45,increased,table
40772121,contrast_acupuncture_post_vs_pre,verum_post_gt_pre,"Lenticular nucleus, putamen",R,26.0,-2.0,5.0,MNI,t,3.05,40,increased,table
40772121,contrast_acupuncture_post_vs_pre,verum_post_gt_pre,Amygdala,R,30.0,3.0,-21.0,MNI,t,2.99,33,increased,table
40772121,contrast_acupuncture_post_vs_pre,verum_post_gt_pre,Temporal pole,R,29.0,10.0,-24.0,MNI,t,2.94,32,increased,table
40772121,contrast_acupuncture_post_vs_pre,verum_post_gt_pre,Anterior cingulate gyrus,R,4.0,24.0,28.0,MNI,t,2.67,28,increased,table
40772121,contrast_acupuncture_post_vs_pre,verum_post_gt_pre,Hippocampus,R,29.0,-8.0,-14.0,MNI,t,2.55,26,increased,table
40772121,contrast_acupuncture_post_vs_pre,verum_post_gt_pre,"Lenticular nucleus, pallidum",R,20.0,3.0,8.0,MNI,t,3.31,21,increased,table
40772121,contrast_acupuncture_post_vs_pre,verum_post_gt_pre,Parahippocampal gyrus,R,2.0,5.0,31.0,MNI,t,3.33,15,increased,table
40772121,contrast_acupuncture_post_vs_pre,verum_post_gt_pre,Caudate nucleus,R,5.0,19.0,4.0,MNI,t,2.27,10,increased,table
40772121,contrast_placebo_post_vs_pre,sham_post_gt_pre,Lenticular putamen,R,29.0,-2.0,-1.0,MNI,t,3.00,30,increased,table
40772121,contrast_placebo_post_vs_pre,sham_post_gt_pre,Globus pallidum,R,23.0,-5.0,-2.0,MNI,t,2.77,12,increased,table
40772121,NR_C1,group_comparison,Temporal pole,R,44.0,9.0,-33.0,MNI,t,-3.17,60,KOA patients lower than healthy subjects,Table 5
40772121,NR_C1,group_comparison,Parahippocampal gyrus,R,19.0,1.0,-24.0,MNI,t,-3.12,38,KOA patients lower than healthy subjects,Table 5
40772121,NR_C1,group_comparison,Hippocampus,R,35.0,-16.0,-14.0,MNI,t,-3.21,36,KOA patients lower than healthy subjects,Table 5
40772121,NR_C1,group_comparison,Anterior cingulate gyrus,L,-5.0,12.0,29.0,MNI,t,-2.34,29,KOA patients lower than healthy subjects,Table 5
40772121,NR_C1,group_comparison,Anterior cingulate gyrus,R,5.0,14.0,27.0,MNI,t,-2.83,28,KOA patients lower than healthy subjects,Table 5
40772121,NR_C1,group_comparison,Median cingulate and paracingulate gyri,midline,2.0,5.0,31.0,MNI,t,-2.7,25,KOA patients lower than healthy subjects,Table 5
40772121,NR_C1,group_comparison,Amygdala,R,20.0,1.0,-16.0,MNI,t,-2.74,17,KOA patients lower than healthy subjects,Table 5
40772121,NR_C1,group_comparison,Orbital part of the inferior frontal gyrus,R,28.0,26.0,-21.0,MNI,t,-3.31,13,KOA patients lower than healthy subjects,Table 5
40772121,NR_C1,group_comparison,Medial and paracingulate gyri,L,-4.0,7.0,34.0,MNI,t,-2.23,10,KOA patients lower than healthy subjects,Table 5
40772121,NR_C2,verum_post_gt_pre,Anterior cingulate gyrus,midline,-1.0,14.0,30.0,MNI,t,2.16,45,Increased functional connectivity post-intervention,Table 6
40772121,NR_C2,verum_post_gt_pre,"Lenticular nucleus, putamen",R,26.0,-2.0,5.0,MNI,t,3.05,40,Increased functional connectivity post-intervention,Table 6
40772121,NR_C2,verum_post_gt_pre,Amygdala,R,30.0,3.0,-21.0,MNI,t,2.99,33,Increased functional connectivity post-intervention,Table 6
40772121,NR_C2,verum_post_gt_pre,Temporal pole,R,29.0,10.0,-24.0,MNI,t,2.94,32,Increased functional connectivity post-intervention,Table 6
40772121,NR_C2,verum_post_gt_pre,Anterior cingulate gyrus,R,4.0,24.0,28.0,MNI,t,2.67,28,Increased functional connectivity post-intervention,Table 6
40772121,NR_C2,verum_post_gt_pre,Hippocampus,R,29.0,-8.0,-14.0,MNI,t,2.55,26,Increased functional connectivity post-intervention,Table 6
40772121,NR_C2,verum_post_gt_pre,"Lenticular nucleus, pallidum",R,20.0,3.0,8.0,MNI,t,3.31,21,Increased functional connectivity post-intervention,Table 6
40772121,NR_C2,verum_post_gt_pre,Parahippocampal gyrus,midline,2.0,5.0,31.0,MNI,t,3.33,15,Increased functional connectivity post-intervention,Table 6
40772121,NR_C2,verum_post_gt_pre,Caudate nucleus,R,5.0,19.0,4.0,MNI,t,2.27,10,Increased functional connectivity post-intervention,Table 6
40772121,NR_C3,sham_post_gt_pre,Lenticular putamen,R,29.0,-2.0,-1.0,MNI,t,3.0,30,Increased functional connectivity post-intervention,Table 7
40772121,NR_C3,sham_post_gt_pre,Globus pallidum,R,23.0,-5.0,-2.0,MNI,t,2.77,12,Increased functional connectivity post-intervention,Table 7
40881782,nc_BBGISvsHC_decreased_FCD,group_comparison,SMA,R,3.0,-12.0,51.0,MNI,t-score,-5.9459,"1,416",Decreased (BBGIS < HC),table
40881782,nc_BBGISvsHC_decreased_FCD,group_comparison,MTG,R,51.0,-48.0,9.0,MNI,t-score,-4.752,357,Decreased (BBGIS < HC),table
40881782,nc_BBGISvsHC_decreased_FCD,group_comparison,MFG,R,36.0,-3.0,51.0,MNI,t-score,-5.1443,262,Decreased (BBGIS < HC),table
40881782,nc_BBGISvsHC_decreased_FCD,group_comparison,C8,R,-15.0,-69.0,-60.0,MNI,t-score,-3.4251,113,Decreased (BBGIS < HC),table
40881782,nc_BBGISvsHC_decreased_FCD,group_comparison,C4/5,R,21.0,-45.0,-21.0,MNI,t-score,-3.477,157,Decreased (BBGIS < HC),table
40881782,nc_BBGISvsHC_increased_FCD,group_comparison,FG,L,-27.0,-15.0,-42.0,MNI,t-score,6.4716,"2,111",Increased (BBGIS > HC),table
40881782,nc_BBGISvsHC_increased_FCD,group_comparison,TIFG,L,-45.0,27.0,15.0,MNI,t-score,3.8338,172,Increased (BBGIS > HC),table
40881782,nc_BBGISvsHC_increased_FCD,group_comparison,MTG,L,-24.0,-15.0,-39.0,MNI,t-score,5.5745,478,Increased (BBGIS > HC),table
40881782,nc_BBGISvsHC_increased_FCD,group_comparison,TIFG,L,-51.0,42.0,9.0,MNI,t-score,3.8364,220,Increased (BBGIS > HC),table
40881782,nc_post_IDSA_SMA_within,verum_post_gt_pre,SMA_R,R,3.0,-12.0,51.0,MNI,t,−16.12,not_reported,Increased post-treatment,text
40881782,nc_post_IDSA_C8_within,verum_post_gt_pre,C8_R,R,-15.0,-69.0,-60.0,MNI,t,−14.79,not_reported,Increased post-treatment,text
40881782,nc_between_SMA_treatment,verum_gt_sham,SMA_R,R,3.0,-12.0,51.0,MNI,F,"F(1,59) = 28.6",not_reported,IDSA ΔFCD = 0.64 ± 0.22 vs. Sham 0.11 ± 0.18,text
40881782,nc_between_C8_treatment,verum_gt_sham,C8_R,R,-15.0,-69.0,-60.0,MNI,F,"F(1,59) = 9.4",not_reported,IDSA ΔFCD = 0.77 ± 0.91 vs. Sham 0.09 ± 0.21,text
40881782,NR_C1,group_comparison,SMA,R,3.0,-12.0,51.0,MNI,t,-5.9459,1416,decreased and increased FCD in BBGIS vs HCs,Table 2
40881782,NR_C1,group_comparison,FG,L,-27.0,-15.0,-42.0,MNI,t,6.4716,2111,decreased and increased FCD in BBGIS vs HCs,Table 2
40881782,NR_C1,group_comparison,TIFG,L,-45.0,27.0,15.0,MNI,t,3.8338,172,decreased and increased FCD in BBGIS vs HCs,Table 2
40881782,NR_C1,group_comparison,C8,L,-15.0,-69.0,-60.0,MNI,t,-3.4251,113,decreased and increased FCD in BBGIS vs HCs,Table 2
40881782,NR_C1,group_comparison,MTG,L,-24.0,-15.0,-39.0,MNI,t,5.5745,478,decreased and increased FCD in BBGIS vs HCs,Table 2
40881782,NR_C1,group_comparison,C4/5,R,21.0,-45.0,-21.0,MNI,t,-3.477,157,decreased and increased FCD in BBGIS vs HCs,Table 2
40881782,NR_C1,group_comparison,MTG,R,51.0,-48.0,9.0,MNI,t,-4.752,357,decreased and increased FCD in BBGIS vs HCs,Table 2
40881782,NR_C1,group_comparison,TIFG,L,-51.0,42.0,9.0,MNI,t,3.8364,220,decreased and increased FCD in BBGIS vs HCs,Table 2
40881782,NR_C1,group_comparison,MFG,R,36.0,-3.0,51.0,MNI,t,-5.1443,262,decreased and increased FCD in BBGIS vs HCs,Table 2
40963943,con_TTH_ALFF_decrease,deactivation,Lingual gyrus,L/R,-9.0,-78.0,-9.0,MNI,T value,-8.21,"1,125",decrease,table
40963943,con_TTH_ALFF_decrease,deactivation,Precentral/Postcentral gyrus,R,48.0,-21.0,51.0,MNI,T value,-10.84,246,decrease,table
40963943,con_TTH_ALFF_decrease,deactivation,Postcentral gyrus,L,-18.0,-30.0,60.0,MNI,T value,-8.86,108,decrease,table
40963943,con_TTH_ALFF_decrease,deactivation,Postcentral gyrus,L,-51.0,-18.0,36.0,MNI,T value,-8.44,74,decrease,table
40963943,con_TTH_ALFF_decrease,deactivation,Inferior occipital gyrus,L,-45.0,-69.0,-3.0,MNI,T value,-8.18,30,decrease,table
40963943,con_TTH_ALFF_increase,verum_gt_rest,Anterior cingulate cortex,R,3.0,45.0,12.0,MNI,T value,8.30,72,increase,table
40963943,con_TTH_ALFF_increase,verum_gt_rest,Medial frontal cortex,R,3.0,60.0,-6.0,MNI,T value,11.62,42,increase,table
40963943,con_TTH_fALFF_decrease,deactivation,Precentral gyrus medial segment,L/R,-9.0,-27.0,48.0,MNI,T value,-7.58,152,decrease,table
40963943,con_TTH_fALFF_decrease,deactivation,Inferior occipital gyrus,R,45.0,-75.0,-6.0,MNI,T value,-7.89,116,decrease,table
40963943,con_TTH_fALFF_decrease,deactivation,Inferior occipital gyrus,L,-39.0,-84.0,-12.0,MNI,T value,-7.74,153,decrease,table
40963943,con_TTH_fALFF_increase,verum_gt_rest,Caudate nucleus,R,18.0,6.0,0.0,MNI,T value,7.97,44,increase,table
40963943,con_TTH_ReHo_decrease,deactivation,Lingual gyrus,L/R,9.0,-72.0,-3.0,MNI,T value,-8.13,656,decrease,table
40963943,con_TTH_ReHo_decrease,deactivation,Postcentral gyrus,R,57.0,-6.0,24.0,MNI,T value,-6.40,42,decrease,table
40963943,con_TTH_ReHo_decrease,deactivation,Postcentral gyrus,L,-6.0,-39.0,57.0,MNI,T value,-9.56,"1,189",decrease,table
40963943,con_TTH_ReHo_decrease,deactivation,Lingual gyrus,L,-12.0,-75.0,-9.0,MNI,T value,-7.38,195,decrease,table
40963943,con_TTH_ReHo_decrease,deactivation,Parietal operculum,L,-36.0,-24.0,15.0,MNI,T value,-6.83,38,decrease,table
40963943,con_TTH_ReHo_decrease,deactivation,Superior temporal gyrus,L,-54.0,-15.0,-9.0,MNI,T value,-6.11,37,decrease,table
40963943,con_TTH_ReHo_increase,verum_gt_rest,Middle frontal gyrus,R,45.0,42.0,12.0,MNI,T value,6.94,46,increase,table
40963943,con_TTH_ReHo_increase,verum_gt_rest,Superior frontal gyrus,R,21.0,36.0,42.0,MNI,T value,7.17,41,increase,table
40963943,con_TTH_ReHo_increase,verum_gt_rest,Middle frontal gyrus,L,-24.0,21.0,42.0,MNI,T value,6.82,375,increase,table
40963943,con_TTH_ReHo_increase,verum_gt_rest,Supramarginal gyrus,L,-54.0,-39.0,36.0,MNI,T value,7.96,70,increase,table
40963943,con_TTH_ReHo_increase,verum_gt_rest,Precuneus,L,0.0,-63.0,27.0,MNI,T value,7.23,52,increase,table
40963943,con_HC_ALFF_decrease,deactivation,Precentral/Postcentral gyrus,R,39.0,-18.0,57.0,MNI,T value,-8.41,139,decrease,table
40963943,con_HC_ALFF_decrease,deactivation,Precentral gyrus,R,12.0,-30.0,63.0,MNI,T value,-6.30,40,decrease,table
40963943,con_HC_ALFF_decrease,deactivation,Inferior occipital gyrus,L,-45.0,-72.0,-6.0,MNI,T value,-12.04,763,decrease,table
40963943,con_HC_ALFF_decrease,deactivation,Postcentral/Precentral gyrus,L,-57.0,-18.0,48.0,MNI,T value,-11.51,113,decrease,table
40963943,con_HC_ALFF_decrease,deactivation,Lingual gyrus,L,-9.0,-78.0,-9.0,MNI,T value,-8.50,68,decrease,table
40963943,con_HC_ALFF_decrease,deactivation,Precentral gyrus medial segment,L,-3.0,-27.0,51.0,MNI,T value,-8.04,45,decrease,table
40963943,con_HC_ALFF_increase,verum_gt_rest,Angular gyrus,R,42.0,-57.0,45.0,MNI,T value,9.73,47,increase,table
40963943,con_HC_fALFF_decrease,deactivation,Lingual/Inferior occipital gyrus,R,21.0,-60.0,-12.0,MNI,T value,-10.69,216,decrease,table
40963943,con_HC_fALFF_decrease,deactivation,Inferior occipital gyrus,L,-45.0,-75.0,-6.0,MNI,T value,-9.80,264,decrease,table
40963943,con_HC_ReHo_decrease,deactivation,Postcentral/Precentral gyrus,L/R,-39.0,-33.0,63.0,MNI,T value,-13.17,"1,478",decrease,table
40963943,con_HC_ReHo_decrease,deactivation,Lingual gyrus,R,18.0,-57.0,-6.0,MNI,T value,-9.56,418,decrease,table
40963943,con_HC_ReHo_decrease,deactivation,Superior/Middle temporal gyrus,L,-60.0,-36.0,6.0,MNI,T value,-9.19,146,decrease,table
40963943,con_HC_ReHo_decrease,deactivation,Inferior occipital gyrus,L,-45.0,-72.0,-3.0,MNI,T value,-8.14,58,decrease,table
40963943,con_HC_ReHo_decrease,deactivation,Lingual gyrus,L,-24.0,-60.0,-9.0,MNI,T value,-6.56,38,decrease,table
40963943,con_HC_ReHo_increase,verum_gt_rest,Precuneus,L/R,3.0,-63.0,39.0,MNI,T value,10.73,287,increase,table
40963943,con_HC_ReHo_increase,verum_gt_rest,Angular gyrus,R,39.0,-69.0,39.0,MNI,T value,7.01,115,increase,table
40963943,con_HC_ReHo_increase,verum_gt_rest,Supramarginal gyrus,L,-63.0,-30.0,36.0,MNI,T value,10.20,103,increase,table
40963943,con_HC_ReHo_increase,verum_gt_rest,Superior frontal gyrus,L,-18.0,18.0,54.0,MNI,T value,6.26,69,increase,table
40963943,con_TTH_pain_ALFF_decrease,correlation_deqi,Calcarine cortex,L/R,6.0,-78.0,3.0,MNI,T value,-7.36,189,decrease,table
40963943,con_TTH_pain_ALFF_decrease,correlation_deqi,Precentral/Postcentral gyrus,R,48.0,-24.0,51.0,MNI,T value,-9.37,65,decrease,table
40963943,con_TTH_pain_ReHo_decrease,correlation_deqi,Precentral/Postcentral gyrus,R,48.0,-21.0,48.0,MNI,T value,-9.50,376,decrease,table
40963943,con_TTH_pain_ReHo_decrease,correlation_deqi,Cuneus,R,9.0,-81.0,15.0,MNI,T value,-8.73,100,decrease,table
40963943,con_TTH_pain_ReHo_decrease,correlation_deqi,Lingual gyrus,R,9.0,-72.0,-3.0,MNI,T value,-6.97,43,decrease,table
40963943,con_HC_pain_ALFF_decrease,correlation_deqi,Lingual gyrus,R,12.0,-48.0,-6.0,MNI,T value,-9.31,55,decrease,table
40963943,con_HC_pain_ReHo_mixed,correlation_deqi,Precentral/Postcentral gyrus,R,21.0,-30.0,60.0,MNI,T value,-8.49,126,decrease,table
40963943,con_HC_pain_ReHo_mixed,correlation_deqi,Lingual gyrus,R,12.0,-54.0,-6.0,MNI,T value,-8.82,116,decrease,table
40963943,con_HC_pain_ReHo_mixed,correlation_deqi,Postcentral gyrus,L,-39.0,-33.0,63.0,MNI,T value,-11.24,211,decrease,table
40963943,con_HC_pain_ReHo_mixed,correlation_deqi,Precuneus,R,6.0,-63.0,42.0,MNI,T value,10.47,91,increase,table
40963943,con_HC_deqi_ReHo_decrease,correlation_deqi,Precentral/Postcentral gyrus,R,12.0,-30.0,66.0,MNI,T value,-24.24,96,decrease,table
40963943,con_HC_deqi_ReHo_decrease,correlation_deqi,Postcentral gyrus,L,-42.0,-36.0,60.0,MNI,T value,-14.96,40,decrease,table
40974865,15876491_C1,verum_gt_sham,Superior temporal gyrus,L,-53.0,-31.0,9.0,TAL,t,2.92,not_reported,activation,Table 1
40974865,15876491_C1,verum_gt_sham,Middle temporal gyrus,R,65.0,-16.0,-14.0,TAL,t,3.37,not_reported,activation,Table 1
40974865,15876491_C1,verum_gt_sham,Occipital lobe,L,-40.0,-74.0,-13.0,TAL,t,4.2,not_reported,activation,Table 1
40974865,15876491_C1,verum_gt_sham,Occipital lobe,R,30.0,-66.0,-5.0,TAL,t,3.04,not_reported,activation,Table 1
40974865,15876491_C1,verum_gt_sham,Posterior cingulate,midline,2.0,-46.0,10.0,TAL,t,3.82,not_reported,activation,Table 1
40974865,15876491_C1,verum_gt_sham,Parahippocampal gyrus,R,24.0,-31.0,-5.0,TAL,t,3.35,not_reported,activation,Table 1
40974865,15876491_C1,verum_gt_sham,Cerebellum - Dentate,L,-14.0,-48.0,-26.0,TAL,t,3.69,not_reported,activation,Table 1
40974865,15876491_C1,verum_gt_sham,Cerebellum - Culmen,L,-32.0,-48.0,-18.0,TAL,t,3.34,not_reported,activation,Table 1
40974865,15876491_C1,verum_gt_sham,Cerebellum - Culmen,midline,2.0,-43.0,-6.0,TAL,t,3.25,not_reported,activation,Table 1
40974865,15876491_C1,verum_gt_sham,Cerebellum - Declive,R,8.0,-75.0,-16.0,TAL,t,3.71,not_reported,activation,Table 1
40974865,15876491_C1,verum_gt_sham,Cerebellum - Pyramis,L,-16.0,-69.0,-28.0,TAL,t,3.69,not_reported,activation,Table 1
40974865,15876491_C1,verum_gt_sham,Cerebellum - Pyramis,R,18.0,-60.0,-29.0,TAL,t,3.35,not_reported,activation,Table 1
40974865,15876491_C1,verum_gt_sham,Cerebellum - Uvula,R,12.0,-81.0,-23.0,TAL,t,3.16,not_reported,activation,Table 1
40974865,15876491_C1,verum_gt_sham,Cerebellum - Inferior semi-lunar lobule,L,-12.0,-77.0,-35.0,TAL,t,2.98,not_reported,activation,Table 1
40974865,15876491_C2,deactivation,Middle frontal gyrus,L,-8.0,58.0,-1.0,TAL,t,2.8,not_reported,deactivation,Table 1
40974865,15876491_C2,deactivation,Middle frontal gyrus,R,16.0,33.0,-3.0,TAL,t,2.9,not_reported,deactivation,Table 1
40974865,15876491_C2,deactivation,Inferior frontal gyrus,L,-50.0,43.0,2.0,TAL,t,3.07,not_reported,deactivation,Table 1
40974865,15876491_C2,deactivation,Superior parietal lobule,R,18.0,-69.0,55.0,TAL,t,5.86,not_reported,deactivation,Table 1
40974865,15876491_C2,deactivation,Inferior parietal lobule,L,-61.0,-41.0,35.0,TAL,t,4.32,not_reported,deactivation,Table 1
40974865,15876491_C2,deactivation,Superior temporal gyrus,R,65.0,-32.0,20.0,TAL,t,4.31,not_reported,deactivation,Table 1
40974865,15876491_C2,deactivation,Occipital lobe,R,20.0,-95.0,-2.0,TAL,t,3.44,not_reported,deactivation,Table 1
40974865,15876491_C2,deactivation,Occipital lobe,R,16.0,-101.0,3.0,TAL,t,3.35,not_reported,deactivation,Table 1
40974865,15876491_C2,deactivation,Anterior cingulate,R,6.0,37.0,4.0,TAL,t,2.7,not_reported,deactivation,Table 1
40974865,15876491_C3,verum_gt_sham,Middle temporal gyrus,R,50.0,12.0,-33.0,TAL,t,3.3,not_reported,activation,Table 1
40974865,15876491_C3,verum_gt_sham,Temporal pole,R,36.0,20.0,-28.0,TAL,t,3.04,not_reported,activation,Table 1
40974865,15876491_C3,verum_gt_sham,Cerebellum - Culmen,R,16.0,-38.0,-13.0,TAL,t,2.97,not_reported,activation,Table 1
40974865,15876491_C4,deactivation,Superior frontal gyrus,L,-26.0,45.0,38.0,TAL,t,3.25,not_reported,deactivation,Table 1
40974865,15876491_C4,deactivation,Middle frontal gyrus,L,-30.0,56.0,-6.0,TAL,t,3.19,not_reported,deactivation,Table 1
40974865,15876491_C4,deactivation,Middle frontal gyrus,R,46.0,50.0,-8.0,TAL,t,3.23,not_reported,deactivation,Table 1
40974865,15876491_C4,deactivation,Inferior frontal gyrus,L,-59.0,9.0,22.0,TAL,t,2.95,not_reported,deactivation,Table 1
40974865,15876491_C4,deactivation,Precentral gyrus,L,-50.0,-7.0,50.0,TAL,t,3.05,not_reported,deactivation,Table 1
40974865,15876491_C4,deactivation,Inferior parietal lobule,L,-63.0,-33.0,35.0,TAL,t,3.84,not_reported,deactivation,Table 1
40974865,15876491_C4,deactivation,Inferior parietal lobule,R,55.0,-38.0,48.0,TAL,t,3.39,not_reported,deactivation,Table 1
40974865,15876491_C4,deactivation,Superior temporal gyrus,R,53.0,-4.0,-3.0,TAL,t,3.12,not_reported,deactivation,Table 1
40974865,15876491_C4,deactivation,Middle temporal gyrus,L,-59.0,-35.0,-8.0,TAL,t,3.8,not_reported,deactivation,Table 1
40974865,15876491_C4,deactivation,Thalamus (pulvinar),L,-12.0,-31.0,5.0,TAL,t,3.17,not_reported,deactivation,Table 1
40995472,contrast_female_activation,verum_gt_rest,Cerebelum_8_L,L,-18.0,-78.0,-51.0,not_reported,F-value,6.2024,23,activation,table
40995472,contrast_female_activation,verum_gt_rest,SupraMarginal_R,R,66.0,-15.0,27.0,not_reported,F-value,9.6608,292,activation,table
40995472,contrast_female_activation,verum_gt_rest,Postcentral_L,L,-54.0,-18.0,18.0,not_reported,F-value,8.6439,88,activation,table
40995472,contrast_male_activation,verum_gt_rest,SupraMarginal_R,R,69.0,-24.0,27.0,not_reported,F-value,10.8782,368,activation,table
40995472,contrast_male_activation,verum_gt_rest,Rolandic_Oper_L,L,-48.0,0.0,6.0,not_reported,F-value,8.1561,158,activation,table
40995472,contrast_male_activation,verum_gt_rest,Paracentral_Lobule_R,R,9.0,-15.0,63.0,not_reported,F-value,6.9088,89,activation,table
40995472,contrast_fc_supramarginal_female_gt_male,group_comparison,Cerebellum_6_L,L,-24.0,-60.0,-30.0,not_reported,t-value,5.500,36,enhanced FC in females relative to males,table
40995472,contrast_fc_supramarginal_female_gt_male,group_comparison,Cingulate_Mid_R,R,9.0,6.0,33.0,not_reported,t-value,4.882,44,enhanced FC in females relative to males,table
40995472,contrast_fc_supramarginal_female_gt_male,group_comparison,Putamen R,R,39.0,-12.0,-9.0,not_reported,t-value,4.864,41,enhanced FC in females relative to males,table
40995472,contrast_fc_thalamus_L_female_gt_male,group_comparison,Caudate_L,L,-18.0,9.0,15.0,not_reported,t-value,7.383,176,enhanced FC in females relative to males,table
40995472,contrast_fc_thalamus_L_female_gt_male,group_comparison,Caudate_R,R,12.0,3.0,12.0,not_reported,t-value,5.739,176,enhanced FC in females relative to males,table
40995472,contrast_fc_thalamus_L_female_gt_male,group_comparison,Precuneus_R,R,9.0,-39.0,3.0,not_reported,t-value,5.287,176,enhanced FC in females relative to males,table
40995472,contrast_fc_thalamus_L_female_gt_male,group_comparison,Calcarine_L,L,-3.0,-57.0,3.0,not_reported,t-value,6.592,197,enhanced FC in females relative to males,table
40995472,contrast_fc_thalamus_L_female_gt_male,group_comparison,Lingual_R,R,6.0,-78.0,-6.0,not_reported,t-value,5.565,197,enhanced FC in females relative to males,table
40995472,contrast_fc_thalamus_L_female_gt_male,group_comparison,Lingual_L,L,-12.0,-39.0,-3.0,not_reported,t-value,4.523,197,enhanced FC in females relative to males,table
40995472,contrast_fc_thalamus_L_female_gt_male,group_comparison,Postcentral_L,L,-30.0,-30.0,54.0,not_reported,t-value,5.482,44,enhanced FC in females relative to males,table
40995472,contrast_fc_thalamus_L_female_gt_male,group_comparison,Supp_Motor_Area_L,L,0.0,12.0,45.0,not_reported,t-value,5.135,47,enhanced FC in females relative to males,table
40995472,contrast_fc_thalamus_R_female_gt_male,group_comparison,Calcarine_L,L,-3.0,-57.0,3.0,not_reported,t-value,9.999,118,enhanced FC in females relative to males,table
40995472,contrast_fc_thalamus_R_female_gt_male,group_comparison,Cingulate_Post_R,R,9.0,-42.0,21.0,not_reported,t-value,4.803,118,enhanced FC in females relative to males,table
40995472,contrast_fc_thalamus_R_female_gt_male,group_comparison,Lingual_R,R,9.0,-42.0,3.0,not_reported,t-value,7.194,123,enhanced FC in females relative to males,table
40995472,contrast_fc_thalamus_R_female_gt_male,group_comparison,Precuneus_L,L,-9.0,-48.0,45.0,not_reported,t-value,6.735,342,enhanced FC in females relative to males,table
40995472,contrast_fc_thalamus_R_female_gt_male,group_comparison,Paracentral_Lobule_L,L,-6.0,-21.0,54.0,not_reported,t-value,6.093,342,enhanced FC in females relative to males,table
40995472,C1,verum_gt_rest,Cerebelum_8_L,L,-18.0,-78.0,-51.0,MNI,F,6.2024,23,task > baseline (female-specific activation),Table 2
40995472,C1,verum_gt_rest,SupraMarginal_R,R,66.0,-15.0,27.0,MNI,F,9.6608,292,task > baseline (female-specific activation),Table 2
40995472,C1,verum_gt_rest,Postcentral_L,L,-54.0,-18.0,18.0,MNI,F,8.6439,88,task > baseline (female-specific activation),Table 2
40995472,C2,verum_gt_rest,SupraMarginal_R,R,69.0,-24.0,27.0,MNI,F,10.8782,368,task > baseline (male-specific activation),Table 2
40995472,C2,verum_gt_rest,Rolandic_Oper_L,L,-48.0,0.0,6.0,MNI,F,8.1561,158,task > baseline (male-specific activation),Table 2
40995472,C2,verum_gt_rest,Paracentral_Lobule_R,R,9.0,-15.0,63.0,MNI,F,6.9088,89,task > baseline (male-specific activation),Table 2
40995472,C3,group_comparison,Cerebellum_6_L,L,-24.0,-60.0,-30.0,MNI,t,5.5,36,females > males (enhanced FC in females),Table 3
40995472,C3,group_comparison,Cingulate_Mid_R,R,9.0,6.0,33.0,MNI,t,4.882,44,females > males (enhanced FC in females),Table 3
40995472,C3,group_comparison,Putamen R,R,39.0,-12.0,-9.0,MNI,t,4.864,41,females > males (enhanced FC in females),Table 3
40995472,C4,group_comparison,Caudate_L,L,-18.0,9.0,15.0,MNI,t,7.383,176,females > males (enhanced FC in females),Table 4
40995472,C4,group_comparison,Caudate_R,R,12.0,3.0,12.0,MNI,t,5.739,176,females > males (enhanced FC in females),Table 4
40995472,C4,group_comparison,Precuneus_R,R,9.0,-39.0,3.0,MNI,t,5.287,176,females > males (enhanced FC in females),Table 4
40995472,C4,group_comparison,Calcarine_L,L,-3.0,-57.0,3.0,MNI,t,6.592,197,females > males (enhanced FC in females),Table 4
40995472,C4,group_comparison,Lingual_R,R,6.0,-78.0,-6.0,MNI,t,5.565,197,females > males (enhanced FC in females),Table 4
40995472,C4,group_comparison,Lingual_L,L,-12.0,-39.0,-3.0,MNI,t,4.523,197,females > males (enhanced FC in females),Table 4
40995472,C4,group_comparison,Postcentral_L,L,-30.0,-30.0,54.0,MNI,t,5.482,44,females > males (enhanced FC in females),Table 4
40995472,C4,group_comparison,Supp_Motor_Area_L,midline,0.0,12.0,45.0,MNI,t,5.135,47,females > males (enhanced FC in females),Table 4
40995472,C5,group_comparison,Calcarine_L,L,-3.0,-57.0,3.0,MNI,t,9.999,118,females > males (enhanced FC in females),Table 4
40995472,C5,group_comparison,Cingulate_Post_R,R,9.0,-42.0,21.0,MNI,t,4.803,118,females > males (enhanced FC in females),Table 4
40995472,C5,group_comparison,Lingual_R,R,9.0,-42.0,3.0,MNI,t,7.194,123,females > males (enhanced FC in females),Table 4
40995472,C5,group_comparison,Precuneus_L,L,-9.0,-48.0,45.0,MNI,t,6.735,342,females > males (enhanced FC in females),Table 4
40995472,C5,group_comparison,Paracentral_Lobule_L,L,-6.0,-21.0,54.0,MNI,t,6.093,342,females > males (enhanced FC in females),Table 4
41022570,contrast_06,other,Cerebelum_8_L (aal),Left,-15.0,-57.0,-39.0,MNI,T value,14.322,87,Increase (significant across all three timepoint comparisons vs pre-needle insertion),text
41022570,contrast_10,other,Frontal_Sup_Medial_L (aal),Left,0.0,45.0,8.0,MNI,T value,13.343,54,Decrease,text
41069516,contrast_01,group_comparison,Right postcentral gyrus,Right,51.0,-24.0,42.0,MNI,t,5.679,71,increased fALFF in BP pre-treatment vs HC,table
41069516,contrast_01,group_comparison,Left middle frontal gyrus,Left,-27.0,9.0,51.0,MNI,t,4.981,46,increased fALFF in BP pre-treatment vs HC,table
41069516,contrast_01,group_comparison,Right middle frontal gyrus,Right,36.0,12.0,48.0,MNI,t,5.319,30,increased fALFF in BP pre-treatment vs HC,table
41069516,contrast_01,group_comparison,Right posterior cingulate gyrus,Right,3.0,-43.0,8.0,MNI,t,-3.205,54,decreased fALFF in BP pre-treatment vs HC,table
41069516,contrast_02,group_comparison,Left precentral gyrus,Left,-51.0,-3.0,33.0,MNI,t,4.245,98,increased ReHo in BP pre-treatment vs HC,table
41069516,contrast_02,group_comparison,Right postcentral gyrus,Right,48.0,-24.0,42.0,MNI,t,5.367,69,increased ReHo in BP pre-treatment vs HC,table
41069516,contrast_02,group_comparison,Left middle occipital gyrus,Left,-33.0,-99.0,0.0,MNI,t,5.004,101,increased ReHo in BP pre-treatment vs HC,table
41069516,contrast_03,group_comparison,Right postcentral gyrus,Right,51.0,-24.0,39.0,MNI,t,6.335,476,increased fALFF in BP post-treatment vs HC,table
41069516,contrast_03,group_comparison,Left precentral gyrus,Left,-27.0,-6.0,54.0,MNI,t,6.776,353,increased fALFF in BP post-treatment vs HC,table
41069516,contrast_03,group_comparison,Left medial superior frontal gyrus,Left,-3.0,54.0,36.0,MNI,t,-3.393,174,decreased fALFF in BP post-treatment vs HC,table
41069516,contrast_03,group_comparison,Right medial superior frontal gyrus,Right,27.0,63.0,15.0,MNI,t,-3.391,116,decreased fALFF in BP post-treatment vs HC,table
41069516,contrast_03,group_comparison,Right lingual gyrus,Right,18.0,-78.0,0.0,MNI,t,4.890,72,increased fALFF in BP post-treatment vs HC,table
41069516,contrast_03,group_comparison,Left lingual gyrus,Left,-12.0,-72.0,-3.0,MNI,t,5.031,61,increased fALFF in BP post-treatment vs HC,table
41069516,contrast_04,group_comparison,Right precentral gyrus,Right,33.0,-6.0,54.0,MNI,t,6.363,606,increased ReHo in BP post-treatment vs HC,table
41069516,contrast_04,group_comparison,Right lingual gyrus,Right,18.0,-51.0,-12.0,MNI,t,5.714,464,increased ReHo in BP post-treatment vs HC,table
41069516,contrast_04,group_comparison,Right transverse temporal gyrus,Right,48.0,-15.0,9.0,MNI,t,6.015,252,increased ReHo in BP post-treatment vs HC,table
41069516,contrast_04,group_comparison,Left transverse temporal gyrus,Left,-36.0,-30.0,15.0,MNI,t,5.071,168,increased ReHo in BP post-treatment vs HC,table
41069516,contrast_04,group_comparison,Right thalamus,Right,12.0,-21.0,3.0,MNI,t,5.146,74,increased ReHo in BP post-treatment vs HC,table
41069516,contrast_04,group_comparison,Right middle frontal gyrus,Right,39.0,42.0,33.0,MNI,t,-3.389,1984,decreased ReHo in BP post-treatment vs HC,table
41069516,contrast_05,verum_post_gt_pre,Left medial superior frontal gyrus,Left,-3.0,54.0,45.0,MNI,t,-3.266,43,decreased fALFF after vs before treatment in BP patients,table
41069516,contrast_05,verum_post_gt_pre,Left precentral gyrus,Left,-30.0,-3.0,57.0,MNI,t,4.084,32,increased fALFF after vs before treatment in BP patients,table
41069516,contrast_06,verum_post_gt_pre,Right medial superior frontal gyrus,Right,6.0,50.0,39.0,MNI,t,-3.480,136,decreased ReHo after vs before treatment in BP patients,table
41069516,contrast_06,verum_post_gt_pre,Left medial superior frontal gyrus,Left,-3.0,63.0,9.0,MNI,t,-3.480,121,decreased ReHo after vs before treatment in BP patients,table
41069516,contrast_06,verum_post_gt_pre,Right inferior parietal angular gyrus,Right,30.0,-45.0,51.0,MNI,t,6.228,74,increased ReHo after vs before treatment in BP patients,table
41069516,contrast_06,verum_post_gt_pre,Right precentral gyrus,Right,15.0,-24.0,69.0,MNI,t,4.442,61,increased ReHo after vs before treatment in BP patients,table
41069516,contrast_06,verum_post_gt_pre,Left superior parietal gyrus,Left,-18.0,-57.0,48.0,MNI,t,4.924,52,increased ReHo after vs before treatment in BP patients,table
41351443,TOPO_NODAL_EFF,group_comparison,Parietal.L,Left,-38.0,-15.0,59.0,MNI,Interaction T value,2.652,not_reported,enhanced nodal efficiency in AG > SG,table
41351443,TOPO_BETWEENNESS,group_comparison,Parietal.R,Right,18.0,-27.0,62.0,MNI,Interaction T value,-3.281,not_reported,decreased betweenness in AG,table
41351443,TOPO_NON_SIG,group_comparison,vFC.L,Left,-55.0,7.0,23.0,MNI,Interaction T value (nodal efficiency) / Interaction T value (betweenness),0.859 / -1.016,not_reported,not significant,table
41351443,TOPO_NON_SIG,group_comparison,Precentral.gyrus.R,Right,58.0,-3.0,17.0,MNI,Interaction T value (nodal efficiency) / Interaction T value (betweenness),1.130 / 0.287,not_reported,not significant,table
41351443,TOPO_NON_SIG,group_comparison,Middle.insula.L,Left,-42.0,-3.0,11.0,MNI,Interaction T value (nodal efficiency) / Interaction T value (betweenness),0.978 / -0.085,not_reported,not significant,table
41351443,TOPO_NON_SIG,group_comparison,Precentral.gyrus.L,Left,-44.0,-6.0,49.0,MNI,Interaction T value (nodal efficiency) / Interaction T value (betweenness),1.770 / -1.954,not_reported,not significant (trend),table
41351443,TOPO_NON_SIG,group_comparison,Thalamus.L,Left,-12.0,-12.0,6.0,MNI,Interaction T value (nodal efficiency) / Interaction T value (betweenness),1.441 / -1.950,not_reported,not significant (trend for betweenness),table
41351443,TOPO_NON_SIG,group_comparison,Parietal.R,Right,41.0,-23.0,55.0,MNI,Interaction T value (nodal efficiency) / Interaction T value (betweenness),1.797 / -0.254,not_reported,not significant,table
41351443,TOPO_NON_SIG,group_comparison,PCC.L,Left,-4.0,-31.0,-4.0,MNI,Interaction T value (nodal efficiency) / Interaction T value (betweenness),1.282 / -0.206,not_reported,not significant,table
41351443,18571795_C1,verum_gt_rest,aMCC(BA24/32),L,-3.0,7.0,33.0,MNI,t,4.85,not_reported,activation,Table I
41351443,18571795_C1,verum_gt_rest,aMCC(BA24/32),R,3.0,9.0,33.0,MNI,t,6.07,not_reported,activation,Table I
41351443,18571795_C1,verum_gt_rest,SMC(BA6),L,-3.0,21.0,45.0,MNI,t,4.53,not_reported,activation,Table I
41351443,18571795_C1,verum_gt_rest,SMC(BA6),R,3.0,12.0,48.0,MNI,t,5.99,not_reported,activation,Table I
41351443,18571795_C1,verum_gt_rest,Thalamus (Dorsomedial),L,-9.0,-12.0,6.0,MNI,t,6.62,not_reported,activation,Table I
41351443,18571795_C1,verum_gt_rest,Thalamus (Dorsomedial),R,12.0,-15.0,6.0,MNI,t,8.2,not_reported,activation,Table I
41351443,18571795_C1,verum_gt_rest,Insula,L,-42.0,18.0,-9.0,MNI,t,5.65,not_reported,activation,Table I
41351443,18571795_C1,verum_gt_rest,Insula,R,36.0,12.0,-9.0,MNI,t,6.17,not_reported,activation,Table I
41351443,18571795_C1,verum_gt_rest,SII(BA43),L,-59.0,-14.0,17.0,MNI,t,10.15,not_reported,activation,Table I
41351443,18571795_C1,verum_gt_rest,SII(BA43),R,60.0,-15.0,15.0,MNI,t,6.96,not_reported,activation,Table I
41351443,18571795_C1,verum_gt_rest,SII(BA40),L,-63.0,-24.0,24.0,MNI,t,6.97,not_reported,activation,Table I
41351443,18571795_C1,verum_gt_rest,SII(BA40),R,53.0,-25.0,29.0,MNI,t,9.78,not_reported,activation,Table I
41351443,18571795_C1,verum_gt_rest,"SI(BA3,1,2)",L,-54.0,-18.0,30.0,MNI,t,7.23,not_reported,activation,Table I
41351443,18571795_C2,verum_gt_rest,aMCC(BA24/32),L,-3.0,-3.0,36.0,MNI,t,5.6,not_reported,activation,Table I
41351443,18571795_C2,verum_gt_rest,aMCC(BA24/32),R,6.0,6.0,33.0,MNI,t,6.49,not_reported,activation,Table I
41351443,18571795_C2,verum_gt_rest,SMC(BA6),L,-3.0,12.0,42.0,MNI,t,3.23,not_reported,activation,Table I
41351443,18571795_C2,verum_gt_rest,SMC(BA6),R,6.0,12.0,57.0,MNI,t,5.61,not_reported,activation,Table I
41351443,18571795_C2,verum_gt_rest,Thalamus (Dorsomedial),L,-9.0,-14.0,3.0,MNI,t,6.95,not_reported,activation,Table I
41351443,18571795_C2,verum_gt_rest,Thalamus (Dorsomedial),R,9.0,-14.0,6.0,MNI,t,7.9,not_reported,activation,Table I
41351443,18571795_C2,verum_gt_rest,Insula,L,-42.0,15.0,-9.0,MNI,t,5.8,not_reported,activation,Table I
41351443,18571795_C2,verum_gt_rest,Insula,R,36.0,21.0,-9.0,MNI,t,5.27,not_reported,activation,Table I
41351443,18571795_C2,verum_gt_rest,SII(BA43),L,-59.0,-14.0,17.0,MNI,t,9.06,not_reported,activation,Table I
41351443,18571795_C2,verum_gt_rest,SII(BA43),R,54.0,-12.0,15.0,MNI,t,5.47,not_reported,activation,Table I
41351443,18571795_C2,verum_gt_rest,SII(BA40),L,-60.0,-18.0,18.0,MNI,t,8.35,not_reported,activation,Table I
41351443,18571795_C2,verum_gt_rest,SII(BA40),R,63.0,-27.0,21.0,MNI,t,5.68,not_reported,activation,Table I
41351443,18571795_C2,verum_gt_rest,"SI(BA3,1,2)",L,-57.0,-21.0,24.0,MNI,t,8.13,not_reported,activation,Table I
41351443,18571795_C3,verum_gt_rest,aMCC(BA24/32),L,-3.0,30.0,27.0,MNI,t,4.52,not_reported,activation,Table I
41351443,18571795_C3,verum_gt_rest,aMCC(BA24/32),R,6.0,24.0,30.0,MNI,t,5.09,not_reported,activation,Table I
41351443,18571795_C3,verum_gt_rest,SMC(BA6),L,-3.0,12.0,48.0,MNI,t,4.08,not_reported,activation,Table I
41351443,18571795_C3,verum_gt_rest,SMC(BA6),R,3.0,12.0,48.0,MNI,t,5.64,not_reported,activation,Table I
41351443,18571795_C3,verum_gt_rest,Thalamus (Dorsomedial),L,-9.0,-15.0,3.0,MNI,t,6.01,not_reported,activation,Table I
41351443,18571795_C3,verum_gt_rest,Thalamus (Dorsomedial),R,9.0,-14.0,2.0,MNI,t,7.91,not_reported,activation,Table I
41351443,18571795_C3,verum_gt_rest,Insula,L,-34.0,24.0,-7.0,MNI,t,5.81,not_reported,activation,Table I
41351443,18571795_C3,verum_gt_rest,Insula,R,39.0,24.0,-3.0,MNI,t,5.07,not_reported,activation,Table I
41351443,18571795_C3,verum_gt_rest,SII(BA43),L,-60.0,-12.0,15.0,MNI,t,6.63,not_reported,activation,Table I
41351443,18571795_C3,verum_gt_rest,SII(BA43),R,54.0,-12.0,12.0,MNI,t,4.29,not_reported,activation,Table I
41351443,18571795_C3,verum_gt_rest,SII(BA40),L,-60.0,-18.0,15.0,MNI,t,8.55,not_reported,activation,Table I
41351443,18571795_C3,verum_gt_rest,SII(BA40),R,63.0,-24.0,24.0,MNI,t,6.35,not_reported,activation,Table I
41351443,18571795_C4,sham_gt_rest,aMCC(BA24/32),L,-3.0,27.0,27.0,MNI,t,4.81,not_reported,activation,Table I
41351443,18571795_C4,sham_gt_rest,aMCC(BA24/32),R,3.0,33.0,24.0,MNI,t,4.96,not_reported,activation,Table I
41351443,18571795_C4,sham_gt_rest,SMC(BA6),L,-3.0,6.0,45.0,MNI,t,5.01,not_reported,activation,Table I
41351443,18571795_C4,sham_gt_rest,SMC(BA6),R,3.0,6.0,42.0,MNI,t,5.27,not_reported,activation,Table I
41351443,18571795_C4,sham_gt_rest,Thalamus (Dorsomedial),L,-9.0,-12.0,0.0,MNI,t,5.26,not_reported,activation,Table I
41351443,18571795_C4,sham_gt_rest,Thalamus (Dorsomedial),R,9.0,-12.0,0.0,MNI,t,6.98,not_reported,activation,Table I
41351443,18571795_C4,sham_gt_rest,Insula,L,-36.0,18.0,-9.0,MNI,t,4.99,not_reported,activation,Table I
41351443,18571795_C4,sham_gt_rest,Insula,R,33.0,21.0,-9.0,MNI,t,5.0,not_reported,activation,Table I
41351443,18571795_C4,sham_gt_rest,SII(BA43),L,-59.0,-9.0,6.0,MNI,t,5.11,not_reported,activation,Table I
41351443,18571795_C4,sham_gt_rest,SII(BA43),R,51.0,-9.0,12.0,MNI,t,5.37,not_reported,activation,Table I
41351443,18571795_C4,sham_gt_rest,SII(BA40),L,-51.0,-18.0,15.0,MNI,t,5.03,not_reported,activation,Table I
41351443,18571795_C4,sham_gt_rest,SII(BA40),R,63.0,-24.0,24.0,MNI,t,6.4,not_reported,activation,Table I
41351443,18571795_C5,deactivation,FP(BA10) L,L,-3.0,60.0,0.0,MNI,t,-5.03,not_reported,deactivation,Table II
41351443,18571795_C5,deactivation,FP(BA10) R,R,6.0,57.0,-3.0,MNI,t,-6.51,not_reported,deactivation,Table II
41351443,18571795_C5,deactivation,Hippocampus L,L,-27.0,-36.0,-12.0,MNI,t,-4.78,not_reported,deactivation,Table II
41351443,18571795_C5,deactivation,Hippocampus R,R,30.0,-39.0,-9.0,MNI,t,-6.42,not_reported,deactivation,Table II
41351443,18571795_C5,deactivation,Parahippocampus L,L,-24.0,-42.0,-15.0,MNI,t,-4.08,not_reported,deactivation,Table II
41351443,18571795_C5,deactivation,Parahippocampus R,R,30.0,-45.0,-12.0,MNI,t,-5.26,not_reported,deactivation,Table II
41351443,18571795_C5,deactivation,TP(BA38) L,L,-45.0,12.0,-30.0,MNI,t,-3.87,not_reported,deactivation,Table II
41351443,18571795_C5,deactivation,TP(BA38) R,R,48.0,6.0,-30.0,MNI,t,-3.57,not_reported,deactivation,Table II
41351443,18571795_C5,deactivation,PCN(BA7) L,L,-3.0,-45.0,48.0,MNI,t,-3.61,not_reported,deactivation,Table II
41351443,18571795_C5,deactivation,PCN(BA7) R,R,6.0,-39.0,51.0,MNI,t,-4.18,not_reported,deactivation,Table II
41351443,18571795_C5,deactivation,PCC(BA31) L,L,-9.0,-60.0,27.0,MNI,t,-5.4,not_reported,deactivation,Table II
41351443,18571795_C5,deactivation,PCC(BA31) R,R,6.0,-54.0,39.0,MNI,t,-5.08,not_reported,deactivation,Table II
41351443,18571795_C5,deactivation,RCS(BA29/30) L,L,-6.0,-51.0,9.0,MNI,t,-4.5,not_reported,deactivation,Table II
41351443,18571795_C5,deactivation,RCS(BA29/30) R,R,12.0,-51.0,9.0,MNI,t,-4.98,not_reported,deactivation,Table II
41351443,18571795_C5,deactivation,CN(BA18/19) R,R,6.0,-78.0,33.0,MNI,t,-3.54,not_reported,deactivation,Table II
41351443,18571795_C6,deactivation,FP(BA10) L,L,-6.0,54.0,-9.0,MNI,t,-5.23,not_reported,deactivation,Table II
41351443,18571795_C6,deactivation,FP(BA10) R,R,6.0,51.0,-12.0,MNI,t,-4.94,not_reported,deactivation,Table II
41351443,18571795_C6,deactivation,pregenual CC(BA32) L,L,-6.0,36.0,0.0,MNI,t,-4.68,not_reported,deactivation,Table II
41351443,18571795_C6,deactivation,pregenual CC(BA32) R,R,9.0,36.0,-3.0,MNI,t,-4.34,not_reported,deactivation,Table II
41351443,18571795_C6,deactivation,Amygdala L,L,-24.0,-9.0,-15.0,MNI,t,-3.77,not_reported,deactivation,Table II
41351443,18571795_C6,deactivation,Hippocampus L,L,-24.0,-33.0,-9.0,MNI,t,-3.48,not_reported,deactivation,Table II
41351443,18571795_C6,deactivation,Hippocampus R,R,27.0,-39.0,-9.0,MNI,t,-3.66,not_reported,deactivation,Table II
41351443,18571795_C6,deactivation,Parahippocampus L,L,-24.0,-45.0,-6.0,MNI,t,-3.33,not_reported,deactivation,Table II
41351443,18571795_C6,deactivation,Parahippocampus R,R,24.0,-45.0,-9.0,MNI,t,-3.74,not_reported,deactivation,Table II
41351443,18571795_C6,deactivation,PCC(BA31) L,L,-6.0,-58.0,30.0,MNI,t,-3.29,not_reported,deactivation,Table II
41351443,18571795_C6,deactivation,PCC(BA31) R,R,6.0,-48.0,30.0,MNI,t,-3.58,not_reported,deactivation,Table II
41351443,18571795_C6,deactivation,RCS(BA29/30) L,L,-12.0,-50.0,10.0,MNI,t,-3.57,not_reported,deactivation,Table II
41351443,18571795_C6,deactivation,RCS(BA29/30) R,R,9.0,-45.0,9.0,MNI,t,-3.37,not_reported,deactivation,Table II
41351443,18571795_C6,deactivation,CN(BA18/19) L,L,-9.0,-84.0,33.0,MNI,t,-4.25,not_reported,deactivation,Table II
41351443,18571795_C6,deactivation,CN(BA18/19) R,R,9.0,-78.0,21.0,MNI,t,-3.56,not_reported,deactivation,Table II
41351443,18571795_C7,deactivation,FP(BA10) L,L,-9.0,54.0,0.0,MNI,t,-4.77,not_reported,deactivation,Table II
41351443,18571795_C7,deactivation,FP(BA10) R,R,6.0,54.0,-12.0,MNI,t,-5.28,not_reported,deactivation,Table II
41351443,18571795_C7,deactivation,Amygdala L,L,-33.0,-6.0,-30.0,MNI,t,-4.67,not_reported,deactivation,Table II
41351443,18571795_C7,deactivation,Hippocampus L,L,-39.0,-21.0,-21.0,MNI,t,-4.58,not_reported,deactivation,Table II
41351443,18571795_C7,deactivation,TP(BA38) R,R,48.0,9.0,-24.0,MNI,t,-3.83,not_reported,deactivation,Table II
41351443,18571795_C7,deactivation,PCN(BA7) L,L,-6.0,-60.0,33.0,MNI,t,-3.73,not_reported,deactivation,Table II
41351443,18571795_C7,deactivation,PCC(BA31) L,L,-6.0,57.0,24.0,MNI,t,-3.9,not_reported,deactivation,Table II
41351443,18571795_C7,deactivation,PCC(BA31) R,R,9.0,-42.0,33.0,MNI,t,-4.64,not_reported,deactivation,Table II
41351443,18571795_C7,deactivation,CN(BA18/19) L,L,-6.0,-84.0,27.0,MNI,t,-4.44,not_reported,deactivation,Table II
41351443,18571795_C7,deactivation,CN(BA18/19) R,R,6.0,-84.0,27.0,MNI,t,-3.43,not_reported,deactivation,Table II
41351443,18571795_C8,deactivation,FP(BA10) L,L,-6.0,45.0,-6.0,MNI,t,-5.35,not_reported,deactivation,Table II
41351443,18571795_C8,deactivation,FP(BA10) R,R,15.0,57.0,-3.0,MNI,t,-5.16,not_reported,deactivation,Table II
41351443,18571795_C8,deactivation,pregenual CC(BA32) L,L,-3.0,39.0,0.0,MNI,t,-3.9,not_reported,deactivation,Table II
41351443,18571795_C8,deactivation,pregenual CC(BA32) R,R,6.0,36.0,0.0,MNI,t,-4.03,not_reported,deactivation,Table II
41351443,18571795_C8,deactivation,Amygdala L,L,-30.0,-3.0,-27.0,MNI,t,-4.5,not_reported,deactivation,Table II
41351443,18571795_C8,deactivation,Hippocampus L,L,-35.0,-12.0,25.0,MNI,t,-5.41,not_reported,deactivation,Table II
41351443,18571795_C8,deactivation,Hippocampus R,R,33.0,-33.0,-15.0,MNI,t,-7.46,not_reported,deactivation,Table II
41351443,18571795_C8,deactivation,Parahippocampus L,L,-27.0,-36.0,-18.0,MNI,t,-4.96,not_reported,deactivation,Table II
41351443,18571795_C8,deactivation,Parahippocampus R,R,30.0,-36.0,-18.0,MNI,t,-6.8,not_reported,deactivation,Table II
41351443,18571795_C8,deactivation,TP(BA38) L,L,-48.0,12.0,-30.0,MNI,t,-4.37,not_reported,deactivation,Table II
41351443,18571795_C8,deactivation,TP(BA38) R,R,45.0,9.0,-30.0,MNI,t,-3.99,not_reported,deactivation,Table II
41351443,18571795_C8,deactivation,PCN(BA7) L,L,-9.0,-36.0,60.0,MNI,t,-4.4,not_reported,deactivation,Table II
41351443,18571795_C8,deactivation,PCN(BA7) R,R,9.0,-36.0,54.0,MNI,t,-4.23,not_reported,deactivation,Table II
41351443,18571795_C8,deactivation,PCC(BA31) L,L,-6.0,-33.0,45.0,MNI,t,-5.04,not_reported,deactivation,Table II
41351443,18571795_C8,deactivation,PCC(BA31) R,R,6.0,-54.0,30.0,MNI,t,-5.14,not_reported,deactivation,Table II
41351443,18571795_C8,deactivation,RCS(BA29/30) L,L,-9.0,-48.0,9.0,MNI,t,-3.82,not_reported,deactivation,Table II
41351443,18571795_C8,deactivation,RCS(BA29/30) R,R,12.0,-48.0,3.0,MNI,t,-3.82,not_reported,deactivation,Table II
41351443,18571795_C8,deactivation,CN(BA18/19) L,L,-9.0,-75.0,30.0,MNI,t,-3.6,not_reported,deactivation,Table II
41351443,18571795_C8,deactivation,CN(BA18/19) R,R,9.0,-72.0,33.0,MNI,t,-4.11,not_reported,deactivation,Table II
41351443,18571795_C9,verum_gt_sham,TP(BA38) L,L,-39.0,6.0,-24.0,MNI,F,4.68,not_reported,activation,Table III
41351443,18571795_C9,verum_gt_sham,PCC(BA31) L,L,-9.0,30.0,45.0,MNI,F,3.35,not_reported,activation,Table III
41351443,18571795_C9,verum_gt_sham,PCC(BA31) R,R,9.0,-36.0,39.0,MNI,F,3.0,not_reported,activation,Table III
41351443,18571795_C9,verum_gt_sham,SMG(BA40) R,R,51.0,-33.0,42.0,MNI,F,3.49,not_reported,activation,Table III
41351443,18571795_C10,verum_gt_sham,PCC(BA31) L,L,-9.0,-30.0,45.0,MNI,F,3.35,not_reported,activation,Table III
41351443,18571795_C10,verum_gt_sham,RSC(BA30) L,L,-9.0,-33.0,-3.0,MNI,F,3.56,not_reported,activation,Table III
41520025,contrast_activation_groupdiff,correlation_clinical,Left primary somatosensory cortex (L S1),left,-8.0,-38.0,68.0,MNI,T-statistic,T = 4.32,75,ML > EA; in EA group greater activation associated with larger reductions in widespread pain; in ML group positive correlation (reduced activation linked to reduced widespread pain),table
41520025,contrast_activation_groupdiff,correlation_clinical,Right primary somatosensory cortex (R S1),right,20.0,-34.0,66.0,MNI,T-statistic,T = 4.66,438,ML > EA; in EA group greater activation associated with larger reductions in widespread pain,table
41520025,contrast_activation_groupdiff,correlation_clinical,Left posterior midcingulate cortex (L pMCC),left,-14.0,-26.0,38.0,MNI,T-statistic,T = 4.63,17,ML > EA; in EA group greater activation associated with larger reductions in widespread pain,table
41520025,contrast_activation_groupdiff,correlation_clinical,Left precuneus (L precuneus),left,-8.0,-58.0,48.0,MNI,T-statistic,T = 4.67,223,ML > EA; in ML group reduced activation linked to decreases in widespread pain (positive correlation in ML),table
41601526,19345268_C5,deactivation,Amygdala (right),R,21.0,-4.0,-15.0,MNI,Z,4.23,not_reported,decrease,Table 2
41601526,19345268_C5,deactivation,Hippocampus (right),R,26.0,-21.0,-10.0,MNI,Z,4.27,not_reported,decrease,Table 2
41601526,19345268_C5,deactivation,Dorsolateral Prefrontal Cortex (BA8) (left),L,-23.0,6.0,69.0,MNI,Z,5.0,not_reported,decrease,Table 2
41601526,19345268_C5,deactivation,Premotor Cortex (right),R,48.0,2.0,40.0,MNI,Z,5.56,not_reported,decrease,Table 2
41601526,19345268_C5,deactivation,Premotor Cortex (left),L,-47.0,4.0,39.0,MNI,Z,5.4,not_reported,decrease,Table 2
41601526,19345268_C5,deactivation,Insula (right),R,39.0,-4.0,-13.0,MNI,Z,5.02,not_reported,decrease,Table 2
41601526,19345268_C5,deactivation,Insula (left),L,-37.0,-11.0,6.0,MNI,Z,5.49,not_reported,decrease,Table 2
41601526,19345268_C5,deactivation,posterior Middle Cingulate Cortex (right),R,3.0,-15.0,46.0,MNI,Z,5.78,not_reported,decrease,Table 2
41601526,19345268_C5,deactivation,Posterior Cingulate Cortex (right),midline,1.0,-38.0,24.0,MNI,Z,4.31,not_reported,decrease,Table 2
41601526,19345268_C5,deactivation,SII (right),R,62.0,-16.0,13.0,MNI,Z,4.34,not_reported,decrease,Table 2
41601526,19345268_C5,deactivation,SII (left),L,-52.0,-16.0,14.0,MNI,Z,4.32,not_reported,decrease,Table 2
41601526,19345268_C5,deactivation,Supramarginal Gyrus (right),R,52.0,-24.0,42.0,MNI,Z,4.1,not_reported,decrease,Table 2
41601526,19345268_C5,deactivation,Supramarginal Gyrus (left),L,-52.0,-25.0,40.0,MNI,Z,4.7,not_reported,decrease,Table 2
41601526,19345268_C5,deactivation,Superior Temporal Gyrus (right),R,58.0,-43.0,16.0,MNI,Z,4.51,not_reported,decrease,Table 2
41601526,19345268_C5,deactivation,Superior Temporal Gyrus (left),L,-59.0,-41.0,16.0,MNI,Z,4.36,not_reported,decrease,Table 2
41601526,19345268_C5,deactivation,Supplementary Motor Area (right),R,4.0,-15.0,75.0,MNI,Z,5.08,not_reported,decrease,Table 2
41601526,19345268_C6,deactivation,Premotor Cortex (left),L,-46.0,-4.0,33.0,MNI,Z,4.23,not_reported,decrease,Table 2
41601526,19345268_C6,deactivation,Insula (right),R,44.0,-8.0,-3.0,MNI,Z,4.73,not_reported,decrease,Table 2
41601526,19345268_C6,deactivation,Insula (left),L,-36.0,-13.0,-4.0,MNI,Z,4.82,not_reported,decrease,Table 2
41601526,19345268_C6,deactivation,SII (right),R,56.0,-26.0,17.0,MNI,Z,4.66,not_reported,decrease,Table 2
41601526,19345268_C6,deactivation,SII (left),L,-52.0,-22.0,23.0,MNI,Z,4.68,not_reported,decrease,Table 2
41602988,contrast_fALFF_postVSpre,verum_post_gt_pre,Postcentral_L(aaL),L,-39.0,-27.0,60.0,MNI,Peak Z score,4.21,239,increase (Post>Pre),table
41602988,contrast_ReHo_postVSpre,verum_post_gt_pre,Cerebrlum_Crus2_R,R,12.0,-81.0,-33.0,MNI,Peak Z score,5.09,135,increase (Post>Pre),table
41602988,contrast_rsFC_DC_C_cerebellum,verum_post_gt_pre,Cerebellum_Crus1_I,I (ipsilateral),12.0,-75.0,-33.0,MNI,Peak z score,6.22,96,Post>Pre,table
41602988,contrast_rsFC_DC_I_cerebellum,verum_post_gt_pre,Cerebellum_Crus1_I,I (ipsilateral),42.0,-69.0,-24.0,MNI,Peak z score,-5.16,246,Post>Pre; negative z score indicates decreased connectivity post-treatment (per text: 'decreased connectivity between bilateral dorsal caudate (DC) and the ipsilateral cerebellum (Crus1)'),table
41602988,contrast_rsFC_DCP_C_precentral,verum_post_gt_pre,Precentral Gyrus_I,I (ipsilateral),57.0,-9.0,30.0,MNI,Peak z score,-4.65,275,Post>Pre; decreased connectivity (negative z score),table
41602988,contrast_rsFC_DCP_I_postcentral,verum_post_gt_pre,Postcentral Gyrus_C,C (contralateral),-54.0,-12.0,36.0,MNI,Peak z score,-4.28,84,Post>Pre; decreased connectivity (negative z score),table
41602988,contrast_rsFC_DCP_I_precentral,verum_post_gt_pre,Precentral Gyrus_I,I (ipsilateral),57.0,-3.0,48.0,MNI,Peak z score,-4.54,122,Post>Pre; decreased connectivity (negative z score),table
41602988,contrast_rsFC_DRP_I_fusiform,verum_post_gt_pre,Fusiform_I,I (ipsilateral),30.0,-60.0,-3.0,MNI,Peak z score,-4.78,261,Post>Pre; decreased connectivity (negative z score),table
41602988,contrast_rsFC_DRP_I_postcentral_C,verum_post_gt_pre,Postcentral Gyrus_C,C (contralateral),-66.0,-12.0,18.0,MNI,Peak z score,-4.99,186,Post>Pre; decreased connectivity (negative z score),table
41602988,contrast_rsFC_DRP_I_postcentral_I,verum_post_gt_pre,Postcentral Gyrus_I,I (ipsilateral),57.0,-9.0,33.0,MNI,Peak z score,-4.78,209,Post>Pre; decreased connectivity (negative z score),table
41602988,contrast_rsFC_DRP_I_SMA,verum_post_gt_pre,SMA_C,C (contralateral),-18.0,0.0,66.0,MNI,Peak z score,-5.34,90,Post>Pre; decreased connectivity (negative z score),table
41602988,C1,verum_post_gt_pre,Postcentral_L(aaL),L,-39.0,-27.0,60.0,MNI,Z,4.21,239,Post>Pre (increase),Table 2
41602988,C2,verum_post_gt_pre,Cerebrlum_Crus2_R,R,12.0,-81.0,-33.0,MNI,Z,5.09,135,Post>Pre (increase),Table 2
41602988,C3,verum_post_gt_pre,Cerebellum_Crus1_I,R,12.0,-75.0,-33.0,MNI,Z,6.22,96,Post>Pre,Table 3
41602988,C4,verum_post_gt_pre,Cerebellum_Crus1_I,R,42.0,-69.0,-24.0,MNI,Z,-5.16,246,Post>Pre,Table 3
41602988,C5,verum_post_gt_pre,Precentral Gyrus_I,R,57.0,-9.0,30.0,MNI,Z,-4.65,275,Post>Pre,Table 3
41602988,C6,verum_post_gt_pre,Postcentral Gyrus_C,L,-54.0,-12.0,36.0,MNI,Z,-4.28,84,Post>Pre,Table 3
41602988,C6,verum_post_gt_pre,Precentral Gyrus_I,R,57.0,-3.0,48.0,MNI,Z,-4.54,122,Post>Pre,Table 3
41602988,C7,verum_post_gt_pre,Fusiform_I,R,30.0,-60.0,-3.0,MNI,Z,-4.78,261,Post>Pre,Table 3
41602988,C7,verum_post_gt_pre,Postcentral Gyrus_C,L,-66.0,-12.0,18.0,MNI,Z,-4.99,186,Post>Pre,Table 3
41602988,C7,verum_post_gt_pre,Postcentral Gyrus_I,R,57.0,-9.0,33.0,MNI,Z,-4.78,209,Post>Pre,Table 3
41602988,C7,verum_post_gt_pre,SMA_C,L,-18.0,0.0,66.0,MNI,Z,-5.34,90,Post>Pre,Table 3
41641330,contrast_main_effect,group_comparison,L_ic,Left,-40.0514,-19.6228,-21.0313,MNI,t-value,12.7535,15,Positive,table
41641330,contrast_main_effect,group_comparison,R_ic,Right,40.2885,-19.7507,-21.0315,MNI,t-value,12.7535,15,Positive,table
41641330,contrast_main_effect,group_comparison,L_Thalamus_Dorsolateral,Left,-23.555,-9.365,-11.0149,MNI,t-value,10.9052,7,Positive,table
41641330,contrast_main_effect,group_comparison,R_Thalamus_Dorsolateral,Right,23.825,-9.4404,-11.0151,MNI,t-value,10.9052,7,Positive,table
41641330,contrast_main_effect,group_comparison,L_Mesencephalic_Region,Left,-11.2278,-30.0133,6.9522,MNI,t-value,10.4508,7,Positive,table
41641330,contrast_main_effect,group_comparison,R_Mesencephalic_Region,Right,11.4322,-30.0494,6.9521,MNI,t-value,10.4508,7,Positive,table
41641330,contrast_main_effect,group_comparison,L_Globus_Pallidus,Left,-35.9215,-13.427,-35.0214,MNI,t-value,10.0876,12,Positive,table
41641330,contrast_main_effect,group_comparison,R_Globus_Pallidus,Right,36.1784,-13.5419,-35.0216,MNI,t-value,10.0876,12,Positive,table
41641330,contrast_main_effect,group_comparison,L_Superior_Colliculus,Left,-9.1022,11.1579,23.0178,MNI,t-value,10.0314,7,Positive,table
41641330,contrast_main_effect,group_comparison,R_Superior_Colliculus,Right,9.4378,11.1283,23.0177,MNI,t-value,10.0314,7,Positive,table
41641330,contrast_ea_vs_model_positive,group_comparison,L_ic,Left,-40.0514,-19.6228,-21.0313,MNI,t-value,6.8235,120,Positive,table
41641330,contrast_ea_vs_model_positive,group_comparison,L_Caudate_Putamen,Left,-52.3851,-3.1263,-19.005,MNI,t-value,4.1526,120,Positive,table
41641330,contrast_ea_vs_model_positive,group_comparison,R_ic,Right,40.2885,-19.7507,-21.0315,MNI,t-value,6.8235,120,Positive,table
41641330,contrast_ea_vs_model_positive,group_comparison,R_Caudate_Putamen,Right,52.6748,-3.2936,-19.0053,MNI,t-value,4.1526,120,Positive,table
41641330,contrast_ea_vs_model_negative,deactivation,L_Cortex_Somatosensory,Left,-48.2224,23.6375,-12.9624,MNI,t-value,-5.2773,41,Negative,table
41641330,contrast_ea_vs_model_negative,deactivation,R_Cortex_Somatosensory,Right,48.5974,23.4833,-12.9626,MNI,t-value,-5.2773,41,Negative,table
41641330,contrast_model_longitudinal_negative,deactivation,R_Hippocampus_Postero_Dorsal,Right,-0.83923,25.6125,-6.9592,MNI,t-value,-6.8288,193,Negative,table
41641330,contrast_model_longitudinal_negative,deactivation,L_Hippocampus_Postero_Dorsal,Left,-13.2255,9.1458,-2.9854,MNI,t-value,-4.9947,193,Negative,table
41641330,contrast_model_longitudinal_negative,deactivation,L_Cortex_Somatosensory,Left,-64.732,5.1397,-22.9919,MNI,t-value,-6.27,131,Negative,table
41641330,contrast_model_longitudinal_negative,deactivation,R_Cortex_Somatosensory,Right,65.0479,4.933,-22.9922,MNI,t-value,-6.27,131,Negative,table
41641330,contrast_model_longitudinal_negative,deactivation,L_Hypothalamus_Medial,Left,-11.2475,-42.335,-17.0675,MNI,t-value,-5.5739,44,Negative,table
41641330,contrast_model_longitudinal_negative,deactivation,R_Hypothalamus_Medial,Right,11.4125,-42.3711,-17.0675,MNI,t-value,-5.5739,44,Negative,table
41641330,NR_C2,group_comparison,L_ic,L,-40.0514,-19.6228,-21.0313,MNI,t,6.8235,120,Positive (EA > Model),Table 2
41641330,NR_C2,group_comparison,L_Caudate_Putamen,L,-52.3851,-3.1263,-19.005,MNI,t,4.1526,120,Positive (EA > Model),Table 2
41641330,NR_C2,group_comparison,R_ic,R,40.2885,-19.7507,-21.0315,MNI,t,6.8235,120,Positive (EA > Model),Table 2
41641330,NR_C2,group_comparison,R_Caudate_Putamen,R,52.6748,-3.2936,-19.0053,MNI,t,4.1526,120,Positive (EA > Model),Table 2
41641330,NR_C2,group_comparison,L_Cortex_Somatosensory,L,-48.2224,23.6375,-12.9624,MNI,t,-5.2773,41,Positive (EA > Model),Table 2
41641330,NR_C2,group_comparison,R_Cortex_Somatosensory,R,48.5974,23.4833,-12.9626,MNI,t,-5.2773,41,Positive (EA > Model),Table 2
41641330,NR_C3,deactivation,R_Hippocampus_Postero_Dorsal,midline,-0.83923,25.6125,-6.9592,MNI,t,-6.8288,193,Negative (time 2 < time 1),Table 3
41641330,NR_C3,deactivation,L_Hippocampus_Postero_Dorsal,L,-13.2255,9.1458,-2.9854,MNI,t,-4.9947,193,Negative (time 2 < time 1),Table 3
41641330,NR_C3,deactivation,L_Cortex_Somatosensory,L,-64.732,5.1397,-22.9919,MNI,t,-6.27,131,Negative (time 2 < time 1),Table 3
41641330,NR_C3,deactivation,R_Cortex_Somatosensory,R,65.0479,4.933,-22.9922,MNI,t,-6.27,131,Negative (time 2 < time 1),Table 3
41641330,NR_C3,deactivation,L_Hypothalamus_Medial,L,-11.2475,-42.335,-17.0675,MNI,t,-5.5739,44,Negative (time 2 < time 1),Table 3
41641330,NR_C3,deactivation,R_Hypothalamus_Medial,R,11.4125,-42.3711,-17.0675,MNI,t,-5.5739,44,Negative (time 2 < time 1),Table 3
41999225,NEURAL_VBM_AA_gt_AGGG,group_comparison,Caudate/Putamen/Ventral Striatum,L,-9.0,-6.0,16.5,MNI (Montreal Neurological Institute atlas),Z,4.51,1061 voxels,AA > AG/GG,table
41999225,NEURAL_VBM_AA_gt_AGGG,group_comparison,Caudate,R,7.5,10.5,16.5,MNI (Montreal Neurological Institute atlas),Z,3.72,587 voxels,AA > AG/GG,table
42077350,contrast_cbffcs_prepost,verum_post_gt_pre,Temporal_Pole_Sup_L,Left,-30.0,21.0,-30.0,MNI,Peak intensity,15.257,204,Increased,table
42077350,contrast_cbffcs_prepost,verum_post_gt_pre,Temporal_Pole_Sup_R,Right,30.0,24.0,-27.0,MNI,Peak intensity,13.422,119,Increased,table
42077350,contrast_cbffcs_prepost,verum_post_gt_pre,Cerebelum_4_5_R,Right,9.0,-54.0,-3.0,MNI,Peak intensity,15.705,55,Increased,table
42077350,contrast_cbffcs_prepost,verum_post_gt_pre,Extra-nuclear (L),Left,-24.0,-36.0,9.0,MNI,Peak intensity,7.089,63,Increased,table
42077350,contrast_cbffcs_prepost,verum_post_gt_pre,Occipito-temporal (R),Right,30.0,-66.0,21.0,MNI,Peak intensity,10.071,80,Increased,table
42077350,contrast_cbffcs_prepost,verum_post_gt_pre,Occipital_Sup_L,Left,-18.0,-69.0,33.0,MNI,Peak intensity,7.058,42,Increased,table
42077350,contrast_cbffcs_prepost,verum_post_gt_pre,Postcentral_L,Left,-45.0,-18.0,51.0,MNI,Peak intensity,8.854,32,Increased,table
42077350,contrast_cbffcs_prepost,verum_post_gt_pre,Precuneus_R,Right,24.0,63.0,51.0,MNI,Peak intensity,7.492,51,Increased,table
42077350,contrast_cbffcs_prepost,verum_post_gt_pre,Frontal_Sup_L,Left,-15.0,6.0,54.0,MNI,Peak intensity,7.270,44,Increased,table
42077350,contrast_cbffcs_prepost,verum_post_gt_pre,Precuneus_L,Left,-15.0,-42.0,66.0,MNI,Peak intensity,8.561,118,Increased,table
42077350,contrast_cbffcs_prepost,verum_post_gt_pre,Postcentral_R,Right,30.0,-36.0,63.0,MNI,Peak intensity,8.383,34,Increased,table
42077350,C1,verum_post_gt_pre,Temporal_Pole_Sup_L,L,-30.0,21.0,-30.0,MNI,t,15.257,204,increased CBF/FCS ratio after IA (warm colors); decreased CBF/FCS ratio after IA (cold colors),Table 2
42077350,C1,verum_post_gt_pre,Temporal_Pole_Sup_R,R,30.0,24.0,-27.0,MNI,t,13.422,119,increased CBF/FCS ratio after IA (warm colors); decreased CBF/FCS ratio after IA (cold colors),Table 2
42077350,C1,verum_post_gt_pre,Cerebelum_4_5_R,R,9.0,-54.0,-3.0,MNI,t,15.705,55,increased CBF/FCS ratio after IA (warm colors); decreased CBF/FCS ratio after IA (cold colors),Table 2
42077350,C1,verum_post_gt_pre,Extra-nuclear (L),L,-24.0,-36.0,9.0,MNI,t,7.089,63,increased CBF/FCS ratio after IA (warm colors); decreased CBF/FCS ratio after IA (cold colors),Table 2
42077350,C1,verum_post_gt_pre,Occipito-temporal (R),R,30.0,-66.0,21.0,MNI,t,10.071,80,increased CBF/FCS ratio after IA (warm colors); decreased CBF/FCS ratio after IA (cold colors),Table 2
42077350,C1,verum_post_gt_pre,Occipital_Sup_L,L,-18.0,-69.0,33.0,MNI,t,7.058,42,increased CBF/FCS ratio after IA (warm colors); decreased CBF/FCS ratio after IA (cold colors),Table 2
42077350,C1,verum_post_gt_pre,Postcentral_L,L,-45.0,-18.0,51.0,MNI,t,8.854,32,increased CBF/FCS ratio after IA (warm colors); decreased CBF/FCS ratio after IA (cold colors),Table 2
42077350,C1,verum_post_gt_pre,Precuneus_R,R,24.0,63.0,51.0,MNI,t,7.492,51,increased CBF/FCS ratio after IA (warm colors); decreased CBF/FCS ratio after IA (cold colors),Table 2
42077350,C1,verum_post_gt_pre,Frontal_Sup_L,L,-15.0,6.0,54.0,MNI,t,7.27,44,increased CBF/FCS ratio after IA (warm colors); decreased CBF/FCS ratio after IA (cold colors),Table 2
42077350,C1,verum_post_gt_pre,Precuneus_L,L,-15.0,-42.0,66.0,MNI,t,8.561,118,increased CBF/FCS ratio after IA (warm colors); decreased CBF/FCS ratio after IA (cold colors),Table 2
42077350,C1,verum_post_gt_pre,Postcentral_R,R,30.0,-36.0,63.0,MNI,t,8.383,34,increased CBF/FCS ratio after IA (warm colors); decreased CBF/FCS ratio after IA (cold colors),Table 2
42131703,C01,deactivation,Anterior cingulate gyrus,Left,-9.0,36.0,-3.0,MNI,T-value,−4.498,79,decrease,table
42131703,C01,deactivation,Rolandic operculum,Right,45.0,-21.0,18.0,MNI,T-value,−4.532,34,decrease,table
42131703,C02,sham_post_gt_pre,Cerebellum_6,Left,-36.0,-51.0,-24.0,MNI,T-value,4.362,28,increase,table
42131703,C1,group_comparison,Anterior cingulate gyrus,L,-9.0,36.0,-3.0,MNI,t,-4.498,79,decrease (VA group: right thalamus seed) and increase (SA group: right thalamus seed),Table 3
42131703,C1,group_comparison,Rolandic operculum,R,45.0,-21.0,18.0,MNI,t,-4.532,34,decrease (VA group: right thalamus seed) and increase (SA group: right thalamus seed),Table 3
42131703,C1,group_comparison,Cerebellum_6,L,-36.0,-51.0,-24.0,MNI,t,4.362,28,decrease (VA group: right thalamus seed) and increase (SA group: right thalamus seed),Table 3
