pmid,16407533,17240066,19559684,20423216,20838644,21080967,22291848,22916152,23152865,23316257,23691237,23840533,24062782,24603951,24734108,24734113,24821143,24915066,24963329,24968124,25220656,25228908,25452777,25525442,25741269,26161117,26211895,26467429,26839078,27242492,27688791,27803655,27812501,27857211,28334999,28443010,28480365,29343693,29563830,29763448,29904344,29951105,30034336,30105065,30719061,30881095,30914909,30914919,31636536,32194493,32377180,32807158,33146953,33560579,33776442,34108856,34122321,34431029,34483822,34671239,34949986,35048524,35096130,35115998,35464313,35585920,35734477,35832324,36051643,36530615,36530635,36744205,36890655,36922926,37305743,37721727,37901421,38245739,38249582,38585348,38651018,38681626,39089662,39368604,39468590,39543627,39648209,39877657,40022556,40329319,40584525,40634927,40642213,40772121,40881782,40963943,40974865,40995472,41022570,41069516,41351443,41520025,41601526,41602988,41641330,41999225,42077350,42131703
16407533,0.0,10.682607530003404,13.244916141581133,24.46474640395803,29.941922950939542,19.175301160262826,19.68913714563928,28.581779401234837,21.438747781782226,22.59695477558425,10.610762519724961,28.771507093510888,21.852611215619408,13.335856928495485,20.693861475755988,11.004607620850864,27.06472244638546,21.930219464066358,28.659197051161154,27.431687891449936,32.19533645772087,23.414046526932033,24.156671783726054,24.49734393141178,27.739476721979404,10.125579298241933,25.592792921142504,34.797465826674504,16.28547809783305,14.27445071383898,12.060257404942456,27.803023666500735,38.640498508689035,18.181492381744736,12.772512644282875,52.886369935929615,35.14916437131004,25.781010849772,16.866851985135483,8.876689400442833,20.356034117676263,15.92517062524883,34.34858894733713,39.23470120755545,39.68509887058896,27.810216198368543,20.766254083812743,11.40469262579614,10.459255529652571,20.27179488988237,16.207599707091305,19.225911578398776,44.81091662147506,24.991258859819983,51.35926825362447,25.39714274665316,68.31915321802936,34.797465826674504,41.038118501448004,19.888517415835704,22.28122278298711,31.57557622417822,80.39047284971024,53.61260540519677,28.092170215705263,20.89025166904215,33.63169129892279,18.28470254672529,8.789085444981387,24.667700986082497,24.125181561758488,20.7152368114178,43.00438471355958,23.612348486185315,24.70412414962328,37.887044289572124,23.400566211749044,25.794366148444123,30.393615694747478,25.124891040428185,14.378210387023762,41.25776442077297,8.810710283653604,22.955459590258698,17.149275107894766,21.276060551691515,24.579927959887108,21.535508468573482,89.10947177326742,24.951877659241596,23.50561205949612,34.14419247986458,101.32856519757891,16.45184260197015,28.977948744342694,41.55737127452265,30.712051888026622,31.469068917807515,31.837134371673592,21.527308668087713,15.131719295908054,59.07857585453461,20.480254476268072,34.81541682885531,28.191753511714577,6.519442077356007,25.47262395751548,21.54247258324819
17240066,10.682607530003404,0.0,13.957828007752557,18.274813922140954,25.092741938251947,14.90940155210653,23.300874051453004,26.126460671523983,20.71049593171571,16.64137361344434,8.261471040801993,26.39098156835969,21.53951298028952,21.736784220840484,26.181716611401743,9.100158721439392,27.490701877966295,18.085682049266214,23.626626562344633,20.632361610772456,24.167169514643078,18.375828369432142,25.82135732999634,20.02051849411788,24.149400701368574,10.878502972780579,22.53208213364399,31.386645094800087,16.819353416104917,9.074610458274034,18.63816073621318,27.845361006521024,36.19603305375831,14.01386856151838,11.990464141797522,49.999445066340215,34.265419207372474,21.721175238479088,17.808631063074312,12.264790190415518,18.58643188829418,12.530662239606725,30.731959422041125,35.24262000138059,33.280343890415494,20.70379550834596,19.21806969351557,19.72218843297006,8.452736857243218,19.789043152596086,14.45832943854061,12.523923575939182,37.25424176882186,17.978715783881423,49.85036036871524,28.77859813539473,61.621226522643234,31.386645094800087,41.34845158294656,21.924316158490416,30.32761395335954,34.4839202284402,75.14941329287093,53.97443237042209,25.155994081074937,19.45278462385238,32.2760492066833,17.934827847484666,12.096254707428162,15.317675411964451,20.909621631290847,21.858521195588956,45.098490705258634,22.88862886931094,18.1885937681484,34.504858522517566,23.381810576046597,30.844646784229173,36.218167576540225,20.482107532940436,9.627443129313281,33.325940054661295,11.72982281862292,20.336926224548463,15.09724860527856,18.904304300543977,21.587993632471925,17.71214840193174,85.33639991971893,15.820375225346544,17.453667103141754,28.66598702136806,96.0209311760884,26.47505460572149,25.466783026891935,36.01488315257779,28.012425711581763,27.612813222860808,30.90567477595444,21.271207462347924,10.076719571208598,54.31064888595671,16.365703009778294,33.06472510097814,29.330287363457657,6.34896198309038,20.130152227309708,21.1263132305558
19559684,13.244916141581133,13.957828007752557,0.0,19.15698818870858,33.81122923699218,23.363787230179934,10.526103457245457,24.601733499519696,18.32438533894184,19.561777670463293,18.673791172105577,30.762068231402193,17.16212795675399,16.052364754731656,26.878964221795368,18.579856952578975,32.973349327616006,22.358176950092076,24.4843207491679,26.478412160072846,30.002400504228984,23.816618576461675,28.445206427227884,16.094345519248005,26.623299237132322,13.308517902150259,27.689308085792433,29.549900089129068,17.67673108230988,22.004117840509753,24.432617948143484,27.305215870464227,29.082914138953345,17.513318598318598,21.683787131560184,61.39530488873966,33.71009240003516,19.943430521866713,27.791550642035173,14.65450154582877,26.496786193754073,24.52833418707543,27.8102342505942,33.618807861182106,40.47240413566635,30.727269387352365,21.17026994283382,19.56648886247413,19.555490007711235,25.22488240724057,22.45031331032038,14.607037029330272,44.32133293127653,20.51173838690631,54.599174265123935,38.295936205995936,58.622583073121945,29.549900089129068,52.89123088771414,24.128943093590582,19.427449186732943,37.80015980124845,74.97467466257974,46.69730053007042,22.28762202993745,27.908124196954954,29.7161795016892,13.015718491376713,16.433369071123018,22.49473294111927,25.29481910493675,19.884477878258235,49.82803875163201,24.975044238776725,25.24722153999145,28.607251069137202,22.42813993138718,24.909649985122233,29.970277780146418,31.572721652257886,22.476345602477007,31.25000242512774,16.371684269971194,32.84070865273361,20.074316644258417,25.66166908773323,24.126163907118123,23.406029917792004,83.35874665282216,25.17147841265273,30.745085655821153,26.895419894579355,89.39663638815743,19.95744161697119,18.192639538185073,40.75137904039899,22.58075554773782,29.349282367593908,18.829511130359368,30.43071836000078,14.720048524647817,64.13320557227664,24.116290999101196,34.592961131025135,15.774031854266594,15.648800237327675,28.97684040177022,10.069848100129345
20423216,24.46474640395803,18.274813922140954,19.15698818870858,0.0,21.057475370778178,15.483616563626049,28.7702789846684,11.728916435128127,11.792651173082257,3.9829242890872454,19.905750012854654,18.458408907335688,12.462723754245122,33.89785756456615,42.88884647466563,19.087949305084333,45.17080404226608,10.615921734320711,6.846416967731687,9.800715699522122,12.042630248855836,10.378348324516208,23.027391753628038,6.450542700718045,11.938026640899135,15.931594749598322,15.729362021315588,14.52170487640054,32.35535215215157,21.554712902748996,35.292898985785534,18.41579229617047,40.66739042514198,8.666442123129347,21.594987351809756,51.61417741917037,21.901148163174394,5.6485351102752155,28.044003458730177,18.85919813145346,20.06447882845693,22.87676144866048,13.414977189409628,17.66071143074406,23.253176728155434,18.016354374381923,12.654935491350773,35.085027913249114,21.7163799695555,19.016365861738283,18.32959145487139,5.942362998381635,26.113875474839897,2.445921924439973,41.21838515396735,41.521256474594125,44.69242327747174,14.52170487640054,56.930332796361036,20.653190141925986,35.473632931642506,32.99640638716769,57.542038265953465,39.31182393547502,9.67146517711293,22.048133286196716,18.05478694139518,11.90631989805159,20.041821353724398,9.881411349065127,13.28963819395057,15.91758309619837,42.918461424726765,16.180869085218877,11.015168435280343,17.954717544037493,15.100825716202758,27.026826817080348,32.54380986697157,23.22696946101147,22.150252094202642,27.49507273937115,29.012940228641515,36.503809829744725,13.962164853889893,35.97685471108895,11.543804674372991,12.665161698994531,67.59089075706657,13.036432659956589,25.61021347085501,10.486446278675896,80.39954084321909,35.560131517118144,12.932756071573799,22.774686317535988,12.590902775553932,13.31231793815938,28.58430265507004,26.49008735278622,10.03385272610964,49.5258756437142,15.031410800639984,21.37485154990281,27.73538362061739,23.689142101704302,17.19040478519479,16.19789745881137
20838644,29.941922950939542,25.092741938251947,33.81122923699218,21.057475370778178,0.0,10.958149397737763,44.08476531983014,21.51910104142975,22.201398681627456,17.52421859093361,20.008299059390332,10.562705268587125,25.01920644255307,42.953448714717766,48.8252844618214,19.133939450329848,49.40788689376199,12.953323287236891,18.92128043751431,12.06840354853469,15.611497567258466,11.30390337217041,17.77565634043743,26.87363688996853,14.220860897498955,22.196563625258456,9.276217571070122,24.66122721923181,41.75306407169419,19.456938175926297,35.781726502931804,20.412021580431468,58.45725468237454,16.90993547606736,18.238127237485735,30.715153019316052,22.612340052901168,22.624724172746323,19.96624706787496,23.19144885290954,10.836541191727182,17.307214925445006,26.835094059821106,26.920935697819903,11.937715277750247,7.4061207794634285,16.222553351581187,40.77004023244955,21.187330428324668,13.059910201728563,14.039314787192342,21.971254701615592,18.614888712805225,19.674658473915052,26.93219854609873,31.473836113411362,57.33639379636139,24.66122721923181,47.38656502785245,18.58527082575518,46.9364065334184,22.864773062994136,59.035079613734744,49.09572919307748,24.052082585129487,11.21737048109779,25.237878834147125,25.64838228600176,22.319749936880967,18.816048634729075,11.251995898666205,22.34324266248877,28.304472721116145,15.57579856806892,10.366713558307666,34.984148196004426,20.35133816563781,33.25468124941209,37.678118649953845,8.481392187002795,19.516525716396895,45.32952266459465,35.00455622646244,32.19593336121815,14.833168300275512,41.54874811580426,14.28005948072277,11.075935142718842,69.85186602363225,15.184840742560727,16.253913385809124,26.640714438924615,95.9564517111799,43.01381318832358,33.423962753644645,16.351449933899698,29.595671005806754,16.318945443008896,48.50016108220672,14.359298087582392,19.172266002975906,30.331759345610006,9.926803042812608,18.133177123805574,46.446591429175946,27.855935184444984,5.0622289744817595,34.33497670015228
21080967,19.175301160262826,14.90940155210653,23.363787230179934,15.483616563626049,10.958149397737763,0.0,33.53600723730669,18.36225563082904,15.46861985387367,11.561092532330198,9.759552496282089,12.45268047906817,18.006185790249337,32.09781822936508,38.57554190708357,8.678356209903392,40.444963963547764,7.282222002565797,16.350280947823123,11.176526628373749,16.657377092904653,7.105487207180283,14.646008491677586,20.17628812399527,13.027524615380228,11.55421180894803,8.65486765065767,23.574714736831478,31.40482953388994,10.841624714325844,26.4369978748887,17.785322205414587,49.1280465587396,8.327994947304838,8.90110201187885,38.641022179043375,23.121026194901475,17.469096918709734,13.689225008918907,12.73334353636975,5.457393196011055,9.678090192691204,24.65163366358973,27.188008217696236,20.755975258149654,9.981685708675508,9.895767796044593,30.254685071550423,11.376687634299161,7.519088245436832,4.537277617333801,13.84566285260349,26.490645029022375,14.680695769711607,35.04431254510914,27.156972841077923,58.29297498587338,23.574714736831478,44.08419617392863,12.674184734241724,36.804307820708246,22.864201852556622,64.97278769220132,47.68357942265318,19.769290654060683,7.048761088956607,23.642395734756754,17.165731339359233,11.947623227768515,14.08406925981134,8.255943135458734,15.640341457206063,32.129553747038074,11.706126106861829,7.694989045148712,31.57601872747237,15.19526033716765,26.865377762355205,31.94201179901784,9.203727236360404,11.061471060085896,40.02220354827435,24.61010939642756,26.17860558730865,5.575957092591301,32.537264092980784,10.79242509978603,5.061568103335067,75.05224846731775,11.741188563704867,13.446129258793846,24.270287794418152,95.2773437465852,32.80634922673928,26.95699666916713,23.48833478550867,24.90008052808406,16.786146393493702,39.533868731247445,11.210450250821903,9.273443782936882,41.029528773859425,1.7488633140557805,20.443035145261902,37.08730121001557,17.503297210044185,6.382854098777521,25.51344484323109
22291848,19.68913714563928,23.300874051453004,10.526103457245457,28.7702789846684,44.08476531983014,33.53600723730669,0.0,32.87179394885559,26.661370874084767,29.651613768054737,27.95740651885258,40.21826736371321,24.828587286648876,13.813990764093115,25.795007493165652,27.980539116539745,34.422805524612784,32.342013814184895,33.75393304752328,36.76812076453978,40.11488763071669,34.02772130989597,36.55160100126229,24.391035258503667,36.08830811736931,22.65571279446274,37.473034182454235,37.39328689050681,19.22061267241572,31.365477109296506,28.492192789625037,35.185629955470766,25.10974200581551,27.679791298866377,30.781619667928574,71.07490888499527,41.43572854805438,28.70162162138207,36.13272529507334,23.153661402911183,36.11700385037535,33.871448436970844,35.26729383874355,41.31934186766407,50.744401188286275,41.23482640080468,30.47340774138865,20.41593459601302,28.503110466598066,34.47841312086318,32.080483021574594,24.812039070868764,54.514696576908506,30.372466050168306,63.470258306079806,44.754580960477725,63.78559530809993,37.39328689050681,58.52117475427042,32.27941015677337,13.98963698990601,45.159746881153545,82.20747262483698,49.72236572612508,30.287511826313107,37.401789870210415,36.97501947560756,21.295212412727683,24.90132643785311,32.67623482701403,35.085008021765596,27.666482043526578,57.47568624857884,33.87709791211729,35.67783218996197,34.08740102009096,30.588653338171422,28.637203118009715,32.52912422753463,41.648640674051805,31.756503096371347,35.42071962697446,20.975019247415187,39.75458478270996,29.854010493099697,29.210783601518454,33.63807809676209,33.47827535745443,89.48728673018726,35.57697731234989,40.44824064963279,34.864128942739285,90.89414186817298,18.050456962076954,23.904912287929623,50.50397922641681,29.15433166787079,38.53341596626674,15.532537842667889,39.45767474032485,25.145924492972362,74.40901093486256,34.28312696345342,43.15037987791462,11.274397812636805,23.30304251932437,39.32827460571459,15.032641819361098
22916152,28.581779401234837,26.126460671523983,24.601733499519696,11.728916435128127,21.51910104142975,18.36225563082904,32.87179394885559,0.0,7.593218511868093,11.444994209600177,24.632453488312237,13.475827933182973,8.588061322116314,37.40655741489799,48.6675940144764,23.269183285143352,53.25647451781799,11.121225207356794,6.992810306246014,14.287478060210615,17.9180981022775,12.48003489949113,17.236921126699702,12.536197739642214,7.328258980309438,18.684850239378108,13.229952597694865,6.624092408378083,40.16535653071113,27.560511054092768,39.49621726552003,8.74583985493956,49.14648905060387,12.561031846938622,24.85458344499548,51.183166803972945,10.805722254474883,6.897529719032989,30.241205708479594,20.61648655873756,20.2838721203055,27.44512159905919,7.816113236487167,11.231082880617747,23.25594890803724,22.51895675643937,9.864485618820192,39.373059085361014,26.680456871356395,17.149857471250055,20.122854356826235,15.751486297590395,27.60184775634524,13.191119059245509,33.70871177379691,43.31570392826,45.3561312111969,6.624092408378083,62.07860078507128,16.448352478079226,35.301654792150764,26.2792402224805,52.399083592593406,29.795529033475603,4.181148600618146,22.283004437372185,6.513525106098102,12.039264946864117,21.972292955839126,20.277828045412416,11.294762666495936,10.44113762607929,35.879383524113926,10.614946722175864,15.472295082201445,15.366958495368761,7.891675753199614,19.7749054958801,24.49825278312279,26.063058216019094,27.96769518809792,37.3294696427547,35.49666154724968,43.403589496798595,14.858960170595527,44.81292803045687,7.987651682249865,13.482927288655999,60.53570407030228,21.668100934929363,31.348894387716417,11.822011469846673,80.46121069867776,35.96341590090407,16.324131678393893,19.846352526545488,9.3794241237073,7.121853247356846,33.54795569340411,26.799030113108845,16.128710422169977,47.95884639610258,17.114642022642617,12.071632169813906,30.858424790743843,29.879918160677704,19.43936504180547,19.005215282099126
23152865,21.438747781782226,20.71049593171571,18.32438533894184,11.792651173082257,22.201398681627456,15.46861985387367,26.661370874084767,7.593218511868093,0.0,10.662795984075114,19.131825535137335,14.895656809731085,2.900127438697574,29.975817679574355,41.49241093608873,17.775126827215598,46.9890778531358,9.672914853346272,11.156050648634148,15.916131198354465,20.787704797597243,12.116223390792625,14.540308433099355,11.479046830845753,10.489425086097125,11.906065872496153,13.383452530315706,13.999888029160546,33.807475032876965,22.910453703252774,32.576423494941004,9.378180329859157,45.18130438908727,8.74664187253166,19.64216665095278,51.457166296533025,15.406854170714205,8.200085447958763,25.343583758317116,13.633369168659554,17.25003187338187,23.04496400394317,14.108223499795248,18.643433713018414,27.29374433850119,22.573757080370996,6.381359129928433,31.984629573056175,21.1353323909995,13.838153452969946,15.809189232743654,12.767012383426017,32.296583080026224,13.54087781130996,37.414742374242444,38.100796893725956,51.30817473305677,13.999888029160546,57.12966417378946,11.976663488616484,28.525256538215324,24.490448841970522,59.98557371717091,33.886864110280996,7.976719434880618,19.214556244672714,12.311716336039915,5.4747135561214,15.305011903515984,19.60406339384315,11.00876280176868,4.527486205298622,35.681634950363765,8.91491254855554,15.541020415075113,19.498157479291116,4.824666053527638,15.400378180990847,20.886986696722296,24.31605296072151,23.29120933079537,37.38360878370756,28.80263004241042,38.43571375761003,10.493452289354895,39.06088818914919,8.39660496982017,11.733875187056398,67.84601481556935,20.975414313973673,28.538603957592358,16.667545380782546,85.40702525711251,28.50274909010176,16.063550330467653,25.514429375487428,12.011374719013094,12.825612145446227,30.23462734253196,23.297826791721473,11.39798282486879,50.969131712355846,14.764258867021763,16.521850184437216,26.64934230992942,23.576923609865172,18.97400473887992,14.585047124801845
23316257,22.59695477558425,16.64137361344434,19.561777670463293,3.9829242890872454,17.52421859093361,11.561092532330198,29.651613768054737,11.444994209600177,10.662795984075114,0.0,16.86736583170977,15.287257159659243,12.173963226888208,33.135281795413555,41.75933728480035,15.934328469883212,44.036586035408085,6.896025755845353,7.0508461234919455,7.331625178257606,11.370058487308658,6.597066394102903,19.810567412748966,9.524877973237913,9.62831178035213,13.555376606561257,12.183443940839373,15.392162026630073,31.943783934639605,18.53330101391262,32.93914683022219,16.502806192366897,42.93806581512205,5.366108601438281,18.158337074800606,48.00554530119082,20.610017704686776,7.177042719538116,24.404598227758413,16.34171509733156,16.108334059619928,19.43907854614322,15.162476866617626,18.858896309290643,21.249062019360466,14.857722387647597,9.643664638356617,33.646339359200766,18.74169919327459,15.265993019688668,14.552028711067422,5.993867058335441,25.01675142696755,3.828810509734212,38.64752961360802,37.944540024630946,47.82770733546622,15.392162026630073,53.84191141484087,17.500460010951603,35.37300294723757,29.669263928212725,58.645773916534985,40.61686717417444,10.726820326534945,18.085340120327043,17.910034931714303,11.645627866222316,17.22863456726733,9.195945175270568,9.77837702220354,14.10010228142405,39.510859314557976,13.203738655075155,7.600641344697836,20.9179195047899,13.173350478894642,25.926097978848837,31.453323141465162,19.450720966255226,19.08108877926305,30.772534690736645,27.615847241887174,33.90689923468667,10.333091530797025,35.04028899084893,8.653313231348232,8.755549503403204,68.71262208829306,11.039611385607035,22.348810179564094,13.35632175338755,84.01052707092398,34.449970407244656,16.298150215320717,21.449804253685706,14.9202215086952,11.987306947284855,31.3112849578422,22.55321549069581,7.541933963575835,46.713451657003425,11.053267056797145,19.467538939012943,29.887240554865567,21.67917622951262,13.467719190536565,17.95799512660055
23691237,10.610762519724961,8.261471040801993,18.673791172105577,19.905750012854654,20.008299059390332,9.759552496282089,27.95740651885258,24.632453488312237,19.131825535137335,16.86736583170977,0.0,21.316288745616408,20.792415707867924,23.923781721448982,28.907986509402168,1.5685992070067551,31.29676472656369,14.954017676011109,23.218983401531975,19.326789618957314,24.15682875788449,15.593734452401709,19.445536923674798,22.71115832300169,21.290831142165374,8.54461207074386,17.740719345317235,30.529320483898427,22.77878501753331,4.996980622426816,17.02659843330968,23.900081720571585,44.04189943962454,12.568392202661247,3.7395826164727017,43.44978603226948,30.543164662846284,22.28400590042132,10.024055792431183,8.573111909556879,11.533382255435741,6.018766515716289,30.804381125981237,34.59020485100681,30.172158845662587,17.63416871445887,15.633602223892547,20.96467970513475,2.0486111111111103,13.24758882971871,7.469671886149666,15.418542644180356,35.40424686917456,19.545231474091153,43.62822509922215,22.38605109886557,64.45128541747081,30.529320483898427,38.39773801569856,15.95659966649119,31.478570632821604,27.078640939657383,74.0118497691417,52.95402634597298,25.00250560024131,11.981228009571762,30.157175873505008,18.165749690160204,6.9928956751455535,17.700025312013494,16.831820063136714,18.80974747336643,37.320968255876245,18.24276096805534,16.05179604436837,36.197429553077384,20.12561170206128,27.789514321952442,32.822260453082755,14.651117678361832,5.146843506291487,40.237624262001354,15.206639896850302,19.412564391393527,10.464523931527609,24.060359134379745,18.422026011289926,13.655826039512537,83.80862189892581,16.375536231473813,13.631098546440288,30.074755976837558,100.0000195312481,26.10294822907941,28.887745501064938,33.12625213944694,29.080163555641146,25.1837725129802,36.862974734142114,13.221661703532682,10.141168513038009,48.86336977992819,11.38581761481961,28.810397953116546,34.147930928715574,8.110804907652508,15.580097671070057,24.50773156067285
23840533,28.771507093510888,26.39098156835969,30.762068231402193,18.458408907335688,10.562705268587125,12.45268047906817,40.21826736371321,13.475827933182973,14.895656809731085,15.287257159659243,21.316288745616408,0.0,17.677743245965218,40.38994102261367,49.2370939722374,19.90688303766769,52.55076863108996,9.22219661553053,14.280342641135093,12.874927744602429,17.85996359195196,9.672407925261002,10.333882981599986,22.63362134862863,7.337989305055905,19.3833752233483,3.9812675747557957,17.298487359058488,42.47776996800415,23.1687537847898,36.751337678387586,10.213757487959876,57.41462180114323,14.06455551212261,19.6592489032206,37.98870407736228,12.483096313132757,17.251209804056845,22.611823109476383,20.27425591598645,11.446235039012212,21.29261134119396,19.976482564578895,20.271195595450465,16.220046701207853,15.415014116265821,9.749922229871046,39.90632966809165,23.057192414630688,9.46316155450661,14.182370404419794,20.53895274184096,23.046051411937505,18.265384083153954,24.145073317966887,34.748727255434524,54.41629546517042,17.298487359058488,53.88811938924453,12.066047295029417,41.19690819777649,17.164033038717022,55.51522560380205,39.36523242457789,17.06189676188313,12.790503808018299,15.783110953225092,19.71398220928762,20.2186050454041,21.41107191735023,5.923993021582569,14.319412050652456,24.963920560111873,7.02378890755536,12.120322011366696,28.40150326087339,11.588276444456845,24.211714787101457,28.31201215674657,16.30059146489786,23.30772848919413,45.60053442395307,35.76098824192902,37.99930477055578,11.883487844026826,44.73251304783434,7.509409778226534,8.809424482771934,64.5168265184078,19.757376335513566,23.896812387972393,22.223490731807086,91.61459193632432,38.627007758645924,28.35636716797491,15.614158643535777,22.69376925988604,9.456388318982324,44.33303317684478,16.869857917106216,17.70422239037322,36.42247668585907,10.763606176590274,8.605617224114745,41.32813945070329,28.926784850646357,10.902542309008295,29.050581690704764
24062782,21.852611215619408,21.53951298028952,17.16212795675399,12.462723754245122,25.01920644255307,18.006185790249337,24.828587286648876,8.588061322116314,2.900127438697574,12.173963226888208,20.792415707867924,17.677743245965218,0.0,29.215043173199504,41.332781186160105,19.522819339575584,47.28517161199171,12.344050506977858,12.41604953999855,18.04315362588983,22.512455775247485,14.652681303201488,16.906464848377087,10.558405922751865,12.9115397325849,13.001997481849154,16.25584326221948,14.365930654174957,33.517509408727896,24.70708857691956,33.36564134218509,11.231856616433731,43.52241835363038,10.743383771612287,21.62252673953421,54.351331130384644,16.793029843880124,8.401601810543596,27.476147026504215,14.729593571557388,19.947416320590015,25.13663020131641,13.860535988166276,18.951408713494505,29.702000489388244,25.072837805974793,9.249257282104825,31.909229449170038,22.74354596116263,16.547260378577096,18.20767874439878,13.354375681391105,34.391810953558334,14.529125600553193,39.74411424731452,40.047884554901565,50.63938697402483,14.365930654174957,58.952323460580345,14.218974389236228,26.817370856213287,26.65708690131898,60.48322518664206,32.626508355884035,7.828043745756674,21.890674556316995,12.743102834157295,4.256835965226079,16.65858386403914,20.92301124901364,13.849971882272644,6.096519204543233,37.99771380756525,11.684771707637033,17.891747432832666,18.047729191730802,7.076489659155628,14.72418102156551,20.208935759549725,26.991425778494033,25.114499138075683,36.49483945376154,29.07601491638607,39.992208978475446,12.987845165405593,39.41099085351137,11.121654573049376,14.465349032389291,68.00525672926598,22.792296818677425,30.814550136147993,16.541603105093596,83.88483160513883,27.70657214613824,14.147626357421881,27.60657341724897,10.518128293817899,14.772355272926145,27.86189770623794,25.861098411961642,12.781390625781123,53.74328701659792,17.41605160456994,18.55188183478056,24.112832997658174,24.39671485353548,21.68569107686601,12.241708127011565
24603951,13.335856928495485,21.736784220840484,16.052364754731656,33.89785756456615,42.953448714717766,32.09781822936508,13.813990764093115,37.40655741489799,29.975817679574355,33.135281795413555,23.923781721448982,40.38994102261367,29.215043173199504,0.0,14.99507852109826,24.294564838064005,26.648785287204195,33.50724495149029,38.48965259150799,39.15680760644464,43.57583882987434,35.30065471293137,34.51335766015942,31.63426754310094,38.564521985239914,21.440599294253552,37.5581750360685,43.282064106977344,15.341577196067206,27.22548650520516,17.079186680939085,36.94057886365624,34.23801485045028,29.325451442037668,26.00802363403863,65.57202965185964,44.21792590838684,34.35611836299149,29.196796527021533,20.282839915949456,33.17641635373123,29.109817646087773,42.1393961937743,47.73309191341564,52.179648490836044,40.78805205340675,31.48872820926544,7.835437396872467,23.659648642761535,32.295545421405215,29.15392201236011,28.838422114798902,57.052961463954034,34.98571105120028,62.68954586239755,34.34821550238926,74.5232532458496,43.282064106977344,47.76011411372663,30.258395271875635,14.295950459511928,41.23738263104402,89.44093951261723,57.42117610099276,36.131284839986186,33.760629441338985,41.67420819838363,25.580652170631176,20.988344205112586,35.60020559056549,35.79998177766678,29.243838080165045,53.045251509615646,34.26264179093914,36.906064271570614,43.43730318468767,32.52249248570054,29.677088246356092,33.04185802112056,38.45535881410963,27.335662556216768,45.17243969455799,13.798469476391336,32.00390094356524,29.1529132180045,24.032147416965568,35.48401952893841,33.660243879724206,97.00974039190352,36.90345303875072,36.40987139554578,42.26083974160429,103.90708186114965,9.607811574578008,33.68625564503841,53.23743325195883,37.004823352993036,41.910109819011545,29.185097159231315,34.17107847529156,26.377628700650003,72.25764288307018,33.24005237663485,45.06259987907099,24.83026396065754,17.984410300057952,38.44866123847375,24.332969929820248
24734108,20.693861475755988,26.181716611401743,26.878964221795368,42.88884647466563,48.8252844618214,38.57554190708357,25.795007493165652,48.6675940144764,41.49241093608873,41.75933728480035,28.907986509402168,49.2370939722374,41.332781186160105,14.99507852109826,0.0,29.97837299157882,13.92638911016685,42.20807739719391,48.22217933945866,46.52641024537995,50.34016802720073,43.309661000655005,44.17309387197395,42.036205914779586,48.17090846953726,30.687991970747618,45.92978774887591,54.56581017185318,13.350822839290135,29.962798482940354,15.440887573915392,48.31346718163695,36.8672091581545,38.14804825998909,30.981577912279423,66.9327357211037,55.703868818707214,44.91771899135883,32.249310532562816,29.535938909112033,39.70681441655967,32.14256987614045,53.54803422943622,58.87695085413596,58.71737441745444,45.57138478377754,41.41285525653678,10.425183185174467,27.63988887079909,40.42563069553194,35.768331804694256,37.07134171320527,63.16727156946755,43.25557295156576,71.18516143757007,33.12404159397332,84.25730809997414,54.56581017185318,38.9665653067544,40.098919353685,28.750459444928456,50.01698600364569,100.155301629242,71.61405821019594,47.508276090817674,39.72122355752689,53.74689755338761,37.39126457699267,29.21823972931666,41.22813280079954,44.55589633050503,40.95478021262269,60.65228842098992,44.2936747573263,43.838625314264185,55.41315527722436,43.867151711341556,43.34426118620292,46.827421038437635,42.30376030454621,29.915667928169153,50.26033337644221,14.488981299122367,26.673470486192414,37.602683405682086,16.702519974332123,45.09650139088335,41.70058286296621,109.05364835047533,41.72847632680839,37.532016310347174,52.461199353824576,114.37810590804129,22.677160561038306,44.947635689614614,61.44703486222611,48.99764607598669,51.829311758811755,39.34697503550234,38.90178203666095,34.522253706598775,76.18749532859343,40.124235640249715,55.508147301961316,36.88104816414775,21.300847661797665,44.399583465811446,36.67084824640836
24734113,11.004607620850864,9.100158721439392,18.579856952578975,19.087949305084333,19.133939450329848,8.678356209903392,27.980539116539745,23.269183285143352,17.775126827215598,15.934328469883212,1.5685992070067551,19.90688303766769,19.522819339575584,24.294564838064005,29.97837299157882,0.0,32.752985531904386,13.637268499233318,22.092525165989436,18.44654851426338,23.496382006675585,14.436885008687756,17.94053642515246,21.91249504412852,19.93594474578499,7.5156753414611535,16.37754823938692,29.235246402794083,23.862048370384205,6.136018742645836,18.013982860953856,22.348143410334757,44.5904270057549,11.408767615959059,3.3453759179918348,43.19173741070802,29.012795545829217,21.19250837873053,10.105963119587322,7.584346527077884,10.343412423158787,6.5332957769047315,29.596744794642742,33.334248785506134,29.310028309486913,17.16118237638525,14.142577809090103,21.705774001403405,3.513888888888888,11.776097860270287,6.13514939561996,14.873111505723275,34.6962374992583,18.809283765262492,42.34665629791746,22.869132055321177,63.67200917188123,29.235246402794083,39.55716788712255,14.433797625326779,31.15119630475179,25.773167840906858,72.81675297545812,51.541531931917675,23.77487748447137,10.949742500518648,28.7044365925178,17.076480332772196,6.021341603431533,17.49365065412639,15.446875079293449,17.345089656353338,36.155450332125874,16.69450541747398,15.175478209561929,35.14417230811137,18.615786108545457,26.47740005908603,31.525425144723354,14.274135091895102,6.288898462770604,40.372075917506265,16.329945676685195,20.859858114463663,8.973636375414069,25.508858297326054,17.016226168861138,12.349078993355212,82.47284741489676,16.200163232513244,14.181732777370133,29.106350680621414,99.26326702539845,25.97430487787669,28.137059449058516,32.02646876047396,27.966597829121127,23.854909719922187,36.70473875703548,12.559785119651053,9.313298129026059,48.25397580050327,10.225325993173355,27.321394130786416,33.84054795645862,9.297643817417162,14.724743847755104,23.868309126445375
24821143,27.06472244638546,27.490701877966295,32.973349327616006,45.17080404226608,49.40788689376199,40.444963963547764,34.422805524612784,53.25647451781799,46.9890778531358,44.036586035408085,31.29676472656369,52.55076863108996,47.28517161199171,26.648785287204195,13.92638911016685,32.752985531904386,0.0,45.19971124306951,51.02008326579805,47.42540022466907,50.06434616880856,45.45218046917533,49.7199061202415,45.67554673361281,51.453641586325084,35.73718279580448,48.83503434471785,58.63692075484682,15.816641856374321,30.08445261702505,21.000227858720443,53.976615692511906,38.04932198720613,41.35991007790756,33.59971485484082,65.0247847195515,60.96898905707296,48.6669024847675,34.47353389257218,35.27962595751238,42.36601444021088,32.71948527840173,57.635698019428936,62.50976041961702,58.50235213182891,44.76266001113311,45.837529944347644,21.114178369218177,29.657705484002438,44.36434132672344,38.678904943664705,39.280182540573584,61.90068204070585,44.830267251327825,74.3247214155571,34.863895152119696,85.19630630561154,58.63692075484682,33.15743541858478,45.849819641492076,40.820592411704006,55.88941379352777,102.14819123534006,79.15952238452338,52.009511790296024,42.19564594053691,59.140866158075255,43.22675602278221,34.52182630308605,40.55624172967339,47.67359029128006,47.22476884380115,65.55195721792435,49.00685268857968,44.80033841155149,59.9215971102057,49.51102525069763,52.52091504799961,56.77416467351804,42.09268356833737,30.04551829335213,48.63714566222865,18.51281209829253,21.33769326066171,41.273897983631976,9.77386867092945,48.727266348867275,44.372036968904546,112.68736992350878,40.568591817966116,35.174365883405684,55.13818725049716,116.52191390861836,35.029317133773844,49.297121981810534,62.56038065828624,53.90519604654808,55.039508028424144,44.91326361459022,41.23717627325537,37.45351594431088,74.55386532380847,42.15752369470045,59.81565601720855,44.28612642802285,24.040706288678415,45.128667832231734,42.91585038224124
24915066,21.930219464066358,18.085682049266214,22.358176950092076,10.615921734320711,12.953323287236891,7.282222002565797,32.342013814184895,11.121225207356794,9.672914853346272,6.896025755845353,14.954017676011109,9.22219661553053,12.344050506977858,33.50724495149029,42.20807739719391,13.637268499233318,45.19971124306951,0.0,9.684651763823386,8.096113108716144,14.03491978628823,2.8193299681325263,13.375274172280486,15.017442548750077,6.373249067819213,12.17125666767045,5.782005387419662,16.364919340448225,34.143562746149264,17.125399414626038,31.309096255701697,12.191152240453205,48.32963959186719,4.988755452166766,14.812539501043767,42.98463979010377,17.099339933572907,10.973843672643847,20.122187438381143,14.091980673917986,10.2176463457105,16.656256262442845,17.485615425904438,20.17427150882889,19.356703351859522,13.00152980866066,4.672979209656035,33.33048225283819,16.920484663719954,8.767316976027821,9.874020935002155,11.430791180534575,24.846043734934348,10.50637221519002,33.2858951885301,33.561244655959094,52.405086923274844,16.364919340448225,51.280457974977445,11.675993533080568,35.566840410405234,22.941660615472152,59.2988406685849,40.6709118094097,12.731954464284115,12.274534327212061,16.631797762636214,12.769369787993417,14.474755710397869,13.784368415562444,3.302412510420737,11.018642930028074,32.69455822138113,7.265464834028978,6.520169488418185,24.70242189533977,9.571688361619309,23.121550429169073,28.34210628031115,15.347185206947675,17.479384664428597,37.6330355111181,28.242951723963603,32.899329742342196,5.502219804914227,36.87115179466828,3.9128697703566147,2.5671185018610663,68.85492483947698,13.280482119231454,20.30456496148529,17.883989689063114,88.97906822708528,33.40158549723543,21.508148189058872,19.786134924193455,18.12779066408375,10.229830642811434,36.28792558964011,16.938382854149886,8.726078134838843,42.68343041404881,6.0743350992143075,15.166434831174989,33.78794104447783,21.620402178324635,9.373502016714207,21.548538642451646
24963329,28.659197051161154,23.626626562344633,24.4843207491679,6.846416967731687,18.92128043751431,16.350280947823123,33.75393304752328,6.992810306246014,11.156050648634148,7.0508461234919455,23.218983401531975,14.280342641135093,12.41604953999855,38.48965259150799,48.22217933945866,22.092525165989436,51.02008326579805,9.684651763823386,0.0,8.773700538581195,11.295238820186098,9.482964377675069,20.58050287931352,10.623609656635466,7.018781060695987,18.97741530500499,12.81399861538248,8.706761822808277,38.48750542554262,25.057103694696618,39.28582531650175,14.277101151282448,47.00085171279766,10.886443144499754,23.912985794649426,49.4531209615683,15.98175507254765,5.420347058990086,29.653376354729346,21.487614865140166,19.763716911877673,25.404148049229427,9.005169859411142,11.857450044484896,19.361055526110146,18.0496862255139,11.408846790294108,39.71707425848889,25.17620005844242,18.02532184336177,19.411675497715848,12.181334669735698,22.725991265780813,7.423645444286883,35.37647825722225,43.16638686701067,42.83398441026183,8.706761822808277,59.99281118521053,19.439223108491973,38.55199004648931,29.894420182112437,51.96920087423101,34.97964575698203,6.798224866633615,21.775698828299895,12.646232126515338,14.052232808830784,22.555554857410936,14.324004021461777,10.778959654763243,14.836457151362636,38.91959550581307,13.393711338460994,11.012347517196604,16.24698452553087,12.6437087061303,25.809837391445136,30.891880100972156,23.411402204661943,25.550212188632315,32.530209132018186,34.312661611645915,40.58832865294537,14.648266400189033,42.01327295970378,8.367339972429592,11.978039687038446,61.712051255621965,16.01977386255009,27.8376307292666,8.395740095493117,79.37441552229643,38.701576275041305,15.758124909493441,17.216798630640568,11.349389497911712,6.876290911258442,33.39191611346068,26.487831226485252,14.09467876615865,45.73313964433663,15.217174171662856,15.32253024699526,31.973588068846464,28.445231108913603,16.405931513250557,20.06151804258191
24968124,27.431687891449936,20.632361610772456,26.478412160072846,9.800715699522122,12.06840354853469,11.176526628373749,36.76812076453978,14.287478060210615,15.916131198354465,7.331625178257606,19.326789618957314,12.874927744602429,18.04315362588983,39.15680760644464,46.52641024537995,18.44654851426338,47.42540022466907,8.096113108716144,8.773700538581195,0.0,6.0280060140719565,5.51674778380352,20.55488297115212,16.100677766898908,8.994329762453503,18.545857003047846,10.135453746747501,16.695856226298716,36.97780671557435,19.61392751167968,36.30877216143183,18.207740107337465,48.88192929843868,10.313068228343226,19.684982695598954,42.40089314165781,20.640972837095457,12.56040892623306,24.730110981355036,20.893286045084555,15.277889940317886,19.669554184719487,17.61055155768017,19.063144191948293,14.14229624346895,9.443001888426695,12.533616647256189,38.648874979617226,21.003616909311962,15.603949296035676,15.459255408986103,12.404865691658877,18.083711182769488,8.106556201219243,34.16785734121996,38.03384010831251,47.655036380817485,16.695856226298716,53.21416479523308,19.552774527814133,42.10413249636097,29.16598409276076,55.457310744101726,43.188197295961906,15.056634914070044,16.962963590366744,19.75829959847067,18.37358066580959,21.10196305943303,9.516488971229691,9.089109959356842,18.46181386841554,37.21441267855659,14.443519077514178,3.5827026320472926,24.67420404533631,16.522660016828286,30.561396224817422,35.77013975792091,15.999469114241178,20.061432462961655,34.008327587090946,32.08549530299297,34.3615340098971,12.749040189105854,38.406173169954286,9.612191487022416,8.646468702798066,66.46899758561679,8.7951337224267,20.163820336246385,15.574212394690234,85.50933661478841,40.34513296993579,22.43492783906757,15.653505420458252,19.8085672448114,10.638672804678007,38.23350878163995,21.43261541041549,12.782770874598501,39.8322959395557,10.190871567653511,17.879635316331132,37.14430402872329,25.511919017148774,9.185617775687627,25.23762186482916
25220656,32.19533645772087,24.167169514643078,30.002400504228984,12.042630248855836,15.611497567258466,16.657377092904653,40.11488763071669,17.9180981022775,20.787704797597243,11.370058487308658,24.15682875788449,17.85996359195196,22.512455775247485,43.57583882987434,50.34016802720073,23.496382006675585,50.06434616880856,14.03491978628823,11.295238820186098,6.0280060140719565,0.0,11.538187092167137,26.377728873025937,18.159222090683716,13.689495376953039,23.820007812705022,15.722126348576207,18.330257762391458,39.86522138884723,23.67187048105278,40.93996558758844,23.175626417940588,49.36120650351846,15.598621884833825,24.85197758024888,44.238005023230585,24.32464818985472,15.46916576281982,29.784658724730882,26.357885674503574,20.886522035060995,24.128932951275353,18.849091833576747,19.411037997172688,13.304672920372036,11.82592563002164,18.300403326286606,43.12153893568046,25.657967918607078,21.56018212729947,21.08865316982113,15.398239584865706,14.673450640224543,9.948343934920482,36.512444240196615,42.82137396239418,43.67232657923707,18.330257762391458,56.30239442245106,25.544644570108073,46.71714690425131,34.652574647567185,52.728479183519056,44.93194652576387,17.99992553378321,22.402775581197446,22.938923515148744,22.831511422422288,26.612040137353407,9.889439842992283,14.92216330984694,23.861232355567502,41.860515059999386,20.146563389731856,9.026009987392934,25.04010388798514,21.79947415518134,35.79995348303898,40.997632978794584,19.865711955456337,24.160849190051888,31.431628639183888,35.88558529180283,37.27211654533061,18.653129664663513,40.69901705602414,15.080143744955734,14.66219686836876,64.70287578823162,9.865212283000353,23.019863715868386,15.128445523105745,82.1471220424912,45.46433209888032,23.670798141535787,15.0757189365259,21.765261310152447,13.834203882190987,39.62901946394169,26.646250247570833,17.465957315388707,39.815283531843505,15.860288548272605,21.563852134899804,39.53550766865518,29.644736027660286,13.726058340744032,28.236368693704275
25228908,23.414046526932033,18.375828369432142,23.816618576461675,10.378348324516208,11.30390337217041,7.105487207180283,34.02772130989597,12.48003489949113,12.116223390792625,6.597066394102903,15.593734452401709,9.672407925261002,14.652681303201488,35.30065471293137,43.309661000655005,14.436885008687756,45.45218046917533,2.8193299681325263,9.482964377675069,5.51674778380352,11.538187092167137,0.0,15.454274847292593,15.7090017130719,6.834385725521912,14.049823688008354,6.094903193426933,16.87034394005816,34.82147571386787,16.957316194302607,32.402572346394,14.340498966034309,48.758325797323735,6.374356541619218,15.52812797476309,41.78525695282086,18.396292644738423,11.788872360268861,20.67844926225453,16.087171905409814,10.749084324752388,16.55722147462934,18.01451002404597,20.242755850069834,17.140309970920047,10.566888245112315,7.4733572945392,34.79825547969261,17.450524114195566,10.345217807338463,10.752903497953737,11.550049209005417,22.40039803911327,9.641322939496678,33.13876853684472,34.132860829546395,51.48892883034001,16.87034394005816,50.97659658017669,14.102012678809183,37.963163871656675,24.54414213524268,58.42862085895596,42.131356504596575,13.911016202849607,12.676451090137597,18.034814585801172,14.945747175150025,16.26863188083821,11.98505554490463,4.366871207508053,13.794709561647402,33.609393908788284,9.579843857222762,3.7912865319283493,25.332817880111655,12.165420049399215,25.90900462644368,31.106996623522576,14.157613218812331,17.335089850712578,36.7881505541378,29.101335141463625,32.494187133411884,7.437534374862223,36.90469199097906,5.610358300380521,3.2568443849772923,68.52953629496446,11.050649361538206,19.059626696617986,17.60675262826553,88.61219061360222,35.70627054477898,22.33265313879461,18.215540757864318,19.232241740078763,10.240989047272476,37.39240235546258,17.342629625103978,9.59417240858497,40.998334269808794,5.846436380889207,15.92339100260258,35.35226945087047,22.354340149019315,7.59583220512347,23.17297315383547
25452777,24.156671783726054,25.82135732999634,28.445206427227884,23.027391753628038,17.77565634043743,14.646008491677586,36.55160100126229,17.236921126699702,14.540308433099355,19.810567412748966,19.445536923674798,10.333882981599986,16.906464848377087,34.51335766015942,44.17309387197395,17.94053642515246,49.7199061202415,13.375274172280486,20.58050287931352,20.55488297115212,26.377728873025937,15.454274847292593,0.0,25.323959508143034,14.42762667293794,16.3692479277445,10.926906597951769,22.86268071826326,39.80742216440296,22.825424421026653,31.33366351685923,9.91766101457395,57.1479950071158,15.978168117110437,17.18650861668456,40.88129156472433,15.599288172708356,20.997895357102607,19.09670940290247,15.754547321864642,11.253443917308159,20.601078608161085,24.9723808655519,26.777394312252383,26.279870223183533,22.107917133913816,10.431506436302104,34.18251664878472,20.986180049890443,7.2497943671598515,12.957938233581224,23.15936360198569,33.247853360576826,23.539876879232818,28.288512289780027,29.745004725540873,61.99769580971768,22.86268071826326,51.29030004271979,4.455583263975908,34.47675307849535,10.221382815777263,63.566238418414116,40.23956041288501,20.44742346381946,12.062761047191172,18.77313285208889,18.451859286020774,15.623003273779243,26.802597853579048,11.499700104484237,11.059300544990329,21.714520675420523,7.200780490295581,18.66968911542628,32.25419869309007,10.464341442587832,17.260451906019146,20.80039062133209,19.481678897676563,22.80066187066804,50.14063554975478,32.319110794089944,36.750141723082734,11.647950055028096,43.14290230042007,12.40257417100791,12.76329838694864,70.98665144374394,25.461752342335934,26.044571294419228,28.28322139086879,97.51410154434076,30.96055285897416,30.55654560546468,25.792412076230075,25.446961302013502,17.28791198573287,43.701639938717776,14.537223526179222,18.582956915440658,43.0106575939809,13.767917618708921,14.411600010964538,39.32991816030951,26.236901493888332,16.90102446892417,28.017851452243796
25525442,24.49734393141178,20.02051849411788,16.094345519248005,6.450542700718045,26.87363688996853,20.17628812399527,24.391035258503667,12.536197739642214,11.479046830845753,9.524877973237913,22.71115832300169,22.63362134862863,10.558405922751865,31.63426754310094,42.036205914779586,21.91249504412852,45.67554673361281,15.017442548750077,10.623609656635466,16.100677766898908,18.159222090683716,15.7090017130719,25.323959508143034,0.0,15.893987226190308,16.841618031629793,20.287363037263937,15.133132134555227,31.479961105626142,25.194015618903745,36.17760469727996,19.619913873617367,36.94000375678135,12.099236618988073,24.763293459228027,57.44625704934649,23.324132212646774,5.979890548872945,31.464549528174047,19.64761094739519,24.29752233946364,26.838181945709188,12.838291504635077,18.455726011348496,29.182335231798977,24.241013483224616,15.220629126958194,34.218366062156136,24.491093963877827,22.468469205514847,22.019013119926836,8.399538374098851,31.90498345496795,8.730460265742904,45.24148417355955,44.62250050165732,44.00568377018624,15.133132134555227,60.491072295437235,22.515742036534846,31.421793999556016,35.46505865619749,59.09627392515314,36.43870353959178,8.905149418316743,26.31462307833996,18.057770247524957,9.625432817078917,21.39073325970279,15.2487269458597,17.642440359786015,15.878285688511934,46.16386297633636,18.791475003438595,17.091545603673442,14.547396148241704,15.905924239591107,24.910541494536414,30.314496515357003,28.68789723557574,25.794568926589925,26.073898121786588,29.154559600965115,39.77836973757964,17.23769889593328,36.76426645207218,15.194819957812786,17.296305787004087,68.15364477911176,18.915249941167037,30.71495692370212,10.805648560652273,77.68267608202814,33.10001001911187,6.87168997580869,27.726499452463397,8.972796784534816,16.893322639612318,22.84446523420355,30.584341171395184,12.714637572110208,55.527132547787765,19.853099394189197,24.160693934324243,21.796569297614322,24.96200582272742,22.938000834283066,10.55453283027279
25741269,27.739476721979404,24.149400701368574,26.623299237132322,11.938026640899135,14.220860897498955,13.027524615380228,36.08830811736931,7.328258980309438,10.489425086097125,9.62831178035213,21.290831142165374,7.337989305055905,12.9115397325849,38.564521985239914,48.17090846953726,19.93594474578499,51.453641586325084,6.373249067819213,7.018781060695987,8.994329762453503,13.689495376953039,6.834385725521912,14.42762667293794,15.893987226190308,0.0,17.68359905347982,6.608053788040124,11.207363233140367,39.90517819679863,23.372945820582956,37.41217544524174,9.525491915849006,51.83934417924822,10.360745643801163,20.892005317767282,44.08229642533937,11.902495978240836,10.246755680747174,25.6302258639229,19.49793751934033,14.776706589087398,22.6694866454192,13.283378104670991,14.654311157712378,17.031475565016947,15.892588915219669,7.578816178385233,39.06453158132435,23.256143521296355,12.581342436890175,15.63510434778196,15.328754812288723,22.367476898236998,12.115340632447177,29.573784711596296,38.763522432546374,48.36110049594218,11.207363233140367,56.9744464043559,14.281676794465755,38.77286176473101,23.180728599268097,53.26663671597582,35.889173809805285,10.28555641188304,16.67686174540358,11.702596843839496,15.107295066992572,20.130824865429016,17.16289643344426,5.212731955060069,12.15785816198304,31.922907466830466,7.649102878949778,9.71068806373317,21.535839606183284,9.189640678818185,23.337810266920105,28.102862633237898,19.434261474416996,23.712615947028617,39.01518077975889,34.34176094968817,39.036990369172855,11.312720748623597,42.98579273022527,3.274862506696434,8.02427018629168,62.54253324728896,17.051490580198912,25.484035635625244,15.008890562439886,85.1664959328901,37.643560534194826,21.41304701104248,15.231197060301826,15.915808071600294,3.981768036688553,38.225850692960925,21.32433574586805,14.363712088854198,41.30336812834153,11.468143890567678,9.898730152841297,35.8065120223226,27.878134898986083,12.592126024755087,23.486014967469554
26161117,10.125579298241933,10.878502972780579,13.308517902150259,15.931594749598322,22.196563625258456,11.55421180894803,22.65571279446274,18.684850239378108,11.906065872496153,13.555376606561257,8.54461207074386,19.3833752233483,13.001997481849154,21.440599294253552,30.687991970747618,7.5156753414611535,35.73718279580448,12.17125666767045,18.97741530500499,18.545857003047846,23.820007812705022,14.049823688008354,16.3692479277445,16.841618031629793,17.68359905347982,0.0,16.247428722491353,24.974625559596358,23.963491141824193,13.183512372502033,20.901528436670155,18.307383930911666,41.56105865731025,8.597924813176293,10.043704760621644,48.7893065684076,25.4202774825069,16.541478792029334,16.29644432011551,3.028987527320513,13.464229190121703,13.974371807227564,24.8923436267383,29.413748598945045,30.94797596630159,20.869154192644785,10.744843226678071,21.384907876547572,10.252044105699921,12.21081448679624,9.557837017911123,12.007110999614689,36.25476345392829,16.627173455231418,42.83616151827411,28.522401085257975,60.156357961299456,24.974625559596358,46.30051224306236,12.06112798149151,25.37498229517399,25.56984779832772,70.37841101148369,45.37334909598274,18.650410920479743,14.822230901878946,23.91619689103288,10.13032027287779,4.595718309472608,18.249697189142747,14.437957415085233,11.640543966251395,37.172737585846335,14.003118338046136,16.13111820068762,29.58098570020873,13.786239282864752,20.277347415817477,25.642472484210256,19.82944505790551,13.493889864902595,38.1631301119574,17.56187244606408,27.474941612474023,7.81417573847287,28.383085206834092,14.524239046089198,12.23724841580476,79.11867674032305,18.634572738298075,21.183577234127654,25.210110559040977,94.42703438381847,22.000958188963327,22.360420752552475,31.956952952248113,22.161925763487513,21.376311515875884,30.995183200984954,17.478546217671333,6.833490370690333,52.23087482407725,12.308581431241858,25.000893341986835,27.44647472199795,11.968755693279718,17.75520432250871,17.10254602646492
26211895,25.592792921142504,22.53208213364399,27.689308085792433,15.729362021315588,9.276217571070122,8.65486765065767,37.473034182454235,13.229952597694865,13.383452530315706,12.183443940839373,17.740719345317235,3.9812675747557957,16.25584326221948,37.5581750360685,45.92978774887591,16.37754823938692,48.83503434471785,5.782005387419662,12.81399861538248,10.135453746747501,15.722126348576207,6.094903193426933,10.926906597951769,20.287363037263937,6.608053788040124,16.247428722491353,0.0,17.735826887407548,38.80123695110327,19.47141846312634,33.718618330866384,11.465466116496385,54.083566766323784,10.615127829795227,16.39838386291548,38.46801462544673,15.176684881595245,15.43941973360894,20.045665551698136,17.39428518329768,8.792863092213725,17.889306650571037,19.851400533949228,21.044792203042018,16.48898850058337,12.573409288402859,7.519236795189024,36.855340715235116,19.513659750931645,7.391041576291693,10.912902128862045,17.124707411684586,23.02682896006912,15.358970135021892,27.773135810141238,32.818582086150364,54.401237725602485,17.735826887407548,51.30452642984035,11.214821961163121,39.35546902578947,19.03699130935537,57.74158095943939,41.193163128721075,16.14261683087567,10.477985337850379,17.04926682715161,17.539653221093545,17.280461897606923,17.898581061847526,2.6946479417144666,13.315243560861202,27.61868860529214,6.48693522608537,8.670977619349982,27.950402558034245,11.09341932476931,24.367216436516344,28.972901234863517,13.73070213671262,19.658508690206386,42.70940154912332,32.20755201470604,34.57999300285521,8.515910527412245,40.87239421384586,5.652285699983687,4.907857143769273,67.18779876307059,16.201489226802185,20.67905019778399,21.155610057615768,91.63042679981207,36.56703522236825,26.47767779107493,17.02016870386597,21.82954614415044,9.913948912662349,41.83864474582563,15.017486477587,14.049909890607685,37.85220746400057,6.932830072598169,11.907239128807598,39.06394998153632,25.310742996232563,7.884791543882351,26.785881171289837
26467429,34.797465826674504,31.386645094800087,29.549900089129068,14.52170487640054,24.66122721923181,23.574714736831478,37.39328689050681,6.624092408378083,13.999888029160546,15.392162026630073,30.529320483898427,17.298487359058488,14.365930654174957,43.282064106977344,54.56581017185318,29.235246402794083,58.63692075484682,16.364919340448225,8.706761822808277,16.695856226298716,18.330257762391458,16.87034394005816,22.86268071826326,15.133132134555227,11.207363233140367,24.974625559596358,17.735826887407548,0.0,45.32238172702868,32.97382697225699,45.83137889075184,13.742526748022666,51.54664917742101,18.10200508208225,30.843964457920386,53.87214317855646,11.9495250200569,10.210089418560566,36.192685012706484,27.08188229787343,25.751447365538866,32.95724842887168,3.63455154361691,4.658691057246003,23.074493799262058,25.566717454927968,16.14682511694866,45.5338846163791,32.560344804160124,22.978468749527693,25.98221573222257,19.835376851930718,26.05838255972625,15.699331156317205,33.91571067407574,49.37498072069437,39.393650234304964,0.0,67.63244079653985,22.711882474217816,40.517551411077434,31.005475646288623,46.202282276679405,26.700804086319497,7.282358414545195,27.706201817068408,6.859622008743433,17.70172473275233,28.424377496835334,22.901943230728463,16.242047639522834,16.928409737839146,39.319009175593635,16.45884976646286,18.993500231276567,12.01108955046748,14.290322016155075,24.80561837484766,28.935927612653682,30.4153107686009,33.41785570785058,36.92217546976503,41.267707862110875,48.73396603259653,20.897481021063616,49.83935098371122,13.288903143658255,18.639522369614816,54.52783425278042,24.61764901434207,35.8479021453799,9.064013183115835,74.88014091171691,42.03776144817852,17.199880359913116,18.09589838779878,9.499325692837303,8.438075022108567,35.52676297629668,32.3193431373288,21.547587225614397,48.3152401011886,22.211467764926685,13.480197766376683,33.66839969697213,35.714505282503424,23.326844396945166,22.670654597555338
26839078,16.28547809783305,16.819353416104917,17.67673108230988,32.35535215215157,41.75306407169419,31.40482953388994,19.22061267241572,40.16535653071113,33.807475032876965,31.943783934639605,22.77878501753331,42.47776996800415,33.517509408727896,15.341577196067206,13.350822839290135,23.862048370384205,15.816641856374321,34.143562746149264,38.48750542554262,36.97780671557435,39.86522138884723,34.82147571386787,39.80742216440296,31.479961105626142,39.90517819679863,23.963491141824193,38.80123695110327,45.32238172702868,0.0,23.446873125749626,18.21108493410101,41.91647479661189,27.262214865542383,29.553310080528103,26.004053886371768,63.94498306650022,48.80437669739073,35.188855101147865,29.69345111230961,24.130388805440933,34.19624773823877,26.723978968013057,43.86688155144072,49.24473901761955,49.97307766141633,37.225876206947774,34.19953070133166,13.508444825264759,21.96803573246596,34.97548446474433,29.91115871205007,26.5188514423981,53.45692850374039,32.59169808519589,65.94894293450106,35.48602221495537,71.91982491996109,45.32238172702868,42.70898627549658,35.48753338908844,28.01067679268839,47.69482587168712,89.82277472542808,64.34773391017745,38.3236584777157,34.73815305600381,45.89501004066365,29.285671950583996,24.29011498337569,30.24783036893822,37.024346737542295,34.62522749706883,58.850631290178626,37.84942126312518,34.85592556330989,45.17472589153143,37.1094612566847,39.717459125364506,44.30379410248066,36.22033799080826,23.693803540235045,37.00514639040089,8.797692302541991,24.423629375565785,30.667926154708777,10.247115607749905,37.20137624922352,34.0532875812202,99.48532675495562,31.63474549845363,31.32594132148049,41.65843303640296,102.42469604238521,24.550463017527797,34.27468151944373,52.524944214158324,39.39679578754619,43.2081041032981,29.57151685955592,35.3349952240199,25.588673896346076,70.33584334729342,32.88669380184439,48.51482980094509,28.63300857695908,14.85101795753409,36.86742879095302,27.468270047001504
27242492,14.27445071383898,9.074610458274034,22.004117840509753,21.554712902748996,19.456938175926297,10.841624714325844,31.365477109296506,27.560511054092768,22.910453703252774,18.53330101391262,4.996980622426816,23.1687537847898,24.70708857691956,27.22548650520516,29.962798482940354,6.136018742645836,30.08445261702505,17.125399414626038,25.057103694696618,19.61392751167968,23.67187048105278,16.957316194302607,22.825424421026653,25.194015618903745,23.372945820582956,13.183512372502033,19.47141846312634,32.97382697225699,23.446873125749626,0.0,18.23564446703255,27.366469197973572,45.038125263744355,15.24214879011795,6.399102172615112,41.25032231279037,33.490320095398914,24.842291547039604,10.384339538331847,13.546458834359306,13.069186522643113,3.8633478276519626,33.296302040003766,36.6978901281823,29.4195033444396,15.92185462015825,18.91328713964646,23.361671103918844,4.255978827487567,16.021293731211927,9.974596676042681,17.155295811994367,34.176638932307476,20.655955635456756,44.64636552563197,21.905027760479644,65.2421065534557,32.97382697225699,35.47397936242219,19.85965149683543,35.93431453824551,29.88496294294189,74.91631695067869,56.65525731843588,27.906915005816426,13.128379942924735,33.31010197339109,22.14744894902108,11.96768220833521,16.930544024476873,18.894140812392852,23.008071836882436,39.113400139861625,21.413867446313017,16.29220916712815,38.84935941907829,23.869576433510435,32.5972603422156,37.6466450877583,12.846036787936768,0.6932736195099566,40.0910894656837,16.37361201612355,15.85221163233584,13.63982818058123,22.615573596555542,20.89922026433708,15.522475326433613,85.44642127725953,14.783597357806634,9.342193660079976,31.801541076531187,101.42888238474376,30.354941937022378,31.57399808975577,33.39020609950471,32.088535369075906,27.106539115311595,39.576737887529106,13.831144740034919,12.82012532053881,47.072236557714724,12.586726557198476,31.17452870003685,37.55378817667017,9.641883067684917,15.209283811198565,28.08428871677673
27688791,12.060257404942456,18.63816073621318,24.432617948143484,35.292898985785534,35.781726502931804,26.4369978748887,28.492192789625037,39.49621726552003,32.576423494941004,32.93914683022219,17.02659843330968,36.751337678387586,33.36564134218509,17.079186680939085,15.440887573915392,18.013982860953856,21.000227858720443,31.309096255701697,39.28582531650175,36.30877216143183,40.93996558758844,32.402572346394,31.33366351685923,36.17760469727996,37.41217544524174,20.901528436670155,33.718618330866384,45.83137889075184,18.21108493410101,18.23564446703255,0.0,37.449984332848686,44.9116740880114,28.42074100350127,17.76425377412536,52.183398134045724,44.768846049229396,37.13651424434773,17.354851020415595,19.00625993644323,26.245460248840548,19.066626406911126,45.746656941754765,50.22067081471595,46.77326500268947,33.85032028908248,30.600495194072415,9.80630148184495,15.489157164608475,27.45552693967397,22.945087509450175,29.922067141840593,52.10156158723721,35.35304361424367,57.073757339919375,18.611426707311626,79.56394232544882,45.83137889075184,31.1451940074988,27.810496354488055,29.203467050185054,36.09362463412375,90.59611256695786,64.77498336076788,39.51250198583379,25.819477302286064,44.368949426222905,30.09073146637359,17.712917573894817,33.257230301799616,32.963117810525816,31.157001971390347,45.95591831931365,32.6819636499739,33.07677467588374,49.8061804623171,33.639963706701316,35.055856828198955,38.75010697812751,28.883908487353626,17.93546645316764,50.36274031707268,10.719770954223492,17.490285204381667,26.127449385007235,19.177005934564658,34.26827238606954,30.1559086503891,99.63858126010763,32.376530015103135,25.271478357603907,45.404376980414476,113.0158581070527,20.634651112403432,40.896698030104574,49.90257278254894,42.56646389561232,41.3475322378767,42.029478236308464,24.184695238063274,25.46335102825513,61.92834486694428,27.984998613405185,43.77197951609333,38.59913494218438,12.30324745582172,31.993326923231958,33.43990192593762
27803655,27.803023666500735,27.845361006521024,27.305215870464227,18.41579229617047,20.412021580431468,17.785322205414587,35.185629955470766,8.74583985493956,9.378180329859157,16.502806192366897,23.900081720571585,10.213757487959876,11.231856616433731,36.94057886365624,48.31346718163695,22.348143410334757,53.976615692511906,12.191152240453205,14.277101151282448,18.207740107337465,23.175626417940588,14.340498966034309,9.91766101457395,19.619913873617367,9.525491915849006,18.307383930911666,11.465466116496385,13.742526748022666,41.91647479661189,27.366469197973572,37.449984332848686,0.0,54.54576060520193,14.806704180237073,22.945530841994373,47.31722730676428,7.491988404998434,14.49089481271252,26.897889953153335,19.040640961649704,17.215109642404254,26.201594982072724,15.929807075498557,17.720598618122793,24.848636518773127,23.73520591863488,8.853040524622726,38.32556443014099,25.83871150707169,13.085134807635875,18.039152430426526,20.671626023343677,30.77183255856475,19.531816712623034,28.97151814695337,38.845255534634084,53.12104775214542,13.742526748022666,59.47559621507706,10.60707311184381,34.46406418614675,17.981626425017534,55.95319472559185,31.232888648559765,12.412937078136249,18.843306612206696,8.892791752445042,14.675906180615293,19.983329787294085,25.221423514180017,10.70213689279025,7.807930629708262,27.99990524765309,6.199146835460772,17.994460953304493,23.12055362658948,4.918116057584929,15.197736673597156,19.241004391663132,24.58193585232729,27.581288584584833,45.24278948075593,35.837238311474124,42.78511715538477,13.769748810871404,46.41364606064387,8.847106417060804,13.423500182249677,63.03994273605656,25.28674461120104,31.02076629183693,20.502767359255557,87.91222895593081,33.71412908559258,23.6978849703115,21.9147136544426,17.00774514924681,10.780246704424925,38.993076308493535,22.67481594426973,18.40281791128637,45.81058829572045,16.467900474308983,8.81628845653092,35.053219767451765,29.995583008169717,19.239284878722188,23.45548976252681
27812501,38.640498508689035,36.19603305375831,29.082914138953345,40.66739042514198,58.45725468237454,49.1280465587396,25.10974200581551,49.14648905060387,45.18130438908727,42.93806581512205,44.04189943962454,57.41462180114323,43.52241835363038,34.23801485045028,36.8672091581545,44.5904270057549,38.04932198720613,48.32963959186719,47.00085171279766,48.88192929843868,49.36120650351846,48.758325797323735,57.1479950071158,36.94000375678135,51.83934417924822,41.56105865731025,54.083566766323784,51.54664917742101,27.262214865542383,45.038125263744355,44.9116740880114,54.54576060520193,0.0,43.5235371091951,47.71191462712035,85.47795037318103,59.61621300639276,42.84611428141773,53.370655970435244,43.10544445384812,53.4475443776419,48.68265603846422,48.52249414110048,54.07754759459931,62.37182224792151,53.04073905970768,48.52103267908566,37.885558667592,44.20426212621874,53.10937712042186,49.35567291588265,37.243854444425466,63.507787021322656,41.44387644029611,81.31410029196928,61.8886986485268,63.524933237722834,51.54664917742101,68.6215214914793,52.93798258339658,38.216858086006674,66.76939585036114,90.41106127017866,65.4101928856148,45.479145206312026,54.776026336568904,54.089863413579835,40.01844019393504,44.432507864198264,41.197159105542056,51.59084932497256,47.92891790999129,78.6085808267255,52.644712793631676,48.69548875409302,44.939514906149135,49.88958725428917,52.00895307540808,56.38143533114424,55.82943771615902,45.56942425963455,26.85721504549569,34.74973400516545,49.336256951657774,47.41682192979974,33.2682185686231,50.23998116579279,49.53185482956542,99.43521334463242,44.99906670983569,52.11487413667253,44.98435328885286,85.58948533552471,41.825859226081654,34.8509648656406,62.97613147927295,43.132831727577376,53.54518135445048,19.936398872414244,57.13689002022627,40.48531192012124,87.33847949214595,50.013915523899406,60.67109268509432,24.876408579816683,38.273162921295125,53.50365400358687,32.005624505702116
27857211,18.181492381744736,14.01386856151838,17.513318598318598,8.666442123129347,16.90993547606736,8.327994947304838,27.679791298866377,12.561031846938622,8.74664187253166,5.366108601438281,12.568392202661247,14.06455551212261,10.743383771612287,29.325451442037668,38.14804825998909,11.408767615959059,41.35991007790756,4.988755452166766,10.886443144499754,10.313068228343226,15.598621884833825,6.374356541619218,15.978168117110437,12.099236618988073,10.360745643801163,8.597924813176293,10.615127829795227,18.10200508208225,29.553310080528103,15.24214879011795,28.42074100350127,14.806704180237073,43.5235371091951,0.0,13.588278029698076,46.49768572026831,20.498860587713782,9.957756258284038,19.917330307319393,11.182066408678192,12.283042288305769,15.792568534898296,18.262464540890974,22.156629181233907,23.428058624112076,15.213441358200342,6.312385787323987,29.48478009575491,14.573874630990664,11.090535481427086,10.026359711269002,7.280888793000378,28.262744054407015,8.99185544279923,38.19701832274923,33.36899155585101,52.83785035153197,18.10200508208225,50.39890871294415,12.998965093115936,31.973581766915125,25.957910478340782,62.46447348248392,41.76771966730795,12.683479214885043,14.261378806336456,18.685700832515213,9.565449508796444,11.996076894845158,12.163283579334696,8.193299955022011,10.844744848301241,36.50906540956583,10.386171513892034,8.669997459578134,24.136342406494077,10.791866531916108,22.666757484620888,28.219298553401334,17.35817595867169,15.709013560009646,34.49389059936629,24.16727408294167,30.992457454894105,5.46502483667973,32.91340362593238,7.7984070278185245,6.24801662956243,71.96420222664315,12.809385307318014,20.380970067875612,17.888591963264105,88.53862884616748,30.067732113583926,18.751177229578335,24.04435761467645,17.200673103702705,13.844465586315135,31.979957222278802,18.499480926320835,4.040858525856231,47.06848086291829,8.134109956019493,19.42098775584685,29.572626938711515,17.946006764295582,12.48784096933669,17.604654200119704
28334999,12.772512644282875,11.990464141797522,21.683787131560184,21.594987351809756,18.238127237485735,8.90110201187885,30.781619667928574,24.85458344499548,19.64216665095278,18.158337074800606,3.7395826164727017,19.6592489032206,21.62252673953421,26.00802363403863,30.981577912279423,3.3453759179918348,33.59971485484082,14.812539501043767,23.912985794649426,19.684982695598954,24.85197758024888,15.52812797476309,17.18650861668456,24.763293459228027,20.892005317767282,10.043704760621644,16.39838386291548,30.843964457920386,26.004053886371768,6.399102172615112,17.76425377412536,22.945530841994373,47.71191462712035,13.588278029698076,0.0,40.46696223686353,29.487702825575887,23.498989565808664,6.8512367496994635,9.395698630092319,8.918109650512383,4.836731298415398,31.54145598391214,34.89071673278872,29.18872590549715,17.101454282080564,15.281243445058964,22.766983892372643,4.308699884956038,11.06915335444012,5.512385075659684,17.820181991807914,34.921826382356464,21.190453843406907,40.95198558009311,19.984737940911145,65.9281827808152,30.843964457920386,37.51054482733441,14.176149075626258,32.98157822583988,23.995235093441835,73.67031044133637,53.00601396388781,25.832109200543602,8.927637747633351,29.93921012845681,19.581694132480955,7.329988141677275,19.65043384983806,15.998051125583272,18.642513636225328,33.889245891012266,17.090785103404826,16.21693833780864,37.55629674018195,19.724184897077272,27.366102499498748,32.122991404870525,12.614424886895865,6.207045064660156,43.43728782804249,17.986771969855706,20.01031127168047,10.035879117721239,26.91572407494309,18.03807503491072,13.075321995453137,83.30237043966046,17.670259072564814,12.974193823310944,31.352158295699294,101.92731422744795,27.108342600795265,31.082737161513567,32.251200496730284,30.338261049619955,24.84502947585125,39.95346476095945,9.589993846598706,12.161558913818228,46.41912567851931,10.41194369119289,27.457832453851722,36.90352922976837,11.15924980494434,14.386512653885564,26.87970539443286
28443010,52.886369935929615,49.999445066340215,61.39530488873966,51.61417741917037,30.715153019316052,38.641022179043375,71.07490888499527,51.183166803972945,51.457166296533025,48.00554530119082,43.44978603226948,37.98870407736228,54.351331130384644,65.57202965185964,66.9327357211037,43.19173741070802,65.0247847195515,42.98463979010377,49.4531209615683,42.40089314165781,44.238005023230585,41.78525695282086,40.88129156472433,57.44625704934649,44.08229642533937,48.7893065684076,38.46801462544673,53.87214317855646,63.94498306650022,41.25032231279037,52.183398134045724,47.31722730676428,85.47795037318103,46.49768572026831,40.46696223686353,0.0,48.208016482983346,53.2500612681872,36.38632036932154,48.41287792489921,35.668473474484436,37.98622456922948,56.6326557811924,55.34438683232614,34.58591133912615,34.535199434779585,45.1269230468184,60.747857758296476,43.36490018322693,38.683106496798395,39.24595910565124,51.61496579362957,38.47716654951365,50.0494275434678,33.72108267732129,36.867556668348364,83.1835835452439,53.87214317855646,44.93838238972956,43.163603494919954,71.69231041332645,37.572404175878276,75.7237083085608,74.87242483050753,54.30195668153297,34.131534285072235,53.253234721566436,54.88808816330025,46.58107262108304,47.16609167698371,40.941228060778215,50.09474803528148,32.448206767847424,43.23765576477358,40.638905312520414,65.12050368355577,48.50856364511123,58.035878558009266,60.83984097612353,30.185949881491783,40.849642219483805,73.29140468022155,56.263022046397296,43.77940440435434,42.815707466348215,60.16512438960494,44.09195372019581,40.70744491402735,86.45424337964626,42.57935558457434,33.64403874974914,56.84603803974668,122.80667734288718,65.00155767364349,64.08772912807403,39.96659255816111,59.94752386282481,45.57159293512383,78.09980793830418,32.11023634460682,47.84730245517768,18.765127231116765,38.41697706723067,43.41670851771696,75.65893579708629,50.14533876642973,34.580828778504774,63.95842399559263
28480365,35.14916437131004,34.265419207372474,33.71009240003516,21.901148163174394,22.612340052901168,23.121026194901475,41.43572854805438,10.805722254474883,15.406854170714205,20.610017704686776,30.543164662846284,12.483096313132757,16.793029843880124,44.21792590838684,55.703868818707214,29.012795545829217,60.96898905707296,17.099339933572907,15.98175507254765,20.640972837095457,24.32464818985472,18.396292644738423,15.599288172708356,23.324132212646774,11.902495978240836,25.4202774825069,15.176684881595245,11.9495250200569,48.80437669739073,33.490320095398914,44.768846049229396,7.491988404998434,59.61621300639276,20.498860587713782,29.487702825575887,48.208016482983346,0.0,17.65632820954039,33.11678594109918,26.378906493994965,22.617485072425087,32.19055261642015,15.127103738155276,14.323600997350013,23.654347906062025,26.687982478620402,15.186981854517512,45.77674771105273,32.493752697014,19.03103638753927,24.228863817474508,25.614915504594077,28.952997480401528,22.82896596467006,24.97949448765574,44.91321155344444,49.56527998718177,11.9495250200569,65.38146812110541,17.533632975580367,40.86536907793147,21.013978625382638,49.09996870974225,27.257655196363476,14.688613027330968,24.127191386142183,6.898782129273006,20.729510517858678,27.25703588343809,28.88850926161017,15.056260009154245,14.995085060476178,28.414716583659892,12.425871185200544,21.458688917905626,22.59038392361198,11.90654193082913,20.33263517657251,23.20500886784849,28.67883778333496,33.72034722004717,47.74606326104067,42.97898767775785,48.97992059754806,20.125229878404873,53.08282993096583,13.238622454597444,18.383797323111583,55.82231154038783,28.941928376200035,35.841525853979334,20.581710298267858,84.51863415774217,40.84548324321481,26.51111791242454,18.792119813795523,18.523087399346817,10.530077484416628,43.29305266182034,27.99144487215616,24.413099020571032,43.96106738713457,21.54178613468771,5.091366967188332,39.81261854397524,36.96540526704566,22.745267162477216,28.477272963642708
29343693,25.781010849772,21.721175238479088,19.943430521866713,5.6485351102752155,22.624724172746323,17.469096918709734,28.70162162138207,6.897529719032989,8.200085447958763,7.177042719538116,22.28400590042132,17.251209804056845,8.401601810543596,34.35611836299149,44.91771899135883,21.19250837873053,48.6669024847675,10.973843672643847,5.420347058990086,12.56040892623306,15.46916576281982,11.788872360268861,20.997895357102607,5.979890548872945,10.246755680747174,16.541478792029334,15.43941973360894,10.210089418560566,35.188855101147865,24.842291547039604,37.13651424434773,14.49089481271252,42.84611428141773,9.957756258284038,23.498989565808664,53.2500612681872,17.65632820954039,0.0,29.750770462899354,19.146049432693268,20.98127461154232,25.663795416733947,9.024904937592616,14.085711456328125,24.599126034757386,21.32043818323044,11.146240842976468,36.376612636093405,24.252593805051536,18.754620591899634,19.64008488685177,9.96193051993352,28.005381103364826,7.759402361076009,39.31990034768434,43.15276399238928,43.99244053252206,10.210089418560566,60.22917291307475,18.953607894703982,33.70560666737633,30.88218039934931,55.41506358364368,33.91360756616894,4.095153726593102,23.058076929505773,12.943350639366969,9.573939140312048,20.662989532706902,15.354310066327704,12.916775848446079,12.63322463032282,41.03018522862922,14.037400095297185,13.853566486168063,14.223706098944396,11.52621695948163,22.833137406653584,28.126862359260805,25.759616173231088,25.37051703922125,30.786618271123317,31.535652926470547,40.31489634934318,14.437129130400187,39.83510727772144,10.063791698960985,13.502746974573064,64.41635063417108,17.933800587518142,29.338555162344992,8.921265436760015,78.98064546709544,34.60973821609575,11.213390985833284,22.542826008848337,7.779738753930535,11.008304026595974,28.391701758954053,27.599439952620706,12.4213339941819,50.65996313235792,16.682967965185917,18.2259915659273,26.630971601407197,26.34487277179352,19.34243803291407,14.688362333107598
29563830,16.866851985135483,17.808631063074312,27.791550642035173,28.044003458730177,19.96624706787496,13.689225008918907,36.13272529507334,30.241205708479594,25.343583758317116,24.404598227758413,10.024055792431183,22.611823109476383,27.476147026504215,29.196796527021533,32.249310532562816,10.105963119587322,34.47353389257218,20.122187438381143,29.653376354729346,24.730110981355036,29.784658724730882,20.67844926225453,19.09670940290247,31.464549528174047,25.6302258639229,16.29644432011551,20.045665551698136,36.192685012706484,29.69345111230961,10.384339538331847,17.354851020415595,26.897889953153335,53.370655970435244,19.917330307319393,6.8512367496994635,36.38632036932154,33.11678594109918,29.750770462899354,0.0,14.86016775006747,11.290740974711715,7.217998512517716,37.30316453166505,40.13073258711794,31.749918231872257,20.13651143141729,20.43587189605573,24.660168765551333,9.368775287299098,14.119672025246158,10.296350495814375,24.575995664523255,37.84753342204348,27.492695787735812,40.77225277704016,13.566580284412215,71.88699611640494,36.192685012706484,32.61543913011974,17.16994652414771,36.80110543256277,23.04621718295704,77.54206127348333,57.703416796745266,31.76340375177174,9.981136484845184,34.70674286433905,25.812812997614607,12.549059622899282,25.44334429195426,20.44776116203039,23.566139882473376,31.47294605036207,21.127646506923735,21.163929019457676,43.79236539102042,24.501386155649428,30.918836759177125,34.98793759869547,13.094722967474368,9.799585083474547,49.84540846258071,21.15164388088253,18.48422697803252,15.5625907532237,29.224669124632268,22.975124778951077,17.984182389813657,87.09995958069612,22.671339618833233,13.285472510010434,37.47799457739574,108.37309531557995,29.601378221758512,37.80080188765632,35.45188063787883,36.54026664822171,29.497351749817547,46.380392751226616,7.139368654225026,18.93270937123209,44.846835538809096,14.933936998330728,30.65424722156823,43.05222250982615,15.366343983205892,17.489604065588264,33.361484646894695
29763448,8.876689400442833,12.264790190415518,14.65450154582877,18.85919813145346,23.19144885290954,12.73334353636975,23.153661402911183,20.61648655873756,13.633369168659554,16.34171509733156,8.573111909556879,20.27425591598645,14.729593571557388,20.282839915949456,29.535938909112033,7.584346527077884,35.27962595751238,14.091980673917986,21.487614865140166,20.893286045084555,26.357885674503574,16.087171905409814,15.754547321864642,19.64761094739519,19.49793751934033,3.028987527320513,17.39428518329768,27.08188229787343,24.130388805440933,13.546458834359306,19.00625993644323,19.040640961649704,43.10544445384812,11.182066408678192,9.395698630092319,48.41287792489921,26.378906493994965,19.146049432693268,14.86016775006747,0.0,13.496093017943052,13.870341954091911,27.188002698578117,31.590665156649827,32.63945107557805,22.449896660837986,12.185480402703163,19.861454283489515,9.97857787767903,12.179905544390058,9.710409625429937,15.03024511595103,38.27101751839117,19.544803754641144,43.01965860420124,26.419809628533056,62.95616832307677,27.08188229787343,44.94521037981011,11.375681592205488,24.422495285316803,24.26384717713559,72.42166194821522,46.51186847961518,20.9147442891281,14.550220298153006,25.38986756986271,12.141362151633537,2.33145192839103,20.96245498958536,15.902758462227014,12.38567421761107,35.98720471453993,14.773516051346844,18.268338424334278,31.965966984708746,14.809790049804358,19.618499038579607,24.691197240988856,20.294762291246094,13.717009364887351,40.97717170356008,17.08515968883126,26.976801400203254,9.109654394164066,28.55744367289943,16.247068586523188,13.835770115374105,80.87981138751033,20.967224808723333,21.67189851280503,27.92553697217558,97.07714042665059,20.121050081409788,24.925888858388653,33.7372586335731,24.459601782154255,23.26602116191616,32.742385160648126,16.53719140127412,9.715547634799062,52.75834925050119,13.549482549760162,25.99065010999447,28.763475449274143,11.764427269153115,19.02708498243892,19.01385676214043
29904344,20.356034117676263,18.58643188829418,26.496786193754073,20.06447882845693,10.836541191727182,5.457393196011055,36.11700385037535,20.2838721203055,17.25003187338187,16.108334059619928,11.533382255435741,11.446235039012212,19.947416320590015,33.17641635373123,39.70681441655967,10.343412423158787,42.36601444021088,10.2176463457105,19.763716911877673,15.277889940317886,20.886522035060995,10.749084324752388,11.253443917308159,24.29752233946364,14.776706589087398,13.464229190121703,8.792863092213725,25.751447365538866,34.19624773823877,13.069186522643113,26.245460248840548,17.215109642404254,53.4475443776419,12.283042288305769,8.918109650512383,35.668473474484436,22.617485072425087,20.98127461154232,11.290740974711715,13.496093017943052,0.0,10.429658343060222,27.348950057581323,29.42865557973672,22.06945972677127,12.938315191708696,11.131642708412587,30.959041041709,12.827362728476233,4.502894799568303,4.369327226034149,18.72405960691392,28.623749096609952,19.52564088511023,32.1420241242377,24.108199976822178,62.11335260174394,25.751447365538866,42.90271800021014,10.220404427744858,37.430973901080435,18.04121823923084,66.32827451396577,48.27463101878667,22.489197228456074,2.078853687266429,24.513018193234146,19.652537297311568,12.256160466792,19.491395275759977,9.581503418369827,15.985600798601519,27.142278189314222,11.136359925787879,12.059462052678802,34.72232711095269,15.563540656266639,25.83770887675608,30.360274208247855,8.82489903484491,13.006856733715981,45.38050242119405,26.568032992039807,27.052656985959807,7.464668541344717,35.28101499253659,12.50934688492033,7.833923483341992,75.83466356717821,16.846246013763498,14.814137267564758,28.04838749048377,99.13445415192439,32.627021010199506,30.85238648899167,24.65414736405461,27.856159413744578,18.491351563491186,43.339820027314374,6.73426722291192,13.589790901753489,39.32543706050831,5.427034034599232,19.729250005641976,40.215343309202716,19.588644669808065,8.32046168458386,28.706096913373646
29951105,15.92517062524883,12.530662239606725,24.52833418707543,22.87676144866048,17.307214925445006,9.678090192691204,33.871448436970844,27.44512159905919,23.04496400394317,19.43907854614322,6.018766515716289,21.29261134119396,25.13663020131641,29.109817646087773,32.14256987614045,6.5332957769047315,32.71948527840173,16.656256262442845,25.404148049229427,19.669554184719487,24.128932951275353,16.55722147462934,20.601078608161085,26.838181945709188,22.6694866454192,13.974371807227564,17.889306650571037,32.95724842887168,26.723978968013057,3.8633478276519626,19.066626406911126,26.201594982072724,48.68265603846422,15.792568534898296,4.836731298415398,37.98622456922948,32.19055261642015,25.663795416733947,7.217998512517716,13.870341954091911,10.429658343060222,0.0,33.689020599574036,36.67606665066989,28.125764985245432,15.057557279236292,18.284772394724957,25.08829131221546,5.565279961888731,13.899916754581712,8.195246515543621,19.137048217945065,33.427731021851514,21.974668587622798,41.7261680751055,19.523136245507995,66.48020726114474,32.95724842887168,34.746893819733174,18.13533439995323,37.189028317242304,26.833819451262055,74.28364795699069,56.40813379379966,28.363883928304173,10.028257554771354,32.7913208599205,23.08151976181319,11.952814224539042,18.77799735349513,17.79471391700288,22.571212781725354,35.59125516175346,20.090400778437022,16.14024257596614,39.86382909263935,23.210147867327773,31.987724544582136,36.796285190194496,10.162842171174729,3.4060896476021214,43.24242278124198,19.099932384206273,16.83191545819059,12.959444290851176,25.844151414256903,20.217231638804797,14.649953095062383,84.6396180239609,16.006210778036863,8.288263514833437,32.75147371583688,103.13080810119048,31.190811543880496,33.39311420845216,32.211748100642616,32.970780260867244,26.45894838498378,42.392319362060164,10.110922730171778,14.220541140286493,44.333276283805056,11.324969150102085,29.580860297612837,39.98017791384614,12.36279012216007,13.636826845473601,30.011218852687964
30034336,34.34858894733713,30.731959422041125,27.8102342505942,13.414977189409628,26.835094059821106,24.65163366358973,35.26729383874355,7.816113236487167,14.108223499795248,15.162476866617626,30.804381125981237,19.976482564578895,13.860535988166276,42.1393961937743,53.54803422943622,29.596744794642742,57.635698019428936,17.485615425904438,9.005169859411142,17.61055155768017,18.849091833576747,18.01451002404597,24.9723808655519,12.838291504635077,13.283378104670991,24.8923436267383,19.851400533949228,3.63455154361691,43.86688155144072,33.296302040003766,45.746656941754765,15.929807075498557,48.52249414110048,18.262464540890974,31.54145598391214,56.6326557811924,15.127103738155276,9.024904937592616,37.30316453166505,27.188002698578117,27.348950057581323,33.689020599574036,0.0,6.090982617942491,25.417987719782065,26.873011618771052,17.276174571147543,44.79015313425585,32.817063201226766,24.64807502753409,27.032592403731016,18.73316758161595,27.89077463370159,14.890536112711777,37.53900162441366,50.61577363617057,37.76355348093869,3.63455154361691,68.42648757688987,24.242972918327162,39.2143197879989,33.62660434156972,47.40684844807123,26.707751994889026,6.331857813403509,29.373187527303898,9.141697715365215,16.786019461713863,28.71659623879697,22.39143253070958,18.006655433177944,17.63198073692392,42.4724278979985,18.340929803330194,19.966515642035706,8.665650022053113,15.532821568198885,25.27586441417299,29.58395285658255,31.995578167539513,33.789989226883584,33.98569847496186,40.44595148803819,48.927709868093025,21.784708589897587,48.752711208397415,14.900625401364325,19.932993337364458,55.72012620024684,24.755987809972794,36.743590273836055,6.680594520782627,72.6848917609754,41.347598298348004,13.951789454177398,20.849128052976802,6.569318815061644,11.12537655863148,32.34621617486387,34.01581257670208,21.26332596272207,51.313292786767235,23.461426204399324,16.907803807196725,30.842290128590847,35.29119564855672,24.94906454665515,20.314340690092067
30105065,39.23470120755545,35.24262000138059,33.618807861182106,17.66071143074406,26.920935697819903,27.188008217696236,41.31934186766407,11.231082880617747,18.643433713018414,18.858896309290643,34.59020485100681,20.271195595450465,18.951408713494505,47.73309191341564,58.87695085413596,33.334248785506134,62.50976041961702,20.17427150882889,11.857450044484896,19.063144191948293,19.411037997172688,20.242755850069834,26.777394312252383,18.455726011348496,14.654311157712378,29.413748598945045,21.044792203042018,4.658691057246003,49.24473901761955,36.6978901281823,50.22067081471595,17.720598618122793,54.07754759459931,22.156629181233907,34.89071673278872,55.34438683232614,14.323600997350013,14.085711456328125,40.13073258711794,31.590665156649827,29.42865557973672,36.67606665066989,6.090982617942491,0.0,23.202691191810278,27.827013715231686,20.460337056477787,50.002510620728515,36.598925705176505,26.915938711712702,29.94216363700703,23.356137189762382,25.10981342611683,18.521476521425846,34.10772192866512,53.333289385447614,35.59959331166641,4.658691057246003,71.21550676722906,26.99064177802639,44.814031536651335,34.318561049068364,41.70812040469227,25.97391442908117,11.603634868118366,31.326278960837055,10.204745274822615,22.1821894752193,32.871613511999385,25.317880918266493,19.852887216552553,21.54126128872151,41.66879246277869,20.541336845242114,21.83265131543896,12.305017738242457,18.79535359241982,28.96952855355752,32.76676758077164,33.334559603424005,37.152293620740245,37.578251688975634,45.44868592040138,52.32146842064267,25.040820708824782,53.51528461850794,17.19993576895847,22.313374371084617,50.35515552411289,27.037442786782744,38.86738069811206,9.852773756990283,71.58473999394005,46.62348574567246,19.724072039018246,17.35512730540984,12.56465236601564,11.17590027605349,38.148117203262416,35.95245668952032,25.55517525884348,48.20758398681844,25.767063173100354,15.571265837148179,36.83289659160293,39.854905112651586,26.123336674480626,26.395476010978733
30719061,39.68509887058896,33.280343890415494,40.47240413566635,23.253176728155434,11.937715277750247,20.755975258149654,50.744401188286275,23.25594890803724,27.29374433850119,21.249062019360466,30.172158845662587,16.220046701207853,29.702000489388244,52.179648490836044,58.71737441745444,29.310028309486913,58.50235213182891,19.356703351859522,19.361055526110146,14.14229624346895,13.304672920372036,17.140309970920047,26.279870223183533,29.182335231798977,17.031475565016947,30.94797596630159,16.48898850058337,23.074493799262058,49.97307766141633,29.4195033444396,46.77326500268947,24.848636518773127,62.37182224792151,23.428058624112076,29.18872590549715,34.58591133912615,23.654347906062025,24.599126034757386,31.749918231872257,32.63945107557805,22.06945972677127,28.125764985245432,25.417987719782065,23.202691191810278,0.0,13.846603231573859,22.962959947230914,50.85801816524024,31.528425039083295,23.080488860927755,24.69159939247637,26.541861429885913,7.361235241146932,21.654046580581685,25.653698914475616,43.239739598643965,48.97828274297832,23.074493799262058,57.51351604270973,27.576531466435338,54.88095128592756,31.14241105119948,48.65993704973538,47.298047138945336,25.48091474677315,22.861606706976875,25.792091703850502,31.18574423153717,32.31902433628542,21.689557298639272,17.7798603735532,28.71363592911605,34.54224985006939,22.30035392373778,15.537174224894853,33.25736958298037,25.83413499680466,39.68129666811756,43.97500411417952,19.538493252379848,29.640997020391897,44.37652888396606,44.39599742761088,41.96738630362743,23.621240657049995,49.84957872894004,19.182553236927024,18.890451401047525,60.74440708909324,19.204211511631136,25.627398140910753,24.423780693674715,88.44712961335775,52.48906026371992,34.68476067208066,7.503409377676692,30.197321882294432,16.322735966708724,51.77100387384103,26.27471327072354,26.247570296405673,27.229772792217517,19.473307138077537,19.121131238818208,50.750816391825545,37.42334270141256,14.808785584629085,38.69516493663885
30881095,27.810216198368543,20.70379550834596,30.727269387352365,18.016354374381923,7.4061207794634285,9.981685708675508,41.23482640080468,22.51895675643937,22.573757080370996,14.857722387647597,17.63416871445887,15.415014116265821,25.072837805974793,40.78805205340675,45.57138478377754,17.16118237638525,44.76266001113311,13.00152980866066,18.0496862255139,9.443001888426695,11.82592563002164,10.566888245112315,22.107917133913816,24.241013483224616,15.892588915219669,20.869154192644785,12.573409288402859,25.566717454927968,37.225876206947774,15.92185462015825,33.85032028908248,23.73520591863488,53.04073905970768,15.213441358200342,17.101454282080564,34.535199434779585,26.687982478620402,21.32043818323044,20.13651143141729,22.449896660837986,12.938315191708696,15.057557279236292,26.873011618771052,27.827013715231686,13.846603231573859,0.0,17.34290421269207,38.436730118757794,18.65461251008004,15.817821246410224,14.080772822018902,18.091248307016365,18.416632311012027,16.085784723043712,33.95209284300601,32.195556798276066,55.413407351341554,25.566717454927968,45.61264311356617,21.486197119701448,46.163956185119424,28.820922184336077,61.112682808071845,51.58837078257076,23.863863726991,13.60615106996742,27.569389163283343,24.72290885438488,21.65882956115551,12.777443454169143,13.136407718864115,23.789445007435855,35.35041494430714,18.481252506658635,7.503374240966528,34.09633411380174,22.295049259601964,35.60892023075117,40.6216229365593,8.417445481246201,16.154676884707644,39.41712825663483,31.399166386918438,28.407151388338818,14.89275721982374,36.347603494221694,15.661885856376783,11.42886383554501,72.75411777275951,8.488458976205596,12.470307128914971,24.94790081554039,93.92635412917932,42.4660158244213,30.935544829278466,19.07578160356692,28.884002791925337,18.171783594580486,44.905010856250776,16.791743885668744,16.33398882535832,34.482024302526085,9.71750180189545,22.819043808419725,43.713007094476374,24.485403815334557,5.219290347886118,32.12102115437802
30914909,20.766254083812743,19.21806969351557,21.17026994283382,12.654935491350773,16.222553351581187,9.895767796044593,30.47340774138865,9.864485618820192,6.381359129928433,9.643664638356617,15.633602223892547,9.749922229871046,9.249257282104825,31.48872820926544,41.41285525653678,14.142577809090103,45.837529944347644,4.672979209656035,11.408846790294108,12.533616647256189,18.300403326286606,7.4733572945392,10.431506436302104,15.220629126958194,7.578816178385233,10.744843226678071,7.519236795189024,16.14682511694866,34.19953070133166,18.91328713964646,30.600495194072415,8.853040524622726,48.52103267908566,6.312385787323987,15.281243445058964,45.1269230468184,15.186981854517512,11.146240842976468,20.43587189605573,12.185480402703163,11.131642708412587,18.284772394724957,17.276174571147543,20.460337056477787,22.962959947230914,17.34290421269207,0.0,31.94922275215972,17.648780860456572,7.897056364095588,10.510927258654904,13.1414983769674,28.734749260551546,13.363974321800073,33.447482201950564,33.47112675920266,53.962572063176054,16.14682511694866,52.55189512466045,8.21315106035047,32.180345408469236,20.56096570342931,60.4361697350593,38.151416910055886,11.842823651018891,13.13198307917874,14.669584803241984,10.262204171966186,12.971318438802447,17.66655435723511,5.345860643167593,6.473566541767209,31.29011710702644,4.244786867521512,11.189591213740217,24.174113326077563,5.381713124487742,18.473056386123492,23.681843665300956,18.2544952841005,19.205511479219084,39.74375833424177,28.085508621098867,34.612256367020144,5.3642253762424525,37.95407011905187,4.357065437599684,5.964499568450049,69.04173257216269,17.61252119134073,23.321324565687426,19.10203002354483,89.58373121253202,30.27274065113055,21.0719078247782,22.423472076998337,17.067067731670253,11.261930762525386,35.28094241880712,17.452833776637057,9.81674185783394,45.36276680544186,8.930825112396313,14.349673822398984,31.973347540550467,21.854516648948877,13.137382721061908,19.830403373587327
30914919,11.40469262579614,19.72218843297006,19.56648886247413,35.085027913249114,40.77004023244955,30.254685071550423,20.41593459601302,39.373059085361014,31.984629573056175,33.646339359200766,20.96467970513475,39.90632966809165,31.909229449170038,7.835437396872467,10.425183185174467,21.705774001403405,21.114178369218177,33.33048225283819,39.71707425848889,38.648874979617226,43.12153893568046,34.79825547969261,34.18251664878472,34.218366062156136,39.06453158132435,21.384907876547572,36.855340715235116,45.5338846163791,13.508444825264759,23.361671103918844,9.80630148184495,38.32556443014099,37.885558667592,29.48478009575491,22.766983892372643,60.747857758296476,45.77674771105273,36.376612636093405,24.660168765551333,19.861454283489515,30.959041041709,25.08829131221546,44.79015313425585,50.002510620728515,50.85801816524024,38.436730118757794,31.94922275215972,0.0,20.07701222176961,31.049937407606937,27.0420643189529,29.582930437038016,55.86966755840256,35.68697447142001,61.72411526389347,28.002328215481082,77.71886657834263,45.5338846163791,39.97673477057207,30.08851755884442,21.469878471465556,40.1866340411281,91.45612184114427,62.133369098702154,38.57564701415684,31.12370169591393,44.093442672043906,28.224969245136283,19.690836065116955,34.836099880372416,35.474657005073034,31.000840148245665,51.281016276839594,34.57640824819994,35.91814092101959,47.2569806718777,34.017216107919516,33.115335151893326,36.68621637921008,35.023807985475955,23.32442700669896,47.296640707583265,9.384312791092652,25.211673332451024,28.48026897479351,19.351712142984773,35.88706683646732,32.904337654904054,99.81009056275367,35.269000055424016,31.927844852997055,44.516353080749745,108.84494578170464,14.15785019776033,37.527167997661394,52.95071704179249,40.413048711682706,42.748774946333896,35.01507611808884,30.66216682962418,26.25966517912386,68.95509811141997,31.65037174735917,45.783165631922756,31.33418884543238,14.373490258883615,36.42493570660746,28.900211456358278
31636536,10.459255529652571,8.452736857243218,19.555490007711235,21.7163799695555,21.187330428324668,11.376687634299161,28.503110466598066,26.680456871356395,21.1353323909995,18.74169919327459,2.0486111111111103,23.057192414630688,22.74354596116263,23.659648642761535,27.63988887079909,3.513888888888888,29.657705484002438,16.920484663719954,25.17620005844242,21.003616909311962,25.657967918607078,17.450524114195566,20.986180049890443,24.491093963877827,23.256143521296355,10.252044105699921,19.513659750931645,32.560344804160124,21.96803573246596,4.255978827487567,15.489157164608475,25.83871150707169,44.20426212621874,14.573874630990664,4.308699884956038,43.36490018322693,32.493752697014,24.252593805051536,9.368775287299098,9.97857787767903,12.827362728476233,5.565279961888731,32.817063201226766,36.598925705176505,31.528425039083295,18.65461251008004,17.648780860456572,20.07701222176961,0.0,14.852816487048077,9.026409280543069,17.05509908021435,36.695779688045604,21.28308715858914,44.96570039243609,21.03171907755086,66.18010272334625,32.560344804160124,36.482096091950986,17.572857156477866,32.04204526773645,28.15854803004753,75.87497838997395,54.94924706569163,27.021612000499,12.99628801395219,32.19483173191889,20.01115738164803,8.251701459185817,18.92997565587641,18.72707669094302,20.726111115038062,38.180557566181506,20.15232270982576,17.689063589659355,38.128599809811924,22.107652728485764,29.335643680060212,34.26573825122165,15.16350872110499,4.232036124459381,41.109421887217465,14.166021215872945,17.479408078940303,12.44905719969439,22.673989595925338,20.415612425479768,15.53163197190683,85.76886875234175,17.45258924939368,13.158339206651426,31.96432444599744,101.7066102468332,26.21876683919175,30.59457396877732,34.77209331096819,31.03549839286985,27.14635611911592,37.85588331071629,13.583284090804556,12.00634221867013,49.47205845627646,13.052059646773289,30.68740232677159,35.20310356851218,7.195570482449687,16.89272164233036,25.99168908006111
32194493,20.27179488988237,19.789043152596086,25.22488240724057,19.016365861738283,13.059910201728563,7.519088245436832,34.47841312086318,17.149857471250055,13.838153452969946,15.265993019688668,13.24758882971871,9.46316155450661,16.547260378577096,32.295545421405215,40.42563069553194,11.776097860270287,44.36434132672344,8.767316976027821,18.02532184336177,15.603949296035676,21.56018212729947,10.345217807338463,7.2497943671598515,22.468469205514847,12.581342436890175,12.21081448679624,7.391041576291693,22.978468749527693,34.97548446474433,16.021293731211927,27.45552693967397,13.085134807635875,53.10937712042186,11.090535481427086,11.06915335444012,38.683106496798395,19.03103638753927,18.754620591899634,14.119672025246158,12.179905544390058,4.502894799568303,13.899916754581712,24.64807502753409,26.915938711712702,23.080488860927755,15.817821246410224,7.897056364095588,31.049937407606937,14.852816487048077,0.0,6.063621464485215,18.227765723868032,29.767477693661682,18.99092922783729,31.16432248962286,26.617122477237647,60.68002711935459,22.978468749527693,46.50541777508329,5.9761711192670175,34.877154381412076,15.709344675563331,64.68149133125517,44.23529319962328,19.63149364610191,6.003751418047775,20.893844512253196,16.826302524253737,11.539794200405842,20.683526261325415,7.7486519610802835,11.94648170906701,26.036987608160405,7.185687343059263,12.920082756229974,31.97034138451834,11.520464135751872,21.554862585554844,26.05513556582957,13.133474334606314,16.039745113421205,45.42896652850012,27.50945122418045,30.546004009668685,5.921697633216881,37.28068052035654,9.9885138778082,7.143781525636978,73.47869587177115,18.877334349848674,19.108733338768012,26.253323433066427,97.07095031423826,30.77096665261709,28.64323370730195,24.27802450826529,24.95357180996928,16.31822273958952,41.52343098583303,9.897747721471374,13.169282880363873,41.39862987350112,6.89510475419164,16.804550059868863,37.95355269860647,20.813900859362878,10.785007181770581,26.316291013117528
32377180,16.207599707091305,14.45832943854061,22.45031331032038,18.32959145487139,14.039314787192342,4.537277617333801,32.080483021574594,20.122854356826235,15.809189232743654,14.552028711067422,7.469671886149666,14.182370404419794,18.20767874439878,29.15392201236011,35.768331804694256,6.13514939561996,38.678904943664705,9.874020935002155,19.411675497715848,15.459255408986103,21.08865316982113,10.752903497953737,12.957938233581224,22.019013119926836,15.63510434778196,9.557837017911123,10.912902128862045,25.98221573222257,29.91115871205007,9.974596676042681,22.945087509450175,18.039152430426526,49.35567291588265,10.026359711269002,5.512385075659684,39.24595910565124,24.228863817474508,19.64008488685177,10.296350495814375,9.710409625429937,4.369327226034149,8.195246515543621,27.032592403731016,29.94216363700703,24.69159939247637,14.080772822018902,10.510927258654904,27.0420643189529,9.026409280543069,6.063621464485215,0.0,15.880581133663123,30.75427239992974,17.960255100959518,36.21187742327415,23.773162711471993,61.92449319245864,25.98221573222257,42.073476757922364,10.373274793042592,34.06025909989201,20.792910988899322,68.36912120755888,48.52886790775325,21.612673018158564,5.506026383029076,25.006371792448657,17.065557202458564,8.417062360200868,17.730551288090055,10.605048572829126,14.877099618271215,30.791597051461814,11.96557509484237,12.09318886136881,33.69263832873615,15.237552368631857,24.83850565684872,29.709788893939468,10.803450314970918,10.011657322801259,42.66749706887491,22.399442712663976,24.85263967830363,5.447336350079088,31.45608467235297,12.866943332831953,7.92784745729397,77.87232773294681,15.712852213134157,14.37319317054009,27.31116613984777,98.3284271807331,29.281917001202398,28.53364827992717,27.140509085606976,26.577075147698242,19.57820313812599,39.75704275948592,8.772512743413571,10.25709282840793,43.26761762211871,5.541535597652094,22.00158882010278,36.67377321444248,15.424850741843931,10.235896178901918,25.554862950291145
32807158,19.225911578398776,12.523923575939182,14.607037029330272,5.942362998381635,21.971254701615592,13.84566285260349,24.812039070868764,15.751486297590395,12.767012383426017,5.993867058335441,15.418542644180356,20.53895274184096,13.354375681391105,28.838422114798902,37.07134171320527,14.873111505723275,39.280182540573584,11.430791180534575,12.181334669735698,12.404865691658877,15.398239584865706,11.550049209005417,23.15936360198569,8.399538374098851,15.328754812288723,12.007110999614689,17.124707411684586,19.835376851930718,26.5188514423981,17.155295811994367,29.922067141840593,20.671626023343677,37.243854444425466,7.280888793000378,17.820181991807914,51.61496579362957,25.614915504594077,9.96193051993352,24.575995664523255,15.03024511595103,18.72405960691392,19.137048217945065,18.73316758161595,23.356137189762382,26.541861429885913,18.091248307016365,13.1414983769674,29.582930437038016,17.05509908021435,18.227765723868032,15.880581133663123,0.0,29.818768323297125,6.311236763757402,44.34019838560894,37.686637592935035,49.70403219384249,19.835376851930718,52.39476233335563,19.940731910229534,32.19048725951527,33.20875905547413,63.45402481565785,43.50975729180567,13.890216346946648,20.53868922550903,22.206863463680936,10.941457285405116,16.1409290883993,8.958065571065562,14.694660919140684,16.16889591446435,43.753868633621,17.284692906489486,11.956033934753599,22.497278747004227,16.465591612000573,26.971633927789654,32.65711825083437,21.88536020718444,17.790643000605087,27.393541619312018,23.151208339243187,31.591164241972237,12.416731212648985,30.175043033903247,13.751784256885866,12.796194826619997,73.47434826702188,12.062677410862095,22.695651692675327,16.15754073022809,84.65956435474196,31.45738695247193,14.8432993924113,27.25778899216619,16.515312569150478,17.773304727533468,26.85594602196493,24.46317022094204,5.963979050500084,51.58978699751511,14.069414085114301,24.985002247848858,25.79750478019141,18.064044228177448,17.29569340293742,14.763337104089292
33146953,44.81091662147506,37.25424176882186,44.32133293127653,26.113875474839897,18.614888712805225,26.490645029022375,54.514696576908506,27.60184775634524,32.296583080026224,25.01675142696755,35.40424686917456,23.046051411937505,34.391810953558334,57.052961463954034,63.16727156946755,34.6962374992583,61.90068204070585,24.846043734934348,22.725991265780813,18.083711182769488,14.673450640224543,22.40039803911327,33.247853360576826,31.90498345496795,22.367476898236998,36.25476345392829,23.02682896006912,26.05838255972625,53.45692850374039,34.176638932307476,52.10156158723721,30.77183255856475,63.507787021322656,28.262744054407015,34.921826382356464,38.47716654951365,28.952997480401528,28.005381103364826,37.84753342204348,38.27101751839117,28.623749096609952,33.427731021851514,27.89077463370159,25.10981342611683,7.361235241146932,18.416632311012027,28.734749260551546,55.86966755840256,36.695779688045604,29.767477693661682,30.75427239992974,29.818768323297125,0.0,24.321571136937795,30.633219178200637,49.331884158813594,45.010188930771825,26.05838255972625,61.80891103563056,34.236294004469784,59.942902850443765,38.44929481284329,45.54376541197746,49.92265622879327,29.092236562469246,29.482822718914328,30.11952112533782,35.73972441464215,38.08213895161693,23.748574104203964,23.85179405728287,34.40005744885181,41.503980205395926,28.61526310062745,20.21654090675672,34.690874738516705,31.524430850137392,45.56906834820585,50.00001929011973,25.256915779936886,34.46921859200647,42.97009439535453,48.73676350235541,45.929616880506664,29.454087921946726,52.90615743953993,24.77155309099564,24.7171588358595,58.89355110882632,21.880355564539098,29.945920530643008,25.650779359181936,84.8273482571846,58.09591074833935,36.75743141749427,10.685688714919056,32.98921915182161,21.000129966899507,53.784147923911874,32.90469999719158,30.751401093973428,28.725445767958085,25.371142768144125,24.918239941199026,53.65512870800319,42.03237655679661,20.7573865163779,42.10715314146769
33560579,24.991258859819983,17.978715783881423,20.51173838690631,2.445921924439973,19.674658473915052,14.680695769711607,30.372466050168306,13.191119059245509,13.54087781130996,3.828810509734212,19.545231474091153,18.265384083153954,14.529125600553193,34.98571105120028,43.25557295156576,18.809283765262492,44.830267251327825,10.50637221519002,7.423645444286883,8.106556201219243,9.948343934920482,9.641322939496678,23.539876879232818,8.730460265742904,12.115340632447177,16.627173455231418,15.358970135021892,15.699331156317205,32.59169808519589,20.655955635456756,35.35304361424367,19.531816712623034,41.44387644029611,8.99185544279923,21.190453843406907,50.0494275434678,22.82896596467006,7.759402361076009,27.492695787735812,19.544803754641144,19.52564088511023,21.974668587622798,14.890536112711777,18.521476521425846,21.654046580581685,16.085784723043712,13.363974321800073,35.68697447142001,21.28308715858914,18.99092922783729,17.960255100959518,6.311236763757402,24.321571136937795,0.0,40.82708144777586,40.96719447352726,44.913050225360074,15.699331156317205,55.79158298943231,21.312306054203184,37.31926460343307,33.32985505268323,57.48468874276937,41.16871600167794,11.616067137037437,21.43750786592995,19.493826487630198,13.90076465648183,20.48197729930673,7.725167659234347,13.127548984717253,17.410919688294168,42.88433426173967,16.77608709608054,9.474514683583527,19.746232103298055,16.42270644318306,28.891781947389475,34.4151604036746,21.80373048341893,21.256503376336127,27.389392724054147,29.153363997079122,35.402900824971574,14.069311396712765,35.52018463814177,11.901158250324043,12.239470800683412,67.9881829520417,10.829942745246955,24.005167341616154,11.441010390898212,81.1808963038815,36.95853287096619,15.053043647338185,21.794632959313645,14.778621374459101,13.533975883455598,30.30984014392102,25.852365137984,10.216664999070503,47.896479757769356,14.260571472684223,21.774366779966375,29.729180232945914,23.604395144889995,15.810052479745439,18.364286417137258
33776442,51.35926825362447,49.85036036871524,54.599174265123935,41.21838515396735,26.93219854609873,35.04431254510914,63.470258306079806,33.70871177379691,37.414742374242444,38.64752961360802,43.62822509922215,24.145073317966887,39.74411424731452,62.68954586239755,71.18516143757007,42.34665629791746,74.3247214155571,33.2858951885301,35.37647825722225,34.16785734121996,36.512444240196615,33.13876853684472,28.288512289780027,45.24148417355955,29.573784711596296,42.83616151827411,27.773135810141238,33.91571067407574,65.94894293450106,44.64636552563197,57.073757339919375,28.97151814695337,81.31410029196928,38.19701832274923,40.95198558009311,33.72108267732129,24.97949448765574,39.31990034768434,40.77225277704016,43.01965860420124,32.1420241242377,41.7261680751055,37.53900162441366,34.10772192866512,25.653698914475616,33.95209284300601,33.447482201950564,61.72411526389347,44.96570039243609,31.16432248962286,36.21187742327415,44.34019838560894,30.633219178200637,40.82708144777586,0.0,48.46769744579954,63.709993971309984,33.91571067407574,67.11897622253952,32.46589697784627,61.93464544538281,24.64749683326621,49.900171959739666,46.13769322451735,37.744942111771884,32.158318153838444,31.51695492330126,42.76895897632905,42.58576212255235,43.44192375520913,30.016295422126653,35.97214011737552,19.26555349679246,29.682756310200688,34.3108865456397,45.636929007889684,33.1305517924997,40.903370041605676,42.23109430863953,33.59428328138996,44.57907428875215,66.82599293556628,58.522667953563456,56.73648875540713,35.557812081118975,67.20578454669942,31.113499731766762,32.645308719147195,56.94091574668327,40.95776555043425,41.96879243113279,40.97332506108888,100.51720257088047,59.07118570640448,49.83481853131481,23.550532148595725,42.394695726046315,28.628137248552882,67.0818453094593,33.66031875036295,41.7990418663588,26.286080207505623,33.54907098528445,21.729030739415624,63.7986962819685,51.63237513045075,31.14905561842381,51.83202751682791
34108856,25.39714274665316,28.77859813539473,38.295936205995936,41.521256474594125,31.473836113411362,27.156972841077923,44.754580960477725,43.31570392826,38.100796893725956,37.944540024630946,22.38605109886557,34.748727255434524,40.047884554901565,34.34821550238926,33.12404159397332,22.869132055321177,34.863895152119696,33.561244655959094,43.16638686701067,38.03384010831251,42.82137396239418,34.132860829546395,29.745004725540873,44.62250050165732,38.763522432546374,28.522401085257975,32.818582086150364,49.37498072069437,35.48602221495537,21.905027760479644,18.611426707311626,38.845255534634084,61.8886986485268,33.36899155585101,19.984737940911145,36.867556668348364,44.91321155344444,43.15276399238928,13.566580284412215,26.419809628533056,24.108199976822178,19.523136245507995,50.61577363617057,53.333289385447614,43.239739598643965,32.195556798276066,33.47112675920266,28.002328215481082,21.03171907755086,26.617122477237647,23.773162711471993,37.686637592935035,49.331884158813594,40.96719447352726,48.46769744579954,0.0,85.4110708304735,49.37498072069437,23.188642926767994,28.540281832435188,43.38333403868385,29.804160859436177,89.68226225550572,69.32671835267425,44.992856121175485,22.394195676558688,47.23436828745998,38.278365203210875,24.173058033560366,38.297239736416664,33.57054275620742,35.67031779102668,35.343503862890024,33.58618957558977,34.467306492337556,57.044289989517466,36.908222667745505,40.38885904174414,43.315208303875934,24.20744209935778,21.22458082557534,61.69349021326219,27.273767808304225,19.515839328450046,28.899295348333677,33.20584466712293,36.15745525127472,31.381519161728917,98.95674352405267,35.27648891945743,22.632223662226426,51.028821387965614,121.87074953341649,34.34824728915195,50.701958193762806,47.49450613014934,49.65843303030661,42.54799657026991,57.08684755059878,18.036923413015305,32.104425371057246,50.13212135783538,28.322747121971542,42.444980906054894,53.39368759092658,24.333933223432023,30.094130448783126,45.15585255986385
34122321,68.31915321802936,61.621226522643234,58.622583073121945,44.69242327747174,57.33639379636139,58.29297498587338,63.78559530809993,45.3561312111969,51.30817473305677,47.82770733546622,64.45128541747081,54.41629546517042,50.63938697402483,74.5232532458496,84.25730809997414,63.67200917188123,85.19630630561154,52.405086923274844,42.83398441026183,47.655036380817485,43.67232657923707,51.48892883034001,61.99769580971768,44.00568377018624,48.36110049594218,60.156357961299456,54.401237725602485,39.393650234304964,71.91982491996109,65.2421065534557,79.56394232544882,53.12104775214542,63.524933237722834,52.83785035153197,65.9281827808152,83.1835835452439,49.56527998718177,43.99244053252206,71.88699611640494,62.95616832307677,62.11335260174394,66.48020726114474,37.76355348093869,35.59959331166641,48.97828274297832,55.413407351341554,53.962572063176054,77.71886657834263,66.18010272334625,60.68002711935459,61.92449319245864,49.70403219384249,45.010188930771825,44.913050225360074,63.709993971309984,85.4110708304735,0.0,39.393650234304964,99.12227116232246,61.58580154857898,71.55122766140475,69.77940638580667,35.24202037341219,44.392727847185576,43.37232942784436,63.992984309346966,45.10977355257267,52.3453853274514,64.40900875004417,48.86011895697549,53.072849113453394,55.25657874863454,76.00167828436959,55.227104376847784,51.14822210986419,33.66855251672439,53.21554935959077,61.7635380185707,65.2441499840626,63.28276995237595,65.85268709232284,40.446172342297814,71.71099274840796,78.67573028395914,57.37588518534498,75.61848146716837,50.789470267955245,54.463466035986556,44.815020567628636,51.87010438483976,66.38326563269018,35.18049378358898,39.8479252014097,75.90139985533864,41.053511311788604,44.453657235250965,40.47476460295851,45.21207406308835,52.22000164140721,68.6654929019602,54.72079548241268,71.2999198556953,57.264196568333865,50.5155825959268,55.223433491465194,67.59398219199272,56.46245003949802,50.7472729738822
34431029,34.797465826674504,31.386645094800087,29.549900089129068,14.52170487640054,24.66122721923181,23.574714736831478,37.39328689050681,6.624092408378083,13.999888029160546,15.392162026630073,30.529320483898427,17.298487359058488,14.365930654174957,43.282064106977344,54.56581017185318,29.235246402794083,58.63692075484682,16.364919340448225,8.706761822808277,16.695856226298716,18.330257762391458,16.87034394005816,22.86268071826326,15.133132134555227,11.207363233140367,24.974625559596358,17.735826887407548,0.0,45.32238172702868,32.97382697225699,45.83137889075184,13.742526748022666,51.54664917742101,18.10200508208225,30.843964457920386,53.87214317855646,11.9495250200569,10.210089418560566,36.192685012706484,27.08188229787343,25.751447365538866,32.95724842887168,3.63455154361691,4.658691057246003,23.074493799262058,25.566717454927968,16.14682511694866,45.5338846163791,32.560344804160124,22.978468749527693,25.98221573222257,19.835376851930718,26.05838255972625,15.699331156317205,33.91571067407574,49.37498072069437,39.393650234304964,0.0,67.63244079653985,22.711882474217816,40.517551411077434,31.005475646288623,46.202282276679405,26.700804086319497,7.282358414545195,27.706201817068408,6.859622008743433,17.70172473275233,28.424377496835334,22.901943230728463,16.242047639522834,16.928409737839146,39.319009175593635,16.45884976646286,18.993500231276567,12.01108955046748,14.290322016155075,24.80561837484766,28.935927612653682,30.4153107686009,33.41785570785058,36.92217546976503,41.267707862110875,48.73396603259653,20.897481021063616,49.83935098371122,13.288903143658255,18.639522369614816,54.52783425278042,24.61764901434207,35.8479021453799,9.064013183115835,74.88014091171691,42.03776144817852,17.199880359913116,18.09589838779878,9.499325692837303,8.438075022108567,35.52676297629668,32.3193431373288,21.547587225614397,48.3152401011886,22.211467764926685,13.480197766376683,33.66839969697213,35.714505282503424,23.326844396945166,22.670654597555338
34483822,41.038118501448004,41.34845158294656,52.89123088771414,56.930332796361036,47.38656502785245,44.08419617392863,58.52117475427042,62.07860078507128,57.12966417378946,53.84191141484087,38.39773801569856,53.88811938924453,58.952323460580345,47.76011411372663,38.9665653067544,39.55716788712255,33.15743541858478,51.280457974977445,59.99281118521053,53.21416479523308,56.30239442245106,50.97659658017669,51.29030004271979,60.491072295437235,56.9744464043559,46.30051224306236,51.30452642984035,67.63244079653985,42.70898627549658,35.47397936242219,31.1451940074988,59.47559621507706,68.6215214914793,50.39890871294415,37.51054482733441,44.93838238972956,65.38146812110541,60.22917291307475,32.61543913011974,44.94521037981011,42.90271800021014,34.746893819733174,68.42648757688987,71.21550676722906,57.51351604270973,45.61264311356617,52.55189512466045,39.97673477057207,36.482096091950986,46.50541777508329,42.073476757922364,52.39476233335563,61.80891103563056,55.79158298943231,67.11897622253952,23.188642926767994,99.12227116232246,67.63244079653985,0.0,49.683958294459146,60.270592164491674,52.224841264851044,106.09717972283188,90.24634735991012,63.03387180580556,41.31668159220862,67.04380736563756,56.365147728647194,42.79768869207526,50.491893141672215,51.9136411635712,55.80317149630145,56.1821372728045,53.57984608059668,49.87016563175712,74.30221987580333,56.95413585935374,61.988061311343564,65.44592299605496,39.13733117043622,34.90581225344006,70.10919372763381,37.75548211559166,21.648038867425274,47.31224859719377,35.38562672237464,54.65779810210747,49.076439987080924,117.21978327897916,47.346773651247744,33.35529940652829,67.04262425433238,135.82535923679922,51.233500223378144,66.54700157345277,63.50846250255702,67.38627858883787,60.64147713401808,70.19264476048912,37.56703550426532,48.144848199250035,60.50074967969864,45.54017105874245,62.32289211218493,68.09703466459477,37.413192349832364,45.95529076173534,61.478884275867884
34671239,19.888517415835704,21.924316158490416,24.128943093590582,20.653190141925986,18.58527082575518,12.674184734241724,32.27941015677337,16.448352478079226,11.976663488616484,17.500460010951603,15.95659966649119,12.066047295029417,14.218974389236228,30.258395271875635,40.098919353685,14.433797625326779,45.849819641492076,11.675993533080568,19.439223108491973,19.552774527814133,25.544644570108073,14.102012678809183,4.455583263975908,22.515742036534846,14.281676794465755,12.06112798149151,11.214821961163121,22.711882474217816,35.48753338908844,19.85965149683543,27.810496354488055,10.60707311184381,52.93798258339658,12.998965093115936,14.176149075626258,43.163603494919954,17.533632975580367,18.953607894703982,17.16994652414771,11.375681592205488,10.220404427744858,18.13533439995323,24.242972918327162,26.99064177802639,27.576531466435338,21.486197119701448,8.21315106035047,30.08851755884442,17.572857156477866,5.9761711192670175,10.373274793042592,19.940731910229534,34.236294004469784,21.312306054203184,32.46589697784627,28.540281832435188,61.58580154857898,22.711882474217816,49.683958294459146,0.0,30.779505390939942,13.945210249002663,65.58782915551737,40.88557202730567,18.941380164276843,11.343855659540536,19.140729730761016,14.9714914272278,11.447338757364106,24.45899803822744,10.894427065686658,8.424886245793966,25.778505785716472,6.795900968411162,17.39767106061422,30.939133795243848,9.005598448131144,15.828788119541345,20.153235885749627,19.016636909265607,19.886759837345423,47.112772507392656,28.154383610018087,34.0734928744716,8.629037955646309,39.215543595407446,11.524966018967179,11.227766389413262,73.25175446144918,23.52073734422483,24.459557821517862,27.022638531373634,96.7176130116261,27.215360246253095,27.829988086856964,27.44152865765742,23.710133531862812,17.66108779318441,39.93073169043279,14.063567995824375,15.055340479990337,45.87352177454876,12.15135370341086,16.82233282106556,35.55351975828169,22.24346345933265,16.48237141594355,24.41099479059931
34949986,22.28122278298711,30.32761395335954,19.427449186732943,35.473632931642506,46.9364065334184,36.804307820708246,13.98963698990601,35.301654792150764,28.525256538215324,35.37300294723757,31.478570632821604,41.19690819777649,26.817370856213287,14.295950459511928,28.750459444928456,31.15119630475179,40.820592411704006,35.566840410405234,38.55199004648931,42.10413249636097,46.71714690425131,37.963163871656675,34.47675307849535,31.421793999556016,38.77286176473101,25.37498229517399,39.35546902578947,40.517551411077434,28.01067679268839,35.93431453824551,29.203467050185054,34.46406418614675,38.216858086006674,31.973581766915125,32.98157822583988,71.69231041332645,40.86536907793147,33.70560666737633,36.80110543256277,24.422495285316803,37.430973901080435,37.189028317242304,39.2143197879989,44.814031536651335,54.88095128592756,46.163956185119424,32.180345408469236,21.469878471465556,32.04204526773645,34.877154381412076,34.06025909989201,32.19048725951527,59.942902850443765,37.31926460343307,61.93464544538281,43.38333403868385,71.55122766140475,40.517551411077434,60.270592164491674,30.779505390939942,0.0,40.84556138037585,85.51350505220681,47.98997611151067,33.96071644122661,38.42595766464541,37.686449512004245,24.536096458189657,26.021493209830535,40.70431782410641,37.40564812307231,27.428235972158753,52.93156678136857,34.22917005166659,40.58973094602034,39.085118687750445,30.807603186233646,22.7223536415014,24.558017654045457,44.70937299446035,36.11864964788836,48.29714167670678,26.54726716134161,44.45318168063104,32.16164264350547,37.50107748924613,36.05255789637744,36.45769048338256,90.97457368360608,42.672875713791946,45.08580188455182,41.069712399420574,98.18170146639106,9.814556769139868,31.37017871497012,53.97418595308415,33.48341062057681,41.34058653867395,26.67466601821595,39.71490796566589,30.43992772813085,76.27057657223804,37.352154219679505,43.25154851490139,20.151379126788115,28.286572759663066,42.87455993742668,21.855125321890487
35048524,31.57557622417822,34.4839202284402,37.80015980124845,32.99640638716769,22.864773062994136,22.864201852556622,45.159746881153545,26.2792402224805,24.490448841970522,29.669263928212725,27.078640939657383,17.164033038717022,26.65708690131898,41.23738263104402,50.01698600364569,25.773167840906858,55.88941379352777,22.941660615472152,29.894420182112437,29.16598409276076,34.652574647567185,24.54414213524268,10.221382815777263,35.46505865619749,23.180728599268097,25.56984779832772,19.03699130935537,31.005475646288623,47.69482587168712,29.88496294294189,36.09362463412375,17.981626425017534,66.76939585036114,25.957910478340782,23.995235093441835,37.572404175878276,21.013978625382638,30.88218039934931,23.04621718295704,24.26384717713559,18.04121823923084,26.833819451262055,33.62660434156972,34.318561049068364,31.14241105119948,28.820922184336077,20.56096570342931,40.1866340411281,28.15854803004753,15.709344675563331,20.792910988899322,33.20875905547413,38.44929481284329,33.32985505268323,24.64749683326621,29.804160859436177,69.77940638580667,31.005475646288623,52.224841264851044,13.945210249002663,40.84556138037585,0.0,66.80243674863631,44.67548420430258,29.897486462739366,17.736417945626734,26.13436137669255,28.401115001586355,23.62819091457684,36.009285146751324,20.525402963658475,20.70275631124,12.357194237896667,16.95444363172501,27.24621405912307,41.10189235978747,20.084346933194002,22.770875160071373,24.093501313747566,24.427223481509532,29.668166537842268,60.24629080329805,39.56403929515974,41.49755180195038,21.20546317789367,50.3602406202424,21.859028049083378,21.888096533076368,73.20997569854433,33.94007155065413,31.462704020967468,37.50520568554103,105.32789542925254,36.33301605366055,40.48495611036321,30.788338191161063,34.766635595312984,25.300758199566094,53.34821667330805,17.869010929841146,28.369327186190183,41.235691120947905,22.087067968124956,19.549139657301534,48.522440793938,33.79483030813375,23.793261116623334,37.74341738045928
35096130,80.39047284971024,75.14941329287093,74.97467466257974,57.542038265953465,59.035079613734744,64.97278769220132,82.20747262483698,52.399083592593406,59.98557371717091,58.645773916534985,74.0118497691417,55.51522560380205,60.48322518664206,89.44093951261723,100.155301629242,72.81675297545812,102.14819123534006,59.2988406685849,51.96920087423101,55.457310744101726,52.728479183519056,58.42862085895596,63.566238418414116,59.09627392515314,53.26663671597582,70.37841101148369,57.74158095943939,46.202282276679405,89.82277472542808,74.91631695067869,90.59611256695786,55.95319472559185,90.41106127017866,62.46447348248392,73.67031044133637,75.7237083085608,49.09996870974225,55.41506358364368,77.54206127348333,72.42166194821522,66.32827451396577,74.28364795699069,47.40684844807123,41.70812040469227,48.65993704973538,61.112682808071845,60.4361697350593,91.45612184114427,75.87497838997395,64.68149133125517,68.36912120755888,63.45402481565785,45.54376541197746,57.48468874276937,49.900171959739666,89.68226225550572,35.24202037341219,46.202282276679405,106.09717972283188,65.58782915551737,85.51350505220681,66.80243674863631,0.0,45.93110783191133,53.31020280700196,67.69107498520806,49.088273418990994,63.882044077781,73.31460026655604,61.85503955513526,57.91709998708609,62.09357838271612,67.3855038005132,59.16568695110954,58.635660011634556,48.590122453025366,58.919457243147285,67.34748102193578,69.21637270183984,67.30407746173486,75.30164607124323,67.71078200700387,86.23752829341194,89.29533162489516,64.55773295489301,92.70292205768935,56.468445329483124,60.65159578633172,16.042041872467998,62.56272001592262,73.56328437007247,48.477364800071214,62.23343153000644,87.88698709137776,58.850138852641685,42.713923841539405,53.173124535234024,49.3278373455606,75.52152011181978,71.71076231607542,65.9446529709806,59.508402768012516,63.366156907846644,49.15526085193209,75.6702347064938,80.17402946091708,61.030611476455675,67.19374970932937
35115998,53.61260540519677,53.97443237042209,46.69730053007042,39.31182393547502,49.09572919307748,47.68357942265318,49.72236572612508,29.795529033475603,33.886864110280996,40.61686717417444,52.95402634597298,39.36523242457789,32.626508355884035,57.42117610099276,71.61405821019594,51.541531931917675,79.15952238452338,40.6709118094097,34.97964575698203,43.188197295961906,44.93194652576387,42.131356504596575,40.23956041288501,36.43870353959178,35.889173809805285,45.37334909598274,41.193163128721075,26.700804086319497,64.34773391017745,56.65525731843588,64.77498336076788,31.232888648559765,65.4101928856148,41.76771966730795,53.00601396388781,74.87242483050753,27.257655196363476,33.91360756616894,57.703416796745266,46.51186847961518,48.27463101878667,56.40813379379966,26.707751994889026,25.97391442908117,47.298047138945336,51.58837078257076,38.151416910055886,62.133369098702154,54.94924706569163,44.23529319962328,48.52886790775325,43.50975729180567,49.92265622879327,41.16871600167794,46.13769322451735,69.32671835267425,44.392727847185576,26.700804086319497,90.24634735991012,40.88557202730567,47.98997611151067,44.67548420430258,45.93110783191133,0.0,29.975489355966324,50.00700631183704,24.27349268042695,36.31595914868405,48.30293437657546,48.83546929460687,40.07695598144511,34.602140519690735,51.256557569520325,37.152466743460884,45.000636569571626,24.886408606573458,33.356737450663324,31.89341415820305,31.629199325939318,54.89485316112311,57.025360680033444,55.29391166002517,61.04601405179187,72.30253280487483,43.448808079059724,71.39514367688268,37.10196016114182,42.808231017610886,45.979394115142405,50.9515402419996,60.95325319745769,32.36131792679624,68.65857557508748,53.025363427954616,33.76082624032997,40.54174559752792,27.52526897414021,33.52419873503983,45.77299058032659,53.90278615275454,44.75565018190435,68.01899244573777,46.376478712573444,31.934074653368967,42.72101151941211,56.94624658394968,48.406508680596126,37.416573867739416
35464313,28.092170215705263,25.155994081074937,22.28762202993745,9.67146517711293,24.052082585129487,19.769290654060683,30.287511826313107,4.181148600618146,7.976719434880618,10.726820326534945,25.00250560024131,17.06189676188313,7.828043745756674,36.131284839986186,47.508276090817674,23.77487748447137,52.009511790296024,12.731954464284115,6.798224866633615,15.056634914070044,17.99992553378321,13.911016202849607,20.44742346381946,8.905149418316743,10.28555641188304,18.650410920479743,16.14261683087567,7.282358414545195,38.3236584777157,27.906915005816426,39.51250198583379,12.412937078136249,45.479145206312026,12.683479214885043,25.832109200543602,54.30195668153297,14.688613027330968,4.095153726593102,31.76340375177174,20.9147442891281,22.489197228456074,28.363883928304173,6.331857813403509,11.603634868118366,25.48091474677315,23.863863726991,11.842823651018891,38.57564701415684,27.021612000499,19.63149364610191,21.612673018158564,13.890216346946648,29.092236562469246,11.616067137037437,37.744942111771884,44.992856121175485,43.37232942784436,7.282358414545195,63.03387180580556,18.941380164276843,33.96071644122661,29.897486462739366,53.31020280700196,29.975489355966324,0.0,24.552013364307495,9.194375794206158,10.61153719615143,22.51897609563699,19.221860775421952,13.85140281661045,11.945107462739585,39.872013357544084,13.72574687119816,16.47009018529467,12.341839688870119,10.393754240161607,20.88358702200773,25.821495792565372,27.95435825903959,28.38673403437917,33.67286818318108,34.46925950363612,43.573788200015386,16.21623528596461,43.38842875715164,10.578302811441478,15.283077988109302,61.574528208611724,21.476377927453335,32.318352467786376,9.255978230848571,77.912647935995,35.38287699605149,12.16743821559681,22.313136754340377,5.69584445804288,10.156788039618677,29.732139367751216,29.08316031365453,15.586054637163691,51.10645276644092,18.768316301407634,16.18114127753896,27.470465478170752,29.32579030571936,21.36640590317721,15.826252261262391
35585920,20.89025166904215,19.45278462385238,27.908124196954954,22.048133286196716,11.21737048109779,7.048761088956607,37.401789870210415,22.283004437372185,19.214556244672714,18.085340120327043,11.981228009571762,12.790503808018299,21.890674556316995,33.760629441338985,39.72122355752689,10.949742500518648,42.19564594053691,12.274534327212061,21.775698828299895,16.962963590366744,22.402775581197446,12.676451090137597,12.062761047191172,26.31462307833996,16.67686174540358,14.822230901878946,10.477985337850379,27.706201817068408,34.73815305600381,13.128379942924735,25.819477302286064,18.843306612206696,54.776026336568904,14.261378806336456,8.927637747633351,34.131534285072235,24.127191386142183,23.058076929505773,9.981136484845184,14.550220298153006,2.078853687266429,10.028257554771354,29.373187527303898,31.326278960837055,22.861606706976875,13.60615106996742,13.13198307917874,31.12370169591393,12.99628801395219,6.003751418047775,5.506026383029076,20.53868922550903,29.482822718914328,21.43750786592995,32.158318153838444,22.394195676558688,63.992984309346966,27.706201817068408,41.31668159220862,11.343855659540536,38.42595766464541,17.736417945626734,67.69107498520806,50.00700631183704,24.552013364307495,0.0,26.34437196435689,21.53285524205472,13.058346302777595,20.963646862984465,11.517750202735002,17.73244062836468,26.368077484035155,12.884517623892824,13.698570329842186,36.79202442411249,17.392925474526905,27.080498593667595,31.41693169198379,8.156645464813181,12.960430809758954,47.034670234643215,26.880134302283302,26.21385996150953,9.40623170028723,35.407482093515426,14.506244983861016,9.856301723946432,77.2229032867784,18.038497473567055,14.183444721832766,30.07123854707521,101.14457222113265,33.16867913424054,32.879428815972936,25.807198066517007,29.924019323558365,20.31134993241242,45.06356055391006,4.722951767373106,15.314674556767931,38.64549766526391,7.224611500826082,21.09863670727845,41.88675673961533,19.96853392061559,9.279863745866377,30.52767229105757
35734477,33.63169129892279,32.2760492066833,29.7161795016892,18.05478694139518,25.237878834147125,23.642395734756754,36.97501947560756,6.513525106098102,12.311716336039915,17.910034931714303,30.157175873505008,15.783110953225092,12.743102834157295,41.67420819838363,53.74689755338761,28.7044365925178,59.140866158075255,16.631797762636214,12.646232126515338,19.75829959847067,22.938923515148744,18.034814585801172,18.77313285208889,18.057770247524957,11.702596843839496,23.91619689103288,17.04926682715161,6.859622008743433,45.89501004066365,33.31010197339109,44.368949426222905,8.892791752445042,54.089863413579835,18.685700832515213,29.93921012845681,53.253234721566436,6.898782129273006,12.943350639366969,34.70674286433905,25.38986756986271,24.513018193234146,32.7913208599205,9.141697715365215,10.204745274822615,25.792091703850502,27.569389163283343,14.669584803241984,44.093442672043906,32.19483173191889,20.893844512253196,25.006371792448657,22.206863463680936,30.11952112533782,19.493826487630198,31.51695492330126,47.23436828745998,45.10977355257267,6.859622008743433,67.04380736563756,19.140729730761016,37.686449512004245,26.13436137669255,49.088273418990994,24.27349268042695,9.194375794206158,26.34437196435689,0.0,16.877227541271104,26.746887041669144,26.584409367417557,15.83901963305457,13.546973519784714,34.80102478732416,13.73110773936341,21.081371213884967,15.903513610279791,10.901370888426552,19.28246265924003,22.861691593597698,30.67657826675376,33.65812177508711,42.279311326049125,41.07394886456034,49.13099134906427,20.00307839867417,50.94036269247895,12.915801607351675,18.666599902480147,55.93661784758474,27.746998012918873,36.78225565522477,15.327255573398979,79.30537685292174,38.983255958838974,20.191483225016576,20.843260803510148,11.920619262684966,10.039603875591949,37.18234807419038,30.60809005973776,22.31432885529549,48.91494398598811,22.24157878891918,10.53627492119442,34.06071022337045,35.57507862024433,24.16286169337669,23.1033298555752
35832324,18.28470254672529,17.934827847484666,13.015718491376713,11.90631989805159,25.64838228600176,17.165731339359233,21.295212412727683,12.039264946864117,5.4747135561214,11.645627866222316,18.165749690160204,19.71398220928762,4.256835965226079,25.580652170631176,37.39126457699267,17.076480332772196,43.22675602278221,12.769369787993417,14.052232808830784,18.37358066580959,22.831511422422288,14.945747175150025,18.451859286020774,9.625432817078917,15.107295066992572,10.13032027287779,17.539653221093545,17.70172473275233,29.285671950583996,22.14744894902108,30.09073146637359,14.675906180615293,40.01844019393504,9.565449508796444,19.581694132480955,54.88808816330025,20.729510517858678,9.573939140312048,25.812812997614607,12.141362151633537,19.652537297311568,23.08151976181319,16.786019461713863,22.1821894752193,31.18574423153717,24.72290885438488,10.262204171966186,28.224969245136283,20.01115738164803,16.826302524253737,17.065557202458564,10.941457285405116,35.73972441464215,13.90076465648183,42.76895897632905,38.278365203210875,52.3453853274514,17.70172473275233,56.365147728647194,14.9714914272278,24.536096458189657,28.401115001586355,63.882044077781,36.31595914868405,10.61153719615143,21.53285524205472,16.877227541271104,0.0,14.248591448864131,19.35974093734205,15.010103912103311,8.079706375510916,40.07193248699931,13.61873068710911,17.768122595129615,20.150654800499385,9.964565903931952,16.441129996309726,22.083669808757378,26.364746406446177,22.589599775070067,34.508919941886845,25.11162098270932,36.963339570745255,12.289087378198769,35.364758647123445,12.84624387552596,14.626727275561366,71.79336254430359,21.468026411688328,29.076168344829146,18.082903690936686,85.36382267812415,25.078238685273647,13.711745851215955,29.960486360075688,12.713235545080227,17.504273123843873,25.402405835318476,25.26100192544724,10.258115813875028,55.27355204395277,16.97938993426096,21.976931724136247,21.73510524684468,20.781174707465944,21.693516738952543,9.725339182888288
36051643,8.789085444981387,12.096254707428162,16.433369071123018,20.041821353724398,22.319749936880967,11.947623227768515,24.90132643785311,21.972292955839126,15.305011903515984,17.22863456726733,6.9928956751455535,20.2186050454041,16.65858386403914,20.988344205112586,29.21823972931666,6.021341603431533,34.52182630308605,14.474755710397869,22.555554857410936,21.10196305943303,26.612040137353407,16.26863188083821,15.623003273779243,21.39073325970279,20.130824865429016,4.595718309472608,17.280461897606923,28.424377496835334,24.29011498337569,11.96768220833521,17.712917573894817,19.983329787294085,44.432507864198264,11.996076894845158,7.329988141677275,46.58107262108304,27.25703588343809,20.662989532706902,12.549059622899282,2.33145192839103,12.256160466792,11.952814224539042,28.71659623879697,32.871613511999385,32.31902433628542,21.65882956115551,12.971318438802447,19.690836065116955,8.251701459185817,11.539794200405842,8.417062360200868,16.1409290883993,38.08213895161693,20.48197729930673,42.58576212255235,24.173058033560366,64.40900875004417,28.424377496835334,42.79768869207526,11.447338757364106,26.021493209830535,23.62819091457684,73.31460026655604,48.30293437657546,22.51897609563699,13.058346302777595,26.746887041669144,14.248591448864131,0.0,21.21091844368107,16.08034434135255,13.875116756731234,35.07324697060745,15.259190374176425,18.206449644932682,33.831967734914954,16.034024909496413,21.16572932736275,26.064296969813174,18.766143890496146,12.049535063170127,42.20268150876923,16.718409316984513,25.162849701535013,9.15294020778829,27.9749046385074,16.889051154879215,13.801573039597587,81.96333393227306,20.72803998528762,19.962404202900796,29.337372557395604,98.93664227005821,20.97420792209288,26.917972572760693,33.85998985786525,26.33550095367904,24.010683094858706,34.76906318988248,14.617740246421347,10.493842234892538,51.548817757974795,12.933415737166477,26.492295299535943,30.908120750491708,10.990835700152882,18.252199122615444,21.24084436616763
36530615,24.667700986082497,15.317675411964451,22.49473294111927,9.881411349065127,18.816048634729075,14.08406925981134,32.67623482701403,20.277828045412416,19.60406339384315,9.195945175270568,17.700025312013494,21.41107191735023,20.92301124901364,35.60020559056549,41.22813280079954,17.49365065412639,40.55624172967339,13.784368415562444,14.324004021461777,9.516488971229691,9.889439842992283,11.98505554490463,26.802597853579048,15.2487269458597,17.16289643344426,18.249697189142747,17.898581061847526,22.901943230728463,30.24783036893822,16.930544024476873,33.257230301799616,25.221423514180017,41.197159105542056,12.163283579334696,19.65043384983806,47.16609167698371,28.88850926161017,15.354310066327704,25.44334429195426,20.96245498958536,19.491395275759977,18.77799735349513,22.39143253070958,25.317880918266493,21.689557298639272,12.777443454169143,17.66655435723511,34.836099880372416,18.92997565587641,20.683526261325415,17.730551288090055,8.958065571065562,23.748574104203964,7.725167659234347,43.44192375520913,38.297239736416664,48.86011895697549,22.901943230728463,50.491893141672215,24.45899803822744,40.70431782410641,36.009285146751324,61.85503955513526,48.83546929460687,19.221860775421952,20.963646862984465,26.584409367417557,19.35974093734205,21.21091844368107,0.0,16.332457599404982,22.717820945827466,44.938563503920754,21.021658950942847,9.535129061763653,27.037860831939845,22.04340165038772,34.51166227021036,40.11998108988912,18.845450249563882,17.556390987868493,26.992251344655585,26.940520041543138,29.958102120345696,15.999352975662003,31.05258072317139,16.627989923984405,14.187294905467141,73.3985971580275,4.700063092590187,18.789636582720735,18.25328597758748,85.63987841835254,39.00124343909971,21.317216572092956,24.279913906296834,22.414354366857047,19.096192616344922,33.695742479198906,24.714328468293267,11.560802740533266,46.27568233435574,14.307701333908165,26.844426798248026,33.791850805127254,21.326363391591265,14.631478286766889,23.404277474035222
36530635,24.125181561758488,20.909621631290847,25.29481910493675,13.28963819395057,11.251995898666205,8.255943135458734,35.085008021765596,11.294762666495936,11.00876280176868,9.77837702220354,16.831820063136714,5.923993021582569,13.849971882272644,35.79998177766678,44.55589633050503,15.446875079293449,47.67359029128006,3.302412510420737,10.778959654763243,9.089109959356842,14.92216330984694,4.366871207508053,11.499700104484237,17.642440359786015,5.212731955060069,14.437957415085233,2.6946479417144666,16.242047639522834,37.024346737542295,18.894140812392852,32.963117810525816,10.70213689279025,51.59084932497256,8.193299955022011,15.998051125583272,40.941228060778215,15.056260009154245,12.916775848446079,20.44776116203039,15.902758462227014,9.581503418369827,17.79471391700288,18.006655433177944,19.852887216552553,17.7798603735532,13.136407718864115,5.345860643167593,35.474657005073034,18.72707669094302,7.7486519610802835,10.605048572829126,14.694660919140684,23.85179405728287,13.127548984717253,30.016295422126653,33.57054275620742,53.072849113453394,16.242047639522834,51.9136411635712,10.894427065686658,37.40564812307231,20.525402963658475,57.91709998708609,40.07695598144511,13.85140281661045,11.517750202735002,15.83901963305457,15.010103912103311,16.08034434135255,16.332457599404982,0.0,11.503306455658054,29.774256796756443,5.660286191541182,7.756799470103026,25.831049194585088,9.395519420261673,23.115062015204696,27.999988437373947,14.946175616657767,19.157341972577864,40.47927926558841,30.7538940023146,34.417856211235545,7.018810284561421,39.545377406936936,3.3484450311473757,3.442623291133336,67.30510242769047,15.25584045694846,21.095720582547564,19.160578667888625,89.94969908593896,35.036256745029156,23.861946102195247,17.934702855720026,19.49565119926642,9.053597897988867,39.15496805701297,16.193028940491644,11.869070020493613,40.27913718001862,6.640436725341709,12.514431732189607,36.43839141328069,24.003447063164224,8.827787710146085,24.142579711469395
36744205,20.7152368114178,21.858521195588956,19.884477878258235,15.91758309619837,22.34324266248877,15.640341457206063,27.666482043526578,10.44113762607929,4.527486205298622,14.10010228142405,18.80974747336643,14.319412050652456,6.096519204543233,29.243838080165045,40.95478021262269,17.345089656353338,47.22476884380115,11.018642930028074,14.836457151362636,18.46181386841554,23.861232355567502,13.794709561647402,11.059300544990329,15.878285688511934,12.15785816198304,11.640543966251395,13.315243560861202,16.928409737839146,34.62522749706883,23.008071836882436,31.157001971390347,7.807930629708262,47.92891790999129,10.844744848301241,18.642513636225328,50.09474803528148,14.995085060476178,12.63322463032282,23.566139882473376,12.38567421761107,15.985600798601519,22.571212781725354,17.63198073692392,21.54126128872151,28.71363592911605,23.789445007435855,6.473566541767209,31.000840148245665,20.726111115038062,11.94648170906701,14.877099618271215,16.16889591446435,34.40005744885181,17.410919688294168,35.97214011737552,35.67031779102668,55.25657874863454,16.928409737839146,55.80317149630145,8.424886245793966,27.428235972158753,20.70275631124,62.09357838271612,34.602140519690735,11.945107462739585,17.73244062836468,13.546973519784714,8.079706375510916,13.875116756731234,22.717820945827466,11.503306455658054,0.0,32.323615428157794,7.411218970777835,17.47802512414019,23.223008602341416,3.4733371186719655,12.184881146093442,17.583874414189516,24.040083769531922,23.27121186991381,41.643067671176226,28.828288281049264,38.18329973358017,10.23769392214734,39.882767715901174,9.67315651270688,12.378677368327521,69.4120074445655,23.396721182385217,28.73301475849017,20.88517071264091,89.16035552929138,26.57230043266021,20.194184169865057,27.08252210872416,15.87963259447839,14.80926793338038,33.05699094417932,21.35092414475024,13.294292124134197,50.62686902895396,14.966640573712988,16.173539225798436,28.756631454495757,23.594594034966107,19.503121006023953,17.308061650850473
36890655,43.00438471355958,45.098490705258634,49.82803875163201,42.918461424726765,28.304472721116145,32.129553747038074,57.47568624857884,35.879383524113926,35.681634950363765,39.510859314557976,37.320968255876245,24.963920560111873,37.99771380756525,53.045251509615646,60.65228842098992,36.155450332125874,65.55195721792435,32.69455822138113,38.91959550581307,37.21441267855659,41.860515059999386,33.609393908788284,21.714520675420523,46.16386297633636,31.922907466830466,37.172737585846335,27.61868860529214,39.319009175593635,58.850631290178626,39.113400139861625,45.95591831931365,27.99990524765309,78.6085808267255,36.50906540956583,33.889245891012266,32.448206767847424,28.414716583659892,41.03018522862922,31.47294605036207,35.98720471453993,27.142278189314222,35.59125516175346,42.4724278979985,41.66879246277869,34.54224985006939,35.35041494430714,31.29011710702644,51.281016276839594,38.180557566181506,26.036987608160405,30.791597051461814,43.753868633621,41.503980205395926,42.88433426173967,19.26555349679246,35.343503862890024,76.00167828436959,39.319009175593635,56.1821372728045,25.778505785716472,52.93156678136857,12.357194237896667,67.3855038005132,51.256557569520325,39.872013357544084,26.368077484035155,34.80102478732416,40.07193248699931,35.07324697060745,44.938563503920754,29.774256796756443,32.323615428157794,0.0,27.40286668175688,35.60748763982666,50.44323946936066,31.053785920014867,34.21216420502855,34.586819552174696,30.74046411906227,38.8143232925771,70.25351323918954,50.444001414795345,48.97391668333382,31.857745844765798,60.350256075954775,31.47375401456378,31.388834457039472,73.31641076205145,42.153292377223686,38.20733355933124,46.36661580517269,112.21576338028632,48.06691817091023,51.29962435467417,34.441218043238486,44.88690366560508,33.19769742293156,65.30001406381697,25.607519382149004,39.14715726193718,35.94418859673356,31.23698822080285,26.115509143887913,60.65410899194454,44.46389844926019,31.07546486831564,49.582028508527245
36922926,23.612348486185315,22.88862886931094,24.975044238776725,16.180869085218877,15.57579856806892,11.706126106861829,33.87709791211729,10.614946722175864,8.91491254855554,13.203738655075155,18.24276096805534,7.02378890755536,11.684771707637033,34.26264179093914,44.2936747573263,16.69450541747398,49.00685268857968,7.265464834028978,13.393711338460994,14.443519077514178,20.146563389731856,9.579843857222762,7.200780490295581,18.791475003438595,7.649102878949778,14.003118338046136,6.48693522608537,16.45884976646286,37.84942126312518,21.413867446313017,32.6819636499739,6.199146835460772,52.644712793631676,10.386171513892034,17.090785103404826,43.23765576477358,12.425871185200544,14.037400095297185,21.127646506923735,14.773516051346844,11.136359925787879,20.090400778437022,18.340929803330194,20.541336845242114,22.30035392373778,18.481252506658635,4.244786867521512,34.57640824819994,20.15232270982576,7.185687343059263,11.96557509484237,17.284692906489486,28.61526310062745,16.77608709608054,29.682756310200688,33.58618957558977,55.227104376847784,16.45884976646286,53.57984608059668,6.795900968411162,34.22917005166659,16.95444363172501,59.16568695110954,37.152466743460884,13.72574687119816,12.884517623892824,13.73110773936341,13.61873068710911,15.259190374176425,21.021658950942847,5.660286191541182,7.411218970777835,27.40286668175688,0.0,13.239611747135037,25.83050282191692,5.27349673206284,17.89321566801643,22.532466245929825,18.64002181391268,21.602156370301522,43.564595337752756,31.296141555144935,36.78170541595081,8.041862566266477,41.41860909689785,5.361155521988667,7.778577770836643,67.35283927703186,20.410866779002262,24.869978403703698,21.15329718470502,91.02515318524156,32.080171072378306,24.243598456411178,21.274309950641975,19.077859831261236,10.869815663661617,38.893635418061116,16.983889536555413,13.876025955060094,43.219433377678655,10.439885574535413,11.248140342164332,35.274928338640045,24.976331771505812,13.726068580539948,23.252299273138632
37305743,24.70412414962328,18.1885937681484,25.24722153999145,11.015168435280343,10.366713558307666,7.694989045148712,35.67783218996197,15.472295082201445,15.541020415075113,7.600641344697836,16.05179604436837,12.120322011366696,17.891747432832666,36.906064271570614,43.838625314264185,15.175478209561929,44.80033841155149,6.520169488418185,11.012347517196604,3.5827026320472926,9.026009987392934,3.7912865319283493,18.66968911542628,17.091545603673442,9.71068806373317,16.13111820068762,8.670977619349982,18.993500231276567,34.85592556330989,16.29220916712815,33.07677467588374,17.994460953304493,48.69548875409302,8.669997459578134,16.21693833780864,40.638905312520414,21.458688917905626,13.853566486168063,21.163929019457676,18.268338424334278,12.059462052678802,16.14024257596614,19.966515642035706,21.83265131543896,15.537174224894853,7.503374240966528,11.189591213740217,35.91814092101959,17.689063589659355,12.920082756229974,12.09318886136881,11.956033934753599,20.21654090675672,9.474514683583527,34.3108865456397,34.467306492337556,51.14822210986419,18.993500231276567,49.87016563175712,17.39767106061422,40.58973094602034,27.24621405912307,58.635660011634556,45.000636569571626,16.47009018529467,13.698570329842186,21.081371213884967,17.768122595129615,18.206449644932682,9.535129061763653,7.756799470103026,17.47802512414019,35.60748763982666,13.239611747135037,0.0,27.030364869901405,15.93548483719754,29.622691049261544,34.8615565487257,12.898728435312291,16.702285920979488,35.53541367424896,29.42605682465685,31.197706245812366,10.102578755474905,36.02557353119333,9.238785835164988,6.170024021717535,69.45378781268107,7.746639455898979,17.071378631927246,18.40251792055442,88.79268339790165,38.10725816691618,23.785545931256944,17.878992602473158,21.466566202030844,12.388641366887466,38.573185310523684,18.086252195828862,10.807944799342748,39.647075869476176,6.856938757709895,18.563608677968848,37.12080613793263,22.64018827218537,6.393446816083064,25.206955885231363
37721727,37.887044289572124,34.504858522517566,28.607251069137202,17.954717544037493,34.984148196004426,31.57601872747237,34.08740102009096,15.366958495368761,19.498157479291116,20.9179195047899,36.197429553077384,28.40150326087339,18.047729191730802,43.43730318468767,55.41315527722436,35.14417230811137,59.9215971102057,24.70242189533977,16.24698452553087,24.67420404533631,25.04010388798514,25.332817880111655,32.25419869309007,14.547396148241704,21.535839606183284,29.58098570020873,27.950402558034245,12.01108955046748,45.17472589153143,38.84935941907829,49.8061804623171,23.12055362658948,44.939514906149135,24.136342406494077,37.55629674018195,65.12050368355577,22.59038392361198,14.223706098944396,43.79236539102042,31.965966984708746,34.72232711095269,39.86382909263935,8.665650022053113,12.305017738242457,33.25736958298037,34.09633411380174,24.174113326077563,47.2569806718777,38.128599809811924,31.97034138451834,33.69263832873615,22.497278747004227,34.690874738516705,19.746232103298055,45.636929007889684,57.044289989517466,33.66855251672439,12.01108955046748,74.30221987580333,30.939133795243848,39.085118687750445,41.10189235978747,48.590122453025366,24.886408606573458,12.341839688870119,36.79202442411249,15.903513610279791,20.150654800499385,33.831967734914954,27.037860831939845,25.831049194585088,23.223008602341416,50.44323946936066,25.83050282191692,27.030364869901405,0.0,22.066787708979366,28.573470212769045,32.506249399154,39.468315569381694,39.40623121961193,30.931375656443088,43.27031750595454,53.98060994468292,28.341663745855183,51.08438476413001,22.63538474610381,27.25229348146684,56.025820493621254,30.39607741136382,43.238967999987004,9.977004171839258,65.95452979136459,43.09202362386802,11.248140342164334,28.674876123709048,7.578702289644431,19.740569461001577,27.739863013360395,41.36575563971932,26.212293914063547,59.55879448074818,30.64051680114534,25.18952950521734,27.13104079561834,39.19661975221843,32.59823044429212,19.44222209522358
37901421,23.400566211749044,23.381810576046597,22.42813993138718,15.100825716202758,20.35133816563781,15.19526033716765,30.588653338171422,7.891675753199614,4.824666053527638,13.173350478894642,20.12561170206128,11.588276444456845,7.076489659155628,32.52249248570054,43.867151711341556,18.615786108545457,49.51102525069763,9.571688361619309,12.6437087061303,16.522660016828286,21.79947415518134,12.165420049399215,10.464341442587832,15.905924239591107,9.189640678818185,13.786239282864752,11.09341932476931,14.290322016155075,37.1094612566847,23.869576433510435,33.639963706701316,4.918116057584929,49.88958725428917,10.791866531916108,19.724184897077272,48.50856364511123,11.90654193082913,11.52621695948163,24.501386155649428,14.809790049804358,15.563540656266639,23.210147867327773,15.532821568198885,18.79535359241982,25.83413499680466,22.295049259601964,5.381713124487742,34.017216107919516,22.107652728485764,11.520464135751872,15.237552368631857,16.465591612000573,31.524430850137392,16.42270644318306,33.1305517924997,36.908222667745505,53.21554935959077,14.290322016155075,56.95413585935374,9.005598448131144,30.807603186233646,20.084346933194002,58.919457243147285,33.356737450663324,10.393754240161607,17.392925474526905,10.901370888426552,9.964565903931952,16.034024909496413,22.04340165038772,9.395519420261673,3.4733371186719655,31.053785920014867,5.27349673206284,15.93548483719754,22.066787708979366,0.0,14.256317581325252,19.278561386036998,23.198563190613626,24.142188160965713,41.71105086018523,31.289886950333837,39.38733402576988,10.371798949089111,41.87441755299677,7.184236182111389,11.122686496621297,66.45840894403759,22.527071863581178,28.606655604216265,19.098088930654658,87.79884985036763,30.024642864074117,20.435625326645127,23.80028782340975,15.048396463925778,11.582553453470695,34.88507622926996,21.36889059481087,14.046401396990433,48.008896433289486,14.176531970916121,12.825522885582888,30.98874535591604,25.642016984773257,17.99548172970994,19.183168853210617
38245739,25.794366148444123,30.844646784229173,24.909649985122233,27.026826817080348,33.25468124941209,26.865377762355205,28.637203118009715,19.7749054958801,15.400378180990847,25.926097978848837,27.789514321952442,24.211714787101457,14.72418102156551,29.677088246356092,43.34426118620292,26.47740005908603,52.52091504799961,23.121550429169073,25.809837391445136,30.561396224817422,35.79995348303898,25.90900462644368,17.260451906019146,24.910541494536414,23.337810266920105,20.277347415817477,24.367216436516344,24.80561837484766,39.717459125364506,32.5972603422156,35.055856828198955,15.197736673597156,52.00895307540808,22.666757484620888,27.366102499498748,58.035878558009266,20.33263517657251,22.833137406653584,30.918836759177125,19.618499038579607,25.83770887675608,31.987724544582136,25.27586441417299,28.96952855355752,39.68129666811756,35.60892023075117,18.473056386123492,33.115335151893326,29.335643680060212,21.554862585554844,24.83850565684872,26.971633927789654,45.56906834820585,28.891781947389475,40.903370041605676,40.38885904174414,61.7635380185707,24.80561837484766,61.988061311343564,15.828788119541345,22.7223536415014,22.770875160071373,67.34748102193578,31.89341415820305,20.88358702200773,27.080498593667595,19.28246265924003,16.441129996309726,21.16572932736275,34.51166227021036,23.115062015204696,12.184881146093442,34.21216420502855,17.89321566801643,29.622691049261544,28.573470212769045,14.256317581325252,0.0,5.692051475522687,34.570063866045714,32.743878270551214,50.10342503262626,34.30166885381854,46.18397395201067,21.445648719056297,46.6220530178503,21.393607456591944,24.211611441030282,72.1426701258871,35.41623285421289,39.16945484531484,30.018429305331477,92.4266368532362,23.517008738357863,26.632247153211686,37.04761216143228,22.435238541077776,25.05888720791834,35.47031434876212,29.437229457041447,24.253043785933638,59.45160384716294,26.362756798782367,23.44143876215087,29.50072758216373,30.81717378346042,30.98182180964554,21.647244628358592
38249582,30.393615694747478,36.218167576540225,29.970277780146418,32.54380986697157,37.678118649953845,31.94201179901784,32.52912422753463,24.49825278312279,20.886986696722296,31.453323141465162,32.822260453082755,28.31201215674657,20.208935759549725,33.04185802112056,46.827421038437635,31.525425144723354,56.77416467351804,28.34210628031115,30.891880100972156,35.77013975792091,40.997632978794584,31.106996623522576,20.80039062133209,30.314496515357003,28.102862633237898,25.642472484210256,28.972901234863517,28.935927612653682,44.30379410248066,37.6466450877583,38.75010697812751,19.241004391663132,56.38143533114424,28.219298553401334,32.122991404870525,60.83984097612353,23.20500886784849,28.126862359260805,34.98793759869547,24.691197240988856,30.360274208247855,36.796285190194496,29.58395285658255,32.76676758077164,43.97500411417952,40.6216229365593,23.681843665300956,36.68621637921008,34.26573825122165,26.05513556582957,29.709788893939468,32.65711825083437,50.00001929011973,34.4151604036746,42.23109430863953,43.315208303875934,65.2441499840626,28.935927612653682,65.44592299605496,20.153235885749627,24.558017654045457,24.093501313747566,69.21637270183984,31.629199325939318,25.821495792565372,31.41693169198379,22.861691593597698,22.083669808757378,26.064296969813174,40.11998108988912,27.999988437373947,17.583874414189516,34.586819552174696,22.532466245929825,34.8615565487257,32.506249399154,19.278561386036998,5.692051475522687,0.0,39.159140373524394,37.741350608790135,55.35256317461731,38.87420609856089,50.724439375906364,26.664569959742906,51.406721851449426,26.38262433174765,29.317915658713332,72.8455944458228,40.90106034707246,44.04735228000837,34.81728436877762,94.75709076369958,25.69394383896719,31.520838738735815,40.9650526661547,27.027042641595422,29.51607367811479,39.494066009971675,33.364151495723455,29.869350549304766,62.39015346991863,31.39434125281836,26.651547991262692,33.20810388259221,35.73732292715838,35.8225546765403,26.60650766260014
38585348,25.124891040428185,20.482107532940436,31.572721652257886,23.22696946101147,8.481392187002795,9.203727236360404,41.648640674051805,26.063058216019094,24.31605296072151,19.450720966255226,14.651117678361832,16.30059146489786,26.991425778494033,38.45535881410963,42.30376030454621,14.274135091895102,42.09268356833737,15.347185206947675,23.411402204661943,15.999469114241178,19.865711955456337,14.157613218812331,19.481678897676563,28.68789723557574,19.434261474416996,19.82944505790551,13.73070213671262,30.4153107686009,36.22033799080826,12.846036787936768,28.883908487353626,24.58193585232729,55.82943771615902,17.35817595867169,12.614424886895865,30.185949881491783,28.67883778333496,25.759616173231088,13.094722967474368,20.294762291246094,8.82489903484491,10.162842171174729,31.995578167539513,33.334559603424005,19.538493252379848,8.417445481246201,18.2544952841005,35.023807985475955,15.16350872110499,13.133474334606314,10.803450314970918,21.88536020718444,25.256915779936886,21.80373048341893,33.59428328138996,24.20744209935778,63.28276995237595,30.4153107686009,39.13733117043622,19.016636909265607,44.70937299446035,24.427223481509532,67.30407746173486,54.89485316112311,27.95435825903959,8.156645464813181,30.67657826675376,26.364746406446177,18.766143890496146,18.845450249563882,14.946175616657767,24.040083769531922,30.74046411906227,18.64002181391268,12.898728435312291,39.468315569381694,23.198563190613626,34.570063866045714,39.159140373524394,0.0,12.710734546914342,45.69312388366475,29.044869908044117,23.93328040944293,14.417185414354485,34.86505107955507,18.16471482198406,12.881340783389128,78.1904593533271,14.655239300469294,8.4946732775555,31.232853592520055,101.48274697644077,39.44907508159587,35.547721387843815,24.597386438996356,33.293920876488315,22.526751773270494,48.061728558866,9.427839786491784,17.932633759998296,34.363005044705844,9.596424762781808,24.81160418996198,45.93476914028152,22.089903643411542,7.253098511431435,34.582217280939574
38651018,14.378210387023762,9.627443129313281,22.476345602477007,22.150252094202642,19.516525716396895,11.061471060085896,31.756503096371347,27.96769518809792,23.29120933079537,19.08108877926305,5.146843506291487,23.30772848919413,25.114499138075683,27.335662556216768,29.915667928169153,6.288898462770604,30.04551829335213,17.479384664428597,25.550212188632315,20.061432462961655,24.160849190051888,17.335089850712578,22.80066187066804,25.794568926589925,23.712615947028617,13.493889864902595,19.658508690206386,33.41785570785058,23.693803540235045,0.6932736195099566,17.93546645316764,27.581288584584833,45.56942425963455,15.709013560009646,6.207045064660156,40.849642219483805,33.72034722004717,25.37051703922125,9.799585083474547,13.717009364887351,13.006856733715981,3.4060896476021214,33.789989226883584,37.152293620740245,29.640997020391897,16.154676884707644,19.205511479219084,23.32442700669896,4.232036124459381,16.039745113421205,10.011657322801259,17.790643000605087,34.46921859200647,21.256503376336127,44.57907428875215,21.22458082557534,65.85268709232284,33.41785570785058,34.90581225344006,19.886759837345423,36.11864964788836,29.668166537842268,75.30164607124323,57.025360680033444,28.38673403437917,12.960430809758954,33.65812177508711,22.589599775070067,12.049535063170127,17.556390987868493,19.157341972577864,23.27121186991381,38.8143232925771,21.602156370301522,16.702285920979488,39.40623121961193,24.142188160965713,32.743878270551214,37.741350608790135,12.710734546914342,0.0,40.775479680122025,16.48434539001876,15.48062264104938,13.89778412111494,22.740644517633715,21.225414459265703,15.812806706148002,85.80959774927898,15.315127338541775,9.146736740254982,32.371330635583476,102.07875961333325,30.37831127261065,32.17962143779843,33.66551571065903,32.61242378280704,27.464657462286507,40.14793048329406,13.44096618022085,13.360899716026038,46.92279499893912,12.80413361171765,31.369256444584497,38.0603970309424,9.810453929453981,15.375506929804981,28.61071764560749
38681626,41.25776442077297,33.325940054661295,31.25000242512774,27.49507273937115,45.32952266459465,40.02220354827435,35.42071962697446,37.3294696427547,37.38360878370756,30.772534690736645,40.237624262001354,45.60053442395307,36.49483945376154,45.17243969455799,50.26033337644221,40.372075917506265,48.63714566222865,37.6330355111181,32.530209132018186,34.008327587090946,31.431628639183888,36.7881505541378,50.14063554975478,26.073898121786588,39.01518077975889,38.1631301119574,42.70940154912332,36.92217546976503,37.00514639040089,40.0910894656837,50.36274031707268,45.24278948075593,26.85721504549569,34.49389059936629,43.43728782804249,73.29140468022155,47.74606326104067,30.786618271123317,49.84540846258071,40.97717170356008,45.38050242119405,43.24242278124198,33.98569847496186,37.578251688975634,44.37652888396606,39.41712825663483,39.74375833424177,47.296640707583265,41.109421887217465,45.42896652850012,42.66749706887491,27.393541619312018,42.97009439535453,27.389392724054147,66.82599293556628,61.69349021326219,40.446172342297814,36.92217546976503,70.10919372763381,47.112772507392656,48.29714167670678,60.24629080329805,67.71078200700387,55.29391166002517,33.67286818318108,47.034670234643215,42.279311326049125,34.508919941886845,42.20268150876923,26.992251344655585,40.47927926558841,41.643067671176226,70.25351323918954,43.564595337752756,35.53541367424896,30.931375656443088,41.71105086018523,50.10342503262626,55.35256317461731,45.69312388366475,40.775479680122025,0.0,40.19825770503818,48.78940714950326,39.75044582264214,39.78877951665935,39.02763248199413,39.146816144939734,78.88199943403275,31.281521557672658,43.71932035451376,28.043675848612303,69.3595703562241,50.956084033214324,24.652083210381434,44.62060645834007,31.616065809710584,39.22411237664324,25.71478174124758,50.71404343161203,33.05401977377328,70.13914741426503,40.27194265340778,47.80631982150511,31.175962449513992,38.931028755993594,41.42390713880848,29.576172842340505
39089662,8.810710283653604,11.72982281862292,16.371684269971194,29.012940228641515,35.00455622646244,24.61010939642756,20.975019247415187,35.49666154724968,28.80263004241042,27.615847241887174,15.206639896850302,35.76098824192902,29.07601491638607,13.798469476391336,14.488981299122367,16.329945676685195,18.51281209829253,28.242951723963603,34.312661611645915,32.08549530299297,35.88558529180283,29.101335141463625,32.319110794089944,29.154559600965115,34.34176094968817,17.56187244606408,32.20755201470604,41.267707862110875,8.797692302541991,16.37361201612355,10.719770954223492,35.837238311474124,34.74973400516545,24.16727408294167,17.986771969855706,56.263022046397296,42.97898767775785,31.535652926470547,21.15164388088253,17.08515968883126,26.568032992039807,19.099932384206273,40.44595148803819,45.44868592040138,44.39599742761088,31.399166386918438,28.085508621098867,9.384312791092652,14.166021215872945,27.50945122418045,22.399442712663976,23.151208339243187,48.73676350235541,29.153363997079122,58.522667953563456,27.273767808304225,71.71099274840796,41.267707862110875,37.75548211559166,28.154383610018087,26.54726716134161,39.56403929515974,86.23752829341194,61.04601405179187,34.46925950363612,26.880134302283302,41.07394886456034,25.11162098270932,16.718409316984513,26.940520041543138,30.7538940023146,28.828288281049264,50.444001414795345,31.296141555144935,29.42605682465685,43.27031750595454,31.289886950333837,34.30166885381854,38.87420609856089,29.044869908044117,16.48434539001876,40.19825770503818,0.0,19.164862847805786,23.99646912576108,12.757814032764726,31.397026244190887,27.732557179522164,95.74138787521689,27.349870384254558,24.816127109138403,39.030132577936165,104.18374247092459,20.882047852657102,33.25890990110646,47.14627975756912,36.634612840678834,37.98848679708408,32.84868773873661,27.025068612203427,20.404883600695058,63.36476232369883,26.16790112914653,42.323846474202945,30.555171217598087,7.15430034522958,30.355710128354666,26.21289437684382
39368604,22.955459590258698,20.336926224548463,32.84070865273361,36.503809829744725,32.19593336121815,26.17860558730865,39.75458478270996,43.403589496798595,38.43571375761003,33.90689923468667,19.412564391393527,37.99930477055578,39.992208978475446,32.00390094356524,26.673470486192414,20.859858114463663,21.33769326066171,32.899329742342196,40.58832865294537,34.3615340098971,37.27211654533061,32.494187133411884,36.750141723082734,39.77836973757964,39.036990369172855,27.474941612474023,34.57999300285521,48.73396603259653,24.423629375565785,15.85221163233584,17.490285204381667,42.78511715538477,49.336256951657774,30.992457454894105,20.01031127168047,43.77940440435434,48.97992059754806,40.31489634934318,18.48422697803252,26.976801400203254,27.052656985959807,16.83191545819059,48.927709868093025,52.32146842064267,41.96738630362743,28.407151388338818,34.612256367020144,25.211673332451024,17.479408078940303,30.546004009668685,24.85263967830363,31.591164241972237,45.929616880506664,35.402900824971574,56.73648875540713,19.515839328450046,78.67573028395914,48.73396603259653,21.648038867425274,34.0734928744716,44.45318168063104,41.49755180195038,89.29533162489516,72.30253280487483,43.573788200015386,26.21385996150953,49.13099134906427,36.963339570745255,25.162849701535013,29.958102120345696,34.417856211235545,38.18329973358017,48.97391668333382,36.78170541595081,31.197706245812366,53.98060994468292,39.38733402576988,46.18397395201067,50.724439375906364,23.93328040944293,15.48062264104938,48.78940714950326,19.164862847805786,0.0,29.26902392848554,17.734729113512802,36.661389458389785,31.12424697884272,100.5324628401729,27.609659346667087,16.42945448996774,46.81903311950064,114.51814812508977,37.08121154978623,45.63884511996658,47.29694413549582,47.401754310662334,42.6991959250362,49.62767625025375,24.33704182988528,28.12785249727075,53.96092336126208,27.860364333469345,46.3735868332947,48.184266160114966,17.613027848726066,29.104919389076272,41.21475767246485
39468590,17.149275107894766,15.09724860527856,20.074316644258417,13.962164853889893,14.833168300275512,5.575957092591301,29.854010493099697,14.858960170595527,10.493452289354895,10.333091530797025,10.464523931527609,11.883487844026826,12.987845165405593,29.1529132180045,37.602683405682086,8.973636375414069,41.273897983631976,5.502219804914227,14.648266400189033,12.749040189105854,18.653129664663513,7.437534374862223,11.647950055028096,17.23769889593328,11.312720748623597,7.81417573847287,8.515910527412245,20.897481021063616,30.667926154708777,13.63982818058123,26.127449385007235,13.769748810871404,47.41682192979974,5.46502483667973,10.035879117721239,42.815707466348215,20.125229878404873,14.437129130400187,15.5625907532237,9.109654394164066,7.464668541344717,12.959444290851176,21.784708589897587,25.040820708824782,23.621240657049995,14.89275721982374,5.3642253762424525,28.48026897479351,12.44905719969439,5.921697633216881,5.447336350079088,12.416731212648985,29.454087921946726,14.069311396712765,35.557812081118975,28.899295348333677,57.37588518534498,20.897481021063616,47.31224859719377,8.629037955646309,32.16164264350547,21.20546317789367,64.55773295489301,43.448808079059724,16.21623528596461,9.40623170028723,20.00307839867417,12.289087378198769,9.15294020778829,15.999352975662003,7.018810284561421,10.23769392214734,31.857745844765798,8.041862566266477,10.102578755474905,28.341663745855183,10.371798949089111,21.445648719056297,26.664569959742906,14.417185414354485,13.89778412111494,39.75044582264214,23.99646912576108,29.26902392848554,0.0,33.5290306885883,8.219806522386836,4.776856316038224,73.73295655932219,15.165227897138799,18.514095724770442,22.432607710140154,93.33386678048245,28.896567608790434,23.629692452434774,24.730262953302496,21.178007060172373,15.278772129767074,36.12240766139033,13.521172250710045,7.291610895660031,44.82853938172432,5.421336884233158,18.55072780252467,33.01274240776925,17.34334369577529,10.84083785940376,21.29979522042739
39543627,21.276060551691515,18.904304300543977,25.66166908773323,35.97685471108895,41.54874811580426,32.537264092980784,29.210783601518454,44.81292803045687,39.06088818914919,35.04028899084893,24.060359134379745,44.73251304783434,39.41099085351137,24.032147416965568,16.702519974332123,25.508858297326054,9.77386867092945,36.87115179466828,42.01327295970378,38.406173169954286,40.69901705602414,36.90469199097906,43.14290230042007,36.76426645207218,42.98579273022527,28.383085206834092,40.87239421384586,49.83935098371122,10.247115607749905,22.615573596555542,19.177005934564658,46.41364606064387,33.2682185686231,32.91340362593238,26.91572407494309,60.16512438960494,53.08282993096583,39.83510727772144,29.224669124632268,28.55744367289943,35.28101499253659,25.844151414256903,48.752711208397415,53.51528461850794,49.84957872894004,36.347603494221694,37.95407011905187,19.351712142984773,22.673989595925338,37.28068052035654,31.45608467235297,30.175043033903247,52.90615743953993,35.52018463814177,67.20578454669942,33.20584466712293,75.61848146716837,49.83935098371122,35.38562672237464,39.215543595407446,37.50107748924613,50.3602406202424,92.70292205768935,71.39514367688268,43.38842875715164,35.407482093515426,50.94036269247895,35.364758647123445,27.9749046385074,31.05258072317139,39.545377406936936,39.882767715901174,60.350256075954775,41.41860909689785,36.02557353119333,51.08438476413001,41.87441755299677,46.6220530178503,51.406721851449426,34.86505107955507,22.740644517633715,39.78877951665935,12.757814032764726,17.734729113512802,33.5290306885883,0.0,40.461417872681665,36.215675592968644,103.49898804119339,31.372703635564495,28.100143395485492,45.84622904999942,107.7176523490892,32.58090127051804,40.620686432243176,53.73610120820514,45.29018495854092,46.39489484368,38.16533279822467,35.294759377066406,28.944624467884317,67.74147802484492,34.201209296109546,51.84638571820117,37.96707665627001,16.999047843901252,37.03227551219964,35.199512369882406
39648209,24.579927959887108,21.587993632471925,24.126163907118123,11.543804674372991,14.28005948072277,10.79242509978603,33.63807809676209,7.987651682249865,8.39660496982017,8.653313231348232,18.422026011289926,7.509409778226534,11.121654573049376,35.48401952893841,45.09650139088335,17.016226168861138,48.727266348867275,3.9128697703566147,8.367339972429592,9.612191487022416,15.080143744955734,5.610358300380521,12.40257417100791,15.194819957812786,3.274862506696434,14.524239046089198,5.652285699983687,13.288903143658255,37.20137624922352,20.89922026433708,34.26827238606954,8.847106417060804,50.23998116579279,7.7984070278185245,18.03807503491072,44.09195372019581,13.238622454597444,10.063791698960985,22.975124778951077,16.247068586523188,12.50934688492033,20.217231638804797,14.900625401364325,17.19993576895847,19.182553236927024,15.661885856376783,4.357065437599684,35.88706683646732,20.415612425479768,9.9885138778082,12.866943332831953,13.751784256885866,24.77155309099564,11.901158250324043,31.113499731766762,36.15745525127472,50.789470267955245,13.288903143658255,54.65779810210747,11.524966018967179,36.05255789637744,21.859028049083378,56.468445329483124,37.10196016114182,10.578302811441478,14.506244983861016,12.915801607351675,12.84624387552596,16.889051154879215,16.627989923984405,3.3484450311473757,9.67315651270688,31.47375401456378,5.361155521988667,9.238785835164988,22.63538474610381,7.184236182111389,21.393607456591944,26.38262433174765,18.16471482198406,21.225414459265703,39.02763248199413,31.397026244190887,36.661389458389785,8.219806522386836,40.461417872681665,0.0,5.763778983445826,65.5275968998795,16.47450599451883,23.8752908487171,16.54626259520425,87.17520568808538,34.544616732590214,21.06330662112393,18.182001740463896,16.241295952956897,7.146342125049547,36.88817244023852,19.134999880087737,11.820783332548974,42.697671623692415,9.36920482354322,11.647694578894336,34.14337549374928,24.963127218484207,11.846991073846343,21.79859684526348
39877657,21.535508468573482,17.71214840193174,23.406029917792004,12.665161698994531,11.075935142718842,5.061568103335067,33.47827535745443,13.482927288655999,11.733875187056398,8.755549503403204,13.655826039512537,8.809424482771934,14.465349032389291,33.660243879724206,41.70058286296621,12.349078993355212,44.372036968904546,2.5671185018610663,11.978039687038446,8.646468702798066,14.66219686836876,3.2568443849772923,12.76329838694864,17.296305787004087,8.02427018629168,12.23724841580476,4.907857143769273,18.639522369614816,34.0532875812202,15.522475326433613,30.1559086503891,13.423500182249677,49.53185482956542,6.24801662956243,13.075321995453137,40.70744491402735,18.383797323111583,13.502746974573064,17.984182389813657,13.835770115374105,7.833923483341992,14.649953095062383,19.932993337364458,22.313374371084617,18.890451401047525,11.42886383554501,5.964499568450049,32.904337654904054,15.53163197190683,7.143781525636978,7.92784745729397,12.796194826619997,24.7171588358595,12.239470800683412,32.645308719147195,31.381519161728917,54.463466035986556,18.639522369614816,49.076439987080924,11.227766389413262,36.45769048338256,21.888096533076368,60.65159578633172,42.808231017610886,15.283077988109302,9.856301723946432,18.666599902480147,14.626727275561366,13.801573039597587,14.187294905467141,3.442623291133336,12.378677368327521,31.388834457039472,7.778577770836643,6.170024021717535,27.25229348146684,11.122686496621297,24.211611441030282,29.317915658713332,12.881340783389128,15.812806706148002,39.146816144939734,27.732557179522164,31.12424697884272,4.776856316038224,36.215675592968644,5.763778983445826,0.0,70.36340407777358,12.857811155554726,18.16810653963601,20.2222485578309,91.3211073238665,33.607705323970826,23.891129802396264,20.12684443383774,20.69106715810215,11.878209812884842,38.15721706683697,14.54200237421119,9.28103634554844,41.13707486649273,3.6405026627085726,15.950569767722845,35.60752132847369,20.875267320786236,7.305551939322217,23.494110204170624
40022556,89.10947177326742,85.33639991971893,83.35874665282216,67.59089075706657,69.85186602363225,75.05224846731775,89.48728673018726,60.53570407030228,67.84601481556935,68.71262208829306,83.80862189892581,64.5168265184078,68.00525672926598,97.00974039190352,109.05364835047533,82.47284741489676,112.68736992350878,68.85492483947698,61.712051255621965,66.46899758561679,64.70287578823162,68.52953629496446,70.98665144374394,68.15364477911176,62.54253324728896,79.11867674032305,67.18779876307059,54.52783425278042,99.48532675495562,85.44642127725953,99.63858126010763,63.03994273605656,99.43521334463242,71.96420222664315,83.30237043966046,86.45424337964626,55.82231154038783,64.41635063417108,87.09995958069612,80.87981138751033,75.83466356717821,84.6396180239609,55.72012620024684,50.35515552411289,60.74440708909324,72.75411777275951,69.04173257216269,99.81009056275367,85.76886875234175,73.47869587177115,77.87232773294681,73.47434826702188,58.89355110882632,67.9881829520417,56.94091574668327,98.95674352405267,44.815020567628636,54.52783425278042,117.21978327897916,73.25175446144918,90.97457368360608,73.20997569854433,16.042041872467998,45.979394115142405,61.574528208611724,77.2229032867784,55.93661784758474,71.79336254430359,81.96333393227306,73.3985971580275,67.30510242769047,69.4120074445655,73.31641076205145,67.35283927703186,69.45378781268107,56.025820493621254,66.45840894403759,72.1426701258871,72.8455944458228,78.1904593533271,85.80959774927898,78.88199943403275,95.74138787521689,100.5324628401729,73.73295655932219,103.49898804119339,65.5275968998795,70.36340407777358,0.0,74.31871745550966,85.05591345311832,58.19226467267675,63.54942112733864,94.1948008996724,67.08247052128947,54.039817929507954,60.85959165521191,58.6257566163796,82.81486371957972,81.15398542634546,75.61902171419909,70.89016355783218,73.37865134027322,56.953076234405316,82.26744267792283,89.89966284789554,71.78192410418639,74.74673491307355
40329319,24.951877659241596,15.820375225346544,25.17147841265273,13.036432659956589,15.184840742560727,11.741188563704867,35.57697731234989,21.668100934929363,20.975414313973673,11.039611385607035,16.375536231473813,19.757376335513566,22.792296818677425,36.90345303875072,41.72847632680839,16.200163232513244,40.568591817966116,13.280482119231454,16.01977386255009,8.7951337224267,9.865212283000353,11.050649361538206,25.461752342335934,18.915249941167037,17.051490580198912,18.634572738298075,16.201489226802185,24.61764901434207,31.63474549845363,14.783597357806634,32.376530015103135,25.28674461120104,44.99906670983569,12.809385307318014,17.670259072564814,42.57935558457434,28.941928376200035,17.933800587518142,22.671339618833233,20.967224808723333,16.846246013763498,16.006210778036863,24.755987809972794,27.037442786782744,19.204211511631136,8.488458976205596,17.61252119134073,35.269000055424016,17.45258924939368,18.877334349848674,15.712852213134157,12.062677410862095,21.880355564539098,10.829942745246955,40.95776555043425,35.27648891945743,51.87010438483976,24.61764901434207,47.346773651247744,23.52073734422483,42.672875713791946,33.94007155065413,62.56272001592262,50.9515402419996,21.476377927453335,18.038497473567055,27.746998012918873,21.468026411688328,20.72803998528762,4.700063092590187,15.25584045694846,23.396721182385217,42.153292377223686,20.410866779002262,7.746639455898979,30.39607741136382,22.527071863581178,35.41623285421289,40.90106034707246,14.655239300469294,15.315127338541775,31.281521557672658,27.349870384254558,27.609659346667087,15.165227897138799,31.372703635564495,16.47450599451883,12.857811155554726,74.31871745550966,0.0,14.78433107043664,21.28833409934367,89.35703745473704,39.99050604483219,25.347556282350673,22.995450253536095,25.444440514082363,19.297465349251773,37.90424602633863,21.51206050227948,12.524870960956088,42.34382018907267,12.037880838840499,26.19318272973243,37.577800981840916,21.153054020907124,11.178040760252275,26.82364123108892
40584525,23.50561205949612,17.453667103141754,30.745085655821153,25.61021347085501,16.253913385809124,13.446129258793846,40.44824064963279,31.348894387716417,28.538603957592358,22.348810179564094,13.631098546440288,23.896812387972393,30.814550136147993,36.40987139554578,37.532016310347174,14.181732777370133,35.174365883405684,20.30456496148529,27.8376307292666,20.163820336246385,23.019863715868386,19.059626696617986,26.044571294419228,30.71495692370212,25.484035635625244,21.183577234127654,20.67905019778399,35.8479021453799,31.32594132148049,9.342193660079976,25.271478357603907,31.02076629183693,52.11487413667253,20.380970067875612,12.974193823310944,33.64403874974914,35.841525853979334,29.338555162344992,13.285472510010434,21.67189851280503,14.814137267564758,8.288263514833437,36.743590273836055,38.86738069811206,25.627398140910753,12.470307128914971,23.321324565687426,31.927844852997055,13.158339206651426,19.108733338768012,14.37319317054009,22.695651692675327,29.945920530643008,24.005167341616154,41.96879243113279,22.632223662226426,66.38326563269018,35.8479021453799,33.35529940652829,24.459557821517862,45.08580188455182,31.462704020967468,73.56328437007247,60.95325319745769,32.318352467786376,14.183444721832766,36.78225565522477,29.076168344829146,19.962404202900796,18.789636582720735,21.095720582547564,28.73301475849017,38.20733355933124,24.869978403703698,17.071378631927246,43.238967999987004,28.606655604216265,39.16945484531484,44.04735228000837,8.4946732775555,9.146736740254982,43.71932035451376,24.816127109138403,16.42945448996774,18.514095724770442,28.100143395485492,23.8752908487171,18.16810653963601,85.05591345311832,14.78433107043664,0.0,34.82960305139259,104.1181926678789,39.28312415522246,37.452295916357116,31.266569198327232,37.06768145957525,28.7287418915109,47.3847500707866,14.121363945355341,19.23836154562309,39.71668484069168,14.687681030735734,32.376545722325446,45.90356481346749,18.679026583745518,13.751780376647059,35.75114594216705
40634927,34.14419247986458,28.66598702136806,26.895419894579355,10.486446278675896,26.640714438924615,24.270287794418152,34.864128942739285,11.822011469846673,16.667545380782546,13.35632175338755,30.074755976837558,22.223490731807086,16.541603105093596,42.26083974160429,52.461199353824576,29.106350680621414,55.13818725049716,17.883989689063114,8.395740095493117,15.574212394690234,15.128445523105745,17.60675262826553,28.28322139086879,10.805648560652273,15.008890562439886,25.210110559040977,21.155610057615768,9.064013183115835,41.65843303640296,31.801541076531187,45.404376980414476,20.502767359255557,44.98435328885286,17.888591963264105,31.352158295699294,56.84603803974668,20.581710298267858,8.921265436760015,37.47799457739574,27.92553697217558,28.04838749048377,32.75147371583688,6.680594520782627,9.852773756990283,24.423780693674715,24.94790081554039,19.10203002354483,44.516353080749745,31.96432444599744,26.253323433066427,27.31116613984777,16.15754073022809,25.650779359181936,11.441010390898212,40.97332506108888,51.028821387965614,35.18049378358898,9.064013183115835,67.04262425433238,27.022638531373634,41.069712399420574,37.50520568554103,48.477364800071214,32.36131792679624,9.255978230848571,30.07123854707521,15.327255573398979,18.082903690936686,29.337372557395604,18.25328597758748,19.160578667888625,20.88517071264091,46.36661580517269,21.15329718470502,18.40251792055442,9.977004171839258,19.098088930654658,30.018429305331477,34.81728436877762,31.232853592520055,32.371330635583476,28.043675848612303,39.030132577936165,46.81903311950064,22.432607710140154,45.84622904999942,16.54626259520425,20.2222485578309,58.19226467267675,21.28833409934367,34.82960305139259,0.0,71.11859741276668,42.97524501004583,12.343839123668685,21.10143245460544,9.124119840411014,13.361586492285442,30.65285884060475,34.76420383632257,20.173032289749028,51.421277260508035,23.30994016846882,21.143198128971193,30.47149479843983,34.01608713055441,24.267198615739723,20.286463768850844
40642213,101.32856519757891,96.0209311760884,89.39663638815743,80.39954084321909,95.9564517111799,95.2773437465852,90.89414186817298,80.46121069867776,85.40702525711251,84.01052707092398,100.0000195312481,91.61459193632432,83.88483160513883,103.90708186114965,114.37810590804129,99.26326702539845,116.52191390861836,88.97906822708528,79.37441552229643,85.50933661478841,82.1471220424912,88.61219061360222,97.51410154434076,77.68267608202814,85.1664959328901,94.42703438381847,91.63042679981207,74.88014091171691,102.42469604238521,101.42888238474376,113.0158581070527,87.91222895593081,85.58948533552471,88.53862884616748,101.92731422744795,122.80667734288718,84.51863415774217,78.98064546709544,108.37309531557995,97.07714042665059,99.13445415192439,103.13080810119048,72.6848917609754,71.58473999394005,88.44712961335775,93.92635412917932,89.58373121253202,108.84494578170464,101.7066102468332,97.07095031423826,98.3284271807331,84.65956435474196,84.8273482571846,81.1808963038815,100.51720257088047,121.87074953341649,39.8479252014097,74.88014091171691,135.82535923679922,96.7176130116261,98.18170146639106,105.32789542925254,62.23343153000644,68.65857557508748,77.912647935995,101.14457222113265,79.30537685292174,85.36382267812415,98.93664227005821,85.63987841835254,89.94969908593896,89.16035552929138,112.21576338028632,91.02515318524156,88.79268339790165,65.95452979136459,87.79884985036763,92.4266368532362,94.75709076369958,101.48274697644077,102.07875961333325,69.3595703562241,104.18374247092459,114.51814812508977,93.33386678048245,107.7176523490892,87.17520568808538,91.3211073238665,63.54942112733864,89.35703745473704,104.1181926678789,71.11859741276668,0.0,105.12194109699459,72.51315070243044,83.41150574075994,73.44153423381951,82.18802772196476,76.36425865547311,105.85462985964239,89.95601343010512,110.59950271135942,94.3654665110138,86.77957256679727,80.17981008484456,101.59662888108049,94.55498203743245,80.83316151184488
40772121,16.45184260197015,26.47505460572149,19.95744161697119,35.560131517118144,43.01381318832358,32.80634922673928,18.050456962076954,35.96341590090407,28.50274909010176,34.449970407244656,26.10294822907941,38.627007758645924,27.70657214613824,9.607811574578008,22.677160561038306,25.97430487787669,35.029317133773844,33.40158549723543,38.701576275041305,40.34513296993579,45.46433209888032,35.70627054477898,30.96055285897416,33.10001001911187,37.643560534194826,22.000958188963327,36.56703522236825,42.03776144817852,24.550463017527797,30.354941937022378,20.634651112403432,33.71412908559258,41.825859226081654,30.067732113583926,27.108342600795265,65.00155767364349,40.84548324321481,34.60973821609575,29.601378221758512,20.121050081409788,32.627021010199506,31.190811543880496,41.347598298348004,46.62348574567246,52.48906026371992,42.4660158244213,30.27274065113055,14.15785019776033,26.21876683919175,30.77096665261709,29.281917001202398,31.45738695247193,58.09591074833935,36.95853287096619,59.07118570640448,34.34824728915195,75.90139985533864,42.03776144817852,51.233500223378144,27.215360246253095,9.814556769139868,36.33301605366055,87.88698709137776,53.025363427954616,35.38287699605149,33.16867913424054,38.983255958838974,25.078238685273647,20.97420792209288,39.00124343909971,35.036256745029156,26.57230043266021,48.06691817091023,32.080171072378306,38.10725816691618,43.09202362386802,30.024642864074117,23.517008738357863,25.69394383896719,39.44907508159587,30.37831127261065,50.956084033214324,20.882047852657102,37.08121154978623,28.896567608790434,32.58090127051804,34.544616732590214,33.607705323970826,94.1948008996724,39.99050604483219,39.28312415522246,42.97524501004583,105.12194109699459,0.0,35.00425269323101,52.695367822426554,36.43564807461621,40.85438488660439,32.878146237280475,33.44683164871193,28.176524442461098,71.58821481221612,33.62442363936317,42.261506086440114,27.003212542115854,22.70346889794597,39.092941014844136,25.440567996803843
40881782,28.977948744342694,25.466783026891935,18.192639538185073,12.932756071573799,33.423962753644645,26.95699666916713,23.904912287929623,16.324131678393893,16.063550330467653,16.298150215320717,28.887745501064938,28.35636716797491,14.147626357421881,33.68625564503841,44.947635689614614,28.137059449058516,49.297121981810534,21.508148189058872,15.758124909493441,22.43492783906757,23.670798141535787,22.33265313879461,30.55654560546468,6.87168997580869,21.41304701104248,22.360420752552475,26.47767779107493,17.199880359913116,34.27468151944373,31.57399808975577,40.896698030104574,23.6978849703115,34.8509648656406,18.751177229578335,31.082737161513567,64.08772912807403,26.51111791242454,11.213390985833284,37.80080188765632,24.925888858388653,30.85238648899167,33.39311420845216,13.951789454177398,19.724072039018246,34.68476067208066,30.935544829278466,21.0719078247782,37.527167997661394,30.59457396877732,28.64323370730195,28.53364827992717,14.8432993924113,36.75743141749427,15.053043647338185,49.83481853131481,50.701958193762806,41.053511311788604,17.199880359913116,66.54700157345277,27.829988086856964,31.37017871497012,40.48495611036321,58.850138852641685,33.76082624032997,12.16743821559681,32.879428815972936,20.191483225016576,13.711745851215955,26.917972572760693,21.317216572092956,23.861946102195247,20.194184169865057,51.29962435467417,24.243598456411178,23.785545931256944,11.248140342164334,20.435625326645127,26.632247153211686,31.520838738735815,35.547721387843815,32.17962143779843,24.652083210381434,33.25890990110646,45.63884511996658,23.629692452434774,40.620686432243176,21.06330662112393,23.891129802396264,67.08247052128947,25.347556282350673,37.452295916357116,12.343839123668685,72.51315070243044,35.00425269323101,0.0,32.28652244385316,8.471748394824873,21.60492368125209,18.604074022856764,37.104976323060264,19.198477881949923,61.40512065760645,26.60360015839783,28.343961707729854,18.192765171369217,30.112444230262366,29.6872123735523,9.76881528467581
40963943,41.55737127452265,36.01488315257779,40.75137904039899,22.774686317535988,16.351449933899698,23.48833478550867,50.50397922641681,19.846352526545488,25.514429375487428,21.449804253685706,33.12625213944694,15.614158643535777,27.60657341724897,53.23743325195883,61.44703486222611,32.02646876047396,62.56038065828624,19.786134924193455,17.216798630640568,15.653505420458252,15.0757189365259,18.215540757864318,25.792412076230075,27.726499452463397,15.231197060301826,31.956952952248113,17.02016870386597,18.09589838779878,52.524944214158324,33.39020609950471,49.90257278254894,21.9147136544426,62.97613147927295,24.04435761467645,32.251200496730284,39.96659255816111,18.792119813795523,22.542826008848337,35.45188063787883,33.7372586335731,24.65414736405461,32.211748100642616,20.849128052976802,17.35512730540984,7.503409377676692,19.07578160356692,22.423472076998337,52.95071704179249,34.77209331096819,24.27802450826529,27.140509085606976,27.25778899216619,10.685688714919056,21.794632959313645,23.550532148595725,47.49450613014934,44.453657235250965,18.09589838779878,63.50846250255702,27.44152865765742,53.97418595308415,30.788338191161063,42.713923841539405,40.54174559752792,22.313136754340377,25.807198066517007,20.843260803510148,29.960486360075688,33.85998985786525,24.279913906296834,17.934702855720026,27.08252210872416,34.441218043238486,21.274309950641975,17.878992602473158,28.674876123709048,23.80028782340975,37.04761216143228,40.9650526661547,24.597386438996356,33.66551571065903,44.62060645834007,47.14627975756912,47.29694413549582,24.730262953302496,53.73610120820514,18.182001740463896,20.12684443383774,54.039817929507954,22.995450253536095,31.266569198327232,21.10143245460544,83.41150574075994,52.695367822426554,32.28652244385316,0.0,26.540917313464575,12.907205197564263,50.389811828331666,29.707872564485196,27.506694326087256,31.1268876711867,21.91772100032374,14.89469121852424,49.14858056876771,40.297075451462085,18.624692287263347,37.1889466304074
40974865,30.712051888026622,28.012425711581763,22.58075554773782,12.590902775553932,29.595671005806754,24.90008052808406,29.15433166787079,9.3794241237073,12.011374719013094,14.9202215086952,29.080163555641146,22.69376925988604,10.518128293817899,37.004823352993036,48.99764607598669,27.966597829121127,53.90519604654808,18.12779066408375,11.349389497911712,19.8085672448114,21.765261310152447,19.232241740078763,25.446961302013502,8.972796784534816,15.915808071600294,22.161925763487513,21.82954614415044,9.499325692837303,39.39679578754619,32.088535369075906,42.56646389561232,17.00774514924681,43.132831727577376,17.200673103702705,30.338261049619955,59.94752386282481,18.523087399346817,7.779738753930535,36.54026664822171,24.459601782154255,27.856159413744578,32.970780260867244,6.569318815061644,12.56465236601564,30.197321882294432,28.884002791925337,17.067067731670253,40.413048711682706,31.03549839286985,24.95357180996928,26.577075147698242,16.515312569150478,32.98921915182161,14.778621374459101,42.394695726046315,49.65843303030661,40.47476460295851,9.499325692837303,67.38627858883787,23.710133531862812,33.48341062057681,34.766635595312984,53.173124535234024,27.52526897414021,5.69584445804288,29.924019323558365,11.920619262684966,12.713235545080227,26.33550095367904,22.414354366857047,19.49565119926642,15.87963259447839,44.88690366560508,19.077859831261236,21.466566202030844,7.578702289644431,15.048396463925778,22.435238541077776,27.027042641595422,33.293920876488315,32.61242378280704,31.616065809710584,36.634612840678834,47.401754310662334,21.178007060172373,45.29018495854092,16.241295952956897,20.69106715810215,60.85959165521191,25.444440514082363,37.06768145957525,9.124119840411014,73.44153423381951,36.43564807461621,8.471748394824873,26.540917313464575,0.0,15.261625571350317,26.193575453949165,34.379799122422924,19.338813785368174,56.256289086007044,24.05357134673826,20.886166555213162,24.32579020493106,32.294100864047664,26.766112733037456,14.147754260563191
40995472,31.469068917807515,27.612813222860808,29.349282367593908,13.31231793815938,16.318945443008896,16.786146393493702,38.53341596626674,7.121853247356846,12.825612145446227,11.987306947284855,25.1837725129802,9.456388318982324,14.772355272926145,41.910109819011545,51.829311758811755,23.854909719922187,55.039508028424144,10.229830642811434,6.876290911258442,10.638672804678007,13.834203882190987,10.240989047272476,17.28791198573287,16.893322639612318,3.981768036688553,21.376311515875884,9.913948912662349,8.438075022108567,43.2081041032981,27.106539115311595,41.3475322378767,10.780246704424925,53.54518135445048,13.844465586315135,24.84502947585125,45.57159293512383,10.530077484416628,11.008304026595974,29.497351749817547,23.26602116191616,18.491351563491186,26.45894838498378,11.12537655863148,11.17590027605349,16.322735966708724,18.171783594580486,11.261930762525386,42.748774946333896,27.14635611911592,16.31822273958952,19.57820313812599,17.773304727533468,21.000129966899507,13.533975883455598,28.628137248552882,42.54799657026991,45.21207406308835,8.438075022108567,60.64147713401808,17.66108779318441,41.34058653867395,25.300758199566094,49.3278373455606,33.52419873503983,10.156788039618677,20.31134993241242,10.039603875591949,17.504273123843873,24.010683094858706,19.096192616344922,9.053597897988867,14.80926793338038,33.19769742293156,10.869815663661617,12.388641366887466,19.740569461001577,11.582553453470695,25.05888720791834,29.51607367811479,22.526751773270494,27.464657462286507,39.22411237664324,37.98848679708408,42.6991959250362,15.278772129767074,46.39489484368,7.146342125049547,11.878209812884842,58.6257566163796,19.297465349251773,28.7287418915109,13.361586492285442,82.18802772196476,40.85438488660439,21.60492368125209,12.907205197564263,15.261625571350317,0.0,39.3326037659378,24.907403705575888,17.772456555242456,41.13540933096991,15.19992914432141,8.73791964196407,37.19137886451092,31.624164967906353,15.481927613983606,25.08275559222259
41022570,31.837134371673592,30.90567477595444,18.829511130359368,28.58430265507004,48.50016108220672,39.533868731247445,15.532537842667889,33.54795569340411,30.23462734253196,31.3112849578422,36.862974734142114,44.33303317684478,27.86189770623794,29.185097159231315,39.34697503550234,36.70473875703548,44.91326361459022,36.28792558964011,33.39191611346068,38.23350878163995,39.62901946394169,37.39240235546258,43.701639938717776,22.84446523420355,38.225850692960925,30.995183200984954,41.83864474582563,35.52676297629668,29.57151685955592,39.576737887529106,42.029478236308464,38.993076308493535,19.936398872414244,31.979957222278802,39.95346476095945,78.09980793830418,43.29305266182034,28.391701758954053,46.380392751226616,32.742385160648126,43.339820027314374,42.392319362060164,32.34621617486387,38.148117203262416,51.77100387384103,44.905010856250776,35.28094241880712,35.01507611808884,37.85588331071629,41.52343098583303,39.75704275948592,26.85594602196493,53.784147923911874,30.30984014392102,67.0818453094593,57.08684755059878,52.22000164140721,35.52676297629668,70.19264476048912,39.93073169043279,26.67466601821595,53.34821667330805,75.52152011181978,45.77299058032659,29.732139367751216,45.06356055391006,37.18234807419038,25.402405835318476,34.76906318988248,33.695742479198906,39.15496805701297,33.05699094417932,65.30001406381697,38.893635418061116,38.573185310523684,27.739863013360395,34.88507622926996,35.47031434876212,39.494066009971675,48.061728558866,40.14793048329406,25.71478174124758,32.84868773873661,49.62767625025375,36.12240766139033,38.16533279822467,36.88817244023852,38.15721706683697,82.81486371957972,37.90424602633863,47.3847500707866,30.65285884060475,76.36425865547311,32.878146237280475,18.604074022856764,50.389811828331666,26.193575453949165,39.3326037659378,0.0,48.28412274108063,30.286063503859882,78.00160254764,39.868334891040114,45.47540430490107,7.023884709917472,33.728696980464576,43.93134199995893,15.763882770434446
41069516,21.527308668087713,21.271207462347924,30.43071836000078,26.49008735278622,14.359298087582392,11.210450250821903,39.45767474032485,26.799030113108845,23.297826791721473,22.55321549069581,13.221661703532682,16.869857917106216,25.861098411961642,34.17107847529156,38.90178203666095,12.559785119651053,41.23717627325537,16.938382854149886,26.487831226485252,21.43261541041549,26.646250247570833,17.342629625103978,14.537223526179222,30.584341171395184,21.32433574586805,17.478546217671333,15.017486477587,32.3193431373288,35.3349952240199,13.831144740034919,24.184695238063274,22.67481594426973,57.13689002022627,18.499480926320835,9.589993846598706,32.11023634460682,27.99144487215616,27.599439952620706,7.139368654225026,16.53719140127412,6.73426722291192,10.110922730171778,34.01581257670208,35.95245668952032,26.27471327072354,16.791743885668744,17.452833776637057,30.66216682962418,13.583284090804556,9.897747721471374,8.772512743413571,24.46317022094204,32.90469999719158,25.852365137984,33.66031875036295,18.036923413015305,68.6654929019602,32.3193431373288,37.56703550426532,14.063567995824375,39.71490796566589,17.869010929841146,71.71076231607542,53.90278615275454,29.08316031365453,4.722951767373106,30.60809005973776,25.26100192544724,14.617740246421347,24.714328468293267,16.193028940491644,21.35092414475024,25.607519382149004,16.983889536555413,18.086252195828862,41.36575563971932,21.36889059481087,29.437229457041447,33.364151495723455,9.427839786491784,13.44096618022085,50.71404343161203,27.025068612203427,24.33704182988528,13.521172250710045,35.294759377066406,19.134999880087737,14.54200237421119,81.15398542634546,21.51206050227948,14.121363945355341,34.76420383632257,105.85462985964239,33.44683164871193,37.104976323060264,29.707872564485196,34.379799122422924,24.907403705575888,48.28412274108063,0.0,18.982404483403922,38.91596925070598,11.722211093879164,24.95762191363473,44.905359309897136,20.52205120836649,13.176892941975503,34.028986077917814
41351443,15.131719295908054,10.076719571208598,14.720048524647817,10.03385272610964,19.172266002975906,9.273443782936882,25.145924492972362,16.128710422169977,11.39798282486879,7.541933963575835,10.141168513038009,17.70422239037322,12.781390625781123,26.377628700650003,34.522253706598775,9.313298129026059,37.45351594431088,8.726078134838843,14.09467876615865,12.782770874598501,17.465957315388707,9.59417240858497,18.582956915440658,12.714637572110208,14.363712088854198,6.833490370690333,14.049909890607685,21.547587225614397,25.588673896346076,12.82012532053881,25.46335102825513,18.40281791128637,40.48531192012124,4.040858525856231,12.161558913818228,47.84730245517768,24.413099020571032,12.4213339941819,18.93270937123209,9.715547634799062,13.589790901753489,14.220541140286493,21.26332596272207,25.55517525884348,26.247570296405673,16.33398882535832,9.81674185783394,26.25966517912386,12.00634221867013,13.169282880363873,10.25709282840793,5.963979050500084,30.751401093973428,10.216664999070503,41.7990418663588,32.104425371057246,54.72079548241268,21.547587225614397,48.144848199250035,15.055340479990337,30.43992772813085,28.369327186190183,65.9446529709806,44.75565018190435,15.586054637163691,15.314674556767931,22.31432885529549,10.258115813875028,10.493842234892538,11.560802740533266,11.869070020493613,13.294292124134197,39.14715726193718,13.876025955060094,10.807944799342748,26.212293914063547,14.046401396990433,24.253043785933638,29.869350549304766,17.932633759998296,13.360899716026038,33.05401977377328,20.404883600695058,28.12785249727075,7.291610895660031,28.944624467884317,11.820783332548974,9.28103634554844,75.61902171419909,12.524870960956088,19.23836154562309,20.173032289749028,89.95601343010512,28.176524442461098,19.198477881949923,27.506694326087256,19.338813785368174,17.772456555242456,30.286063503859882,18.982404483403922,0.0,49.45684496131527,9.824268516221954,23.42571032768671,28.080567961031328,14.35872772618355,14.321464551690983,16.8265486459353
41520025,59.07857585453461,54.31064888595671,64.13320557227664,49.5258756437142,30.331759345610006,41.029528773859425,74.40901093486256,47.95884639610258,50.969131712355846,46.713451657003425,48.86336977992819,36.42247668585907,53.74328701659792,72.25764288307018,76.18749532859343,48.25397580050327,74.55386532380847,42.68343041404881,45.73313964433663,39.8322959395557,39.815283531843505,40.998334269808794,43.0106575939809,55.527132547787765,41.30336812834153,52.23087482407725,37.85220746400057,48.3152401011886,70.33584334729342,47.072236557714724,61.92834486694428,45.81058829572045,87.33847949214595,47.06848086291829,46.41912567851931,18.765127231116765,43.96106738713457,50.65996313235792,44.846835538809096,52.75834925050119,39.32543706050831,44.333276283805056,51.313292786767235,48.20758398681844,27.229772792217517,34.482024302526085,45.36276680544186,68.95509811141997,49.47205845627646,41.39862987350112,43.26761762211871,51.58978699751511,28.725445767958085,47.896479757769356,26.286080207505623,50.13212135783538,71.2999198556953,48.3152401011886,60.50074967969864,45.87352177454876,76.27057657223804,41.235691120947905,59.508402768012516,68.01899244573777,51.10645276644092,38.64549766526391,48.91494398598811,55.27355204395277,51.548817757974795,46.27568233435574,40.27913718001862,50.62686902895396,35.94418859673356,43.219433377678655,39.647075869476176,59.55879448074818,48.008896433289486,59.45160384716294,62.39015346991863,34.363005044705844,46.92279499893912,70.13914741426503,63.36476232369883,53.96092336126208,44.82853938172432,67.74147802484492,42.697671623692415,41.13707486649273,70.89016355783218,42.34382018907267,39.71668484069168,51.421277260508035,110.59950271135942,71.58821481221612,61.40512065760645,31.1268876711867,56.256289086007044,41.13540933096991,78.00160254764,38.91596925070598,49.45684496131527,0.0,40.15560013525165,39.06333594146861,76.30034548495894,56.45241358879176,35.18372675114411,64.02538559040468
41601526,20.480254476268072,16.365703009778294,24.116290999101196,15.031410800639984,9.926803042812608,1.7488633140557805,34.28312696345342,17.114642022642617,14.764258867021763,11.053267056797145,11.38581761481961,10.763606176590274,17.41605160456994,33.24005237663485,40.124235640249715,10.225325993173355,42.15752369470045,6.0743350992143075,15.217174171662856,10.190871567653511,15.860288548272605,5.846436380889207,13.767917618708921,19.853099394189197,11.468143890567678,12.308581431241858,6.932830072598169,22.211467764926685,32.88669380184439,12.586726557198476,27.984998613405185,16.467900474308983,50.013915523899406,8.134109956019493,10.41194369119289,38.41697706723067,21.54178613468771,16.682967965185917,14.933936998330728,13.549482549760162,5.427034034599232,11.324969150102085,23.461426204399324,25.767063173100354,19.473307138077537,9.71750180189545,8.930825112396313,31.65037174735917,13.052059646773289,6.89510475419164,5.541535597652094,14.069414085114301,25.371142768144125,14.260571472684223,33.54907098528445,28.322747121971542,57.264196568333865,22.211467764926685,45.54017105874245,12.15135370341086,37.352154219679505,22.087067968124956,63.366156907846644,46.376478712573444,18.768316301407634,7.224611500826082,22.24157878891918,16.97938993426096,12.933415737166477,14.307701333908165,6.640436725341709,14.966640573712988,31.23698822080285,10.439885574535413,6.856938757709895,30.64051680114534,14.176531970916121,26.362756798782367,31.39434125281836,9.596424762781808,12.80413361171765,40.27194265340778,26.16790112914653,27.860364333469345,5.421336884233158,34.201209296109546,9.36920482354322,3.6405026627085726,73.37865134027322,12.037880838840499,14.687681030735734,23.30994016846882,94.3654665110138,33.62442363936317,26.60360015839783,21.91772100032374,24.05357134673826,15.19992914432141,39.868334891040114,11.722211093879164,9.824268516221954,40.15560013525165,0.0,18.752050043160587,37.38863867580351,19.093805610679414,5.543703742733431,25.589866545983973
41602988,34.81541682885531,33.06472510097814,34.592961131025135,21.37485154990281,18.133177123805574,20.443035145261902,43.15037987791462,12.071632169813906,16.521850184437216,19.467538939012943,28.810397953116546,8.605617224114745,18.55188183478056,45.06259987907099,55.508147301961316,27.321394130786416,59.81565601720855,15.166434831174989,15.32253024699526,17.879635316331132,21.563852134899804,15.92339100260258,14.411600010964538,24.160693934324243,9.898730152841297,25.000893341986835,11.907239128807598,13.480197766376683,48.51482980094509,31.17452870003685,43.77197951609333,8.81628845653092,60.67109268509432,19.42098775584685,27.457832453851722,43.41670851771696,5.091366967188332,18.2259915659273,30.65424722156823,25.99065010999447,19.729250005641976,29.580860297612837,16.907803807196725,15.571265837148179,19.121131238818208,22.819043808419725,14.349673822398984,45.783165631922756,30.68740232677159,16.804550059868863,22.00158882010278,24.985002247848858,24.918239941199026,21.774366779966375,21.729030739415624,42.444980906054894,50.5155825959268,13.480197766376683,62.32289211218493,16.82233282106556,43.25154851490139,19.549139657301534,49.15526085193209,31.934074653368967,16.18114127753896,21.09863670727845,10.53627492119442,21.976931724136247,26.492295299535943,26.844426798248026,12.514431732189607,16.173539225798436,26.115509143887913,11.248140342164332,18.563608677968848,25.18952950521734,12.825522885582888,23.44143876215087,26.651547991262692,24.81160418996198,31.369256444584497,47.80631982150511,42.323846474202945,46.3735868332947,18.55072780252467,51.84638571820117,11.647694578894336,15.950569767722845,56.953076234405316,26.19318272973243,32.376545722325446,21.143198128971193,86.77957256679727,42.261506086440114,28.343961707729854,14.89469121852424,20.886166555213162,8.73791964196407,45.47540430490107,24.95762191363473,23.42571032768671,39.06333594146861,18.752050043160587,0.0,42.31940903636644,35.866876797954816,18.9815046996058,30.435679366697183
41641330,28.191753511714577,29.330287363457657,15.774031854266594,27.73538362061739,46.446591429175946,37.08730121001557,11.274397812636805,30.858424790743843,26.64934230992942,29.887240554865567,34.147930928715574,41.32813945070329,24.112832997658174,24.83026396065754,36.88104816414775,33.84054795645862,44.28612642802285,33.78794104447783,31.973588068846464,37.14430402872329,39.53550766865518,35.35226945087047,39.32991816030951,21.796569297614322,35.8065120223226,27.44647472199795,39.06394998153632,33.66839969697213,28.63300857695908,37.55378817667017,38.59913494218438,35.053219767451765,24.876408579816683,29.572626938711515,36.90352922976837,75.65893579708629,39.81261854397524,26.630971601407197,43.05222250982615,28.763475449274143,40.215343309202716,39.98017791384614,30.842290128590847,36.83289659160293,50.750816391825545,43.713007094476374,31.973347540550467,31.33418884543238,35.20310356851218,37.95355269860647,36.67377321444248,25.79750478019141,53.65512870800319,29.729180232945914,63.7986962819685,53.39368759092658,55.223433491465194,33.66839969697213,68.09703466459477,35.55351975828169,20.151379126788115,48.522440793938,75.6702347064938,42.72101151941211,27.470465478170752,41.88675673961533,34.06071022337045,21.73510524684468,30.908120750491708,33.791850805127254,36.43839141328069,28.756631454495757,60.65410899194454,35.274928338640045,37.12080613793263,27.13104079561834,30.98874535591604,29.50072758216373,33.20810388259221,45.93476914028152,38.0603970309424,31.175962449513992,30.555171217598087,48.184266160114966,33.01274240776925,37.96707665627001,34.14337549374928,35.60752132847369,82.26744267792283,37.577800981840916,45.90356481346749,30.47149479843983,80.17981008484456,27.003212542115854,18.192765171369217,49.14858056876771,24.32579020493106,37.19137886451092,7.023884709917472,44.905359309897136,28.080567961031328,76.30034548495894,37.38863867580351,42.31940903636644,0.0,31.29072817860946,41.967517023355356,12.358663332229295
41999225,6.519442077356007,6.34896198309038,15.648800237327675,23.689142101704302,27.855935184444984,17.503297210044185,23.30304251932437,29.879918160677704,23.576923609865172,21.67917622951262,8.110804907652508,28.926784850646357,24.39671485353548,17.984410300057952,21.300847661797665,9.297643817417162,24.040706288678415,21.620402178324635,28.445231108913603,25.511919017148774,29.644736027660286,22.354340149019315,26.236901493888332,24.96200582272742,27.878134898986083,11.968755693279718,25.310742996232563,35.714505282503424,14.85101795753409,9.641883067684917,12.30324745582172,29.995583008169717,38.273162921295125,17.946006764295582,11.15924980494434,50.14533876642973,36.96540526704566,26.34487277179352,15.366343983205892,11.764427269153115,19.588644669808065,12.36279012216007,35.29119564855672,39.854905112651586,37.42334270141256,24.485403815334557,21.854516648948877,14.373490258883615,7.195570482449687,20.813900859362878,15.424850741843931,18.064044228177448,42.03237655679661,23.604395144889995,51.63237513045075,24.333933223432023,67.59398219199272,35.714505282503424,37.413192349832364,22.24346345933265,28.286572759663066,33.79483030813375,80.17402946091708,56.94624658394968,29.32579030571936,19.96853392061559,35.57507862024433,20.781174707465944,10.990835700152882,21.326363391591265,24.003447063164224,23.594594034966107,44.46389844926019,24.976331771505812,22.64018827218537,39.19661975221843,25.642016984773257,30.81717378346042,35.73732292715838,22.089903643411542,9.810453929453981,38.931028755993594,7.15430034522958,17.613027848726066,17.34334369577529,16.999047843901252,24.963127218484207,20.875267320786236,89.89966284789554,21.153054020907124,18.679026583745518,34.01608713055441,101.59662888108049,22.70346889794597,30.112444230262366,40.297075451462085,32.294100864047664,31.624164967906353,33.728696980464576,20.52205120836649,14.35872772618355,56.45241358879176,19.093805610679414,35.866876797954816,31.29072817860946,0.0,23.230497018693704,24.16350554038052
42077350,25.47262395751548,20.130152227309708,28.97684040177022,17.19040478519479,5.0622289744817595,6.382854098777521,39.32827460571459,19.43936504180547,18.97400473887992,13.467719190536565,15.580097671070057,10.902542309008295,21.68569107686601,38.44866123847375,44.399583465811446,14.724743847755104,45.128667832231734,9.373502016714207,16.405931513250557,9.185617775687627,13.726058340744032,7.59583220512347,16.90102446892417,22.938000834283066,12.592126024755087,17.75520432250871,7.884791543882351,23.326844396945166,36.86742879095302,15.209283811198565,31.993326923231958,19.239284878722188,53.50365400358687,12.48784096933669,14.386512653885564,34.580828778504774,22.745267162477216,19.34243803291407,17.489604065588264,19.02708498243892,8.32046168458386,13.636826845473601,24.94906454665515,26.123336674480626,14.808785584629085,5.219290347886118,13.137382721061908,36.42493570660746,16.89272164233036,10.785007181770581,10.235896178901918,17.29569340293742,20.7573865163779,15.810052479745439,31.14905561842381,30.094130448783126,56.46245003949802,23.326844396945166,45.95529076173534,16.48237141594355,42.87455993742668,23.793261116623334,61.030611476455675,48.406508680596126,21.36640590317721,9.279863745866377,24.16286169337669,21.693516738952543,18.252199122615444,14.631478286766889,8.827787710146085,19.503121006023953,31.07546486831564,13.726068580539948,6.393446816083064,32.59823044429212,17.99548172970994,30.98182180964554,35.8225546765403,7.253098511431435,15.375506929804981,41.42390713880848,30.355710128354666,29.104919389076272,10.84083785940376,37.03227551219964,11.846991073846343,7.305551939322217,71.78192410418639,11.178040760252275,13.751780376647059,24.267198615739723,94.55498203743245,39.092941014844136,29.6872123735523,18.624692287263347,26.766112733037456,15.481927613983606,43.93134199995893,13.176892941975503,14.321464551690983,35.18372675114411,5.543703742733431,18.9815046996058,41.967517023355356,23.230497018693704,0.0,30.04707051080008
42131703,21.54247258324819,21.1263132305558,10.069848100129345,16.19789745881137,34.33497670015228,25.51344484323109,15.032641819361098,19.005215282099126,14.585047124801845,17.95799512660055,24.50773156067285,29.050581690704764,12.241708127011565,24.332969929820248,36.67084824640836,23.868309126445375,42.91585038224124,21.548538642451646,20.06151804258191,25.23762186482916,28.236368693704275,23.17297315383547,28.017851452243796,10.55453283027279,23.486014967469554,17.10254602646492,26.785881171289837,22.670654597555338,27.468270047001504,28.08428871677673,33.43990192593762,23.45548976252681,32.005624505702116,17.604654200119704,26.87970539443286,63.95842399559263,28.477272963642708,14.688362333107598,33.361484646894695,19.01385676214043,28.706096913373646,30.011218852687964,20.314340690092067,26.395476010978733,38.69516493663885,32.12102115437802,19.830403373587327,28.900211456358278,25.99168908006111,26.316291013117528,25.554862950291145,14.763337104089292,42.10715314146769,18.364286417137258,51.83202751682791,45.15585255986385,50.7472729738822,22.670654597555338,61.478884275867884,24.41099479059931,21.855125321890487,37.74341738045928,67.19374970932937,37.416573867739416,15.826252261262391,30.52767229105757,23.1033298555752,9.725339182888288,21.24084436616763,23.404277474035222,24.142579711469395,17.308061650850473,49.582028508527245,23.252299273138632,25.206955885231363,19.44222209522358,19.183168853210617,21.647244628358592,26.60650766260014,34.582217280939574,28.61071764560749,29.576172842340505,26.21289437684382,41.21475767246485,21.29979522042739,35.199512369882406,21.79859684526348,23.494110204170624,74.74673491307355,26.82364123108892,35.75114594216705,20.286463768850844,80.83316151184488,25.440567996803843,9.76881528467581,37.1889466304074,14.147754260563191,25.08275559222259,15.763882770434446,34.028986077917814,16.8265486459353,64.02538559040468,25.589866545983973,30.435679366697183,12.358663332229295,24.16350554038052,30.04707051080008,0.0
