record_id,database_source,title,original_pdf_collected,original_pdf_match_type,original_pdf_index,original_pdf_pmid,original_pdf_title,pdf_available_for_full_text_review,next_step,authors,year,journal,doi,pmid,duplicate_group_id,source_file,screening_decision,exclusion_reason,notes,ai_title_decision,ai_exclusion_reason,ai_confidence,ai_flags,ai_analysis_tier_hint,reevaluated_title_decision,reevaluated_title_reason,reevaluated_confidence,normalized_title,abstract,pubmed_title,pubmed_journal,pubmed_year,pubmed_doi,publication_types,mesh_terms,abstract_retrieval_status,abstract_source,title_abstract_screen_decision,title_abstract_exclusion_reason,title_abstract_confidence,human_participants_flag,acupuncture_like_intervention_flag,functional_brain_imaging_flag,original_empirical_data_flag,sham_or_placebo_flag,likely_coordinate_candidate_flag,needs_full_text_review,reviewer_notes
DUP_00258,Embase; PubMed,Acupuncture was associated with improved functional connectivity of the left hippocampal perceptual subregion in amnestic mild cognitive impairment,no,no_match,,,,no,abstract_review_then_retrieve_pdf_if_eligible,"Zhang J, Ou J, Chen J, Ma X, Lu X, Wu J, Li X, Lyu H, Liu Y, Xu J.",2026,Brain Imaging Behav,10.1007/s11682-026-01082-5,41806186.0,DUP_00258,PUBMED_0518.csv; records (1).csv,,,,include,title/metadata indicates acupuncture plus fMRI/functional neuroimaging,high,acupuncture_term; strong_fMRI_neuroimaging_term,systematic review / possible fMRI candidate,include,carried over from first title screen,high,acupuncture was associated with improved functional connectivity of the left hippocampal perceptual subregion in amnestic mild cognitive impairment,,Acupuncture was associated with improved functional connectivity of the left hippocampal perceptual subregion in amnestic mild cognitive impairment.,Brain imaging and behavior,2026,10.1007/s11682-026-01082-5,Journal Article,,no_abstract_in_pubmed,pubmed,include_for_full_text,,low,unclear,yes,yes,yes,no,no,yes,Acupuncture+fMRI terms present in title; abstract limited; No abstract available (no_abstract_in_pubmed); decision based on title only
DUP_01933,Embase; PubMed,Understanding the multifaceted brain mechanisms of acupuncture based on neuroimaging studies: findings and insights from meta-analyses,no,no_match,,,,no,abstract_review_then_retrieve_pdf_if_eligible,"Kang B, Yoon DE, Ryu Y, Lee IS, Chae Y.",2025,Front Neurosci,10.3389/fnins.2025.1643302,40904730.0,DUP_01933,PUBMED_0518.csv; records (1).csv,,,,include,title/metadata indicates acupuncture plus fMRI/functional neuroimaging,high,acupuncture_term; strong_fMRI_neuroimaging_term,systematic review / possible fMRI candidate,include,carried over from first title screen,high,understanding the multifaceted brain mechanisms of acupuncture based on neuroimaging studies findings and insights from meta analyses,,Understanding the multifaceted brain mechanisms of acupuncture based on neuroimaging studies: findings and insights from meta-analyses.,Frontiers in neuroscience,2025,10.3389/fnins.2025.1643302,Journal Article,,no_abstract_in_pubmed,pubmed,include_for_full_text,,low,unclear,yes,yes,yes,no,no,yes,Acupuncture+fMRI terms present in title; abstract limited; No abstract available (no_abstract_in_pubmed); decision based on title only
DUP_00618,PubMed,"Corrigendum to 'Multivariate resting-state functional connectivity predicts responses to real and sham acupuncture treatment in chronic low back pain' Neuroimage Clinical, 23, 2019, 101885",no,no_match,,,,no,abstract_review_then_retrieve_pdf_if_eligible,"Tu Y, Ortiz A, Gollub RL, Cao J, Gerber J, Lang C, Park J, Wilson G, Shen W, Chan ST, Wasan AD, Edwards RR, Napadow V, Kaptchuk TJ, Rosen B, Kong J.",2019,Neuroimage Clin,10.1016/j.nicl.2019.102105,31791913.0,DUP_00618,PUBMED_0518.csv,,,,include,title/metadata indicates acupuncture plus fMRI/functional neuroimaging,high,acupuncture_term; strong_fMRI_neuroimaging_term; sham_placebo_control_term; mechanism_deqi_pain_term,systematic review / possible fMRI candidate,include,carried over from first title screen,high,corrigendum to multivariate resting state functional connectivity predicts responses to real and sham acupuncture treatment in chronic low back pain neuroimage clinical 23 2019 101885,,"Corrigendum to 'Multivariate resting-state functional connectivity predicts responses to real and sham acupuncture treatment in chronic low back pain' Neuroimage Clinical, 23, 2019, 101885.",NeuroImage. Clinical,2019,10.1016/j.nicl.2019.102105,Published Erratum,,no_abstract_in_pubmed,pubmed,include_for_full_text,,low,unclear,yes,yes,yes,yes,no,yes,PubMed review type but has acupuncture+fMRI terms; keeping; Acupuncture+fMRI terms present in title; abstract limited; No abstract available (no_abstract_in_pubmed); decision based on title only
DUP_00181,Embase; PubMed,Acupuncture is not a unique explanation for functional magnetic resonance imaging finding,no,no_match,,,,no,abstract_review_then_retrieve_pdf_if_eligible,Wong YM.,2016,Intern Med J,10.1111/imj.13096,27405901.0,DUP_00181,PUBMED_0518.csv; records (1).csv,,,,include,title/metadata indicates acupuncture plus fMRI/functional neuroimaging,high,acupuncture_term; strong_fMRI_neuroimaging_term,systematic review / possible fMRI candidate,include,carried over from first title screen,high,acupuncture is not a unique explanation for functional magnetic resonance imaging finding,,Acupuncture is not a unique explanation for functional magnetic resonance imaging finding.,Internal medicine journal,2016,10.1111/imj.13096,Letter; Comment,Acupuncture; Acupuncture Therapy; Brain; Humans; Magnetic Resonance Imaging,no_abstract_in_pubmed,pubmed,include_for_full_text,,low,unclear,yes,yes,yes,no,no,yes,PubMed review type but has acupuncture+fMRI terms; keeping; Acupuncture+fMRI terms present in title; abstract limited; No abstract available (no_abstract_in_pubmed); decision based on title only
DUP_00101,Embase; PubMed,Acupuncture and brain imaging: what do we have to consider?,no,no_match,,,,no,abstract_review_then_retrieve_pdf_if_eligible,Chae Y.,2012,Acupunct Med,10.1136/acupmed-2012-010220,23086979.0,DUP_00101,PUBMED_0518.csv; records (1).csv,,,,include,title/metadata indicates acupuncture plus fMRI/functional neuroimaging,high,acupuncture_term; strong_fMRI_neuroimaging_term,systematic review / possible fMRI candidate,include,carried over from first title screen,high,acupuncture and brain imaging what do we have to consider,,Acupuncture and brain imaging: what do we have to consider?,Acupuncture in medicine : journal of the British Medical Acupuncture Society,2012,10.1136/acupmed-2012-010220,"Editorial; Introductory Journal Article; Research Support, Non-U.S. Gov't",Acupuncture Therapy; Brain; Brain Diseases; Humans; Neuroimaging; Radiography,no_abstract_in_pubmed,pubmed,include_for_full_text,,low,unclear,yes,yes,yes,no,no,yes,PubMed review type but has acupuncture+fMRI terms; keeping; Acupuncture+fMRI terms present in title; abstract limited; No abstract available (no_abstract_in_pubmed); decision based on title only
DUP_00610,Embase; PubMed,Correspondence on ''functional magnetic resonance imaging activation of the brain in children: real acupoint versus sham acupoint'',no,no_match,,,,no,abstract_review_then_retrieve_pdf_if_eligible,Wong YM.,2011,J Child Neurol,10.1177/0883073810389608,21285044.0,DUP_00610,PUBMED_0518.csv; records (1).csv,,,,include,title/metadata indicates acupuncture plus fMRI/functional neuroimaging,high,acupuncture_term; strong_fMRI_neuroimaging_term; sham_placebo_control_term,systematic review / possible fMRI candidate,include,carried over from first title screen,high,correspondence on functional magnetic resonance imaging activation of the brain in children real acupoint versus sham acupoint,,Correspondence on ''functional magnetic resonance imaging activation of the brain in children: real acupoint versus sham acupoint''.,Journal of child neurology,2011,10.1177/0883073810389608,Comment; Letter,Acupuncture Points; Brain; Child; Humans; Magnetic Resonance Imaging,no_abstract_in_pubmed,pubmed,include_for_full_text,,low,unclear,yes,yes,yes,yes,no,yes,PubMed review type but has acupuncture+fMRI terms; keeping; Acupuncture+fMRI terms present in title; abstract limited; No abstract available (no_abstract_in_pubmed); decision based on title only
DUP_00621,Embase; PubMed,Cortical activation by Yamamoto new scalp acupuncture in the treatment of patients with a stroke: a sham-controlled study using functional MRI,no,no_match,,,,no,abstract_review_then_retrieve_pdf_if_eligible,"Schockert T, Schnitker R, Boroojerdi B, Smith IQ, Yamamoto T, Vietzke K, Kastrau F.",2010,Acupunct Med,10.1136/aim.2010.002683,20923941.0,DUP_00621,PUBMED_0518.csv; records (1).csv,,,,include,title/metadata indicates acupuncture plus fMRI/functional neuroimaging,high,acupuncture_term; strong_fMRI_neuroimaging_term; sham_placebo_control_term,systematic review / possible fMRI candidate,include,carried over from first title screen,high,cortical activation by yamamoto new scalp acupuncture in the treatment of patients with a stroke a sham controlled study using functional mri,,Cortical activation by Yamamoto new scalp acupuncture in the treatment of patients with a stroke: a sham-controlled study using functional MRI.,Acupuncture in medicine : journal of the British Medical Acupuncture Society,2010,10.1136/aim.2010.002683,Controlled Clinical Trial; Letter,Acupuncture Points; Acupuncture Therapy; Brain Mapping; Humans; Magnetic Resonance Imaging; Physical Stimulation; Prefrontal Cortex; Scalp; Stroke Rehabilitation; Treatment Outcome,no_abstract_in_pubmed,pubmed,include_for_full_text,,low,yes,yes,yes,yes,yes,no,yes,PubMed review type but has acupuncture+fMRI terms; keeping; Acupuncture+fMRI terms present in title; abstract limited; No abstract available (no_abstract_in_pubmed); decision based on title only
DUP_00609,Embase; PubMed,Correspondence on ''effect of acupuncture on the brain in children with spastic cerebral palsy using functional neuroimaging (fMRI)'',no,no_match,,,,no,abstract_review_then_retrieve_pdf_if_eligible,"Wong M, Ming Y.",2009,J Child Neurol,10.1177/0883073809336117,19805828.0,DUP_00609,PUBMED_0518.csv; records (1).csv,,,,include,title/metadata indicates acupuncture plus fMRI/functional neuroimaging,high,acupuncture_term; strong_fMRI_neuroimaging_term,systematic review / possible fMRI candidate,include,carried over from first title screen,high,correspondence on effect of acupuncture on the brain in children with spastic cerebral palsy using functional neuroimaging fmri,,Correspondence on ''effect of acupuncture on the brain in children with spastic cerebral palsy using functional neuroimaging (fMRI)''.,Journal of child neurology,2009,10.1177/0883073809336117,Comment; Letter,"Acupuncture Therapy; Biomedical Research; Brain; Cerebral Palsy; Child, Preschool; Humans; Magnetic Resonance Imaging; Reproducibility of Results; Safety",no_abstract_in_pubmed,pubmed,include_for_full_text,,low,unclear,yes,yes,yes,no,no,yes,PubMed review type but has acupuncture+fMRI terms; keeping; Acupuncture+fMRI terms present in title; abstract limited; No abstract available (no_abstract_in_pubmed); decision based on title only
DUP_01327,PubMed,Needling sensation: explanation of incongruent conclusion drawn from acupuncture FMRI study,no,no_match,,,,no,abstract_review_then_retrieve_pdf_if_eligible,"Ho TJ, Duann JR, Shen WC, Lin JG.",2007,J Altern Complement Med,10.1089/acm.2006.6217,17309370.0,DUP_01327,PUBMED_0518.csv,,,,include,title/metadata indicates acupuncture plus fMRI/functional neuroimaging,high,acupuncture_term; strong_fMRI_neuroimaging_term,systematic review / possible fMRI candidate,include,carried over from first title screen,high,needling sensation explanation of incongruent conclusion drawn from acupuncture fmri study,,Needling sensation: explanation of incongruent conclusion drawn from acupuncture FMRI study.,"Journal of alternative and complementary medicine (New York, N.Y.)",2007,10.1089/acm.2006.6217,Letter,Acupuncture Points; Acupuncture Therapy; Adult; Clinical Trials as Topic; Female; Humans; Magnetic Resonance Imaging; Male; Needles; Perception; Qi; Sensation,no_abstract_in_pubmed,pubmed,include_for_full_text,,low,unclear,yes,yes,yes,no,no,yes,PubMed review type but has acupuncture+fMRI terms; keeping; Acupuncture+fMRI terms present in title; abstract limited; No abstract available (no_abstract_in_pubmed); decision based on title only
DUP_01606,Embase; PubMed,Retraction. New findings of the correlation between acupoints and corresponding brain cortices using functional MRI,no,no_match,,,,no,abstract_review_then_retrieve_pdf_if_eligible,,2006,Proc Natl Acad Sci U S A,10.1073/pnas.0602520103,16790551.0,DUP_01606,PUBMED_0518.csv; records (1).csv,,,,include,title/metadata indicates acupuncture plus fMRI/functional neuroimaging,high,acupuncture_term; strong_fMRI_neuroimaging_term,systematic review / possible fMRI candidate,include,carried over from first title screen,high,retraction new findings of the correlation between acupoints and corresponding brain cortices using functional mri,,Retraction. New findings of the correlation between acupoints and corresponding brain cortices using functional MRI.,Proceedings of the National Academy of Sciences of the United States of America,2006,10.1073/pnas.0602520103,Retraction Notice,,no_abstract_in_pubmed,pubmed,include_for_full_text,,low,unclear,yes,yes,yes,no,no,yes,Acupuncture+fMRI terms present in title; abstract limited; No abstract available (no_abstract_in_pubmed); decision based on title only
DUP_01061,PubMed,Functional magnetic resonance imaging of real and sham acupuncture. Noninvasively measuring cortical activation from acupuncture,yes,pmid_match,5.0,15825843.0,Functional magnetic resonance imaging of real and sham acupuncture. Noninvasively measuring cortical activation from acupuncture,yes,full_text_review_existing_pdf,"Parrish TB, Schaeffer A, Catanese M, Rogel MJ.",2005,IEEE Eng Med Biol Mag,10.1109/memb.2005.1411346,15825843.0,DUP_01061,PUBMED_0518.csv,,,,include,title/metadata indicates acupuncture plus fMRI/functional neuroimaging,high,acupuncture_term; strong_fMRI_neuroimaging_term; sham_placebo_control_term,systematic review / possible fMRI candidate,include,carried over from first title screen,high,functional magnetic resonance imaging of real and sham acupuncture noninvasively measuring cortical activation from acupuncture,,Functional magnetic resonance imaging of real and sham acupuncture. Noninvasively measuring cortical activation from acupuncture.,IEEE engineering in medicine and biology magazine : the quarterly magazine of the Engineering in Medicine & Biology Society,2005,10.1109/memb.2005.1411346,Clinical Trial; Journal Article; Randomized Controlled Trial,"Acupuncture; Acupuncture Therapy; Brain Mapping; Cerebral Cortex; Evoked Potentials, Somatosensory; Humans; Image Interpretation, Computer-Assisted; Magnetic Resonance Imaging; Physical Stimulation",no_abstract_in_pubmed,pubmed,include_for_full_text,,low,unclear,yes,yes,yes,yes,no,yes,PDF already collected; abstract may be limited; No abstract available (no_abstract_in_pubmed); decision based on title only
DUP_01649,Embase; PubMed,Somatotopic representation of acupoints in human primary somatosensory cortex: an FMRI study,no,no_match,,,,no,abstract_review_then_retrieve_pdf_if_eligible,"Nakagoshi A, Fukunaga M, Umeda M, Mori Y, Higuchi T, Tanaka C.",2005,Magn Reson Med Sci,10.2463/mrms.4.187,16543703.0,DUP_01649,PUBMED_0518.csv; records (1).csv,,,,include,title/metadata indicates acupuncture plus fMRI/functional neuroimaging,high,acupuncture_term; strong_fMRI_neuroimaging_term,systematic review / possible fMRI candidate,include,carried over from first title screen,high,somatotopic representation of acupoints in human primary somatosensory cortex an fmri study,,Somatotopic representation of acupoints in human primary somatosensory cortex: an FMRI study.,Magnetic resonance in medical sciences : MRMS : an official journal of Japan Society of Magnetic Resonance in Medicine,2005,10.2463/mrms.4.187,"Journal Article; Research Support, Non-U.S. Gov't","Acupuncture Points; Brain Mapping; Echo-Planar Imaging; Electric Stimulation; Evoked Potentials, Somatosensory; Humans; Image Processing, Computer-Assisted; Magnetic Resonance Imaging; Reference Values; Somatosensory Cortex",no_abstract_in_pubmed,pubmed,include_for_full_text,,low,yes,yes,yes,yes,no,no,yes,Acupuncture+fMRI terms present in title; abstract limited; No abstract available (no_abstract_in_pubmed); decision based on title only
DUP_01732,PubMed,The application of fMRI to basic experiments in acupuncture. The effects of stimulus points and content on cerebral activities and responses,no,no_match,,,,no,abstract_review_then_retrieve_pdf_if_eligible,"Ueda Y, Hayashi K, Kuriowa K.",2005,IEEE Eng Med Biol Mag,10.1109/memb.2005.1411348,15825845.0,DUP_01732,PUBMED_0518.csv,,,,include,title/metadata indicates acupuncture plus fMRI/functional neuroimaging,high,acupuncture_term; strong_fMRI_neuroimaging_term,systematic review / possible fMRI candidate,include,carried over from first title screen,high,the application of fmri to basic experiments in acupuncture the effects of stimulus points and content on cerebral activities and responses,,The application of fMRI to basic experiments in acupuncture. The effects of stimulus points and content on cerebral activities and responses.,IEEE engineering in medicine and biology magazine : the quarterly magazine of the Engineering in Medicine & Biology Society,2005,10.1109/memb.2005.1411348,Clinical Trial; Controlled Clinical Trial; Journal Article,"Acupuncture; Acupuncture Therapy; Adult; Brain; Brain Mapping; Evoked Potentials, Somatosensory; Female; Humans; Image Interpretation, Computer-Assisted; Magnetic Resonance Imaging; Male; Pain Threshold; Physical Stimulation",no_abstract_in_pubmed,pubmed,include_for_full_text,,low,unclear,yes,yes,yes,no,no,yes,Acupuncture+fMRI terms present in title; abstract limited; No abstract available (no_abstract_in_pubmed); decision based on title only
DUP_01519,Embase; PubMed,[Progress of the application of functional magnetic resonance imaging in research on mechanism of acupuncture],no,no_match,,,,no,abstract_review_then_retrieve_pdf_if_eligible,"Liang FX, Wang H.",2004,Zhongguo Zhong Xi Yi Jie He Za Zhi,,15609613.0,DUP_01519,PUBMED_0518.csv; records (1).csv,,,,include,title/metadata indicates acupuncture plus fMRI/functional neuroimaging,high,acupuncture_term; strong_fMRI_neuroimaging_term,systematic review / possible fMRI candidate,include,carried over from first title screen,high,progress of the application of functional magnetic resonance imaging in research on mechanism of acupuncture,,[Progress of the application of functional magnetic resonance imaging in research on mechanism of acupuncture].,Zhongguo Zhong xi yi jie he za zhi Zhongguo Zhongxiyi jiehe zazhi = Chinese journal of integrated traditional and Western medicine,2004,,Journal Article; Review,Acupuncture; Acupuncture Points; Animals; Brain; Electroacupuncture; Humans; Magnetic Resonance Imaging; Pain; Pain Management,no_abstract_in_pubmed,pubmed,include_for_full_text,,low,unclear,yes,yes,yes,no,no,yes,PubMed review type but has acupuncture+fMRI terms; keeping; Acupuncture+fMRI terms present in title; abstract limited; No abstract available (no_abstract_in_pubmed); decision based on title only
DUP_00236,Embase; PubMed,Acupuncture: the search for biologic evidence with functional magnetic resonance imaging and positron emission tomography techniques,no,no_match,,,,no,abstract_review_then_retrieve_pdf_if_eligible,"Cho ZH, Oleson TD, Alimi D, Niemtzow RC.",2002,J Altern Complement Med,10.1089/107555302760253577,12230898.0,DUP_00236,PUBMED_0518.csv; records (1).csv,,,,include,title/metadata indicates acupuncture plus fMRI/functional neuroimaging,high,acupuncture_term; strong_fMRI_neuroimaging_term,systematic review / possible fMRI candidate,include,carried over from first title screen,high,acupuncture the search for biologic evidence with functional magnetic resonance imaging and positron emission tomography techniques,,Acupuncture: the search for biologic evidence with functional magnetic resonance imaging and positron emission tomography techniques.,"Journal of alternative and complementary medicine (New York, N.Y.)",2002,10.1089/107555302760253577,Editorial; Comment,"Acupuncture Points; Brain; Electroacupuncture; Evidence-Based Medicine; Humans; Magnetic Resonance Imaging; Pain Management; Radiography; Reference Values; Tomography, Emission-Computed",no_abstract_in_pubmed,pubmed,include_for_full_text,,low,unclear,yes,yes,yes,no,no,yes,PubMed review type but has acupuncture+fMRI terms; keeping; Acupuncture+fMRI terms present in title; abstract limited; No abstract available (no_abstract_in_pubmed); decision based on title only
DUP_01118,Embase; PubMed,"[Hui KK, Liu J, Makris N, Gollub RL, CHen AJ, Moore CI, Kennedy DN, Rosen BR, Kwong KK: Acupuncture modulates the limbic system and subcortical gray structures of the human brain: Evidence from fMRI studies in normal subjects. Hum Brain Mapp 2000; 9: 13-25]",no,no_match,,,,no,abstract_review_then_retrieve_pdf_if_eligible,"Hennig J, Lacour M.",2000,Forsch Komplementarmed Klass Naturheilkd,,11203472.0,DUP_01118,PUBMED_0518.csv; records (1).csv,,,,include,title/metadata indicates acupuncture plus fMRI/functional neuroimaging,high,acupuncture_term; strong_fMRI_neuroimaging_term,systematic review / possible fMRI candidate,include,carried over from first title screen,high,hui kk liu j makris n gollub rl chen aj moore ci kennedy dn rosen br kwong kk acupuncture modulates the limbic system and subcortical gray structures of the human brain evidence from fmri studies in normal subjects hum brain mapp 2000 9 13 25,,"[Hui KK, Liu J, Makris N, Gollub RL, CHen AJ, Moore CI, Kennedy DN, Rosen BR, Kwong KK: Acupuncture modulates the limbic system and subcortical gray structures of the human brain: Evidence from fMRI studies in normal subjects. Hum Brain Mapp 2000; 9: 13-25].",Forschende Komplementarmedizin und klassische Naturheilkunde = Research in complementary and natural classical medicine,2000,,Journal Article,Acupuncture Therapy; Brain; Humans; Magnetic Resonance Imaging; Reference Values,no_abstract_in_pubmed,pubmed,include_for_full_text,,low,yes,yes,yes,yes,no,no,yes,Acupuncture+fMRI terms present in title; abstract limited; No abstract available (no_abstract_in_pubmed); decision based on title only
DUP_01072,Embase; PubMed,Functional MRI explores mysteries of acupuncture,no,no_match,,,,no,abstract_review_then_retrieve_pdf_if_eligible,"Fang B, Hayes JC.",1999,Diagn Imaging (San Franc),,10539699.0,DUP_01072,PUBMED_0518.csv; records (1).csv,,,,include,title/metadata indicates acupuncture plus fMRI/functional neuroimaging,high,acupuncture_term; strong_fMRI_neuroimaging_term,systematic review / possible fMRI candidate,include,carried over from first title screen,high,functional mri explores mysteries of acupuncture,,Functional MRI explores mysteries of acupuncture.,Diagnostic imaging,1999,,Journal Article,Acupuncture Therapy; Adult; Brain; China; Female; Humans; Magnetic Resonance Imaging; Male; Oxygen; United States; Visual Cortex,no_abstract_in_pubmed,pubmed,include_for_full_text,,low,unclear,yes,yes,yes,no,no,yes,Acupuncture+fMRI terms present in title; abstract limited; No abstract available (no_abstract_in_pubmed); decision based on title only
DUP_00347,Embase,Application and exploration of fNIRS in brain function mechanism of acupuncture against insomnia,no,no_match,,,,no,abstract_review_then_retrieve_pdf_if_eligible,,2026,World Journal of Acupuncture - Moxibustion,,,DUP_00347,records (1).csv,,,,include,animal/non-human study,high,acupuncture_term; possible_brain_neuro_term; coordinate_result_term; animal_flag; non_fMRI_modality_flag; acupuncture_adjacent_modality_flag,,include,carried over from first title screen,high,application and exploration of fnirs in brain function mechanism of acupuncture against insomnia,,,,,,,,no_pmid,,include_for_full_text,,low,unclear,yes,yes,yes,no,no,yes,Acupuncture+fMRI terms present in title; abstract limited; No abstract available (no_pmid); decision based on title only
DUP_00550,Embase,Clinical Efficacy of Electroacupuncture for Generalized Anxiety Disorder and Its Central Mechanism Based on Neuroimaging Changes,no,no_match,,,,no,abstract_review_then_retrieve_pdf_if_eligible,,2026,clinicaltrials.gov,,,DUP_00550,records (1).csv,,,,include,title/metadata indicates acupuncture plus fMRI/functional neuroimaging,high,acupuncture_term; strong_fMRI_neuroimaging_term,systematic review / possible fMRI candidate,include,carried over from first title screen,high,clinical efficacy of electroacupuncture for generalized anxiety disorder and its central mechanism based on neuroimaging changes,,,,,,,,no_pmid,,include_for_full_text,,low,unclear,yes,yes,yes,no,no,yes,Acupuncture+fMRI terms present in title; abstract limited; No abstract available (no_pmid); decision based on title only
DUP_01247,Embase,Mechanism of Acupuncture at GB34 in Modulating Brain Functional Networks with Post-Stroke Hemiplegia: An Interpretable Graph Neural Network Study,no,no_match,,,,no,abstract_review_then_retrieve_pdf_if_eligible,,2026,SSRN,,,DUP_01247,records (1).csv,,,,unclear,acupuncture plus possible brain/neuroimaging term; verify abstract,medium,acupuncture_term; possible_brain_neuro_term,needs abstract to determine neuroimaging eligibility,include_for_abstract,title suggests acupuncture plus functional MRI/neuroimaging/brain-network outcome,medium,mechanism of acupuncture at gb34 in modulating brain functional networks with post stroke hemiplegia an interpretable graph neural network study,,,,,,,,no_pmid,,unclear,,low,unclear,yes,no,unclear,no,no,yes,Acupuncture present; brain/imaging terms present but no clear fMRI keyword
DUP_01766,Embase,The Effect of Acupuncture Therapy on Cognitive Function in Post-COVID-19 Myalgic Encephalomyelitis/Chronic Fatigue Syndrome: A Study With Multimodal Magnetic Resonance Imaging,no,no_match,,,,no,abstract_review_then_retrieve_pdf_if_eligible,,2026,clinicaltrials.gov,,,DUP_01766,records (1).csv,,,,unclear,acupuncture plus possible brain/neuroimaging term; verify abstract,medium,acupuncture_term; possible_brain_neuro_term,needs abstract to determine neuroimaging eligibility,include_for_abstract,title suggests acupuncture plus functional MRI/neuroimaging/brain-network outcome,medium,the effect of acupuncture therapy on cognitive function in post covid 19 myalgic encephalomyelitis chronic fatigue syndrome a study with multimodal magnetic resonance imaging,,,,,,,,no_pmid,,unclear,,low,unclear,yes,no,unclear,no,no,yes,Acupuncture present; brain/imaging terms present but no clear fMRI keyword
DUP_01767,Embase,The Effect of Acupuncture Treatment on Cognitive Functions and Brain Networks for Long COVID: a Multimodal Magnetic Resonance Imaging Study,no,no_match,,,,no,abstract_review_then_retrieve_pdf_if_eligible,,2026,clinicaltrials.gov,,,DUP_01767,records (1).csv,,,,unclear,acupuncture plus possible brain/neuroimaging term; verify abstract,medium,acupuncture_term; possible_brain_neuro_term,needs abstract to determine neuroimaging eligibility,include_for_abstract,title suggests acupuncture plus functional MRI/neuroimaging/brain-network outcome,medium,the effect of acupuncture treatment on cognitive functions and brain networks for long covid a multimodal magnetic resonance imaging study,,,,,,,,no_pmid,,unclear,,low,unclear,yes,no,unclear,no,no,yes,Acupuncture present; brain/imaging terms present but no clear fMRI keyword
DUP_00184,Embase,Acupuncture Modulates Brain Connectivity and Outcomes of Pain and Vaso-occlusive Crisis in Patients with Sickle Cell Disease,no,no_match,,,,no,abstract_review_then_retrieve_pdf_if_eligible,,2025,Journal of Pain,,,DUP_00184,records (1).csv,,,,unclear,acupuncture plus possible brain/neuroimaging term; verify abstract,medium,acupuncture_term; possible_brain_neuro_term; mechanism_deqi_pain_term,needs abstract to determine neuroimaging eligibility,include_for_abstract,title suggests acupuncture plus functional MRI/neuroimaging/brain-network outcome,medium,acupuncture modulates brain connectivity and outcomes of pain and vaso occlusive crisis in patients with sickle cell disease,,,,,,,,no_pmid,,unclear,,low,yes,yes,no,unclear,no,no,yes,Acupuncture present; brain/imaging terms present but no clear fMRI keyword
DUP_00240,Embase,Acupuncture Therapy for Insomnia: An Alternative Therapy for the Modulation of Brain Functions,no,no_match,,,,no,abstract_review_then_retrieve_pdf_if_eligible,,2025,World Journal of Traditional Chinese Medicine,,,DUP_00240,records (1).csv,,,,unclear,acupuncture plus possible brain/neuroimaging term; verify abstract,medium,acupuncture_term; possible_brain_neuro_term; coordinate_result_term,possible coordinate-based meta-analysis candidate,human_check,brain/neural term present but imaging modality/design unclear from title,medium,acupuncture therapy for insomnia an alternative therapy for the modulation of brain functions,,,,,,,,no_pmid,,unclear,,low,unclear,yes,no,unclear,no,no,yes,Acupuncture present; brain/imaging terms present but no clear fMRI keyword
DUP_00355,Embase,Application of high-resolution magnetic resonance imaging (MRI) in the evaluation of acupuncture effects in traditional Chinese medicine,no,no_match,,,,no,abstract_review_then_retrieve_pdf_if_eligible,,2025,SLAS Technology,,,DUP_00355,records (1).csv,,,,unclear,acupuncture plus possible brain/neuroimaging term; verify abstract,medium,acupuncture_term; possible_brain_neuro_term,needs abstract to determine neuroimaging eligibility,include_for_abstract,title suggests acupuncture plus functional MRI/neuroimaging/brain-network outcome,medium,application of high resolution magnetic resonance imaging mri in the evaluation of acupuncture effects in traditional chinese medicine,,,,,,,,no_pmid,,unclear,,low,unclear,yes,no,unclear,no,no,yes,Acupuncture present; brain/imaging terms present but no clear fMRI keyword
DUP_00370,Embase,Assessing the Modulatory Effects of tDCS and Acupuncture on Cerebral Blood Flow in Chronic Low Back Pain Using Arterial Spin Labeling Perfusion Imaging,no,no_match,,,,no,abstract_review_then_retrieve_pdf_if_eligible,,2025,Brain Sciences,,,DUP_00370,records (1).csv,,,,include,title/metadata indicates acupuncture plus fMRI/functional neuroimaging,high,acupuncture_term; strong_fMRI_neuroimaging_term; mechanism_deqi_pain_term,systematic review / possible fMRI candidate,include,carried over from first title screen,high,assessing the modulatory effects of tdcs and acupuncture on cerebral blood flow in chronic low back pain using arterial spin labeling perfusion imaging,,,,,,,,no_pmid,,include_for_full_text,,low,unclear,yes,yes,yes,no,no,yes,Acupuncture+fMRI terms present in title; abstract limited; No abstract available (no_pmid); decision based on title only
DUP_00579,Embase,"Comparison of two electroacupuncture regimens on symptoms and brain structures in breast cancer survivors: A randomized, controlled trial.",no,no_match,,,,no,abstract_review_then_retrieve_pdf_if_eligible,,2025,Journal of Clinical Oncology,,,DUP_00579,records (1).csv,,,,unclear,acupuncture plus possible brain/neuroimaging term; verify abstract,medium,acupuncture_term; possible_brain_neuro_term; sham_placebo_control_term,needs abstract to determine neuroimaging eligibility,human_check,brain/neural term present but imaging modality/design unclear from title,medium,comparison of two electroacupuncture regimens on symptoms and brain structures in breast cancer survivors a randomized controlled trial,,,,,,,,no_pmid,,unclear,,low,yes,yes,no,unclear,no,no,yes,Acupuncture present; brain/imaging terms present but no clear fMRI keyword
DUP_00786,Embase,Effect of acupuncture treatment for upper limb on cortical activation and functional connectivity: A fNIRS study,no,no_match,,,,no,abstract_review_then_retrieve_pdf_if_eligible,,2025,Biomedical Signal Processing and Control,,,DUP_00786,records (1).csv,,,,include,title/metadata indicates acupuncture plus fMRI/functional neuroimaging,high,acupuncture_term; strong_fMRI_neuroimaging_term; sham_placebo_control_term; non_fMRI_modality_flag,systematic review / possible fMRI candidate,include,carried over from first title screen,high,effect of acupuncture treatment for upper limb on cortical activation and functional connectivity a fnirs study,,,,,,,,no_pmid,,include_for_full_text,,low,unclear,yes,yes,yes,no,no,yes,Acupuncture+fMRI terms present in title; abstract limited; No abstract available (no_pmid); decision based on title only
DUP_00933,Embase,Electroacupuncture Links Nociceptive and Nociplastic Pain via Brain Activation in Fibromyalgia,no,no_match,,,,no,abstract_review_then_retrieve_pdf_if_eligible,,2025,Journal of Pain,,,DUP_00933,records (1).csv,,,,include,title/metadata indicates acupuncture plus fMRI/functional neuroimaging,high,acupuncture_term; strong_fMRI_neuroimaging_term; mechanism_deqi_pain_term,systematic review / possible fMRI candidate,include,carried over from first title screen,high,electroacupuncture links nociceptive and nociplastic pain via brain activation in fibromyalgia,,,,,,,,no_pmid,,include_for_full_text,,low,unclear,yes,yes,yes,no,no,yes,Acupuncture+fMRI terms present in title; abstract limited; No abstract available (no_pmid); decision based on title only
DUP_01634,Embase,Selective Plasticity of Hippocampal Sub-Regions in the Amnestic Mild Cognitive Impairment After Acupuncture,no,no_match,,,,no,abstract_review_then_retrieve_pdf_if_eligible,,2025,Brain and Behavior,,,DUP_01634,records (1).csv,,,,unclear,acupuncture plus possible brain/neuroimaging term; verify abstract,medium,acupuncture_term; possible_brain_neuro_term,needs abstract to determine neuroimaging eligibility,human_check,brain/neural term present but imaging modality/design unclear from title,medium,selective plasticity of hippocampal sub regions in the amnestic mild cognitive impairment after acupuncture,,,,,,,,no_pmid,,exclude,not_functional_brain_imaging,medium,unclear,yes,no,,no,no,,
DUP_00326,Embase,Analgesic effect of electroacupuncture on pain in Parkinson's disease and mechanism based on rs-fMRI,no,no_match,,,,no,abstract_review_then_retrieve_pdf_if_eligible,,2024,Parkinsonism and Related Disorders,,,DUP_00326,records (1).csv,,,,include,title/metadata indicates acupuncture plus fMRI/functional neuroimaging,high,acupuncture_term; strong_fMRI_neuroimaging_term; mechanism_deqi_pain_term,systematic review / possible fMRI candidate,include,carried over from first title screen,high,analgesic effect of electroacupuncture on pain in parkinson s disease and mechanism based on rs fmri,,,,,,,,no_pmid,,include_for_full_text,,low,unclear,yes,yes,yes,no,no,yes,Acupuncture+fMRI terms present in title; abstract limited; No abstract available (no_pmid); decision based on title only
DUP_00327,Embase,Analgesic Effect of Electroacupuncture on Relieving Pain in Parkinson's disease (PD) and the Mechanism Based on RS-fMRI,no,no_match,,,,no,abstract_review_then_retrieve_pdf_if_eligible,,2024,Movement Disorders,,,DUP_00327,records (1).csv,,,,include,title/metadata indicates acupuncture plus fMRI/functional neuroimaging,high,acupuncture_term; strong_fMRI_neuroimaging_term; mechanism_deqi_pain_term,systematic review / possible fMRI candidate,include,carried over from first title screen,high,analgesic effect of electroacupuncture on relieving pain in parkinson s disease pd and the mechanism based on rs fmri,,,,,,,,no_pmid,,include_for_full_text,,low,unclear,yes,yes,yes,no,no,yes,Acupuncture+fMRI terms present in title; abstract limited; No abstract available (no_pmid); decision based on title only
DUP_00883,Embase,Efficacy and Mechanism Study of Acupuncture Combined With Neuromodulation Technology for Post-Stroke Aphasia Based on Multimodal Functional Magnetic Resonance Imaging,no,no_match,,,,no,abstract_review_then_retrieve_pdf_if_eligible,,2024,clinicaltrials.gov,,,DUP_00883,records (1).csv,,,,include,title/metadata indicates acupuncture plus fMRI/functional neuroimaging,high,acupuncture_term; strong_fMRI_neuroimaging_term,systematic review / possible fMRI candidate,include,carried over from first title screen,high,efficacy and mechanism study of acupuncture combined with neuromodulation technology for post stroke aphasia based on multimodal functional magnetic resonance imaging,,,,,,,,no_pmid,,include_for_full_text,,low,unclear,yes,yes,yes,no,no,yes,Acupuncture+fMRI terms present in title; abstract limited; No abstract available (no_pmid); decision based on title only
DUP_00885,Embase,Efficacy and Olfactory Network of Electro-acupuncture for Subjective Cognitive Decline: A Multicenter Randomized Controlled Trial and fMRI Study,no,no_match,,,,no,abstract_review_then_retrieve_pdf_if_eligible,,2024,clinicaltrials.gov,,,DUP_00885,records (1).csv,,,,include,title/metadata indicates acupuncture plus fMRI/functional neuroimaging,high,acupuncture_term; strong_fMRI_neuroimaging_term; sham_placebo_control_term,systematic review / possible fMRI candidate,include,carried over from first title screen,high,efficacy and olfactory network of electro acupuncture for subjective cognitive decline a multicenter randomized controlled trial and fmri study,,,,,,,,no_pmid,,include_for_full_text,,low,yes,yes,yes,yes,no,no,yes,Acupuncture+fMRI terms present in title; abstract limited; No abstract available (no_pmid); decision based on title only
DUP_00978,Embase,Evaluation of Therapeutic Effect and Brain Mechanism of Electroacupuncture in Treating Agitation Symptoms of Alzheimer's Disease,no,no_match,,,,no,abstract_review_then_retrieve_pdf_if_eligible,,2024,clinicaltrials.gov,,,DUP_00978,records (1).csv,,,,unclear,acupuncture plus possible brain/neuroimaging term; verify abstract,medium,acupuncture_term; possible_brain_neuro_term,needs abstract to determine neuroimaging eligibility,human_check,brain/neural term present but imaging modality/design unclear from title,medium,evaluation of therapeutic effect and brain mechanism of electroacupuncture in treating agitation symptoms of alzheimer s disease,,,,,,,,no_pmid,,unclear,,low,unclear,yes,no,unclear,no,no,yes,Acupuncture present; brain/imaging terms present but no clear fMRI keyword
DUP_01256,Embase,Mechanistic investigation of acupuncture treatment in patients with migraine: Evidence from brain imaging study (I),no,no_match,,,,no,abstract_review_then_retrieve_pdf_if_eligible,,2024,World Journal of Acupuncture - Moxibustion,,,DUP_01256,records (1).csv,,,,include,title/metadata indicates acupuncture plus fMRI/functional neuroimaging,high,acupuncture_term; strong_fMRI_neuroimaging_term; acupuncture_adjacent_modality_flag,systematic review / possible fMRI candidate,include,carried over from first title screen,high,mechanistic investigation of acupuncture treatment in patients with migraine evidence from brain imaging study i,,,,,,,,no_pmid,,include_for_full_text,,low,yes,yes,yes,yes,no,no,yes,Acupuncture+fMRI terms present in title; abstract limited; No abstract available (no_pmid); decision based on title only
DUP_01688,Embase,Study on Imaging Characteristics and Predictive Radiology of Brain Network Regulation by Acupuncture in Patients with Painful Temporomandibular Disorders,no,no_match,,,,no,abstract_review_then_retrieve_pdf_if_eligible,,2024,clinicaltrials.gov,,,DUP_01688,records (1).csv,,,,unclear,acupuncture plus possible brain/neuroimaging term; verify abstract,medium,acupuncture_term; possible_brain_neuro_term; mechanism_deqi_pain_term,needs abstract to determine neuroimaging eligibility,include_for_abstract,title suggests acupuncture plus functional MRI/neuroimaging/brain-network outcome,medium,study on imaging characteristics and predictive radiology of brain network regulation by acupuncture in patients with painful temporomandibular disorders,,,,,,,,no_pmid,,include_for_full_text,,low,yes,yes,yes,yes,no,no,yes,Acupuncture+fMRI terms present in title; abstract limited; No abstract available (no_pmid); decision based on title only
DUP_01714,Embase,Temporal-Spatial Acupuncture Effects on Poststroke Sensorimotor Cortex via Yanglingquan (GB34),no,no_match,,,,no,abstract_review_then_retrieve_pdf_if_eligible,,2024,Neural Plasticity,,,DUP_01714,records (1).csv,,,,unclear,acupuncture plus possible brain/neuroimaging term; verify abstract,medium,acupuncture_term; possible_brain_neuro_term,needs abstract to determine neuroimaging eligibility,human_check,brain/neural term present but imaging modality/design unclear from title,medium,temporal spatial acupuncture effects on poststroke sensorimotor cortex via yanglingquan gb34,,,,,,,,no_pmid,,exclude,not_functional_brain_imaging,medium,unclear,yes,no,,no,no,,
DUP_01929,Embase,Uncovering the mechanisms by which acupuncture improves motor function after stroke through neuroplasticity revealed by magnetic resonance imaging techniques,no,no_match,,,,no,abstract_review_then_retrieve_pdf_if_eligible,,2024,International Journal of Radiation Research,,,DUP_01929,records (1).csv,,,,unclear,acupuncture plus possible brain/neuroimaging term; verify abstract,medium,acupuncture_term; possible_brain_neuro_term; coordinate_result_term,possible coordinate-based meta-analysis candidate,include_for_abstract,title suggests acupuncture plus functional MRI/neuroimaging/brain-network outcome,medium,uncovering the mechanisms by which acupuncture improves motor function after stroke through neuroplasticity revealed by magnetic resonance imaging techniques,,,,,,,,no_pmid,,unclear,,low,unclear,yes,no,unclear,no,no,yes,Acupuncture present; brain/imaging terms present but no clear fMRI keyword
DUP_00331,Embase,Analysis of changes in connectivity of resting brain functional network before and after acupuncture combined with language rehabilitation training in patients with basal ganglia aphasia after stroke,no,no_match,,,,no,abstract_review_then_retrieve_pdf_if_eligible,,2023,Journal of Chinese Physician,,,DUP_00331,records (1).csv,,,,unclear,acupuncture plus possible brain/neuroimaging term; verify abstract,medium,acupuncture_term; possible_brain_neuro_term,needs abstract to determine neuroimaging eligibility,include_for_abstract,title suggests acupuncture plus functional MRI/neuroimaging/brain-network outcome,medium,analysis of changes in connectivity of resting brain functional network before and after acupuncture combined with language rehabilitation training in patients with basal ganglia aphasia after stroke,,,,,,,,no_pmid,,unclear,,low,yes,yes,no,unclear,no,no,yes,Acupuncture present; brain/imaging terms present but no clear fMRI keyword
DUP_00561,Embase,Cognitive Training to Enhance Brain-to-brain Concordance During Acupuncture,no,no_match,,,,no,abstract_review_then_retrieve_pdf_if_eligible,,2023,clinicaltrials.gov,,,DUP_00561,records (1).csv,,,,unclear,acupuncture plus possible brain/neuroimaging term; verify abstract,medium,acupuncture_term; possible_brain_neuro_term,needs abstract to determine neuroimaging eligibility,human_check,brain/neural term present but imaging modality/design unclear from title,medium,cognitive training to enhance brain to brain concordance during acupuncture,,,,,,,,no_pmid,,unclear,,low,unclear,yes,no,unclear,no,no,yes,Acupuncture present; brain/imaging terms present but no clear fMRI keyword
DUP_00613,Embase,"Corrigendum: Altered Functional Activity and Functional Connectivity of Seed Regions Based on ALFF Following Acupuncture Treatment in Patients with Stroke Sequelae with Unilateral Limb Numbness (Neuropsychiatr Dis Treat. 2023, 19, 233–245)",no,no_match,,,,no,abstract_review_then_retrieve_pdf_if_eligible,,2023,Neuropsychiatric Disease and Treatment,,,DUP_00613,records (1).csv,,,,include,title/metadata indicates acupuncture plus fMRI/functional neuroimaging,high,acupuncture_term; strong_fMRI_neuroimaging_term,systematic review / possible fMRI candidate,include,carried over from first title screen,high,corrigendum altered functional activity and functional connectivity of seed regions based on alff following acupuncture treatment in patients with stroke sequelae with unilateral limb numbness neuropsychiatr dis treat 2023 19 233 245,,,,,,,,no_pmid,,include_for_full_text,,low,yes,yes,yes,yes,no,no,yes,Acupuncture+fMRI terms present in title; abstract limited; No abstract available (no_pmid); decision based on title only
DUP_00616,Embase,"Corrigendum: Modulations of static and dynamic functional connectivity among brain networks by electroacupuncture in post-stroke aphasia (Front. Neurol., (2022), 13, 956931, 10.3389/fneur.2022.956931)",no,no_match,,,,no,abstract_review_then_retrieve_pdf_if_eligible,,2023,Frontiers in Neurology,,,DUP_00616,records (1).csv,,,,include,title/metadata indicates acupuncture plus fMRI/functional neuroimaging,high,acupuncture_term; strong_fMRI_neuroimaging_term,systematic review / possible fMRI candidate,include,carried over from first title screen,high,corrigendum modulations of static and dynamic functional connectivity among brain networks by electroacupuncture in post stroke aphasia front neurol 2022 13 956931 10 3389 fneur 2022 956931,,,,,,,,no_pmid,,include_for_full_text,,low,unclear,yes,yes,yes,no,no,yes,Acupuncture+fMRI terms present in title; abstract limited; No abstract available (no_pmid); decision based on title only
DUP_01336,Embase,Neural control of cerebral blood flow: scientific basis of scalp acupuncture in treating brain diseases,no,no_match,,,,no,abstract_review_then_retrieve_pdf_if_eligible,,2023,Frontiers in Neuroscience,,,DUP_01336,records (1).csv,,,,unclear,acupuncture plus possible brain/neuroimaging term; verify abstract,medium,acupuncture_term; possible_brain_neuro_term; sham_placebo_control_term,needs abstract to determine neuroimaging eligibility,include_for_abstract,title suggests acupuncture plus functional MRI/neuroimaging/brain-network outcome,medium,neural control of cerebral blood flow scientific basis of scalp acupuncture in treating brain diseases,,,,,,,,no_pmid,,include_for_full_text,,low,unclear,yes,yes,yes,no,no,yes,Acupuncture+fMRI terms present in title; abstract limited; No abstract available (no_pmid); decision based on title only
DUP_01511,Embase,Probing the flexible internal state transition and low-dimensional manifold dynamics of human brain with acupuncture,no,no_match,,,,no,abstract_review_then_retrieve_pdf_if_eligible,,2023,Biomedical Signal Processing and Control,,,DUP_01511,records (1).csv,,,,unclear,acupuncture plus possible brain/neuroimaging term; verify abstract,medium,acupuncture_term; possible_brain_neuro_term; sham_placebo_control_term,needs abstract to determine neuroimaging eligibility,human_check,brain/neural term present but imaging modality/design unclear from title,medium,probing the flexible internal state transition and low dimensional manifold dynamics of human brain with acupuncture,,,,,,,,no_pmid,,unclear,,low,yes,yes,no,unclear,no,no,yes,Acupuncture present; brain/imaging terms present but no clear fMRI keyword
DUP_00820,Embase,"Effects and Central Mechanism of Electroacupuncture and MRI-navigated rTMS for PSD: a fMRI-based Single-center, Randomized, Controlled, Assessor-blinded Trial",no,no_match,,,,no,abstract_review_then_retrieve_pdf_if_eligible,,2022,clinicaltrials.gov,,,DUP_00820,records (1).csv,,,,include,title/metadata indicates acupuncture plus fMRI/functional neuroimaging,high,acupuncture_term; strong_fMRI_neuroimaging_term; sham_placebo_control_term,systematic review / possible fMRI candidate,include,carried over from first title screen,high,effects and central mechanism of electroacupuncture and mri navigated rtms for psd a fmri based single center randomized controlled assessor blinded trial,,,,,,,,no_pmid,,include_for_full_text,,low,yes,yes,yes,yes,no,no,yes,Acupuncture+fMRI terms present in title; abstract limited; No abstract available (no_pmid); decision based on title only
DUP_01182,Embase,Investigating the Effects of Autonomous Sensory Meridian Response (ASMR) Stimulation on the Functional Connectivity of the Default Mode Network,no,no_match,,,,no,abstract_review_then_retrieve_pdf_if_eligible,,2022,clinicaltrials.gov,,,DUP_01182,records (1).csv,,,,include,title/metadata indicates acupuncture plus fMRI/functional neuroimaging,high,acupuncture_term; strong_fMRI_neuroimaging_term,systematic review / possible fMRI candidate,include,carried over from first title screen,high,investigating the effects of autonomous sensory meridian response asmr stimulation on the functional connectivity of the default mode network,,,,,,,,no_pmid,,exclude,not_acupuncture_like_intervention,medium,unclear,no,yes,,no,no,,
DUP_01207,Embase,Latent Characteristics and Neural Manifold of Brain Functional Network Under Acupuncture,no,no_match,,,,no,abstract_review_then_retrieve_pdf_if_eligible,,2022,IEEE Transactions on Neural Systems and Rehabilitation Engineering,,,DUP_01207,records (1).csv,,,,unclear,acupuncture plus possible brain/neuroimaging term; verify abstract,medium,acupuncture_term; possible_brain_neuro_term,needs abstract to determine neuroimaging eligibility,include_for_abstract,title suggests acupuncture plus functional MRI/neuroimaging/brain-network outcome,medium,latent characteristics and neural manifold of brain functional network under acupuncture,,,,,,,,no_pmid,,unclear,,low,unclear,yes,no,unclear,no,no,yes,Acupuncture present; brain/imaging terms present but no clear fMRI keyword
DUP_01569,Embase,Research on resting spontaneous brain activity and functional connectivity of acupuncture at uterine acupoints,no,no_match,,,,no,abstract_review_then_retrieve_pdf_if_eligible,,2022,Digital Chinese Medicine,,,DUP_01569,records (1).csv,,,,include,title/metadata indicates acupuncture plus fMRI/functional neuroimaging,high,acupuncture_term; strong_fMRI_neuroimaging_term,systematic review / possible fMRI candidate,include,carried over from first title screen,high,research on resting spontaneous brain activity and functional connectivity of acupuncture at uterine acupoints,,,,,,,,no_pmid,,include_for_full_text,,low,unclear,yes,yes,yes,no,no,yes,Acupuncture+fMRI terms present in title; abstract limited; No abstract available (no_pmid); decision based on title only
DUP_01684,Embase,Study on brain network function of the specific connection between Hégǔ (合谷LI4) and the facial-oral area,no,no_match,,,,no,abstract_review_then_retrieve_pdf_if_eligible,,2022,World Journal of Acupuncture - Moxibustion,,,DUP_01684,records (1).csv,,,,unclear,acupuncture plus possible brain/neuroimaging term; verify abstract,medium,acupuncture_term; possible_brain_neuro_term; acupuncture_adjacent_modality_flag,needs abstract to determine neuroimaging eligibility,include_for_abstract,title suggests acupuncture plus functional MRI/neuroimaging/brain-network outcome,medium,study on brain network function of the specific connection between he gu li4 and the facial oral area,,,,,,,,no_pmid,,exclude,not_acupuncture_like_intervention,medium,unclear,no,yes,,no,no,,
DUP_01771,Embase,The Effect of Laser Acupuncture in Different Meridians on the Autonomic Nervous System and Its Brain Mechanisms,no,no_match,,,,no,abstract_review_then_retrieve_pdf_if_eligible,,2022,clinicaltrials.gov,,,DUP_01771,records (1).csv,,,,unclear,acupuncture plus possible brain/neuroimaging term; verify abstract,medium,acupuncture_term; possible_brain_neuro_term; acupuncture_adjacent_modality_flag,needs abstract to determine neuroimaging eligibility,human_check,brain/neural term present but imaging modality/design unclear from title,medium,the effect of laser acupuncture in different meridians on the autonomic nervous system and its brain mechanisms,,,,,,,,no_pmid,,unclear,,low,unclear,yes,no,unclear,no,no,yes,Acupuncture present; brain/imaging terms present but no clear fMRI keyword
DUP_00250,Embase,Acupuncture Treatment Modulates the Hypothalamus Functional Connectivity in Patients With Chronic Insomnia Disorder,no,no_match,,,,no,abstract_review_then_retrieve_pdf_if_eligible,,2021,International Journal of Psychophysiology,,,DUP_00250,records (1).csv,,,,include,title/metadata indicates acupuncture plus fMRI/functional neuroimaging,high,acupuncture_term; strong_fMRI_neuroimaging_term; coordinate_result_term,possible coordinate-based meta-analysis candidate,include,carried over from first title screen,high,acupuncture treatment modulates the hypothalamus functional connectivity in patients with chronic insomnia disorder,,,,,,,,no_pmid,,include_for_full_text,,low,yes,yes,yes,yes,no,no,yes,Acupuncture+fMRI terms present in title; abstract limited; No abstract available (no_pmid); decision based on title only
DUP_00335,Embase,Analysis of the differences in brain function response after acupuncture and moxibustion at Zúsānlĭ (足三里ST36) in the patients with functional dyspepsia based on fractional amplitude of low frequency fluctuation of rest functional magnetic resonance imaging,no,no_match,,,,no,abstract_review_then_retrieve_pdf_if_eligible,,2021,World Journal of Acupuncture - Moxibustion,,,DUP_00335,records (1).csv,,,,include,title/metadata indicates acupuncture plus fMRI/functional neuroimaging,high,acupuncture_term; strong_fMRI_neuroimaging_term; acupuncture_adjacent_modality_flag,systematic review / possible fMRI candidate,include,carried over from first title screen,high,analysis of the differences in brain function response after acupuncture and moxibustion at zu sa nli st36 in the patients with functional dyspepsia based on fractional amplitude of low frequency fluctuation of rest functional magnetic resonance imaging,,,,,,,,no_pmid,,include_for_full_text,,low,yes,yes,yes,yes,no,no,yes,Acupuncture+fMRI terms present in title; abstract limited; No abstract available (no_pmid); decision based on title only
DUP_00521,Embase,Changed ACC-DMN functional connectivity after acupuncture with deqi for functional dyspepsia treatment,no,no_match,,,,no,abstract_review_then_retrieve_pdf_if_eligible,,2021,World Journal of Acupuncture - Moxibustion,,,DUP_00521,records (1).csv,,,,include,title/metadata indicates acupuncture plus fMRI/functional neuroimaging,high,acupuncture_term; strong_fMRI_neuroimaging_term; mechanism_deqi_pain_term; acupuncture_adjacent_modality_flag,systematic review / possible fMRI candidate,include,carried over from first title screen,high,changed acc dmn functional connectivity after acupuncture with deqi for functional dyspepsia treatment,,,,,,,,no_pmid,,include_for_full_text,,low,unclear,yes,yes,yes,no,no,yes,Acupuncture+fMRI terms present in title; abstract limited; No abstract available (no_pmid); decision based on title only
DUP_00612,Embase,"Corrigendum: Acupuncture With deqi Modulates the Hemodynamic Response and Functional Connectivity of the Prefrontal-Motor Cortical Network (Front. Neurosci., (2021), 15, (693623), 10.3389/fnins.2021.693623)",no,no_match,,,,no,abstract_review_then_retrieve_pdf_if_eligible,,2021,Frontiers in Neuroscience,,,DUP_00612,records (1).csv,,,,include,title/metadata indicates acupuncture plus fMRI/functional neuroimaging,high,acupuncture_term; strong_fMRI_neuroimaging_term; mechanism_deqi_pain_term,systematic review / possible fMRI candidate,include,carried over from first title screen,high,corrigendum acupuncture with deqi modulates the hemodynamic response and functional connectivity of the prefrontal motor cortical network front neurosci 2021 15 693623 10 3389 fnins 2021 693623,,,,,,,,no_pmid,,include_for_full_text,,low,unclear,yes,yes,yes,no,no,yes,Acupuncture+fMRI terms present in title; abstract limited; No abstract available (no_pmid); decision based on title only
DUP_00810,Embase,Effect of “three-tong acupuncture” on brain function of patients with spinal cord injury based on magnetic resonance technology,no,no_match,,,,no,abstract_review_then_retrieve_pdf_if_eligible,,2021,Chinese Journal of Tissue Engineering Research,,,DUP_00810,records (1).csv,,,,unclear,acupuncture plus possible brain/neuroimaging term; verify abstract,medium,acupuncture_term; possible_brain_neuro_term,needs abstract to determine neuroimaging eligibility,human_check,brain/neural term present but imaging modality/design unclear from title,medium,effect of three tong acupuncture on brain function of patients with spinal cord injury based on magnetic resonance technology,,,,,,,,no_pmid,,include_for_full_text,,low,yes,yes,yes,yes,no,no,yes,Acupuncture+fMRI terms present in title; abstract limited; No abstract available (no_pmid); decision based on title only
DUP_00819,Embase,Effectiveness of Yamamoto's New Skull Acupuncture (YNSA) on Resting State Brain Networks,no,no_match,,,,no,abstract_review_then_retrieve_pdf_if_eligible,,2021,clinicaltrials.gov,,,DUP_00819,records (1).csv,,,,include,title/metadata indicates acupuncture plus fMRI/functional neuroimaging,high,acupuncture_term; strong_fMRI_neuroimaging_term,systematic review / possible fMRI candidate,include,carried over from first title screen,high,effectiveness of yamamoto s new skull acupuncture ynsa on resting state brain networks,,,,,,,,no_pmid,,include_for_full_text,,low,unclear,yes,yes,yes,no,no,yes,Acupuncture+fMRI terms present in title; abstract limited; No abstract available (no_pmid); decision based on title only
DUP_01308,Embase,Multi-brain functional connectivity during electro-acupuncture in patient-clinician dyads: an electroencephalography (EEG) hyperscan approach,no,no_match,,,,no,abstract_review_then_retrieve_pdf_if_eligible,,2021,Journal of Alternative and Complementary Medicine,,,DUP_01308,records (1).csv,,,,include,title/metadata indicates acupuncture plus fMRI/functional neuroimaging,high,acupuncture_term; strong_fMRI_neuroimaging_term; non_fMRI_modality_flag,systematic review / possible fMRI candidate,include,carried over from first title screen,high,multi brain functional connectivity during electro acupuncture in patient clinician dyads an electroencephalography eeg hyperscan approach,,,,,,,,no_pmid,,include_for_full_text,,low,yes,yes,yes,yes,no,no,yes,Acupuncture+fMRI terms present in title; abstract limited; No abstract available (no_pmid); decision based on title only
DUP_01309,Embase,Multi-brain functional connectivity during electro-acupuncture in patientclinician dyads: An electroencephalography (EEG) hyperscan approach,no,no_match,,,,no,abstract_review_then_retrieve_pdf_if_eligible,,2021,Journal of Alternative and Complementary Medicine,,,DUP_01309,records (1).csv,,,,include,title/metadata indicates acupuncture plus fMRI/functional neuroimaging,high,acupuncture_term; strong_fMRI_neuroimaging_term; non_fMRI_modality_flag,systematic review / possible fMRI candidate,include,carried over from first title screen,high,multi brain functional connectivity during electro acupuncture in patientclinician dyads an electroencephalography eeg hyperscan approach,,,,,,,,no_pmid,,include_for_full_text,,low,unclear,yes,yes,yes,no,no,yes,Acupuncture+fMRI terms present in title; abstract limited; No abstract available (no_pmid); decision based on title only
DUP_01333,Embase,Neural and behavioral correlates of patient-clinician therapeutic alliance in a longitudinal acupuncture intervention: An fMRI hyper-scanning study,no,no_match,,,,no,abstract_review_then_retrieve_pdf_if_eligible,,2021,Journal of Alternative and Complementary Medicine,,,DUP_01333,records (1).csv,,,,include,title/metadata indicates acupuncture plus fMRI/functional neuroimaging,high,acupuncture_term; strong_fMRI_neuroimaging_term,systematic review / possible fMRI candidate,include,carried over from first title screen,high,neural and behavioral correlates of patient clinician therapeutic alliance in a longitudinal acupuncture intervention an fmri hyper scanning study,,,,,,,,no_pmid,,include_for_full_text,,low,yes,yes,yes,yes,no,no,yes,Acupuncture+fMRI terms present in title; abstract limited; No abstract available (no_pmid); decision based on title only
DUP_01539,Embase,Randomized Propective Study Evaluating the Impact of an Acupuncture Session in Healthy Volunteers on the Kinetics of Cerebral Activity Using the Bispectral Index (BIS),no,no_match,,,,no,abstract_review_then_retrieve_pdf_if_eligible,,2021,clinicaltrials.gov,,,DUP_01539,records (1).csv,,,,unclear,acupuncture plus possible brain/neuroimaging term; verify abstract,medium,acupuncture_term; possible_brain_neuro_term,needs abstract to determine neuroimaging eligibility,human_check,brain/neural term present but imaging modality/design unclear from title,medium,randomized propective study evaluating the impact of an acupuncture session in healthy volunteers on the kinetics of cerebral activity using the bispectral index bis,,,,,,,,no_pmid,,unclear,,low,yes,yes,no,unclear,no,no,yes,Acupuncture present; brain/imaging terms present but no clear fMRI keyword
DUP_01556,Embase,Regulated aberrant amygdala functional connectivity in premenstrual syndrome via electro-acupuncture stimulation at sanyinjiao acupointSP6,no,no_match,,,,no,abstract_review_then_retrieve_pdf_if_eligible,,2021,Gynecological Endocrinology,,,DUP_01556,records (1).csv,,,,include,title/metadata indicates acupuncture plus fMRI/functional neuroimaging,high,acupuncture_term; strong_fMRI_neuroimaging_term,systematic review / possible fMRI candidate,include,carried over from first title screen,high,regulated aberrant amygdala functional connectivity in premenstrual syndrome via electro acupuncture stimulation at sanyinjiao acupointsp6,,,,,,,,no_pmid,,include_for_full_text,,low,unclear,yes,yes,yes,no,no,yes,Acupuncture+fMRI terms present in title; abstract limited; No abstract available (no_pmid); decision based on title only
DUP_01624,Embase,S1 functional connectivity during rest and electro-acupuncture tracks median nerve and patient function improvement following acupuncture for carpal tunnel syndrome,no,no_match,,,,no,abstract_review_then_retrieve_pdf_if_eligible,,2021,Journal of Pain,,,DUP_01624,records (1).csv,,,,include,title/metadata indicates acupuncture plus fMRI/functional neuroimaging,high,acupuncture_term; strong_fMRI_neuroimaging_term; mechanism_deqi_pain_term,systematic review / possible fMRI candidate,include,carried over from first title screen,high,s1 functional connectivity during rest and electro acupuncture tracks median nerve and patient function improvement following acupuncture for carpal tunnel syndrome,,,,,,,,no_pmid,,include_for_full_text,,low,yes,yes,yes,yes,no,no,yes,Acupuncture+fMRI terms present in title; abstract limited; No abstract available (no_pmid); decision based on title only
DUP_01794,Embase,The Hemodynamic Response and Functional Connectivity of the Cortical Network are Modulated by Acupuncture,no,no_match,,,,no,abstract_review_then_retrieve_pdf_if_eligible,,2021,International Journal of Psychophysiology,,,DUP_01794,records (1).csv,,,,include,title/metadata indicates acupuncture plus fMRI/functional neuroimaging,high,acupuncture_term; strong_fMRI_neuroimaging_term,systematic review / possible fMRI candidate,include,carried over from first title screen,high,the hemodynamic response and functional connectivity of the cortical network are modulated by acupuncture,,,,,,,,no_pmid,,include_for_full_text,,low,unclear,yes,yes,yes,no,no,yes,Acupuncture+fMRI terms present in title; abstract limited; No abstract available (no_pmid); decision based on title only
DUP_00620,Embase,Corrigendum to “Multivariate resting-state functional connectivity predicts responses to real and sham acupuncture treatment in chronic low back pain” [Neuroimage Clinical 23 (2019) 101885](S2213158219302359)(10.1016/j.nicl.2019.101885),no,no_match,,,,no,abstract_review_then_retrieve_pdf_if_eligible,,2020,NeuroImage: Clinical,,,DUP_00620,records (1).csv,,,,include,title/metadata indicates acupuncture plus fMRI/functional neuroimaging,high,acupuncture_term; strong_fMRI_neuroimaging_term; sham_placebo_control_term; mechanism_deqi_pain_term,systematic review / possible fMRI candidate,include,carried over from first title screen,high,corrigendum to multivariate resting state functional connectivity predicts responses to real and sham acupuncture treatment in chronic low back pain neuroimage clinical 23 2019 101885 s2213158219302359 10 1016 j nicl 2019 101885,,,,,,,,no_pmid,,include_for_full_text,,low,unclear,yes,yes,yes,yes,no,yes,Acupuncture+fMRI terms present in title; abstract limited; No abstract available (no_pmid); decision based on title only
DUP_01793,Embase,The functional connectivity of ACC subregions with the DMN participates in the efficacy of acupuncture with deqi on functional dyspepsia,no,no_match,,,,no,abstract_review_then_retrieve_pdf_if_eligible,,2020,Clinical EEG and Neuroscience,,,DUP_01793,records (1).csv,,,,include,title/metadata indicates acupuncture plus fMRI/functional neuroimaging,high,acupuncture_term; strong_fMRI_neuroimaging_term; mechanism_deqi_pain_term; non_fMRI_modality_flag,systematic review / possible fMRI candidate,include,carried over from first title screen,high,the functional connectivity of acc subregions with the dmn participates in the efficacy of acupuncture with deqi on functional dyspepsia,,,,,,,,no_pmid,,include_for_full_text,,low,unclear,yes,yes,yes,no,no,yes,Acupuncture+fMRI terms present in title; abstract limited; No abstract available (no_pmid); decision based on title only
DUP_01816,Embase,The Long-Term Effects of Acupuncture on Hippocampal Functional Connectivity in aMCI with Hippocampal Atrophy: A Randomized Longitudinal fMRI Study,no,no_match,,,,no,abstract_review_then_retrieve_pdf_if_eligible,,2020,Neural Plasticity,,,DUP_01816,records (1).csv,,,,include,title/metadata indicates acupuncture plus fMRI/functional neuroimaging,high,acupuncture_term; strong_fMRI_neuroimaging_term,systematic review / possible fMRI candidate,include,carried over from first title screen,high,the long term effects of acupuncture on hippocampal functional connectivity in amci with hippocampal atrophy a randomized longitudinal fmri study,,,,,,,,no_pmid,,include_for_full_text,,low,yes,yes,yes,yes,no,no,yes,Acupuncture+fMRI terms present in title; abstract limited; No abstract available (no_pmid); decision based on title only
DUP_00095,Embase,Acupuncture alters primary somatosensory cortex functional connectivity in carpal tunnel syndrome,no,no_match,,,,no,abstract_review_then_retrieve_pdf_if_eligible,,2019,Journal of Alternative and Complementary Medicine,,,DUP_00095,records (1).csv,,,,include,title/metadata indicates acupuncture plus fMRI/functional neuroimaging,high,acupuncture_term; strong_fMRI_neuroimaging_term,systematic review / possible fMRI candidate,include,carried over from first title screen,high,acupuncture alters primary somatosensory cortex functional connectivity in carpal tunnel syndrome,,,,,,,,no_pmid,,include_for_full_text,,low,unclear,yes,yes,yes,no,no,yes,Acupuncture+fMRI terms present in title; abstract limited; No abstract available (no_pmid); decision based on title only
DUP_00098,Embase,Acupuncture analgesia for low back pain is associated with greater pressure pain-evoked activation in dorsolateral prefrontal cortex and a reduction in hyperalgesia,no,no_match,,,,no,abstract_review_then_retrieve_pdf_if_eligible,,2019,Journal of Alternative and Complementary Medicine,,,DUP_00098,records (1).csv,,,,unclear,acupuncture plus possible brain/neuroimaging term; verify abstract,medium,acupuncture_term; possible_brain_neuro_term; mechanism_deqi_pain_term,needs abstract to determine neuroimaging eligibility,human_check,brain/neural term present but imaging modality/design unclear from title,medium,acupuncture analgesia for low back pain is associated with greater pressure pain evoked activation in dorsolateral prefrontal cortex and a reduction in hyperalgesia,,,,,,,,no_pmid,,exclude,not_functional_brain_imaging,medium,unclear,yes,no,,no,no,,
DUP_00217,Embase,Acupuncture promotes sensorimotor network neuroplasticity in fibromyalgia,no,no_match,,,,no,abstract_review_then_retrieve_pdf_if_eligible,,2019,Journal of Alternative and Complementary Medicine,,,DUP_00217,records (1).csv,,,,unclear,acupuncture plus possible brain/neuroimaging term; verify abstract,medium,acupuncture_term; possible_brain_neuro_term,needs abstract to determine neuroimaging eligibility,human_check,brain/neural term present but imaging modality/design unclear from title,medium,acupuncture promotes sensorimotor network neuroplasticity in fibromyalgia,,,,,,,,no_pmid,,unclear,,low,unclear,yes,no,unclear,no,no,yes,Acupuncture present; brain/imaging terms present but no clear fMRI keyword
DUP_00297,Embase,Amplitude changes in low frequency fluctuation in brains of primary dysmenorrheal treated by acupuncture: A resting-state fMRI study,no,no_match,,,,no,abstract_review_then_retrieve_pdf_if_eligible,,2019,International Journal of Clinical and Experimental Medicine,,,DUP_00297,records (1).csv,,,,include,title/metadata indicates acupuncture plus fMRI/functional neuroimaging,high,acupuncture_term; strong_fMRI_neuroimaging_term,systematic review / possible fMRI candidate,include,carried over from first title screen,high,amplitude changes in low frequency fluctuation in brains of primary dysmenorrheal treated by acupuncture a resting state fmri study,,,,,,,,no_pmid,,include_for_full_text,,low,unclear,yes,yes,yes,no,no,yes,Acupuncture+fMRI terms present in title; abstract limited; No abstract available (no_pmid); decision based on title only
DUP_00440,Embase,"Brain Connectome for Migraine Patients Treated Via Acupuncture: A Randomized, Controlled Study Under Single-blind Conditions, With a Placebo Group and Magnetic Resonance Imaging (MRI)",no,no_match,,,,no,abstract_review_then_retrieve_pdf_if_eligible,,2019,clinicaltrials.gov,,,DUP_00440,records (1).csv,,,,unclear,acupuncture plus possible brain/neuroimaging term; verify abstract,medium,acupuncture_term; possible_brain_neuro_term; sham_placebo_control_term,needs abstract to determine neuroimaging eligibility,include_for_abstract,title suggests acupuncture plus functional MRI/neuroimaging/brain-network outcome,medium,brain connectome for migraine patients treated via acupuncture a randomized controlled study under single blind conditions with a placebo group and magnetic resonance imaging mri,,,,,,,,no_pmid,,unclear,,low,yes,yes,no,unclear,yes,no,yes,Acupuncture present; brain/imaging terms present but no clear fMRI keyword
DUP_00503,Embase,Cerebral cortex functional connection analysis of magnetic stimulation at neiguan acupoint (PC6) based on complex network,no,no_match,,,,no,abstract_review_then_retrieve_pdf_if_eligible,,2019,Chinese Journal of Biomedical Engineering,,,DUP_00503,records (1).csv,,,,unclear,acupuncture plus possible brain/neuroimaging term; verify abstract,medium,acupuncture_term; possible_brain_neuro_term,needs abstract to determine neuroimaging eligibility,human_check,brain/neural term present but imaging modality/design unclear from title,medium,cerebral cortex functional connection analysis of magnetic stimulation at neiguan acupoint pc6 based on complex network,,,,,,,,no_pmid,,unclear,,low,unclear,yes,no,unclear,no,no,yes,Acupuncture present; brain/imaging terms present but no clear fMRI keyword
DUP_00619,Embase,"Corrigendum to ‘Multivariate resting-state functional connectivity predicts responses to real and sham acupuncture treatment in chronic low back pain’ Neuroimage Clinical, 23, 2019, 101885 (NeuroImage: Clinical (2019) 23, (S2213158219302359), (10.1016/j.nicl.2019.101885))",no,no_match,,,,no,abstract_review_then_retrieve_pdf_if_eligible,,2019,NeuroImage: Clinical,,,DUP_00619,records (1).csv,,,,include,title/metadata indicates acupuncture plus fMRI/functional neuroimaging,high,acupuncture_term; strong_fMRI_neuroimaging_term; sham_placebo_control_term; mechanism_deqi_pain_term,systematic review / possible fMRI candidate,include,carried over from first title screen,high,corrigendum to multivariate resting state functional connectivity predicts responses to real and sham acupuncture treatment in chronic low back pain neuroimage clinical 23 2019 101885 neuroimage clinical 2019 23 s2213158219302359 10 1016 j nicl 2019 101885,,,,,,,,no_pmid,,include_for_full_text,,low,unclear,yes,yes,yes,yes,no,yes,Acupuncture+fMRI terms present in title; abstract limited; No abstract available (no_pmid); decision based on title only
DUP_01000,Embase,Exploring the effect on cerebral blood flow after acupuncture in elderly normal subjects using (99m)Tc-ECD imaging,no,no_match,,,,no,abstract_review_then_retrieve_pdf_if_eligible,,2019,Journal of Cerebral Blood Flow and Metabolism,,,DUP_01000,records (1).csv,,,,unclear,acupuncture plus possible brain/neuroimaging term; verify abstract,medium,acupuncture_term; possible_brain_neuro_term,needs abstract to determine neuroimaging eligibility,include_for_abstract,title suggests acupuncture plus functional MRI/neuroimaging/brain-network outcome,medium,exploring the effect on cerebral blood flow after acupuncture in elderly normal subjects using 99m tc ecd imaging,,,,,,,,no_pmid,,include_for_full_text,,low,yes,yes,yes,yes,no,no,yes,Acupuncture+fMRI terms present in title; abstract limited; No abstract available (no_pmid); decision based on title only
DUP_01395,Embase,Neuromechanism of acupuncture on Parkinson's disease tremor: A resting state fMRI study,no,no_match,,,,no,abstract_review_then_retrieve_pdf_if_eligible,,2019,Movement Disorders Clinical Practice,,,DUP_01395,records (1).csv,,,,include,title/metadata indicates acupuncture plus fMRI/functional neuroimaging,high,acupuncture_term; strong_fMRI_neuroimaging_term,systematic review / possible fMRI candidate,include,carried over from first title screen,high,neuromechanism of acupuncture on parkinson s disease tremor a resting state fmri study,,,,,,,,no_pmid,,include_for_full_text,,low,unclear,yes,yes,yes,no,no,yes,Acupuncture+fMRI terms present in title; abstract limited; No abstract available (no_pmid); decision based on title only
DUP_01396,Embase,Neuromodulation by electroacupuncture for migraine: An analysis using resting state functional magnetic resonance imaging,no,no_match,,,,no,abstract_review_then_retrieve_pdf_if_eligible,,2019,Cephalalgia,,,DUP_01396,records (1).csv,,,,include,title/metadata indicates acupuncture plus fMRI/functional neuroimaging,high,acupuncture_term; strong_fMRI_neuroimaging_term,systematic review / possible fMRI candidate,include,carried over from first title screen,high,neuromodulation by electroacupuncture for migraine an analysis using resting state functional magnetic resonance imaging,,,,,,,,no_pmid,,include_for_full_text,,low,unclear,yes,yes,yes,no,no,yes,Acupuncture+fMRI terms present in title; abstract limited; No abstract available (no_pmid); decision based on title only
DUP_01464,Embase,Phantom acupuncture: Dissociation of somatosensory and cognitive/affective component of acupuncture effects in functional brain connectivity,no,no_match,,,,no,abstract_review_then_retrieve_pdf_if_eligible,,2019,Journal of Alternative and Complementary Medicine,,,DUP_01464,records (1).csv,,,,unclear,acupuncture plus possible brain/neuroimaging term; verify abstract,medium,acupuncture_term; possible_brain_neuro_term,needs abstract to determine neuroimaging eligibility,include_for_abstract,title suggests acupuncture plus functional MRI/neuroimaging/brain-network outcome,medium,phantom acupuncture dissociation of somatosensory and cognitive affective component of acupuncture effects in functional brain connectivity,,,,,,,,no_pmid,,include_for_full_text,,low,unclear,yes,yes,yes,no,no,yes,Acupuncture+fMRI terms present in title; abstract limited; No abstract available (no_pmid); decision based on title only
DUP_01495,Embase,Potential Role of Acupuncture Treatment in Neuronal and Network Dysfunction in Patients With Vascular Cognitive Impairment,no,no_match,,,,no,abstract_review_then_retrieve_pdf_if_eligible,,2019,clinicaltrials.gov,,,DUP_01495,records (1).csv,,,,unclear,acupuncture plus possible brain/neuroimaging term; verify abstract,medium,acupuncture_term; possible_brain_neuro_term,needs abstract to determine neuroimaging eligibility,human_check,brain/neural term present but imaging modality/design unclear from title,medium,potential role of acupuncture treatment in neuronal and network dysfunction in patients with vascular cognitive impairment,,,,,,,,no_pmid,,unclear,,low,yes,yes,no,unclear,no,no,yes,Acupuncture present; brain/imaging terms present but no clear fMRI keyword
DUP_01673,Embase,Structural neuroplasticity in primary somatosensory cortex is linked to altered tactile acuity after acupuncture for chronic low back pain,no,no_match,,,,no,abstract_review_then_retrieve_pdf_if_eligible,,2019,Journal of Alternative and Complementary Medicine,,,DUP_01673,records (1).csv,,,,unclear,acupuncture plus possible brain/neuroimaging term; verify abstract,medium,acupuncture_term; possible_brain_neuro_term; mechanism_deqi_pain_term,needs abstract to determine neuroimaging eligibility,human_check,brain/neural term present but imaging modality/design unclear from title,medium,structural neuroplasticity in primary somatosensory cortex is linked to altered tactile acuity after acupuncture for chronic low back pain,,,,,,,,no_pmid,,unclear,,low,unclear,yes,no,unclear,no,no,yes,Acupuncture present; brain/imaging terms present but no clear fMRI keyword
DUP_01805,Embase,"The Impact of Electroacupuncture on Clinical Effect,Brain Structural and Functional Changes in Patients With Spinal Cord Injury:A Randomized Controlled Study Based on Multi-mode MRI",no,no_match,,,,no,abstract_review_then_retrieve_pdf_if_eligible,,2019,clinicaltrials.gov,,,DUP_01805,records (1).csv,,,,unclear,acupuncture plus possible brain/neuroimaging term; verify abstract,medium,acupuncture_term; possible_brain_neuro_term; sham_placebo_control_term,needs abstract to determine neuroimaging eligibility,include_for_abstract,title suggests acupuncture plus functional MRI/neuroimaging/brain-network outcome,medium,the impact of electroacupuncture on clinical effect brain structural and functional changes in patients with spinal cord injury a randomized controlled study based on multi mode mri,,,,,,,,no_pmid,,unclear,,low,yes,yes,no,unclear,no,no,yes,Acupuncture present; brain/imaging terms present but no clear fMRI keyword
DUP_01817,Embase,THE LONG-TERM EFFECTS OF ACUPUNCTURE ON HIPPOCAMPUS FUNCTIONAL CONNECTIVITY IN AMNESTIC MILD COGNITIVE IMPAIRMENT: A LONGITUDINAL FMRI STUDY,no,no_match,,,,no,abstract_review_then_retrieve_pdf_if_eligible,,2019,Alzheimer's and Dementia,,,DUP_01817,records (1).csv,,,,include,title/metadata indicates acupuncture plus fMRI/functional neuroimaging,high,acupuncture_term; strong_fMRI_neuroimaging_term,systematic review / possible fMRI candidate,include,carried over from first title screen,high,the long term effects of acupuncture on hippocampus functional connectivity in amnestic mild cognitive impairment a longitudinal fmri study,,,,,,,,no_pmid,,include_for_full_text,,low,unclear,yes,yes,yes,no,no,yes,Acupuncture+fMRI terms present in title; abstract limited; No abstract available (no_pmid); decision based on title only
DUP_00513,Embase,Cerebral response of healthy subjects to a somatosensory stimulaton with xingnao kaiqiao acupuncture compared to control interventions measured with resting-state functional magnetic resonance imaging,no,no_match,,,,no,abstract_review_then_retrieve_pdf_if_eligible,,2018,Global Advances in Health and Medicine,,,DUP_00513,records (1).csv,,,,include,title/metadata indicates acupuncture plus fMRI/functional neuroimaging,high,acupuncture_term; strong_fMRI_neuroimaging_term; sham_placebo_control_term,systematic review / possible fMRI candidate,include,carried over from first title screen,high,cerebral response of healthy subjects to a somatosensory stimulaton with xingnao kaiqiao acupuncture compared to control interventions measured with resting state functional magnetic resonance imaging,,,,,,,,no_pmid,,include_for_full_text,,low,yes,yes,yes,yes,no,no,yes,Acupuncture+fMRI terms present in title; abstract limited; No abstract available (no_pmid); decision based on title only
DUP_00525,Embase,Changes in functional connectivity with acupuncture outcomes for migraine,no,no_match,,,,no,abstract_review_then_retrieve_pdf_if_eligible,,2018,Neuroradiology,,,DUP_00525,records (1).csv,,,,include,title/metadata indicates acupuncture plus fMRI/functional neuroimaging,high,acupuncture_term; strong_fMRI_neuroimaging_term,systematic review / possible fMRI candidate,include,carried over from first title screen,high,changes in functional connectivity with acupuncture outcomes for migraine,,,,,,,,no_pmid,,include_for_full_text,,low,unclear,yes,yes,yes,no,no,yes,Acupuncture+fMRI terms present in title; abstract limited; No abstract available (no_pmid); decision based on title only
DUP_00555,Embase,Clinical observation on treatment of adult-attention deficit hyperactivity disorder by acupuncture refreshing brain method,no,no_match,,,,no,abstract_review_then_retrieve_pdf_if_eligible,,2018,Global Advances in Health and Medicine,,,DUP_00555,records (1).csv,,,,unclear,acupuncture plus possible brain/neuroimaging term; verify abstract,medium,acupuncture_term; possible_brain_neuro_term,needs abstract to determine neuroimaging eligibility,human_check,brain/neural term present but imaging modality/design unclear from title,medium,clinical observation on treatment of adult attention deficit hyperactivity disorder by acupuncture refreshing brain method,,,,,,,,no_pmid,,unclear,,low,unclear,yes,no,unclear,no,no,yes,Acupuncture present; brain/imaging terms present but no clear fMRI keyword
DUP_00798,Embase,Effect of electroacupuncture stimulation of acupoint of heart meridian on brain connectivity in 27 healthy volunteer subjects,no,no_match,,,,no,abstract_review_then_retrieve_pdf_if_eligible,,2018,Neurorehabilitation and Neural Repair,,,DUP_00798,records (1).csv,,,,unclear,acupuncture plus possible brain/neuroimaging term; verify abstract,medium,acupuncture_term; possible_brain_neuro_term,needs abstract to determine neuroimaging eligibility,include_for_abstract,title suggests acupuncture plus functional MRI/neuroimaging/brain-network outcome,medium,effect of electroacupuncture stimulation of acupoint of heart meridian on brain connectivity in 27 healthy volunteer subjects,,,,,,,,no_pmid,,unclear,,low,yes,yes,no,unclear,no,no,yes,Acupuncture present; brain/imaging terms present but no clear fMRI keyword
DUP_00989,Embase,Experiment design and feasibility of BOLD and MRS multimodal fMRI in analysis of brain effect induced by acupuncture,no,no_match,,,,no,abstract_review_then_retrieve_pdf_if_eligible,,2018,Chinese Journal of Medical Imaging Technology,,,DUP_00989,records (1).csv,,,,include,title/metadata indicates acupuncture plus fMRI/functional neuroimaging,high,acupuncture_term; strong_fMRI_neuroimaging_term,systematic review / possible fMRI candidate,include,carried over from first title screen,high,experiment design and feasibility of bold and mrs multimodal fmri in analysis of brain effect induced by acupuncture,,,,,,,,no_pmid,,include_for_full_text,,low,unclear,yes,yes,yes,no,no,yes,Acupuncture+fMRI terms present in title; abstract limited; No abstract available (no_pmid); decision based on title only
DUP_01194,Embase,Involvement of salience network in the expectations of sensory experience for acupuncture stimulation,no,no_match,,,,no,abstract_review_then_retrieve_pdf_if_eligible,,2018,Global Advances in Health and Medicine,,,DUP_01194,records (1).csv,,,,unclear,acupuncture plus possible brain/neuroimaging term; verify abstract,medium,acupuncture_term; possible_brain_neuro_term; mechanism_deqi_pain_term,needs abstract to determine neuroimaging eligibility,human_check,brain/neural term present but imaging modality/design unclear from title,medium,involvement of salience network in the expectations of sensory experience for acupuncture stimulation,,,,,,,,no_pmid,,exclude,not_functional_brain_imaging,medium,unclear,yes,no,,no,no,,
DUP_01870,Embase,The Study of Acupuncture on Vascular and Functional Neuroimaging in Parkinson's Disease Patients With Sleep Disorders,no,no_match,,,,no,abstract_review_then_retrieve_pdf_if_eligible,,2018,clinicaltrials.gov,,,DUP_01870,records (1).csv,,,,include,title/metadata indicates acupuncture plus fMRI/functional neuroimaging,high,acupuncture_term; strong_fMRI_neuroimaging_term,systematic review / possible fMRI candidate,include,carried over from first title screen,high,the study of acupuncture on vascular and functional neuroimaging in parkinson s disease patients with sleep disorders,,,,,,,,no_pmid,,include_for_full_text,,low,yes,yes,yes,yes,no,no,yes,Acupuncture+fMRI terms present in title; abstract limited; No abstract available (no_pmid); decision based on title only
DUP_01941,Embase,Using fMRI and sEMG to Evaluate the Effects and Mechanism on Abdominal Acupuncture Combined With Upper Limb Rehabilitation Training on Brain Plasticity of Hemiplegic Patients With Stroke,no,no_match,,,,no,abstract_review_then_retrieve_pdf_if_eligible,,2018,clinicaltrials.gov,,,DUP_01941,records (1).csv,,,,include,title/metadata indicates acupuncture plus fMRI/functional neuroimaging,high,acupuncture_term; strong_fMRI_neuroimaging_term,systematic review / possible fMRI candidate,include,carried over from first title screen,high,using fmri and semg to evaluate the effects and mechanism on abdominal acupuncture combined with upper limb rehabilitation training on brain plasticity of hemiplegic patients with stroke,,,,,,,,no_pmid,,include_for_full_text,,low,yes,yes,yes,yes,no,no,yes,Acupuncture+fMRI terms present in title; abstract limited; No abstract available (no_pmid); decision based on title only
DUP_00218,Embase,Acupuncture Regulates Emotion-cognitive Network of Chronic Insomnia Patients : A DTI-fMRI Study,no,no_match,,,,no,abstract_review_then_retrieve_pdf_if_eligible,,2017,clinicaltrials.gov,,,DUP_00218,records (1).csv,,,,include,title/metadata indicates acupuncture plus fMRI/functional neuroimaging,high,acupuncture_term; strong_fMRI_neuroimaging_term; coordinate_result_term; non_fMRI_modality_flag,possible coordinate-based meta-analysis candidate,include,carried over from first title screen,high,acupuncture regulates emotion cognitive network of chronic insomnia patients a dti fmri study,,,,,,,,no_pmid,,include_for_full_text,,low,yes,yes,yes,yes,no,no,yes,Acupuncture+fMRI terms present in title; abstract limited; No abstract available (no_pmid); decision based on title only
DUP_00255,Embase,"Acupuncture Treatment on Chronic Sciatica: the Efficacy, Mechanism, and Functional Neuroimaging Pain-network Study",no,no_match,,,,no,abstract_review_then_retrieve_pdf_if_eligible,,2017,clinicaltrials.gov,,,DUP_00255,records (1).csv,,,,include,title/metadata indicates acupuncture plus fMRI/functional neuroimaging,high,acupuncture_term; strong_fMRI_neuroimaging_term; mechanism_deqi_pain_term,systematic review / possible fMRI candidate,include,carried over from first title screen,high,acupuncture treatment on chronic sciatica the efficacy mechanism and functional neuroimaging pain network study,,,,,,,,no_pmid,,include_for_full_text,,low,unclear,yes,yes,yes,no,no,yes,Acupuncture+fMRI terms present in title; abstract limited; No abstract available (no_pmid); decision based on title only
DUP_00285,Embase,Altered effective connectivity of resting state networks by acupuncture stimulation in stroke patients with left hemiplegia,no,no_match,,,,no,abstract_review_then_retrieve_pdf_if_eligible,,2017,Medicine (United States),,,DUP_00285,records (1).csv,,,,include,title/metadata indicates acupuncture plus fMRI/functional neuroimaging,high,acupuncture_term; strong_fMRI_neuroimaging_term,systematic review / possible fMRI candidate,include,carried over from first title screen,high,altered effective connectivity of resting state networks by acupuncture stimulation in stroke patients with left hemiplegia,,,,,,,,no_pmid,,include_for_full_text,,low,yes,yes,yes,yes,no,no,yes,Acupuncture+fMRI terms present in title; abstract limited; No abstract available (no_pmid); decision based on title only
DUP_00384,Embase,Basal ganglia cerebral infarction patient fMRI imaging analysis before and after acupuncture-medicine therapy,no,no_match,,,,no,abstract_review_then_retrieve_pdf_if_eligible,,2017,Biomedical Research (India),,,DUP_00384,records (1).csv,,,,include,title/metadata indicates acupuncture plus fMRI/functional neuroimaging,high,acupuncture_term; strong_fMRI_neuroimaging_term,systematic review / possible fMRI candidate,include,carried over from first title screen,high,basal ganglia cerebral infarction patient fmri imaging analysis before and after acupuncture medicine therapy,,,,,,,,no_pmid,,include_for_full_text,,low,yes,yes,yes,yes,no,no,yes,Acupuncture+fMRI terms present in title; abstract limited; No abstract available (no_pmid); decision based on title only
DUP_00754,Embase,Effect of acupuncture at Zulinqi (GB41) on the amplitude of low frequency fluctuations in migraine without aura patients: A resting-state functional magnetic resonance imaging study,no,no_match,,,,no,abstract_review_then_retrieve_pdf_if_eligible,,2017,International Journal of Clinical and Experimental Medicine,,,DUP_00754,records (1).csv,,,,include,title/metadata indicates acupuncture plus fMRI/functional neuroimaging,high,acupuncture_term; strong_fMRI_neuroimaging_term,systematic review / possible fMRI candidate,include,carried over from first title screen,high,effect of acupuncture at zulinqi gb41 on the amplitude of low frequency fluctuations in migraine without aura patients a resting state functional magnetic resonance imaging study,,,,,,,,no_pmid,,include_for_full_text,,low,yes,yes,yes,yes,no,no,yes,Acupuncture+fMRI terms present in title; abstract limited; No abstract available (no_pmid); decision based on title only
DUP_00882,Embase,"Efficacy and Mechanism of Acupuncture on Patients With Chronic Sciatica Using fMRI: A Randomized, Patient-Assessor Blind, Sham-Controlled Clinical Trial",no,no_match,,,,no,abstract_review_then_retrieve_pdf_if_eligible,,2017,clinicaltrials.gov,,,DUP_00882,records (1).csv,,,,include,title/metadata indicates acupuncture plus fMRI/functional neuroimaging,high,acupuncture_term; strong_fMRI_neuroimaging_term; sham_placebo_control_term,systematic review / possible fMRI candidate,include,carried over from first title screen,high,efficacy and mechanism of acupuncture on patients with chronic sciatica using fmri a randomized patient assessor blind sham controlled clinical trial,,,,,,,,no_pmid,,include_for_full_text,,low,yes,yes,yes,yes,yes,no,yes,Acupuncture+fMRI terms present in title; abstract limited; No abstract available (no_pmid); decision based on title only
DUP_01170,Embase,Interaction of acupuncture treatment and manipulation laterality modulated by the default mode network,no,no_match,,,,no,abstract_review_then_retrieve_pdf_if_eligible,,2017,Molecular Pain,,,DUP_01170,records (1).csv,,,,unclear,acupuncture plus possible brain/neuroimaging term; verify abstract,medium,acupuncture_term; possible_brain_neuro_term; mechanism_deqi_pain_term,needs abstract to determine neuroimaging eligibility,include_for_abstract,title suggests acupuncture plus functional MRI/neuroimaging/brain-network outcome,medium,interaction of acupuncture treatment and manipulation laterality modulated by the default mode network,,,,,,,,no_pmid,,include_for_full_text,,low,unclear,yes,yes,yes,no,no,yes,Acupuncture+fMRI terms present in title; abstract limited; No abstract available (no_pmid); decision based on title only
DUP_01872,Embase,"The Study of Brain GABA and Brain Functional Modulatory Mechanism of Chronic Insomnia Disorder Using Acupuncture at ""Combined Magical-door"" Acupoints",no,no_match,,,,no,abstract_review_then_retrieve_pdf_if_eligible,,2017,clinicaltrials.gov,,,DUP_01872,records (1).csv,,,,unclear,acupuncture plus possible brain/neuroimaging term; verify abstract,medium,acupuncture_term; possible_brain_neuro_term; coordinate_result_term,possible coordinate-based meta-analysis candidate,human_check,brain/neural term present but imaging modality/design unclear from title,medium,the study of brain gaba and brain functional modulatory mechanism of chronic insomnia disorder using acupuncture at combined magical door acupoints,,,,,,,,no_pmid,,unclear,,low,unclear,yes,no,unclear,no,no,yes,Acupuncture present; brain/imaging terms present but no clear fMRI keyword
DUP_01899,Embase,"To Explore the Cerebral Function Efficacy of Acupuncture and Fu's Subcutaneous Needling (FSN) in the Treatment of Chronic Tension-type Headache by Means of fMRI: a Single-blinded, Randomized Controlled Trials.",no,no_match,,,,no,abstract_review_then_retrieve_pdf_if_eligible,,2017,clinicaltrials.gov,,,DUP_01899,records (1).csv,,,,include,title/metadata indicates acupuncture plus fMRI/functional neuroimaging,high,acupuncture_term; strong_fMRI_neuroimaging_term; sham_placebo_control_term; acupuncture_adjacent_modality_flag,systematic review / possible fMRI candidate,include,carried over from first title screen,high,to explore the cerebral function efficacy of acupuncture and fu s subcutaneous needling fsn in the treatment of chronic tension type headache by means of fmri a single blinded randomized controlled trials,,,,,,,,no_pmid,,include_for_full_text,,low,yes,yes,yes,yes,no,no,yes,Acupuncture+fMRI terms present in title; abstract limited; No abstract available (no_pmid); decision based on title only
DUP_00035,Embase,A PET/CT and fMRI randomized controlled study to identify brain network associated with acupuncture effects in reducing depression,no,no_match,,,,no,abstract_review_then_retrieve_pdf_if_eligible,,2016,Molecular Imaging and Biology,,,DUP_00035,records (1).csv,,,,include,title/metadata indicates acupuncture plus fMRI/functional neuroimaging,high,acupuncture_term; strong_fMRI_neuroimaging_term; sham_placebo_control_term,systematic review / possible fMRI candidate,include,carried over from first title screen,high,a pet ct and fmri randomized controlled study to identify brain network associated with acupuncture effects in reducing depression,,,,,,,,no_pmid,,include_for_full_text,,low,yes,yes,yes,yes,no,no,yes,Acupuncture+fMRI terms present in title; abstract limited; No abstract available (no_pmid); decision based on title only
DUP_00079,Embase,Activation of different cerebral functional regions following acupuncture at bot H Taixi and taichong acupoints and taixi acupoint alone: An fMRI study,no,no_match,,,,no,abstract_review_then_retrieve_pdf_if_eligible,,2016,"African Journal of Traditional, Complementary and Alternative Medicines",,,DUP_00079,records (1).csv,,,,include,title/metadata indicates acupuncture plus fMRI/functional neuroimaging,high,acupuncture_term; strong_fMRI_neuroimaging_term,systematic review / possible fMRI candidate,include,carried over from first title screen,high,activation of different cerebral functional regions following acupuncture at bot h taixi and taichong acupoints and taixi acupoint alone an fmri study,,,,,,,,no_pmid,,include_for_full_text,,low,unclear,yes,yes,yes,no,no,yes,Acupuncture+fMRI terms present in title; abstract limited; No abstract available (no_pmid); decision based on title only
DUP_00109,Embase,Acupuncture as a treatment to improve cognitive function after brain injury: A case study,no,no_match,,,,no,abstract_review_then_retrieve_pdf_if_eligible,,2016,Archives of Physical Medicine and Rehabilitation,,,DUP_00109,records (1).csv,,,,unclear,acupuncture plus possible brain/neuroimaging term; verify abstract,medium,acupuncture_term; possible_brain_neuro_term,needs abstract to determine neuroimaging eligibility,human_check,brain/neural term present but imaging modality/design unclear from title,medium,acupuncture as a treatment to improve cognitive function after brain injury a case study,,,,,,,,no_pmid,,unclear,,low,unclear,yes,no,unclear,no,no,yes,Acupuncture present; brain/imaging terms present but no clear fMRI keyword
DUP_00147,Embase,Acupuncture for Functional Dyspepsia: a Functional Magnetic Resonance Imaging (fMRI) Study,no,no_match,,,,no,abstract_review_then_retrieve_pdf_if_eligible,,2016,clinicaltrials.gov,,,DUP_00147,records (1).csv,,,,include,title/metadata indicates acupuncture plus fMRI/functional neuroimaging,high,acupuncture_term; strong_fMRI_neuroimaging_term,systematic review / possible fMRI candidate,include,carried over from first title screen,high,acupuncture for functional dyspepsia a functional magnetic resonance imaging fmri study,,,,,,,,no_pmid,,include_for_full_text,,low,unclear,yes,yes,yes,no,no,yes,Acupuncture+fMRI terms present in title; abstract limited; No abstract available (no_pmid); decision based on title only
DUP_00419,Embase,Blood oxygenation level dependent-functional magnetic resonance imaging (BOLD-fMRI) combined with diffusion-tensor imaging (DTI): A comparison of patients with hemiplegia after stroke treated with acupuncture and normal subjects,no,no_match,,,,no,abstract_review_then_retrieve_pdf_if_eligible,,2016,International Journal of Clinical and Experimental Medicine,,,DUP_00419,records (1).csv,,,,include,title/metadata indicates acupuncture plus fMRI/functional neuroimaging,high,acupuncture_term; strong_fMRI_neuroimaging_term; non_fMRI_modality_flag; acupuncture_adjacent_modality_flag,systematic review / possible fMRI candidate,include,carried over from first title screen,high,blood oxygenation level dependent functional magnetic resonance imaging bold fmri combined with diffusion tensor imaging dti a comparison of patients with hemiplegia after stroke treated with acupuncture and normal subjects,,,,,,,,no_pmid,,include_for_full_text,,low,yes,yes,yes,yes,no,no,yes,Acupuncture+fMRI terms present in title; abstract limited; No abstract available (no_pmid); decision based on title only
DUP_01305,Embase,MRI-based Neuroimaging Predictors of Clinical Improvements Following Occupational Therapy (OT) or OT Puls Acupuncture and Massage Methods in Children With Cerebral Palsy,no,no_match,,,,no,abstract_review_then_retrieve_pdf_if_eligible,,2016,clinicaltrials.gov,,,DUP_01305,records (1).csv,,,,include,title/metadata indicates acupuncture plus fMRI/functional neuroimaging,high,acupuncture_term; strong_fMRI_neuroimaging_term,systematic review / possible fMRI candidate,include,carried over from first title screen,high,mri based neuroimaging predictors of clinical improvements following occupational therapy ot or ot puls acupuncture and massage methods in children with cerebral palsy,,,,,,,,no_pmid,,include_for_full_text,,low,unclear,yes,yes,yes,no,no,yes,Acupuncture+fMRI terms present in title; abstract limited; No abstract available (no_pmid); decision based on title only
DUP_01438,Embase,Optimization of Brain-based Mechanisms Supporting Psychosocial Aspects of Acupuncture Therapy - a Hyperscanning fMRI Study,no,no_match,,,,no,abstract_review_then_retrieve_pdf_if_eligible,,2016,clinicaltrials.gov,,,DUP_01438,records (1).csv,,,,include,title/metadata indicates acupuncture plus fMRI/functional neuroimaging,high,acupuncture_term; strong_fMRI_neuroimaging_term,systematic review / possible fMRI candidate,include,carried over from first title screen,high,optimization of brain based mechanisms supporting psychosocial aspects of acupuncture therapy a hyperscanning fmri study,,,,,,,,no_pmid,,include_for_full_text,,low,unclear,yes,yes,yes,no,no,yes,Acupuncture+fMRI terms present in title; abstract limited; No abstract available (no_pmid); decision based on title only
DUP_01871,Embase,"The Study of Brain Functional Network Modulatory Mechanism of Alzheimer's Disease Using Acupuncture at the ""Four-gate"" Acupoints",no,no_match,,,,no,abstract_review_then_retrieve_pdf_if_eligible,,2016,clinicaltrials.gov,,,DUP_01871,records (1).csv,,,,unclear,acupuncture plus possible brain/neuroimaging term; verify abstract,medium,acupuncture_term; possible_brain_neuro_term,needs abstract to determine neuroimaging eligibility,include_for_abstract,title suggests acupuncture plus functional MRI/neuroimaging/brain-network outcome,medium,the study of brain functional network modulatory mechanism of alzheimer s disease using acupuncture at the four gate acupoints,,,,,,,,no_pmid,,unclear,,low,unclear,yes,no,unclear,no,no,yes,Acupuncture present; brain/imaging terms present but no clear fMRI keyword
DUP_01931,Embase,Understanding the Cognitive Benefits of Acupuncture for Stroke Recovery Through fMRI,no,no_match,,,,no,abstract_review_then_retrieve_pdf_if_eligible,,2016,clinicaltrials.gov,,,DUP_01931,records (1).csv,,,,include,title/metadata indicates acupuncture plus fMRI/functional neuroimaging,high,acupuncture_term; strong_fMRI_neuroimaging_term,systematic review / possible fMRI candidate,include,carried over from first title screen,high,understanding the cognitive benefits of acupuncture for stroke recovery through fmri,,,,,,,,no_pmid,,include_for_full_text,,low,unclear,yes,yes,yes,no,no,yes,Acupuncture+fMRI terms present in title; abstract limited; No abstract available (no_pmid); decision based on title only
DUP_00050,Embase,A resting-state functional magnetic resonance imaging study on the efficacy of brain function rehabilitation in post-stroke hemiplegia using scalp acupuncture,no,no_match,,,,no,abstract_review_then_retrieve_pdf_if_eligible,,2015,Journal of Medical Imaging and Health Informatics,,,DUP_00050,records (1).csv,,,,include,title/metadata indicates acupuncture plus fMRI/functional neuroimaging,high,acupuncture_term; strong_fMRI_neuroimaging_term,systematic review / possible fMRI candidate,include,carried over from first title screen,high,a resting state functional magnetic resonance imaging study on the efficacy of brain function rehabilitation in post stroke hemiplegia using scalp acupuncture,,,,,,,,no_pmid,,include_for_full_text,,low,unclear,yes,yes,yes,no,no,yes,Acupuncture+fMRI terms present in title; abstract limited; No abstract available (no_pmid); decision based on title only
DUP_00080,Embase,Activation of different cerebral functional regions following acupuncture at bot h taixiand taichong acupoints and taixiacupoint alone: An fMRI study,no,no_match,,,,no,abstract_review_then_retrieve_pdf_if_eligible,,2015,"African Journal of Traditional, Complementary and Alternative Medicines",,,DUP_00080,records (1).csv,,,,include,title/metadata indicates acupuncture plus fMRI/functional neuroimaging,high,acupuncture_term; strong_fMRI_neuroimaging_term,systematic review / possible fMRI candidate,include,carried over from first title screen,high,activation of different cerebral functional regions following acupuncture at bot h taixiand taichong acupoints and taixiacupoint alone an fmri study,,,,,,,,no_pmid,,include_for_full_text,,low,unclear,yes,yes,yes,no,no,yes,Acupuncture+fMRI terms present in title; abstract limited; No abstract available (no_pmid); decision based on title only
DUP_00121,Embase,Acupuncture Baihui activated the functional brain areas of major depressive disorder patients with regional homogeneity,no,no_match,,,,no,abstract_review_then_retrieve_pdf_if_eligible,,2015,Chinese Journal of Medical Imaging Technology,,,DUP_00121,records (1).csv,,,,include,title/metadata indicates acupuncture plus fMRI/functional neuroimaging,high,acupuncture_term; strong_fMRI_neuroimaging_term,systematic review / possible fMRI candidate,include,carried over from first title screen,high,acupuncture baihui activated the functional brain areas of major depressive disorder patients with regional homogeneity,,,,,,,,no_pmid,,include_for_full_text,,low,yes,yes,yes,yes,no,no,yes,Acupuncture+fMRI terms present in title; abstract limited; No abstract available (no_pmid); decision based on title only
DUP_00512,Embase,Cerebral Response of Healthy Subjects to a Somatosensory Stimulation With XNKQ Acupuncture Compared to Control Interventions Measured With EEG and fMRI,no,no_match,,,,no,abstract_review_then_retrieve_pdf_if_eligible,,2015,clinicaltrials.gov,,,DUP_00512,records (1).csv,,,,include,title/metadata indicates acupuncture plus fMRI/functional neuroimaging,high,acupuncture_term; strong_fMRI_neuroimaging_term; sham_placebo_control_term; non_fMRI_modality_flag,systematic review / possible fMRI candidate,include,carried over from first title screen,high,cerebral response of healthy subjects to a somatosensory stimulation with xnkq acupuncture compared to control interventions measured with eeg and fmri,,,,,,,,no_pmid,,include_for_full_text,,low,yes,yes,yes,yes,no,no,yes,Acupuncture+fMRI terms present in title; abstract limited; No abstract available (no_pmid); decision based on title only
DUP_00724,Embase,Ear acupuncture and fMRI: A pilot study for assessing the speci-city of auricular points,no,no_match,,,,no,abstract_review_then_retrieve_pdf_if_eligible,,2015,Revista Internacional de Acupuntura,,,DUP_00724,records (1).csv,,,,include,title/metadata indicates acupuncture plus fMRI/functional neuroimaging,high,acupuncture_term; strong_fMRI_neuroimaging_term; acupuncture_adjacent_modality_flag,systematic review / possible fMRI candidate,include,carried over from first title screen,high,ear acupuncture and fmri a pilot study for assessing the speci city of auricular points,,,,,,,,no_pmid,,include_for_full_text,,low,unclear,yes,yes,yes,no,no,yes,Acupuncture+fMRI terms present in title; abstract limited; No abstract available (no_pmid); decision based on title only
DUP_00318,Embase,An fMRI Study prior and post acupuncture treatment during the first 24 hours of smoking cessation,no,no_match,,,,no,abstract_review_then_retrieve_pdf_if_eligible,,2014,Deutsche Zeitschrift fur Akupunktur,,,DUP_00318,records (1).csv,,,,include,title/metadata indicates acupuncture plus fMRI/functional neuroimaging,high,acupuncture_term; strong_fMRI_neuroimaging_term,systematic review / possible fMRI candidate,include,carried over from first title screen,high,an fmri study prior and post acupuncture treatment during the first 24 hours of smoking cessation,,,,,,,,no_pmid,,include_for_full_text,,low,unclear,yes,yes,yes,no,no,yes,Acupuncture+fMRI terms present in title; abstract limited; No abstract available (no_pmid); decision based on title only
DUP_00517,Embase,Cerebrum fMRI study on the acupucture of Five Shu Points of gall bladder meridian of Foot-Shaoyang,no,no_match,,,,no,abstract_review_then_retrieve_pdf_if_eligible,,2014,Chinese Journal of Medical Imaging Technology,,,DUP_00517,records (1).csv,,,,include,title/metadata indicates acupuncture plus fMRI/functional neuroimaging,high,acupuncture_term; strong_fMRI_neuroimaging_term,systematic review / possible fMRI candidate,include,carried over from first title screen,high,cerebrum fmri study on the acupucture of five shu points of gall bladder meridian of foot shaoyang,,,,,,,,no_pmid,,unclear,,low,unclear,no,yes,unclear,no,no,yes,Partial acupuncture term match; fMRI present; partial acupuncture term match
DUP_01374,Embase,Neuroimaging Approaches to Deconstructing Acupuncture for Chronic Pain,no,no_match,,,,no,abstract_review_then_retrieve_pdf_if_eligible,,2014,clinicaltrials.gov,,,DUP_01374,records (1).csv,,,,include,title/metadata indicates acupuncture plus fMRI/functional neuroimaging,high,acupuncture_term; strong_fMRI_neuroimaging_term; mechanism_deqi_pain_term,systematic review / possible fMRI candidate,include,carried over from first title screen,high,neuroimaging approaches to deconstructing acupuncture for chronic pain,,,,,,,,no_pmid,,include_for_full_text,,low,unclear,yes,yes,yes,no,no,yes,Acupuncture+fMRI terms present in title; abstract limited; No abstract available (no_pmid); decision based on title only
DUP_01622,Embase,Roundtable: Psychological and neurological effects of acupuncture: Brain effects of acupuncture studied through the functional magnetic resonance imaging technique,no,no_match,,,,no,abstract_review_then_retrieve_pdf_if_eligible,,2014,Revista Internacional de Acupuntura,,,DUP_01622,records (1).csv,,,,include,title/metadata indicates acupuncture plus fMRI/functional neuroimaging,high,acupuncture_term; strong_fMRI_neuroimaging_term,systematic review / possible fMRI candidate,include,carried over from first title screen,high,roundtable psychological and neurological effects of acupuncture brain effects of acupuncture studied through the functional magnetic resonance imaging technique,,,,,,,,no_pmid,,include_for_full_text,,low,unclear,yes,yes,yes,no,no,yes,Acupuncture+fMRI terms present in title; abstract limited; No abstract available (no_pmid); decision based on title only
DUP_00284,Embase,Altered brain response to acupuncture after a course of acupuncture therapy for CTS is associated with analgesia,no,no_match,,,,no,abstract_review_then_retrieve_pdf_if_eligible,,2013,Journal of Alternative and Complementary Medicine,,,DUP_00284,records (1).csv,,,,include,title/metadata indicates acupuncture plus fMRI/functional neuroimaging,high,acupuncture_term; strong_fMRI_neuroimaging_term; mechanism_deqi_pain_term,systematic review / possible fMRI candidate,include,carried over from first title screen,high,altered brain response to acupuncture after a course of acupuncture therapy for cts is associated with analgesia,,,,,,,,no_pmid,,include_for_full_text,,low,unclear,yes,yes,yes,no,no,yes,Acupuncture+fMRI terms present in title; abstract limited; No abstract available (no_pmid); decision based on title only
DUP_00515,Embase,Cerebral responses to puncturing at ST36 after acupuncture treatment in patients with functional dyspepsia,no,no_match,,,,no,abstract_review_then_retrieve_pdf_if_eligible,,2013,World Chinese Journal of Digestology,,,DUP_00515,records (1).csv,,,,unclear,acupuncture plus possible brain/neuroimaging term; verify abstract,medium,acupuncture_term; possible_brain_neuro_term,needs abstract to determine neuroimaging eligibility,human_check,brain/neural term present but imaging modality/design unclear from title,medium,cerebral responses to puncturing at st36 after acupuncture treatment in patients with functional dyspepsia,,,,,,,,no_pmid,,unclear,,low,yes,yes,no,unclear,no,no,yes,Acupuncture present; brain/imaging terms present but no clear fMRI keyword
DUP_01041,Embase,Functional brain connectivity predicts acupuncture analgesic effect in carpal tunnel syndrome patients,no,no_match,,,,no,abstract_review_then_retrieve_pdf_if_eligible,,2013,Journal of Alternative and Complementary Medicine,,,DUP_01041,records (1).csv,,,,unclear,acupuncture plus possible brain/neuroimaging term; verify abstract,medium,acupuncture_term; possible_brain_neuro_term,needs abstract to determine neuroimaging eligibility,include_for_abstract,title suggests acupuncture plus functional MRI/neuroimaging/brain-network outcome,medium,functional brain connectivity predicts acupuncture analgesic effect in carpal tunnel syndrome patients,,,,,,,,no_pmid,,include_for_full_text,,low,yes,yes,yes,yes,no,no,yes,Acupuncture+fMRI terms present in title; abstract limited; No abstract available (no_pmid); decision based on title only
DUP_01557,Embase,Regulation of cerebral regional homogeneity exerted by puncturing hao-yang acupoints for migraine patients,no,no_match,,,,no,abstract_review_then_retrieve_pdf_if_eligible,,2013,Journal of Alternative and Complementary Medicine,,,DUP_01557,records (1).csv,,,,include,title/metadata indicates acupuncture plus fMRI/functional neuroimaging,high,acupuncture_term; strong_fMRI_neuroimaging_term,systematic review / possible fMRI candidate,include,carried over from first title screen,high,regulation of cerebral regional homogeneity exerted by puncturing hao yang acupoints for migraine patients,,,,,,,,no_pmid,,unclear,,low,yes,yes,no,unclear,no,no,yes,Acupuncture present; brain/imaging terms present but no clear fMRI keyword
DUP_01633,Embase,Scalp electroacupuncture in stroke rehabilitation research: FMRI methodological issues and solutions,no,no_match,,,,no,abstract_review_then_retrieve_pdf_if_eligible,,2013,Journal of Alternative and Complementary Medicine,,,DUP_01633,records (1).csv,,,,include,title/metadata indicates acupuncture plus fMRI/functional neuroimaging,high,acupuncture_term; strong_fMRI_neuroimaging_term,systematic review / possible fMRI candidate,include,carried over from first title screen,high,scalp electroacupuncture in stroke rehabilitation research fmri methodological issues and solutions,,,,,,,,no_pmid,,include_for_full_text,,low,unclear,yes,yes,yes,no,no,yes,Acupuncture+fMRI terms present in title; abstract limited; No abstract available (no_pmid); decision based on title only
DUP_01738,Embase,The brain effects of laser acupuncture in depressed individuals: An fMRI investigation,no,no_match,,,,no,abstract_review_then_retrieve_pdf_if_eligible,,2013,Deutsche Zeitschrift fur Akupunktur,,,DUP_01738,records (1).csv,,,,include,title/metadata indicates acupuncture plus fMRI/functional neuroimaging,high,acupuncture_term; strong_fMRI_neuroimaging_term; acupuncture_adjacent_modality_flag,systematic review / possible fMRI candidate,include,carried over from first title screen,high,the brain effects of laser acupuncture in depressed individuals an fmri investigation,,,,,,,,no_pmid,,include_for_full_text,,low,unclear,yes,yes,yes,no,no,yes,Acupuncture+fMRI terms present in title; abstract limited; No abstract available (no_pmid); decision based on title only
DUP_00037,Embase,A Physiological fMRI Study of Acupuncture and Perceptions of Pain in Chronic Low Back Pain Patients.,no,no_match,,,,no,abstract_review_then_retrieve_pdf_if_eligible,,2012,clinicaltrials.gov,,,DUP_00037,records (1).csv,,,,include,title/metadata indicates acupuncture plus fMRI/functional neuroimaging,high,acupuncture_term; strong_fMRI_neuroimaging_term; mechanism_deqi_pain_term,systematic review / possible fMRI candidate,include,carried over from first title screen,high,a physiological fmri study of acupuncture and perceptions of pain in chronic low back pain patients,,,,,,,,no_pmid,,include_for_full_text,,low,yes,yes,yes,yes,no,no,yes,Acupuncture+fMRI terms present in title; abstract limited; No abstract available (no_pmid); decision based on title only
DUP_00242,Embase,Acupuncture treatment attenuates excitability of spinal motor neuron and spastic muscle overactivity in patients with persistent disturbance of consciousness following traumatic brain injury,no,no_match,,,,no,abstract_review_then_retrieve_pdf_if_eligible,,2012,Brain Injury,,,DUP_00242,records (1).csv,,,,unclear,acupuncture plus possible brain/neuroimaging term; verify abstract,medium,acupuncture_term; possible_brain_neuro_term,needs abstract to determine neuroimaging eligibility,human_check,brain/neural term present but imaging modality/design unclear from title,medium,acupuncture treatment attenuates excitability of spinal motor neuron and spastic muscle overactivity in patients with persistent disturbance of consciousness following traumatic brain injury,,,,,,,,no_pmid,,unclear,,low,yes,yes,no,unclear,no,no,yes,Acupuncture present; brain/imaging terms present but no clear fMRI keyword
DUP_00437,Embase,Brain circuitry subserving acupuncture relief of itch in atopic dermatitis: An fMRI study,no,no_match,,,,no,abstract_review_then_retrieve_pdf_if_eligible,,2012,BMC Complementary and Alternative Medicine,,,DUP_00437,records (1).csv,,,,include,title/metadata indicates acupuncture plus fMRI/functional neuroimaging,high,acupuncture_term; strong_fMRI_neuroimaging_term,systematic review / possible fMRI candidate,include,carried over from first title screen,high,brain circuitry subserving acupuncture relief of itch in atopic dermatitis an fmri study,,,,,,,,no_pmid,,include_for_full_text,,low,unclear,yes,yes,yes,no,no,yes,Acupuncture+fMRI terms present in title; abstract limited; No abstract available (no_pmid); decision based on title only
DUP_00461,Embase,Brain Mechanisms of Acupuncture Treatment in Chronic Low Back Pain,no,no_match,,,,no,abstract_review_then_retrieve_pdf_if_eligible,,2012,clinicaltrials.gov,,,DUP_00461,records (1).csv,,,,unclear,acupuncture plus possible brain/neuroimaging term; verify abstract,medium,acupuncture_term; possible_brain_neuro_term; mechanism_deqi_pain_term,needs abstract to determine neuroimaging eligibility,human_check,brain/neural term present but imaging modality/design unclear from title,medium,brain mechanisms of acupuncture treatment in chronic low back pain,,,,,,,,no_pmid,,unclear,,low,unclear,yes,no,unclear,no,no,yes,Acupuncture present; brain/imaging terms present but no clear fMRI keyword
DUP_00468,Embase,Brain Plasticity Underlying Back Pain Response to Different Acupuncture Methods,no,no_match,,,,no,abstract_review_then_retrieve_pdf_if_eligible,,2012,clinicaltrials.gov,,,DUP_00468,records (1).csv,,,,unclear,acupuncture plus possible brain/neuroimaging term; verify abstract,medium,acupuncture_term; possible_brain_neuro_term; mechanism_deqi_pain_term,needs abstract to determine neuroimaging eligibility,human_check,brain/neural term present but imaging modality/design unclear from title,medium,brain plasticity underlying back pain response to different acupuncture methods,,,,,,,,no_pmid,,unclear,,low,unclear,yes,no,unclear,no,no,yes,Acupuncture present; brain/imaging terms present but no clear fMRI keyword
DUP_00890,Embase,Efficacy of Acupuncture and Moxibustion Treatment in Patients With Quiescent Crohn's Disease:Evaluation With Functional Magnetic Resonance Imaging(fMRI),no,no_match,,,,no,abstract_review_then_retrieve_pdf_if_eligible,,2012,clinicaltrials.gov,,,DUP_00890,records (1).csv,,,,include,title/metadata indicates acupuncture plus fMRI/functional neuroimaging,high,acupuncture_term; strong_fMRI_neuroimaging_term; acupuncture_adjacent_modality_flag,systematic review / possible fMRI candidate,include,carried over from first title screen,high,efficacy of acupuncture and moxibustion treatment in patients with quiescent crohn s disease evaluation with functional magnetic resonance imaging fmri,,,,,,,,no_pmid,,include_for_full_text,,low,yes,yes,yes,yes,no,no,yes,Acupuncture+fMRI terms present in title; abstract limited; No abstract available (no_pmid); decision based on title only
DUP_00939,Embase,Electroacupuncture pretreatment as a novel avenue to protect brain against ischemia and reperfusion injury,no,no_match,,,,no,abstract_review_then_retrieve_pdf_if_eligible,,2012,Evidence-based Complementary and Alternative Medicine,,,DUP_00939,records (1).csv,,,,unclear,acupuncture plus possible brain/neuroimaging term; verify abstract,medium,acupuncture_term; possible_brain_neuro_term,needs abstract to determine neuroimaging eligibility,human_check,brain/neural term present but imaging modality/design unclear from title,medium,electroacupuncture pretreatment as a novel avenue to protect brain against ischemia and reperfusion injury,,,,,,,,no_pmid,,unclear,,low,unclear,yes,no,unclear,no,no,yes,Acupuncture present; brain/imaging terms present but no clear fMRI keyword
DUP_01520,Embase,Progress on application of fMRI in studies of meridians and acupoints,no,no_match,,,,no,abstract_review_then_retrieve_pdf_if_eligible,,2012,World Journal of Acupuncture - Moxibustion,,,DUP_01520,records (1).csv,,,,include,title/metadata indicates acupuncture plus fMRI/functional neuroimaging,high,acupuncture_term; strong_fMRI_neuroimaging_term; acupuncture_adjacent_modality_flag,systematic review / possible fMRI candidate,include,carried over from first title screen,high,progress on application of fmri in studies of meridians and acupoints,,,,,,,,no_pmid,,include_for_full_text,,low,unclear,yes,yes,yes,no,no,yes,Acupuncture+fMRI terms present in title; abstract limited; No abstract available (no_pmid); decision based on title only
DUP_00467,Embase,Brain Plasticity in Carpal Tunnel Syndrome and Its Response to Acupuncture,no,no_match,,,,no,abstract_review_then_retrieve_pdf_if_eligible,,2011,clinicaltrials.gov,,,DUP_00467,records (1).csv,,,,unclear,acupuncture plus possible brain/neuroimaging term; verify abstract,medium,acupuncture_term; possible_brain_neuro_term,needs abstract to determine neuroimaging eligibility,human_check,brain/neural term present but imaging modality/design unclear from title,medium,brain plasticity in carpal tunnel syndrome and its response to acupuncture,,,,,,,,no_pmid,,unclear,,low,unclear,yes,no,unclear,no,no,yes,Acupuncture present; brain/imaging terms present but no clear fMRI keyword
DUP_00506,Embase,Cerebral fMRI in observation on the therapeutic mechanism of electro-acupuncture on Shenmen and Sanyinjiao for insomnia,no,no_match,,,,no,abstract_review_then_retrieve_pdf_if_eligible,,2011,Chinese Journal of Interventional Imaging and Therapy,,,DUP_00506,records (1).csv,,,,include,title/metadata indicates acupuncture plus fMRI/functional neuroimaging,high,acupuncture_term; strong_fMRI_neuroimaging_term; coordinate_result_term,possible coordinate-based meta-analysis candidate,include,carried over from first title screen,high,cerebral fmri in observation on the therapeutic mechanism of electro acupuncture on shenmen and sanyinjiao for insomnia,,,,,,,,no_pmid,,include_for_full_text,,low,unclear,yes,yes,yes,no,no,yes,Acupuncture+fMRI terms present in title; abstract limited; No abstract available (no_pmid); decision based on title only
DUP_01065,Embase,Functional magnetic resonance imaging studies of acupuncture mechanisms: A critique,no,no_match,,,,no,abstract_review_then_retrieve_pdf_if_eligible,,2011,Focus on Alternative and Complementary Therapies,,,DUP_01065,records (1).csv,,,,include,title/metadata indicates acupuncture plus fMRI/functional neuroimaging,high,acupuncture_term; strong_fMRI_neuroimaging_term,systematic review / possible fMRI candidate,include,carried over from first title screen,high,functional magnetic resonance imaging studies of acupuncture mechanisms a critique,,,,,,,,no_pmid,,include_for_full_text,,low,unclear,yes,yes,yes,no,no,yes,Acupuncture+fMRI terms present in title; abstract limited; No abstract available (no_pmid); decision based on title only
DUP_01583,Embase,"Response to correspondence on ""functional magnetic resonance imaging activation of the brain in children: Real acupoint versus sham acupoint""",no,no_match,,,,no,abstract_review_then_retrieve_pdf_if_eligible,,2011,Journal of Child Neurology,,,DUP_01583,records (1).csv,,,,include,title/metadata indicates acupuncture plus fMRI/functional neuroimaging,high,acupuncture_term; strong_fMRI_neuroimaging_term; sham_placebo_control_term,systematic review / possible fMRI candidate,include,carried over from first title screen,high,response to correspondence on functional magnetic resonance imaging activation of the brain in children real acupoint versus sham acupoint,,,,,,,,no_pmid,,include_for_full_text,,low,unclear,yes,yes,yes,yes,no,yes,Acupuncture+fMRI terms present in title; abstract limited; No abstract available (no_pmid); decision based on title only
DUP_01592,Embase,Resting state-functional magnetic resonance imaging technology applied to a balancing acupuncture treatment for central mechanisms,no,no_match,,,,no,abstract_review_then_retrieve_pdf_if_eligible,,2011,Journal of Clinical Rehabilitative Tissue Engineering Research,,,DUP_01592,records (1).csv,,,,include,title/metadata indicates acupuncture plus fMRI/functional neuroimaging,high,acupuncture_term; strong_fMRI_neuroimaging_term,systematic review / possible fMRI candidate,include,carried over from first title screen,high,resting state functional magnetic resonance imaging technology applied to a balancing acupuncture treatment for central mechanisms,,,,,,,,no_pmid,,include_for_full_text,,low,unclear,yes,yes,yes,no,no,yes,Acupuncture+fMRI terms present in title; abstract limited; No abstract available (no_pmid); decision based on title only
DUP_00244,Embase,Acupuncture Treatment for Migraine: a Functional Magnetic Resonance Imaging Study,no,no_match,,,,no,abstract_review_then_retrieve_pdf_if_eligible,,2010,clinicaltrials.gov,,,DUP_00244,records (1).csv,,,,include,title/metadata indicates acupuncture plus fMRI/functional neuroimaging,high,acupuncture_term; strong_fMRI_neuroimaging_term,systematic review / possible fMRI candidate,include,carried over from first title screen,high,acupuncture treatment for migraine a functional magnetic resonance imaging study,,,,,,,,no_pmid,,include_for_full_text,,low,unclear,yes,yes,yes,no,no,yes,Acupuncture+fMRI terms present in title; abstract limited; No abstract available (no_pmid); decision based on title only
DUP_00299,Embase,An Acupuncture fMRI Study on Chronic Pain: Response Reliability and Dose Effect,no,no_match,,,,no,abstract_review_then_retrieve_pdf_if_eligible,,2010,clinicaltrials.gov,,,DUP_00299,records (1).csv,,,,include,title/metadata indicates acupuncture plus fMRI/functional neuroimaging,high,acupuncture_term; strong_fMRI_neuroimaging_term; mechanism_deqi_pain_term,systematic review / possible fMRI candidate,include,carried over from first title screen,high,an acupuncture fmri study on chronic pain response reliability and dose effect,,,,,,,,no_pmid,,include_for_full_text,,low,unclear,yes,yes,yes,no,no,yes,Acupuncture+fMRI terms present in title; abstract limited; No abstract available (no_pmid); decision based on title only
DUP_00431,Embase,Brain Activity Changes Measured by EEG and fMRI on Healthy Volunteers After Complex Somatosensory Stimulation With Acupuncture Needles,no,no_match,,,,no,abstract_review_then_retrieve_pdf_if_eligible,,2010,clinicaltrials.gov,,,DUP_00431,records (1).csv,,,,include,title/metadata indicates acupuncture plus fMRI/functional neuroimaging,high,acupuncture_term; strong_fMRI_neuroimaging_term; non_fMRI_modality_flag,systematic review / possible fMRI candidate,include,carried over from first title screen,high,brain activity changes measured by eeg and fmri on healthy volunteers after complex somatosensory stimulation with acupuncture needles,,,,,,,,no_pmid,,include_for_full_text,,low,yes,yes,yes,yes,no,no,yes,Acupuncture+fMRI terms present in title; abstract limited; No abstract available (no_pmid); decision based on title only
DUP_01434,Embase,Observation with fMRI on central mechanisms of acupuncture at ST36 using reinforcing and reducing techniques,no,no_match,,,,no,abstract_review_then_retrieve_pdf_if_eligible,,2010,Chinese Journal of Medical Imaging Technology,,,DUP_01434,records (1).csv,,,,include,title/metadata indicates acupuncture plus fMRI/functional neuroimaging,high,acupuncture_term; strong_fMRI_neuroimaging_term,systematic review / possible fMRI candidate,include,carried over from first title screen,high,observation with fmri on central mechanisms of acupuncture at st36 using reinforcing and reducing techniques,,,,,,,,no_pmid,,include_for_full_text,,low,unclear,yes,yes,yes,no,no,yes,Acupuncture+fMRI terms present in title; abstract limited; No abstract available (no_pmid); decision based on title only
DUP_00040,Embase,A Pilot Study on the Effect of Electroacupuncture on Functional Brain Mapping in Patients With Irritable Bowel Syndrome,no,no_match,,,,no,abstract_review_then_retrieve_pdf_if_eligible,,2009,clinicaltrials.gov,,,DUP_00040,records (1).csv,,,,unclear,acupuncture plus possible brain/neuroimaging term; verify abstract,medium,acupuncture_term; possible_brain_neuro_term,needs abstract to determine neuroimaging eligibility,human_check,brain/neural term present but imaging modality/design unclear from title,medium,a pilot study on the effect of electroacupuncture on functional brain mapping in patients with irritable bowel syndrome,,,,,,,,no_pmid,,include_for_full_text,,low,yes,yes,yes,yes,no,no,yes,Acupuncture+fMRI terms present in title; abstract limited; No abstract available (no_pmid); decision based on title only
DUP_00210,Embase,Acupuncture of motor-implicated acupoints on subacute stroke patients: An fMRI evaluation study,no,no_match,,,,no,abstract_review_then_retrieve_pdf_if_eligible,,2009,Medical Acupuncture,,,DUP_00210,records (1).csv,,,,include,title/metadata indicates acupuncture plus fMRI/functional neuroimaging,high,acupuncture_term; strong_fMRI_neuroimaging_term,systematic review / possible fMRI candidate,include,carried over from first title screen,high,acupuncture of motor implicated acupoints on subacute stroke patients an fmri evaluation study,,,,,,,,no_pmid,,include_for_full_text,,low,yes,yes,yes,yes,no,no,yes,Acupuncture+fMRI terms present in title; abstract limited; No abstract available (no_pmid); decision based on title only
DUP_00312,Embase,An fMRI Study of Expectancy on Acupuncture Treatment Outcomes in Knee OA,no,no_match,,,,no,abstract_review_then_retrieve_pdf_if_eligible,,2009,clinicaltrials.gov,,,DUP_00312,records (1).csv,,,,include,title/metadata indicates acupuncture plus fMRI/functional neuroimaging,high,acupuncture_term; strong_fMRI_neuroimaging_term; mechanism_deqi_pain_term,systematic review / possible fMRI candidate,include,carried over from first title screen,high,an fmri study of expectancy on acupuncture treatment outcomes in knee oa,,,,,,,,no_pmid,,include_for_full_text,,low,unclear,yes,yes,yes,no,no,yes,Acupuncture+fMRI terms present in title; abstract limited; No abstract available (no_pmid); decision based on title only
DUP_00354,Embase,Application of functional magnetic resonance imaging in research of acupuncture mechanism,no,no_match,,,,no,abstract_review_then_retrieve_pdf_if_eligible,,2009,Chinese Journal of Medical Imaging Technology,,,DUP_00354,records (1).csv,,,,include,title/metadata indicates acupuncture plus fMRI/functional neuroimaging,high,acupuncture_term; strong_fMRI_neuroimaging_term,systematic review / possible fMRI candidate,include,carried over from first title screen,high,application of functional magnetic resonance imaging in research of acupuncture mechanism,,,,,,,,no_pmid,,include_for_full_text,,low,unclear,yes,yes,yes,no,no,yes,Acupuncture+fMRI terms present in title; abstract limited; No abstract available (no_pmid); decision based on title only
DUP_00950,Embase,Electroacupuncturing acupoints of patients with peripheral facial paralysis: A functional MRI study,no,no_match,,,,no,abstract_review_then_retrieve_pdf_if_eligible,,2009,Chinese Journal of Medical Imaging Technology,,,DUP_00950,records (1).csv,,,,include,title/metadata indicates acupuncture plus fMRI/functional neuroimaging,high,acupuncture_term; strong_fMRI_neuroimaging_term,systematic review / possible fMRI candidate,include,carried over from first title screen,high,electroacupuncturing acupoints of patients with peripheral facial paralysis a functional mri study,,,,,,,,no_pmid,,include_for_full_text,,low,yes,yes,yes,yes,no,no,yes,Acupuncture+fMRI terms present in title; abstract limited; No abstract available (no_pmid); decision based on title only
DUP_01070,Embase,Functional MRI and acupuncture (Large intestine 4 acupoint) in patients with myofascial pain of the jaw muscles: A pilot randomized trial,no,no_match,,,,no,abstract_review_then_retrieve_pdf_if_eligible,,2009,Medical Acupuncture,,,DUP_01070,records (1).csv,,,,include,title/metadata indicates acupuncture plus fMRI/functional neuroimaging,high,acupuncture_term; strong_fMRI_neuroimaging_term; mechanism_deqi_pain_term,systematic review / possible fMRI candidate,include,carried over from first title screen,high,functional mri and acupuncture large intestine 4 acupoint in patients with myofascial pain of the jaw muscles a pilot randomized trial,,,,,,,,no_pmid,,include_for_full_text,,low,yes,yes,yes,yes,no,no,yes,Acupuncture+fMRI terms present in title; abstract limited; No abstract available (no_pmid); decision based on title only
DUP_01231,Embase,Magnetic resonance imaging study of twisting or untwisting Taixi acupoint (KI3) on brain function,no,no_match,,,,no,abstract_review_then_retrieve_pdf_if_eligible,,2009,Journal of Clinical Rehabilitative Tissue Engineering Research,,,DUP_01231,records (1).csv,,,,unclear,acupuncture plus possible brain/neuroimaging term; verify abstract,medium,acupuncture_term; possible_brain_neuro_term,needs abstract to determine neuroimaging eligibility,include_for_abstract,title suggests acupuncture plus functional MRI/neuroimaging/brain-network outcome,medium,magnetic resonance imaging study of twisting or untwisting taixi acupoint ki3 on brain function,,,,,,,,no_pmid,,include_for_full_text,,low,unclear,yes,yes,yes,no,no,yes,Acupuncture+fMRI terms present in title; abstract limited; No abstract available (no_pmid); decision based on title only
DUP_01582,Embase,"Response to correspondence on ""effect of acupuncture on the brain in children with spastic cerebral palsy using functional neuroimaging (fMRI)""",no,no_match,,,,no,abstract_review_then_retrieve_pdf_if_eligible,,2009,Journal of Child Neurology,,,DUP_01582,records (1).csv,,,,include,title/metadata indicates acupuncture plus fMRI/functional neuroimaging,high,acupuncture_term; strong_fMRI_neuroimaging_term,systematic review / possible fMRI candidate,include,carried over from first title screen,high,response to correspondence on effect of acupuncture on the brain in children with spastic cerebral palsy using functional neuroimaging fmri,,,,,,,,no_pmid,,include_for_full_text,,low,unclear,yes,yes,yes,no,no,yes,Acupuncture+fMRI terms present in title; abstract limited; No abstract available (no_pmid); decision based on title only
DUP_01593,Embase,Resting-state functional MRI evaluation of after-effect of acupuncture at Zusanli point,no,no_match,,,,no,abstract_review_then_retrieve_pdf_if_eligible,,2009,Chinese Journal of Medical Imaging Technology,,,DUP_01593,records (1).csv,,,,include,title/metadata indicates acupuncture plus fMRI/functional neuroimaging,high,acupuncture_term; strong_fMRI_neuroimaging_term,systematic review / possible fMRI candidate,include,carried over from first title screen,high,resting state functional mri evaluation of after effect of acupuncture at zusanli point,,,,,,,,no_pmid,,include_for_full_text,,low,unclear,yes,yes,yes,no,no,yes,Acupuncture+fMRI terms present in title; abstract limited; No abstract available (no_pmid); decision based on title only
DUP_00054,Embase,"A Spinal fMRI Study of Resting-State, Motor Task and Acupoint Stimulation",no,no_match,,,,no,abstract_review_then_retrieve_pdf_if_eligible,,2008,clinicaltrials.gov,,,DUP_00054,records (1).csv,,,,include,title/metadata indicates acupuncture plus fMRI/functional neuroimaging,high,acupuncture_term; strong_fMRI_neuroimaging_term,systematic review / possible fMRI candidate,include,carried over from first title screen,high,a spinal fmri study of resting state motor task and acupoint stimulation,,,,,,,,no_pmid,,include_for_full_text,,low,unclear,yes,yes,yes,no,no,yes,Acupuncture+fMRI terms present in title; abstract limited; No abstract available (no_pmid); decision based on title only
DUP_00106,Embase,Acupuncture and the CNS: What can the brain at rest suggest?,no,no_match,,,,no,abstract_review_then_retrieve_pdf_if_eligible,,2008,Pain,,,DUP_00106,records (1).csv,,,,unclear,acupuncture plus possible brain/neuroimaging term; verify abstract,medium,acupuncture_term; possible_brain_neuro_term; mechanism_deqi_pain_term,needs abstract to determine neuroimaging eligibility,human_check,brain/neural term present but imaging modality/design unclear from title,medium,acupuncture and the cns what can the brain at rest suggest,,,,,,,,no_pmid,,unclear,,low,unclear,yes,no,unclear,no,no,yes,Acupuncture present; brain/imaging terms present but no clear fMRI keyword
DUP_01023,Embase,fMRI Measurements on the Effect of Transcutaneous Electrical Nerve Stimulation (TENS) on Acupuncture Points Verses Spontaneous Normal Vaginal Delivery to Relief of Labor Pain,no,no_match,,,,no,abstract_review_then_retrieve_pdf_if_eligible,,2008,clinicaltrials.gov,,,DUP_01023,records (1).csv,,,,include,title/metadata indicates acupuncture plus fMRI/functional neuroimaging,high,acupuncture_term; strong_fMRI_neuroimaging_term; mechanism_deqi_pain_term; acupuncture_adjacent_modality_flag,systematic review / possible fMRI candidate,include,carried over from first title screen,high,fmri measurements on the effect of transcutaneous electrical nerve stimulation tens on acupuncture points verses spontaneous normal vaginal delivery to relief of labor pain,,,,,,,,no_pmid,,include_for_full_text,,low,unclear,yes,yes,yes,no,no,yes,Acupuncture+fMRI terms present in title; abstract limited; No abstract available (no_pmid); decision based on title only
DUP_01103,Embase,Hegu acupoint of patient with peripheral facial paralysis by electroacupuncture: A functional MRI study,no,no_match,,,,no,abstract_review_then_retrieve_pdf_if_eligible,,2008,Chinese Journal of Medical Imaging Technology,,,DUP_01103,records (1).csv,,,,include,title/metadata indicates acupuncture plus fMRI/functional neuroimaging,high,acupuncture_term; strong_fMRI_neuroimaging_term,systematic review / possible fMRI candidate,include,carried over from first title screen,high,hegu acupoint of patient with peripheral facial paralysis by electroacupuncture a functional mri study,,,,,,,,no_pmid,,include_for_full_text,,low,yes,yes,yes,yes,no,no,yes,Acupuncture+fMRI terms present in title; abstract limited; No abstract available (no_pmid); decision based on title only
DUP_01306,Embase,"MRI cerebral function imaging following acupuncture at Hegu, Zusanli, Neiguan and Sanyinjiao points",no,no_match,,,,no,abstract_review_then_retrieve_pdf_if_eligible,,2007,Journal of Clinical Rehabilitative Tissue Engineering Research,,,DUP_01306,records (1).csv,,,,unclear,acupuncture plus possible brain/neuroimaging term; verify abstract,medium,acupuncture_term; possible_brain_neuro_term,needs abstract to determine neuroimaging eligibility,include_for_abstract,title suggests acupuncture plus functional MRI/neuroimaging/brain-network outcome,medium,mri cerebral function imaging following acupuncture at hegu zusanli neiguan and sanyinjiao points,,,,,,,,no_pmid,,unclear,,low,unclear,yes,no,unclear,no,no,yes,Acupuncture present; brain/imaging terms present but no clear fMRI keyword
DUP_01328,Embase,Needling sensation: Explanation of incongruent conclusion drawn from acupuncture fMRI study [1],no,no_match,,,,no,abstract_review_then_retrieve_pdf_if_eligible,,2007,Journal of Alternative and Complementary Medicine,,,DUP_01328,records (1).csv,,,,include,title/metadata indicates acupuncture plus fMRI/functional neuroimaging,high,acupuncture_term; strong_fMRI_neuroimaging_term,systematic review / possible fMRI candidate,include,carried over from first title screen,high,needling sensation explanation of incongruent conclusion drawn from acupuncture fmri study 1,,,,,,,,no_pmid,,include_for_full_text,,low,unclear,yes,yes,yes,no,no,yes,Acupuncture+fMRI terms present in title; abstract limited; No abstract available (no_pmid); decision based on title only
DUP_00682,Embase,Different cerebellar responding to acupuncture at Liv3 and LI4: An fMRI study,no,no_match,,,,no,abstract_review_then_retrieve_pdf_if_eligible,,2006,Chinese Journal of Medical Imaging Technology,,,DUP_00682,records (1).csv,,,,include,title/metadata indicates acupuncture plus fMRI/functional neuroimaging,high,acupuncture_term; strong_fMRI_neuroimaging_term,systematic review / possible fMRI candidate,include,carried over from first title screen,high,different cerebellar responding to acupuncture at liv3 and li4 an fmri study,,,,,,,,no_pmid,,include_for_full_text,,low,unclear,yes,yes,yes,no,no,yes,Acupuncture+fMRI terms present in title; abstract limited; No abstract available (no_pmid); decision based on title only
DUP_01025,Embase,"fMRI study of acupuncture at ""four gate points"" on normal aging people",no,no_match,,,,no,abstract_review_then_retrieve_pdf_if_eligible,,2006,Chinese Journal of Medical Imaging Technology,,,DUP_01025,records (1).csv,,,,include,title/metadata indicates acupuncture plus fMRI/functional neuroimaging,high,acupuncture_term; strong_fMRI_neuroimaging_term,systematic review / possible fMRI candidate,include,carried over from first title screen,high,fmri study of acupuncture at four gate points on normal aging people,,,,,,,,no_pmid,,include_for_full_text,,low,unclear,yes,yes,yes,no,no,yes,Acupuncture+fMRI terms present in title; abstract limited; No abstract available (no_pmid); decision based on title only
DUP_01676,Embase,Study of acupuncture point Liv 3 with functional MRI,no,no_match,,,,no,abstract_review_then_retrieve_pdf_if_eligible,,2006,Chinese Journal of Radiology,,,DUP_01676,records (1).csv,,,,include,title/metadata indicates acupuncture plus fMRI/functional neuroimaging,high,acupuncture_term; strong_fMRI_neuroimaging_term,systematic review / possible fMRI candidate,include,carried over from first title screen,high,study of acupuncture point liv 3 with functional mri,,,,,,,,no_pmid,,include_for_full_text,,low,unclear,yes,yes,yes,no,no,yes,Acupuncture+fMRI terms present in title; abstract limited; No abstract available (no_pmid); decision based on title only
DUP_00115,Embase,Acupuncture at shenmen acupoint for brain functional MRI of patients with Alzheimer disease,no,no_match,,,,no,abstract_review_then_retrieve_pdf_if_eligible,,2005,Chinese Journal of Clinical Rehabilitation,,,DUP_00115,records (1).csv,,,,include,title/metadata indicates acupuncture plus fMRI/functional neuroimaging,high,acupuncture_term; strong_fMRI_neuroimaging_term,systematic review / possible fMRI candidate,include,carried over from first title screen,high,acupuncture at shenmen acupoint for brain functional mri of patients with alzheimer disease,,,,,,,,no_pmid,,include_for_full_text,,low,yes,yes,yes,yes,no,no,yes,Acupuncture+fMRI terms present in title; abstract limited; No abstract available (no_pmid); decision based on title only
DUP_00531,Embase,Changes of brain function in different areas of cerebral cortices due to electroacupuncture at the point ST36 through MRI,no,no_match,,,,no,abstract_review_then_retrieve_pdf_if_eligible,,2005,Chinese Journal of Clinical Rehabilitation,,,DUP_00531,records (1).csv,,,,unclear,acupuncture plus possible brain/neuroimaging term; verify abstract,medium,acupuncture_term; possible_brain_neuro_term,needs abstract to determine neuroimaging eligibility,include_for_abstract,title suggests acupuncture plus functional MRI/neuroimaging/brain-network outcome,medium,changes of brain function in different areas of cerebral cortices due to electroacupuncture at the point st36 through mri,,,,,,,,no_pmid,,include_for_full_text,,low,unclear,yes,yes,yes,no,no,yes,Acupuncture+fMRI terms present in title; abstract limited; No abstract available (no_pmid); decision based on title only
DUP_00983,Embase,Evidence from brain imaging with fMRI supporting functional specifity of acupoints in humans,no,no_match,,,,no,abstract_review_then_retrieve_pdf_if_eligible,,2005,Deutsche Zeitschrift fur Akupunktur,,,DUP_00983,records (1).csv,,,,include,title/metadata indicates acupuncture plus fMRI/functional neuroimaging,high,acupuncture_term; strong_fMRI_neuroimaging_term,systematic review / possible fMRI candidate,include,carried over from first title screen,high,evidence from brain imaging with fmri supporting functional specifity of acupoints in humans,,,,,,,,no_pmid,,include_for_full_text,,low,yes,yes,yes,yes,no,no,yes,Acupuncture+fMRI terms present in title; abstract limited; No abstract available (no_pmid); decision based on title only
DUP_01060,Embase,Functional magnetic resonance imaging of real and sham acupuncture,no,no_match,,,,no,abstract_review_then_retrieve_pdf_if_eligible,,2005,IEEE Engineering in Medicine and Biology Magazine,,,DUP_01060,records (1).csv,,,,include,title/metadata indicates acupuncture plus fMRI/functional neuroimaging,high,acupuncture_term; strong_fMRI_neuroimaging_term; sham_placebo_control_term,systematic review / possible fMRI candidate,include,carried over from first title screen,high,functional magnetic resonance imaging of real and sham acupuncture,,,,,,,,no_pmid,,include_for_full_text,,low,unclear,yes,yes,yes,yes,no,yes,Acupuncture+fMRI terms present in title; abstract limited; No abstract available (no_pmid); decision based on title only
DUP_01560,Embase,Relationship between cerebral function and Kuangming and Taichong acupoints detected with functional MRI,no,no_match,,,,no,abstract_review_then_retrieve_pdf_if_eligible,,2005,Chinese Journal of Clinical Rehabilitation,,,DUP_01560,records (1).csv,,,,include,title/metadata indicates acupuncture plus fMRI/functional neuroimaging,high,acupuncture_term; strong_fMRI_neuroimaging_term,systematic review / possible fMRI candidate,include,carried over from first title screen,high,relationship between cerebral function and kuangming and taichong acupoints detected with functional mri,,,,,,,,no_pmid,,include_for_full_text,,low,unclear,yes,yes,yes,no,no,yes,Acupuncture+fMRI terms present in title; abstract limited; No abstract available (no_pmid); decision based on title only
DUP_01713,Embase,Temporal cluster for the anlaysis of the fMRI characteristics of acupuncture at Hegu acupoint,no,no_match,,,,no,abstract_review_then_retrieve_pdf_if_eligible,,2005,Chinese Journal of Clinical Rehabilitation,,,DUP_01713,records (1).csv,,,,include,title/metadata indicates acupuncture plus fMRI/functional neuroimaging,high,acupuncture_term; strong_fMRI_neuroimaging_term; coordinate_result_term,possible coordinate-based meta-analysis candidate,include,carried over from first title screen,high,temporal cluster for the anlaysis of the fmri characteristics of acupuncture at hegu acupoint,,,,,,,,no_pmid,,include_for_full_text,,low,unclear,yes,yes,yes,no,no,yes,Acupuncture+fMRI terms present in title; abstract limited; No abstract available (no_pmid); decision based on title only
DUP_01731,Embase,The application of fMRI to basic experiments in acupuncture,no,no_match,,,,no,abstract_review_then_retrieve_pdf_if_eligible,,2005,IEEE Engineering in Medicine and Biology Magazine,,,DUP_01731,records (1).csv,,,,include,title/metadata indicates acupuncture plus fMRI/functional neuroimaging,high,acupuncture_term; strong_fMRI_neuroimaging_term,systematic review / possible fMRI candidate,include,carried over from first title screen,high,the application of fmri to basic experiments in acupuncture,,,,,,,,no_pmid,,include_for_full_text,,low,unclear,yes,yes,yes,no,no,yes,Acupuncture+fMRI terms present in title; abstract limited; No abstract available (no_pmid); decision based on title only
DUP_00624,Embase,Cortical activations upon stimulation of the sensorimotor-implicated acupoints,no,no_match,,,,no,abstract_review_then_retrieve_pdf_if_eligible,,2004,Magnetic Resonance Imaging,,,DUP_00624,records (1).csv,,,,unclear,acupuncture plus possible brain/neuroimaging term; verify abstract,medium,acupuncture_term; possible_brain_neuro_term,needs abstract to determine neuroimaging eligibility,include_for_abstract,title suggests acupuncture plus functional MRI/neuroimaging/brain-network outcome,medium,cortical activations upon stimulation of the sensorimotor implicated acupoints,,,,,,,,no_pmid,,unclear,,low,unclear,yes,no,unclear,no,no,yes,Acupuncture present; brain/imaging terms present but no clear fMRI keyword
DUP_01067,Embase,Functional magnetic resonance tomography in acupuncture research,no,no_match,,,,no,abstract_review_then_retrieve_pdf_if_eligible,,2004,Deutsche Zeitschrift fur Akupunktur,,,DUP_01067,records (1).csv,,,,include,title/metadata indicates acupuncture plus fMRI/functional neuroimaging,high,acupuncture_term; strong_fMRI_neuroimaging_term,systematic review / possible fMRI candidate,include,carried over from first title screen,high,functional magnetic resonance tomography in acupuncture research,,,,,,,,no_pmid,,include_for_full_text,,low,unclear,yes,yes,yes,no,no,yes,Acupuncture+fMRI terms present in title; abstract limited; No abstract available (no_pmid); decision based on title only
DUP_01293,Embase,Modulatory Effect of Acupuncture on Human Brain Activity,no,no_match,,,,no,abstract_review_then_retrieve_pdf_if_eligible,,2004,clinicaltrials.gov,,,DUP_01293,records (1).csv,,,,include,title/metadata indicates acupuncture plus fMRI/functional neuroimaging,high,acupuncture_term; strong_fMRI_neuroimaging_term,systematic review / possible fMRI candidate,include,carried over from first title screen,high,modulatory effect of acupuncture on human brain activity,,,,,,,,no_pmid,,unclear,,low,yes,yes,no,unclear,no,no,yes,Acupuncture present; brain/imaging terms present but no clear fMRI keyword
DUP_00019,Embase,A functional magnetic resonance imaging study comparing brain activations during language task with activations during electrical stimulation of language-implicated acupoints,no,no_match,,,,no,abstract_review_then_retrieve_pdf_if_eligible,,2003,Hong Kong Medical Journal,,,DUP_00019,records (1).csv,,,,include,title/metadata indicates acupuncture plus fMRI/functional neuroimaging,high,acupuncture_term; strong_fMRI_neuroimaging_term,systematic review / possible fMRI candidate,include,carried over from first title screen,high,a functional magnetic resonance imaging study comparing brain activations during language task with activations during electrical stimulation of language implicated acupoints,,,,,,,,no_pmid,,include_for_full_text,,low,unclear,yes,yes,yes,no,no,yes,Acupuncture+fMRI terms present in title; abstract limited; No abstract available (no_pmid); decision based on title only
DUP_01042,Embase,Functional Brain Imaging - Acupuncture and Osteoarthritis,no,no_match,,,,no,abstract_review_then_retrieve_pdf_if_eligible,,2003,clinicaltrials.gov,,,DUP_01042,records (1).csv,,,,include,title/metadata indicates acupuncture plus fMRI/functional neuroimaging,high,acupuncture_term; strong_fMRI_neuroimaging_term,systematic review / possible fMRI candidate,include,carried over from first title screen,high,functional brain imaging acupuncture and osteoarthritis,,,,,,,,no_pmid,,include_for_full_text,,low,unclear,yes,yes,yes,no,no,yes,Acupuncture+fMRI terms present in title; abstract limited; No abstract available (no_pmid); decision based on title only
DUP_01954,Embase,Visual cortical activations on functional magnetic resonance imaging upon stimulation of vision-implicated acupoints,no,no_match,,,,no,abstract_review_then_retrieve_pdf_if_eligible,,2003,Hong Kong Medical Journal,,,DUP_01954,records (1).csv,,,,include,title/metadata indicates acupuncture plus fMRI/functional neuroimaging,high,acupuncture_term; strong_fMRI_neuroimaging_term,systematic review / possible fMRI candidate,include,carried over from first title screen,high,visual cortical activations on functional magnetic resonance imaging upon stimulation of vision implicated acupoints,,,,,,,,no_pmid,,include_for_full_text,,low,unclear,yes,yes,yes,no,no,yes,Acupuncture+fMRI terms present in title; abstract limited; No abstract available (no_pmid); decision based on title only
DUP_00426,Embase,Brain activation of acupuncture induced analgesia,no,no_match,,,,no,abstract_review_then_retrieve_pdf_if_eligible,,2000,NeuroImage,,,DUP_00426,records (1).csv,,,,include,title/metadata indicates acupuncture plus fMRI/functional neuroimaging,high,acupuncture_term; strong_fMRI_neuroimaging_term; mechanism_deqi_pain_term,systematic review / possible fMRI candidate,include,carried over from first title screen,high,brain activation of acupuncture induced analgesia,,,,,,,,no_pmid,,include_for_full_text,,low,unclear,yes,yes,yes,no,no,yes,Acupuncture+fMRI terms present in title; abstract limited; No abstract available (no_pmid); decision based on title only
DUP_00201,Embase,acupuncture modulates the limbic system and subcortical gray structures of the human brain - Direct evidence by fMRI,no,no_match,,,,no,abstract_review_then_retrieve_pdf_if_eligible,,1998,NeuroImage,,,DUP_00201,records (1).csv,,,,include,title/metadata indicates acupuncture plus fMRI/functional neuroimaging,high,acupuncture_term; strong_fMRI_neuroimaging_term,systematic review / possible fMRI candidate,include,carried over from first title screen,high,acupuncture modulates the limbic system and subcortical gray structures of the human brain direct evidence by fmri,,,,,,,,no_pmid,,include_for_full_text,,low,yes,yes,yes,yes,no,no,yes,Acupuncture+fMRI terms present in title; abstract limited; No abstract available (no_pmid); decision based on title only
DUP_00031,Embase,"A neurometric analysis of brain functions after halothane anaesthesia, neuroleptanalgesia and combined acupuncture-analgesia",no,no_match,,,,no,abstract_review_then_retrieve_pdf_if_eligible,,1978,Anaesthesist,,,DUP_00031,records (1).csv,,,,unclear,acupuncture plus possible brain/neuroimaging term; verify abstract,medium,acupuncture_term; possible_brain_neuro_term; mechanism_deqi_pain_term,needs abstract to determine neuroimaging eligibility,human_check,brain/neural term present but imaging modality/design unclear from title,medium,a neurometric analysis of brain functions after halothane anaesthesia neuroleptanalgesia and combined acupuncture analgesia,,,,,,,,no_pmid,,unclear,,low,unclear,yes,no,unclear,no,no,yes,Acupuncture present; brain/imaging terms present but no clear fMRI keyword
DUP_00472,Embase,Brain response and Kirlian photography of the cat under acupuncture,no,no_match,,,,no,abstract_review_then_retrieve_pdf_if_eligible,,1975,American Journal of Acupuncture,,,DUP_00472,records (1).csv,,,,include,title/metadata indicates acupuncture plus fMRI/functional neuroimaging,high,acupuncture_term; strong_fMRI_neuroimaging_term,systematic review / possible fMRI candidate,include,carried over from first title screen,high,brain response and kirlian photography of the cat under acupuncture,,,,,,,,no_pmid,,include_for_full_text,,low,unclear,yes,yes,yes,no,no,yes,Acupuncture+fMRI terms present in title; abstract limited; No abstract available (no_pmid); decision based on title only
