pmid,contrast_id,contrast_label,contrast_type,analysis_method,analysis_family,n_coordinates,n_connectivity_edges,disease_condition
16407533,contrast_pain_mask,all pretreatment high pain minus all pretreatment low pain on both placebo and control sides,pain intensity contrast (high pain > low pain); used as mask,one-way ANOVA (within-subject) random-effects model; general linear model,,7,0,healthy volunteers; experimentally induced thermal pain
16407533,contrast_placebo_gt_control_within_mask,placebo (post − pre) − control (post − pre); within mask,interaction: placebo vs control × post vs pre; within pain-intensity mask,one-way ANOVA (within-subject) random-effects model; contrast of fMRI signal change differences within mask,,1,0,healthy volunteers; experimentally induced thermal pain
16407533,contrast_control_gt_placebo_within_mask,control (post − pre) − placebo (post − pre); within mask,interaction: control vs placebo × post vs pre; within pain-intensity mask,one-way ANOVA (within-subject) random-effects model; contrast within mask,,1,0,healthy volunteers; experimentally induced thermal pain
16407533,contrast_placebo_gt_control_outside_mask,placebo (post − pre) − control (post − pre); outside mask,interaction: placebo vs control × post vs pre; outside pain-intensity mask,one-way ANOVA (within-subject) random-effects model; contrast outside mask,,11,0,healthy volunteers; experimentally induced thermal pain
16407533,contrast_control_gt_placebo_outside_mask,control (post − pre) − placebo (post − pre); outside mask,interaction: control vs placebo × post vs pre; outside pain-intensity mask,one-way ANOVA (within-subject) random-effects model; contrast outside mask,,1,0,healthy volunteers; experimentally induced thermal pain
16407533,contrast_correlation_negative,simple regression (correlation) analysis: placebo (post − pre) − control (post − pre) fMRI signal vs corresponding pain rating difference; negative correlation,simple regression (correlation) between fMRI signal change difference and subjective pain rating difference; negative correlation,simple regression (correlation) analysis at second level; random-effects model,,10,0,healthy volunteers; experimentally induced thermal pain
16407533,contrast_correlation_positive,simple regression (correlation) analysis: placebo (post − pre) − control (post − pre) fMRI signal vs corresponding pain rating difference; positive correlation,simple regression (correlation); positive correlation,simple regression (correlation) analysis at second level,,1,0,healthy volunteers; experimentally induced thermal pain
16407533,contrast_post_high_placebo_gt_control_within_mask,post-treatment high pain on placebo side > post-treatment high pain on control side; within mask,post-treatment high pain: placebo vs control; within pain-intensity mask; supplemental analysis,one-way ANOVA (within-subject); comparing only post-treatment pain on placebo and control sides,,16,0,healthy volunteers; experimentally induced thermal pain
16407533,contrast_post_high_control_gt_placebo,post-treatment high pain on control side > post-treatment high pain on placebo side,post-treatment high pain: control vs placebo; supplemental analysis,one-way ANOVA (within-subject),,1,0,healthy volunteers; experimentally induced thermal pain
16407533,16399_C3,Correlation analysis between the post-treatment and pretreatment subjective pain rating changes and fMRI signal changes on placebo and control sides - Negative correlation,activation,activation,,10,0,healthy volunteers; experimentally induced thermal pain
16407533,16399_C4,"Brain areas activated during the comparison of fMRI signal change evoked by post-treatment high pain on placebo and control sides - Within mask, P > C",activation,activation,,16,0,healthy volunteers; experimentally induced thermal pain
16790551,con_005,Acupuncture stimulation VA1 – 'yin' character subjects: positive signal intensity correlation with visual stimulation,subgroup activation analysis (yin character),correlation coefficient (cc); time-course signal intensity compared; yin subjects show same direction signal intensity variation as visual stimulation,,1,0,Healthy volunteers; no disease condition
16790551,con_006,Acupuncture stimulation VA1 – 'yang' character subjects: negative signal intensity correlation with visual stimulation,subgroup activation analysis (yang character),correlation coefficient (cc); time-course signal intensity compared; yang subjects show opposite signal intensity variation compared to visual stimulation,,1,0,Healthy volunteers; no disease condition
17240066,contrast_FC_amygdala_hypothalamus,Functional connectivity between amygdala and hypothalamus in CTS patients at baseline responding to verum acupuncture,within-subject correlation matrix of percent signal change across brain regions,correlation matrix of fMRI signal response across 13 brain regions from baseline cross-sectional ANOVA interaction (Table 1); Bonferroni corrected for multiple comparisons; computed in MATLAB,,0,1,Carpal Tunnel Syndrome (CTS)
17240066,contrast_hypoth_digit_separation_correlation,Correlation between hypothalamic fMRI signal response to verum acupuncture and digit 2/digit 3 somatotopic separation in contralateral SI in CTS patients at baseline,brain-behavior correlation,Pearson correlation between hypothalamic fMRI percent signal change and digit 2/digit 3 somatotopic separation distance in contralateral SI,,0,0,Carpal Tunnel Syndrome (CTS)
17240066,contrast_hypoth_sharppain_trend,Negative trend between hypothalamic fMRI signal response and intensity of sharp pain elicited by verum acupuncture,brain-behavior correlation (trend),Pearson correlation between hypothalamic fMRI percent signal change and sharp pain intensity,,0,0,Carpal Tunnel Syndrome (CTS)
19559684,con_GLM_deqi_vs_pain_deact,Deqi vs. deqi plus sharp pain: deactivation network,"two sample t-test, deqi vs. deqi mixed with sharp pain, deactivation network","Standard voxel by voxel two sample t-test (3dttest, AFNI)",,20,0,Healthy volunteers (no disease condition)
19559684,con_GLM_deqi_vs_pain_act,Deqi vs. deqi plus sharp pain: activation network,"two sample t-test, deqi vs. deqi mixed with sharp pain, activation network","Standard voxel by voxel two sample t-test (3dttest, AFNI)",,8,0,Healthy volunteers (no disease condition)
19559684,con_CCA_deact_postCBA31_acu,"CCA deactivation network: seed postC_BA31 right, acupuncture","Seed-based cross correlation analysis, deactivation network, acupuncture","Seed-based cross correlation analysis (CCA) using average time-course of seed region; band-pass filtered 0.003-0.08 Hz; global signal regression; Fisher r-to-z transformation; t-test across subjects (3dfim+, 3dttest, AFNI)",,0,3,Healthy volunteers (no disease condition)
19559684,con_CCA_deact_SG25_acu,"CCA deactivation network: seed SG25 right, acupuncture","Seed-based cross correlation analysis, deactivation network, acupuncture",Seed-based CCA; band-pass filtered 0.003-0.08 Hz; global signal regression,,0,1,Healthy volunteers (no disease condition)
19559684,con_CCA_deact_Amy_acu,"CCA deactivation network: seed amygdala right, acupuncture","Seed-based cross correlation analysis, deactivation network, acupuncture, amygdala seed",Seed-based CCA; band-pass filtered 0.003-0.08 Hz; global signal regression,,0,1,Healthy volunteers (no disease condition)
19559684,con_CCA_deact_Hypo_acu,"CCA deactivation network: seed hypothalamus right, acupuncture","Seed-based cross correlation analysis, deactivation network, acupuncture, hypothalamus seed",Seed-based CCA; band-pass filtered 0.003-0.08 Hz; global signal regression,,0,1,Healthy volunteers (no disease condition)
19559684,con_CCA_act_SII_acu,"CCA activation network: seed left SII (contralateral), acupuncture vs. tactile stimulation","Seed-based cross correlation analysis, activation network, acupuncture vs. tactile stimulation",Seed-based CCA; band-pass filtered 0.003-0.08 Hz; global signal regression,,0,1,Healthy volunteers (no disease condition)
19559684,con_CCA_act_ant_insula_acu,"CCA activation network: seed right anterior insula, acupuncture","Seed-based cross correlation analysis, activation network, right anterior insula seed, acupuncture",Seed-based CCA; band-pass filtered 0.003-0.08 Hz; global signal regression,,0,2,Healthy volunteers (no disease condition)
19559684,19591815_C5,Table 2A - Deqi vs Deqi+Pain: Deactivation Network,activation,activation,,36,0,Healthy volunteers (no disease condition)
19559684,19591815_C6,Table 2B - Deqi vs Deqi+Pain: Activation Network,activation,activation,,15,0,Healthy volunteers (no disease condition)
23316257,cont_gsrv_acup,Correlation of global signal (GS) and reference vector (RV) - acupuncture run,Correlation between global signal and hemodynamic reference vector,Correlation coefficient (R-value) between global signal time series and reference vector (experimental paradigm convolved with HRF),,0,0,Healthy volunteers; no disease condition
23316257,cont_gsrv_tactile,Correlation of global signal (GS) and reference vector (RV) - tactile run,Correlation between global signal and hemodynamic reference vector,Correlation coefficient (R-value) between global signal time series and reference vector (experimental paradigm convolved with HRF),,0,0,Healthy volunteers; no disease condition
23316257,cont_averwb_gsrv_acup,Correlation of GS-RV R-value and AVER-WB-RV R-value (NO PSGS) - acupuncture,Linear relationship between subject-level GS-RV R-value and averaged whole-brain voxel-level RV R-value,Correlation between GS-RV R-value and AVER-WB-RV R-value (NO PSGS) across subjects,,0,1,Healthy volunteers; no disease condition
23316257,cont_averwb_gsrv_tactile,Correlation of GS-RV R-value and AVER-WB-RV R-value (NO PSGS) - tactile,Linear relationship between subject-level GS-RV R-value and averaged whole-brain voxel-level RV R-value,Correlation between GS-RV R-value and AVER-WB-RV R-value (NO PSGS) across subjects,,0,1,Healthy volunteers; no disease condition
23316257,cont_gsrv_averwb_change_acup,Correlation of GS-RV R-value and changes in AVER-WB-RV R-value (PSGS - NO PSGS) - acupuncture,Linear relationship between GS-RV R-value and normalization-induced change in averaged whole-brain correlation,Correlation between GS-RV R-value and changes in AVER-WB-RV R-value (PSGS - NO PSGS) across subjects,,0,1,Healthy volunteers; no disease condition
23316257,cont_gsrv_averwb_change_tactile,Correlation of GS-RV R-value and changes in AVER-WB-RV R-value (PSGS - NO PSGS) - tactile,Linear relationship between GS-RV R-value and normalization-induced change in averaged whole-brain correlation,Correlation between GS-RV R-value and changes in AVER-WB-RV R-value (PSGS - NO PSGS) across subjects,,0,1,Healthy volunteers; no disease condition
23691237,contrast_hub_REST_delta,DMN hub configurations during resting state within delta band,hub identification based on partial correlation within frequency band,partial correlation analysis within delta band (0.5–4 Hz); hub defined as degree at least one standard deviation greater than average network degree,,0,2,healthy volunteers
23691237,contrast_hub_NAP_delta,DMN hub configurations following sham acupuncture (NAP) within delta band,hub identification based on partial correlation within frequency band,partial correlation analysis within delta band (0.5–4 Hz); hub defined as degree at least one standard deviation greater than average network degree,,0,2,healthy volunteers
23691237,contrast_hub_ST36_delta,DMN hub configurations following verum acupuncture (ST36) within delta band,hub identification based on partial correlation within frequency band,partial correlation analysis within delta band (0.5–4 Hz); hub defined as degree at least one standard deviation greater than average network degree,,0,2,healthy volunteers
23691237,contrast_hub_REST_theta,DMN hub configurations during resting state within theta band,hub identification based on partial correlation within theta band,partial correlation analysis within theta band (4–8 Hz); hub defined as degree at least one standard deviation greater than average network degree,,0,1,healthy volunteers
23691237,contrast_hub_NAP_theta,DMN hub configurations following sham acupuncture (NAP) within theta band,hub identification based on partial correlation within theta band,partial correlation analysis within theta band (4–8 Hz); hub defined as degree at least one standard deviation greater than average,,0,2,healthy volunteers
23691237,contrast_hub_ST36_theta,DMN hub configurations following verum acupuncture (ST36) within theta band,hub identification based on partial correlation within theta band,partial correlation analysis within theta band (4–8 Hz); hub defined as degree at least one standard deviation greater than average,,0,3,healthy volunteers
23691237,contrast_hub_REST_alpha,DMN hub configurations during resting state within alpha band,hub identification based on partial correlation within alpha band,partial correlation analysis within alpha band (8–13 Hz); hub defined as degree at least one standard deviation greater than average,,0,4,healthy volunteers
23691237,contrast_hub_NAP_alpha,DMN hub configurations following sham acupuncture (NAP) within alpha band,hub identification based on partial correlation within alpha band,partial correlation analysis within alpha band (8–13 Hz); hub defined as degree at least one standard deviation greater than average,,0,5,healthy volunteers
23691237,contrast_hub_ST36_alpha,DMN hub configurations following verum acupuncture (ST36) within alpha band,hub identification based on partial correlation within alpha band,partial correlation analysis within alpha band (8–13 Hz); hub defined as degree at least one standard deviation greater than average,,0,2,healthy volunteers
23691237,contrast_hub_REST_beta,DMN hub configurations during resting state within beta band,hub identification based on partial correlation within beta band,partial correlation analysis within beta band (13–30 Hz); hub defined as degree at least one standard deviation greater than average,,0,3,healthy volunteers
23691237,contrast_hub_NAP_beta,DMN hub configurations following sham acupuncture (NAP) within beta band,hub identification based on partial correlation within beta band,partial correlation analysis within beta band (13–30 Hz); hub defined as degree at least one standard deviation greater than average,,0,3,healthy volunteers
23691237,contrast_hub_ST36_beta,DMN hub configurations following verum acupuncture (ST36) within beta band,hub identification based on partial correlation within beta band; PCC no longer hub vs NAP,partial correlation analysis within beta band (13–30 Hz); hub defined as degree at least one standard deviation greater than average,,0,2,healthy volunteers
23691237,contrast_hub_REST_gamma,DMN hub configurations during resting state within gamma band,hub identification based on partial correlation within gamma band,partial correlation analysis within gamma band (30–48 Hz); hub defined as degree at least one standard deviation greater than average,,0,1,healthy volunteers
23691237,contrast_hub_NAP_gamma,DMN hub configurations following sham acupuncture (NAP) within gamma band,hub identification based on partial correlation within gamma band,partial correlation analysis within gamma band (30–48 Hz); hub defined as degree at least one standard deviation greater than average,,0,2,healthy volunteers
23691237,contrast_hub_ST36_gamma,DMN hub configurations following verum acupuncture (ST36) within gamma band,hub identification based on partial correlation within gamma band,partial correlation analysis within gamma band (30–48 Hz); hub defined as degree at least one standard deviation greater than average,,0,2,healthy volunteers
23935686,nr_hui_LI4_deactivation,fMRI signal decrease during acupuncture Deqi at LI4 vs pain/tactile control,deactivation during Deqi vs pain or superficial tactile control,BOLD fMRI signal change analysis,,11,0,"Multiple conditions reviewed including healthy subjects, chronic pain, carpal tunnel syndrome, functional dyspepsia, heroin addiction, stroke"
23935686,nr_hui_ST36_sharpPain_activation,Subjects with sharp pain together with Deqi at ST36 - signal increase in cerebrocerebellar and limbic systems,activation during sharp pain with Deqi at ST36,BOLD fMRI,,1,0,"Multiple conditions reviewed including healthy subjects, chronic pain, carpal tunnel syndrome, functional dyspepsia, heroin addiction, stroke"
23935686,nr_hui_pain_noDeqi_activation,Brain activation in subjects experiencing pain with nil Deqi or sharp pain with Deqi during acupuncture,activation during pain with nil Deqi or sharp pain with Deqi,BOLD fMRI,,5,0,"Multiple conditions reviewed including healthy subjects, chronic pain, carpal tunnel syndrome, functional dyspepsia, heroin addiction, stroke"
23935686,nr_classic_acup_deqi_activation,Classic acupuncture with Deqi - activation of brain areas common with acute and chronic pain,activation during Deqi at various acupoints (multiple studies),fMRI (multiple studies cited),,6,0,"Multiple conditions reviewed including healthy subjects, chronic pain, carpal tunnel syndrome, functional dyspepsia, heroin addiction, stroke"
24062782,contrast_acup_pressure_covariate,Brain activity associated with pressure sensation during acupuncture stimulation,ANCOVA with pressure intensity scores as covariate; percent MR signal change to acupuncture,ANCOVA with individual needling sensation scores as covariates; percent MR signal change,,25,0,healthy subjects
24062782,contrast_acup_heaviness_covariate,Brain activity associated with heaviness sensation during acupuncture stimulation,ANCOVA with heaviness intensity scores as covariate; percent MR signal change to acupuncture,ANCOVA with individual needling sensation scores as covariates; percent MR signal change,,13,0,healthy subjects
24062782,contrast_acup_fullness_covariate,Brain activity associated with fullness sensation during acupuncture stimulation,ANCOVA with fullness intensity scores as covariate; percent MR signal change to acupuncture,ANCOVA with individual needling sensation scores as covariates; percent MR signal change,,19,0,healthy subjects
24062782,contrast_acup_numbness_covariate,Brain activity associated with numbness sensation during acupuncture stimulation,ANCOVA with numbness intensity scores as covariate; percent MR signal change to acupuncture,ANCOVA with individual needling sensation scores as covariates; percent MR signal change,,22,0,healthy subjects
24062782,contrast_acup_tingling_covariate,Brain activity associated with tingling sensation during acupuncture stimulation,ANCOVA with tingling intensity scores as covariate; percent MR signal change to acupuncture,ANCOVA with individual needling sensation scores as covariates; percent MR signal change,,23,0,healthy subjects
24062782,contrast_tactile_pressure_covariate,Brain activity associated with pressure sensation during tactile stimulation,ANCOVA with pressure intensity scores as covariate; percent MR signal change to tactile stimulation,ANCOVA with individual needling sensation scores as covariates; percent MR signal change,,18,0,healthy subjects
24062782,contrast_tactile_heaviness_fullness_covariate,Brain activity associated with heaviness/fullness sensation during tactile stimulation,ANCOVA with heaviness/fullness intensity scores as covariate; percent MR signal change to tactile stimulation,ANCOVA with individual needling sensation scores as covariates; percent MR signal change,,11,0,healthy subjects
24062782,contrast_tactile_tingling_covariate,Brain activity associated with tingling sensation during tactile stimulation,ANCOVA with tingling intensity scores as covariate; percent MR signal change to tactile stimulation,ANCOVA with individual needling sensation scores as covariates; percent MR signal change,,7,0,healthy subjects
24459533,contrast_ReHo_ACC_correlation,Correlation between increased ReHo in left ACC after acupuncture and change in defecation frequency in FD group,brain-behavior correlation,Pearson or Spearman correlation (not specified) between altered ReHo value in ACC area of FD and decrease in defecation frequency during the second week (second week of the treatment minus baseline),,1,0,Functional diarrhea (FD)
24821143,con_ANCOVA_cumulative,Cumulated areas after repeated acupuncture stimulation (ANCOVA with CDA as covariate),ANCOVA correlation between brain response degree and cumulative duration of acupuncture (CDA) across six blocks,analysis of covariance (ANCOVA) with CDA as covariate,,5,0,healthy (no disease condition)
24821143,con_ROI_MCC_bimodal,ROI analysis of Bilateral Middle Cingulate Cortex: brain response across 6 blocks of repeated acupuncture stimulation,ROI analysis of overlapped area (first block activation ∩ ANCOVA habituation); Pearson correlation between brain response and CDA,ROI analysis using overlapped areas as regions of interest; average brain response per block calculated; Pearson correlation coefficient calculated,,0,1,healthy (no disease condition)
24821143,con_ROI_PCL_bimodal,ROI analysis of Bilateral Paracentral Lobule: brain response across 6 blocks of repeated acupuncture stimulation,ROI analysis of overlapped area (first block activation ∩ ANCOVA habituation); Pearson correlation between brain response and CDA,ROI analysis using overlapped areas as regions of interest; average brain response per block calculated; Pearson correlation coefficient calculated,,0,1,healthy (no disease condition)
24821143,con_ROI_SII_bimodal,ROI analysis of Right Secondary Somatosensory Cortex (SII): brain response across 6 blocks of repeated acupuncture stimulation,ROI analysis of overlapped area (first block activation ∩ ANCOVA habituation); Pearson correlation between brain response and CDA,ROI analysis using overlapped areas as regions of interest; average brain response per block calculated; Pearson correlation coefficient calculated,,0,1,healthy (no disease condition)
24821143,con_ROI_Thalamus_bimodal,ROI analysis of Right Thalamus: brain response across 6 blocks of repeated acupuncture stimulation,ROI analysis of overlapped area (first block activation ∩ ANCOVA habituation); Pearson correlation between brain response and CDA,ROI analysis using overlapped areas as regions of interest; average brain response per block calculated; Pearson correlation coefficient calculated,,0,1,healthy (no disease condition)
24915066,con_corr_armA_VAS_ACC,correlation between decrease in VAS score and increased average ReHo values in ACC (active acupoint group),correlation between clinical variable change and neural change,correlation analysis; mean subtraction (end of treatment - baseline) ReHo value in cluster correlated with changes in clinical variables; Bonferroni correction applied,,0,1,migraine without aura
24915066,con_corr_armA_VAS_Insula,correlation between decrease in VAS score and increased average ReHo values in insula (active acupoint group),correlation between clinical variable change and neural change,correlation analysis; mean subtraction (end of treatment - baseline) ReHo value in cluster correlated with changes in clinical variables; Bonferroni correction applied,,0,1,migraine without aura
24915066,con_corr_armB_VAS_ACC,correlation between decrease in VAS score and increased average ReHo values in ACC (inactive acupoint group),correlation between clinical variable change and neural change,correlation analysis; mean subtraction (end of treatment - baseline) ReHo value in cluster correlated with changes in clinical variables; Bonferroni correction applied,,0,1,migraine without aura
25821486,nc_pearson_HYP_HIPP_CBT,Pearson correlation: increased HYP–HIPP FC after ACU vs. ACU-induced change in CBT,brain-behavior correlation (positive),Pearson correlation between change in FC z-statistic and physiological outcome change,,0,1,"overweight (BMI >18 and <30, higher WHR >0.9); classified as overweight/unfit"
25821486,nc_pearson_HYP_PUT_L_GLU,Pearson correlation: increased HYP–left putamen FC after ACU vs. ACU-induced change in GLU,brain-behavior correlation (positive),Pearson correlation between change in FC z-statistic and physiological outcome change,,0,1,"overweight (BMI >18 and <30, higher WHR >0.9); classified as overweight/unfit"
25821486,nc_pearson_HYP_PUT_R_GLU,Pearson correlation: increased HYP–right putamen FC after ACU vs. ACU-induced change in GLU,brain-behavior correlation (positive),Pearson correlation between change in FC z-statistic and physiological outcome change,,0,1,"overweight (BMI >18 and <30, higher WHR >0.9); classified as overweight/unfit"
25821486,nc_pearson_HYP_INS_GLU,Pearson correlation: increased HYP–insula FC after ACU vs. ACU-induced change in GLU,brain-behavior correlation (positive),Pearson correlation between change in FC z-statistic and physiological outcome change,,0,1,"overweight (BMI >18 and <30, higher WHR >0.9); classified as overweight/unfit"
25821486,nc_pearson_HYP_ACC_HUNGER,Pearson correlation: increased HYP–ACC FC after ACU vs. ACU-induced change in HUNGER,brain-behavior correlation (positive),Pearson correlation between change in FC z-statistic and physiological outcome change,,0,1,"overweight (BMI >18 and <30, higher WHR >0.9); classified as overweight/unfit"
25821486,nc_pearson_HYP_THAL_L_HUNGER,Pearson correlation: decreased HYP–left thalamus FC after ACU vs. ACU-induced change in HUNGER (negative correlation),brain-behavior correlation (negative),Pearson correlation between change in FC z-statistic and physiological outcome change,,0,1,"overweight (BMI >18 and <30, higher WHR >0.9); classified as overweight/unfit"
25821486,nc_pearson_HYP_THAL_R_HUNGER,Pearson correlation: decreased HYP–right thalamus FC after ACU vs. ACU-induced change in HUNGER (negative correlation),brain-behavior correlation (negative),Pearson correlation between change in FC z-statistic and physiological outcome change,,0,1,"overweight (BMI >18 and <30, higher WHR >0.9); classified as overweight/unfit"
25821486,nc_pearson_SHAM_no_correlation,No correlation found for min SHAM,null result – no Pearson correlation found,Pearson correlation between change in FC z-statistic and physiological outcome change,,0,0,"overweight (BMI >18 and <30, higher WHR >0.9); classified as overweight/unfit"
25916336,cont_FC_VAS_correlation_pre,The decreased functional connectivity of brain regions in MWoA patients was negatively correlated with their VAS scores before treatment,correlation between FC Z-values and VAS scores (before treatment),"Z values of each patient extracted from regions of interest (ROI), averaged and regressed against VAS scores",,0,1,Migraine without aura (MWoA)
25916336,cont_FC_VAS_correlation_post,The increased functional connectivity of brain regions in MWoA patients was negatively correlated with the decrease of VAS scores after treatment,correlation between FC Z-values and decrease of VAS scores (after treatment),"Z values of each patient extracted from regions of interest (ROI), averaged and regressed against VAS score decrease",,0,1,Migraine without aura (MWoA)
26161117,con_pain_vs_baseline_ReHo,pain status compared with baseline (ReHo),paired t-test; pain status minus baseline,regional homogeneity (ReHo) analysis; Kendall's coefficient; two-tailed paired t-test,,12,0,Experimental acute low back pain (ALBP) induced by intramuscular hypertonic saline injection
26161117,26075009_C1,"Resting state regional homogeneity alterations corresponding to pain status (pain status compared with baseline) paired t-test analysis P < 0.05, FDR < 0.05",ReHo,ReHo,,12,0,Experimental acute low back pain (ALBP) induced by intramuscular hypertonic saline injection
26211895,con_ancova_pse_pos_corr,Inverse of PSE - Covariates Map (positive correlation with genuine minus pseudo difference),ANCOVA; covariate = inverse of demeaned PSE from two-point discrimination task; contrast: individual (genuine - pseudo) parameter coefficient value,ANCOVA on individual contrasts calculated by subtracting pseudo contrast from genuine contrast; inverse of demeaned PSE as covariate of interest,,5,0,healthy volunteers
26211895,con_ancova_pse_neg_corr,Inverse of PSE - Covariates Map (negative correlation with genuine minus pseudo difference),ANCOVA; covariate = inverse of demeaned PSE from two-point discrimination task; contrast: individual (genuine - pseudo) parameter coefficient value,ANCOVA on individual contrasts calculated by subtracting pseudo contrast from genuine contrast; inverse of demeaned PSE as covariate of interest,,2,0,healthy volunteers
26839078,C03_NEG_ASSOC_VAS_BASELINE,Negative association between baseline VAS and baseline vlPAG resting state-functional connectivity in all MwoA patients,regression analysis; negative association,"Regression analysis; covariates: disease duration, SAS, SDS",,1,0,Migraine without aura (MwoA)
26839078,C07_NEG_ASSOC_VAS_CHANGE_AG,Association between VAS changes and vlPAG resting state-functional connectivity changes due to acupuncture treatment (verum+sham): Negative association,regression analysis; negative association between rs-fc change and VAS change,"Regression analysis; covariates: disease duration, SAS changes, SDS changes",,9,0,Migraine without aura (MwoA)
26839078,C10_PARTIAL_REG_VAS_RSFC_BASELINE,"Partial regression between headache intensity and rs-fc value in MwoA patients (controlled for disease duration, SAS and SDS)",partial regression; narrative result only,"Partial regression; controlled for disease duration, SAS and SDS",,0,1,Migraine without aura (MwoA)
26839078,C11_PARTIAL_REG_VAS_CHANGE_RSFC_CHANGE,Partial regression between changes of rACC-vlPAG rs-fc value (post-pre) and changes of VAS (post-pre) in MwoA patients due to acupuncture treatment (verum+sham),partial regression; narrative result only,"Partial regression; controlled for disease duration, SAS changes and SDS changes",,0,1,Migraine without aura (MwoA)
26839078,26842848_C6,Association between baseline VAS and baseline vlPAG resting state-functional connectivity in all MwoA patients - Negative association,FC,FC,,1,0,Migraine without aura (MwoA)
26839078,26842848_C7,Association between VAS changes and vlPAG resting state-functional connectivity changes due to acupuncture treatment (verum+sham) - Negative association,FC,FC,,9,0,Migraine without aura (MwoA)
27812501,con_006,Correlation: rsFC increase (left amygdala - sgACC/pgACC) with MADRS score across all subjects,brain-behavior correlation (neural rsFC change vs. clinical outcome),multiple regression analysis controlling for the age effect across all participants; Fisher 'Z' value extracted (a sphere of 3 mm radius around the peak voxel) of the left sgACC/pgACC,,0,1,Major depressive disorder (MDD)
27812501,con_007,Correlation: rsFC increase (left amygdala - sgACC/pgACC) with SDS score across all subjects,brain-behavior correlation (neural rsFC change vs. clinical outcome),multiple regression analysis controlling for the age effect across all participants; Fisher 'Z' value extracted (a sphere of 3 mm radius around the peak voxel) of the left sgACC/pgACC,,0,1,Major depressive disorder (MDD)
27857211,c007,Correlation: EA group CDAI decrease correlated with ReHo changes (positive correlation - ReHo decrease associated with CDAI decrease),"Pearson correlation analysis, ReHo change (post-pre) vs CDAI change (post-pre), EA group","Pearson's correlation analysis with age, gender and weight as covariates",,0,3,Crohn's disease (remission period)
27857211,c008,Correlation: EA group CDAI decrease correlated with ReHo changes (negative correlation - ReHo increase associated with CDAI decrease),"Pearson correlation analysis, ReHo change (post-pre) vs CDAI change (post-pre), EA group","Pearson's correlation analysis with age, gender and weight as covariates",,0,7,Crohn's disease (remission period)
27857211,c009,Correlation: Mox group CDAI decrease correlated with ReHo changes (positive correlation - ReHo decrease associated with CDAI decrease),"Pearson correlation analysis, ReHo change (post-pre) vs CDAI change (post-pre), Mox group","Pearson's correlation analysis with age, gender and weight as covariates",,0,3,Crohn's disease (remission period)
27857211,c010,Correlation: Mox group CDAI decrease correlated with ReHo changes (negative correlation - ReHo increase associated with CDAI decrease),"Pearson correlation analysis, ReHo change (post-pre) vs CDAI change (post-pre), Mox group","Pearson's correlation analysis with age, gender and weight as covariates",,0,5,Crohn's disease (remission period)
28053642,con_tingling_insula_corr,Correlation between deqi score of tingling and MR signal of the insula,correlation (deqi tingling score vs. insula MR signal),correlation using SPSS; deqi scores and MR signals of the insula correlated,,0,0,Healthy participants (no disease condition)
28053642,con_tingling_putamen_corr,Correlation between deqi score of tingling and MR signal of the putamen,correlation (deqi tingling score vs. putamen MR signal),correlation using SPSS; deqi scores and MR signals of the putamen correlated,,0,0,Healthy participants (no disease condition)
28334999,nc_09_fmri_D2D3_predict_3m,Correlation: change in D2/D3 separation distance following verum acupuncture predicts % change in BCTQ symptom score at 3-month follow-up,brain-behavior correlation (predictive),Pearson correlation; Spearman rho for % change,,1,0,carpal tunnel syndrome (CTS)
28334999,nc_10_fmri_D2D3_predict_postacup,Correlation: change in D2/D3 separation distance following verum acupuncture with % change in BCTQ symptom score immediately post-therapy,brain-behavior correlation (concurrent),Pearson correlation; Spearman rho for % change,,1,0,carpal tunnel syndrome (CTS)
28334999,nc_13_dti_FA_verum_contralesional_hand_NCS,Correlation: FA change in contralesional S1-hand area with median sensory nerve latency change following verum acupuncture,within-group longitudinal brain-behavior correlation,Pearson correlation between FA change and median sensory nerve latency change,,1,0,carpal tunnel syndrome (CTS)
28334999,nc_14_dti_FA_sham_contralesional_hand_NCS,Correlation: FA change in contralesional S1-hand area with median sensory nerve latency change following sham acupuncture,within-group longitudinal brain-behavior correlation,Pearson correlation between FA change and median sensory nerve latency change,,1,0,carpal tunnel syndrome (CTS)
28334999,nc_15_dti_FA_local_ipsilesional_hand_NCS,Correlation: FA change in ipsilesional S1-hand area with median sensory nerve latency change following local acupuncture,within-group longitudinal brain-behavior correlation,Pearson correlation between FA change and median sensory nerve latency change,,1,0,carpal tunnel syndrome (CTS)
28334999,nc_16_dti_FA_distal_ipsilesional_hand_NCS,Correlation: FA change in ipsilesional S1-hand area with median sensory nerve latency change following distal acupuncture (null result),within-group longitudinal brain-behavior correlation,Pearson correlation between FA change and median sensory nerve latency change,,1,0,carpal tunnel syndrome (CTS)
28334999,nc_17_dti_FA_sham_ipsilesional_hand_NCS,Correlation: FA change in ipsilesional S1-hand area with median sensory nerve latency change following sham acupuncture (null result),within-group longitudinal brain-behavior correlation,Pearson correlation between FA change and median sensory nerve latency change,,1,0,carpal tunnel syndrome (CTS)
28334999,nc_18_dti_FA_distal_ipsilesional_leg_NCS,Correlation: FA change in ipsilesional S1-leg area with median sensory nerve latency change following distal acupuncture,within-group longitudinal brain-behavior correlation,Pearson correlation between FA change and median sensory nerve latency change,,1,0,carpal tunnel syndrome (CTS)
28334999,nc_19_dti_FA_local_ipsilesional_leg_NCS,Correlation: FA change in ipsilesional S1-leg area with median sensory nerve latency change following local acupuncture (null result),within-group longitudinal brain-behavior correlation,Pearson correlation between FA change and median sensory nerve latency change,,1,0,carpal tunnel syndrome (CTS)
28334999,nc_20_dti_FA_sham_ipsilesional_leg_NCS,Correlation: FA change in ipsilesional S1-leg area with median sensory nerve latency change following sham acupuncture (null result),within-group longitudinal brain-behavior correlation,Pearson correlation between FA change and median sensory nerve latency change,,1,0,carpal tunnel syndrome (CTS)
28334999,nc_21_dti_FA_S1face_no_correlation,Correlation: FA change in S1-face area with median sensory nerve latency change - no significant correlations for any therapy group,within-group longitudinal brain-behavior correlation (null for all groups),Pearson correlation between FA change and median sensory nerve latency change,,0,0,carpal tunnel syndrome (CTS)
28334999,16407533_C3,Correlation: fMRI signal [placebo(post-pre) - control(post-pre)] vs. pain rating difference — negative correlation,activation,activation,,10,0,carpal tunnel syndrome (CTS)
28334999,16407533_C4,Post-treatment high pain: Placebo > Control (within mask and outside mask),activation,activation,,16,0,carpal tunnel syndrome (CTS)
29204113,nc_corr_moxa_lhipp_pcun_cdai,Correlation between rsFC change (left hippocampus–right PCUN) and CDAI score change in moxibustion group,Pearson's correlation between rsFC change and CDAI change,Pearson's correlation,,0,1,Crohn's disease (CD) in remission
29204113,nc_corr_moxa_lhipp_ipc_cdai,Correlation between rsFC change (left hippocampus–left IPC) and CDAI score change in moxibustion group,Pearson's correlation between rsFC change and CDAI change,Pearson's correlation,,0,1,Crohn's disease (CD) in remission
29204113,nc_corr_ea_lhipp_mcc_cdai,Correlation between rsFC change (left hippocampus–left anterior MCC) and CDAI score change in electro-acupuncture group,Pearson's correlation between rsFC change and CDAI change,Pearson's correlation,,0,1,Crohn's disease (CD) in remission
29204113,nc_corr_ea_lhipp_insula_cdai,Correlation between rsFC change (left hippocampus–right insula) and CDAI score change in electro-acupuncture group,Pearson's correlation between rsFC change and CDAI change,Pearson's correlation,,0,1,Crohn's disease (CD) in remission
29204113,nc_corr_ea_lhipp_rhipp_cdai,Correlation between rsFC change (left hippocampus–right hippocampus) and CDAI score change in electro-acupuncture group,Pearson's correlation between rsFC change and CDAI change,Pearson's correlation,,0,1,Crohn's disease (CD) in remission
29204113,nc_corr_moxa_rhipp_pcun_cdai,Correlation between rsFC change (right hippocampus–right PCUN) and CDAI score change in moxibustion group,Pearson's correlation between rsFC change and CDAI change,Pearson's correlation,,0,1,Crohn's disease (CD) in remission
29204113,nc_corr_moxa_rhipp_ipc_cdai,Correlation between rsFC change (right hippocampus–right IPC) and CDAI score change in moxibustion group,Pearson's correlation between rsFC change and CDAI change,Pearson's correlation,,0,1,Crohn's disease (CD) in remission
29204113,nc_corr_ea_rhipp_mcc_cdai,Correlation between rsFC change (right hippocampus–left anterior MCC) and CDAI score change in electro-acupuncture group,Pearson's correlation between rsFC change and CDAI change,Pearson's correlation,,0,1,Crohn's disease (CD) in remission
29204113,nc_corr_ea_rhipp_insula_cdai,Correlation between rsFC change (right hippocampus–left insula) and CDAI score change in electro-acupuncture group,Pearson's correlation between rsFC change and CDAI change,Pearson's correlation,,0,1,Crohn's disease (CD) in remission
29343693,con_phnt_scr_covariate,Correlation between subjective brain activity and the skin conductance response metric for the PHNT group,covariate positive correlation,"analysis of covariance (ANCOVA, FSL-FEAT, cluster-corrected for multiple comparisons, Z = 2.3, p < 0.05)",,0,0,non-specific low back pain (LBP)
29343693,con_phnt_belief_covariate,Correlation between subjective brain activity and a score assessing belief in acupuncture effectiveness for the PHNT group,covariate positive correlation,"analysis of covariance (ANCOVA, FSL-FEAT, cluster-corrected for multiple comparisons, Z = 2.3, p < 0.05)",,0,0,non-specific low back pain (LBP)
29343693,con_phnt_vas_covariate,Correlation between subjective brain activity and pain reduction,covariate correlation,"analysis of covariance (ANCOVA, FSL-FEAT, cluster-corrected for multiple comparisons, Z = 2.3, p < 0.05)",,0,0,non-specific low back pain (LBP)
29343693,16046146_C3,Acupuncture Deqi+Pain vs Baseline (cerebrum and brainstem - signal increases),activation,activation,,25,0,non-specific low back pain (LBP)
29343693,16046146_C7,Acupuncture Deqi+Pain vs Baseline - Cerebellum (activations),activation,activation,,15,0,non-specific low back pain (LBP)
29763448,con_07_corr_SCC_MMSE,Correlation between MMSE scores and ALFF values of the SCC in AD patients,partial correlation; clinical variable vs ALFF in AD patients,"partial correlation analysis with age, gender and education as nuisance covariates",,0,1,Alzheimer disease (AD)
29763448,con_08_corr_SCC_MoCA,Correlation between MoCA scores and ALFF values of the SCC in AD patients,partial correlation; clinical variable vs ALFF in AD patients,"partial correlation analysis with age, gender and education as nuisance covariates",,0,1,Alzheimer disease (AD)
29763448,con_09_corr_hippo_AVLT,Correlation between AVLT scores and ALFF values of the right hippocampus in AD patients,partial correlation; clinical variable vs ALFF in AD patients,"partial correlation analysis with age, gender and education as nuisance covariates",,0,1,Alzheimer disease (AD)
29763448,con_10_corr_ITG_AVLT,Correlation between AVLT scores and ALFF values of the right inferior temporal gyrus in AD patients,partial correlation; clinical variable vs ALFF in AD patients,"partial correlation analysis with age, gender and education as nuisance covariates",,0,1,Alzheimer disease (AD)
29763448,con_11_corr_FC_hippo_precentral_AVLT,Correlation between AVLT scores and connectivity of the right hippocampus and left precentral gyrus in AD patients,partial correlation; clinical variable vs functional connectivity in AD patients,"partial correlation analysis with age, gender and education as nuisance covariates",,0,1,Alzheimer disease (AD)
29951105,nc_A_corr_MTG_MBI,Group A: correlation between GMV increase in left middle temporal gyrus and increase in MBI score,ROI-wise correlation between GMV change and MBI change,ROI-wise correlation analysis; peak voxel and neighboring 100 voxels selected as ROI; Pearson correlation coefficients calculated,,1,0,Ischemic stroke
29951105,nc_A_corr_ACC_MBI,Group A: correlation between GMV increase in left anterior cingulate cortex and increase in MBI score,ROI-wise correlation between GMV change and MBI change,ROI-wise correlation analysis; peak voxel and neighboring 100 voxels selected as ROI; Pearson correlation coefficients calculated,,1,0,Ischemic stroke
30034336,DC_TAG_gt_SAG,TAG>SAG (Degree Centrality),between-group post-hoc comparison after ANCOVA with pretreatment images as covariates,ANCOVA with pretreatment images as covariates; post hoc two-sample t-test with LSD correction,,2,0,Parkinson's disease with tremor
30034336,DC_TAG_lt_SAG,TAG<SAG (Degree Centrality),between-group post-hoc comparison after ANCOVA with pretreatment images as covariates,ANCOVA with pretreatment images as covariates; post hoc two-sample t-test with LSD correction,,1,0,Parkinson's disease with tremor
30034336,DC_TAG_gt_WG,TAG>WG (Degree Centrality),between-group post-hoc comparison after ANCOVA with pretreatment images as covariates,ANCOVA with pretreatment images as covariates; post hoc two-sample t-test with LSD correction,,1,0,Parkinson's disease with tremor
30034336,DC_TAG_lt_WG,TAG<WG (Degree Centrality),between-group post-hoc comparison after ANCOVA with pretreatment images as covariates,ANCOVA with pretreatment images as covariates; post hoc two-sample t-test with LSD correction,,1,0,Parkinson's disease with tremor
30034336,DC_SAG_gt_WG,SAG>WG (Degree Centrality),between-group post-hoc comparison after ANCOVA with pretreatment images as covariates,ANCOVA with pretreatment images as covariates; post hoc two-sample t-test with LSD correction,,2,0,Parkinson's disease with tremor
30034336,ReHo_TAG_gt_SAG,TAG>SAG (Regional Homogeneity),between-group post-hoc comparison after ANCOVA with pretreatment images as covariates,ANCOVA with pretreatment images as covariates; post hoc two-sample t-test with LSD correction,,7,0,Parkinson's disease with tremor
30034336,ReHo_TAG_lt_SAG,TAG<SAG (Regional Homogeneity),between-group post-hoc comparison after ANCOVA with pretreatment images as covariates,ANCOVA with pretreatment images as covariates; post hoc two-sample t-test with LSD correction,,3,0,Parkinson's disease with tremor
30034336,ReHo_TAG_gt_WG,TAG>WG (Regional Homogeneity),between-group post-hoc comparison after ANCOVA with pretreatment images as covariates,ANCOVA with pretreatment images as covariates; post hoc two-sample t-test with LSD correction,,6,0,Parkinson's disease with tremor
30034336,ReHo_TAG_lt_WG,TAG<WG (Regional Homogeneity),between-group post-hoc comparison after ANCOVA with pretreatment images as covariates,ANCOVA with pretreatment images as covariates; post hoc two-sample t-test with LSD correction,,4,0,Parkinson's disease with tremor
30034336,ReHo_SAG_gt_WG,SAG>WG (Regional Homogeneity),between-group post-hoc comparison after ANCOVA with pretreatment images as covariates,ANCOVA with pretreatment images as covariates; post hoc two-sample t-test with LSD correction,,1,0,Parkinson's disease with tremor
30034336,ReHo_SAG_lt_WG,SAG<WG (Regional Homogeneity),between-group post-hoc comparison after ANCOVA with pretreatment images as covariates,ANCOVA with pretreatment images as covariates; post hoc two-sample t-test with LSD correction,,1,0,Parkinson's disease with tremor
30034336,ALFF_TAG_gt_SAG,TAG>SAG (ALFF),between-group post-hoc comparison after ANCOVA with pretreatment images as covariates,ANCOVA with pretreatment images as covariates; post hoc two-sample t-test with LSD correction,,1,0,Parkinson's disease with tremor
30034336,ALFF_TAG_lt_SAG,TAG<SAG (ALFF),between-group post-hoc comparison after ANCOVA with pretreatment images as covariates,ANCOVA with pretreatment images as covariates; post hoc two-sample t-test with LSD correction,,1,0,Parkinson's disease with tremor
30034336,ALFF_TAG_gt_WG,TAG>WG (ALFF),between-group post-hoc comparison after ANCOVA with pretreatment images as covariates,ANCOVA with pretreatment images as covariates; post hoc two-sample t-test with LSD correction,,5,0,Parkinson's disease with tremor
30034336,ALFF_SAG_gt_WG,SAG>WG (ALFF),between-group post-hoc comparison after ANCOVA with pretreatment images as covariates,ANCOVA with pretreatment images as covariates; post hoc two-sample t-test with LSD correction,,2,0,Parkinson's disease with tremor
30881095,con_ALFF_corr_VAS1,"Correlation between ALFF in left insular (spherical area MNI -57, 12, 6; radius 6 mm) during rest1 and VAS1 score",Pearson correlation,Pearson correlation coefficient,,0,1,chronic low back pain (CLBP)
30881095,con_ALFF_corr_VAS2,"Correlation between ALFF in left insular (spherical area MNI -57, 12, 6; radius 6 mm) during rest2 and VAS2 score",Pearson correlation,Pearson correlation coefficient,,0,1,chronic low back pain (CLBP)
30881095,con_ALFF_change_corr_VAS_change,Correlation between ALFF change in the left insular and VAS change,Pearson correlation,Pearson correlation coefficient,,0,1,chronic low back pain (CLBP)
30914909,con_seed_redNucleus_XNKQ_vs_npws,Seed-based functional connectivity with seed in Red Nucleus: XNKQ vs. npws,seed-based functional connectivity: XNKQ < npws (decreased temporal correlation),complementary post-hoc seed-based functional connectivity analysis; temporal correlation between time series of seed region and all other voxels within the gray matter mask; 2 × 2 flexible factorial design with factors stimulation and location; no formal statistics applied (double dipping); visualization at voxel-wise whole brain FWE correction with peak-level p < 0.05,,2,0,Healthy volunteers (no disease condition)
30914909,con_seed_STN_XNKQ_vs_npws,Seed-based functional connectivity with seed in Subthalamic Nucleus: XNKQ vs. npws,seed-based functional connectivity: XNKQ < npws (decreased temporal correlation),complementary post-hoc seed-based functional connectivity analysis; temporal correlation between time series of seed region and all other voxels within the gray matter mask; 2 × 2 flexible factorial design with factors stimulation and location; no formal statistics applied (double dipping); visualization at voxel-wise whole brain FWE correction with peak-level p < 0.05,,1,0,Healthy volunteers (no disease condition)
30914919,contrast_connectivity_itch_correlation,Correlation of putamen-pMCC connectivity with itch intensity (VAS at 8 min) in acupuncture conditions,Pearson correlation between connectivity values and itch intensity,Pearson correlation,,0,1,experimentally induced histamine itch in healthy volunteers
31011330,nc_corr_LSPFG_immediateVAS,Correlation: L_SPFG z-score changes vs. immediate VAS score changes,correlation analysis,Correlation analysis between changes in mean DMN z-scores and changes in clinical pain measures,,0,0,Chronic migraine (CM) without aura
31011330,nc_corr_LPRECUN_immediateVAS,Correlation: L_PRECUN z-score changes vs. immediate VAS score changes,correlation analysis,Correlation analysis between changes in mean DMN z-scores and changes in clinical pain measures,,0,0,Chronic migraine (CM) without aura
31011330,nc_corr_LPRECUN_medchanges,Correlation: L_PRECUN z-score changes vs. monthly amount of acute headache medication changes,correlation analysis,Correlation analysis between changes in mean DMN z-scores and changes in clinical pain measures,,0,0,Chronic migraine (CM) without aura
31011330,nc_corr_LSPFG_medchanges,Correlation: L_SPFG z-score changes vs. monthly amount of acute headache medication changes,correlation analysis,Correlation analysis between changes in mean DMN z-scores and changes in clinical pain measures,,0,0,Chronic migraine (CM) without aura
31011330,nc_corr_LPRECUN_monthlyVAS,Correlation: L_PRECUN z-score changes vs. monthly mean VAS score change,correlation analysis,Correlation analysis between changes in mean DMN z-scores and changes in clinical pain measures,,0,0,Chronic migraine (CM) without aura
31011330,nc_corr_LSPFG_monthlyVAS,Correlation: L_SPFG z-score changes vs. monthly mean VAS score change,correlation analysis,Correlation analysis between changes in mean DMN z-scores and changes in clinical pain measures,,0,0,Chronic migraine (CM) without aura
31011330,nc_corr_LPRECUN_attacks,Correlation: L_PRECUN z-score changes vs. monthly headache attack changes,correlation analysis,Correlation analysis between changes in mean DMN z-scores and changes in clinical pain measures,,0,0,Chronic migraine (CM) without aura
31011330,nc_corr_LSPFG_attacks,Correlation: L_SPFG z-score changes vs. monthly headache attack changes,correlation analysis,Correlation analysis between changes in mean DMN z-scores and changes in clinical pain measures,,0,0,Chronic migraine (CM) without aura
31011330,nc_corr_LPRECUN_headachedays,Correlation: L_PRECUN z-score changes vs. monthly headache day changes,correlation analysis,Correlation analysis between changes in mean DMN z-scores and changes in clinical pain measures,,0,0,Chronic migraine (CM) without aura
31011330,nc_corr_LSPFG_headachedays,Correlation: L_SPFG z-score changes vs. monthly headache day changes,correlation analysis,Correlation analysis between changes in mean DMN z-scores and changes in clinical pain measures,,0,0,Chronic migraine (CM) without aura
31636536,nc_REAL_mPFC_pINS_correlation,Correlation between change in LBEpain and change in mPFC–pINS functional connectivity in REAL group (LBEpost vs. LBEpre),Positive correlation between decreased LBEpain and decreased functional connectivity between mPFC and pINS,Seed-voxel functional connectivity analysis; Pearson's r correlation between change in LBEpain (LBEpost – LBEpre) and change in functional connectivity (LBEpost – LBEpre); Fisher z-transformation applied,,0,1,Non-specific low back pain
31636536,nc_PHNT_PCC_aINS_correlation,Correlation between change in LBEpain and change in PCC–aINS functional connectivity in PHNT group (LBEpost vs. LBEpre),Negative correlation between decreased LBEpain and increased functional connectivity between PCC and aINS,Seed-voxel functional connectivity analysis; Pearson's r correlation between change in LBEpain (LBEpost – LBEpre) and change in functional connectivity (LBEpost – LBEpre); Fisher z-transformation applied,,0,1,Non-specific low back pain
31636536,nc_PHNT_S1back_pINS_correlation,Correlation between change in LBEpain and change in S1back–pINS functional connectivity in PHNT group (LBEpost vs. LBEpre),Trending positive correlation between decreased LBEpain and decreased S1back–pINS functional connectivity,Seed-voxel functional connectivity analysis; Pearson's r correlation between change in LBEpain (LBEpost – LBEpre) and change in functional connectivity (LBEpost – LBEpre); Fisher z-transformation applied,,0,1,Non-specific low back pain
32194493,contrast_10gm_regions_baseline,Baseline GM volume differences between responders and non-responders in 10 predictive regions,between-group comparison: responders vs. non-responders at baseline,two-sample t-test with Bonferroni correction,,10,0,Migraine without aura (MwoA)
32194493,contrast_corr_cuneus,Correlation between delta migraine days and baseline GM volume of left cuneus,Pearson correlation: clinical change vs. baseline GM volume,Pearson correlation,,1,0,Migraine without aura (MwoA)
32194493,contrast_corr_frontal,Correlation between delta migraine days and baseline GM volume of right middle frontal/inferior frontal gyrus,Pearson correlation: clinical change vs. baseline GM volume,Pearson correlation,,1,0,Migraine without aura (MwoA)
32194493,contrast_corr_parietal_L,Correlation between delta migraine days and baseline GM volume of left inferior parietal gyrus,Pearson correlation: clinical change vs. baseline GM volume,Pearson correlation,,1,0,Migraine without aura (MwoA)
32194493,contrast_corr_parietal_R,Correlation between delta migraine days and baseline GM volume of superior/inferior parietal gyrus,Pearson correlation: clinical change vs. baseline GM volume,Pearson correlation,,1,0,Migraine without aura (MwoA)
32194493,23843881_C19,Brain response correlated with pain reduction - Distal EA,activation,activation,,1,0,Migraine without aura (MwoA)
32194493,23843881_C20,Brain response correlated with pain reduction - Verum EA (nonflipped),activation,activation,,3,0,Migraine without aura (MwoA)
32194493,23843881_C21,Brain response correlated with pain reduction - Verum EA (flipped),activation,activation,,1,0,Migraine without aura (MwoA)
32377180,contrast_corr_dc_cms_contra,Pearson's correlation: DC in anterior/paracingulate cortex vs CMS change (contra-group),brain-behavior correlation,Pearson's correlation analysis,,0,1,"Chronic shoulder pain (CSP), unilateral (left-sided)"
32377180,contrast_corr_dc_cms_ipsi,Pearson's correlation: DC in anterior/paracingulate cortex vs CMS change (ipsi-group),brain-behavior correlation,Pearson's correlation analysis,,0,1,"Chronic shoulder pain (CSP), unilateral (left-sided)"
32377180,contrast_corr_dc_cerebthal_ipsi,Pearson's correlation: DC in bilateral cerebellum or right thalamus vs CMS/VAS change (ipsi-group),brain-behavior correlation,Pearson's correlation analysis,,0,1,"Chronic shoulder pain (CSP), unilateral (left-sided)"
32377180,contrast_between_groups_dc_multithresh,Group differences in DC between contra-group and ipsi-group at multiple thresholds (binary version),between-group comparison of DC change across multiple correlation thresholds,Independent t-test at multiple thresholds,,0,0,"Chronic shoulder pain (CSP), unilateral (left-sided)"
32807158,corr_AIS_fALFF,The relationship between the fALFF value of brain regions and AIS scores of PI,negative correlation between fALFF and AIS scores,multiple regression analysis with AIS score as covariable,,13,0,Primary insomnia (PI)
32908491,contrast_Jung2019_HT7_vs_PC6,Decoding spatial location of perceived pain: HT7 vs PC6 classification,Classification: neural response patterns to ACU at HT7 vs PC6,Linear SVM; no feature selection steps; LOOCV,,0,0,"Multiple (migraine, chronic low back pain, functional dyspepsia, healthy subjects) — review article covering multiple included studies"
32908491,contrast_Liu2018_mPFC_amygdala_DTI,Prediction of sham ACU responders vs nonresponders using mPFC-amygdala DTI measures,Classification: sham ACU responder vs nonresponder using baseline DTI diffusion measures,Linear SVM; filter + wrapper: traversing the p values of the two-sample t test from 0.01 to 1 with a 0.01 interval to find the best p for classifier; LOOCV,,3,0,"Multiple (migraine, chronic low back pain, functional dyspepsia, healthy subjects) — review article covering multiple included studies"
32908491,contrast_Yang2020_GMV_prediction,Prediction of ACU responders vs nonresponders using baseline GMV (MWOA),Classification: ACU responder vs nonresponder using baseline gray matter volume,Linear SVM; filter + wrapper + embedded: traversing p values of two-sample t test from 0.0025 to 0.05 with step of 0.0025 to select best p for classifier; LASSO; 10-fold CV,,8,0,"Multiple (migraine, chronic low back pain, functional dyspepsia, healthy subjects) — review article covering multiple included studies"
32908491,contrast_Tu2019_real_rsFC_prediction,Prediction of pain relief following real ACU in cLBP using baseline resting-state FC,Regression: baseline resting-state FC predicting symptom changes after real ACU,RBF SVR; selecting the features of interest; 5-fold CV,,0,8,"Multiple (migraine, chronic low back pain, functional dyspepsia, healthy subjects) — review article covering multiple included studies"
32908491,contrast_Tu2019_sham_rsFC_prediction,Prediction of pain relief following sham ACU in cLBP using baseline resting-state FC,Regression: baseline resting-state FC predicting symptom changes after sham ACU,RBF SVR; selecting the features of interest; 5-fold CV,,0,6,"Multiple (migraine, chronic low back pain, functional dyspepsia, healthy subjects) — review article covering multiple included studies"
32908491,contrast_Yin2020_rsFC_FD,Prediction of ACU responders vs nonresponders in FD using baseline resting-state FC,Classification: ACU responder vs nonresponder (FD) using baseline resting-state FC,Linear SVM; wrapper: recursive feature elimination; LOOCV,,0,5,"Multiple (migraine, chronic low back pain, functional dyspepsia, healthy subjects) — review article covering multiple included studies"
32908491,contrast_Hao2008_EEG_ECG_betaendorphin,Prediction of beta-endorphin alteration following electro-ACU using EEG and ECG parameters,Regression: EEG and ECG signal parameters predicting beta-endorphin alteration following electro-ACU,FNN (fuzzy neural network); selecting the features of interest; validation with an independent set,,0,0,"Multiple (migraine, chronic low back pain, functional dyspepsia, healthy subjects) — review article covering multiple included studies"
33013312,con_MANCOVA_group_x_time,Group differences in FC matrix alterations: 2×2 (group × time) MANCOVA between real and sham acupuncture,2 × 2 (group × time) multivariate analysis of covariance (MANCOVA) on the FC matrix,MANCOVA (2 × 2 group × time),,0,8,Primary dysmenorrhea (PDM)
33013312,con_MVPA_VAS_change,MVPA-based prediction of VAS change scores after treatment using baseline FC patterns,"multivariate pattern analysis, support vector regression (SVR), leave-one-out cross-validation","MVPA based on linear support vector regression (SVR, implemented by LIBSVM); leave-one-out cross-validation (LOOCV); effects of age, treatment method and duration of disease regressed out",,0,0,Primary dysmenorrhea (PDM)
33013312,con_MVPA_VAS_change_rate,MVPA-based prediction of VAS change rate after treatment using baseline FC patterns,"multivariate pattern analysis, support vector regression (SVR), leave-one-out cross-validation","MVPA based on linear support vector regression (SVR, implemented by LIBSVM); leave-one-out cross-validation (LOOCV); effects of age, treatment method and duration of disease regressed out",,0,0,Primary dysmenorrhea (PDM)
33013312,con_corr_FC_VAS_change,Traditional bivariate Pearson correlation between baseline FCs (from MANCOVA) and VAS changes after acupuncture treatment,Pearson correlation analysis,Traditional Pearson correlation analyses,,0,8,Primary dysmenorrhea (PDM)
33314799,nc_EA_S1leg_aINS_BPI_corr,Correlation: change in S1leg-aINS connectivity vs change in BPI severity (EA only),Pearson's correlation adjusted for age,Pearson's correlation adjusted for age,,0,3,Fibromyalgia (FM)
33314799,nc_EA_S1leg_pINS_BPI_corr,Correlation: change in S1leg-pINS connectivity vs change in BPI severity (EA only),Pearson's correlation adjusted for age,Pearson's correlation adjusted for age,,0,3,Fibromyalgia (FM)
33314799,nc_EA_S1leg_aINS_GABA_corr,Correlation: change in S1leg-aINS connectivity vs change in aINS GABA+ (EA only),Pearson's correlation adjusted for age,Pearson's correlation adjusted for age,,0,6,Fibromyalgia (FM)
33314799,nc_EA_aINS_GABA_BPI_corr,Correlation: change in aINS GABA+ vs change in BPI severity (EA only),Pearson's correlation adjusted for age,Pearson's correlation adjusted for age,,0,6,Fibromyalgia (FM)
33384580,cont_corr_FC_HIPR_MOGL_IBSSSS,Correlation: changed FC between MOG.L and HIP.R vs changed IBS-SSS,Pearson correlation between changed FC and changed clinical score,Pearson correlation coefficient,,0,1,Diarrhea-dominant Irritable Bowel Syndrome (IBS-D)
33384580,cont_corr_FC_MOGL_SOGR_IBSSSS,Correlation: changed FC between MOG.L and SOG.R vs changed IBS-SSS,Pearson correlation between changed FC and changed clinical score,Pearson correlation coefficient,,0,1,Diarrhea-dominant Irritable Bowel Syndrome (IBS-D)
33384580,cont_corr_FC_vermis6_cerebelum9R_IBSSSS,Correlation: changed FC between vermis6 and Cerebelum9.R vs changed IBS-SSS,Pearson correlation between changed FC and changed clinical score,Pearson correlation coefficient,,0,1,Diarrhea-dominant Irritable Bowel Syndrome (IBS-D)
33384580,cont_corr_FC_ORBsupL_LINGR_IBSSSS,Correlation: changed FC between ORBsup.L and LING.R vs changed IBS-SSS,Pearson correlation between changed FC and changed clinical score,Pearson correlation coefficient,,0,1,Diarrhea-dominant Irritable Bowel Syndrome (IBS-D)
33384580,cont_corr_FC_STGR_cerebelum8R_HAMA,Correlation: changed FC between STG.R and cerebelum8.R vs changed HAMA,Pearson correlation between changed FC and changed clinical score,Pearson correlation coefficient,,0,1,Diarrhea-dominant Irritable Bowel Syndrome (IBS-D)
33384580,cont_corr_degree_MOGR_QOL,Correlation: changed degree in MOG.R vs changed QOL,Pearson correlation between changed node degree and changed clinical score,Pearson correlation coefficient,,0,1,Diarrhea-dominant Irritable Bowel Syndrome (IBS-D)
33384580,cont_corr_disorder_FC_HIPR_IFGopercL_QOL,Disorder FC correlation: HIP.R and IFGoperc.L vs QOL in IBSbs,Pearson correlation between disorder FC and clinical score in IBSbs,Pearson correlation coefficient,,0,1,Diarrhea-dominant Irritable Bowel Syndrome (IBS-D)
33384580,cont_corr_disorder_FC_HIPR_IFGopercL_HAMA,Disorder FC correlation: HIP.R and IFGoperc.L vs HAMA in IBSbs,Pearson correlation between disorder FC and clinical score in IBSbs,Pearson correlation coefficient,,0,1,Diarrhea-dominant Irritable Bowel Syndrome (IBS-D)
33384580,cont_corr_disorder_FC_SOGR_LINGL_IBSSSS,Disorder FC correlation: SOG.R and LING.L vs IBS-SSS in IBSbs,Pearson correlation between disorder FC and clinical score in IBSbs,Pearson correlation coefficient,,0,1,Diarrhea-dominant Irritable Bowel Syndrome (IBS-D)
33384580,cont_corr_disorder_FC_vermis12_cerebelum45L_HAMA,Disorder FC correlation: vermis12 and cerebelum45.L vs HAMA in IBSbs,Pearson correlation between disorder FC and clinical score in IBSbs,Pearson correlation coefficient,,0,1,Diarrhea-dominant Irritable Bowel Syndrome (IBS-D)
33664320,contrast_FC_CON,Inter-regional correlation matrix: CON group,pairwise inter-regional correlation of c-Fos expression,Pearson correlation coefficients between c-Fos expression in 34 brain regions; networks constructed by thresholding square of Pearson correlations (threshold=0.288),,0,0,Normal mice (pain threshold and brain neural activity experiments); no disease model
33664320,contrast_FC_ACU,Inter-regional correlation matrix: ACU group,pairwise inter-regional correlation of c-Fos expression,Pearson correlation coefficients between c-Fos expression in 34 brain regions; networks constructed by thresholding square of Pearson correlations (threshold=0.288); degree and betweenness centrality computed,,0,8,Normal mice (pain threshold and brain neural activity experiments); no disease model
33664320,contrast_FC_ACUU,Inter-regional correlation matrix: ACU+U group,pairwise inter-regional correlation of c-Fos expression,Pearson correlation coefficients between c-Fos expression in 34 brain regions; networks constructed by thresholding square of Pearson correlations (threshold=0.288); degree and betweenness centrality computed,,0,4,Normal mice (pain threshold and brain neural activity experiments); no disease model
33776442,con_corr_VAS_P3_PoCGR,Correlation: ReHo of right postcentral gyri in Phase III vs VAS scores (positive),Pearson correlation: neural (Phase III ReHo) vs clinical (VAS),Pearson correlation,,0,1,mild depression
33776442,con_corr_VAS_P3_PoCGL,Correlation: ReHo of left postcentral gyri in Phase III vs VAS scores (positive),Pearson correlation: neural (Phase III ReHo) vs clinical (VAS),Pearson correlation,,0,1,mild depression
33776442,con_corr_VAS_P3_PCCR,Correlation: ReHo of right posterior cingulate cortex in Phase III vs VAS scores (negative),Pearson correlation: neural (Phase III ReHo) vs clinical (VAS),Pearson correlation,,0,1,mild depression
33776442,con_corr_VAS_P3_ANGR,Correlation: ReHo of right angular gyrus in Phase III vs VAS scores (negative),Pearson correlation: neural (Phase III ReHo) vs clinical (VAS),Pearson correlation,,0,1,mild depression
33776442,con_corr_VAS_P3_PCUNR,Correlation: ReHo of right precuneus in Phase III vs VAS scores (negative),Pearson correlation: neural (Phase III ReHo) vs clinical (VAS),Pearson correlation,,0,1,mild depression
33776442,con_corr_HRSD_P3_PoCGR,Correlation: ReHo of right postcentral gyri in Phase III vs HRSD-17 scores (positive),Pearson correlation: neural (Phase III ReHo) vs clinical (HRSD-17),Pearson correlation,,0,1,mild depression
33776442,con_corr_HRSD_P3_PoCGL,Correlation: ReHo of left postcentral gyri in Phase III vs HRSD-17 scores (positive),Pearson correlation: neural (Phase III ReHo) vs clinical (HRSD-17),Pearson correlation,,0,1,mild depression
33776442,con_corr_HRSD_P1_ANGR,Correlation: ReHo of right angular gyrus in Phase I vs HRSD-17 scores (positive),Pearson correlation: neural (Phase I ReHo) vs clinical (HRSD-17),Pearson correlation,,0,1,mild depression
34108856,con_corr_baselineFC_vs_analgesia,Correlation between FC of rACC-Precentral.L at baseline and short-term pain analgesia (VAS change),Pearson correlation,Pearson's correlation coefficient,,0,1,Primary dysmenorrhea (PDM)
34108856,con_corr_FCchange_vs_analgesia,Correlation between change of FC in rACC-Precentral.L and short-time pain analgesia in PDM patients after acupuncture treatment,Pearson correlation,Pearson's correlation coefficient,,0,1,Primary dysmenorrhea (PDM)
34122321,contrast_corr_angulargyrus_days_baseline,Positive correlation: change in ReHo value in the angular gyrus with days of migraine at baseline,correlation analysis (Pearson/Spearman) between ReHo change in angular gyrus and clinical outcome,Pearson/Spearman correlation,,0,1,migraine without aura (MwoA)
34122321,contrast_corr_angulargyrus_change_days,Positive correlation: change in ReHo value in the angular gyrus with the change in number of days with migraine,correlation analysis (Pearson/Spearman) between ReHo change in angular gyrus and change in clinical outcome,Pearson/Spearman correlation,,0,1,migraine without aura (MwoA)
34122321,contrast_corr_cerebellum_clinical,No significant correlation between ReHo value for the cerebellum and any clinical outcome,correlation analysis (Pearson/Spearman) between ReHo in cerebellum and clinical outcomes,Pearson/Spearman correlation,,0,0,migraine without aura (MwoA)
34431029,nc_rsFC_correlation_clinical,Correlation between rsFC changes and depression severity (HAMD-17/PHQ-9),correlation between neural and clinical outcomes,not_reported,,0,0,Depression (DSM-V criteria)
34483822,contrast_correlation_pfc_deqi,Correlation between PFC HbO power change and acupuncture deqi behavioral index,Pearson's correlation between neural and behavioral measure,Pearson's correlation and linear regression between deqi behavior data and HbO power change (acupuncture manipulation – all controls) for acupuncture significant responsive channels from PFC,,0,1,Healthy volunteers
34483822,contrast_correlation_motor_deqi,Correlation between motor cortex HbO power change and acupuncture deqi behavioral index,Pearson's correlation between neural and behavioral measure,Pearson's correlation and linear regression between deqi behavior data and HbO power change (acupuncture manipulation – all controls) for acupuncture significant responsive channels from motor cortex,,0,1,Healthy volunteers
34671239,C1_baseline_ALFF_SDS_corr,Correlation between ALFF value in right precuneus and SDS in MMoA patients at baseline,Positive correlation between ALFF and SDS scores,"Pearson correlation analysis (voxel-wise); covariates: age, height, weight",,1,0,Menstrual migraine without aura (MMoA)
34671239,C2_baseline_ALFF_VAS_corr,Correlation between ALFF value in right middle temporal gyrus and VAS in MMoA patients at baseline,Negative correlation between ALFF and VAS scores,"Pearson correlation analysis (voxel-wise); covariates: age, height, weight",,1,0,Menstrual migraine without aura (MMoA)
34671239,C9_TA_ACC_ALFF_SAS_corr,Correlation between altered ALFF values in left ACC and improvements in SAS scores in the TA group,Positive correlation between post-pre ALFF change in left ACC and decrease in SAS scores,"Pearson correlation analysis (voxel-wise); covariates: age, height, weight",,1,0,Menstrual migraine without aura (MMoA)
34671239,C10_TA_ACC_ALFF_SDS_corr,Correlation between altered ALFF values in left ACC and improvements in SDS scores in the TA group,Positive correlation between post-pre ALFF change in left ACC and decrease in SDS scores,"Pearson correlation analysis (voxel-wise); covariates: age, height, weight",,1,0,Menstrual migraine without aura (MMoA)
34671239,C11_SA_no_brain_clinical_corr,No significant correlations observed between brain regions and clinical variables in the SA group,Null result: correlation between ALFF/ReHo changes and clinical variables in SA group,"Pearson correlation analysis (voxel-wise); covariates: age, height, weight",,0,0,Menstrual migraine without aura (MMoA)
34720908,nc_08,Correlation: alteration of DMN-VAN vs changes in HAMA,Pearson correlation analysis,Pearson correlation analysis,,0,1,Diarrhea-Predominant Irritable Bowel Syndrome (IBS-D)
34720908,nc_09,Correlation: alteration of DMN-VAN vs changes in life influence degree,Pearson correlation analysis,Pearson correlation analysis,,0,1,Diarrhea-Predominant Irritable Bowel Syndrome (IBS-D)
34720908,nc_10,Correlation: alteration of DMN-VAN vs changes in IBS-SSS,Pearson correlation analysis,Pearson correlation analysis,,0,1,Diarrhea-Predominant Irritable Bowel Syndrome (IBS-D)
34949986,con_corr_slow5_cerebellum_VAS,Correlation: slow-5 zALFF in cerebellum vs VAS score after AAS,Pearson correlation between zALFF and clinical outcome,Pearson correlation coefficient,,1,0,Chronic low back pain (CLBP)
34949986,con_corr_slow3_cerebellum_VAS,Correlation: slow-3 zALFF in cerebellum vs VAS score after AAS,Pearson correlation between zALFF and clinical outcome,Pearson correlation coefficient,,1,0,Chronic low back pain (CLBP)
34949986,con_corr_norm2_insula_VAS,Correlation: norm-2 zALFF in right insula vs change in VAS score after AAS,Pearson correlation between zALFF and clinical outcome,Pearson correlation coefficient,,1,0,Chronic low back pain (CLBP)
34949986,con_corr_slow4_insula_VAS,Correlation: slow-4 zALFF in right insula vs change in VAS score after AAS,Pearson correlation between zALFF and clinical outcome,Pearson correlation coefficient,,1,0,Chronic low back pain (CLBP)
35048524,con7_correlation_pag_pins_pcs,correlation between percent change of PAG-pIns functional connectivity strength and percent change of trait pain catastrophizing (PCS) after acupuncture treatment,correlation analysis,Spearman correlation analysis with age controlled as covariate,,0,1,Chronic neck and shoulder pain (CNSP)
35115998,con_corr_DRPN_putamen_post_VAS,Correlation between FC of right putamen (dorsal RPN seed) and pain intensity at post-acupuncture in KOA,correlation analysis,partial correlation controlling for age and sex,,0,1,Knee osteoarthritis (KOA) with chronic pain
35115998,con_corr_DRPN_putamen_pre_VAS,Correlation between FC of right putamen (dorsal RPN seed) and pain intensity at pre-acupuncture in KOA,correlation analysis,partial correlation controlling for age and sex,,0,1,Knee osteoarthritis (KOA) with chronic pain
35115998,con_corr_MRPN_cerebellum_post_VAS,Correlation between FC of right cerebellum (medial RPN seed) and pain intensity at post-acupuncture in KOA,correlation analysis,partial correlation controlling for age and sex,,0,1,Knee osteoarthritis (KOA) with chronic pain
35115998,con_corr_MRPN_cerebellum_pre_VAS,Correlation between FC of right cerebellum (medial RPN seed) and pain intensity at pre-acupuncture in KOA,correlation analysis,partial correlation controlling for age and sex,,0,1,Knee osteoarthritis (KOA) with chronic pain
35153654,nc_corr_alfffc_hearingR,Correlation of ALFF-FC (SMA.L-SFGmed.L) with hearing level of right ear in tinnitus patients before acupuncture,correlation analysis,Pearson's correlation coefficient,,0,1,chronic tinnitus
35153654,nc_corr_dfcstr_tdi,Correlation of decreased DFC-Str (left PCC - right ANG) with decreased TDI scores in chronic tinnitus patients before and after acupuncture,correlation analysis,Spearman's correlation coefficient,,0,1,chronic tinnitus
35153654,nc_corr_tp_s2s3_thi,Correlation of TP from state 2 to state 3 with THI in chronic tinnitus patients before acupuncture,correlation analysis,Pearson's correlation coefficient,,0,1,chronic tinnitus
35153654,nc_corr_tp_s2s3_vas,Correlation of TP from state 2 to state 3 with VAS in chronic tinnitus patients before acupuncture,correlation analysis,Pearson's correlation coefficient,,0,1,chronic tinnitus
35153654,nc_corr_tp_s2s3_khq,Correlation of TP from state 2 to state 3 with KHQ in chronic tinnitus patients before acupuncture,correlation analysis,Pearson's correlation coefficient,,0,1,chronic tinnitus
35153654,nc_corr_tp_s3s1_tdi,Correlation of TP from state 3 to state 1 with TDI scores combining chronic tinnitus patients before and after acupuncture,correlation analysis,Spearman's correlation coefficient,,0,1,chronic tinnitus
35310583,NR_01,"Pearson correlation coefficient brain network in the beta band - all three groups before, during, and after electroacupuncture",within-group change across timepoints (pre vs during vs post electroacupuncture),Pearson correlation coefficient functional connectivity brain network,,0,3,Stroke with flaccid paralysis (upper limb hemiplegia)
35312785,nc_HC_first_vs_second,No significant change in pain-related FC in healthy controls from before to after the 3-month interval,Within-group: healthy controls first vs second MRI,ROI-to-ROI functional connectivity analysis using CONN v17b toolbox,,0,0,"Migraine (migraine without aura [MWoA], migraine with aura [MWA], chronic migraine [CM])"
35464313,contrast_mpfc_ndsi_correlation,Correlation between cerebral activity changes and NDSI symptom improvement in all FD patients,correlation between zfALFF change and NDSI improvement,correlation analysis (Pearson or Spearman),,0,1,functional dyspepsia (FD)
35557556,nc_fALFF_corr_baseline_pain,Correlation between baseline fALFF of left calcarine and baseline McGill pain score in CSAP patients,partial correlation,partial correlation,,0,1,Chronic stable angina pectoris (CSAP)
35557556,nc_fALFF_corr_change_mcgill,Correlation between fALFF change of left calcarine and improvement of McGill pain score in CSAP patients,partial correlation,partial correlation,,0,1,Chronic stable angina pectoris (CSAP)
35557556,nc_fALFF_corr_change_SAS,Correlation between fALFF change of left calcarine and improvement of SAS score in CSAP patients,partial correlation,partial correlation,,0,1,Chronic stable angina pectoris (CSAP)
35557556,nc_fALFF_corr_change_SDS,Correlation between fALFF change of left calcarine and improvement of SDS score in CSAP patients,partial correlation,partial correlation,,0,1,Chronic stable angina pectoris (CSAP)
35557556,nc_rsFC_corr_ITG_mcgill_groupA,Correlation between rsFC change (ROI - left ITG/cerebellum crus 1) and McGill pain score improvement in Group A,Spearman correlation,Spearman correlation,,0,1,Chronic stable angina pectoris (CSAP)
35557556,nc_rsFC_corr_ITG_SDS_groupA,Correlation between rsFC change (ROI - left ITG/cerebellum crus 1) and SDS score improvement in Group A,Spearman correlation,Spearman correlation,,0,1,Chronic stable angina pectoris (CSAP)
35585920,nc_002,Correlation between ALFF change in left postcentral gyrus and improvement of SID scores (all FD patients),correlation between ALFF change and clinical improvement,Pearson's correlation analysis with age and gender as covariates,,0,1,functional dyspepsia (FD)
35734477,c02,Resting-state ISFC in control group (significant negative correlations),ISFC within control group during resting state,ISFC using leave-one-out approach with bootstrap hypothesis test,,0,6,Ischemic stroke with motor dysfunction (hemiplegia)
35734477,c18,Acupuncture task ISC/ISFC in subgroup Nih1 (NIHSS 0-1),ISC and ISFC within patient subgroup Nih1 during acupuncture task,ISC and ISFC using leave-one-out approach with bootstrap hypothesis test,,0,2,Ischemic stroke with motor dysfunction (hemiplegia)
35734477,c19,Acupuncture task ISC/ISFC in subgroup Nih2 (NIHSS 2-4),ISC and ISFC within patient subgroup Nih2 during acupuncture task,ISC and ISFC using leave-one-out approach with bootstrap hypothesis test,,0,6,Ischemic stroke with motor dysfunction (hemiplegia)
35734477,c20,Acupuncture task ISFC in subgroup Nih3 (NIHSS 5-15),ISFC within patient subgroup Nih3 during acupuncture task,ISC and ISFC using leave-one-out approach with bootstrap hypothesis test,,0,2,Ischemic stroke with motor dysfunction (hemiplegia)
35965072,contrast_SVC_model,SVC prediction of acupuncture responders vs non-responders,classification model performance,"support vector classification (SVC) with linear kernel, default regularization parameter (c=1), 10-fold cross-validation iterated 100 times, feature selection via Spearman correlation filtering at α = 0.15",,0,0,Functional dyspepsia (FD)
35965072,contrast_SVR_model,SVR prediction of SID improvements,regression model performance,"support vector regression (SVR) with linear kernel, default parameters, 10-fold cross-validation iterated 100 times, based on 38 identified predictive features",,0,0,Functional dyspepsia (FD)
35965072,contrast_predictive_features_weights,Predictive features identification and weight calculation,predictive feature identification via SVC consensus features,consensus features retained as support vectors in all 10-fold CV across all 100 iterations; weight = absolute value of mean over 100 iterations; relative IC weight = sum of one-half of predictive feature weights associated with that IC,,0,3,Functional dyspepsia (FD)
35965072,contrast_IC_relative_weights,Relative weight of ICs in predictive features,IC-level relative weight in predictive model,relative weight of each IC = sum of one-half of predictive feature weights associated with that IC,,0,5,Functional dyspepsia (FD)
35965072,contrast_baseline_rsFC_SID_corr,Correlation between baseline rsFC of predictive features and SID improvements,correlation between pre-treatment rsFC and clinical outcomes,Spearman correlation analysis between rsFC of predictive features and SID improvements in all patients,,0,3,Functional dyspepsia (FD)
35965072,contrast_edge_change_SID_corr,Correlation between rsFC changes of 11 between-group edges and SID improvements,correlation between post-pre rsFC change and clinical outcome,correlation analyses between ROI changes and symptom improvements in all patients; P < 0.05 uncorrected (not significant after FDR correction),,0,4,Functional dyspepsia (FD)
35968386,con_ReHo_corr_HIP_time,Correlation between recognition index (time) and ReHo value of hippocampus,Pearson correlation between neuroimaging metric and behavioral outcome,Pearson linear regression analysis,,0,1,Alzheimer's disease (3×Tg-AD transgenic mouse model)
35968386,con_ReHo_corr_HIP_number,Correlation between recognition index (number) and ReHo value of hippocampus,Pearson correlation between neuroimaging metric and behavioral outcome,Pearson linear regression analysis,,0,1,Alzheimer's disease (3×Tg-AD transgenic mouse model)
35968386,con_ReHo_corr_EC_time,Correlation between recognition index (time) and ReHo value of entorhinal cortex,Pearson correlation between neuroimaging metric and behavioral outcome,Pearson linear regression analysis,,0,1,Alzheimer's disease (3×Tg-AD transgenic mouse model)
35968386,con_ReHo_corr_EC_number,Correlation between recognition index (number) and ReHo value of entorhinal cortex,Pearson correlation between neuroimaging metric and behavioral outcome,Pearson linear regression analysis,,0,1,Alzheimer's disease (3×Tg-AD transgenic mouse model)
35968386,con_FC_corr_NORT_time,Correlation between recognition index of time and function connectivity (hippocampus–entorhinal cortex),Pearson correlation between FC strength and behavioral outcome,Pearson linear regression analysis,,0,1,Alzheimer's disease (3×Tg-AD transgenic mouse model)
35968386,con_DTI_corr_NORT_time,Correlation between recognition index of time and number of nerve fiber connections (hippocampus–entorhinal cortex),Pearson correlation between DTI fiber count and behavioral outcome,Pearson linear regression analysis,,0,1,Alzheimer's disease (3×Tg-AD transgenic mouse model)
36051643,C19_CORR_DLPFC_VAS,Correlation: gFCD changes at Slow-5 band of the left DLPFC vs. change in VAS scores (VA group),Pearson linear correlation,Pearson linear correlation,,0,1,Primary dysmenorrhea (PDM)
36051643,C20_CORR_S2_VAS,Correlation: gFCD changes at Slow-4 band of the right S2 vs. change in VAS scores (VA group),Pearson linear correlation,Pearson linear correlation,,0,1,Primary dysmenorrhea (PDM)
36102803,nc_exp_pre_activation,Cortical activation map - Experimental Group Before Treatment,within-group activation during experimental pain stimulation before analgesic modulation,generalized linear model (GLM); t-test; correction of expected EC based on LKC,,0,0,myofascial pain syndrome (MPS) / myofasciitis
36102803,nc_exp_post_activation,Cortical activation map - Experimental Group After Treatment,within-group activation during experimental pain stimulation after analgesic modulation,generalized linear model (GLM); t-test; correction of expected EC based on LKC,,2,0,myofascial pain syndrome (MPS) / myofasciitis
36102803,nc_ctrl_pre_activation,Cortical activation map - Control Group Before Treatment,within-group activation during experimental pain stimulation before rest,generalized linear model (GLM); t-test; correction of expected EC based on LKC,,0,0,myofascial pain syndrome (MPS) / myofasciitis
36102803,nc_ctrl_post_activation,Cortical activation map - Control Group After Treatment,within-group activation during experimental pain stimulation after rest,generalized linear model (GLM); t-test; correction of expected EC based on LKC,,1,0,myofascial pain syndrome (MPS) / myofasciitis
36102803,nc_exp_fpa_beta_comparison,FPA regression coefficient (beta) - Experimental Group: Before vs After Treatment,within-group comparison of ROI activation before vs after analgesic modulation,mixed effect linear models; Shapiro-Wilk test for normality,,0,0,myofascial pain syndrome (MPS) / myofasciitis
36102803,nc_exp_dlpfc_beta_comparison,DLPFC regression coefficient (beta) - Experimental Group: Before vs After Treatment,within-group comparison of ROI activation before vs after analgesic modulation,mixed effect linear models; Shapiro-Wilk test for normality,,0,0,myofascial pain syndrome (MPS) / myofasciitis
36102803,nc_ctrl_roi_beta_comparison,ROI regression coefficients - Control Group: Before vs After Rest,within-group comparison of ROI activation before vs after rest,mixed effect linear models; Shapiro-Wilk test for normality,,0,0,myofascial pain syndrome (MPS) / myofasciitis
36102803,nc_channel_corr_exp_pre,Channel correlation matrix - Experimental Group Before Treatment,channel-to-channel Pearson correlation during pain stimulation before treatment,Pearson correlation coefficient of each channel time series; 24x24 symmetric correlation matrix,,0,0,myofascial pain syndrome (MPS) / myofasciitis
36102803,nc_channel_corr_exp_post,Channel correlation matrix - Experimental Group After Treatment,channel-to-channel Pearson correlation during pain stimulation after analgesic modulation,Pearson correlation coefficient of each channel time series; 24x24 symmetric correlation matrix,,0,0,myofascial pain syndrome (MPS) / myofasciitis
36102803,nc_roi_corr_exp_pre,ROI correlation heat map - Experimental Group Before Treatment,ROI-to-ROI Pearson correlation before treatment,Pearson correlation between ROIs,,0,6,myofascial pain syndrome (MPS) / myofasciitis
36102803,nc_roi_corr_exp_post,ROI correlation heat map - Experimental Group After Treatment,ROI-to-ROI Pearson correlation after analgesic modulation,Pearson correlation between ROIs,,0,6,myofascial pain syndrome (MPS) / myofasciitis
36102803,nc_roi_corr_ctrl_pre,ROI correlation heat map - Control Group Before Rest,ROI-to-ROI Pearson correlation before rest,Pearson correlation between ROIs,,0,6,myofascial pain syndrome (MPS) / myofasciitis
36102803,nc_roi_corr_ctrl_post,ROI correlation heat map - Control Group After Rest,ROI-to-ROI Pearson correlation after rest,Pearson correlation between ROIs,,0,6,myofascial pain syndrome (MPS) / myofasciitis
36530615,con_dynICA_corr_circuit1_freq_verbalorder,Correlation between frequency of circuit1 and verbal order score (CRRCAE),correlation (rank correlational analysis),rank correlational analysis,,0,1,Post-stroke aphasia (PSA) caused by left hemisphere stroke
36530615,con_dynICA_corr_circuit3_nountranscribing,Correlation between FC values of triangle inferior frontal and lingual gyri (circuit3) and noun transcribing score (CRRCAE),correlation (rank correlational analysis),rank correlational analysis,,0,1,Post-stroke aphasia (PSA) caused by left hemisphere stroke
36530615,con_dynICA_corr_circuit3_verbtranscribing,Correlation between FC values of triangle inferior frontal and lingual gyri (circuit3) and verb transcribing score (CRRCAE),correlation (rank correlational analysis),rank correlational analysis,,0,1,Post-stroke aphasia (PSA) caused by left hemisphere stroke
36530615,con_dynICA_corr_circuit3_commanddescribing,Correlation between FC values of triangle inferior frontal and lingual gyri (circuit3) and command describing score (CRRCAE),correlation (rank correlational analysis),rank correlational analysis,,0,1,Post-stroke aphasia (PSA) caused by left hemisphere stroke
36530615,con_dynICA_corr_circuit3_actiondescribing,Correlation between FC values of triangle inferior frontal and lingual gyri (circuit3) and action description score (CRRCAE),correlation (rank correlational analysis),rank correlational analysis,,0,1,Post-stroke aphasia (PSA) caused by left hemisphere stroke
36530615,con_dynICA_corr_circuit3_dictatingnoun,Correlation between FC values of triangle inferior frontal and lingual gyri (circuit3) and dictating noun score (CRRCAE),correlation (rank correlational analysis),rank correlational analysis,,0,1,Post-stroke aphasia (PSA) caused by left hemisphere stroke
36530635,contrast_4_regression_TEQ_pre,Linear regression: TEQ vs. FC at pre-acupuncture,"simple linear regression: TEQ score as independent variable, FC as dependent variable, pre-acupuncture",simple linear regression,,0,0,subjective tinnitus
36530635,contrast_5_regression_VAS_pre,Linear regression: VAS vs. FC at pre-acupuncture,"simple linear regression: VAS score as independent variable, FC as dependent variable, pre-acupuncture",simple linear regression,,0,0,subjective tinnitus
36530635,contrast_6_regression_THI_pre,Linear regression: THI vs. FC at pre-acupuncture,"simple linear regression: THI score as independent variable, FC as dependent variable, pre-acupuncture",simple linear regression,,0,0,subjective tinnitus
36530635,contrast_7_regression_TEQ_post,Linear regression: TEQ vs. FC at post-acupuncture,"simple linear regression: TEQ score as independent variable, FC as dependent variable, post-acupuncture",simple linear regression,,0,0,subjective tinnitus
36530635,contrast_8_regression_VAS_post,Linear regression: VAS vs. FC at post-acupuncture,"simple linear regression: VAS score as independent variable, FC as dependent variable, post-acupuncture",simple linear regression,,0,0,subjective tinnitus
36744205,contrast_corr_alff_vas,Pearson correlations of fMRI data (ALFF t-values) and VAS score in patients with numbness,Pearson correlation between ALFF t-values and VAS score,Pearson correlation with age and gender as covariates of no interest,,0,4,Ischemic stroke sequelae with unilateral limb numbness (somatosensory dysfunction)
36744205,contrast_corr_fc_vas,Pearson correlations of fMRI data (FC z-values) and VAS score in patients with numbness,Pearson correlation between FC z-values and VAS score,Pearson correlation with age and gender as covariates of no interest,,0,2,Ischemic stroke sequelae with unilateral limb numbness (somatosensory dysfunction)
36890655,nc_KOA_vs_HC,KOA knee pain patients vs. healthy controls (vlPAG rs-FC at baseline),two-sample t-test; KOA > HCs,two-sample t-test; seed-based resting-state functional connectivity,,2,0,Knee osteoarthritis (KOA) with knee pain
36890655,nc_KOA_vs_HC_corr,Spearman correlation: bilateral thalamus rs-FC levels and SF-MPQ in KOA patients,Spearman correlation analysis,Spearman correlation analysis,,0,1,Knee osteoarthritis (KOA) with knee pain
36890655,nc_AG_vs_SC_corr_DLPFC,Spearman correlation: vlPAG-DLPFC rs-FC percentage change and SF-MPQ percentage change in acupuncture group (AG vs SC context),Spearman correlation analysis,Spearman correlation analysis on percentage variations (post-treatment minus pre-treatment/pre-treatment),,0,1,Knee osteoarthritis (KOA) with knee pain
36890655,nc_AG_vs_SC_corr_angular,Spearman correlation: vlPAG-angular rs-FC percentage change and SF-MPQ percentage change in acupuncture group (AG vs SC context),Spearman correlation analysis,Spearman correlation analysis on percentage variations (post-treatment minus pre-treatment/pre-treatment),,0,1,Knee osteoarthritis (KOA) with knee pain
36890655,nc_AG_vs_PB_corr_DLPFC,Spearman correlation: vlPAG-DLPFC rs-FC percentage change and SF-MPQ percentage change in acupuncture group (AG vs PB context),Spearman correlation analysis,Spearman correlation analysis on percentage variations,,0,1,Knee osteoarthritis (KOA) with knee pain
36890655,nc_AG_vs_PB_corr_angular,Spearman correlation: vlPAG-angular rs-FC percentage change and SF-MPQ percentage change in acupuncture group (AG vs PB context),Spearman correlation analysis,Spearman correlation analysis on percentage variations,,0,1,Knee osteoarthritis (KOA) with knee pain
36890655,nc_AG_vs_WL_corr_DLPFC,Spearman correlation: vlPAG-DLPFC rs-FC percentage change and SF-MPQ percentage change in acupuncture group (AG vs WL context),Spearman correlation analysis,Spearman correlation analysis on percentage variations,,0,1,Knee osteoarthritis (KOA) with knee pain
36890655,nc_AG_vs_WL_corr_precuneus,Spearman correlation: vlPAG-precuneus rs-FC percentage change and SF-MPQ percentage change in acupuncture group (AG vs WL context),Spearman correlation analysis,Spearman correlation analysis on percentage variations,,0,1,Knee osteoarthritis (KOA) with knee pain
36922926,nc_05_alff_moca_corr_temporal_inf_r,Correlation: ALFF change in right inferior temporal gyrus vs MoCA change (acupuncture group),Pearson correlation between ALFF change and MoCA change,Pearson's correlation analysis,,0,1,Cerebral small vessel disease cognitive impairment (CSVDCI)
36922926,nc_06_alff_moca_corr_occipital_mid_l,Correlation: ALFF change in left middle occipital gyrus vs MoCA change (acupuncture group),Pearson correlation between ALFF change and MoCA change,Pearson's correlation analysis,,0,1,Cerebral small vessel disease cognitive impairment (CSVDCI)
36922926,nc_07_alff_moca_corr_occipital_sup_l,Correlation: ALFF change in left superior occipital gyrus vs MoCA change (acupuncture group),Pearson correlation between ALFF change and MoCA change,Pearson's correlation analysis,,0,1,Cerebral small vessel disease cognitive impairment (CSVDCI)
36922926,nc_08_alff_moca_corr_parietal_sup_r,Correlation: ALFF change in right superior parietal gyrus vs MoCA change (acupuncture group),Pearson correlation between ALFF change and MoCA change,Pearson's correlation analysis,,0,1,Cerebral small vessel disease cognitive impairment (CSVDCI)
37025199,NR_014,"Pure electroacupuncture stimulation - negative activation contralateral raphe magnus, inferior frontal gyrus, and amygdala",electroacupuncture effect vs. heat pain,task-state fMRI,,0,0,"Depression; also covers anxiety, irritable bowel syndrome, stroke, Parkinson's disease, heroin addiction, spastic cerebral palsy, carpal tunnel syndrome, post-traumatic stress disorder, functional dyspepsia, aphasia, epilepsy, Wilson's disease, and primary insomnia as referenced conditions"
37025199,NR_015,Skin electrical stimulation at Zusanli and Sanyi - positive activation in cold pain condition,acupoint stimulation effect during cold pain,task-state fMRI,,0,0,"Depression; also covers anxiety, irritable bowel syndrome, stroke, Parkinson's disease, heroin addiction, spastic cerebral palsy, carpal tunnel syndrome, post-traumatic stress disorder, functional dyspepsia, aphasia, epilepsy, Wilson's disease, and primary insomnia as referenced conditions"
37025199,NR_016,Skin electrical stimulation at Zusanli and Sanyi - negative activation in cold pain condition,acupoint stimulation effect during cold pain,task-state fMRI,,0,0,"Depression; also covers anxiety, irritable bowel syndrome, stroke, Parkinson's disease, heroin addiction, spastic cerebral palsy, carpal tunnel syndrome, post-traumatic stress disorder, functional dyspepsia, aphasia, epilepsy, Wilson's disease, and primary insomnia as referenced conditions"
37025199,NR_041,Anxiety disorders - higher ALFF in left hippocampus in subjects with symptom remission; higher ReHo in right posterior central gyrus in subjects without symptom remission (Shen et al.),resting-state fMRI in anxiety disorder - remission vs. non-remission,resting-state fMRI,,0,0,"Depression; also covers anxiety, irritable bowel syndrome, stroke, Parkinson's disease, heroin addiction, spastic cerebral palsy, carpal tunnel syndrome, post-traumatic stress disorder, functional dyspepsia, aphasia, epilepsy, Wilson's disease, and primary insomnia as referenced conditions"
37025199,NR_046,Amygdala connectivity mediates relationship between anxiety and depression in MDD patients (He et al.),"correlation/mediation analysis - anxiety, depression, and amygdala connectivity",resting-state fMRI,,0,0,"Depression; also covers anxiety, irritable bowel syndrome, stroke, Parkinson's disease, heroin addiction, spastic cerebral palsy, carpal tunnel syndrome, post-traumatic stress disorder, functional dyspepsia, aphasia, epilepsy, Wilson's disease, and primary insomnia as referenced conditions"
37383656,C008,Correlation: mean dwell time in state 3 and FMA-LE score (baseline),correlation analysis at baseline,Pearson's correlation,,0,1,ischemic stroke with motor dysfunction
37383656,C009,Correlation: mean dwell time in state 1 and NIHSS score (baseline) - trend,correlation analysis at baseline,Pearson's correlation,,0,1,ischemic stroke with motor dysfunction
37383656,C010,Correlation: FC in RFPN-SMN in state 3 and FMA score (baseline),correlation analysis at baseline,Pearson's correlation,,0,1,ischemic stroke with motor dysfunction
37383656,C011,Correlation: FC in DAN-DMN in state 1 and FMA-LE score (baseline),correlation analysis at baseline,Pearson's correlation,,0,1,ischemic stroke with motor dysfunction
37383656,C012,Correlation: FC in DAN-RFPN in state 1 and FMA-LE score (baseline),correlation analysis at baseline,Pearson's correlation,,0,1,ischemic stroke with motor dysfunction
37408438,C5_DR_MFG_L_NDI_corr,Correlation: FC change DR–left middle frontal gyrus with NDI improvement (TA group),Correlation between FC change and clinical outcome change,Correlation analysis,,0,1,Chronic neck pain (CNP)
37408438,C6_DR_THA_R_duration_corr,Correlation: FC change DR–right thalamus with duration of each attack improvement (TA group),Correlation between FC change and clinical outcome change,Correlation analysis,,0,1,Chronic neck pain (CNP)
37408438,C7_MR_MFG_R_NPQ_corr,Correlation: FC change MR–right middle frontal gyrus with NPQ improvement (TA group),Correlation between FC change and clinical outcome change,Correlation analysis,,0,1,Chronic neck pain (CNP)
37408438,C8_MR_MFG_R_SDS_corr,Correlation: FC change MR–right middle frontal gyrus with SDS improvement (TA group),Correlation between FC change and clinical outcome change,Correlation analysis,,0,1,Chronic neck pain (CNP)
37408438,C9_MR_PHG_L_NDI_corr,Correlation: FC change MR–left parahippocampal gyrus with NDI improvement (TA group),Correlation between FC change and clinical outcome change,Correlation analysis,,0,1,Chronic neck pain (CNP)
37408438,C10_MR_PHG_L_SDS_corr,Correlation: FC change MR–left parahippocampal gyrus with SDS improvement (TA group),Correlation between FC change and clinical outcome change,Correlation analysis,,0,1,Chronic neck pain (CNP)
37415858,con_REAL_IC22_SA1,IC22 (SA1) significant positive correlation with REAL stimulation protocol,one-sample t-test of GLM parameter estimate for REAL stimulation regressor,IC-wise GLM with temporal concatenated ICA (FSL_MELODIC); one-sample t-test of PE for REAL protocol,,4,0,Healthy volunteers
37415858,con_REAL_IC23_SA2,IC23 (SA2) significant positive correlation with REAL stimulation protocol,one-sample t-test of GLM parameter estimate for REAL stimulation regressor,IC-wise GLM with temporal concatenated ICA (FSL_MELODIC); one-sample t-test of PE for REAL protocol,,3,0,Healthy volunteers
37415858,con_REAL_PHNT_IC9_CA1,IC9 (CA1) significant positive correlation with both REAL and PHNT stimulation protocols,one-sample Wilcoxon signed-rank test of GLM parameter estimate for REAL and PHNT stimulation regressors,IC-wise GLM with temporal concatenated ICA (FSL_MELODIC); one-sample Wilcoxon signed-rank test of PE for REAL and PHNT protocols,,15,0,Healthy volunteers
37415858,con_REAL_PHNT_IC29_CA2,IC29 (CA2) significant positive correlation with both REAL and PHNT stimulation protocols,one-sample t-test of GLM parameter estimate for REAL and PHNT stimulation regressors,IC-wise GLM with temporal concatenated ICA (FSL_MELODIC); one-sample t-test of PE for REAL and PHNT protocols,,10,0,Healthy volunteers
37415858,con_partial_corr_SA_CA_REAL,Partial correlation network for SA/CA components and expectation for acupuncture treatment (REAL),Spearman's partial correlation analysis between IC parameter estimates and expectation scores,"Spearman's partial correlation coefficients computed between pairs of variables, controlling for the effect of the remaining variables",,0,9,Healthy volunteers
37415858,con_corr_SA2_MASS_REAL,Correlation between averaged PEs of SA2 and MASS index score for REAL,Pearson's or Spearman's correlation (not specified for this result),Pearson's or Spearman's correlation analysis,,0,1,Healthy volunteers
37415858,con_corr_SA1SA2_HR_REAL,Correlation between concordance of PEs between SA1 and SA2 and heart rate decrease during REAL stimulation,Pearson's or Spearman's correlation,"concordance correlation coefficient (Lin, 1989) between IC response patterns; Pearson's or Spearman's correlation with HR decrease",,0,1,Healthy volunteers
37415858,con_corr_CA1_MASS_REAL,Correlation between averaged PEs of CA1 and MASS index score for REAL,Pearson's or Spearman's correlation,Pearson's or Spearman's correlation analysis,,0,1,Healthy volunteers
37415858,con_corr_CA1_HR_post_REAL,Correlation between averaged PEs of CA1 and HR decrease during 4 s after REAL stimulation,Pearson's or Spearman's correlation,Pearson's or Spearman's correlation analysis,,0,1,Healthy volunteers
37415858,con_corr_CA1CA2_MASS_PHNT,Correlation between concordance of PEs between CA1 and CA2 and MASS index score for PHNT,Pearson's or Spearman's correlation,"concordance correlation coefficient (Lin, 1989) and Pearson's or Spearman's correlation analysis",,0,1,Healthy volunteers
37415858,con_corr_CA1CA2_HR_PHNT,Correlation between concordance of PEs between CA1 and CA2 and HR decrease during 4 s after PHNT stimulation,Pearson's or Spearman's correlation,"concordance correlation coefficient (Lin, 1989) and Pearson's or Spearman's correlation analysis",,0,1,Healthy volunteers
37584456,nc_001,SVC prediction model performance: acupuncture responders vs nonresponders (training-test set),classification model performance,"Support vector classification (SVC) with linear kernel and default regularization parameter (c=1), 10-fold cross-validation iterated 100 times, feature selection threshold α=0.15 based on Spearman correlation",,0,0,Functional dyspepsia (FD)
37584456,nc_002,SVR prediction model performance: SID improvement prediction (training-test set),regression model performance,"Support vector regression (SVR) with linear kernel and default regularization parameter (c=1), 10-fold cross-validation iterated 100 times",,0,0,Functional dyspepsia (FD)
37584456,nc_003,Predictive features: group-level differences in rsFC between acupuncture responders and nonresponders,two-sample t-test on predictive rsFC features,two-sample t-tests on 39 predictive features; gender taken as covariate; FDR correction applied,,0,9,Functional dyspepsia (FD)
37584456,nc_004,"Network-scale weight calculation: contributions of SCN, SMN, CCN, DMN to prediction",network-scale weight analysis,Network-scale weight calculated by summing the weights of all predictive features contained within each network,,0,4,Functional dyspepsia (FD)
37584456,nc_006,SVR model generalizability in independent validation set,regression model performance in independent validation,"SVR prediction model applied to independent validation set, 10-fold cross-validation, 100 iterations, using 39 identified predictive features",,0,0,Functional dyspepsia (FD)
37584456,nc_007,Robustness of predictive features: six classification models,robustness test across alternative machine learning classification algorithms,"Six classification models using 39 identified predictive features: decision tree, linear discrimination, logistic regression, k-nearest neighbor, gaussian SVM, bagged tree; 10-fold CV",,0,0,Functional dyspepsia (FD)
37584456,nc_008,Robustness of predictive features: five regression models,robustness test across alternative machine learning regression algorithms,"Five regression models using 39 identified predictive features: linear regression, decision tree, Gaussian SVM, bagged tree, Gaussian process regression; 10-fold CV",,0,0,Functional dyspepsia (FD)
37721727,contrast_12,Multiple linear regression — FC changes predicting IAT improvement after acupuncture,"multiple linear regression: FC changes as explanatory variables, IAT improvement as target variable",multiple linear regression with forward stepwise selection (alpha level of 0.1 for entry and 0.2 for removal),,1,2,Internet addiction (IA)
37901421,c09_rvlm_r_set2_hf_pos,Set 2: Right RVLM FC - HF% positive correlation,Correlation between FC map of right RVLM and HF%,Correlation analysis between FC maps of ROIs and HF% percentage of HRV,,1,0,Healthy volunteers
37901421,c10_rvlm_r_set3_hf_neg,Set 3: Right RVLM FC - HF% negative correlation,Correlation between FC map of right RVLM and HF%,Correlation analysis between FC maps of ROIs and HF% percentage of HRV,,1,0,Healthy volunteers
37901421,c11_rvlm_l_set2_hf_pos,Set 2: Left RVLM FC - HF% positive correlation,Correlation between FC map of left RVLM and HF%,Correlation analysis between FC maps of ROIs and HF% percentage of HRV,,1,0,Healthy volunteers
37901421,c12_rvlm_l_set3_hf_pos,Set 3: Left RVLM FC - HF% positive correlation (precuneus),Correlation between FC map of left RVLM and HF%,Correlation analysis between FC maps of ROIs and HF% percentage of HRV,,1,0,Healthy volunteers
37901421,c13_rvlm_l_set3_hf_neg,Set 3: Left RVLM FC - HF% negative correlation (dentate nucleus/pons),Correlation between FC map of left RVLM and HF%,Correlation analysis between FC maps of ROIs and HF% percentage of HRV,,1,0,Healthy volunteers
37901421,c14_cvlm_r_set3_hf_pos,Set 3: Right CVLM FC - HF% positive correlation (thalamus),Correlation between FC map of right CVLM and HF%,Correlation analysis between FC maps of ROIs and HF% percentage of HRV,,1,0,Healthy volunteers
37901421,c15_ntsna_r_set2_hf_pos,Set 2: Right NTS/NA FC - HF% positive correlation,Correlation between FC map of right NTS/NA and HF%,Correlation analysis between FC maps of ROIs and HF% percentage of HRV,,2,0,Healthy volunteers
37901421,c16_ntsna_l_set2_hf_pos,Set 2: Left NTS/NA FC - HF% positive correlation,Correlation between FC map of left NTS/NA and HF%,Correlation analysis between FC maps of ROIs and HF% percentage of HRV,,1,0,Healthy volunteers
37901421,c17_rvlm_r_set3_lfhf_pos,Set 3: Right RVLM FC - LF/HF ratio positive correlation (dentate nucleus/pons),Correlation between FC map of right RVLM and LF/HF ratio,Correlation analysis between FC maps of ROIs and LF/HF ratio of HRV,,1,0,Healthy volunteers
37901421,c18_rvlm_l_set3_lfhf_pos,Set 3: Left RVLM FC - LF/HF ratio positive correlation (dentate nucleus/pons),Correlation between FC map of left RVLM and LF/HF ratio,Correlation analysis between FC maps of ROIs and LF/HF ratio of HRV,,1,0,Healthy volunteers
37901421,c19_rvlm_l_set3_lfhf_neg,Set 3: Left RVLM FC - LF/HF ratio negative correlation (precuneus),Correlation between FC map of left RVLM and LF/HF ratio,Correlation analysis between FC maps of ROIs and LF/HF ratio of HRV,,1,0,Healthy volunteers
37901421,c20_cvlm_r_set2_lfhf_neg,Set 2: Right CVLM FC - LF/HF ratio negative correlation (middle/inferior frontal gyrus),Correlation between FC map of right CVLM and LF/HF ratio,Correlation analysis between FC maps of ROIs and LF/HF ratio of HRV,,1,0,Healthy volunteers
37901421,c21_cvlm_r_set3_lfhf_neg,Set 3: Right CVLM FC - LF/HF ratio negative correlation (thalamus),Correlation between FC map of right CVLM and LF/HF ratio,Correlation analysis between FC maps of ROIs and LF/HF ratio of HRV,,1,0,Healthy volunteers
37901421,c22_ntsna_r_set3_lfhf_pos,Set 3: Right NTS/NA FC - LF/HF ratio positive correlation (cerebellum ant./post. lobe),Correlation between FC map of right NTS/NA and LF/HF ratio,Correlation analysis between FC maps of ROIs and LF/HF ratio of HRV,,1,0,Healthy volunteers
37901421,c23_ntsna_r_set2_lfhf_neg,Set 2: Right NTS/NA FC - LF/HF ratio negative correlation (middle frontal gyrus),Correlation between FC map of right NTS/NA and LF/HF ratio,Correlation analysis between FC maps of ROIs and LF/HF ratio of HRV,,1,0,Healthy volunteers
37901421,c24_dmv_set2_lfhf_neg,Set 2: DMV FC - LF/HF ratio negative correlation (postcentral gyrus),Correlation between FC map of DMV and LF/HF ratio,Correlation analysis between FC maps of ROIs and LF/HF ratio of HRV,,1,0,Healthy volunteers
37901421,37869519_C9,"Table 5: Correlation between FC maps of ROIs and HF% - RVLM Set 2 Right, Positive",FC,FC,,1,0,Healthy volunteers
37901421,37869519_C10,"Table 5: Correlation between FC maps of ROIs and HF% - RVLM Set 2 Left, Positive",FC,FC,,1,0,Healthy volunteers
37901421,37869519_C11,"Table 5: Correlation between FC maps of ROIs and HF% - RVLM Set 3 Left, Positive",FC,FC,,1,0,Healthy volunteers
37901421,37869519_C12,"Table 5: Correlation between FC maps of ROIs and HF% - CVLM Set 3 Right, Positive",FC,FC,,1,0,Healthy volunteers
37901421,37869519_C13,"Table 5: Correlation between FC maps of ROIs and HF% - NTS/NA Set 2 Right, Positive",FC,FC,,2,0,Healthy volunteers
37901421,37869519_C14,"Table 5: Correlation between FC maps of ROIs and HF% - NTS/NA Set 2 Left, Positive",FC,FC,,1,0,Healthy volunteers
37901421,37869519_C15,"Table 5: Correlation between FC maps of ROIs and HF% - RVLM Set 3 Right, Negative",FC,FC,,1,0,Healthy volunteers
37901421,37869519_C16,"Table 5: Correlation between FC maps of ROIs and HF% - RVLM Set 3 Left, Negative",FC,FC,,1,0,Healthy volunteers
37901421,37869519_C17,"Table 6: Correlation between FC maps of ROIs and LF/HF ratio - RVLM Set 3 Right, Positive",FC,FC,,1,0,Healthy volunteers
37901421,37869519_C18,"Table 6: Correlation between FC maps of ROIs and LF/HF ratio - RVLM Set 3 Left, Positive",FC,FC,,1,0,Healthy volunteers
37901421,37869519_C19,"Table 6: Correlation between FC maps of ROIs and LF/HF ratio - NTS/NA Set 3 Right, Positive",FC,FC,,1,0,Healthy volunteers
37901421,37869519_C20,"Table 6: Correlation between FC maps of ROIs and LF/HF ratio - RVLM Set 3 Left, Negative",FC,FC,,1,0,Healthy volunteers
37901421,37869519_C21,"Table 6: Correlation between FC maps of ROIs and LF/HF ratio - CVLM Set 2 Right, Negative",FC,FC,,1,0,Healthy volunteers
37901421,37869519_C22,"Table 6: Correlation between FC maps of ROIs and LF/HF ratio - CVLM Set 3 Right, Negative",FC,FC,,1,0,Healthy volunteers
37901421,37869519_C23,"Table 6: Correlation between FC maps of ROIs and LF/HF ratio - NTS/NA Set 2 Right, Negative",FC,FC,,1,0,Healthy volunteers
37901421,37869519_C24,"Table 6: Correlation between FC maps of ROIs and LF/HF ratio - DMV Set 2, Negative",FC,FC,,1,0,Healthy volunteers
38245739,con_corr_alff_occipital_sfmpq,Positive correlation: ALFF values of left middle occipital area at TP1 with SF-MPQ scores,bivariate Pearson correlation: ALFF (left middle occipital area) × SF-MPQ score at TP1 in Group 1,bivariate Pearson correlation analysis,,0,1,Non-menstrual migraine without aura (MWoA)
38245739,con_corr_alff_occipital_midas,Positive correlation: ALFF values of left middle occipital area at TP1 with MIDAS scores,bivariate Pearson correlation: ALFF (left middle occipital area) × MIDAS score at TP1 in Group 1,bivariate Pearson correlation analysis,,0,1,Non-menstrual migraine without aura (MWoA)
38245739,con_corr_dc_temporal_sfmpq,Positive correlation: DC values of right inferior temporal area at TP1 with SF-MPQ scores,bivariate Pearson correlation: DC (right inferior temporal area) × SF-MPQ score at TP1 in Group 1,bivariate Pearson correlation analysis,,0,1,Non-menstrual migraine without aura (MWoA)
38585348,C4_corr_THI_FC_pre,Correlation between THI score and FC value in INS-left superior frontal gyrus before electroacupuncture treatment,Pearson correlation between THI score in EG and FC value in INS-left superior frontal gyrus before treatment,Pearson correlation coefficient,,0,1,Subjective tinnitus (ST)
38681626,NC_015,Correlation between change in ALFF of left MTG and change in HAMD-24 score (EAS group),correlation; change in ALFF vs change in clinical score,"partial correlation controlling for age, sex, head movement parameters and education level",,0,1,First-episode major depressive disorder (MDD)
38681626,NC_016,Correlation between change in FC of left MTG and left MFG and change in HAMD-24 score (EAS group),correlation; change in FC vs change in clinical score,"partial correlation controlling for age, sex, head movement parameters and education level",,0,1,First-episode major depressive disorder (MDD)
39089662,NC_03,SVR prediction of 4-week ODI values in AG using right SPL fALFF and baseline clinical features,predictive model (SVR) in acupuncture group,support vector regression (SVR) with linear kernel; leave-one-out cross-validation (LOOCV),,0,0,chronic sciatica (chronic neuropathic pain)
39089662,NC_04,Spearman correlation between baseline right SPL fALFF and 4-week VAS for leg pain in AG,Spearman correlation between baseline neuroimaging metric and post-treatment clinical outcome,Spearman correlation analysis,,0,0,chronic sciatica (chronic neuropathic pain)
39368604,con_005,Partial correlation: left anterior insula – left ACC FC change vs. MADRS improvement in real acupuncture group,partial correlation between post- minus pre-treatment zFC and MADRS score improvement (post- minus pre-treatment) within real acupuncture group,partial correlation analysis controlling for age and body mass index; Bonferroni correction used,,0,1,Major depressive disorder (MDD)
39368604,con_006,Partial correlation: left anterior insula – bilateral MCC FC change vs. MADRS improvement in real acupuncture group,partial correlation between post- minus pre-treatment zFC and MADRS score improvement (post- minus pre-treatment) within real acupuncture group,partial correlation analysis controlling for age and body mass index; Bonferroni correction used,,0,1,Major depressive disorder (MDD)
39368604,con_007,Partial correlation: right DLPFC – right mPFC FC change vs. MADRS improvement in real acupuncture group,partial correlation between post- minus pre-treatment zFC and MADRS score improvement (post- minus pre-treatment) within real acupuncture group,partial correlation analysis controlling for age and body mass index; uncorrected (note: paper states uncorrected for this result),,0,1,Major depressive disorder (MDD)
39368604,con_008,SVR prediction: baseline FC (left sgACC – bilateral MCC and left IPL) predicts MADRS change (AN mask),MVPA-based SVR prediction of treatment outcome using baseline zFC features from AN mask (sgACC seed regions),MVPA based on linear SVR (LIBSVM); feature selection based on weight; fixed 10-fold cross-validation,,0,0,Major depressive disorder (MDD)
39368604,con_009,SVR prediction: baseline FC (left PCC – left mPFC and right IPL) predicts MADRS change (DMN mask),MVPA-based SVR prediction of treatment outcome using baseline zFC features from DMN mask (PCC seed regions),MVPA based on linear SVR (LIBSVM); feature selection based on weight; fixed 10-fold cross-validation,,0,0,Major depressive disorder (MDD)
39368604,39366658_C5,Regions' weight in predicting the treatment effect of abdominal acupuncture - SgACC (AN) seed,FC,FC,,2,0,Major depressive disorder (MDD)
39368604,39366658_C6,Regions' weight in predicting the treatment effect of abdominal acupuncture - PCC (DMN) seed,FC,FC,,2,0,Major depressive disorder (MDD)
39499594,c16_aperiodic_slope_offset_correlation_rest,Pearson correlation between aperiodic slope and aperiodic offset: resting state,correlation analysis within resting state condition,Pearson correlation analysis,,0,1,healthy volunteers
39499594,c17_aperiodic_slope_offset_correlation_LT,Pearson correlation between aperiodic slope and aperiodic offset: LT manipulation,correlation analysis within LT acupuncture condition,Pearson correlation analysis,,0,1,healthy volunteers
39499594,c18_aperiodic_slope_offset_correlation_TR,Pearson correlation between aperiodic slope and aperiodic offset: TR manipulation,correlation analysis within TR acupuncture condition,Pearson correlation analysis,,0,1,healthy volunteers
39543627,nc_MH_LOFC_rsFC_PSQI_correlation,Correlation between altered MH-LOFC rsFC and PSQI improvement in the RA group,correlation analysis (rsFC change vs. PSQI change),correlation analysis between significantly altered hypothalamus-based rsFCs ('post' minus 'pre') and corresponding PSQI changes in RA group,,0,1,Chronic insomnia disorder (CID)
39543627,nc_MH_LOFC_rsFC_GSRS_correlation,Correlation between altered MH-LOFC rsFC and GSRS improvement in the RA group,correlation analysis (rsFC change vs. GSRS change),correlation analysis between MH-LOFC rsFC change and GSRS change in RA group,,0,1,Chronic insomnia disorder (CID)
39877657,nc_019,Pearson correlation: RSC-right SCG FC with MMSE scores in AD group before acupuncture,Pearson correlation between rsFC and neuropsychological score,Pearson's correlation analysis,,0,1,Alzheimer's disease (AD)
39877657,nc_020,Pearson correlation: RSC-right SCG FC with MoCA scores in AD group before acupuncture,Pearson correlation between rsFC and neuropsychological score,Pearson's correlation analysis,,0,1,Alzheimer's disease (AD)
39877657,nc_021,Pearson correlation: RSC-left thalamus FC with AVLT scores in AD group before acupuncture,Pearson correlation between rsFC and neuropsychological score,Pearson's correlation analysis,,0,1,Alzheimer's disease (AD)
39877657,nc_022,Pearson correlation: RSC-left thalamus FC with AVLT_IR scores in AD group before acupuncture,Pearson correlation between rsFC and neuropsychological score,Pearson's correlation analysis,,0,1,Alzheimer's disease (AD)
39877657,nc_023,Pearson correlation: right RSC-left HPC FC with AVLT_recognition scores in AD group before acupuncture,Pearson correlation between rsFC and neuropsychological score,Pearson's correlation analysis,,0,1,Alzheimer's disease (AD)
40022556,con_CID_CBF_PSQI_corr,Correlation between regional CBF values and PSQI scores within CID group,within-group correlation: CBF vs PSQI,Correlation analysis (Pearson or Spearman based on data normality),,4,0,Chronic insomnia disorder (CID)
40022556,con_CID_CBF_HC_CBF_corr,Correlation between mean regional CBF in HCs and case-control CBF differences (t-values),spatial correlation: mean HC CBF vs case-control t-value,Pearson correlation with spin tests,,0,1,Chronic insomnia disorder (CID)
40022556,con_neurotransmitter_CID_LRM,Multi-linear regression model predicting CID-related CBF differences from 19 receptors/transporters distributions,neuroimaging-neurochemistry association: multi-LRM of neurotransmitter receptor density vs CID-related CBF t-statistic,"Multi-linear regression model (LRM); dominance analysis; validated against spin-permuted null model with 10,000 iterations",,0,0,Chronic insomnia disorder (CID)
40022556,con_acu_vs_CID_spatial_corr,Spatial correlation between acupuncture-induced CBF changes and CID-related CBF alterations,cross-dataset spatial correlation: acupuncture paired t-value vs CID case-control t-value,Pearson correlation with spin tests,,0,1,Chronic insomnia disorder (CID)
40022556,con_acu_vs_waitlist_spatial_corr,Spatial correlation between acupuncture-induced CBF changes and waitlist-induced CBF changes,cross-group spatial correlation: acupuncture paired t-value vs waitlist paired t-value,Pearson correlation with spin tests,,0,1,Chronic insomnia disorder (CID)
40022556,con_neurotransmitter_acu_LRM,Multi-linear regression model predicting acupuncture-induced CBF changes from 19 receptors/transporters distributions,neuroimaging-neurochemistry association: multi-LRM of neurotransmitter receptor density vs acupuncture-induced CBF paired t-value,Multi-linear regression model (LRM); dominance analysis; validated against spin-permuted null model,,0,0,Chronic insomnia disorder (CID)
40022556,con_acu_CBF_clinical_corr,"Correlation between acupuncture-induced regional CBF changes (ΔCBF) and improvements in clinical scores (ΔPSQI, ΔISI, ΔSAS, ΔSDS)",within-group correlation: ΔCBF vs clinical change scores,Pearson correlation analysis,,0,0,Chronic insomnia disorder (CID)
40329319,contrast_CP,Neuroimaging meta-analysis for Chronic Pain: cortical surface targets,Coordinate-based meta-analysis uniformity test (patients with Chronic Pain vs healthy controls or between treatment and control groups),MKDAChi2 coordinate-based meta-analysis via Neurosynth Compose / NiMARE; cortical surface template (within 2.5 cm of scalp) applied,,7,0,"Subjective Cognitive Decline (SCD), Mild Cognitive Impairment (MCI), Alzheimer's Disease (AD), Parkinson's Disease (PD), Multiple System Atrophy (MSA), Primary Progressive Aphasia (PPA), Post-Stroke Aphasia (PSA), Dyslexia, Chronic Pain, Disorders of Consciousness (DoC)"
40329319,WU2025_C9,Neuroimaging-based targets for cranial acupuncture in chronic pain,other,other,,7,0,"Subjective Cognitive Decline (SCD), Mild Cognitive Impairment (MCI), Alzheimer's Disease (AD), Parkinson's Disease (PD), Multiple System Atrophy (MSA), Primary Progressive Aphasia (PPA), Post-Stroke Aphasia (PSA), Dyslexia, Chronic Pain, Disorders of Consciousness (DoC)"
40584525,c012,Correlation analysis between FC values of seed points and neuropsychological scale scores in the true-acupoint group before acupuncture,Pearson correlation: FC values vs MMSE and MoCA scores (true-acupoint pre-acupuncture),Pearson correlation analysis (IBM SPSS V25.0),,0,29,amnestic mild cognitive impairment (aMCI)
40584525,c013,Correlation analysis between FC values of seed points and neuropsychological scale scores in the sham-acupoint group before acupuncture,Pearson correlation: FC values vs MMSE and MoCA scores (sham-acupoint pre-acupuncture),Pearson correlation analysis (IBM SPSS V25.0),,0,1,amnestic mild cognitive impairment (aMCI)
40584525,c014,Correlation analysis between FC values after acupuncture and neuropsychological scale scores in the true-acupoint group,Pearson correlation: FC values after acupuncture vs MMSE and MoCA scores (true-acupoint post-acupuncture),Pearson correlation analysis,,0,2,amnestic mild cognitive impairment (aMCI)
40584525,c015,Correlation analysis between FC values after acupuncture and neuropsychological scale scores in the sham-acupoint group,Pearson correlation: FC values after acupuncture vs MMSE and MoCA scores (sham-acupoint post-acupuncture),Pearson correlation analysis,,0,2,amnestic mild cognitive impairment (aMCI)
40634927,contrast_ALFF_corr_SG,Correlation between DLPFC ALFF change and NRS score change in SG,correlation between ALFF change and clinical outcome change within SG,Spearman correlation analysis; partial correlation controlling for gender and duration,,0,1,knee osteoarthritis (KOA)
40634927,contrast_ALFF_corr_AG,Correlation between DLPFC ALFF change and NRS score change in AG,correlation between ALFF change and clinical outcome change within AG,Spearman correlation analysis; partial correlation controlling for gender and duration,,0,1,knee osteoarthritis (KOA)
40634927,contrast_ALFF_corr_WG,Correlation between DLPFC ALFF change and NRS score change in WG,correlation between ALFF change and clinical outcome change within WG,Spearman correlation analysis; partial correlation controlling for gender and duration,,0,1,knee osteoarthritis (KOA)
40642213,con_HT7_specific_deactivation,Specific deactivation network for HT7 (after subtracting pain network and co-activation network overlap),subtraction: HT7 deactivation minus conjunction deactivation minus pain network overlap,"subtraction of co-activation network voxels and pain network voxels from HT7 activation network; pain network extracted from Neurosynth using Pain Uniformity Test map, FDR q < 0.01",,8,0,healthy volunteers
40642213,con_ST36_specific_deactivation,Specific deactivation network for ST36 (after subtracting pain network and co-activation network overlap),subtraction: ST36 deactivation minus conjunction deactivation minus pain network overlap,subtraction of co-activation network voxels and pain network voxels from ST36 activation network; no overlap found between ST36 deactivation and pain-related brain areas,,6,0,healthy volunteers
40642213,con_KI4_specific_deactivation,Specific deactivation network for KI4 (after subtracting pain network and co-activation network overlap),subtraction: KI4 deactivation minus conjunction deactivation minus pain network overlap,subtraction of co-activation network voxels and pain network voxels from KI4 activation network; no overlap found between KI4 deactivation and pain-related brain areas,,2,0,healthy volunteers
40772121,contrast_corr_acu_acc_l_womac_stiff,Correlation between left anterior cingulate gyrus FC change and WOMAC Stiffness score improvement in acupuncture group,Pearson correlation between ROI signal difference (post-pre) and clinical scale difference,Pearson's correlation analysis using SPSS 26.0; ROI signal extracted using Extract ROI Signals function in RESTplus software,,0,1,Knee osteoarthritis (KOA)
40772121,contrast_corr_acu_put_r_womac_pain,Correlation between right lenticular nucleus putamen FC change and WOMAC pain score improvement in acupuncture group,Pearson correlation between ROI signal difference (post-pre) and clinical scale difference,Pearson's correlation analysis using SPSS 26.0; ROI signal extracted using Extract ROI Signals function in RESTplus software,,0,1,Knee osteoarthritis (KOA)
40772121,contrast_corr_acu_amyg_r_koos,Correlation between right amygdala FC change and KOOS score in acupuncture group,Pearson correlation between ROI signal difference (post-pre) and clinical scale difference,Pearson's correlation analysis using SPSS 26.0; ROI signal extracted using Extract ROI Signals function in RESTplus software,,0,1,Knee osteoarthritis (KOA)
40772121,contrast_corr_acu_amyg_r_koos_pain,Correlation between right amygdala FC change and KOOS pain dimension score in acupuncture group,Pearson correlation between ROI signal difference (post-pre) and clinical scale difference,Pearson's correlation analysis using SPSS 26.0; ROI signal extracted using Extract ROI Signals function in RESTplus software,,0,1,Knee osteoarthritis (KOA)
40772121,contrast_corr_acu_tp_r_koos_symptom,Correlation between right temporal pole FC change and KOOS symptom dimension score in acupuncture group,Pearson correlation between ROI signal difference (post-pre) and clinical scale difference,Pearson's correlation analysis using SPSS 26.0; ROI signal extracted using Extract ROI Signals function in RESTplus software,,0,1,Knee osteoarthritis (KOA)
40772121,contrast_corr_acu_acc_r_womac,Correlation between right anterior cingulate gyrus FC change and WOMAC score in acupuncture group,Pearson correlation between ROI signal difference (post-pre) and clinical scale difference,Pearson's correlation analysis using SPSS 26.0; ROI signal extracted using Extract ROI Signals function in RESTplus software,,0,1,Knee osteoarthritis (KOA)
40772121,contrast_corr_acu_hip_r_koos_pain,Correlation between right hippocampus FC change and KOOS pain dimension score in acupuncture group,Pearson correlation between ROI signal difference (post-pre) and clinical scale difference,Pearson's correlation analysis using SPSS 26.0; ROI signal extracted using Extract ROI Signals function in RESTplus software,,0,1,Knee osteoarthritis (KOA)
40772121,contrast_corr_acu_phg_r_koos_func,Correlation between right parahippocampal gyrus FC change and KOOS functional score in acupuncture group,Pearson correlation between ROI signal difference (post-pre) and clinical scale difference,Pearson's correlation analysis using SPSS 26.0; ROI signal extracted using Extract ROI Signals function in RESTplus software,,0,1,Knee osteoarthritis (KOA)
40772121,contrast_corr_placebo_put_r_koos,Correlation between right lenticular nucleus putamen FC change and KOOS score in placebo acupuncture group,Pearson correlation between ROI signal difference (post-pre) and clinical scale difference,Pearson's correlation analysis using SPSS 26.0; ROI signal extracted using Extract ROI Signals function in RESTplus software,,0,1,Knee osteoarthritis (KOA)
40772121,contrast_corr_placebo_pal_r_womac_pain,Correlation between right lenticular nucleus pallidum FC change and WOMAC pain score in placebo acupuncture group,Pearson correlation between ROI signal difference (post-pre) and clinical scale difference,Pearson's correlation analysis using SPSS 26.0; ROI signal extracted using Extract ROI Signals function in RESTplus software,,0,1,Knee osteoarthritis (KOA)
40800108,con_DC_VCI_DMN_decreases,decreased DC in default mode network regions like the angular gyrus and precuneus associated with cognitive decline in vascular cognitive impairment,VCI: DC decrease in DMN regions correlated with cognitive decline,Degree Centrality (DC) analysis,,2,0,"Vascular cognitive impairment (VCI), including mild cognitive impairment (MCI), vascular dementia, and related cerebrovascular cognitive disorders"
40847552,contrast_svm_prediction,SVM model predicting acupuncture responders vs non-responders using pre-treatment functional connectivity,classification: acupuncture responders vs non-responders,Support Vector Machine (SVM) with linear kernel; F-score feature selection; leave-one-out cross-validation (LOOCV) with grid search for hyperparameter tuning; permutation testing with 1000 iterations,,0,0,Neck pain (NP)
40847552,contrast_predictive_features_weights,Predictive consistency features and their weights from SVM model,feature importance/weights from SVM classification,Predictive features identified through multiple rounds of leave-one-out cross-validation as consistent features; weight calculated as importance in differentiating classes,,0,5,Neck pain (NP)
40847552,contrast_fc_vas_corr_responders_uncorrected,Correlation analysis between predictive features and VAS scores before and after treatment in acupuncture responders (uncorrected),correlation between FC values and VAS scores (responders),correlation analysis between functional connectivity values and VAS scores before and after treatment,,0,4,Neck pain (NP)
40847552,contrast_fc_vas_corr_nonresponders_uncorrected,Correlation analysis between predictive features and VAS scores before and after treatment in acupuncture non-responders (uncorrected),correlation between FC values and VAS scores (non-responders),correlation analysis between functional connectivity values and VAS scores before and after treatment,,0,2,Neck pain (NP)
40847552,contrast_fc_vas_corr_fdr,Correlation analysis between predictive features and VAS scores before and after treatment in acupuncture responders (FDR corrected),"correlation between FC values and VAS scores (responders, FDR corrected)","correlation analysis between functional connectivity values and VAS scores, with Benjamini-Hochberg FDR correction",,0,3,Neck pain (NP)
40881782,nc_corr_SMA_FMA,Correlation between baseline FCD in SMA_R and FMA scores,Correlation (FCD ~ FMA),Correlation analysis,,0,1,Bilateral basal ganglia ischemic stroke (BBGIS)
40881782,nc_corr_C8_FMA,Correlation between baseline FCD in C8_R and FMA scores,Correlation (FCD ~ FMA),Correlation analysis,,0,1,Bilateral basal ganglia ischemic stroke (BBGIS)
40963943,con_TTH_pain_ALFF_decrease,ALFF changes in TTH patients with acute pain sensation during instant acupuncture (decrease),within-subgroup paired comparison: acupuncture state vs. resting state in TTH patients with predominant acute pain,paired t-test,,2,0,Tension-type headache (TTH)
40963943,con_TTH_pain_ReHo_decrease,ReHo changes in TTH patients with acute pain sensation during instant acupuncture (decrease),within-subgroup paired comparison: acupuncture state vs. resting state in TTH patients with predominant acute pain,paired t-test,,3,0,Tension-type headache (TTH)
40963943,con_HC_pain_ALFF_decrease,ALFF changes in HCs with acute pain sensation during instant acupuncture (decrease),within-subgroup paired comparison: acupuncture state vs. resting state in HCs with predominant acute pain,paired t-test,,1,0,Tension-type headache (TTH)
40963943,con_HC_pain_ReHo_mixed,ReHo changes in HCs with acute pain sensation during instant acupuncture,within-subgroup paired comparison: acupuncture state vs. resting state in HCs with predominant acute pain,paired t-test,,4,0,Tension-type headache (TTH)
40974865,NR_07,Correlation: increased FC (RT–RA) and HFCS reduction in positive-responders at post-treatment,correlation between FC change and clinical outcome change in positive-responder subgroup,Spearman correlation (FDR-corrected),,0,1,Breast cancer with hot flashes (vasomotor symptoms)
40974865,NR_08,Correlation: increased FC (RT–RA) predicts stable improvement in HFCS at 4–6 months follow-up in positive-responders,correlation between FC change and clinical outcome change at follow-up in positive-responder subgroup,Spearman correlation (FDR-corrected),,0,1,Breast cancer with hot flashes (vasomotor symptoms)
41310834,nc_between_group_spatial_corr,Spatial correlation of GBC changes: acupuncture group vs waitlist group,between-group spatial correlation of GBC change maps (paired t-value maps),Spatial correlation between GBC change t-value maps of acupuncture group and waitlist group; spatial permutation test (spin test),,0,1,Chronic insomnia disorder (CID)
41310834,nc_plsr_acup,PLS1 correlation with acupuncture-induced GBC changes,partial least squares regression (PLS-R); PLS1 component correlation with acupuncture-induced GBC change t-values,"Partial least squares regression (PLS-R) between AHBA gene expression (41-region × 12,506 gene matrix, left hemisphere) and acupuncture-induced GBC changes; PLS1 first component; bootstrapping for gene Z-scores; spatial permutation test (spin test) for significance",,0,1,Chronic insomnia disorder (CID)
41310834,nc_gbc_transcriptomics_il6,Acupuncture-induced GBC-transcriptomics pattern correlation with change in peripheral IL-6,partial Spearman correlation between individual GBC-PLS1 alignment score and change in peripheral IL-6,Spearman correlation between each patient's GBC change map aligned to PLS1 score map and change in peripheral IL-6; partial Spearman correlation controlling for sex and age,,0,1,Chronic insomnia disorder (CID)
41310834,nc_gbc_transcriptomics_isi,Acupuncture-induced GBC-transcriptomics pattern correlation with change in ISI score,partial Spearman correlation between individual GBC-PLS1 alignment score and change in ISI,partial Spearman correlation between each patient's GBC-PLS1 alignment score and change in ISI; controlling for sex and age,,0,1,Chronic insomnia disorder (CID)
41310834,nc_gbc_transcriptomics_psqi,Acupuncture-induced GBC-transcriptomics pattern correlation with change in PSQI score,partial Spearman correlation between individual GBC-PLS1 alignment score and change in PSQI,partial Spearman correlation controlling for sex and age,,0,1,Chronic insomnia disorder (CID)
41310834,nc_gbc_transcriptomics_sas,Acupuncture-induced GBC-transcriptomics pattern correlation with change in SAS score,partial Spearman correlation between individual GBC-PLS1 alignment score and change in SAS,partial Spearman correlation controlling for sex and age,,0,1,Chronic insomnia disorder (CID)
41310834,nc_gbc_transcriptomics_tnfa,Acupuncture-induced GBC-transcriptomics pattern correlation with change in TNF-α,partial Spearman correlation between individual GBC-PLS1 alignment score and change in TNF-α,partial Spearman correlation controlling for sex and age,,0,1,Chronic insomnia disorder (CID)
41310834,nc_gbc_transcriptomics_il1b,Acupuncture-induced GBC-transcriptomics pattern correlation with change in IL-1β,partial Spearman correlation between individual GBC-PLS1 alignment score and change in IL-1β,partial Spearman correlation controlling for sex and age,,0,1,Chronic insomnia disorder (CID)
41310834,nc_gbc_transcriptomics_crp,Acupuncture-induced GBC-transcriptomics pattern correlation with change in CRP,partial Spearman correlation between individual GBC-PLS1 alignment score and change in CRP,partial Spearman correlation controlling for sex and age,,0,1,Chronic insomnia disorder (CID)
41351443,CORR_FC_AVLT_AG,correlation between change in functional connectivity (middle insular to left PCC) and AVLT improvement in acupuncture group,correlation between change in FC and change in clinical outcome within AG,Spearman correlation analysis,,0,1,Subjective cognitive decline (SCD)
41351443,CORR_FC_AVLT_SG,correlation between change in functional connectivity (middle insular to left PCC) and AVLT improvement in sham acupuncture group,correlation between change in FC and change in clinical outcome within SG,Pearson correlation analysis,,0,1,Subjective cognitive decline (SCD)
41520025,contrast_activation_groupdiff,"EA vs ML: group differences in association between changes in brain activation (pain ramp > rest, post minus pre) and changes in widespread pain","group-level difference in correlation between delta brain activation (post-pre) and delta widespread pain; flexible factorial design with Group (EA vs ML) as factor, age as covariate of no interest, changes in widespread pain as covariate of interest",flexible factorial design in SPM12; second-level GLM; subject-level difference maps (post minus pre contrast images) entered into group-level analysis,,4,0,Fibromyalgia (FM)
41520025,contrast_activation_EA_corr_PPTol,EA group: correlation between activation change scores and PPTol changes,within-group Spearman correlation between delta activation and delta PPTol in EA group,Spearman correlation,,0,3,Fibromyalgia (FM)
41520025,contrast_gPPI_groupdiff,EA vs ML: group differences in association between changes in gPPI functional connectivity during pain ramp > rest and changes in widespread pain,"group-level difference in correlation between delta FC (post-pre, pain ramp > rest) and delta widespread pain; GLM in CONN with Group as factor",generalized psychophysiological interaction (gPPI) analysis in CONN toolbox (v.20.b); second-level GLM framework; primary contrast: (pain ramp > rest) post-treatment minus (pain ramp > rest) pre-treatment,,0,5,Fibromyalgia (FM)
41520025,contrast_mediation_EA_simple,EA group: simple mediation model - brain activations mediate effect of increased PPTol on reduced widespread pain (Model 4),"mediation analysis (PROCESS macro Model 4); IV = delta PPTol; DV = delta widespread pain; mediators = activation in L S1, R S1, L pMCC, L precuneus",SPSS PROCESS macro Model 4; bias-corrected bootstrapping with 5000 bootstrap samples; 95% confidence intervals; controlled for age,,0,4,Fibromyalgia (FM)
41520025,contrast_mediation_EA_serial,EA group: serial mediation model - ΔPPTol → ΔL S1 activation (M1) → ΔL S1-R aIC connectivity (M2) → Δwidespread pain (Model 6),serial mediation analysis (PROCESS macro Model 6); IV = delta PPTol; DV = delta widespread pain; M1 = delta L S1 activation; M2 = delta L S1-R aIC gPPI FC,SPSS PROCESS macro Model 6; bias-corrected bootstrapping with 5000 bootstrap samples; 95% CI; controlled for age; activation modeled before connectivity,,0,1,Fibromyalgia (FM)
41520025,contrast_mediation_ML_serial,ML group: serial mediation model - ΔL precuneus activation (M1) → ΔR aIC-L precuneus FC (M2) → Δwidespread pain,serial mediation analysis; IV = delta L precuneus activation; DV = delta widespread pain; M2 = delta R aIC-L precuneus FC,SPSS PROCESS macro; bias-corrected bootstrapping with 5000 bootstrap samples; controlled for age,,0,1,Fibromyalgia (FM)
41520025,contrast_mediation_LS1_FC_supp,EA group: FC between left S1 and R aIC mediates relationship between S1 activation and reductions in widespread pain (supplemental mediation),mediation analysis: S1 activation → L S1-R aIC FC → delta widespread pain,SPSS PROCESS macro; bias-corrected bootstrapping; controlled for age; details in Supplemental Table 5,,0,1,Fibromyalgia (FM)
41591775,cpm_vas_neg,CPM negative network predicting VAS score reduction,predictive model — negative functional connectivity predicting VAS score change,Connectome-based predictive modeling (CPM) with leave-one-out cross-validation; feature selection P < .01; 5000 permutation test,,0,1,Migraine without aura (MWOA)
41591775,cpm_hit6_pos,CPM positive network predicting HIT-6 score improvement,predictive model — positive functional connectivity predicting HIT-6 score change,Connectome-based predictive modeling (CPM) with leave-one-out cross-validation; feature selection P < .01; 5000 permutation test,,0,1,Migraine without aura (MWOA)
41591775,cpm_mmd_null,CPM for MMDs — no significant predictive performance,predictive model — null result for MMD prediction,Connectome-based predictive modeling (CPM),,0,0,Migraine without aura (MWOA)
41591775,cpm_mhd_null,CPM for MHDs — no significant predictive performance,predictive model — null result for MHD prediction,Connectome-based predictive modeling (CPM),,0,0,Migraine without aura (MWOA)
41591775,cpm_meduse_null,CPM for acute medication use days — no significant predictive performance,predictive model — null result,Connectome-based predictive modeling (CPM),,0,0,Migraine without aura (MWOA)
41591775,cpm_msq_null,CPM for MSQ scores — no significant predictive performance,predictive model — null result for MSQ domains,Connectome-based predictive modeling (CPM),,0,0,Migraine without aura (MWOA)
41601526,con_ST36_neuro,Spatial correlation between ST36 activation network and neurotransmitter/metabolism distribution,Cross-modal spatial correlation (Fisher's z-transformed Spearman correlation) between FCNM map and neurotransmitter density maps,"JuSpace toolbox (version 2.0, computing option 3); Neuromorphometrics Atlas comprising 119 regions; Fisher's z-transformed Spearman correlation coefficients between FCNM map and spatial distributions of receptor/transporter maps; gray matter probability map incorporated as covariate; statistical significance via one-sample t-tests against zero with exact P-values from 10,000 permutations; FDR correction at P < 0.05",,0,16,Healthy participants; implications discussed for migraine and stroke
41601526,con_GB34_neuro,Spatial correlation between GB34 activation network and neurotransmitter/metabolism distribution,Cross-modal spatial correlation (Fisher's z-transformed Spearman correlation) between FCNM map and neurotransmitter density maps,"JuSpace toolbox (version 2.0, computing option 3); Neuromorphometrics Atlas comprising 119 regions; Fisher's z-transformed Spearman correlation coefficients between FCNM map and spatial distributions of receptor/transporter maps; gray matter probability map incorporated as covariate; statistical significance via one-sample t-tests against zero with exact P-values from 10,000 permutations; FDR correction at P < 0.05",,0,16,Healthy participants; implications discussed for migraine and stroke
41602988,contrast_corr_FC_HB_DCP_C_precentral,Correlation: FC between DCP (contralateral) and the precentral gyrus vs HB scores,Spearman correlation between functional connectivity and clinical severity (HB score),Spearman's rank correlation between FC values extracted from significant brain regions and HB scores; SPSS Version 26 and MATLAB R2017,,0,1,Bell's palsy (acute unilateral facial paralysis caused by inflammation of the facial nerve)
41602988,contrast_corr_FC_HB_DCP_I_postcentral_C,Correlation: FC between DCP (ipsilateral) and the postcentral gyrus (contralateral) vs HB scores,Spearman correlation between functional connectivity and clinical severity (HB score),Spearman's rank correlation between FC values extracted from significant brain regions and HB scores; SPSS Version 26 and MATLAB R2017,,0,1,Bell's palsy (acute unilateral facial paralysis caused by inflammation of the facial nerve)
41602988,contrast_corr_FC_HB_DCP_I_precentral_I,Correlation: FC between DCP (ipsilateral) and the precentral gyrus (ipsilateral) vs HB scores,Spearman correlation between functional connectivity and clinical severity (HB score),Spearman's rank correlation between FC values extracted from significant brain regions and HB scores; SPSS Version 26 and MATLAB R2017,,0,1,Bell's palsy (acute unilateral facial paralysis caused by inflammation of the facial nerve)
41602988,contrast_corr_FC_HB_DRP_I_fusiform,Correlation: FC between DRP (ipsilateral) and the fusiform gyrus (ipsilateral) vs HB scores,Spearman correlation between functional connectivity and clinical severity (HB score),Spearman's rank correlation between FC values extracted from significant brain regions and HB scores; SPSS Version 26 and MATLAB R2017,,0,1,Bell's palsy (acute unilateral facial paralysis caused by inflammation of the facial nerve)
41602988,contrast_corr_FC_HB_DRP_I_postcentral_C,Correlation: FC between DRP (ipsilateral) and the postcentral gyrus (contralateral) vs HB scores,Spearman correlation between functional connectivity and clinical severity (HB score),Spearman's rank correlation between FC values extracted from significant brain regions and HB scores; SPSS Version 26 and MATLAB R2017,,0,1,Bell's palsy (acute unilateral facial paralysis caused by inflammation of the facial nerve)
41602988,contrast_corr_FC_HB_DRP_I_postcentral_I,Correlation: FC between DRP (ipsilateral) and the postcentral gyrus (ipsilateral) vs HB scores,Spearman correlation between functional connectivity and clinical severity (HB score),Spearman's rank correlation between FC values extracted from significant brain regions and HB scores; SPSS Version 26 and MATLAB R2017,,0,1,Bell's palsy (acute unilateral facial paralysis caused by inflammation of the facial nerve)
41602988,contrast_corr_FC_HB_DRP_I_SMA_C,Correlation: FC between DRP (ipsilateral) and the SMA (contralateral) vs HB scores,Spearman correlation between functional connectivity and clinical severity (HB score),Spearman's rank correlation between FC values extracted from significant brain regions and HB scores; SPSS Version 26 and MATLAB R2017,,0,1,Bell's palsy (acute unilateral facial paralysis caused by inflammation of the facial nerve)
41602988,contrast_corr_FC_HB_DC_C_cerebellum_neg,Correlation: FC between DC (contralateral) and cerebellum_Crus I (ipsilateral) vs HB scores (negative correlation),Spearman correlation between functional connectivity and clinical severity (HB score),Spearman's rank correlation between FC values extracted from significant brain regions and HB scores; SPSS Version 26 and MATLAB R2017,,0,1,Bell's palsy (acute unilateral facial paralysis caused by inflammation of the facial nerve)
41602988,contrast_corr_FC_HB_DC_I_cerebellum_ns,Correlation: FC between DC (ipsilateral) and cerebellum_Crus1_I (ipsilateral) vs HB scores (not significant),Spearman correlation between functional connectivity and clinical severity (HB score),Spearman's rank correlation between FC values extracted from significant brain regions and HB scores; SPSS Version 26 and MATLAB R2017,,0,1,Bell's palsy (acute unilateral facial paralysis caused by inflammation of the facial nerve)
41641330,contrast_vmhc_mnss_ic,Relationships between VMHC of IC and modified neurological severity score,Partial correlation between z-VMHC change in internal capsule and Mnss change (EA and Model groups combined),Partial correlation analysis between change in z-VMHC values and change in Mnss in EA and model group,,0,1,"Ischemic stroke (transient focal cerebral ischemia via middle cerebral artery occlusion/reperfusion, MCAO/R model)"
41641330,contrast_vmhc_mnss_gp,Relationships between VMHC of globus pallidus and modified neurological severity score,Partial correlation between z-VMHC change in globus pallidus and Mnss change (EA and Model groups combined),Partial correlation analysis between change in z-VMHC values and change in Mnss in EA and model group,,0,1,"Ischemic stroke (transient focal cerebral ischemia via middle cerebral artery occlusion/reperfusion, MCAO/R model)"
41834818,contrast_corr_precg_fma,Changes in right precentral gyrus (PreCG) ReHo positively correlated with improvement in FMA scores,correlation: change in ReHo (right PreCG) vs change in FMA score,Pearson correlation analysis,,0,1,poststroke motor dysfunction
41834818,contrast_corr_cerebellum_mbi,Changes in ReHo in the left cerebellum were positively correlated with improved MBI scores,correlation: change in ReHo (left cerebellum) vs change in MBI score,Pearson correlation analysis,,0,1,poststroke motor dysfunction
41834818,contrast_corr_cerebellum_nihss,Changes in ReHo in the left cerebellum were negatively correlated with improved NIHSS scores,correlation: change in ReHo (left cerebellum) vs change in NIHSS score,Pearson correlation analysis,,0,1,poststroke motor dysfunction
41999225,NEURAL_VBM_AA_gt_AGGG,AA > AG/GG (GABRB3 rs4906902 genotype comparison in acupuncture group),Baseline gray matter VBM comparison between AG/GG and AA GABRB3 rs4906902 genotype in KOA knee pain patients in acupuncture group,Voxel-based morphometry (VBM) implemented in SPM12,,2,0,Knee Osteoarthritis (KOA) with chronic knee pain
41999225,NEURAL_VBM_AGGG_gt_AA,AA < AG/GG (GABRB3 rs4906902 genotype comparison in acupuncture group),Baseline gray matter VBM comparison between AG/GG and AA GABRB3 rs4906902 genotype in KOA knee pain patients in acupuncture group — reverse direction,Voxel-based morphometry (VBM) implemented in SPM12,,0,0,Knee Osteoarthritis (KOA) with chronic knee pain
41999225,NEURAL_PLS1_transcriptomics,PLS1 spatial association between whole-brain gene expression patterns and VBM differences based on GABRB3 rs4906902 genotyping (AG/GG vs. AA),Transcriptome-neuroimaging partial least squares (PLS) regression; spatial correlation between gene expression and VBM t-statistic map,"Partial least squares (PLS) regression; AHBA gene expression data preprocessed using Abagen toolbox; Brainnetome Atlas (BN-246); 10,000 permutation tests; bootstrap for gene contribution variability; Z-score calculated as ratio of gene weights to bootstrap standard errors",,0,11,Knee Osteoarthritis (KOA) with chronic knee pain
42077350,contrast_global_cbffcs_coupling_prepost,Subject-level CBF/FCS coupling change pre vs. post IA (whole gray matter),Within-subject pre-post comparison at subject level (spatial correlation across voxels),Spatial correlation (r) between CBF and FCS across all gray matter voxels; subject-level CBF/FCS coupling coefficient compared pre vs. post IA,,0,2,Major depressive disorder (MDD)
42131703,C05,PLS regression: FC t-statistic map (VA group pre-post) correlated with gene expression (PLS2 component),transcriptome-neuroimaging correlation (PLS regression),"Partial Least Squares (PLS) regression; spatial autocorrelation permutation test with 10,000 iterations; bootstrapping to estimate variability of PLS2 for each gene; Z-score for each gene as ratio of weight to bootstrap standard error",,0,3,mechanical neck pain
