pmid,arm_id,arm_type,outcome_measure,outcome_domain,scale_name,timepoint_raw,timepoint_class,reporting_format,value_exact,parse_method,parsed_format,mean,sd,se,median,iqr_low,iqr_high,ci_low,ci_high,count,pct,pre_mean,pre_sd,post_mean,post_sd,n_analyzed,higher_is_better,scale_min,scale_max,instrument_matched,disease_condition,healthy_volunteers,within_group_change,between_group_difference,effect_size_reported,p_value
16407533,not_applicable,,subjective pain rating reduction (pre minus post) on placebo side vs control side across two pain levels,pain,"Sensory Box 0–20 scale (Gracely et al., 1978a,b, 1979)",post-treatment minus pretreatment; session 3,post,narrative,subjective pain rating reduction (pre minus post) on the placebo side was significantly greater than on the control side,unparseable,,,,,,,,,,,,,,,,16.0,,,,False,healthy volunteers; experimentally induced thermal pain,True,not_reported,placebo side greater than control side; p < 0.0001,not_reported,p < 0.0001
16407533,not_applicable,,pretreatment rating: high pain rating vs low pain rating on both sides,pain,Sensory Box 0–20 scale,before treatment; session 3,baseline,narrative,high pain rating is significantly greater than the low pain rating,unparseable,,,,,,,,,,,,,,,,16.0,,,,False,healthy volunteers; experimentally induced thermal pain,True,not_reported,no significant difference between the two sides; no interaction with pain level,not_reported,p < 0.0001
16407533,not_applicable,,expectation of pain relief from acupuncture; before expectancy manipulation; session 2,other,expectation scale (0–20; 0 = very negative expectation; 20 = very positive expectation),before placebo acupuncture treatment; session 2,other,mean ± SD,12.6 ± 3.3,regex,mean_sd,12.6,3.3,,,,,,,,,,,,,16.0,,,,False,healthy volunteers; experimentally induced thermal pain,True,increased from 12.6 ± 3.3 to 18.4 ± 1.5,not_applicable,not_reported,p = 0.000
16407533,not_applicable,,expectation of pain relief from acupuncture; after expectancy manipulation; session 2,other,expectation scale (0–20),after expectancy manipulation procedure; session 2,post,mean ± SD,18.4 ± 1.5,regex,mean_sd,18.4,1.5,,,,,,,,,,,,,16.0,,,,False,healthy volunteers; experimentally induced thermal pain,True,increased from 12.6 ± 3.3 to 18.4 ± 1.5,not_applicable,not_reported,p = 0.000
16407533,not_applicable,,expectation of pain relief from acupuncture; before expectancy manipulation; session 3,other,expectation scale (0–20),before expectancy manipulation; session 3,other,mean ± SD,17.3 ± 2.4,regex,mean_sd,17.3,2.4,,,,,,,,,,,,,16.0,,,,False,healthy volunteers; experimentally induced thermal pain,True,slight but significant decrease from session 2 before manipulation,not_applicable,not_reported,p < 0.002
16407533,not_applicable,,expectation of pain relief from acupuncture; after expectancy manipulation; session 3,other,expectation scale (0–20),after expectancy manipulation; session 3,post,mean ± SD,18.1 ± 1.5,regex,mean_sd,18.1,1.5,,,,,,,,,,,,,16.0,,,,False,healthy volunteers; experimentally induced thermal pain,True,no difference after manipulation (compared to session 2),not_applicable,not_reported,not_reported
16407533,not_applicable,,post-treatment pain rating on placebo vs control side; high pain only,pain,Sensory Box 0–20 scale,post-treatment; session 3,post,narrative,significant decrease in pain rating (p < 0.005) on the placebo side compared with the control side for high pain but not low pain,unparseable,,,,,,,,,,,,,,,,16.0,,,,False,healthy volunteers; experimentally induced thermal pain,True,not_reported,significant decrease on placebo side vs control for high pain (p < 0.005); not significant for low pain,not_reported,p < 0.005 for high pain
9482939,arm_visual,active_control,Average change of the correlated signal intensity during visual stimulation,physiological,BOLD signal intensity change (%),during stimulation,during,mean ± SD,9.9 ± 1.7: +(Yin) (n = 4); 8.0 ± 2.1: -(Yang) (n = 8),regex,mean_sd,9.9,1.7,,,,,,,,,,,,,12.0,,,,False,Healthy volunteers; no disease condition,True,not_reported,not_reported,not_reported,not_reported
9482939,arm_acupoint,verum_acupuncture,Average change of the correlated signal intensity during acupuncture stimulation at VA1,physiological,BOLD signal intensity change (%),during stimulation,during,mean ± SD,9.2 ± 3.7: +(Yin) (n = 4); -7.6 ± 1.6: -(Yang) (n = 8),regex,mean_sd,9.2,3.7,,,,,,,,,,,,,12.0,,,,False,Healthy volunteers; no disease condition,True,not_reported,not_reported,not_reported,not_reported
9482939,arm_visual,active_control,"Signal change by visual stimulation – Volunteer #1 (female, 21)",physiological,BOLD signal intensity change (%),during stimulation,during,other,8.6,unparseable,,,,,,,,,,,,,,,,1.0,,,,False,Healthy volunteers; no disease condition,True,not_reported,not_reported,not_reported,not_reported
9482939,arm_acupoint,verum_acupuncture,"Signal change by acupuncture stimulation – Volunteer #1 (female, 21)",physiological,BOLD signal intensity change (%),during stimulation,during,other,-9.4,unparseable,,,,,,,,,,,,,,,,1.0,,,,False,Healthy volunteers; no disease condition,True,not_reported,not_reported,not_reported,not_reported
9482939,arm_visual,active_control,"Signal change by visual stimulation – Volunteer #2 (male, 30)",physiological,BOLD signal intensity change (%),during stimulation,during,other,12.3,unparseable,,,,,,,,,,,,,,,,1.0,,,,False,Healthy volunteers; no disease condition,True,not_reported,not_reported,not_reported,not_reported
9482939,arm_acupoint,verum_acupuncture,"Signal change by acupuncture stimulation – Volunteer #2 (male, 30)",physiological,BOLD signal intensity change (%),during stimulation,during,other,+14.5,unparseable,,,,,,,,,,,,,,,,1.0,,,,False,Healthy volunteers; no disease condition,True,not_reported,not_reported,not_reported,not_reported
9482939,arm_visual,active_control,"Signal change by visual stimulation – Volunteer #3 (male, 29)",physiological,BOLD signal intensity change (%),during stimulation,during,other,9.8,unparseable,,,,,,,,,,,,,,,,1.0,,,,False,Healthy volunteers; no disease condition,True,not_reported,not_reported,not_reported,not_reported
9482939,arm_acupoint,verum_acupuncture,"Signal change by acupuncture stimulation – Volunteer #3 (male, 29)",physiological,BOLD signal intensity change (%),during stimulation,during,other,-8.8,unparseable,,,,,,,,,,,,,,,,1.0,,,,False,Healthy volunteers; no disease condition,True,not_reported,not_reported,not_reported,not_reported
9482939,arm_visual,active_control,"Signal change by visual stimulation – Volunteer #4 (male, 25)",physiological,BOLD signal intensity change (%),during stimulation,during,other,9.8,unparseable,,,,,,,,,,,,,,,,1.0,,,,False,Healthy volunteers; no disease condition,True,not_reported,not_reported,not_reported,not_reported
9482939,arm_acupoint,verum_acupuncture,"Signal change by acupuncture stimulation – Volunteer #4 (male, 25)",physiological,BOLD signal intensity change (%),during stimulation,during,other,+6.0,unparseable,,,,,,,,,,,,,,,,1.0,,,,False,Healthy volunteers; no disease condition,True,not_reported,not_reported,not_reported,not_reported
9482939,arm_visual,active_control,"Signal change by visual stimulation – Volunteer #5 (female, 27)",physiological,BOLD signal intensity change (%),during stimulation,during,other,6.5,unparseable,,,,,,,,,,,,,,,,1.0,,,,False,Healthy volunteers; no disease condition,True,not_reported,not_reported,not_reported,not_reported
9482939,arm_acupoint,verum_acupuncture,"Signal change by acupuncture stimulation – Volunteer #5 (female, 27)",physiological,BOLD signal intensity change (%),during stimulation,during,other,-4.7,unparseable,,,,,,,,,,,,,,,,1.0,,,,False,Healthy volunteers; no disease condition,True,not_reported,not_reported,not_reported,not_reported
9482939,arm_visual,active_control,"Signal change by visual stimulation – Volunteer #6 (male, 26)",physiological,BOLD signal intensity change (%),during stimulation,during,other,8.5,unparseable,,,,,,,,,,,,,,,,1.0,,,,False,Healthy volunteers; no disease condition,True,not_reported,not_reported,not_reported,not_reported
9482939,arm_acupoint,verum_acupuncture,"Signal change by acupuncture stimulation – Volunteer #6 (male, 26)",physiological,BOLD signal intensity change (%),during stimulation,during,other,+8.2,unparseable,,,,,,,,,,,,,,,,1.0,,,,False,Healthy volunteers; no disease condition,True,not_reported,not_reported,not_reported,not_reported
9482939,arm_visual,active_control,"Signal change by visual stimulation – Volunteer #7 (male, 23)",physiological,BOLD signal intensity change (%),during stimulation,during,other,4.7,unparseable,,,,,,,,,,,,,,,,1.0,,,,False,Healthy volunteers; no disease condition,True,not_reported,not_reported,not_reported,not_reported
9482939,arm_acupoint,verum_acupuncture,"Signal change by acupuncture stimulation – Volunteer #7 (male, 23)",physiological,BOLD signal intensity change (%),during stimulation,during,other,-7.1,unparseable,,,,,,,,,,,,,,,,1.0,,,,False,Healthy volunteers; no disease condition,True,not_reported,not_reported,not_reported,not_reported
9482939,arm_visual,active_control,"Signal change by visual stimulation – Volunteer #8 (female, 24)",physiological,BOLD signal intensity change (%),during stimulation,during,other,8.2,unparseable,,,,,,,,,,,,,,,,1.0,,,,False,Healthy volunteers; no disease condition,True,not_reported,not_reported,not_reported,not_reported
9482939,arm_acupoint,verum_acupuncture,"Signal change by acupuncture stimulation – Volunteer #8 (female, 24)",physiological,BOLD signal intensity change (%),during stimulation,during,other,-7.3,unparseable,,,,,,,,,,,,,,,,1.0,,,,False,Healthy volunteers; no disease condition,True,not_reported,not_reported,not_reported,not_reported
9482939,arm_visual,active_control,"Signal change by visual stimulation – Volunteer #9 (male, 26)",physiological,BOLD signal intensity change (%),during stimulation,during,other,11.7,unparseable,,,,,,,,,,,,,,,,1.0,,,,False,Healthy volunteers; no disease condition,True,not_reported,not_reported,not_reported,not_reported
9482939,arm_acupoint,verum_acupuncture,"Signal change by acupuncture stimulation – Volunteer #9 (male, 26)",physiological,BOLD signal intensity change (%),during stimulation,during,other,-9.5,unparseable,,,,,,,,,,,,,,,,1.0,,,,False,Healthy volunteers; no disease condition,True,not_reported,not_reported,not_reported,not_reported
9482939,arm_visual,active_control,"Signal change by visual stimulation – Volunteer #10 (male, 26)",physiological,BOLD signal intensity change (%),during stimulation,during,other,6.8,unparseable,,,,,,,,,,,,,,,,1.0,,,,False,Healthy volunteers; no disease condition,True,not_reported,not_reported,not_reported,not_reported
9482939,arm_acupoint,verum_acupuncture,"Signal change by acupuncture stimulation – Volunteer #10 (male, 26)",physiological,BOLD signal intensity change (%),during stimulation,during,other,-6.9,unparseable,,,,,,,,,,,,,,,,1.0,,,,False,Healthy volunteers; no disease condition,True,not_reported,not_reported,not_reported,not_reported
9482939,arm_visual,active_control,"Signal change by visual stimulation – Volunteer #11 (male, 25)",physiological,BOLD signal intensity change (%),during stimulation,during,other,9.0,unparseable,,,,,,,,,,,,,,,,1.0,,,,False,Healthy volunteers; no disease condition,True,not_reported,not_reported,not_reported,not_reported
9482939,arm_acupoint,verum_acupuncture,"Signal change by acupuncture stimulation – Volunteer #11 (male, 25)",physiological,BOLD signal intensity change (%),during stimulation,during,other,+8.0,unparseable,,,,,,,,,,,,,,,,1.0,,,,False,Healthy volunteers; no disease condition,True,not_reported,not_reported,not_reported,not_reported
9482939,arm_visual,active_control,"Signal change by visual stimulation – Volunteer #12 (male, 24)",physiological,BOLD signal intensity change (%),during stimulation,during,other,7.6,unparseable,,,,,,,,,,,,,,,,1.0,,,,False,Healthy volunteers; no disease condition,True,not_reported,not_reported,not_reported,not_reported
9482939,arm_acupoint,verum_acupuncture,"Signal change by acupuncture stimulation – Volunteer #12 (male, 24)",physiological,BOLD signal intensity change (%),during stimulation,during,other,-6.8,unparseable,,,,,,,,,,,,,,,,1.0,,,,False,Healthy volunteers; no disease condition,True,not_reported,not_reported,not_reported,not_reported
9482939,not_applicable,,Blind test identification of yin and yang character from fMRI data,other,not_reported,post-experiment,other,narrative,Functional MRI data were then tested by blind tests for identification of the yin and yang character of each individual and were found to be consistent except in one case.,unparseable,,,,,,,,,,,,,,,,12.0,,,,False,Healthy volunteers; no disease condition,True,not_reported,not_reported,not_reported,not_reported
17240066,arm_CTS_baseline,verum_acupuncture,Boston CTS questionnaire; nerve conduction studies; grip strength,symptom_severity,Boston CTS questionnaire; nerve conduction studies; grip strength,before and after 5 weeks of acupuncture treatment,post,narrative,"demonstrated improvement in subjective (Boston CTS questionnaire) as well as objective (nerve conduction studies, grip strength) measures",unparseable,,,,,,,,,,,,,,,,,,,,False,Carpal Tunnel Syndrome (CTS),True,improvement in subjective and objective measures,not_reported,not_reported,not_reported
17240066,arm_CTS_baseline,verum_acupuncture,separation of somatotopic representations of digits 2 and 3 in contralateral SI (inter-digit separation distance),physiological,fMRI-derived somatotopic separation distance (mm),baseline,baseline,other,range approximately 0-9mm based on Figure 6 x-axis,unparseable,,,,,,,,,,,,,,,,10.0,,,,False,Carpal Tunnel Syndrome (CTS),True,not_reported,not_reported in this paper; described as marker of maladaptive cortical plasticity in CTS patients (Napadow et al. 2006a),not_reported,not_reported
20838644,not_applicable,,Spielberger State Anxiety Inventory - selected item: feeling calm,mood,Spielberger State Anxiety Inventory,post-imaging (after scanning session),post,mean,3.3,unparseable,,,,,,,,,,,,,,,,10.0,False,,,True,healthy individuals (no depression or psychiatric disorder),True,not_reported,not_reported,not_reported,not_reported
20838644,not_applicable,,Spielberger State Anxiety Inventory - selected item: secure,mood,Spielberger State Anxiety Inventory,post-imaging (after scanning session),post,mean,3.3,unparseable,,,,,,,,,,,,,,,,10.0,False,,,True,healthy individuals (no depression or psychiatric disorder),True,not_reported,not_reported,not_reported,not_reported
20838644,not_applicable,,Spielberger State Anxiety Inventory - selected item: relaxed,mood,Spielberger State Anxiety Inventory,post-imaging (after scanning session),post,mean,3.3,unparseable,,,,,,,,,,,,,,,,10.0,False,,,True,healthy individuals (no depression or psychiatric disorder),True,not_reported,not_reported,not_reported,not_reported
20838644,not_applicable,,Spielberger State Anxiety Inventory - selected item: nervous,mood,Spielberger State Anxiety Inventory,post-imaging (after scanning session),post,mean,1.4,unparseable,,,,,,,,,,,,,,,,10.0,False,,,True,healthy individuals (no depression or psychiatric disorder),True,not_reported,not_reported,not_reported,not_reported
20838644,not_applicable,,Spielberger State Anxiety Inventory - selected item: jittery,mood,Spielberger State Anxiety Inventory,post-imaging (after scanning session),post,mean,1.1,unparseable,,,,,,,,,,,,,,,,10.0,False,,,True,healthy individuals (no depression or psychiatric disorder),True,not_reported,not_reported,not_reported,not_reported
20838644,not_applicable,,Spielberger State Anxiety Inventory - selected item: worried,mood,Spielberger State Anxiety Inventory,post-imaging (after scanning session),post,mean,1.1,unparseable,,,,,,,,,,,,,,,,10.0,False,,,True,healthy individuals (no depression or psychiatric disorder),True,not_reported,not_reported,not_reported,not_reported
20838644,not_applicable,,Spielberger State Anxiety Inventory - selected item: overexcited and rattled,mood,Spielberger State Anxiety Inventory,post-imaging (after scanning session),post,mean,1.1,unparseable,,,,,,,,,,,,,,,,10.0,False,,,True,healthy individuals (no depression or psychiatric disorder),True,not_reported,not_reported,not_reported,not_reported
21080967,not_applicable,,MASS (MGH Acupuncture Sensation Scale) total/average rating,sensory,Massachusetts General Hospital (MGH) Acupuncture Sensation Scale (MASS),after treatment (Sessions 2 and 3),post,narrative,four groups were significantly different,unparseable,,,,,,,,,,,,,,,,48.0,,,,False,Healthy volunteers; experimental pain paradigm,True,not_reported,Subjects in both low and high expectancy genuine groups reported significantly greater MASS ratings than those in both sham groups (p < 0.002); no interaction between treatment mode and expectancy level (p = 0.8),not_reported,"F(3,44) = 7.9, p = 0.0002"
22916152,arm_AD,other,MMSE,cognition,Mini-Mental State Examination,baseline,baseline,mean ± SD,15.92±4.32,regex,mean_sd,15.92,4.32,,,,,,,,,,,,,14.0,True,0.0,30.0,True,Mild Cognitive Impairment (MCI) and Alzheimer Disease (AD),True,not_reported,not_reported,not_reported,<0.01
22916152,arm_MCI,other,MMSE,cognition,Mini-Mental State Examination,baseline,baseline,mean ± SD,25.37±1.30,regex,mean_sd,25.37,1.3,,,,,,,,,,,,,8.0,True,0.0,30.0,True,Mild Cognitive Impairment (MCI) and Alzheimer Disease (AD),True,not_reported,not_reported,not_reported,<0.01
22916152,arm_NOR,healthy_control,MMSE,cognition,Mini-Mental State Examination,baseline,baseline,mean ± SD,28.00±1.41,regex,mean_sd,28.0,1.41,,,,,,,,,,,,,14.0,True,0.0,30.0,True,Mild Cognitive Impairment (MCI) and Alzheimer Disease (AD),True,not_reported,not_reported,not_reported,<0.01
22916152,arm_AD,other,AVLT(immediate),cognition,"Auditory verbal learning test, immediate recall of learning verbal",baseline,baseline,mean ± SD,11.35±3.95,regex,mean_sd,11.35,3.95,,,,,,,,,,,,,14.0,True,,,True,Mild Cognitive Impairment (MCI) and Alzheimer Disease (AD),True,not_reported,not_reported,not_reported,<0.01
22916152,arm_MCI,other,AVLT(immediate),cognition,"Auditory verbal learning test, immediate recall of learning verbal",baseline,baseline,mean ± SD,14.13±3.52,regex,mean_sd,14.13,3.52,,,,,,,,,,,,,8.0,True,,,True,Mild Cognitive Impairment (MCI) and Alzheimer Disease (AD),True,not_reported,not_reported,not_reported,<0.01
22916152,arm_NOR,healthy_control,AVLT(immediate),cognition,"Auditory verbal learning test, immediate recall of learning verbal",baseline,baseline,mean ± SD,26.86±5.24,regex,mean_sd,26.86,5.24,,,,,,,,,,,,,14.0,True,,,True,Mild Cognitive Impairment (MCI) and Alzheimer Disease (AD),True,not_reported,not_reported,not_reported,<0.01
22916152,arm_AD,other,AVLT(delayed),cognition,"Auditory verbal learning test, delayed recall of learning verbal",baseline,baseline,mean ± SD,2.64±1.59,regex,mean_sd,2.64,1.59,,,,,,,,,,,,,14.0,True,,,True,Mild Cognitive Impairment (MCI) and Alzheimer Disease (AD),True,not_reported,not_reported,not_reported,<0.01
22916152,arm_MCI,other,AVLT(delayed),cognition,"Auditory verbal learning test, delayed recall of learning verbal",baseline,baseline,mean ± SD,4.37±1.59,regex,mean_sd,4.37,1.59,,,,,,,,,,,,,8.0,True,,,True,Mild Cognitive Impairment (MCI) and Alzheimer Disease (AD),True,not_reported,not_reported,not_reported,<0.01
22916152,arm_NOR,healthy_control,AVLT(delayed),cognition,"Auditory verbal learning test, delayed recall of learning verbal",baseline,baseline,mean ± SD,11.07±2.76,regex,mean_sd,11.07,2.76,,,,,,,,,,,,,14.0,True,,,True,Mild Cognitive Impairment (MCI) and Alzheimer Disease (AD),True,not_reported,not_reported,not_reported,<0.01
22916152,arm_AD,other,AVLT(recognition),cognition,"Auditory verbal learning test, recognition of learning verbal",baseline,baseline,mean ± SD,3.35±1.55,regex,mean_sd,3.35,1.55,,,,,,,,,,,,,14.0,True,,,True,Mild Cognitive Impairment (MCI) and Alzheimer Disease (AD),True,not_reported,not_reported,not_reported,<0.01
22916152,arm_MCI,other,AVLT(recognition),cognition,"Auditory verbal learning test, recognition of learning verbal",baseline,baseline,mean ± SD,7.38±3.11,regex,mean_sd,7.38,3.11,,,,,,,,,,,,,8.0,True,,,True,Mild Cognitive Impairment (MCI) and Alzheimer Disease (AD),True,not_reported,not_reported,not_reported,<0.01
22916152,arm_NOR,healthy_control,AVLT(recognition),cognition,"Auditory verbal learning test, recognition of learning verbal",baseline,baseline,mean ± SD,12.71±2.09,regex,mean_sd,12.71,2.09,,,,,,,,,,,,,14.0,True,,,True,Mild Cognitive Impairment (MCI) and Alzheimer Disease (AD),True,not_reported,not_reported,not_reported,<0.01
22916152,arm_AD,other,CDR,cognition,Clinical Dementia Rating,baseline,baseline,other,1–2,unparseable,,,,,,,,,,,,,,,,14.0,False,0.0,3.0,True,Mild Cognitive Impairment (MCI) and Alzheimer Disease (AD),True,not_reported,not_reported,not_reported,not_reported
22916152,arm_MCI,other,CDR,cognition,Clinical Dementia Rating,baseline,baseline,other,0.5,unparseable,,,,,,,,,,,,,,,,8.0,False,0.0,3.0,True,Mild Cognitive Impairment (MCI) and Alzheimer Disease (AD),True,not_reported,not_reported,not_reported,not_reported
22916152,arm_NOR,healthy_control,CDR,cognition,Clinical Dementia Rating,baseline,baseline,other,0,unparseable,,,,,,,,,,,,,,,,14.0,False,0.0,3.0,True,Mild Cognitive Impairment (MCI) and Alzheimer Disease (AD),True,not_reported,not_reported,not_reported,not_reported
22916152,arm_AD,other,"Age, years",other,not_reported,baseline,baseline,mean ± SD,66.92±8.91,regex,mean_sd,66.92,8.91,,,,,,,,,,,,,14.0,,,,False,Mild Cognitive Impairment (MCI) and Alzheimer Disease (AD),True,not_reported,not_reported,not_reported,0.96
22916152,arm_MCI,other,"Age, years",other,not_reported,baseline,baseline,mean ± SD,66.37±10.96,regex,mean_sd,66.37,10.96,,,,,,,,,,,,,8.0,,,,False,Mild Cognitive Impairment (MCI) and Alzheimer Disease (AD),True,not_reported,not_reported,not_reported,0.96
22916152,arm_NOR,healthy_control,"Age, years",other,not_reported,baseline,baseline,mean ± SD,66.07±5.78,regex,mean_sd,66.07,5.78,,,,,,,,,,,,,14.0,,,,False,Mild Cognitive Impairment (MCI) and Alzheimer Disease (AD),True,not_reported,not_reported,not_reported,0.96
22916152,arm_AD,other,"Education, years",other,not_reported,baseline,baseline,mean ± SD,10.07±3.38,regex,mean_sd,10.07,3.38,,,,,,,,,,,,,14.0,,,,False,Mild Cognitive Impairment (MCI) and Alzheimer Disease (AD),True,not_reported,not_reported,not_reported,0.82
22916152,arm_MCI,other,"Education, years",other,not_reported,baseline,baseline,mean ± SD,10.62±3.54,regex,mean_sd,10.62,3.54,,,,,,,,,,,,,8.0,,,,False,Mild Cognitive Impairment (MCI) and Alzheimer Disease (AD),True,not_reported,not_reported,not_reported,0.82
22916152,arm_NOR,healthy_control,"Education, years",other,not_reported,baseline,baseline,mean ± SD,11.00±4.52,regex,mean_sd,11.0,4.52,,,,,,,,,,,,,14.0,,,,False,Mild Cognitive Impairment (MCI) and Alzheimer Disease (AD),True,not_reported,not_reported,not_reported,0.82
23152865,arm_A,verum_acupuncture,Credibility score QB (How confident are you that this treatment can alleviate your complaint?),other,0–6 Likert scale credibility rating,before scanning (before treatment),baseline,p_value_only,not_reported,unparseable,,,,,,,,,,,,,,,,,False,,,True,myopia,False,not_reported,P value (χ²) Group A vs Group C: 0.42,not_reported,0.42
23152865,arm_A,verum_acupuncture,Credibility score QA (How confident would you be in recommending this treatment to a friend who suffered from the same complaint?),other,0–6 Likert scale credibility rating,after treatment,post,p_value_only,not_reported,unparseable,,,,,,,,,,,,,,,,,False,,,True,myopia,False,not_reported,P value (χ²) Group A vs Group C: 0.56,not_reported,0.56
23152865,arm_A arm_B,,Needling sensation scores (combined RA: Groups A and B),sensory,needle sensation questionnaire (NSQ); range 0–75,after scanning,other,mean ± SD | mean (95% CI),Mean (SD) 13.75 (7.23); 95% CI 6.45–18.35,unparseable,,,,,,,,,,,,,,,,22.0,,,,False,myopia,False,not_reported,RA did elicit significantly different sensations from SA,not_reported,not_reported
23152865,arm_C arm_D,,Needling sensation scores (combined SA: Groups C and D),sensory,needle sensation questionnaire (NSQ); range 0–75,after scanning,other,mean ± SD | mean (95% CI),Mean (SD) 3.97 (4.35); 95% CI 2.57–7.38,unparseable,,,,,,,,,,,,,,,,19.0,,,,False,myopia,False,not_reported,RA did elicit significantly different sensations from SA,not_reported,not_reported
23316257,arm_acupuncture,verum_acupuncture,Correlation of VAS index with number of activations/deactivations,sensory,VAS index,not_reported,other,p_value_only,No direct correlations shown between VAS index and number of activations or deactivations; all P > 0.05,unparseable,,,,,,,,,,,,,,,,,False,0.0,10.0,True,Healthy volunteers; no disease condition,True,not_reported,not_reported,not_reported,all P > 0.05
23316257,arm_acupuncture,verum_acupuncture,Correlation of VAS index with AVER-WR-RV R-value,sensory,VAS index,not_reported,other,p_value_only,No direct correlations shown between VAS index and the 'AVER-WR-RV R-value'; all P > 0.05,unparseable,,,,,,,,,,,,,,,,,False,0.0,10.0,True,Healthy volunteers; no disease condition,True,not_reported,not_reported,not_reported,all P > 0.05
24459533,arm_FD,verum_acupuncture,times of defecation throughout the second week,symptom_severity,Defecation frequency (times per week),Baseline (pre-acupuncture),baseline,mean ± SD,16.17 ± 5.28,regex,mean_sd,16.17,5.28,,,,,,,,,,,,,18.0,,,,False,Functional diarrhea (FD),True,not_reported,"significantly more frequent defecations vs HC, P = 0.000",not_reported,0.000
24459533,arm_FD,verum_acupuncture,times of defecation throughout the second week,symptom_severity,Defecation frequency (times per week),Post-acupuncture (end of week 2),post,mean ± SD,9.78 ± 3.75,regex,mean_sd,9.78,3.75,,,,,,,,,,,,,18.0,,,,False,Functional diarrhea (FD),True,decreased from 16.17 ± 5.28 to 9.78 ± 3.75,not_reported,not_reported,0.000
24459533,arm_HC,healthy_control,times of defecation throughout the second week,symptom_severity,Defecation frequency (times per week),Baseline (pre-acupuncture),baseline,mean ± SD,6.92 ± 0.81,regex,mean_sd,6.92,0.81,,,,,,,,,,,,,18.0,,,,False,Functional diarrhea (FD),True,not_reported,"significantly less frequent defecations vs FD, P = 0.000",not_reported,0.000
24459533,arm_HC,healthy_control,times of defecation throughout the second week,symptom_severity,Defecation frequency (times per week),Post-acupuncture (end of week 2),post,mean ± SD,7.16 ± 0.99,regex,mean_sd,7.16,0.99,,,,,,,,,,,,,18.0,,,,False,Functional diarrhea (FD),True,not significant,not_reported,not_reported,0.144
24459533,arm_FD,verum_acupuncture,score of the Bristol Stool Form Scale (BSFS) throughout the second week,symptom_severity,Bristol Stool Form Scale (BSFS),Baseline (pre-acupuncture),baseline,mean ± SD,5.58 ± 0.63,regex,mean_sd,5.58,0.63,,,,,,,,,,,,,18.0,,,,True,Functional diarrhea (FD),True,not_reported,"significantly higher BSFS score vs HC, P = 0.000",not_reported,0.000
24459533,arm_FD,verum_acupuncture,score of the Bristol Stool Form Scale (BSFS) throughout the second week,symptom_severity,Bristol Stool Form Scale (BSFS),Post-acupuncture (end of week 2),post,mean ± SD,4.75 ± 0.52,regex,mean_sd,4.75,0.52,,,,,,,,,,,,,18.0,,,,True,Functional diarrhea (FD),True,decreased from 5.58 ± 0.63 to 4.75 ± 0.52,not_reported,not_reported,0.001
24459533,arm_HC,healthy_control,score of the Bristol Stool Form Scale (BSFS) throughout the second week,symptom_severity,Bristol Stool Form Scale (BSFS),Baseline (pre-acupuncture),baseline,mean ± SD,4.03 ± 0.21,regex,mean_sd,4.03,0.21,,,,,,,,,,,,,18.0,,,,True,Functional diarrhea (FD),True,not_reported,"significantly lower BSFS score vs FD, P = 0.000",not_reported,0.000
24459533,arm_HC,healthy_control,score of the Bristol Stool Form Scale (BSFS) throughout the second week,symptom_severity,Bristol Stool Form Scale (BSFS),Post-acupuncture (end of week 2),post,mean ± SD,4.00 ± 0.19,regex,mean_sd,4.0,0.19,,,,,,,,,,,,,18.0,,,,True,Functional diarrhea (FD),True,not significant,not_reported,not_reported,0.858
24459533,arm_FD,verum_acupuncture,physical component summary (PCS) score of the MOS 36-item Short Health Survey (SF-36),quality_of_life,MOS 36-item Short Health Survey (SF-36) - PCS,Baseline (pre-acupuncture),baseline,mean ± SD,51.41 ± 6.84,regex,mean_sd,51.41,6.84,,,,,,,,,,,,,18.0,True,0.0,100.0,True,Functional diarrhea (FD),True,not_reported,"significantly lower PCS score vs HC, P = 0.000",not_reported,0.000
24459533,arm_FD,verum_acupuncture,physical component summary (PCS) score of the MOS 36-item Short Health Survey (SF-36),quality_of_life,MOS 36-item Short Health Survey (SF-36) - PCS,Post-acupuncture (end of week 2),post,mean ± SD,53.37 ± 4.94,regex,mean_sd,53.37,4.94,,,,,,,,,,,,,18.0,True,0.0,100.0,True,Functional diarrhea (FD),True,not significant,not_reported,not_reported,0.085
24459533,arm_HC,healthy_control,physical component summary (PCS) score of the MOS 36-item Short Health Survey (SF-36),quality_of_life,MOS 36-item Short Health Survey (SF-36) - PCS,Baseline (pre-acupuncture),baseline,mean ± SD,57.90 ± 1.45,regex,mean_sd,57.9,1.45,,,,,,,,,,,,,18.0,True,0.0,100.0,True,Functional diarrhea (FD),True,not_reported,"significantly higher PCS score vs FD, P = 0.000",not_reported,0.000
24459533,arm_HC,healthy_control,physical component summary (PCS) score of the MOS 36-item Short Health Survey (SF-36),quality_of_life,MOS 36-item Short Health Survey (SF-36) - PCS,Post-acupuncture (end of week 2),post,mean ± SD,57.91 ± 1.62,regex,mean_sd,57.91,1.62,,,,,,,,,,,,,18.0,True,0.0,100.0,True,Functional diarrhea (FD),True,not significant,not_reported,not_reported,0.808
24459533,arm_FD,verum_acupuncture,mental component summary (MCS) score of the MOS 36-item Short Health Survey (SF-36),quality_of_life,MOS 36-item Short Health Survey (SF-36) - MCS,Baseline (pre-acupuncture),baseline,mean ± SD,45.7 ± 10.78,regex,mean_sd,45.7,10.78,,,,,,,,,,,,,18.0,True,0.0,100.0,True,Functional diarrhea (FD),True,not_reported,"significantly lower MCS score vs HC, P = 0.006",not_reported,0.006
24459533,arm_FD,verum_acupuncture,mental component summary (MCS) score of the MOS 36-item Short Health Survey (SF-36),quality_of_life,MOS 36-item Short Health Survey (SF-36) - MCS,Post-acupuncture (end of week 2),post,mean ± SD,45.01 ± 7.75,regex,mean_sd,45.01,7.75,,,,,,,,,,,,,18.0,True,0.0,100.0,True,Functional diarrhea (FD),True,not significant,not_reported,not_reported,0.711
24459533,arm_HC,healthy_control,mental component summary (MCS) score of the MOS 36-item Short Health Survey (SF-36),quality_of_life,MOS 36-item Short Health Survey (SF-36) - MCS,Baseline (pre-acupuncture),baseline,mean ± SD,54.47 ± 4.54,regex,mean_sd,54.47,4.54,,,,,,,,,,,,,18.0,True,0.0,100.0,True,Functional diarrhea (FD),True,not_reported,"significantly higher MCS score vs FD, P = 0.006",not_reported,0.006
24459533,arm_HC,healthy_control,mental component summary (MCS) score of the MOS 36-item Short Health Survey (SF-36),quality_of_life,MOS 36-item Short Health Survey (SF-36) - MCS,Post-acupuncture (end of week 2),post,mean ± SD,55.07 ± 3.99,regex,mean_sd,55.07,3.99,,,,,,,,,,,,,18.0,True,0.0,100.0,True,Functional diarrhea (FD),True,not significant,not_reported,not_reported,0.751
24603951,arm_AD,other,"Age, years",physiological,not_reported,baseline,baseline,mean ± SD,66.92 ± 8.91,regex,mean_sd,66.92,8.91,,,,,,,,,,,,,14.0,,,,False,Alzheimer disease (AD),True,not_reported,P=0.86,not_reported,0.86
24603951,arm_NC,healthy_control,"Age, years",physiological,not_reported,baseline,baseline,mean ± SD,66.07 ± 5.78,regex,mean_sd,66.07,5.78,,,,,,,,,,,,,14.0,,,,False,Alzheimer disease (AD),True,not_reported,P=0.86,not_reported,0.86
24603951,arm_AD,other,"Education, years",other,not_reported,baseline,baseline,mean ± SD,10.07 ± 3.38,regex,mean_sd,10.07,3.38,,,,,,,,,,,,,14.0,,,,False,Alzheimer disease (AD),True,not_reported,P=0.61,not_reported,0.61
24603951,arm_NC,healthy_control,"Education, years",other,not_reported,baseline,baseline,mean ± SD,11.00 ± 4.52,regex,mean_sd,11.0,4.52,,,,,,,,,,,,,14.0,,,,False,Alzheimer disease (AD),True,not_reported,P=0.61,not_reported,0.61
24603951,arm_AD,other,MMSE,cognition,Mini-Mental State Examination,baseline,baseline,mean ± SD,15.92 ± 4.32,regex,mean_sd,15.92,4.32,,,,,,,,,,,,,14.0,True,0.0,30.0,True,Alzheimer disease (AD),True,not_reported,P<0.01,not_reported,<0.01
24603951,arm_NC,healthy_control,MMSE,cognition,Mini-Mental State Examination,baseline,baseline,mean ± SD,28.00 ± 1.41,regex,mean_sd,28.0,1.41,,,,,,,,,,,,,14.0,True,0.0,30.0,True,Alzheimer disease (AD),True,not_reported,P<0.01,not_reported,<0.01
24603951,arm_AD,other,AVLT(immediate),cognition,"Auditory verbal learning test, immediate recall of learning verbal",baseline,baseline,mean ± SD,11.35 ± 3.95,regex,mean_sd,11.35,3.95,,,,,,,,,,,,,14.0,True,,,True,Alzheimer disease (AD),True,not_reported,P<0.01,not_reported,<0.01
24603951,arm_NC,healthy_control,AVLT(immediate),cognition,"Auditory verbal learning test, immediate recall of learning verbal",baseline,baseline,mean ± SD,26.86 ± 5.24,regex,mean_sd,26.86,5.24,,,,,,,,,,,,,14.0,True,,,True,Alzheimer disease (AD),True,not_reported,P<0.01,not_reported,<0.01
24603951,arm_AD,other,AVLT(delayed),cognition,"Auditory verbal learning test, delayed recall of learning verbal",baseline,baseline,mean ± SD,2.64 ± 1.59,regex,mean_sd,2.64,1.59,,,,,,,,,,,,,14.0,True,,,True,Alzheimer disease (AD),True,not_reported,P<0.01,not_reported,<0.01
24603951,arm_NC,healthy_control,AVLT(delayed),cognition,"Auditory verbal learning test, delayed recall of learning verbal",baseline,baseline,mean ± SD,11.07 ± 2.76,regex,mean_sd,11.07,2.76,,,,,,,,,,,,,14.0,True,,,True,Alzheimer disease (AD),True,not_reported,P<0.01,not_reported,<0.01
24603951,arm_AD,other,AVLT(recognition),cognition,"Auditory verbal learning test, recognition of learning verbal",baseline,baseline,mean ± SD,3.35 ± 1.55,regex,mean_sd,3.35,1.55,,,,,,,,,,,,,14.0,True,,,True,Alzheimer disease (AD),True,not_reported,P<0.01,not_reported,<0.01
24603951,arm_NC,healthy_control,AVLT(recognition),cognition,"Auditory verbal learning test, recognition of learning verbal",baseline,baseline,mean ± SD,12.71 ± 2.09,regex,mean_sd,12.71,2.09,,,,,,,,,,,,,14.0,True,,,True,Alzheimer disease (AD),True,not_reported,P<0.01,not_reported,<0.01
24603951,arm_AD,other,CDR,symptom_severity,Clinical Dementia Rating,baseline,baseline,other,1-2,unparseable,,,,,,,,,,,,,,,,14.0,False,0.0,3.0,True,Alzheimer disease (AD),True,not_reported,not_reported,not_reported,not_reported
24603951,arm_NC,healthy_control,CDR,symptom_severity,Clinical Dementia Rating,baseline,baseline,other,0,unparseable,,,,,,,,,,,,,,,,14.0,False,0.0,3.0,True,Alzheimer disease (AD),True,not_reported,not_reported,not_reported,not_reported
24734108,arm_stroke,other,Motricity Index (MI),function,Motricity Index (MI),same day as MRI (two assessments for 8 patients; one assessment for 1 patient),other,other,Patient 1: 0/11; Patient 2: 60/64; Patient 3: 14/14; Patient 4: 72/72; Patient 5: 23/23; Patient 6: 60/60; Patient 7: 34/34; Patient 8: 76/76; Patient 9: 76/—,unparseable,,,,,,,,,,,,,,,,9.0,True,,,True,Ischemic stroke (stable recovery/subacute phase) with unilateral right-sided striatocapsular lesions and moderate to severe motor deficits of the contralesional upper extremity,True,not_reported,not_reported,not_reported,not_reported
24734108,arm_stroke,other,Modified Rankin Scale,function,Modified Rankin Scale,same day as MRI (two assessments for 8 patients; one for Patient 9),other,other,Patient 1: 4/4; Patient 2: 1/1; Patient 3: 2/2; Patient 4: 2/1; Patient 5: 4/4; Patient 6: 2/2; Patient 7: 3/3; Patient 8: 2/1; Patient 9: 2/—,unparseable,,,,,,,,,,,,,,,,9.0,False,0.0,100.0,True,Ischemic stroke (stable recovery/subacute phase) with unilateral right-sided striatocapsular lesions and moderate to severe motor deficits of the contralesional upper extremity,True,not_reported,not_reported,not_reported,not_reported
24734108,arm_stroke,other,Barthel index,function,Barthel Index,same day as MRI (two assessments for 8 patients; one for Patient 9),other,other,Patient 1: 35/40; Patient 2: 95/95; Patient 3: 60/65; Patient 4: 90/85; Patient 5: 60/60; Patient 6: 85/85; Patient 7: 65/75; Patient 8: 90/90; Patient 9: 85/—,unparseable,,,,,,,,,,,,,,,,9.0,True,0.0,100.0,True,Ischemic stroke (stable recovery/subacute phase) with unilateral right-sided striatocapsular lesions and moderate to severe motor deficits of the contralesional upper extremity,True,not_reported,not_reported,not_reported,not_reported
24734108,arm_stroke,other,NIHSS (National Institute of Health Stroke Scale),symptom_severity,NIHSS,same day as MRI (two assessments for 8 patients; one for Patient 9),other,other,Patient 1: 14/8; Patient 2: 3/1; Patient 3: 9/9; Patient 4: 5/2; Patient 5: 8/8; Patient 6: 7/7; Patient 7: 7/7; Patient 8: 3/2; Patient 9: 5/—,unparseable,,,,,,,,,,,,,,,,9.0,False,0.0,42.0,True,Ischemic stroke (stable recovery/subacute phase) with unilateral right-sided striatocapsular lesions and moderate to severe motor deficits of the contralesional upper extremity,True,not_reported,not_reported,not_reported,not_reported
24734108,arm_stroke,other,MMSE (Mini-Mental State Examination),cognition,MMSE,same day as MRI (two assessments for 8 patients; one for Patient 9),other,other,Patient 1: 22/23; Patient 2: 30/30; Patient 3: 27/30; Patient 4: 29/28; Patient 5: 22/24; Patient 6: 30/30; Patient 7: 30/30; Patient 8: 24/27; Patient 9: 30/—,unparseable,,,,,,,,,,,,,,,,9.0,True,0.0,30.0,True,Ischemic stroke (stable recovery/subacute phase) with unilateral right-sided striatocapsular lesions and moderate to severe motor deficits of the contralesional upper extremity,True,not_reported,not_reported,not_reported,not_reported
24734108,arm_stroke,other,Brunnstrom,function,Brunnstrom,same day as MRI (two assessments for 8 patients; one for Patient 9),other,other,Patient 1: I/I; Patient 2: IV/IV; Patient 3: II/II; Patient 4: II/III; Patient 5: I/I; Patient 6: V/V; Patient 7: II/II; Patient 8: V/V; Patient 9: II/—,unparseable,,,,,,,,,,,,,,,,9.0,True,1.0,6.0,True,Ischemic stroke (stable recovery/subacute phase) with unilateral right-sided striatocapsular lesions and moderate to severe motor deficits of the contralesional upper extremity,True,not_reported,not_reported,not_reported,not_reported
24734108,arm_stroke,other,Modified Ashworth Scale,symptom_severity,Modified Ashworth Scale,same day as MRI (two assessments for 8 patients; one for Patient 9),other,other,Patient 1: 0/0; Patient 2: 1/1; Patient 3: 1/0; Patient 4: 0/1; Patient 5: 0/0; Patient 6: 2/2; Patient 7: 2/2; Patient 8: 0/0; Patient 9: 0/—,unparseable,,,,,,,,,,,,,,,,9.0,False,0.0,100.0,True,Ischemic stroke (stable recovery/subacute phase) with unilateral right-sided striatocapsular lesions and moderate to severe motor deficits of the contralesional upper extremity,True,not_reported,not_reported,not_reported,not_reported
24734113,arm_stroke,verum_acupuncture,Mini-Mental State Examination (MMSE),cognition,Mini-Mental State Examination (MMSE),baseline (at enrollment),baseline,other,Subject 1: 22; Subject 2: 30; Subject 3: 27; Subject 4: 29; Subject 5: 22; Subject 6: 30; Subject 7: 24; Subject 8: 30,unparseable,,,,,,,,,,,,,,,,8.0,True,0.0,30.0,True,"Right hemispheric ischemic stroke (corona radiate, internal capsule, or basal ganglia infarction)",True,not_reported,not_reported,not_reported,not_reported
24734113,arm_stroke,verum_acupuncture,National Institute of Health Stroke Scale (NIHSS),symptom_severity,National Institute of Health Stroke Scale (NIHSS),baseline (at enrollment),baseline,other,Subject 1: 14; Subject 2: 3; Subject 3: 9; Subject 4: 5; Subject 5: 8; Subject 6: 7; Subject 7: 3; Subject 8: 5,unparseable,,,,,,,,,,,,,,,,8.0,False,0.0,42.0,True,"Right hemispheric ischemic stroke (corona radiate, internal capsule, or basal ganglia infarction)",True,not_reported,not_reported,not_reported,not_reported
24821143,arm_verum,verum_acupuncture,Whether subjects fell asleep during the experiment,other,self-report,post-experiment,other,narrative,"Based on self-report, no subjects fell asleep during the experiment",unparseable,,,,,,,,,,,,,,,,34.0,,,,False,healthy (no disease condition),True,not_reported,not_reported,not_reported,not_reported
24915066,arm_A,verum_acupuncture,VAS score,pain,Visual Analogue Scale (VAS) score 0–10,-4–0 weeks (baseline),baseline,mean ± SD,5.11 (1.75),regex,mean_sd,5.11,1.75,,,,,,,,,,,,,40.0,False,0.0,10.0,True,migraine without aura,False,not_reported,P = 0.7484 (vs inactive group at baseline),not_reported,0.7484
24915066,arm_B,sham_acupuncture,VAS score,pain,Visual Analogue Scale (VAS) score 0–10,-4–0 weeks (baseline),baseline,mean ± SD,5.23 (1.78),regex,mean_sd,5.23,1.78,,,,,,,,,,,,,40.0,False,0.0,10.0,True,migraine without aura,False,not_reported,P = 0.7484 (vs active group at baseline),not_reported,0.7484
24915066,arm_A,verum_acupuncture,VAS score,pain,Visual Analogue Scale (VAS) score 0–10,1–4 weeks after randomization,post,mean ± SD,3.80 (1.62),regex,mean_sd,3.8,1.62,,,,,,,,,,,,,40.0,False,0.0,10.0,True,migraine without aura,False,not_reported,P = 0.0094 (vs inactive group at 1-4 weeks),not_reported,0.0094
24915066,arm_B,sham_acupuncture,VAS score,pain,Visual Analogue Scale (VAS) score 0–10,1–4 weeks after randomization,post,mean ± SD,4.64 (1.17),regex,mean_sd,4.64,1.17,,,,,,,,,,,,,40.0,False,0.0,10.0,True,migraine without aura,False,not_reported,P = 0.0094 (vs active group at 1-4 weeks),not_reported,0.0094
24915066,arm_A,verum_acupuncture,VAS score,pain,Visual Analogue Scale (VAS) score 0–10,5–8 weeks after randomization,post,mean ± SD,3.07 (1.57),regex,mean_sd,3.07,1.57,,,,,,,,,,,,,40.0,False,0.0,10.0,True,migraine without aura,False,significant decrease from baseline (P < 0.05),P = 0.0052 (vs inactive group at 5-8 weeks); PG = 0.0150,not_reported,0.0052
24915066,arm_B,sham_acupuncture,VAS score,pain,Visual Analogue Scale (VAS) score 0–10,5–8 weeks after randomization,post,mean ± SD,4.07 (1.54),regex,mean_sd,4.07,1.54,,,,,,,,,,,,,40.0,False,0.0,10.0,True,migraine without aura,False,significant decrease from baseline (P < 0.05),P = 0.0052 (vs active group at 5-8 weeks); PG = 0.0150,not_reported,0.0052
24915066,arm_A,verum_acupuncture,Frequency of migraine attacks per 4 weeks,symptom_severity,headache diary; number of migraine episodes separated by pain-free intervals of at least 48 hours,-4–0 weeks (baseline),baseline,mean ± SD,6.83 (4.21),regex,mean_sd,6.83,4.21,,,,,,,,,,,,,40.0,False,,,True,migraine without aura,False,not_reported,P = 0.3412,not_reported,0.3412
24915066,arm_B,sham_acupuncture,Frequency of migraine attacks per 4 weeks,symptom_severity,headache diary; number of migraine episodes separated by pain-free intervals of at least 48 hours,-4–0 weeks (baseline),baseline,mean ± SD,5.98 (3.72),regex,mean_sd,5.98,3.72,,,,,,,,,,,,,40.0,False,,,True,migraine without aura,False,not_reported,P = 0.3412,not_reported,0.3412
24915066,arm_A,verum_acupuncture,Frequency of migraine attacks per 4 weeks,symptom_severity,headache diary,1–4 weeks after randomization,post,mean ± SD,4.35 (2.63),regex,mean_sd,4.35,2.63,,,,,,,,,,,,,40.0,False,,,True,migraine without aura,False,not_reported,P = 0.3802,not_reported,0.3802
24915066,arm_B,sham_acupuncture,Frequency of migraine attacks per 4 weeks,symptom_severity,headache diary,1–4 weeks after randomization,post,mean ± SD,3.92 (1.69),regex,mean_sd,3.92,1.69,,,,,,,,,,,,,40.0,False,,,True,migraine without aura,False,not_reported,P = 0.3802,not_reported,0.3802
24915066,arm_A,verum_acupuncture,Frequency of migraine attacks per 4 weeks,symptom_severity,headache diary,5–8 weeks after randomization,post,mean ± SD,2.85 (2.19),regex,mean_sd,2.85,2.19,,,,,,,,,,,,,40.0,False,,,True,migraine without aura,False,significant decrease from baseline (P < 0.05),P = 0.5983; no significant difference between groups (P > 0.05); PG = 0.4742,not_reported,0.5983
24915066,arm_B,sham_acupuncture,Frequency of migraine attacks per 4 weeks,symptom_severity,headache diary,5–8 weeks after randomization,post,mean ± SD,3.10 ± 2.00,regex,mean_sd,3.1,2.0,,,,,,,,,,,,,40.0,False,,,True,migraine without aura,False,significant decrease from baseline (P < 0.05),P = 0.5983; no significant difference between groups (P > 0.05); PG = 0.4742,not_reported,0.5983
24915066,arm_A,verum_acupuncture,Number of days with migraine (days) per 4 weeks,symptom_severity,headache diary,-4–0 weeks (baseline),baseline,mean ± SD,9.85 (7.94),regex,mean_sd,9.85,7.94,,,,,,,,,,,,,40.0,False,,,True,migraine without aura,False,not_reported,P = 0.9429,not_reported,0.9429
24915066,arm_B,sham_acupuncture,Number of days with migraine (days) per 4 weeks,symptom_severity,headache diary,-4–0 weeks (baseline),baseline,mean ± SD,9.73 (7.62),regex,mean_sd,9.73,7.62,,,,,,,,,,,,,40.0,False,,,True,migraine without aura,False,not_reported,P = 0.9429,not_reported,0.9429
24915066,arm_A,verum_acupuncture,Number of days with migraine (days) per 4 weeks,symptom_severity,headache diary,1–4 weeks after randomization,post,mean ± SD,5.56 (4.25),regex,mean_sd,5.56,4.25,,,,,,,,,,,,,40.0,False,,,True,migraine without aura,False,not_reported,P = 0.4043,not_reported,0.4043
24915066,arm_B,sham_acupuncture,Number of days with migraine (days) per 4 weeks,symptom_severity,headache diary,1–4 weeks after randomization,post,mean ± SD,4.91 (2.36),regex,mean_sd,4.91,2.36,,,,,,,,,,,,,40.0,False,,,True,migraine without aura,False,not_reported,P = 0.4043,not_reported,0.4043
24915066,arm_A,verum_acupuncture,Number of days with migraine (days) per 4 weeks,symptom_severity,headache diary,5–8 weeks after randomization,post,mean ± SD,3.51 (2.66),regex,mean_sd,3.51,2.66,,,,,,,,,,,,,40.0,False,,,True,migraine without aura,False,significant decrease from baseline (P < 0.05),P = 0.5122; no significant difference between groups (P > 0.05); PG = 0.8835,not_reported,0.5122
24915066,arm_B,sham_acupuncture,Number of days with migraine (days) per 4 weeks,symptom_severity,headache diary,5–8 weeks after randomization,post,mean ± SD,3.91 (2.82),regex,mean_sd,3.91,2.82,,,,,,,,,,,,,40.0,False,,,True,migraine without aura,False,significant decrease from baseline (P < 0.05),P = 0.5122; no significant difference between groups (P > 0.05); PG = 0.8835,not_reported,0.5122
24915066,arm_A,verum_acupuncture,HIT-6 score,quality_of_life,HIT-6 questionnaire (six-item short-form survey for measuring headache impact),-4–0 weeks (baseline),baseline,mean ± SD,58.10 (6.81),regex,mean_sd,58.1,6.81,,,,,,,,,,,,,40.0,False,,,True,migraine without aura,False,not_reported,P = 0.4224,not_reported,0.4224
24915066,arm_B,sham_acupuncture,HIT-6 score,quality_of_life,HIT-6 questionnaire,-4–0 weeks (baseline),baseline,mean ± SD,58.13 (7.12),regex,mean_sd,58.13,7.12,,,,,,,,,,,,,40.0,False,,,True,migraine without aura,False,not_reported,P = 0.4224,not_reported,0.4224
24915066,arm_A,verum_acupuncture,HIT-6 score,quality_of_life,HIT-6 questionnaire,1–4 weeks after randomization,post,mean ± SD,47.25 (9.55),regex,mean_sd,47.25,9.55,,,,,,,,,,,,,40.0,False,,,True,migraine without aura,False,not_reported,P = 0.2515,not_reported,0.2515
24915066,arm_B,sham_acupuncture,HIT-6 score,quality_of_life,HIT-6 questionnaire,1–4 weeks after randomization,post,mean ± SD,49.69 (9.35),regex,mean_sd,49.69,9.35,,,,,,,,,,,,,40.0,False,,,True,migraine without aura,False,not_reported,P = 0.2515,not_reported,0.2515
24915066,arm_A,verum_acupuncture,HIT-6 score,quality_of_life,HIT-6 questionnaire,5–8 weeks after randomization,post,mean ± SD,47.86 (8.42),regex,mean_sd,47.86,8.42,,,,,,,,,,,,,40.0,False,,,True,migraine without aura,False,significant decrease from baseline (P < 0.05),P = 0.1395; no significant difference between groups (P > 0.05); PG = 0.2232,not_reported,0.1395
24915066,arm_B,sham_acupuncture,HIT-6 score,quality_of_life,HIT-6 questionnaire,5–8 weeks after randomization,post,mean ± SD,50.39 (6.67),regex,mean_sd,50.39,6.67,,,,,,,,,,,,,40.0,False,,,True,migraine without aura,False,significant decrease from baseline (P < 0.05),P = 0.1395; no significant difference between groups (P > 0.05); PG = 0.2232,not_reported,0.1395
24915066,not_applicable,,Difference from baseline in VAS,pain,Visual Analogue Scale (VAS) score 0–10,end of treatment (week 8),post,mean (SE),Active group: 2.096 (0.25) 95% CI (1.61–2.58); Inactive group: 1.110 (0.25) 95% CI (0.62–1.60),unparseable,,,,,,,,,,,,,,,,40.0,False,0.0,10.0,True,migraine without aura,False,not_reported,P = 0.006 based on analysis of covariance with baseline VAS as a covariate,not_reported,P = 0.006
24968124,arm_mci,other,MMSE score,cognition,Mini-Mental State Examination (MMSE),baseline (subject characteristics),baseline,mean ± SD,26.4±0.9,regex,mean_sd,26.4,0.9,,,,,,,,,,,,,12.0,True,0.0,30.0,True,mild cognitive impairment (MCI); specifically amnestic MCI,True,not_reported,p<0.0001 (two sample two tailed t test),not_reported,p<0.0001
24968124,arm_hc,healthy_control,MMSE score,cognition,Mini-Mental State Examination (MMSE),baseline (subject characteristics),baseline,mean ± SD,29.8±0.4,regex,mean_sd,29.8,0.4,,,,,,,,,,,,,12.0,True,0.0,30.0,True,mild cognitive impairment (MCI); specifically amnestic MCI,True,not_reported,p<0.0001 (two sample two tailed t test),not_reported,p<0.0001
24968124,arm_mci,other,CDR,cognition,Clinical Dementia Rating (CDR),baseline (subject characteristics),baseline,other,0.5,unparseable,,,,,,,,,,,,,,,,12.0,False,0.0,3.0,True,mild cognitive impairment (MCI); specifically amnestic MCI,True,not_reported,not_reported,not_reported,not_reported
24968124,arm_hc,healthy_control,CDR,cognition,Clinical Dementia Rating (CDR),baseline (subject characteristics),baseline,other,0,unparseable,,,,,,,,,,,,,,,,12.0,False,0.0,3.0,True,mild cognitive impairment (MCI); specifically amnestic MCI,True,not_reported,not_reported,not_reported,not_reported
25220656,arm_PD,other,Unified Parkinson's Disease Rating Scale (UPDRS) motor score,symptom_severity,Unified Parkinson's Disease Rating Scale (UPDRS),after the fMRI experiment,other,mean ± SD,7.8 (SD = 3.9),unparseable,,,,,,,,,,,,,,,,12.0,False,,,True,"Parkinson's disease (idiopathic, clinically definite)",True,not_reported,not_reported,not_reported,not_reported
25220656,arm_PD,other,Hoehn and Yahr stage,symptom_severity,Hoehn and Yahr stage,baseline,baseline,narrative,"All had Hoehn and Yahr stage 1, 2, or 2.5",unparseable,,,,,,,,,,,,,,,,12.0,False,,,True,"Parkinson's disease (idiopathic, clinically definite)",True,not_reported,not_reported,not_reported,not_reported
25220656,arm_PD,other,Edinburgh Handedness Inventory,other,Edinburgh Handedness Inventory,baseline,baseline,mean ± SD,99.6% (SD = 1.4),unparseable,,,,,,,,,,,,,,,,12.0,,,,False,"Parkinson's disease (idiopathic, clinically definite)",True,not_reported,not_reported,not_reported,not_reported
25220656,arm_HC,healthy_control,Edinburgh Handedness Inventory,other,Edinburgh Handedness Inventory,baseline,baseline,mean ± SD,100% (SD = 0),unparseable,,,,,,,,,,,,,,,,12.0,,,,False,"Parkinson's disease (idiopathic, clinically definite)",True,not_reported,not_reported,not_reported,not_reported
25228908,arm_verum,verum_acupuncture,Tissue displacement at Zusanli before de qi,physiological,"In vivo ultrasonic imaging (System FiVe, GE-Vingmed, 7.5 MHz); RF data, 2 mm window, 60% overlap; 13.2 frames/second",before de qi,other,mean ± SD,0.105 ± 0.027 mm,regex,mean_sd,0.105,0.027,,,,,,,,,,,,,30.0,,,,False,Healthy volunteers (no disease condition),True,not_reported,not_reported,not_reported,not_reported
25228908,arm_verum,verum_acupuncture,Tissue displacement at Zusanli during de qi,physiological,"In vivo ultrasonic imaging (System FiVe, GE-Vingmed, 7.5 MHz); RF data, 2 mm window, 60% overlap; 13.2 frames/second",during de qi,during,mean ± SD,0.167 ± 0.047 mm,regex,mean_sd,0.167,0.047,,,,,,,,,,,,,30.0,,,,False,Healthy volunteers (no disease condition),True,increased in amplitude by up to 0.167 ± 0.047 mm during de qi stage compared with 0.105 ± 0.027 mm before de qi,not_reported,not_reported,P < 0.01
25228908,arm_verum,verum_acupuncture,Blood flow (blood perfusion) at Hegu (LI.4) acupoint at baseline,physiological,"PeriScan PIM II LDPI (Perimed Company, Sweden); scanning laser wavelength 670 nm; maximum output power 1 mW; NR scanning pattern; pixel size 0.5 × 0.5 mm²; LDPI 2.5 imaging software",Base blood flow (before acupuncture needle stimulation),baseline,narrative,basal blood flow of the healthy subjects was low,unparseable,,,,,,,,,,,,,,,,30.0,,,,False,Healthy volunteers (no disease condition),True,not_reported,not_reported,not_reported,not_reported
25228908,arm_verum,verum_acupuncture,Blood flow (blood perfusion) at Hegu (LI.4) acupoint before de qi (deep-punctured without de qi),physiological,PeriScan PIM II LDPI,"Pre-de qi (needle inserted, de qi not yet achieved)",other,narrative,blood flow increased transiently when the acupuncture needle was inserted into the acupoint Hegu and then reverted to baseline before de qi,unparseable,,,,,,,,,,,,,,,,30.0,,,,False,Healthy volunteers (no disease condition),True,significantly increased when deep-punctured but without De qi (P < 0.05),not_reported,not_reported,P < 0.05
25228908,arm_verum,verum_acupuncture,Blood flow (blood perfusion) at Hegu (LI.4) acupoint during de qi (D1–D6),physiological,PeriScan PIM II LDPI,D1–D6 (maintained at relatively high level for up to 6 min after de qi),other,narrative,skin blood flow increased significantly and was maintained at a relatively high level for up to 6 min (D1–D6); increment of blood perfusion was higher (about 10%) around Hegu after de qi than that measured before de qi,unparseable,,,,,,,,,,,,,,,,30.0,,,,False,Healthy volunteers (no disease condition),True,skin blood flows at the acupoints were more evident than those before de qi (P < 0.01) and these changes were time-dependent,not_reported,not_reported,P < 0.01
25228908,arm_verum,verum_acupuncture,Blood flow (blood perfusion) at Zusanli (ST.36) acupoint during de qi (D1–D6),physiological,PeriScan PIM II LDPI,D1–D6,other,narrative,Similar results were also found in Zusanli acupoint,unparseable,,,,,,,,,,,,,,,,30.0,,,,False,Healthy volunteers (no disease condition),True,similar to Hegu; skin blood flows more evident after de qi than before de qi,not_reported,not_reported,not_reported
25228908,arm_verum,verum_acupuncture,Deep resistance (myoelectricity amplitude) at Hegu acupoint before de qi,physiological,"Viking Quest portable EMG/evoked potential systems (NICOLET, USA)",before de qi,other,mean ± SD,34.85 ± 12.43 uV,regex,mean_sd,34.85,12.43,,,,,,,,,,,,,30.0,,,,False,Healthy volunteers (no disease condition),True,not_reported,not_reported,not_reported,not_reported
25228908,arm_verum,verum_acupuncture,Deep resistance (myoelectricity amplitude) at Hegu acupoint after de qi,physiological,"Viking Quest portable EMG/evoked potential systems (NICOLET, USA)",after de qi,other,mean ± SD,51.98 ± 11.84 uV,regex,mean_sd,51.98,11.84,,,,,,,,,,,,,30.0,,,,False,Healthy volunteers (no disease condition),True,increased from 34.85 ± 12.43 uV before de qi to 51.98 ± 11.84 uV after de qi,not_reported,not_reported,P < 0.01
25228908,arm_verum,verum_acupuncture,Deep resistance (myoelectricity amplitude) at Zusanli acupoint before de qi,physiological,"Viking Quest portable EMG/evoked potential systems (NICOLET, USA)",before de qi,other,mean ± SD,39.38 ± 9.07 uV,regex,mean_sd,39.38,9.07,,,,,,,,,,,,,30.0,,,,False,Healthy volunteers (no disease condition),True,not_reported,not_reported,not_reported,not_reported
25228908,arm_verum,verum_acupuncture,Deep resistance (myoelectricity amplitude) at Zusanli acupoint after de qi,physiological,"Viking Quest portable EMG/evoked potential systems (NICOLET, USA)",after de qi,other,mean ± SD,55.18 ± 6.19 uV,regex,mean_sd,55.18,6.19,,,,,,,,,,,,,30.0,,,,False,Healthy volunteers (no disease condition),True,increased from 39.38 ± 9.07 uV before de qi to 55.18 ± 6.19 uV after de qi,not_reported,not_reported,P < 0.01
25228908,arm_verum,verum_acupuncture,Change of electroencephalogram before and after de qi in different brain regions,physiological,"Biopac Systems EEG; 12 channels; α (8–13 Hz), β (13–30 Hz), θ (4–8 Hz), δ (0.5–4 Hz) bands; 10–20 electrode placement method",before and after de qi,other,narrative,"in different brain regions, the change of electroencephalogram before and after de qi was not evident",unparseable,,,,,,,,,,,,,,,,30.0,,,,False,Healthy volunteers (no disease condition),True,not evident,not_reported,not_reported,not_reported
25452777,arm_stroke,other,FM-UL (lower limb section of the Fugl-Meyer Scale),function,lower limb section of the Fugl-Meyer Scale,at enrollment (descriptive/baseline),baseline,count,Patient 1: 16; Patient 2: 12; Patient 3: 14; Patient 4: 13; Patient 5: 15; Patient 6: 11; Patient 7: 10; Patient 8: 12; Patient 9: 9; Patient 10: 15,unparseable,,,,,,,,,,,,,,,,10.0,True,,,True,subcortical ischemic stroke (patient group); healthy volunteers (control group),True,not_reported,not_reported,not_reported,not_reported
25916336,arm_MWoA,verum_acupuncture,VAS scores,pain,visual analogue scale (VAS),before treatment,baseline,mean ± SD,5.5 ± 1.3,regex,mean_sd,5.5,1.3,,,,,,,,,,,,,12.0,False,0.0,10.0,True,Migraine without aura (MWoA),True,not_reported,not_reported,not_reported,not_reported
25916336,arm_MWoA,verum_acupuncture,VAS scores,pain,visual analogue scale (VAS),after treatment,post,mean ± SD,2.7 ± 0.7,regex,mean_sd,2.7,0.7,,,,,,,,,,,,,12.0,False,0.0,10.0,True,Migraine without aura (MWoA),True,significant decrease (P < 0.05) after 4 weeks acupuncture treatment,not_reported,not_reported,P < 0.05
25916336,arm_MWoA,verum_acupuncture,Frequency of migraine attacks (times/month),symptom_severity,not_reported,before treatment,baseline,mean ± SD,4.5 ± 1.1,regex,mean_sd,4.5,1.1,,,,,,,,,,,,,12.0,,,,False,Migraine without aura (MWoA),True,not_reported,not_reported,not_reported,not_reported
25916336,arm_MWoA,verum_acupuncture,Frequency of migraine attacks (times/month),symptom_severity,not_reported,after treatment,post,mean ± SD,1.9 ± 0.7,regex,mean_sd,1.9,0.7,,,,,,,,,,,,,12.0,,,,False,Migraine without aura (MWoA),True,significant decrease (P < 0.05) after 4 weeks acupuncture treatment,not_reported,not_reported,P < 0.05
25916336,arm_MWoA,verum_acupuncture,Duration of migraine attacks (days/month),symptom_severity,not_reported,before treatment,baseline,mean ± SD,6.1 ± 3.2,regex,mean_sd,6.1,3.2,,,,,,,,,,,,,12.0,,,,False,Migraine without aura (MWoA),True,not_reported,not_reported,not_reported,not_reported
25916336,arm_MWoA,verum_acupuncture,Duration of migraine attacks (days/month),symptom_severity,not_reported,after treatment,post,mean ± SD,4.3 ± 1.8,regex,mean_sd,4.3,1.8,,,,,,,,,,,,,12.0,,,,False,Migraine without aura (MWoA),True,significant decrease (P < 0.05) after 4 weeks acupuncture treatment,not_reported,not_reported,P < 0.05
25916336,arm_MWoA,verum_acupuncture,Correlation between decreased FC Z-values and VAS scores before treatment,pain,visual analogue scale (VAS),before treatment,baseline,other,"R = -0.6289, P = 0.0494",unparseable,,,,,,,,,,,,,,,,12.0,False,0.0,10.0,True,Migraine without aura (MWoA),True,not_reported,not_reported,R = -0.6289,0.0494
25916336,arm_MWoA,verum_acupuncture,Correlation between increased FC Z-values and decrease of VAS scores after treatment,pain,visual analogue scale (VAS),after treatment,post,other,"R = -0.6633, P = 0.0370",unparseable,,,,,,,,,,,,,,,,12.0,False,0.0,10.0,True,Migraine without aura (MWoA),True,not_reported,not_reported,R = -0.6633,0.0370
26161117,arm_ALBP,other,intensity of LBP before ACUP scan,pain,"10-point visual analog scale (0 = none, 1–3 = mild, 4–6 = moderate, 7–9 = strong, 10 = unbearable)",pretreatment (before ACUP functional scan),other,mean ± SD,5.40 (S.D. = 0.98),unparseable,,,,,,,,,,,,,,,,28.0,False,,,True,Experimental acute low back pain (ALBP) induced by intramuscular hypertonic saline injection,True,not_reported,not reported for pretreatment,not_reported,not_reported
26161117,arm_ALBP,other,intensity of LBP after ACUP scan,pain,"10-point visual analog scale (0 = none, 1–3 = mild, 4–6 = moderate, 7–9 = strong, 10 = unbearable)",posttreatment (after ACUP functional scan),other,mean ± SD,3.47 (S.D. = 0.75),unparseable,,,,,,,,,,,,,,,,28.0,False,,,True,Experimental acute low back pain (ALBP) induced by intramuscular hypertonic saline injection,True,not_reported,significant difference between ACUP and SHAM posttreatment pain (P = 0.043),not_reported,P = 0.043
26161117,arm_ALBP,other,intensity of LBP before SHAM scan,pain,"10-point visual analog scale (0 = none, 1–3 = mild, 4–6 = moderate, 7–9 = strong, 10 = unbearable)",pretreatment (before SHAM functional scan),other,mean ± SD,5.60 (S.D. = 1.24),unparseable,,,,,,,,,,,,,,,,28.0,False,,,True,Experimental acute low back pain (ALBP) induced by intramuscular hypertonic saline injection,True,not_reported,not reported for pretreatment,not_reported,not_reported
26161117,arm_ALBP,other,intensity of LBP after SHAM scan,pain,"10-point visual analog scale (0 = none, 1–3 = mild, 4–6 = moderate, 7–9 = strong, 10 = unbearable)",posttreatment (after SHAM functional scan),other,mean ± SD,4.51 (S.D. = 1.06),unparseable,,,,,,,,,,,,,,,,28.0,False,,,True,Experimental acute low back pain (ALBP) induced by intramuscular hypertonic saline injection,True,not_reported,significant difference between ACUP and SHAM posttreatment pain (P = 0.043),not_reported,P = 0.043
26211895,not_applicable,,Point of subjective equality (PSE) in spatial two-point discrimination task,sensory,Spatial two-point discrimination task; psychometric function fit (Psyphy R package),prior to fMRI sessions,other,mean ± SD,32.93 ± 5.79 mm (global PSE: 32.62),regex,mean_sd,32.93,5.79,,,,,,,,,,,,,14.0,,,,False,healthy volunteers,True,not_reported,not_reported,not_reported,not_reported
26211895,arm_genuine,verum_acupuncture,Rate of correct acupoint location estimation in 2AFC task,sensory,two-alternative forced choice (2AFC) task,session 1 (genuine acupuncture),other,mean ± SD,0.986 ± 0.031,regex,mean_sd,0.986,0.031,,,,,,,,,,,,,14.0,,,,False,healthy volunteers,True,not_reported,not_reported,not_reported,not_reported
26211895,arm_pseudo,sham_acupuncture,Response frequency at each acupoint (PC6 vs HT7) in pseudo-stimulation session,sensory,two-alternative forced choice (2AFC) task,session 2 (pseudo-stimulation),other,mean ± SD,PC6: 9.2 ± 2.9 vs. HT7: 8.8 ± 3.3,unparseable,,,,,,,,,,,,,,,,12.0,,,,False,healthy volunteers,True,not_reported,"t = −0.3661, p = 0.7202",not_reported,p = 0.7202
26839078,VA1,verum_acupuncture,Headache intensity,pain,"visual analogue scale (VAS), 0–10",Baseline,baseline,mean (95% CI),5.45 (4.54; 6.37),regex,mean_ci,5.45,1.5483222873342812,,,,,4.54,6.37,,,,,,,11.0,False,0.0,10.0,True,Migraine without aura (MwoA),True,not_reported,not_reported,not_reported,not_reported
26839078,VA1,verum_acupuncture,Headache intensity,pain,"visual analogue scale (VAS), 0–10",End of treatment,post,mean (95% CI),3.18 (2.24; 4.12),regex,mean_ci,3.18,1.590626174966365,,,,,2.24,4.12,,,,,,,11.0,False,0.0,10.0,True,Migraine without aura (MwoA),True,not_reported,not_reported,not_reported,0.003
26839078,VA2,verum_acupuncture,Headache intensity,pain,"visual analogue scale (VAS), 0–10",Baseline,baseline,mean (95% CI),5.32 (4.68; 5.96),regex,mean_ci,5.32,1.0829795233813553,,,,,4.68,5.96,,,,,,,11.0,False,0.0,10.0,True,Migraine without aura (MwoA),True,not_reported,not_reported,not_reported,not_reported
26839078,VA2,verum_acupuncture,Headache intensity,pain,"visual analogue scale (VAS), 0–10",End of treatment,post,mean (95% CI),3.73 (2.82; 4.63),regex,mean_ci,3.73,1.5314007322814476,,,,,2.82,4.63,,,,,,,11.0,False,0.0,10.0,True,Migraine without aura (MwoA),True,not_reported,not_reported,not_reported,0.002
26839078,VA3,verum_acupuncture,Headache intensity,pain,"visual analogue scale (VAS), 0–10",Baseline,baseline,mean (95% CI),5.69 (5.12; 6.26),regex,mean_ci,5.69,1.0485531770482006,,,,,5.12,6.26,,,,,,,13.0,False,0.0,10.0,True,Migraine without aura (MwoA),True,not_reported,not_reported,not_reported,not_reported
26839078,VA3,verum_acupuncture,Headache intensity,pain,"visual analogue scale (VAS), 0–10",End of treatment,post,mean (95% CI),3.15 (2.31; 3.99),regex,mean_ci,3.15,1.5452362609131385,,,,,2.31,3.99,,,,,,,13.0,False,0.0,10.0,True,Migraine without aura (MwoA),True,not_reported,not_reported,not_reported,0.000
26839078,SA,sham_acupuncture,Headache intensity,pain,"visual analogue scale (VAS), 0–10",Baseline,baseline,mean (95% CI),5.18 (4.19; 6.17),regex,mean_ci,5.18,1.6752339502305331,,,,,4.19,6.17,,,,,,,11.0,False,0.0,10.0,True,Migraine without aura (MwoA),True,not_reported,not_reported,not_reported,not_reported
26839078,SA,sham_acupuncture,Headache intensity,pain,"visual analogue scale (VAS), 0–10",End of treatment,post,mean (95% CI),4.04 (3.09; 5.00),regex,mean_ci,4.04,1.616008507545616,,,,,3.09,5.0,,,,,,,11.0,False,0.0,10.0,True,Migraine without aura (MwoA),True,not_reported,not_reported,not_reported,0.158
26839078,WT,waitlist,Headache intensity,pain,"visual analogue scale (VAS), 0–10",Baseline,baseline,mean (95% CI),5.66 (5.16; 6.15),regex,mean_ci,5.66,1.0102040816326534,,,,,5.16,6.15,,,,,,,16.0,False,0.0,10.0,True,Migraine without aura (MwoA),True,not_reported,not_reported,not_reported,not_reported
26839078,WT,waitlist,Headache intensity,pain,"visual analogue scale (VAS), 0–10",End of treatment,post,mean (95% CI),5.72 (4.84; 6.59),regex,mean_ci,5.72,1.7857142857142858,,,,,4.84,6.59,,,,,,,16.0,False,0.0,10.0,True,Migraine without aura (MwoA),True,not_reported,not_reported,not_reported,0.861
26839078,AG,verum_acupuncture,Headache intensity,pain,"visual analogue scale (VAS), 0–10",Baseline,baseline,mean (95% CI),5.42 (5.08; 5.77),regex,mean_ci,5.42,1.1938284919276612,,,,,5.08,5.77,,,,,,,46.0,False,0.0,10.0,True,Migraine without aura (MwoA),True,not_reported,not_reported,not_reported,not_reported
26839078,AG,verum_acupuncture,Headache intensity,pain,"visual analogue scale (VAS), 0–10",End of treatment,post,mean (95% CI),3.51 (3.10;3.93),regex,mean_ci,3.51,1.4360545627535646,,,,,3.1,3.93,,,,,,,46.0,False,0.0,10.0,True,Migraine without aura (MwoA),True,not_reported,not_reported,not_reported,0.000
26839078,AG,verum_acupuncture,Headache intensity change (End-baseline),pain,"visual analogue scale (VAS), 0–10",End-baseline,baseline,mean (95% CI),AG: −1.91 (−2.46; −1.37); WT: 0.06 (−0.68; 0.81),unparseable,,,,,,,,,,,,,,,,,False,0.0,10.0,True,Migraine without aura (MwoA),True,not_reported,P value = 0.000 (AG vs WT),not_reported,0.000
26839078,VA1,verum_acupuncture,Headache frequency,symptom_severity,number of migraines separated by pain free intervals of at least 48hours of headache,Baseline,baseline,mean (95% CI),5.91 (3.88; 7.93),regex,mean_ci,5.91,3.4266148981988187,,,,,3.88,7.93,,,,,,,11.0,False,,,True,Migraine without aura (MwoA),True,not_reported,not_reported,not_reported,not_reported
26839078,VA1,verum_acupuncture,Headache frequency,symptom_severity,number of migraines separated by pain free intervals of at least 48hours of headache,End of treatment,post,mean (95% CI),4.18 (2.60; 5.77),regex,mean_ci,4.18,2.682066475874137,,,,,2.6,5.77,,,,,,,11.0,False,,,True,Migraine without aura (MwoA),True,not_reported,not_reported,not_reported,0.029
26839078,VA2,verum_acupuncture,Headache frequency,symptom_severity,number of migraines separated by pain free intervals of at least 48hours of headache,Baseline,baseline,mean (95% CI),7.45 (5.03; 9.88),regex,mean_ci,7.45,4.103477100312166,,,,,5.03,9.88,,,,,,,11.0,False,,,True,Migraine without aura (MwoA),True,not_reported,not_reported,not_reported,not_reported
26839078,VA2,verum_acupuncture,Headache frequency,symptom_severity,number of migraines separated by pain free intervals of at least 48hours of headache,End of treatment,post,mean (95% CI),6.18 (4.13; 8.03),regex,mean_ci,6.18,3.2997032353025655,,,,,4.13,8.03,,,,,,,11.0,False,,,True,Migraine without aura (MwoA),True,not_reported,not_reported,not_reported,0.111
26839078,VA3,verum_acupuncture,Headache frequency,symptom_severity,number of migraines separated by pain free intervals of at least 48hours of headache,Baseline,baseline,mean (95% CI),5.54 (3.35; 7.72),regex,mean_ci,5.54,4.019453845351436,,,,,3.35,7.72,,,,,,,13.0,False,,,True,Migraine without aura (MwoA),True,not_reported,not_reported,not_reported,not_reported
26839078,VA3,verum_acupuncture,Headache frequency,symptom_severity,number of migraines separated by pain free intervals of at least 48hours of headache,End of treatment,post,mean (95% CI),4.08 (2.40; 5.76),regex,mean_ci,4.08,3.090472521826276,,,,,2.4,5.76,,,,,,,13.0,False,,,True,Migraine without aura (MwoA),True,not_reported,not_reported,not_reported,0.038
26839078,SA,sham_acupuncture,Headache frequency,symptom_severity,number of migraines separated by pain free intervals of at least 48hours of headache,Baseline,baseline,mean (95% CI),6.45 (4.34; 8.57),regex,mean_ci,6.45,3.5789088936743223,,,,,4.34,8.57,,,,,,,11.0,False,,,True,Migraine without aura (MwoA),True,not_reported,not_reported,not_reported,not_reported
26839078,SA,sham_acupuncture,Headache frequency,symptom_severity,number of migraines separated by pain free intervals of at least 48hours of headache,End of treatment,post,mean (95% CI),6.45 (3.97; 8.94),regex,mean_ci,6.45,4.205006430629167,,,,,3.97,8.94,,,,,,,11.0,False,,,True,Migraine without aura (MwoA),True,not_reported,not_reported,not_reported,0.999
26839078,WT,waitlist,Headache frequency,symptom_severity,number of migraines separated by pain free intervals of at least 48hours of headache,Baseline,baseline,mean (95% CI),4.31 (2.91; 5.71),regex,mean_ci,4.31,2.857142857142857,,,,,2.91,5.71,,,,,,,16.0,False,,,True,Migraine without aura (MwoA),True,not_reported,not_reported,not_reported,not_reported
26839078,WT,waitlist,Headache frequency,symptom_severity,number of migraines separated by pain free intervals of at least 48hours of headache,End of treatment,post,mean (95% CI),8.63 (6.14; 11.11),regex,mean_ci,8.63,5.071428571428571,,,,,6.14,11.11,,,,,,,16.0,False,,,True,Migraine without aura (MwoA),True,not_reported,not_reported,not_reported,0.000
26839078,AG,verum_acupuncture,Headache frequency,symptom_severity,number of migraines separated by pain free intervals of at least 48hours of headache,Baseline,baseline,mean (95% CI),6.30 (5.31; 7.30),regex,mean_ci,6.3,3.443070578168185,,,,,5.31,7.3,,,,,,,46.0,False,,,True,Migraine without aura (MwoA),True,not_reported,not_reported,not_reported,not_reported
26839078,AG,verum_acupuncture,Headache frequency,symptom_severity,number of migraines separated by pain free intervals of at least 48hours of headache,End of treatment,post,mean (95% CI),5.17 (4.27; 6.08),regex,mean_ci,5.17,3.1316370585348823,,,,,4.27,6.08,,,,,,,46.0,False,,,True,Migraine without aura (MwoA),True,not_reported,not_reported,not_reported,0.009
26839078,AG,verum_acupuncture,Headache frequency change (End-baseline),symptom_severity,number of migraines separated by pain free intervals of at least 48hours of headache,End-baseline,baseline,mean (95% CI),AG: −1.13 (−1.97; −0.29); WT: 4.31 (2.26; 6.37),unparseable,,,,,,,,,,,,,,,,,False,,,True,Migraine without aura (MwoA),True,not_reported,P value = 0.000 (AG vs WT),not_reported,0.000
26839078,VA1,verum_acupuncture,SAS score,mood,self-rating anxiety scale (SAS),Baseline,baseline,mean (95% CI),45.05 (39.72; 50.37),regex,mean_ci,45.05,9.010728065633929,,,,,39.72,50.37,,,,,,,11.0,False,20.0,80.0,True,Migraine without aura (MwoA),True,not_reported,not_reported,not_reported,not_reported
26839078,VA1,verum_acupuncture,SAS score,mood,self-rating anxiety scale (SAS),End of treatment,post,mean (95% CI),39.20 (31.93; 46.48),regex,mean_ci,39.2,12.310431300936497,,,,,31.93,46.48,,,,,,,11.0,False,20.0,80.0,True,Migraine without aura (MwoA),True,not_reported,not_reported,not_reported,0.101
26839078,VA2,verum_acupuncture,SAS score,mood,self-rating anxiety scale (SAS),Baseline,baseline,mean (95% CI),45.27 (39.71; 50.83),regex,mean_ci,45.27,9.40838460937552,,,,,39.71,50.83,,,,,,,11.0,False,20.0,80.0,True,Migraine without aura (MwoA),True,not_reported,not_reported,not_reported,not_reported
26839078,VA2,verum_acupuncture,SAS score,mood,self-rating anxiety scale (SAS),End of treatment,post,mean (95% CI),41.77 (36.43; 47.11),regex,mean_ci,41.77,9.03611039821318,,,,,36.43,47.11,,,,,,,11.0,False,20.0,80.0,True,Migraine without aura (MwoA),True,not_reported,not_reported,not_reported,0.180
26839078,VA3,verum_acupuncture,SAS score,mood,self-rating anxiety scale (SAS),Baseline,baseline,mean (95% CI),46.75 (40.50; 53.00),regex,mean_ci,46.75,11.49729360798466,,,,,40.5,53.0,,,,,,,13.0,False,20.0,80.0,True,Migraine without aura (MwoA),True,not_reported,not_reported,not_reported,not_reported
26839078,VA3,verum_acupuncture,SAS score,mood,self-rating anxiety scale (SAS),End of treatment,post,mean (95% CI),37.96 (31.68; 44.25),regex,mean_ci,37.96,11.561678452189373,,,,,31.68,44.25,,,,,,,13.0,False,20.0,80.0,True,Migraine without aura (MwoA),True,not_reported,not_reported,not_reported,0.015
26839078,SA,sham_acupuncture,SAS score,mood,self-rating anxiety scale (SAS),Baseline,baseline,mean (95% CI),45.68 (40.35; 51.01),regex,mean_ci,45.68,9.019188843160345,,,,,40.35,51.01,,,,,,,11.0,False,20.0,80.0,True,Migraine without aura (MwoA),True,not_reported,not_reported,not_reported,not_reported
26839078,SA,sham_acupuncture,SAS score,mood,self-rating anxiety scale (SAS),End of treatment,post,mean (95% CI),38.02 (32.97; 43.08),regex,mean_ci,38.02,8.553846079207421,,,,,32.97,43.08,,,,,,,11.0,False,20.0,80.0,True,Migraine without aura (MwoA),True,not_reported,not_reported,not_reported,0.081
26839078,WT,waitlist,SAS score,mood,self-rating anxiety scale (SAS),Baseline,baseline,mean (95% CI),46.81 (41.52; 52.11),regex,mean_ci,46.81,10.806122448979588,,,,,41.52,52.11,,,,,,,16.0,False,20.0,80.0,True,Migraine without aura (MwoA),True,not_reported,not_reported,not_reported,not_reported
26839078,WT,waitlist,SAS score,mood,self-rating anxiety scale (SAS),End of treatment,post,mean (95% CI),41.64 (37.76; 45.52),regex,mean_ci,41.64,7.918367346938781,,,,,37.76,45.52,,,,,,,16.0,False,20.0,80.0,True,Migraine without aura (MwoA),True,not_reported,not_reported,not_reported,0.040
26839078,AG,verum_acupuncture,SAS score,mood,self-rating anxiety scale (SAS),Baseline,baseline,mean (95% CI),45.73 (43.21; 48.26),regex,mean_ci,45.73,8.737440411934333,,,,,43.21,48.26,,,,,,,46.0,False,20.0,80.0,True,Migraine without aura (MwoA),True,not_reported,not_reported,not_reported,not_reported
26839078,AG,verum_acupuncture,SAS score,mood,self-rating anxiety scale (SAS),End of treatment,post,mean (95% CI),39.18 (36.46; 41.91),regex,mean_ci,39.18,9.429514900008336,,,,,36.46,41.91,,,,,,,46.0,False,20.0,80.0,True,Migraine without aura (MwoA),True,not_reported,not_reported,not_reported,0.000
26839078,VA1,verum_acupuncture,SDS score,mood,self-rating depression scale (SDS),Baseline,baseline,mean (95% CI),42.41 (34.55; 50.27),regex,mean_ci,42.41,13.30034227152727,,,,,34.55,50.27,,,,,,,11.0,False,20.0,80.0,True,Migraine without aura (MwoA),True,not_reported,not_reported,not_reported,not_reported
26839078,VA1,verum_acupuncture,SDS score,mood,self-rating depression scale (SDS),End of treatment,post,mean (95% CI),41.93 (33.11; 50.75),regex,mean_ci,41.93,14.924811556599298,,,,,33.11,50.75,,,,,,,11.0,False,20.0,80.0,True,Migraine without aura (MwoA),True,not_reported,not_reported,not_reported,0.832
26839078,VA2,verum_acupuncture,SDS score,mood,self-rating depression scale (SDS),Baseline,baseline,mean (95% CI),50.86 (45.14; 56.59),regex,mean_ci,50.86,9.68759026774728,,,,,45.14,56.59,,,,,,,11.0,False,20.0,80.0,True,Migraine without aura (MwoA),True,not_reported,not_reported,not_reported,not_reported
26839078,VA2,verum_acupuncture,SDS score,mood,self-rating depression scale (SDS),End of treatment,post,mean (95% CI),43.86 (36.67; 51.05),regex,mean_ci,43.86,12.166598082987408,,,,,36.67,51.05,,,,,,,11.0,False,20.0,80.0,True,Migraine without aura (MwoA),True,not_reported,not_reported,not_reported,0.071
26839078,VA3,verum_acupuncture,SDS score,mood,self-rating depression scale (SDS),Baseline,baseline,mean (95% CI),43.90 (36.43; 51.38),regex,mean_ci,43.9,13.750763155149654,,,,,36.43,51.38,,,,,,,13.0,False,20.0,80.0,True,Migraine without aura (MwoA),True,not_reported,not_reported,not_reported,not_reported
26839078,VA3,verum_acupuncture,SDS score,mood,self-rating depression scale (SDS),End of treatment,post,mean (95% CI),38.92 (32.31; 45.53),regex,mean_ci,38.92,12.159537719804575,,,,,32.31,45.53,,,,,,,13.0,False,20.0,80.0,True,Migraine without aura (MwoA),True,not_reported,not_reported,not_reported,0.070
26839078,SA,sham_acupuncture,SDS score,mood,self-rating depression scale (SDS),Baseline,baseline,mean (95% CI),44.27 (37.41; 51.14),regex,mean_ci,44.27,11.61664754377032,,,,,37.41,51.14,,,,,,,11.0,False,20.0,80.0,True,Migraine without aura (MwoA),True,not_reported,not_reported,not_reported,not_reported
26839078,SA,sham_acupuncture,SDS score,mood,self-rating depression scale (SDS),End of treatment,post,mean (95% CI),37.34 (30.69; 43.98),regex,mean_ci,37.34,11.244373332607973,,,,,30.69,43.98,,,,,,,11.0,False,20.0,80.0,True,Migraine without aura (MwoA),True,not_reported,not_reported,not_reported,0.118
26839078,WT,waitlist,SDS score,mood,self-rating depression scale (SDS),Baseline,baseline,mean (95% CI),47.34 (42.48; 52.21),regex,mean_ci,47.34,9.928571428571432,,,,,42.48,52.21,,,,,,,16.0,False,20.0,80.0,True,Migraine without aura (MwoA),True,not_reported,not_reported,not_reported,not_reported
26839078,WT,waitlist,SDS score,mood,self-rating depression scale (SDS),End of treatment,post,mean (95% CI),41.25 (35.99; 46.51),regex,mean_ci,41.25,10.734693877551017,,,,,35.99,46.51,,,,,,,16.0,False,20.0,80.0,True,Migraine without aura (MwoA),True,not_reported,not_reported,not_reported,0.065
26839078,AG,verum_acupuncture,SDS score,mood,self-rating depression scale (SDS),Baseline,baseline,mean (95% CI),45.30 (42.03; 48.57),regex,mean_ci,45.3,11.315417880010012,,,,,42.03,48.57,,,,,,,46.0,False,20.0,80.0,True,Migraine without aura (MwoA),True,not_reported,not_reported,not_reported,not_reported
26839078,AG,verum_acupuncture,SDS score,mood,self-rating depression scale (SDS),End of treatment,post,mean (95% CI),40.45 (37.14; 43.75),regex,mean_ci,40.45,11.436530915422964,,,,,37.14,43.75,,,,,,,46.0,False,20.0,80.0,True,Migraine without aura (MwoA),True,not_reported,not_reported,not_reported,0.003
27242492,arm_HC,healthy_control,17-items Hamilton Depression Rating Scale (HDRS-17),symptom_severity,HDRS-17,baseline,baseline,mean ± SD,4.48 ± 3.22,regex,mean_sd,4.48,3.22,,,,,,,,,,,,,29.0,False,,,True,"First-episode, drug-naïve major depressive disorder (MDD)",True,not_reported,not_reported,not_reported,<0.001
27242492,arm_MDD,verum_acupuncture,17-items Hamilton Depression Rating Scale (HDRS-17),symptom_severity,HDRS-17,baseline,baseline,mean ± SD,21.31 ± 2.58,regex,mean_sd,21.31,2.58,,,,,,,,,,,,,29.0,False,,,True,"First-episode, drug-naïve major depressive disorder (MDD)",True,not_reported,not_reported,not_reported,<0.001
27242492,arm_HC,healthy_control,self-rating depression scale (SDS),mood,SDS,baseline,baseline,mean ± SD,42.17 ± 7.74,regex,mean_sd,42.17,7.74,,,,,,,,,,,,,29.0,False,20.0,80.0,True,"First-episode, drug-naïve major depressive disorder (MDD)",True,not_reported,not_reported,not_reported,<0.001
27242492,arm_MDD,verum_acupuncture,self-rating depression scale (SDS),mood,SDS,baseline,baseline,mean ± SD,62.72 ± 9.81,regex,mean_sd,62.72,9.81,,,,,,,,,,,,,29.0,False,20.0,80.0,True,"First-episode, drug-naïve major depressive disorder (MDD)",True,not_reported,not_reported,not_reported,<0.001
27242492,arm_HC,healthy_control,self rating anxiety scale (SAS),mood,SAS,baseline,baseline,mean ± SD,43.00 ± 7.59,regex,mean_sd,43.0,7.59,,,,,,,,,,,,,29.0,False,20.0,80.0,True,"First-episode, drug-naïve major depressive disorder (MDD)",True,not_reported,not_reported,not_reported,<0.001
27242492,arm_MDD,verum_acupuncture,self rating anxiety scale (SAS),mood,SAS,baseline,baseline,mean ± SD,62.14 ± 8.79,regex,mean_sd,62.14,8.79,,,,,,,,,,,,,29.0,False,20.0,80.0,True,"First-episode, drug-naïve major depressive disorder (MDD)",True,not_reported,not_reported,not_reported,<0.001
27242492,arm_HC,healthy_control,Age (years),other,not_reported,baseline,baseline,mean ± SD,26.76 ± 1.72,regex,mean_sd,26.76,1.72,,,,,,,,,,,,,29.0,,,,False,"First-episode, drug-naïve major depressive disorder (MDD)",True,not_reported,not_reported,not_reported,0.138
27242492,arm_MDD,verum_acupuncture,Age (years),other,not_reported,baseline,baseline,mean ± SD,28.69 ± 6.69,regex,mean_sd,28.69,6.69,,,,,,,,,,,,,29.0,,,,False,"First-episode, drug-naïve major depressive disorder (MDD)",True,not_reported,not_reported,not_reported,0.138
27242492,arm_HC,healthy_control,Weight (kg),other,not_reported,baseline,baseline,mean ± SD,59.55 ± 12.95,regex,mean_sd,59.55,12.95,,,,,,,,,,,,,29.0,,,,False,"First-episode, drug-naïve major depressive disorder (MDD)",True,not_reported,not_reported,not_reported,0.157
27242492,arm_MDD,verum_acupuncture,Weight (kg),other,not_reported,baseline,baseline,mean ± SD,55.10 ± 10.50,regex,mean_sd,55.1,10.5,,,,,,,,,,,,,29.0,,,,False,"First-episode, drug-naïve major depressive disorder (MDD)",True,not_reported,not_reported,not_reported,0.157
27242911,arm_included_studies,other,Average sample size per group across all included studies,other,not_reported,1995–2014,other,mean,15 participants per group,unparseable,,,,,,,,,,,,,,,,168.0,,,,False,"Multiple; includes healthy volunteers and patients with neurological, pain, psychosomatic, gastroenterological, pediatric, rheumatological, dermatological, and ophthalmological conditions",,not_reported,not_reported,not_reported,not_reported
27242911,arm_included_studies,other,Average sample size per group for studies performed on patients,other,not_reported,1995–2014,other,mean,"16 participants per group; maximal 55, minimal 1",unparseable,,,,,,,,,,,,,,,,25.0,,,,False,"Multiple; includes healthy volunteers and patients with neurological, pain, psychosomatic, gastroenterological, pediatric, rheumatological, dermatological, and ophthalmological conditions",,not_reported,not_reported,not_reported,not_reported
27242911,arm_included_studies,other,Average sample size per group for studies performed on healthy subjects,other,not_reported,1995–2014,other,mean,"14 per group; maximal 48, minimal 1",unparseable,,,,,,,,,,,,,,,,122.0,,,,False,"Multiple; includes healthy volunteers and patients with neurological, pain, psychosomatic, gastroenterological, pediatric, rheumatological, dermatological, and ophthalmological conditions",,not_reported,not_reported,not_reported,not_reported
27242911,arm_included_studies,other,Number of studies performed on healthy subjects,other,not_reported,1995–2014,other,count,122 studies (72.78%),unparseable,,,,,,,,,,,,,,,,168.0,,,,False,"Multiple; includes healthy volunteers and patients with neurological, pain, psychosomatic, gastroenterological, pediatric, rheumatological, dermatological, and ophthalmological conditions",,not_reported,not_reported,not_reported,not_reported
27242911,arm_included_studies,other,Number of studies performed on patients,other,not_reported,1995–2014,other,count,25 studies,unparseable,,,,,,,,,,,,,,,,168.0,,,,False,"Multiple; includes healthy volunteers and patients with neurological, pain, psychosomatic, gastroenterological, pediatric, rheumatological, dermatological, and ophthalmological conditions",,not_reported,not_reported,not_reported,not_reported
27242911,arm_included_studies,other,Number of studies recruiting both healthy subjects and patients,other,not_reported,1995–2014,other,count,21 studies,unparseable,,,,,,,,,,,,,,,,168.0,,,,False,"Multiple; includes healthy volunteers and patients with neurological, pain, psychosomatic, gastroenterological, pediatric, rheumatological, dermatological, and ophthalmological conditions",,not_reported,not_reported,not_reported,not_reported
27242911,arm_included_studies,other,Average age range of healthy subjects across included studies,other,not_reported,1995–2014,other,mean,average age range 18.3 years old; maximal age range 62; minimal age range 3,unparseable,,,,,,,,,,,,,,,,,,,,False,"Multiple; includes healthy volunteers and patients with neurological, pain, psychosomatic, gastroenterological, pediatric, rheumatological, dermatological, and ophthalmological conditions",,not_reported,not_reported,not_reported,not_reported
27242911,arm_included_studies,other,Average age range of patients across included studies,other,not_reported,1995–2014,other,mean,average age range 29 years old; maximal age range 57; minimal age range 6,unparseable,,,,,,,,,,,,,,,,,,,,False,"Multiple; includes healthy volunteers and patients with neurological, pain, psychosomatic, gastroenterological, pediatric, rheumatological, dermatological, and ophthalmological conditions",,not_reported,not_reported,not_reported,not_reported
27242911,arm_included_studies,other,Gender of participants reported,other,not_reported,1995–2014,other,count,159 studies described gender (56.7% male and 43.3% female); 9 studies did not mention gender,unparseable,,,,,,,,,,,,,,,,168.0,,,,False,"Multiple; includes healthy volunteers and patients with neurological, pain, psychosomatic, gastroenterological, pediatric, rheumatological, dermatological, and ophthalmological conditions",,not_reported,not_reported,not_reported,not_reported
27242911,arm_included_studies,other,Studies that described and restricted the race of participants,other,not_reported,1995–2014,other,count,14 studies (8.33%),unparseable,,,,,,,,,,,,,,,,168.0,,,,False,"Multiple; includes healthy volunteers and patients with neurological, pain, psychosomatic, gastroenterological, pediatric, rheumatological, dermatological, and ophthalmological conditions",,not_reported,not_reported,not_reported,not_reported
27242911,arm_included_studies,other,Studies that asked for right-hand participants in inclusion criteria,other,not_reported,1995–2014,other,count,136 studies,unparseable,,,,,,,,,,,,,,,,168.0,,,,False,"Multiple; includes healthy volunteers and patients with neurological, pain, psychosomatic, gastroenterological, pediatric, rheumatological, dermatological, and ophthalmological conditions",,not_reported,not_reported,not_reported,not_reported
27242911,arm_included_studies,other,Studies performing psychological assessment on participants,mood,"SDS, SAS, BDI, STAI",1995–2014,other,count,4 studies; SDS and SAS used in 2 studies; BDI used in 1 study; STAI used in 1 study,unparseable,,,,,,,,,,,,,,,,168.0,False,20.0,80.0,True,"Multiple; includes healthy volunteers and patients with neurological, pain, psychosomatic, gastroenterological, pediatric, rheumatological, dermatological, and ophthalmological conditions",,not_reported,not_reported,not_reported,not_reported
27242911,arm_included_studies,other,Studies describing participants as acupuncture naive,other,not_reported,1995–2014,other,count,73 articles described participants as acupuncture naive; 81 articles total described acupuncture experience; 44.04% of studies had acupuncture naive participants,unparseable,,,,,,,,,,,,,,,,168.0,,,,False,"Multiple; includes healthy volunteers and patients with neurological, pain, psychosomatic, gastroenterological, pediatric, rheumatological, dermatological, and ophthalmological conditions",,not_reported,not_reported,not_reported,not_reported
27242911,arm_included_studies,other,Studies that mentioned ethical review,other,not_reported,1995–2014,other,count,139 studies,unparseable,,,,,,,,,,,,,,,,168.0,,,,False,"Multiple; includes healthy volunteers and patients with neurological, pain, psychosomatic, gastroenterological, pediatric, rheumatological, dermatological, and ophthalmological conditions",,not_reported,not_reported,not_reported,not_reported
27242911,arm_included_studies,other,Studies performed with the cooperation of more than two countries,other,not_reported,1995–2014,other,percentage,60 studies (63.7%),unparseable,,,,,,,,,,,,,,,,168.0,,,,False,"Multiple; includes healthy volunteers and patients with neurological, pain, psychosomatic, gastroenterological, pediatric, rheumatological, dermatological, and ophthalmological conditions",,not_reported,not_reported,not_reported,not_reported
27242911,arm_included_studies,other,Proportion of studies using manual acupuncture as intervention method (1995–2014),other,not_reported,1995–2014,other,percentage,66.27% (111 studies),unparseable,,,,,,,,,,,,,,,,168.0,,,,False,"Multiple; includes healthy volunteers and patients with neurological, pain, psychosomatic, gastroenterological, pediatric, rheumatological, dermatological, and ophthalmological conditions",,not_reported,not_reported,not_reported,not_reported
27242911,arm_included_studies,other,Proportion of studies using electroacupuncture as intervention method (1995–2014),other,not_reported,1995–2014,other,percentage,18.93% (32 studies),unparseable,,,,,,,,,,,,,,,,168.0,,,,False,"Multiple; includes healthy volunteers and patients with neurological, pain, psychosomatic, gastroenterological, pediatric, rheumatological, dermatological, and ophthalmological conditions",,not_reported,not_reported,not_reported,not_reported
27242911,arm_included_studies,other,Studies that described manipulation procedure of acupuncture,other,not_reported,1995–2014,other,count,134 articles (79.88%),unparseable,,,,,,,,,,,,,,,,168.0,,,,False,"Multiple; includes healthy volunteers and patients with neurological, pain, psychosomatic, gastroenterological, pediatric, rheumatological, dermatological, and ophthalmological conditions",,not_reported,not_reported,not_reported,not_reported
27242911,arm_included_studies,other,Studies that mentioned the qualification of acupuncturists,other,not_reported,1995–2014,other,count,99 articles (59.5%),unparseable,,,,,,,,,,,,,,,,168.0,,,,False,"Multiple; includes healthy volunteers and patients with neurological, pain, psychosomatic, gastroenterological, pediatric, rheumatological, dermatological, and ophthalmological conditions",,not_reported,not_reported,not_reported,not_reported
27242911,arm_included_studies,other,Number of studies on Stroke,other,not_reported,1995–2014,other,count,12 studies,unparseable,,,,,,,,,,,,,,,,,,,,False,"Multiple; includes healthy volunteers and patients with neurological, pain, psychosomatic, gastroenterological, pediatric, rheumatological, dermatological, and ophthalmological conditions",,not_reported,not_reported,not_reported,not_reported
27242911,arm_included_studies,other,Number of studies on Alzheimer's disease,other,not_reported,1995–2014,other,count,2 studies,unparseable,,,,,,,,,,,,,,,,,,,,False,"Multiple; includes healthy volunteers and patients with neurological, pain, psychosomatic, gastroenterological, pediatric, rheumatological, dermatological, and ophthalmological conditions",,not_reported,not_reported,not_reported,not_reported
27242911,arm_included_studies,other,Number of studies on Bell's palsy,other,not_reported,1995–2014,other,count,2 studies,unparseable,,,,,,,,,,,,,,,,,,,,False,"Multiple; includes healthy volunteers and patients with neurological, pain, psychosomatic, gastroenterological, pediatric, rheumatological, dermatological, and ophthalmological conditions",,not_reported,not_reported,not_reported,not_reported
27242911,arm_included_studies,other,Number of studies on Mild cognitive impairment,other,not_reported,1995–2014,other,count,2 studies,unparseable,,,,,,,,,,,,,,,,,,,,False,"Multiple; includes healthy volunteers and patients with neurological, pain, psychosomatic, gastroenterological, pediatric, rheumatological, dermatological, and ophthalmological conditions",,not_reported,not_reported,not_reported,not_reported
27242911,arm_included_studies,other,Number of studies on Parkinson's disease,other,not_reported,1995–2014,other,count,2 studies,unparseable,,,,,,,,,,,,,,,,,,,,False,"Multiple; includes healthy volunteers and patients with neurological, pain, psychosomatic, gastroenterological, pediatric, rheumatological, dermatological, and ophthalmological conditions",,not_reported,not_reported,not_reported,not_reported
27242911,arm_included_studies,other,Number of studies on Vascular aphasia,other,not_reported,1995–2014,other,count,1 study,unparseable,,,,,,,,,,,,,,,,,,,,False,"Multiple; includes healthy volunteers and patients with neurological, pain, psychosomatic, gastroenterological, pediatric, rheumatological, dermatological, and ophthalmological conditions",,not_reported,not_reported,not_reported,not_reported
27242911,arm_included_studies,other,Number of studies on Carpal tunnel syndrome,other,not_reported,1995–2014,other,count,5 studies,unparseable,,,,,,,,,,,,,,,,,,,,False,"Multiple; includes healthy volunteers and patients with neurological, pain, psychosomatic, gastroenterological, pediatric, rheumatological, dermatological, and ophthalmological conditions",,not_reported,not_reported,not_reported,not_reported
27242911,arm_included_studies,other,Number of studies on Migraine,other,not_reported,1995–2014,other,count,2 studies,unparseable,,,,,,,,,,,,,,,,,,,,False,"Multiple; includes healthy volunteers and patients with neurological, pain, psychosomatic, gastroenterological, pediatric, rheumatological, dermatological, and ophthalmological conditions",,not_reported,not_reported,not_reported,not_reported
27242911,arm_included_studies,other,Number of studies on Chronic low back pain,other,not_reported,1995–2014,other,count,1 study,unparseable,,,,,,,,,,,,,,,,,,,,False,"Multiple; includes healthy volunteers and patients with neurological, pain, psychosomatic, gastroenterological, pediatric, rheumatological, dermatological, and ophthalmological conditions",,not_reported,not_reported,not_reported,not_reported
27242911,arm_included_studies,other,Number of studies on Fibromyalgia,other,not_reported,1995–2014,other,count,1 study,unparseable,,,,,,,,,,,,,,,,,,,,False,"Multiple; includes healthy volunteers and patients with neurological, pain, psychosomatic, gastroenterological, pediatric, rheumatological, dermatological, and ophthalmological conditions",,not_reported,not_reported,not_reported,not_reported
27242911,arm_included_studies,other,Number of studies on Chronic knee osteoarthritis pain,other,not_reported,1995–2014,other,count,1 study,unparseable,,,,,,,,,,,,,,,,,,,,False,"Multiple; includes healthy volunteers and patients with neurological, pain, psychosomatic, gastroenterological, pediatric, rheumatological, dermatological, and ophthalmological conditions",,not_reported,not_reported,not_reported,not_reported
27242911,arm_included_studies,other,Number of studies on Musculoskeletal disease,other,not_reported,1995–2014,other,count,1 study,unparseable,,,,,,,,,,,,,,,,,,,,False,"Multiple; includes healthy volunteers and patients with neurological, pain, psychosomatic, gastroenterological, pediatric, rheumatological, dermatological, and ophthalmological conditions",,not_reported,not_reported,not_reported,not_reported
27242911,arm_included_studies,other,Number of studies on Depression,other,not_reported,1995–2014,other,count,2 studies,unparseable,,,,,,,,,,,,,,,,,,,,False,"Multiple; includes healthy volunteers and patients with neurological, pain, psychosomatic, gastroenterological, pediatric, rheumatological, dermatological, and ophthalmological conditions",,not_reported,not_reported,not_reported,not_reported
27242911,arm_included_studies,other,Number of studies on Heavy smoker,other,not_reported,1995–2014,other,count,1 study,unparseable,,,,,,,,,,,,,,,,,,,,False,"Multiple; includes healthy volunteers and patients with neurological, pain, psychosomatic, gastroenterological, pediatric, rheumatological, dermatological, and ophthalmological conditions",,not_reported,not_reported,not_reported,not_reported
27242911,arm_included_studies,other,Number of studies on Heroin addicts,other,not_reported,1995–2014,other,count,1 study,unparseable,,,,,,,,,,,,,,,,,,,,False,"Multiple; includes healthy volunteers and patients with neurological, pain, psychosomatic, gastroenterological, pediatric, rheumatological, dermatological, and ophthalmological conditions",,not_reported,not_reported,not_reported,not_reported
27242911,arm_included_studies,other,Number of studies on Functional diarrhea,other,not_reported,1995–2014,other,count,1 study,unparseable,,,,,,,,,,,,,,,,,,,,False,"Multiple; includes healthy volunteers and patients with neurological, pain, psychosomatic, gastroenterological, pediatric, rheumatological, dermatological, and ophthalmological conditions",,not_reported,not_reported,not_reported,not_reported
27242911,arm_included_studies,other,Number of studies on Irritable bowel syndrome—diarrhea,other,not_reported,1995–2014,other,count,2 studies,unparseable,,,,,,,,,,,,,,,,,,,,False,"Multiple; includes healthy volunteers and patients with neurological, pain, psychosomatic, gastroenterological, pediatric, rheumatological, dermatological, and ophthalmological conditions",,not_reported,not_reported,not_reported,not_reported
27242911,arm_included_studies,other,Number of studies on Functional dyspepsia,other,not_reported,1995–2014,other,count,1 study,unparseable,,,,,,,,,,,,,,,,,,,,False,"Multiple; includes healthy volunteers and patients with neurological, pain, psychosomatic, gastroenterological, pediatric, rheumatological, dermatological, and ophthalmological conditions",,not_reported,not_reported,not_reported,not_reported
27242911,arm_included_studies,other,Number of studies on Childhood autism,other,not_reported,1995–2014,other,count,1 study,unparseable,,,,,,,,,,,,,,,,,,,,False,"Multiple; includes healthy volunteers and patients with neurological, pain, psychosomatic, gastroenterological, pediatric, rheumatological, dermatological, and ophthalmological conditions",,not_reported,not_reported,not_reported,not_reported
27242911,arm_included_studies,other,Number of studies on Children with visual disorder,other,not_reported,1995–2014,other,count,1 study,unparseable,,,,,,,,,,,,,,,,,,,,False,"Multiple; includes healthy volunteers and patients with neurological, pain, psychosomatic, gastroenterological, pediatric, rheumatological, dermatological, and ophthalmological conditions",,not_reported,not_reported,not_reported,not_reported
27242911,arm_included_studies,other,Number of studies on Children with a severe type of cerebral palsy,other,not_reported,1995–2014,other,count,1 study,unparseable,,,,,,,,,,,,,,,,,,,,False,"Multiple; includes healthy volunteers and patients with neurological, pain, psychosomatic, gastroenterological, pediatric, rheumatological, dermatological, and ophthalmological conditions",,not_reported,not_reported,not_reported,not_reported
27242911,arm_included_studies,other,Number of studies on Rheumatoid arthritis,other,not_reported,1995–2014,other,count,1 study,unparseable,,,,,,,,,,,,,,,,,,,,False,"Multiple; includes healthy volunteers and patients with neurological, pain, psychosomatic, gastroenterological, pediatric, rheumatological, dermatological, and ophthalmological conditions",,not_reported,not_reported,not_reported,not_reported
27242911,arm_included_studies,other,Number of studies on Atopic dermatitis,other,not_reported,1995–2014,other,count,1 study,unparseable,,,,,,,,,,,,,,,,,,,,False,"Multiple; includes healthy volunteers and patients with neurological, pain, psychosomatic, gastroenterological, pediatric, rheumatological, dermatological, and ophthalmological conditions",,not_reported,not_reported,not_reported,not_reported
27242911,arm_included_studies,other,Number of studies on Myopia,other,not_reported,1995–2014,other,count,1 study,unparseable,,,,,,,,,,,,,,,,,,,,False,"Multiple; includes healthy volunteers and patients with neurological, pain, psychosomatic, gastroenterological, pediatric, rheumatological, dermatological, and ophthalmological conditions",,not_reported,not_reported,not_reported,not_reported
27688791,arm_LR3,verum_acupuncture,Systolic blood pressure (SBP),physiological,mercurial sphygmomanometer,before acupuncture (B),baseline,mean ± SD,134.93 ± 9.05,regex,mean_sd,134.93,9.05,,,,,,,,,,,,,14.0,,,,False,"Essential hypertension (mild or moderate arterial hypertension, grade 1 or 2)",False,not_reported,not_reported,not_reported,not_reported
27688791,arm_LR3,verum_acupuncture,Systolic blood pressure (SBP),physiological,mercurial sphygmomanometer,after once acupuncture (A),other,mean ± SD,134.14 ± 9.94,regex,mean_sd,134.14,9.94,,,,,,,,,,,,,14.0,,,,False,"Essential hypertension (mild or moderate arterial hypertension, grade 1 or 2)",False,not_reported,not_reported,not_reported,not_reported
27688791,arm_LR3,verum_acupuncture,Systolic blood pressure (SBP),physiological,mercurial sphygmomanometer,after treatment (T),post,mean ± SD,129.71 ± 8.66,regex,mean_sd,129.71,8.66,,,,,,,,,,,,,14.0,,,,False,"Essential hypertension (mild or moderate arterial hypertension, grade 1 or 2)",False,SBP decreased in LR3 group after treatment,no statistical difference between LR3 group and sham group,not_reported,P = 0.006 (vs before acupuncture)
27688791,arm_LR3,verum_acupuncture,Diastolic blood pressure (DBP),physiological,mercurial sphygmomanometer,before acupuncture (B),baseline,mean ± SD,86.29 ± 7.35,regex,mean_sd,86.29,7.35,,,,,,,,,,,,,14.0,,,,False,"Essential hypertension (mild or moderate arterial hypertension, grade 1 or 2)",False,not_reported,not_reported,not_reported,not_reported
27688791,arm_LR3,verum_acupuncture,Diastolic blood pressure (DBP),physiological,mercurial sphygmomanometer,after once acupuncture (A),other,mean ± SD,86.00 ± 8.56,regex,mean_sd,86.0,8.56,,,,,,,,,,,,,14.0,,,,False,"Essential hypertension (mild or moderate arterial hypertension, grade 1 or 2)",False,not_reported,not_reported,not_reported,not_reported
27688791,arm_LR3,verum_acupuncture,Diastolic blood pressure (DBP),physiological,mercurial sphygmomanometer,after treatment (T),post,mean ± SD,86.71 ± 6.11,regex,mean_sd,86.71,6.11,,,,,,,,,,,,,14.0,,,,False,"Essential hypertension (mild or moderate arterial hypertension, grade 1 or 2)",False,not_reported,no statistical difference between LR3 group and sham group,not_reported,not_reported
27688791,arm_sham,sham_acupuncture,Systolic blood pressure (SBP),physiological,mercurial sphygmomanometer,before acupuncture (B),baseline,mean ± SD,136.86 ± 18.26,regex,mean_sd,136.86,18.26,,,,,,,,,,,,,14.0,,,,False,"Essential hypertension (mild or moderate arterial hypertension, grade 1 or 2)",False,not_reported,not_reported,not_reported,not_reported
27688791,arm_sham,sham_acupuncture,Systolic blood pressure (SBP),physiological,mercurial sphygmomanometer,after once acupuncture (A),other,mean ± SD,134.21 ± 18.26,regex,mean_sd,134.21,18.26,,,,,,,,,,,,,14.0,,,,False,"Essential hypertension (mild or moderate arterial hypertension, grade 1 or 2)",False,not_reported,not_reported,not_reported,not_reported
27688791,arm_sham,sham_acupuncture,Systolic blood pressure (SBP),physiological,mercurial sphygmomanometer,after treatment (T),post,mean ± SD,132.64 ± 12.97,regex,mean_sd,132.64,12.97,,,,,,,,,,,,,14.0,,,,False,"Essential hypertension (mild or moderate arterial hypertension, grade 1 or 2)",False,not_reported,no statistical difference between LR3 group and sham group,not_reported,not_reported
27688791,arm_sham,sham_acupuncture,Diastolic blood pressure (DBP),physiological,mercurial sphygmomanometer,before acupuncture (B),baseline,mean ± SD,87.86 ± 11.22,regex,mean_sd,87.86,11.22,,,,,,,,,,,,,14.0,,,,False,"Essential hypertension (mild or moderate arterial hypertension, grade 1 or 2)",False,not_reported,not_reported,not_reported,not_reported
27688791,arm_sham,sham_acupuncture,Diastolic blood pressure (DBP),physiological,mercurial sphygmomanometer,after once acupuncture (A),other,mean ± SD,86.93 ± 8.19,regex,mean_sd,86.93,8.19,,,,,,,,,,,,,14.0,,,,False,"Essential hypertension (mild or moderate arterial hypertension, grade 1 or 2)",False,not_reported,not_reported,not_reported,not_reported
27688791,arm_sham,sham_acupuncture,Diastolic blood pressure (DBP),physiological,mercurial sphygmomanometer,after treatment (T),post,mean ± SD,84.21 ± 7.47,regex,mean_sd,84.21,7.47,,,,,,,,,,,,,14.0,,,,False,"Essential hypertension (mild or moderate arterial hypertension, grade 1 or 2)",False,not_reported,not_reported,not_reported,not_reported
27688791,arm_LR3,verum_acupuncture,Physical functioning (PF),quality_of_life,SF-36,before acupuncture,baseline,mean ± SD,85.71 ± 12.69,regex,mean_sd,85.71,12.69,,,,,,,,,,,,,14.0,True,0.0,100.0,True,"Essential hypertension (mild or moderate arterial hypertension, grade 1 or 2)",False,not_reported,no statistical difference between LR3 group and sham group in SF-36 before acupuncture and after treatment,not_reported,not_reported
27688791,arm_LR3,verum_acupuncture,Physical functioning (PF),quality_of_life,SF-36,after treatment,post,mean ± SD,84.29 ± 11.74,regex,mean_sd,84.29,11.74,,,,,,,,,,,,,14.0,True,0.0,100.0,True,"Essential hypertension (mild or moderate arterial hypertension, grade 1 or 2)",False,not_reported,not_reported,not_reported,not_reported
27688791,arm_LR3,verum_acupuncture,Role physical (RP),quality_of_life,SF-36,before acupuncture,baseline,mean ± SD,75.00 ± 36.69,regex,mean_sd,75.0,36.69,,,,,,,,,,,,,14.0,True,0.0,100.0,True,"Essential hypertension (mild or moderate arterial hypertension, grade 1 or 2)",False,not_reported,not_reported,not_reported,not_reported
27688791,arm_LR3,verum_acupuncture,Role physical (RP),quality_of_life,SF-36,after treatment,post,mean ± SD,76.78 ± 34.62,regex,mean_sd,76.78,34.62,,,,,,,,,,,,,14.0,True,0.0,100.0,True,"Essential hypertension (mild or moderate arterial hypertension, grade 1 or 2)",False,not_reported,not_reported,not_reported,not_reported
27688791,arm_LR3,verum_acupuncture,Bodily pain (BP),quality_of_life,SF-36,before acupuncture,baseline,mean ± SD,79.07 ± 14.85,regex,mean_sd,79.07,14.85,,,,,,,,,,,,,14.0,True,0.0,100.0,True,"Essential hypertension (mild or moderate arterial hypertension, grade 1 or 2)",False,not_reported,not_reported,not_reported,not_reported
27688791,arm_LR3,verum_acupuncture,Bodily pain (BP),quality_of_life,SF-36,after treatment,post,mean ± SD,80.14 ± 9.46,regex,mean_sd,80.14,9.46,,,,,,,,,,,,,14.0,True,0.0,100.0,True,"Essential hypertension (mild or moderate arterial hypertension, grade 1 or 2)",False,not_reported,not_reported,not_reported,not_reported
27688791,arm_LR3,verum_acupuncture,General health (GH),quality_of_life,SF-36,before acupuncture,baseline,mean ± SD,50.64 ± 14.05,regex,mean_sd,50.64,14.05,,,,,,,,,,,,,14.0,True,0.0,100.0,True,"Essential hypertension (mild or moderate arterial hypertension, grade 1 or 2)",False,not_reported,not_reported,not_reported,not_reported
27688791,arm_LR3,verum_acupuncture,General health (GH),quality_of_life,SF-36,after treatment,post,mean ± SD,52.50 ± 14.29,regex,mean_sd,52.5,14.29,,,,,,,,,,,,,14.0,True,0.0,100.0,True,"Essential hypertension (mild or moderate arterial hypertension, grade 1 or 2)",False,not_reported,not_reported,not_reported,not_reported
27688791,arm_LR3,verum_acupuncture,Vitality (VI),quality_of_life,SF-36,before acupuncture,baseline,mean ± SD,68.21 ± 18.57,regex,mean_sd,68.21,18.57,,,,,,,,,,,,,14.0,True,0.0,100.0,True,"Essential hypertension (mild or moderate arterial hypertension, grade 1 or 2)",False,not_reported,not_reported,not_reported,not_reported
27688791,arm_LR3,verum_acupuncture,Vitality (VI),quality_of_life,SF-36,after treatment,post,mean ± SD,67.86 ± 11.56,regex,mean_sd,67.86,11.56,,,,,,,,,,,,,14.0,True,0.0,100.0,True,"Essential hypertension (mild or moderate arterial hypertension, grade 1 or 2)",False,not_reported,not_reported,not_reported,not_reported
27688791,arm_LR3,verum_acupuncture,Social functioning (SF),quality_of_life,SF-36,before acupuncture,baseline,mean ± SD,82.54 ± 15.54,regex,mean_sd,82.54,15.54,,,,,,,,,,,,,14.0,True,0.0,100.0,True,"Essential hypertension (mild or moderate arterial hypertension, grade 1 or 2)",False,not_reported,not_reported,not_reported,not_reported
27688791,arm_LR3,verum_acupuncture,Social functioning (SF),quality_of_life,SF-36,after treatment,post,mean ± SD,89.68 ± 12.68,regex,mean_sd,89.68,12.68,,,,,,,,,,,,,14.0,True,0.0,100.0,True,"Essential hypertension (mild or moderate arterial hypertension, grade 1 or 2)",False,not_reported,not_reported,not_reported,not_reported
27688791,arm_LR3,verum_acupuncture,Role emotional (RE),quality_of_life,SF-36,before acupuncture,baseline,mean ± SD,73.81 ± 35.03,regex,mean_sd,73.81,35.03,,,,,,,,,,,,,14.0,True,0.0,100.0,True,"Essential hypertension (mild or moderate arterial hypertension, grade 1 or 2)",False,not_reported,not_reported,not_reported,not_reported
27688791,arm_LR3,verum_acupuncture,Role emotional (RE),quality_of_life,SF-36,after treatment,post,mean ± SD,76.19 ± 42.22,regex,mean_sd,76.19,42.22,,,,,,,,,,,,,14.0,True,0.0,100.0,True,"Essential hypertension (mild or moderate arterial hypertension, grade 1 or 2)",False,not_reported,not_reported,not_reported,not_reported
27688791,arm_LR3,verum_acupuncture,Mental health (MH),quality_of_life,SF-36,before acupuncture,baseline,mean ± SD,68.86 ± 14.98,regex,mean_sd,68.86,14.98,,,,,,,,,,,,,14.0,True,0.0,100.0,True,"Essential hypertension (mild or moderate arterial hypertension, grade 1 or 2)",False,not_reported,not_reported,not_reported,not_reported
27688791,arm_LR3,verum_acupuncture,Mental health (MH),quality_of_life,SF-36,after treatment,post,mean ± SD,66.29 ± 15.51,regex,mean_sd,66.29,15.51,,,,,,,,,,,,,14.0,True,0.0,100.0,True,"Essential hypertension (mild or moderate arterial hypertension, grade 1 or 2)",False,not_reported,not_reported,not_reported,not_reported
27688791,arm_sham,sham_acupuncture,Physical functioning (PF),quality_of_life,SF-36,before acupuncture,baseline,mean ± SD,91.79 ± 5.04,regex,mean_sd,91.79,5.04,,,,,,,,,,,,,14.0,True,0.0,100.0,True,"Essential hypertension (mild or moderate arterial hypertension, grade 1 or 2)",False,not_reported,not_reported,not_reported,not_reported
27688791,arm_sham,sham_acupuncture,Role physical (RP),quality_of_life,SF-36,before acupuncture,baseline,mean ± SD,91.07 ± 25.21,regex,mean_sd,91.07,25.21,,,,,,,,,,,,,14.0,True,0.0,100.0,True,"Essential hypertension (mild or moderate arterial hypertension, grade 1 or 2)",False,not_reported,not_reported,not_reported,not_reported
27688791,arm_sham,sham_acupuncture,Bodily pain (BP),quality_of_life,SF-36,before acupuncture,baseline,mean ± SD,84.68 ± 12.63,regex,mean_sd,84.68,12.63,,,,,,,,,,,,,14.0,True,0.0,100.0,True,"Essential hypertension (mild or moderate arterial hypertension, grade 1 or 2)",False,not_reported,not_reported,not_reported,not_reported
27688791,arm_sham,sham_acupuncture,General health (GH),quality_of_life,SF-36,before acupuncture,baseline,mean ± SD,69.00 ± 18.43,regex,mean_sd,69.0,18.43,,,,,,,,,,,,,14.0,True,0.0,100.0,True,"Essential hypertension (mild or moderate arterial hypertension, grade 1 or 2)",False,not_reported,not_reported,not_reported,not_reported
27688791,arm_sham,sham_acupuncture,Vitality (VI),quality_of_life,SF-36,before acupuncture,baseline,mean ± SD,72.86 ± 14.37,regex,mean_sd,72.86,14.37,,,,,,,,,,,,,14.0,True,0.0,100.0,True,"Essential hypertension (mild or moderate arterial hypertension, grade 1 or 2)",False,not_reported,not_reported,not_reported,not_reported
27688791,arm_sham,sham_acupuncture,Social functioning (SF),quality_of_life,SF-36,before acupuncture,baseline,mean ± SD,89.68 ± 15.38,regex,mean_sd,89.68,15.38,,,,,,,,,,,,,14.0,True,0.0,100.0,True,"Essential hypertension (mild or moderate arterial hypertension, grade 1 or 2)",False,not_reported,not_reported,not_reported,not_reported
27688791,arm_sham,sham_acupuncture,Role emotional (RE),quality_of_life,SF-36,before acupuncture,baseline,mean ± SD,92.86 ± 26.73,regex,mean_sd,92.86,26.73,,,,,,,,,,,,,14.0,True,0.0,100.0,True,"Essential hypertension (mild or moderate arterial hypertension, grade 1 or 2)",False,not_reported,not_reported,not_reported,not_reported
27688791,arm_sham,sham_acupuncture,Mental health (MH),quality_of_life,SF-36,before acupuncture,baseline,mean ± SD,72.29 ± 17.08,regex,mean_sd,72.29,17.08,,,,,,,,,,,,,14.0,True,0.0,100.0,True,"Essential hypertension (mild or moderate arterial hypertension, grade 1 or 2)",False,not_reported,not_reported,not_reported,not_reported
27688791,arm_LR3,verum_acupuncture,Physical domain (PHD),quality_of_life,QLICD-HY,before acupuncture,baseline,mean ± SD,69.65 ± 10.50,regex,mean_sd,69.65,10.5,,,,,,,,,,,,,14.0,True,,,True,"Essential hypertension (mild or moderate arterial hypertension, grade 1 or 2)",False,not_reported,not_reported,not_reported,not_reported
27688791,arm_LR3,verum_acupuncture,Physical domain (PHD),quality_of_life,QLICD-HY,after treatment,post,mean ± SD,67.41 ± 10.74,regex,mean_sd,67.41,10.74,,,,,,,,,,,,,14.0,True,,,True,"Essential hypertension (mild or moderate arterial hypertension, grade 1 or 2)",False,not_reported,not_reported,not_reported,not_reported
27688791,arm_LR3,verum_acupuncture,Psychological domain (PSD),quality_of_life,QLICD-HY,before acupuncture,baseline,mean ± SD,79.55 ± 14.21,regex,mean_sd,79.55,14.21,,,,,,,,,,,,,14.0,True,,,True,"Essential hypertension (mild or moderate arterial hypertension, grade 1 or 2)",False,not_reported,not_reported,not_reported,not_reported
27688791,arm_LR3,verum_acupuncture,Psychological domain (PSD),quality_of_life,QLICD-HY,after treatment,post,mean ± SD,81.98 ± 7.64,regex,mean_sd,81.98,7.64,,,,,,,,,,,,,14.0,True,,,True,"Essential hypertension (mild or moderate arterial hypertension, grade 1 or 2)",False,not_reported,not_reported,not_reported,not_reported
27688791,arm_LR3,verum_acupuncture,Social domain (SOD),quality_of_life,QLICD-HY,before acupuncture,baseline,mean ± SD,78.90 ± 13.61,regex,mean_sd,78.9,13.61,,,,,,,,,,,,,14.0,True,,,True,"Essential hypertension (mild or moderate arterial hypertension, grade 1 or 2)",False,not_reported,not_reported,not_reported,not_reported
27688791,arm_LR3,verum_acupuncture,Social domain (SOD),quality_of_life,QLICD-HY,after treatment,post,mean ± SD,77.43 ± 13.59,regex,mean_sd,77.43,13.59,,,,,,,,,,,,,14.0,True,,,True,"Essential hypertension (mild or moderate arterial hypertension, grade 1 or 2)",False,not_reported,not_reported,not_reported,not_reported
27688791,arm_LR3,verum_acupuncture,Specific domain (SPD),quality_of_life,QLICD-HY,before acupuncture,baseline,mean ± SD,68.80 ± 14.69,regex,mean_sd,68.8,14.69,,,,,,,,,,,,,14.0,True,,,True,"Essential hypertension (mild or moderate arterial hypertension, grade 1 or 2)",False,not_reported,not_reported,not_reported,not_reported
27688791,arm_LR3,verum_acupuncture,Specific domain (SPD),quality_of_life,QLICD-HY,after treatment,post,mean ± SD,75.10 ± 11.44,regex,mean_sd,75.1,11.44,,,,,,,,,,,,,14.0,True,,,True,"Essential hypertension (mild or moderate arterial hypertension, grade 1 or 2)",False,increased,not_reported,not_reported,P < 0.05
27688791,arm_LR3,verum_acupuncture,Total (TOT),quality_of_life,QLICD-HY,before acupuncture,baseline,mean ± SD,73.82 ± 11.70,regex,mean_sd,73.82,11.7,,,,,,,,,,,,,14.0,True,,,True,"Essential hypertension (mild or moderate arterial hypertension, grade 1 or 2)",False,not_reported,not_reported,not_reported,not_reported
27688791,arm_LR3,verum_acupuncture,Total (TOT),quality_of_life,QLICD-HY,after treatment,post,mean ± SD,75.94 ± 8.70,regex,mean_sd,75.94,8.7,,,,,,,,,,,,,14.0,True,,,True,"Essential hypertension (mild or moderate arterial hypertension, grade 1 or 2)",False,not_reported,not_reported,not_reported,not_reported
27688791,arm_sham,sham_acupuncture,Physical domain (PHD),quality_of_life,QLICD-HY,before acupuncture,baseline,mean ± SD,73.22 ± 14.44,regex,mean_sd,73.22,14.44,,,,,,,,,,,,,14.0,True,,,True,"Essential hypertension (mild or moderate arterial hypertension, grade 1 or 2)",False,not_reported,not_reported,not_reported,not_reported
27688791,arm_sham,sham_acupuncture,Physical domain (PHD),quality_of_life,QLICD-HY,after treatment,post,mean ± SD,77.90 ± 13.11,regex,mean_sd,77.9,13.11,,,,,,,,,,,,,14.0,True,,,True,"Essential hypertension (mild or moderate arterial hypertension, grade 1 or 2)",False,not_reported,not_reported,not_reported,not_reported
27688791,arm_sham,sham_acupuncture,Psychological domain (PSD),quality_of_life,QLICD-HY,before acupuncture,baseline,mean ± SD,76.14 ± 16.84,regex,mean_sd,76.14,16.84,,,,,,,,,,,,,14.0,True,,,True,"Essential hypertension (mild or moderate arterial hypertension, grade 1 or 2)",False,not_reported,not_reported,not_reported,not_reported
27688791,arm_sham,sham_acupuncture,Psychological domain (PSD),quality_of_life,QLICD-HY,after treatment,post,mean ± SD,86.36 ± 13.43,regex,mean_sd,86.36,13.43,,,,,,,,,,,,,14.0,True,,,True,"Essential hypertension (mild or moderate arterial hypertension, grade 1 or 2)",False,not_reported,not_reported,not_reported,not_reported
27688791,arm_sham,sham_acupuncture,Social domain (SOD),quality_of_life,QLICD-HY,before acupuncture,baseline,mean ± SD,65.42 ± 16.97,regex,mean_sd,65.42,16.97,,,,,,,,,,,,,14.0,True,,,True,"Essential hypertension (mild or moderate arterial hypertension, grade 1 or 2)",False,not_reported,not_reported,not_reported,not_reported
27688791,arm_sham,sham_acupuncture,Social domain (SOD),quality_of_life,QLICD-HY,after treatment,post,mean ± SD,72.73 ± 17.47,regex,mean_sd,72.73,17.47,,,,,,,,,,,,,14.0,True,,,True,"Essential hypertension (mild or moderate arterial hypertension, grade 1 or 2)",False,not_reported,not_reported,not_reported,not_reported
27688791,arm_sham,sham_acupuncture,Specific domain (SPD),quality_of_life,QLICD-HY,before acupuncture,baseline,mean ± SD,73.21 ± 12.60,regex,mean_sd,73.21,12.6,,,,,,,,,,,,,14.0,True,,,True,"Essential hypertension (mild or moderate arterial hypertension, grade 1 or 2)",False,not_reported,not_reported,not_reported,not_reported
27688791,arm_sham,sham_acupuncture,Specific domain (SPD),quality_of_life,QLICD-HY,after treatment,post,mean ± SD,73.31 ± 9.92,regex,mean_sd,73.31,9.92,,,,,,,,,,,,,14.0,True,,,True,"Essential hypertension (mild or moderate arterial hypertension, grade 1 or 2)",False,not_reported,not_reported,not_reported,not_reported
27688791,arm_sham,sham_acupuncture,Total (TOT),quality_of_life,QLICD-HY,before acupuncture,baseline,mean ± SD,71.66 ± 13.08,regex,mean_sd,71.66,13.08,,,,,,,,,,,,,14.0,True,,,True,"Essential hypertension (mild or moderate arterial hypertension, grade 1 or 2)",False,not_reported,not_reported,not_reported,not_reported
27688791,arm_sham,sham_acupuncture,Total (TOT),quality_of_life,QLICD-HY,after treatment,post,mean ± SD,79.18 ± 9.00,regex,mean_sd,79.18,9.0,,,,,,,,,,,,,14.0,True,,,True,"Essential hypertension (mild or moderate arterial hypertension, grade 1 or 2)",False,not_reported,not_reported,not_reported,not_reported
27812501,arm_verum,verum_acupuncture,Montgomery-Asberg depression rating scale (MADRS),symptom_severity,Montgomery-Asberg depression rating scale (MADRS),Pre-treatment (baseline),baseline,mean ± SD,22.94 (7.36),regex,mean_sd,22.94,7.36,,,,,,,,,,,,,18.0,False,,,True,Major depressive disorder (MDD),False,not_reported,not_reported,not_reported,p = 0.97 (baseline between-group comparison)
27812501,arm_verum,verum_acupuncture,Montgomery-Asberg depression rating scale (MADRS),symptom_severity,Montgomery-Asberg depression rating scale (MADRS),Post-treatment (week 8),post,mean ± SD,5.44 (5.37),regex,mean_sd,5.44,5.37,,,,,,,,,,,,,18.0,False,,,True,Major depressive disorder (MDD),False,not_reported as a single computed change score; significant improvement noted (MADRS: p < 0.001 for sham group; verum group significantly greater),"verum acupuncture group showed significantly greater clinical improvement; MADRS F(1,33) = 10.86, p < 0.01",not_reported,p < 0.01
27812501,arm_sham,sham_acupuncture,Montgomery-Asberg depression rating scale (MADRS),symptom_severity,Montgomery-Asberg depression rating scale (MADRS),Pre-treatment (baseline),baseline,mean ± SD,22.83 (9.17),regex,mean_sd,22.83,9.17,,,,,,,,,,,,,18.0,False,,,True,Major depressive disorder (MDD),False,not_reported,not_reported,not_reported,p = 0.97 (baseline between-group comparison)
27812501,arm_sham,sham_acupuncture,Montgomery-Asberg depression rating scale (MADRS),symptom_severity,Montgomery-Asberg depression rating scale (MADRS),Post-treatment (week 8),post,mean ± SD,14.06 (4.39),regex,mean_sd,14.06,4.39,,,,,,,,,,,,,18.0,False,,,True,Major depressive disorder (MDD),False,symptoms significantly decreased after treatment; MADRS: p < 0.001,"verum acupuncture group showed significantly greater improvement than sham; MADRS F(1,33) = 10.86, p < 0.01",not_reported,p < 0.001 (within sham group); p < 0.01 (between groups)
27812501,arm_verum,verum_acupuncture,Self-Rating Depression Scale (SDS),symptom_severity,Self-Rating Depression Scale (SDS),Pre-treatment (baseline),baseline,mean ± SD,47.833 (6.46),regex,mean_sd,47.833,6.46,,,,,,,,,,,,,18.0,False,20.0,80.0,True,Major depressive disorder (MDD),False,not_reported,not_reported,not_reported,p = 0.94 (baseline between-group comparison)
27812501,arm_verum,verum_acupuncture,Self-Rating Depression Scale (SDS),symptom_severity,Self-Rating Depression Scale (SDS),Post-treatment (week 8),post,mean ± SD,26.83 (6.46),regex,mean_sd,26.83,6.46,,,,,,,,,,,,,18.0,False,20.0,80.0,True,Major depressive disorder (MDD),False,not_reported as a single computed change score,"verum acupuncture group showed significantly greater clinical improvement; SDS F(1,33) = 8.21, p < 0.01",not_reported,p < 0.01
27812501,arm_sham,sham_acupuncture,Self-Rating Depression Scale (SDS),symptom_severity,Self-Rating Depression Scale (SDS),Pre-treatment (baseline),baseline,mean ± SD,47.44 (9.23),regex,mean_sd,47.44,9.23,,,,,,,,,,,,,18.0,False,20.0,80.0,True,Major depressive disorder (MDD),False,not_reported,not_reported,not_reported,p = 0.94 (baseline between-group comparison)
27812501,arm_sham,sham_acupuncture,Self-Rating Depression Scale (SDS),symptom_severity,Self-Rating Depression Scale (SDS),Post-treatment (week 8),post,mean ± SD,34.94 (5.40),regex,mean_sd,34.94,5.4,,,,,,,,,,,,,18.0,False,20.0,80.0,True,Major depressive disorder (MDD),False,symptoms significantly decreased after treatment; SDS: p < 0.001,"verum acupuncture group showed significantly greater improvement than sham; SDS F(1,33) = 8.21, p < 0.01",not_reported,p < 0.001 (within sham group); p < 0.01 (between groups)
27812501,not_applicable,,Correlation between rsFC increase (left amygdala - sgACC/pgACC) and MADRS score,symptom_severity,MADRS,post minus pre-treatment,baseline,p_value_only,"significantly negatively associated; p = 0.02, FDR corrected",unparseable,,,,,,,,,,,,,,,,36.0,False,,,True,Major depressive disorder (MDD),False,not_applicable,not_applicable,not_reported,"p = 0.02, FDR corrected"
27812501,not_applicable,,Correlation between rsFC increase (left amygdala - sgACC/pgACC) and SDS score,symptom_severity,SDS,post minus pre-treatment,baseline,p_value_only,"significantly negatively associated; p = 0.01, FDR corrected",unparseable,,,,,,,,,,,,,,,,36.0,False,20.0,80.0,True,Major depressive disorder (MDD),False,not_applicable,not_applicable,not_reported,"p = 0.01, FDR corrected"
27857211,EA,verum_acupuncture,Crohn's Disease Activity Index (CDAI),symptom_severity,Crohn's Disease Activity Index (CDAI),Baseline (day 0),baseline,mean ± SD,76.17 ± 40.11,regex,mean_sd,76.17,40.11,,,,,,,,,,,,,16.0,False,,,True,Crohn's disease (remission period),True,not_reported,not_reported,not_reported,not_reported
27857211,EA,verum_acupuncture,Crohn's Disease Activity Index (CDAI),symptom_severity,Crohn's Disease Activity Index (CDAI),Post-treatment (twelve weeks),post,mean ± SD,48.06 ± 30.50,regex,mean_sd,48.06,30.5,,,,,,,,,,,,,16.0,False,,,True,Crohn's disease (remission period),True,-28.11 ± 29.81,"Statistical value 0.333, P value 0.74 (vs Mox group change)",not_reported,"P<0.001 (within group, compared with baseline)"
27857211,Mox,verum_acupuncture,Crohn's Disease Activity Index (CDAI),symptom_severity,Crohn's Disease Activity Index (CDAI),Baseline (day 0),baseline,mean ± SD,71.78 ± 42.93,regex,mean_sd,71.78,42.93,,,,,,,,,,,,,18.0,False,,,True,Crohn's disease (remission period),True,not_reported,not_reported,not_reported,not_reported
27857211,Mox,verum_acupuncture,Crohn's Disease Activity Index (CDAI),symptom_severity,Crohn's Disease Activity Index (CDAI),Post-treatment (twelve weeks),post,mean ± SD,40.56 ± 28.53,regex,mean_sd,40.56,28.53,,,,,,,,,,,,,18.0,False,,,True,Crohn's disease (remission period),True,-31.22 ± 26.14,"Statistical value 0.333, P value 0.74 (vs EA group change)",not_reported,"P<0.001 (within group, compared with baseline)"
27857211,EA,verum_acupuncture,Inflammatory Bowel Disease Questionnaire (IBDQ),quality_of_life,Inflammatory Bowel Disease Questionnaire (IBDQ),Baseline (day 0),baseline,mean ± SD,170.83 ± 22.72,regex,mean_sd,170.83,22.72,,,,,,,,,,,,,16.0,True,,,True,Crohn's disease (remission period),True,not_reported,not_reported,not_reported,not_reported
27857211,EA,verum_acupuncture,Inflammatory Bowel Disease Questionnaire (IBDQ),quality_of_life,Inflammatory Bowel Disease Questionnaire (IBDQ),Post-treatment (twelve weeks),post,mean ± SD,188.11 ± 19.54,regex,mean_sd,188.11,19.54,,,,,,,,,,,,,16.0,True,,,True,Crohn's disease (remission period),True,17.28 ± 19.50,"Statistical value 0.204, P value 0.84 (vs Mox group change)",not_reported,"P<0.01 (within group, compared with baseline)"
27857211,Mox,verum_acupuncture,Inflammatory Bowel Disease Questionnaire (IBDQ),quality_of_life,Inflammatory Bowel Disease Questionnaire (IBDQ),Baseline (day 0),baseline,mean ± SD,174.78 ± 33.10,regex,mean_sd,174.78,33.1,,,,,,,,,,,,,18.0,True,,,True,Crohn's disease (remission period),True,not_reported,not_reported,not_reported,not_reported
27857211,Mox,verum_acupuncture,Inflammatory Bowel Disease Questionnaire (IBDQ),quality_of_life,Inflammatory Bowel Disease Questionnaire (IBDQ),Post-treatment (twelve weeks),post,mean ± SD,190.78 ± 21.81,regex,mean_sd,190.78,21.81,,,,,,,,,,,,,18.0,True,,,True,Crohn's disease (remission period),True,16.00 ± 18.13,"Statistical value 0.204, P value 0.84 (vs EA group change)",not_reported,"P<0.01 (within group, compared with baseline)"
28053642,arm_left_gb34,verum_acupuncture,Edinburgh Handedness Inventory,other,Edinburgh Handedness Inventory,baseline,baseline,mean ± SD,Right 95 ± 5.00%,unparseable,,,,,,,,,,,,,,,,10.0,,,,False,Healthy participants (no disease condition),True,not_reported,not_reported,not_reported,not_reported
28053642,arm_right_gb34,verum_acupuncture,Edinburgh Handedness Inventory,other,Edinburgh Handedness Inventory,baseline,baseline,mean ± SD,Right 100 ± 0%,unparseable,,,,,,,,,,,,,,,,12.0,,,,False,Healthy participants (no disease condition),True,not_reported,not_reported,not_reported,not_reported
28334999,arm_local,verum_acupuncture,BCTQ symptom severity scale,symptom_severity,Boston Carpal Tunnel Syndrome Questionnaire (BCTQ) symptom severity scale,post-acupuncture,post,change_score,-21.3 ± 22.0% (mean ± SD),regex,mean_sd,-21.3,22.0,,,,,,,,,,,,,,False,1.0,5.0,True,carpal tunnel syndrome (CTS),True,"-21.3 ± 22.0%, P < 0.001 (one-sample t-test)","did not differ from sham, P = 0.92",not_reported,P < 0.001 (within-group); P = 0.92 (vs sham)
28334999,arm_sham,sham_acupuncture,BCTQ symptom severity scale,symptom_severity,Boston Carpal Tunnel Syndrome Questionnaire (BCTQ) symptom severity scale,post-acupuncture,post,change_score,-22.7 ± 22.6% (mean ± SD),regex,mean_sd,-22.7,22.6,,,,,,,,,,,,,,False,1.0,5.0,True,carpal tunnel syndrome (CTS),True,"-22.7 ± 22.6%, P = 0.001 (one-sample t-test)","did not differ from verum, P = 0.92",not_reported,P = 0.001 (within-group); P = 0.92 (vs verum)
28334999,arm_local,verum_acupuncture,BCTQ symptom severity scale,symptom_severity,Boston Carpal Tunnel Syndrome Questionnaire (BCTQ) symptom severity scale,3-month follow-up,followup,change_score,-25.1 ± 20.8% (mean ± SD),regex,mean_sd,-25.1,20.8,,,,,,,,,,,,,,False,1.0,5.0,True,carpal tunnel syndrome (CTS),True,"-25.1 ± 20.8%, P < 0.001","significant difference between verum and sham, P = 0.04",not_reported,P < 0.001 (within-group); P = 0.04 (vs sham)
28334999,arm_sham,sham_acupuncture,BCTQ symptom severity scale,symptom_severity,Boston Carpal Tunnel Syndrome Questionnaire (BCTQ) symptom severity scale,3-month follow-up,followup,change_score,-11.1 ± 24.7% (mean ± SD),regex,mean_sd,-11.1,24.7,,,,,,,,,,,,,,False,1.0,5.0,True,carpal tunnel syndrome (CTS),True,"-11.1 ± 24.7%, P = 0.08 (trending)","significant difference from verum, P = 0.04",not_reported,"P = 0.08 (within-group, trending); P = 0.04 (vs verum)"
28334999,arm_local,verum_acupuncture,BCTQ symptom severity scale - local acupuncture arm,symptom_severity,Boston Carpal Tunnel Syndrome Questionnaire (BCTQ) symptom severity scale,3-month follow-up,followup,change_score,-24.6 ± 22.2% (mean ± SD),regex,mean_sd,-24.6,22.2,,,,,,,,,,,,,,False,1.0,5.0,True,carpal tunnel syndrome (CTS),True,"-24.6 ± 22.2%, P < 0.001",local vs sham: P = 0.04,not_reported,P < 0.001 (within-group); P = 0.04 (vs sham)
28334999,arm_distal,verum_acupuncture,BCTQ symptom severity scale - distal acupuncture arm,symptom_severity,Boston Carpal Tunnel Syndrome Questionnaire (BCTQ) symptom severity scale,3-month follow-up,followup,change_score,-25.6 ± 19.7% (mean ± SD),regex,mean_sd,-25.6,19.7,,,,,,,,,,,,,,False,1.0,5.0,True,carpal tunnel syndrome (CTS),True,"-25.6 ± 19.7%, P < 0.001",distal vs sham: P = 0.04,not_reported,P < 0.001 (within-group); P = 0.04 (vs sham)
28334999,arm_local,verum_acupuncture,BCTQ symptom severity scale - local acupuncture arm,symptom_severity,Boston Carpal Tunnel Syndrome Questionnaire (BCTQ) symptom severity scale,post-acupuncture,post,change_score,-27.0 ± 22.9% (mean ± SD),regex,mean_sd,-27.0,22.9,,,,,,,,,,,,,,False,1.0,5.0,True,carpal tunnel syndrome (CTS),True,-27.0 ± 22.9%,local vs sham: P = 0.26,not_reported,P = 0.26 (vs sham)
28334999,arm_distal,verum_acupuncture,BCTQ symptom severity scale - distal acupuncture arm,symptom_severity,Boston Carpal Tunnel Syndrome Questionnaire (BCTQ) symptom severity scale,post-acupuncture,post,change_score,-14.7 ± 19.6% (mean ± SD),regex,mean_sd,-14.7,19.6,,,,,,,,,,,,,,False,1.0,5.0,True,carpal tunnel syndrome (CTS),True,-14.7 ± 19.6%,distal vs sham: P = 0.26,not_reported,P = 0.26 (vs sham)
28334999,arm_local,verum_acupuncture,BCTQ function status score - local acupuncture arm,function,Boston Carpal Tunnel Syndrome Questionnaire (BCTQ) function status score,post-acupuncture,post,change_score,-26.2 ± 19.1% (mean ± SD),regex,mean_sd,-26.2,19.1,,,,,,,,,,,,,,False,1.0,5.0,True,carpal tunnel syndrome (CTS),True,-26.2 ± 19.1%,local vs sham: P = 0.23,not_reported,P = 0.23 (vs sham)
28334999,arm_distal,verum_acupuncture,BCTQ function status score - distal acupuncture arm,function,Boston Carpal Tunnel Syndrome Questionnaire (BCTQ) function status score,post-acupuncture,post,change_score,-6.8 ± 37.6% (mean ± SD),regex,mean_sd,-6.8,37.6,,,,,,,,,,,,,,False,1.0,5.0,True,carpal tunnel syndrome (CTS),True,-6.8 ± 37.6%,distal vs sham: P = 0.22,not_reported,P = 0.22 (vs sham)
28334999,arm_sham,sham_acupuncture,BCTQ function status score - sham acupuncture arm,function,Boston Carpal Tunnel Syndrome Questionnaire (BCTQ) function status score,post-acupuncture,post,change_score,-18.2 ± 33.6% (mean ± SD),regex,mean_sd,-18.2,33.6,,,,,,,,,,,,,,False,1.0,5.0,True,carpal tunnel syndrome (CTS),True,-18.2 ± 33.6%,verum vs sham: P = 0.93,not_reported,P = 0.93 (verum vs sham)
28334999,arm_local,verum_acupuncture,BCTQ function status score - local acupuncture arm,function,Boston Carpal Tunnel Syndrome Questionnaire (BCTQ) function status score,3-month follow-up,followup,change_score,-16.8 ± 32.4% (mean ± SD),regex,mean_sd,-16.8,32.4,,,,,,,,,,,,,,False,1.0,5.0,True,carpal tunnel syndrome (CTS),True,-16.8 ± 32.4%,local vs sham: P = 0.18,not_reported,P = 0.18 (vs sham)
28334999,arm_distal,verum_acupuncture,BCTQ function status score - distal acupuncture arm,function,Boston Carpal Tunnel Syndrome Questionnaire (BCTQ) function status score,3-month follow-up,followup,change_score,-17.4 ± 18.1% (mean ± SD),regex,mean_sd,-17.4,18.1,,,,,,,,,,,,,,False,1.0,5.0,True,carpal tunnel syndrome (CTS),True,-17.4 ± 18.1%,distal vs sham: P = 0.25,not_reported,P = 0.25 (vs sham)
28334999,arm_sham,sham_acupuncture,BCTQ function status score - sham acupuncture arm,function,Boston Carpal Tunnel Syndrome Questionnaire (BCTQ) function status score,3-month follow-up,followup,change_score,-2.3 ± 33.7% (mean ± SD),regex,mean_sd,-2.3,33.7,,,,,,,,,,,,,,False,1.0,5.0,True,carpal tunnel syndrome (CTS),True,-2.3 ± 33.7%,verum vs sham: P = 0.12,not_reported,P = 0.12 (verum vs sham)
28334999,arm_local,verum_acupuncture,median sensory nerve conduction latency,physiological,nerve conduction studies (NCS) - median sensory nerve conduction latency,post-acupuncture,post,change_score,-0.16 ± 0.38 ms (mean ± SD),regex,mean_sd,-0.16,0.38,,,,,,,,,,,,,,,,,False,carpal tunnel syndrome (CTS),True,"-0.16 ± 0.38 ms, P = 0.01 (t-test compared to nil)",verum vs sham: P = 0.02 (unpaired t-test),not_reported,"P = 0.01 (within-group vs nil); P = 0.02 (vs sham); Group x Time interaction F(1,61) = 6.25, P = 0.02"
28334999,arm_sham,sham_acupuncture,median sensory nerve conduction latency,physiological,nerve conduction studies (NCS) - median sensory nerve conduction latency,post-acupuncture,post,change_score,0.12 ± 0.51 ms (mean ± SD),regex,mean_sd,0.12,0.51,,,,,,,,,,,,,,,,,False,carpal tunnel syndrome (CTS),True,"0.12 ± 0.51 ms, P = 0.28 (not significant)",sham vs verum: P = 0.02,not_reported,"P = 0.28 (within-group, not significant)"
28334999,arm_local,verum_acupuncture,median sensory nerve conduction latency - local acupuncture arm,physiological,nerve conduction studies (NCS) - median sensory nerve conduction latency,post-acupuncture,post,change_score,-0.16 ± 0.42 ms (mean ± SD),regex,mean_sd,-0.16,0.42,,,,,,,,,,,,,,,,,False,carpal tunnel syndrome (CTS),True,"-0.16 ± 0.42 ms, P = 0.048 (single tailed t-test)",local vs sham: P = 0.03 (single-tailed unpaired t-test),not_reported,P = 0.048 (within-group); P = 0.03 (vs sham)
28334999,arm_distal,verum_acupuncture,median sensory nerve conduction latency - distal acupuncture arm,physiological,nerve conduction studies (NCS) - median sensory nerve conduction latency,post-acupuncture,post,change_score,-0.17 ± 0.35 ms (mean ± SD),regex,mean_sd,-0.17,0.35,,,,,,,,,,,,,,,,,False,carpal tunnel syndrome (CTS),True,"-0.17 ± 0.35 ms, P = 0.02 (single tailed t-test)",distal vs sham: P = 0.02 (single-tailed unpaired t-test),not_reported,P = 0.02 (within-group); P = 0.02 (vs sham)
28334999,arm_local,verum_acupuncture,Correlation: reduced median sensory nerve latency with % change in BCTQ symptom score post-therapy,physiological,nerve conduction studies (NCS) - median sensory nerve conduction latency; BCTQ symptom severity scale,post-acupuncture,post,other,r = 0.26,unparseable,,,,,,,,,,,,,,,,,False,1.0,5.0,True,carpal tunnel syndrome (CTS),True,not_reported,not_reported,not_reported,P = 0.09 (trending)
28334999,arm_local,verum_acupuncture,Correlation: reduced median sensory nerve latency with BCTQ symptom score at 3-month follow-up,physiological,nerve conduction studies (NCS) - median sensory nerve conduction latency; BCTQ symptom severity scale,3-month follow-up (outcome); latency change measured post-acupuncture,post,other,r = 0.37,unparseable,,,,,,,,,,,,,,,,,False,1.0,5.0,True,carpal tunnel syndrome (CTS),True,not_reported,not_reported,not_reported,P = 0.03
28443010,arm_stroke,verum_acupuncture,National Institute of Health Stroke Scale (NHISS),symptom_severity,NIHSS,at enrollment (baseline),baseline,mean ± SD,5.50 ± 3.12,regex,mean_sd,5.5,3.12,,,,,,,,,,,,,20.0,False,0.0,42.0,True,Right-hemispheric subcortical ischemic stroke with left motor hemiparesis,True,not_reported,not_reported,not_reported,not_reported
28443010,arm_stroke,verum_acupuncture,Fugl-Meyer Assessment-upper limbs (FMA-U),function,FMA-U,at enrollment (baseline),baseline,mean ± SD,33.20 ± 18.71,regex,mean_sd,33.2,18.71,,,,,,,,,,,,,20.0,True,0.0,100.0,True,Right-hemispheric subcortical ischemic stroke with left motor hemiparesis,True,not_reported,not_reported,not_reported,not_reported
28443010,arm_stroke,verum_acupuncture,Fugl-Meyer Assessment-lower limbs (FMA-L),function,FMA-L,at enrollment (baseline),baseline,mean ± SD,23.30 ± 7.94,regex,mean_sd,23.3,7.94,,,,,,,,,,,,,20.0,True,0.0,100.0,True,Right-hemispheric subcortical ischemic stroke with left motor hemiparesis,True,not_reported,not_reported,not_reported,not_reported
28443010,not_applicable,,Age comparison between stroke patients and healthy subjects,other,not_reported,at enrollment,other,mean ± SD,stroke: 61.32 ± 8.53 years; healthy: 58.86 ± 8.53 years,unparseable,,,,,,,,,,,,,,,,40.0,,,,False,Right-hemispheric subcortical ischemic stroke with left motor hemiparesis,True,not_reported,no significant differences in age,not_reported,p = 0.286
28443010,not_applicable,,Sex comparison between stroke patients and healthy subjects,other,not_reported,at enrollment,other,count,stroke: 13 males; healthy: 10 males,unparseable,,,,,,,,,,,,,,,,40.0,,,,False,Right-hemispheric subcortical ischemic stroke with left motor hemiparesis,True,not_reported,no significant differences in sex,not_reported,p = 0.337
28443010,arm_stroke,verum_acupuncture,Duration from stroke onset to MRI scan,other,not_reported,at enrollment,other,mean ± SD,51.65 ± 36.77 days,regex,mean_sd,51.65,36.77,,,,,,,,,,,,,20.0,,,,False,Right-hemispheric subcortical ischemic stroke with left motor hemiparesis,True,not_reported,not_reported,not_reported,not_reported
29204113,arm_ea,verum_acupuncture,CDAI (Crohn's disease activity index),symptom_severity,CDAI,Baseline,baseline,mean ± SD,78.28 ± 40.95,regex,mean_sd,78.28,40.95,,,,,,,,,,,,,18.0,False,,,True,Crohn's disease (CD) in remission,False,not_reported,"t = −0.484, P = 0.631 (vs moxibustion at baseline)",not_reported,0.631
29204113,arm_ea,verum_acupuncture,CDAI (Crohn's disease activity index),symptom_severity,CDAI,Post-treatment (12 weeks),post,mean ± SD,51.53 ± 31.80,regex,mean_sd,51.53,31.8,,,,,,,,,,,,,18.0,False,,,True,Crohn's disease (CD) in remission,False,−26.74 ± 29.23,"T value = −0.479, P value = 0.634 (vs moxibustion post-treatment change)",not_reported,0.000
29204113,arm_moxa,verum_acupuncture,CDAI (Crohn's disease activity index),symptom_severity,CDAI,Baseline,baseline,mean ± SD,71.85 ± 40.84,regex,mean_sd,71.85,40.84,,,,,,,,,,,,,20.0,False,,,True,Crohn's disease (CD) in remission,False,not_reported,"t = −0.484, P = 0.631 (vs electro-acupuncture at baseline)",not_reported,0.631
29204113,arm_moxa,verum_acupuncture,CDAI (Crohn's disease activity index),symptom_severity,CDAI,Post-treatment (12 weeks),post,mean ± SD,40.90 ± 27.78,regex,mean_sd,40.9,27.78,,,,,,,,,,,,,20.0,False,,,True,Crohn's disease (CD) in remission,False,−30.95 ± 24.83,"T value = −0.479, P value = 0.634 (vs electro-acupuncture post-treatment change)",not_reported,0.000
29204113,arm_ea,verum_acupuncture,IBDQ (inflammatory bowel disease questionnaire),quality_of_life,IBDQ,Baseline,baseline,mean ± SD,171.72 ± 20.17,regex,mean_sd,171.72,20.17,,,,,,,,,,,,,18.0,True,,,True,Crohn's disease (CD) in remission,False,not_reported,"t = 0.495, P = 0.623 (vs moxibustion at baseline)",not_reported,0.623
29204113,arm_ea,verum_acupuncture,IBDQ (inflammatory bowel disease questionnaire),quality_of_life,IBDQ,Post-treatment (12 weeks),post,mean ± SD,187.18 ± 18.69,regex,mean_sd,187.18,18.69,,,,,,,,,,,,,18.0,True,,,True,Crohn's disease (CD) in remission,False,15.44 ± 18.02,"T value = 0.088, P value = 0.930 (vs moxibustion post-treatment change)",not_reported,0.000
29204113,arm_moxa,verum_acupuncture,IBDQ (inflammatory bowel disease questionnaire),quality_of_life,IBDQ,Baseline,baseline,mean ± SD,176.10 ± 32.23,regex,mean_sd,176.1,32.23,,,,,,,,,,,,,20.0,True,,,True,Crohn's disease (CD) in remission,False,not_reported,"t = 0.495, P = 0.623 (vs electro-acupuncture at baseline)",not_reported,0.623
29204113,arm_moxa,verum_acupuncture,IBDQ (inflammatory bowel disease questionnaire),quality_of_life,IBDQ,Post-treatment (12 weeks),post,mean ± SD,192.05 ± 21.45,regex,mean_sd,192.05,21.45,,,,,,,,,,,,,20.0,True,,,True,Crohn's disease (CD) in remission,False,15.95 ± 17.28,"T value = 0.088, P value = 0.930 (vs electro-acupuncture post-treatment change)",not_reported,0.000
29204113,arm_ea,verum_acupuncture,HADS-A (Hospital Anxiety and Depression Scale-Anxiety),mood,HADS-A,Baseline,baseline,mean ± SD,6.33 ± 6.33,regex,mean_sd,6.33,6.33,,,,,,,,,,,,,18.0,False,,,True,Crohn's disease (CD) in remission,False,not_reported,"t = −0.894, P = 0.377",not_reported,0.377
29204113,arm_moxa,verum_acupuncture,HADS-A (Hospital Anxiety and Depression Scale-Anxiety),mood,HADS-A,Baseline,baseline,mean ± SD,5.35 ± 3.62,regex,mean_sd,5.35,3.62,,,,,,,,,,,,,20.0,False,,,True,Crohn's disease (CD) in remission,False,not_reported,"t = −0.894, P = 0.377",not_reported,0.377
29204113,arm_ea,verum_acupuncture,HADS-D (Hospital Anxiety and Depression Scale-Depression),mood,HADS-D,Baseline,baseline,mean ± SD,5.61 ± 3.16,regex,mean_sd,5.61,3.16,,,,,,,,,,,,,18.0,False,,,True,Crohn's disease (CD) in remission,False,not_reported,"t = −1.713, P = 0.095",not_reported,0.095
29204113,arm_moxa,verum_acupuncture,HADS-D (Hospital Anxiety and Depression Scale-Depression),mood,HADS-D,Baseline,baseline,mean ± SD,3.65 ± 3.82,regex,mean_sd,3.65,3.82,,,,,,,,,,,,,20.0,False,,,True,Crohn's disease (CD) in remission,False,not_reported,"t = −1.713, P = 0.095",not_reported,0.095
29343693,real,verum_acupuncture,Pre-VAS,pain,Low back pain intensity (0–10),pre_stimulation,other,mean ± SD,"2.79±1.63, p<0.05",regex,mean_sd,2.79,1.63,,,,,,,,,,,,,28.0,False,,,True,non-specific low back pain (LBP),False,not_reported,p<0.05,not_reported,<0.05
29343693,phnt,sham_acupuncture,Pre-VAS,pain,Low back pain intensity (0–10),pre_stimulation,other,mean ± SD,"3.70±1.49, p<0.05",regex,mean_sd,3.7,1.49,,,,,,,,,,,,,19.0,False,,,True,non-specific low back pain (LBP),False,not_reported,p<0.05,not_reported,<0.05
29343693,real,verum_acupuncture,Post-VAS,pain,Low back pain intensity (0–10),post_stimulation,other,mean ± SD,"2.64±1.34, p<0.05",regex,mean_sd,2.64,1.34,,,,,,,,,,,,,28.0,False,,,True,non-specific low back pain (LBP),False,not_reported,p = 0.25,not_reported,<0.05
29343693,phnt,sham_acupuncture,Post-VAS,pain,Low back pain intensity (0–10),post_stimulation,other,mean ± SD,"3.31±1.70, p<0.05",regex,mean_sd,3.31,1.7,,,,,,,,,,,,,19.0,False,,,True,non-specific low back pain (LBP),False,not_reported,p = 0.25,not_reported,<0.05
29343693,real,verum_acupuncture,Δ VAS,pain,Low back pain intensity (0–10),change,other,mean ± SD,"−0.61±1.66, p = 0.62",regex,mean_sd,-0.61,1.66,,,,,,,,,,,,,28.0,False,,,True,non-specific low back pain (LBP),False,"−0.61±1.66, p = 0.62",p = 0.30,not_reported,= 0.62
29343693,phnt,sham_acupuncture,Δ VAS,pain,Low back pain intensity (0–10),change,other,mean ± SD,"−0.56±1.27, p<0.05",regex,mean_sd,-0.56,1.27,,,,,,,,,,,,,19.0,False,,,True,non-specific low back pain (LBP),False,"−0.56±1.27, p<0.05",p = 0.30,not_reported,<0.05
29563830,contra_group,verum_acupuncture,Pain intensity (VAS),pain,visual analog scale (VAS); 0–100 mm,Baseline (pre-treatment),baseline,mean ± SD,67.92 ± 16.16,regex,mean_sd,67.92,16.16,,,,,,,,,,,,,12.0,False,0.0,10.0,True,Unilateral chronic shoulder pain (CSP); left-sided shoulder pain,False,not_reported,not_reported,not_reported,p = 0.250 (between-group baseline comparison)
29563830,contra_group,verum_acupuncture,Pain intensity (VAS),pain,visual analog scale (VAS); 0–100 mm,Post-treatment,post,mean ± SD,47.50 ± 17.26,regex,mean_sd,47.5,17.26,,,,,,,,,,,,,12.0,False,0.0,10.0,True,Unilateral chronic shoulder pain (CSP); left-sided shoulder pain,False,−20.42 ± 5.62 [95% CI: −32.79 – −8.04],not significant; p = 0.122,not_reported,p = 0.004 (within-group); p = 0.122 (between-group change comparison)
29563830,ipsi_group,verum_acupuncture,Pain intensity (VAS),pain,visual analog scale (VAS); 0–100 mm,Baseline (pre-treatment),baseline,mean ± SD,60.63 ± 7.29,regex,mean_sd,60.63,7.29,,,,,,,,,,,,,8.0,False,0.0,10.0,True,Unilateral chronic shoulder pain (CSP); left-sided shoulder pain,False,not_reported,not_reported,not_reported,p = 0.250 (between-group baseline comparison)
29563830,ipsi_group,verum_acupuncture,Pain intensity (VAS),pain,visual analog scale (VAS); 0–100 mm,Post-treatment,post,mean ± SD,51.88 ± 5.30,regex,mean_sd,51.88,5.3,,,,,,,,,,,,,8.0,False,0.0,10.0,True,Unilateral chronic shoulder pain (CSP); left-sided shoulder pain,False,−8.75 ± 2.27 [95% CI: −14.11 – −3.39],not significant; p = 0.122,not_reported,p = 0.006 (within-group); p = 0.122 (between-group change comparison)
29563830,contra_group,verum_acupuncture,Function (CMS),function,Constant–Murley score (CMS); 0–100 points,Baseline (pre-treatment),baseline,mean ± SD,50.67 ± 9.94,regex,mean_sd,50.67,9.94,,,,,,,,,,,,,12.0,True,0.0,100.0,True,Unilateral chronic shoulder pain (CSP); left-sided shoulder pain,False,not_reported,not_reported,not_reported,p = 0.309 (between-group baseline comparison)
29563830,contra_group,verum_acupuncture,Function (CMS),function,Constant–Murley score (CMS); 0–100 points,Post-treatment,post,mean ± SD,66.33 ± 11.17,regex,mean_sd,66.33,11.17,,,,,,,,,,,,,12.0,True,0.0,100.0,True,Unilateral chronic shoulder pain (CSP); left-sided shoulder pain,False,15.67 ± 3.07 [95% CI 8.90–22.43],p = 0.010 (contra-group change significantly greater than ipsi-group change),not_reported,p = 0.000 (within-group); p = 0.010 (between-group change comparison)
29563830,ipsi_group,verum_acupuncture,Function (CMS),function,Constant–Murley score (CMS); 0–100 points,Baseline (pre-treatment),baseline,mean ± SD,56.88 ± 16.69,regex,mean_sd,56.88,16.69,,,,,,,,,,,,,8.0,True,0.0,100.0,True,Unilateral chronic shoulder pain (CSP); left-sided shoulder pain,False,not_reported,not_reported,not_reported,p = 0.309 (between-group baseline comparison)
29563830,ipsi_group,verum_acupuncture,Function (CMS),function,Constant–Murley score (CMS); 0–100 points,Post-treatment,post,mean ± SD,61.38 ± 18.05,regex,mean_sd,61.38,18.05,,,,,,,,,,,,,8.0,True,0.0,100.0,True,Unilateral chronic shoulder pain (CSP); left-sided shoulder pain,False,4.50 ± 1.00 [95% CI: 2.24–6.87],p = 0.010 (contra-group change significantly greater than ipsi-group change),not_reported,p = 0.003 (within-group); p = 0.010 (between-group change comparison)
29763448,arm_AD,other,MMSE (Mini-Mental State Examination),cognition,Mini-Mental State Examination (MMSE),baseline,baseline,mean ± SD,16.29±4.88,regex,mean_sd,16.29,4.88,,,,,,,,,,,,,14.0,True,0.0,30.0,True,Alzheimer disease (AD),True,not_reported,P < 0.01 vs HC,not_reported,<0.01
29763448,arm_HC,healthy_control,MMSE (Mini-Mental State Examination),cognition,Mini-Mental State Examination (MMSE),baseline,baseline,mean ± SD,28.14±1.30,regex,mean_sd,28.14,1.3,,,,,,,,,,,,,14.0,True,0.0,30.0,True,Alzheimer disease (AD),True,not_reported,P < 0.01 vs AD,not_reported,<0.01
29763448,arm_AD,other,AVLT (immediate) — immediate recall of learning verbal,cognition,Auditory Verbal Learning Test (AVLT) — immediate recall,baseline,baseline,mean ± SD,11.21±4.07,regex,mean_sd,11.21,4.07,,,,,,,,,,,,,14.0,True,,,True,Alzheimer disease (AD),True,not_reported,P < 0.01 vs HC,not_reported,<0.01
29763448,arm_HC,healthy_control,AVLT (immediate) — immediate recall of learning verbal,cognition,Auditory Verbal Learning Test (AVLT) — immediate recall,baseline,baseline,mean ± SD,25.71±5.03,regex,mean_sd,25.71,5.03,,,,,,,,,,,,,14.0,True,,,True,Alzheimer disease (AD),True,not_reported,P < 0.01 vs AD,not_reported,<0.01
29763448,arm_AD,other,AVLT (delayed) — delayed recall of learning verbal,cognition,Auditory Verbal Learning Test (AVLT) — delayed recall,baseline,baseline,mean ± SD,2.29±1.58,regex,mean_sd,2.29,1.58,,,,,,,,,,,,,14.0,True,,,True,Alzheimer disease (AD),True,not_reported,P < 0.01 vs HC,not_reported,<0.01
29763448,arm_HC,healthy_control,AVLT (delayed) — delayed recall of learning verbal,cognition,Auditory Verbal Learning Test (AVLT) — delayed recall,baseline,baseline,mean ± SD,10.57±2.77,regex,mean_sd,10.57,2.77,,,,,,,,,,,,,14.0,True,,,True,Alzheimer disease (AD),True,not_reported,P < 0.01 vs AD,not_reported,<0.01
29763448,arm_AD,other,AVLT (recognition) — recognition of learning verbal,cognition,Auditory Verbal Learning Test (AVLT) — recognition,baseline,baseline,mean ± SD,2.93±1.83,regex,mean_sd,2.93,1.83,,,,,,,,,,,,,14.0,True,,,True,Alzheimer disease (AD),True,not_reported,P < 0.01 vs HC,not_reported,<0.01
29763448,arm_HC,healthy_control,AVLT (recognition) — recognition of learning verbal,cognition,Auditory Verbal Learning Test (AVLT) — recognition,baseline,baseline,mean ± SD,12.57±1.99,regex,mean_sd,12.57,1.99,,,,,,,,,,,,,14.0,True,,,True,Alzheimer disease (AD),True,not_reported,P < 0.01 vs AD,not_reported,<0.01
29763448,arm_AD,other,CDR (clinical dementia rate),cognition,Clinical Dementia Rate (CDR),baseline,baseline,other,1–2,unparseable,,,,,,,,,,,,,,,,14.0,False,0.0,3.0,True,Alzheimer disease (AD),True,not_reported,not_reported,not_reported,not_reported
29763448,arm_HC,healthy_control,CDR (clinical dementia rate),cognition,Clinical Dementia Rate (CDR),baseline,baseline,other,0,unparseable,,,,,,,,,,,,,,,,14.0,False,0.0,3.0,True,Alzheimer disease (AD),True,not_reported,not_reported,not_reported,not_reported
29763448,arm_AD,other,MoCA (Montreal Cognitive Assessment),cognition,Montreal Cognitive Assessment (MoCA),baseline,baseline,mean ± SD,13.29±4.86,regex,mean_sd,13.29,4.86,,,,,,,,,,,,,14.0,True,0.0,30.0,True,Alzheimer disease (AD),True,not_reported,P < 0.01 vs HC,not_reported,<0.01
29763448,arm_HC,healthy_control,MoCA (Montreal Cognitive Assessment),cognition,Montreal Cognitive Assessment (MoCA),baseline,baseline,mean ± SD,27.36±1.87,regex,mean_sd,27.36,1.87,,,,,,,,,,,,,14.0,True,0.0,30.0,True,Alzheimer disease (AD),True,not_reported,P < 0.01 vs AD,not_reported,<0.01
29904344,arm_pms_eas,verum_acupuncture,Age,other,not_reported,baseline,baseline,mean ± SD,21.85 ± 1.72,regex,mean_sd,21.85,1.72,,,,,,,,,,,,,20.0,,,,False,premenstrual syndrome (PMS),False,not_reported,not_reported,not_reported,not_reported
29904344,arm_pms_eas,verum_acupuncture,BMI,physiological,body mass index,baseline,baseline,mean ± SD,18.60 ± 1.71,regex,mean_sd,18.6,1.71,,,,,,,,,,,,,20.0,,,,False,premenstrual syndrome (PMS),False,not_reported,not_reported,not_reported,not_reported
29904344,arm_pms_eas,verum_acupuncture,"DRSP, follicular",symptom_severity,Daily Record of Severity of Problems (DRSP),baseline (follicular phase),baseline,mean ± SD,39.16 ± 4.15,regex,mean_sd,39.16,4.15,,,,,,,,,,,,,20.0,False,,,True,premenstrual syndrome (PMS),False,not_reported,not_reported,not_reported,not_reported
29904344,arm_pms_eas,verum_acupuncture,"DRSP, luteal",symptom_severity,Daily Record of Severity of Problems (DRSP),baseline (luteal phase),baseline,mean ± SD,73.47 ± 7.84,regex,mean_sd,73.47,7.84,,,,,,,,,,,,,20.0,False,,,True,premenstrual syndrome (PMS),False,not_reported,not_reported,not_reported,not_reported
29904344,arm_pms_eas,verum_acupuncture,∆DRSP (difference between follicular and luteal phases),symptom_severity,Daily Record of Severity of Problems (DRSP),baseline,baseline,mean ± SD,34.31 ± 3.69,regex,mean_sd,34.31,3.69,,,,,,,,,,,,,20.0,False,,,True,premenstrual syndrome (PMS),False,not_reported,not_reported,not_reported,not_reported
29904344,arm_pms_eas,verum_acupuncture,Menophania (years),physiological,not_reported,baseline,baseline,mean ± SD,13.75 ± 1.44,regex,mean_sd,13.75,1.44,,,,,,,,,,,,,20.0,,,,False,premenstrual syndrome (PMS),False,not_reported,not_reported,not_reported,not_reported
29904344,arm_pms_eas,verum_acupuncture,Length of menstrual cycle (days),physiological,not_reported,baseline,baseline,mean ± SD,29.95 ± 1.76,regex,mean_sd,29.95,1.76,,,,,,,,,,,,,20.0,,,,False,premenstrual syndrome (PMS),False,not_reported,not_reported,not_reported,not_reported
29904344,arm_pms_eas,verum_acupuncture,Menstruation (days),physiological,not_reported,baseline,baseline,mean ± SD,5.60 ± 1.09,regex,mean_sd,5.6,1.09,,,,,,,,,,,,,20.0,,,,False,premenstrual syndrome (PMS),False,not_reported,not_reported,not_reported,not_reported
29951105,arm_A,verum_acupuncture,modified Barthel Index (MBI) score,function,modified Barthel Index (MBI),baseline (pre-treatment),baseline,mean (95% CI),"32.386 (24.613, 40.160)",regex,mean_ci,32.386,13.153970820320254,,,,,24.613,40.16,,,,,,,11.0,True,0.0,100.0,True,Ischemic stroke,False,not_reported,not_reported,not_reported,0.898 (between groups at baseline)
29951105,arm_B,usual_care,modified Barthel Index (MBI) score,function,modified Barthel Index (MBI),baseline (pre-treatment),baseline,mean (95% CI),"32.980 (26.378, 39.572)",regex,mean_ci,32.98,10.643645777617756,,,,,26.378,39.572,,,,,,,10.0,True,0.0,100.0,True,Ischemic stroke,False,not_reported,not_reported,not_reported,0.898 (between groups at baseline)
29951105,arm_A,verum_acupuncture,modified Barthel Index (MBI) score,function,modified Barthel Index (MBI),post-treatment (end of 4 weeks),post,mean ± SD,44.9 ± 6.4,regex,mean_sd,44.9,6.4,,,,,,,,,,,,,11.0,True,0.0,100.0,True,Ischemic stroke,False,from 32.4 ± 7.8 to 44.9 ± 6.4,P = 0.00 (significant difference between groups after treatment),not_reported,P = 0.00
29951105,arm_B,usual_care,modified Barthel Index (MBI) score,function,modified Barthel Index (MBI),post-treatment (end of 4 weeks),post,mean ± SD,38.3 ± 7.2,regex,mean_sd,38.3,7.2,,,,,,,,,,,,,10.0,True,0.0,100.0,True,Ischemic stroke,False,from 33.00 ± 6.6 to 38.3 ± 7.2,P = 0.00 (significant difference between groups after treatment),not_reported,P = 0.00
29951105,arm_A,verum_acupuncture,change degree of MBI scores (post-pre),function,modified Barthel Index (MBI),post-treatment minus pre-treatment,baseline,mean ± SD,13.0 ± 3.58,regex,mean_sd,13.0,3.58,,,,,,,,,,,,,11.0,True,0.0,100.0,True,Ischemic stroke,False,not_applicable,Group A: 13.0 ± 3.58 vs Group B: 5.275 ± 0.902; P = 0.001,not_reported,P = 0.001
29951105,arm_B,usual_care,change degree of MBI scores (post-pre),function,modified Barthel Index (MBI),post-treatment minus pre-treatment,baseline,mean ± SD,5.275 ± 0.902,regex,mean_sd,5.275,0.902,,,,,,,,,,,,,10.0,True,0.0,100.0,True,Ischemic stroke,False,not_applicable,Group A: 13.0 ± 3.58 vs Group B: 5.275 ± 0.902; P = 0.001,not_reported,P = 0.001
29951105,arm_A,verum_acupuncture,MMSE score,cognition,Mini-Mental State Examination (MMSE),baseline (pre-treatment),baseline,mean (95% CI),"21.000 (19.725, 22.275)",regex,mean_ci,21.0,2.157498269236291,,,,,19.725,22.275,,,,,,,11.0,True,0.0,30.0,True,Ischemic stroke,False,not_reported,not_reported,not_reported,0.380 (between groups at baseline)
29951105,arm_B,usual_care,MMSE score,cognition,Mini-Mental State Examination (MMSE),baseline (pre-treatment),baseline,mean (95% CI),"21.800 (20.262, 23.338)",regex,mean_ci,21.8,2.481419919050494,,,,,20.262,23.338,,,,,,,10.0,True,0.0,30.0,True,Ischemic stroke,False,not_reported,not_reported,not_reported,0.380 (between groups at baseline)
29951105,arm_A,verum_acupuncture,correlation between GMV increase in left middle temporal gyrus and increase in MBI score,function,modified Barthel Index (MBI),post-treatment minus pre-treatment,baseline,other,"r2 = 0.597, P = 0.005",unparseable,,,,,,,,,,,,,,,,11.0,True,0.0,100.0,True,Ischemic stroke,False,not_applicable,not_applicable,r2 = 0.597,P = 0.005
29951105,arm_A,verum_acupuncture,correlation between GMV increase in left anterior cingulate cortex and increase in MBI score,function,modified Barthel Index (MBI),post-treatment minus pre-treatment,baseline,other,"r2 = 0.680, P = 0.002",unparseable,,,,,,,,,,,,,,,,11.0,True,0.0,100.0,True,Ischemic stroke,False,not_applicable,not_applicable,r2 = 0.680,P = 0.002
30034336,TAG,verum_acupuncture,UPDRS II score,function,"UPDRS II (Unified Parkinson's Disease Rating Scale, part II)",Pre-treatment,baseline,mean ± SD,12.64 ± 5.98,regex,mean_sd,12.64,5.98,,,,,,,,,,,,,14.0,False,,,True,Parkinson's disease with tremor,False,not_reported,not_reported,not_reported,not_reported
30034336,TAG,verum_acupuncture,UPDRS II score,function,"UPDRS II (Unified Parkinson's Disease Rating Scale, part II)",Post-treatment,post,mean ± SD,9.00 ± 4.40,regex,mean_sd,9.0,4.4,,,,,,,,,,,,,14.0,False,,,True,Parkinson's disease with tremor,False,"T-value = 3.40, P = 0.005",not_reported,not_reported,0.005
30034336,WG,waitlist,UPDRS II score,function,UPDRS II,Pre-treatment,baseline,mean ± SD,11.09 ± 6.58,regex,mean_sd,11.09,6.58,,,,,,,,,,,,,11.0,False,,,True,Parkinson's disease with tremor,False,not_reported,not_reported,not_reported,not_reported
30034336,WG,waitlist,UPDRS II score,function,UPDRS II,Post-treatment,post,mean ± SD,12.27 ± 7.90,regex,mean_sd,12.27,7.9,,,,,,,,,,,,,11.0,False,,,True,Parkinson's disease with tremor,False,"T-value = -1.44, P = 0.179",not_reported,not_reported,0.179
30034336,SAG,sham_acupuncture,UPDRS II score,function,UPDRS II,Pre-treatment,baseline,mean ± SD,11.25 ± 4.58,regex,mean_sd,11.25,4.58,,,,,,,,,,,,,12.0,False,,,True,Parkinson's disease with tremor,False,not_reported,not_reported,not_reported,not_reported
30034336,SAG,sham_acupuncture,UPDRS II score,function,UPDRS II,Post-treatment,post,mean ± SD,10.33 ± 5.28,regex,mean_sd,10.33,5.28,,,,,,,,,,,,,12.0,False,,,True,Parkinson's disease with tremor,False,"T-value = 1.08, P = 0.303",not_reported,not_reported,0.303
30034336,TAG,verum_acupuncture,UPDRS III score,symptom_severity,"UPDRS III (Unified Parkinson's Disease Rating Scale, part III)",Pre-treatment,baseline,mean ± SD,26.00 ± 15.07,regex,mean_sd,26.0,15.07,,,,,,,,,,,,,14.0,False,,,True,Parkinson's disease with tremor,False,not_reported,not_reported,not_reported,not_reported
30034336,TAG,verum_acupuncture,UPDRS III score,symptom_severity,UPDRS III,Post-treatment,post,mean ± SD,21.64 ± 13.68,regex,mean_sd,21.64,13.68,,,,,,,,,,,,,14.0,False,,,True,Parkinson's disease with tremor,False,"T-value = 2.96, P = 0.011",not_reported,not_reported,0.011
30034336,WG,waitlist,UPDRS III score,symptom_severity,UPDRS III,Pre-treatment,baseline,mean ± SD,24.36 ± 14.07,regex,mean_sd,24.36,14.07,,,,,,,,,,,,,11.0,False,,,True,Parkinson's disease with tremor,False,not_reported,not_reported,not_reported,not_reported
30034336,WG,waitlist,UPDRS III score,symptom_severity,UPDRS III,Post-treatment,post,mean ± SD,26.73 ± 14.03,regex,mean_sd,26.73,14.03,,,,,,,,,,,,,11.0,False,,,True,Parkinson's disease with tremor,False,"T-value = -1.88, P = 0.090",not_reported,not_reported,0.090
30034336,SAG,sham_acupuncture,UPDRS III score,symptom_severity,UPDRS III,Pre-treatment,baseline,mean ± SD,19.50 ± 8.49,regex,mean_sd,19.5,8.49,,,,,,,,,,,,,12.0,False,,,True,Parkinson's disease with tremor,False,not_reported,not_reported,not_reported,not_reported
30034336,SAG,sham_acupuncture,UPDRS III score,symptom_severity,UPDRS III,Post-treatment,post,mean ± SD,19.25 ± 9.21,regex,mean_sd,19.25,9.21,,,,,,,,,,,,,12.0,False,,,True,Parkinson's disease with tremor,False,"T-value = 0.29, P = 0.777",not_reported,not_reported,0.777
30034336,TAG,verum_acupuncture,Tremor score,symptom_severity,UPDRS III tremor score (items 20 and 21),Pre-treatment,baseline,mean ± SD,1.17 ± 0.52,regex,mean_sd,1.17,0.52,,,,,,,,,,,,,14.0,False,,,True,Parkinson's disease with tremor,False,not_reported,not_reported,not_reported,not_reported
30034336,TAG,verum_acupuncture,Tremor score,symptom_severity,UPDRS III tremor score (items 20 and 21),Post-treatment,post,mean ± SD,0.85 ± 0.43,regex,mean_sd,0.85,0.43,,,,,,,,,,,,,14.0,False,,,True,Parkinson's disease with tremor,False,"T-value = 6.19, P = 0.000",not_reported,not_reported,0.000
30034336,WG,waitlist,Tremor score,symptom_severity,UPDRS III tremor score (items 20 and 21),Pre-treatment,baseline,mean ± SD,1.12 ± 0.62,regex,mean_sd,1.12,0.62,,,,,,,,,,,,,11.0,False,,,True,Parkinson's disease with tremor,False,not_reported,not_reported,not_reported,not_reported
30034336,WG,waitlist,Tremor score,symptom_severity,UPDRS III tremor score (items 20 and 21),Post-treatment,post,mean ± SD,1.31 ± 0.69,regex,mean_sd,1.31,0.69,,,,,,,,,,,,,11.0,False,,,True,Parkinson's disease with tremor,False,"T-value = -3.75, P = 0.004",not_reported,not_reported,0.004
30034336,SAG,sham_acupuncture,Tremor score,symptom_severity,UPDRS III tremor score (items 20 and 21),Pre-treatment,baseline,mean ± SD,0.92 ± 0.49,regex,mean_sd,0.92,0.49,,,,,,,,,,,,,12.0,False,,,True,Parkinson's disease with tremor,False,not_reported,not_reported,not_reported,not_reported
30034336,SAG,sham_acupuncture,Tremor score,symptom_severity,UPDRS III tremor score (items 20 and 21),Post-treatment,post,mean ± SD,0.90 ± 0.47,regex,mean_sd,0.9,0.47,,,,,,,,,,,,,12.0,False,,,True,Parkinson's disease with tremor,False,"T-value = 0.19, P = 0.851",not_reported,not_reported,0.851
30034336,TAG,verum_acupuncture,Rigidity score,symptom_severity,UPDRS III rigidity score (item 22),Pre-treatment,baseline,mean ± SD,0.89 ± 0.82,regex,mean_sd,0.89,0.82,,,,,,,,,,,,,14.0,False,,,True,Parkinson's disease with tremor,False,not_reported,not_reported,not_reported,not_reported
30034336,TAG,verum_acupuncture,Rigidity score,symptom_severity,UPDRS III rigidity score (item 22),Post-treatment,post,mean ± SD,0.76 ± 0.79,regex,mean_sd,0.76,0.79,,,,,,,,,,,,,14.0,False,,,True,Parkinson's disease with tremor,False,"T-value = 1.26, P = 0.229",not_reported,not_reported,0.229
30034336,WG,waitlist,Rigidity score,symptom_severity,UPDRS III rigidity score (item 22),Pre-treatment,baseline,mean ± SD,0.71 ± 0.72,regex,mean_sd,0.71,0.72,,,,,,,,,,,,,11.0,False,,,True,Parkinson's disease with tremor,False,not_reported,not_reported,not_reported,not_reported
30034336,WG,waitlist,Rigidity score,symptom_severity,UPDRS III rigidity score (item 22),Post-treatment,post,mean ± SD,0.80 ± 0.64,regex,mean_sd,0.8,0.64,,,,,,,,,,,,,11.0,False,,,True,Parkinson's disease with tremor,False,"T-value = -1.46, P = 0.176",not_reported,not_reported,0.176
30034336,SAG,sham_acupuncture,Rigidity score,symptom_severity,UPDRS III rigidity score (item 22),Pre-treatment,baseline,mean ± SD,0.52 ± 0.54,regex,mean_sd,0.52,0.54,,,,,,,,,,,,,12.0,False,,,True,Parkinson's disease with tremor,False,not_reported,not_reported,not_reported,not_reported
30034336,SAG,sham_acupuncture,Rigidity score,symptom_severity,UPDRS III rigidity score (item 22),Post-treatment,post,mean ± SD,0.50 ± 0.53,regex,mean_sd,0.5,0.53,,,,,,,,,,,,,12.0,False,,,True,Parkinson's disease with tremor,False,"T-value = 0.43, P = 0.674",not_reported,not_reported,0.674
30034336,TAG,verum_acupuncture,Hypokinesia score,symptom_severity,"UPDRS III hypokinesia score (items 23, 24, 25, 26, 31)",Pre-treatment,baseline,mean ± SD,0.84 ± 0.75,regex,mean_sd,0.84,0.75,,,,,,,,,,,,,14.0,False,,,True,Parkinson's disease with tremor,False,not_reported,not_reported,not_reported,not_reported
30034336,TAG,verum_acupuncture,Hypokinesia score,symptom_severity,"UPDRS III hypokinesia score (items 23, 24, 25, 26, 31)",Post-treatment,post,mean ± SD,0.71 ± 0.77,regex,mean_sd,0.71,0.77,,,,,,,,,,,,,14.0,False,,,True,Parkinson's disease with tremor,False,"T-value = 1.85, P = 0.087",not_reported,not_reported,0.087
30034336,WG,waitlist,Hypokinesia score,symptom_severity,"UPDRS III hypokinesia score (items 23, 24, 25, 26, 31)",Pre-treatment,baseline,mean ± SD,0.85 ± 0.53,regex,mean_sd,0.85,0.53,,,,,,,,,,,,,11.0,False,,,True,Parkinson's disease with tremor,False,not_reported,not_reported,not_reported,not_reported
30034336,WG,waitlist,Hypokinesia score,symptom_severity,"UPDRS III hypokinesia score (items 23, 24, 25, 26, 31)",Post-treatment,post,mean ± SD,0.91 ± 0.52,regex,mean_sd,0.91,0.52,,,,,,,,,,,,,11.0,False,,,True,Parkinson's disease with tremor,False,"T-value = -0.69, P = 0.506",not_reported,not_reported,0.506
30034336,SAG,sham_acupuncture,Hypokinesia score,symptom_severity,"UPDRS III hypokinesia score (items 23, 24, 25, 26, 31)",Pre-treatment,baseline,mean ± SD,0.56 ± 0.32,regex,mean_sd,0.56,0.32,,,,,,,,,,,,,12.0,False,,,True,Parkinson's disease with tremor,False,not_reported,not_reported,not_reported,not_reported
30034336,SAG,sham_acupuncture,Hypokinesia score,symptom_severity,"UPDRS III hypokinesia score (items 23, 24, 25, 26, 31)",Post-treatment,post,mean ± SD,0.58 ± 0.30,regex,mean_sd,0.58,0.3,,,,,,,,,,,,,12.0,False,,,True,Parkinson's disease with tremor,False,"T-value = -0.39, P = 0.701",not_reported,not_reported,0.701
30034336,TAG,verum_acupuncture,PIGD score,symptom_severity,"UPDRS III postural instability/gait disorder (PIGD) score (items 27, 28, 29, 30)",Pre-treatment,baseline,mean ± SD,0.88 ± 0.45,regex,mean_sd,0.88,0.45,,,,,,,,,,,,,14.0,False,,,True,Parkinson's disease with tremor,False,not_reported,not_reported,not_reported,not_reported
30034336,TAG,verum_acupuncture,PIGD score,symptom_severity,"UPDRS III postural instability/gait disorder (PIGD) score (items 27, 28, 29, 30)",Post-treatment,post,mean ± SD,0.82 ± 0.36,regex,mean_sd,0.82,0.36,,,,,,,,,,,,,14.0,False,,,True,Parkinson's disease with tremor,False,"T-value = 0.90, P = 0.385",not_reported,not_reported,0.385
30034336,WG,waitlist,PIGD score,symptom_severity,"UPDRS III postural instability/gait disorder (PIGD) score (items 27, 28, 29, 30)",Pre-treatment,baseline,mean ± SD,0.82 ± 0.66,regex,mean_sd,0.82,0.66,,,,,,,,,,,,,11.0,False,,,True,Parkinson's disease with tremor,False,not_reported,not_reported,not_reported,not_reported
30034336,WG,waitlist,PIGD score,symptom_severity,"UPDRS III postural instability/gait disorder (PIGD) score (items 27, 28, 29, 30)",Post-treatment,post,mean ± SD,0.82 ± 0.63,regex,mean_sd,0.82,0.63,,,,,,,,,,,,,11.0,False,,,True,Parkinson's disease with tremor,False,"T-value = 0.00, P = 1.000",not_reported,not_reported,1.000
30034336,SAG,sham_acupuncture,PIGD score,symptom_severity,"UPDRS III postural instability/gait disorder (PIGD) score (items 27, 28, 29, 30)",Pre-treatment,baseline,mean ± SD,0.79 ± 0.58,regex,mean_sd,0.79,0.58,,,,,,,,,,,,,12.0,False,,,True,Parkinson's disease with tremor,False,not_reported,not_reported,not_reported,not_reported
30034336,SAG,sham_acupuncture,PIGD score,symptom_severity,"UPDRS III postural instability/gait disorder (PIGD) score (items 27, 28, 29, 30)",Post-treatment,post,mean ± SD,0.75 ± 0.62,regex,mean_sd,0.75,0.62,,,,,,,,,,,,,12.0,False,,,True,Parkinson's disease with tremor,False,"T-value = 0.69, P = 0.504",not_reported,not_reported,0.504
30105065,not_applicable,,MMSE score,cognition,Mini-Mental State Examination (MMSE),baseline (before study),baseline,mean ± SD,AD RA: 15.92±4.12; AD SA: 11.71±7.20; MCI RA: 25.38±1.30; MCI SA: 25.67±2.34; HC: 28.00±1.41,unparseable,,,,,,,,,,,,,,,,,True,0.0,30.0,True,Alzheimer's disease (AD) and mild cognitive impairment (MCI),True,not_reported,P <0.01,not_reported,<0.01
30105065,not_applicable,,AVLT score - immediate recall of learning verbal,cognition,Auditory Verbal Learning Test (AVLT) - immediate,baseline (before study),baseline,mean ± SD,AD RA: 11.36±3.95; AD SA: 7.00±5.69; MCI RA: 14.13±3.52; MCI SA: 22.50±3.02; HC: 26.86±5.25,unparseable,,,,,,,,,,,,,,,,,True,,,True,Alzheimer's disease (AD) and mild cognitive impairment (MCI),True,not_reported,P <0.01,not_reported,<0.01
30105065,not_applicable,,AVLT score - delayed recall of learning verbal,cognition,Auditory Verbal Learning Test (AVLT) - delayed,baseline (before study),baseline,mean ± SD,AD RA: 2.64±1.60; AD SA: 1.57±1.62; MCI RA: 4.38±1.60; MCI SA: 7.83±3.92; HC: 11.07±2.76,unparseable,,,,,,,,,,,,,,,,,True,,,True,Alzheimer's disease (AD) and mild cognitive impairment (MCI),True,not_reported,P <0.01,not_reported,<0.01
30105065,not_applicable,,AVLT score - recognition of learning verbal,cognition,Auditory Verbal Learning Test (AVLT) - recognition,baseline (before study),baseline,mean ± SD,AD RA: 3.36±1.55; AD SA: 4.14±3.34; MCI RA: 7.38±3.11; MCI SA: 9.17±3.19; HC: 12.71±2.09,unparseable,,,,,,,,,,,,,,,,,True,,,True,Alzheimer's disease (AD) and mild cognitive impairment (MCI),True,not_reported,P <0.01,not_reported,<0.01
30105065,not_applicable,,CDR,cognition,Clinical Dementia Rating (CDR),baseline (before study),baseline,other,AD RA: 1-2; AD SA: 1-2; MCI RA: 0.5; MCI SA: 0.5; HC: 0,unparseable,,,,,,,,,,,,,,,,,False,0.0,3.0,True,Alzheimer's disease (AD) and mild cognitive impairment (MCI),True,not_reported,P <0.01,not_reported,<0.01
30105065,not_applicable,,Age [years],other,not_reported,baseline,baseline,mean ± SD,AD RA: 66.93±8.91; AD SA: 71.29±4.75; MCI RA: 66.38±10.97; MCI SA: 67.83±6.01; HC: 66.07±5.78,unparseable,,,,,,,,,,,,,,,,,,,,False,Alzheimer's disease (AD) and mild cognitive impairment (MCI),True,not_reported,P = 0.68,not_reported,0.68
30105065,not_applicable,,Education [years],other,not_reported,baseline,baseline,mean ± SD,AD RA: 10.07±3.38; AD SA: 8.86±6.69; MCI RA: 10.63±3.54; MCI SA: 11.00±3.16; HC: 11.00±4.52,unparseable,,,,,,,,,,,,,,,,,,,,False,Alzheimer's disease (AD) and mild cognitive impairment (MCI),True,not_reported,P = 0.60,not_reported,0.60
30719061,arm_LR3KI3,verum_acupuncture,blood pressure (BP),physiological,not_reported,after acupuncture treatment,post,narrative,reduced BP and improved symptoms after acupuncture treatment,unparseable,,,,,,,,,,,,,,,,,,,,False,Hypertension (grade 1 or 2),False,not_reported,not_reported,not_reported,not_reported
30881095,arm_CLBP,verum_acupuncture,VAS score of pain intensity before acupuncture intervention (VAS1),pain,Visual Analog Scale/Score (VAS),"immediately following rest1 (after tactile stimulation, before AA)",other,mean ± SD,5.68±2.07,regex,mean_sd,5.68,2.07,,,,,,,,,,,,,12.0,False,0.0,10.0,True,chronic low back pain (CLBP),False,not_reported,not_reported,not_reported,P<0.001
30881095,arm_CLBP,verum_acupuncture,VAS score of pain intensity after 8-minute ankle acupuncture (VAS2),pain,Visual Analog Scale/Score (VAS),immediately following rest2 (during/after AA needle retaining),during,mean ± SD,3.79±1.84,regex,mean_sd,3.79,1.84,,,,,,,,,,,,,12.0,False,0.0,10.0,True,chronic low back pain (CLBP),False,"significantly decreased (T=5.38, P<0.001) after 8-minute AA compared to before the acupuncture intervention",not_reported,not_reported,P<0.001
30881095,arm_CLBP,verum_acupuncture,Correlation between change of VAS score (VAS1–VAS2) and duration of pain,pain,Visual Analog Scale/Score (VAS),VAS change from VAS1 to VAS2,other,other,"r=−0.67, P=0.02",unparseable,,,,,,,,,,,,,,,,12.0,False,0.0,10.0,True,chronic low back pain (CLBP),False,not_reported,not_reported,not_reported,P=0.02
30914919,not_applicable,,"itch intensity, arm, entire measurement",symptom_severity,numerical rating scale (0–10),entire measurement,other,p_value_only,not_reported,unparseable,,,,,,,,,,,,,,,,20.0,False,,,True,experimentally induced histamine itch in healthy volunteers,True,not_reported,"significantly lower in acupuncture than placebo, p < 0.001",not_reported,p < 0.001
30914919,not_applicable,,"itch intensity, foot, entire measurement",symptom_severity,numerical rating scale (0–10),entire measurement,other,p_value_only,not_reported,unparseable,,,,,,,,,,,,,,,,20.0,False,,,True,experimentally induced histamine itch in healthy volunteers,True,not_reported,"significantly lower in acupuncture than placebo, p < 0.001",not_reported,p < 0.001
30914919,arm_acupuncture,verum_acupuncture,"time above scratch threshold, arm",symptom_severity,not_reported,post histamine stimulus,other,mean (95% CI),"21.7 (95% CI, 5.1–38.3)",unparseable,,,,,,,,,,,,,,,,20.0,,,,False,experimentally induced histamine itch in healthy volunteers,True,not_reported,"significantly lower than placebo (71.4 [95% CI, 31.5–111.2]), p = 0.002",not_reported,p = 0.002
30914919,arm_placebo,sham_acupuncture,"time above scratch threshold, arm",symptom_severity,not_reported,post histamine stimulus,other,mean (95% CI),"71.4 (95% CI, 31.5–111.2)",unparseable,,,,,,,,,,,,,,,,20.0,,,,False,experimentally induced histamine itch in healthy volunteers,True,not_reported,"significantly higher than acupuncture, p = 0.002",not_reported,p = 0.002
30914919,arm_acupuncture,verum_acupuncture,"time above scratch threshold, foot",symptom_severity,not_reported,post histamine stimulus,other,mean (95% CI),"29.3 (95% CI, 4.6–53.9)",unparseable,,,,,,,,,,,,,,,,20.0,,,,False,experimentally induced histamine itch in healthy volunteers,True,not_reported,"significantly lower than placebo (74.3 [95% CI, 33.3–115.3]), p = 0.008",not_reported,p = 0.008
30914919,arm_placebo,sham_acupuncture,"time above scratch threshold, foot",symptom_severity,not_reported,post histamine stimulus,other,mean (95% CI),"74.3 (95% CI, 33.3–115.3)",unparseable,,,,,,,,,,,,,,,,20.0,,,,False,experimentally induced histamine itch in healthy volunteers,True,not_reported,"significantly higher than acupuncture, p = 0.008",not_reported,p = 0.008
30914919,arm_acupuncture,verum_acupuncture,"area under the rating curve above the scratch threshold, arm",symptom_severity,not_reported,post histamine stimulus,other,mean (95% CI),"94.2 (95% CI, -0.3 to 188.6)",unparseable,,,,,,,,,,,,,,,,20.0,,,,False,experimentally induced histamine itch in healthy volunteers,True,not_reported,"significantly lower than placebo (568.3 [95% CI, 155.7–980.9]), p = 0.001",not_reported,p = 0.001
30914919,arm_placebo,sham_acupuncture,"area under the rating curve above the scratch threshold, arm",symptom_severity,not_reported,post histamine stimulus,other,mean (95% CI),"568.3 (95% CI, 155.7–980.9)",unparseable,,,,,,,,,,,,,,,,20.0,,,,False,experimentally induced histamine itch in healthy volunteers,True,not_reported,"significantly higher than acupuncture, p = 0.001",not_reported,p = 0.001
30914919,arm_acupuncture,verum_acupuncture,"area under the rating curve above the scratch threshold, foot",symptom_severity,not_reported,post histamine stimulus,other,mean (95% CI),"178.1 (95% CI, -64.3 to 420.5)",unparseable,,,,,,,,,,,,,,,,20.0,,,,False,experimentally induced histamine itch in healthy volunteers,True,not_reported,"significantly lower than placebo (473.7 [95% CI, 193.2–754.2]), p = 0.008",not_reported,p = 0.008
30914919,arm_placebo,sham_acupuncture,"area under the rating curve above the scratch threshold, foot",symptom_severity,not_reported,post histamine stimulus,other,mean (95% CI),"473.7 (95% CI, 193.2–754.2)",unparseable,,,,,,,,,,,,,,,,20.0,,,,False,experimentally induced histamine itch in healthy volunteers,True,not_reported,"significantly higher than acupuncture, p = 0.008",not_reported,p = 0.008
30914919,arm_acupuncture,verum_acupuncture,mean skin blood perfusion,physiological,"laser Doppler perfusion imaging (PIM3 system); perfusion units (PU,%)",H1 (0–5 min after histamine stimulus),other,mean (95% CI),"323.3 (95% CI, 221.1–425.5)",unparseable,,,,,,,,,,,,,,,,20.0,,,,False,experimentally induced histamine itch in healthy volunteers,True,not_reported,"lower in acupuncture vs. placebo, p = 0.049",not_reported,p = 0.049
30914919,arm_placebo,sham_acupuncture,mean skin blood perfusion,physiological,"laser Doppler perfusion imaging (PIM3 system); perfusion units (PU,%)",H1 (0–5 min after histamine stimulus),other,mean (95% CI),"427.9 (95% CI, 283.6–572.1)",unparseable,,,,,,,,,,,,,,,,20.0,,,,False,experimentally induced histamine itch in healthy volunteers,True,not_reported,"higher than acupuncture, p = 0.049",not_reported,p = 0.049
30914919,arm_acupuncture,verum_acupuncture,mean skin blood perfusion,physiological,"laser Doppler perfusion imaging (PIM3 system); perfusion units (PU,%)",H2 (5–10 min after histamine stimulus),other,mean (95% CI),"391.5 (95% CI, 223.8–559.2)",unparseable,,,,,,,,,,,,,,,,20.0,,,,False,experimentally induced histamine itch in healthy volunteers,True,not_reported,"lower in acupuncture vs. placebo, p = 0.021",not_reported,p = 0.021
30914919,arm_placebo,sham_acupuncture,mean skin blood perfusion,physiological,"laser Doppler perfusion imaging (PIM3 system); perfusion units (PU,%)",H2 (5–10 min after histamine stimulus),other,mean (95% CI),"587.1 (95% CI, 419.7–754.4)",unparseable,,,,,,,,,,,,,,,,20.0,,,,False,experimentally induced histamine itch in healthy volunteers,True,not_reported,"higher than acupuncture, p = 0.021",not_reported,p = 0.021
30914919,arm_acupuncture,verum_acupuncture,mean skin blood perfusion,physiological,"laser Doppler perfusion imaging (PIM3 system); perfusion units (PU,%)",H3 (10–15 min after histamine stimulus),other,mean (95% CI),"310.2 (95% CI, 166.9–453.6)",unparseable,,,,,,,,,,,,,,,,20.0,,,,False,experimentally induced histamine itch in healthy volunteers,True,not_reported,"lower in acupuncture vs. placebo, p = 0.011",not_reported,p = 0.011
30914919,arm_placebo,sham_acupuncture,mean skin blood perfusion,physiological,"laser Doppler perfusion imaging (PIM3 system); perfusion units (PU,%)",H3 (10–15 min after histamine stimulus),other,mean (95% CI),"455.2 (95% CI, 318.6–591.8)",unparseable,,,,,,,,,,,,,,,,20.0,,,,False,experimentally induced histamine itch in healthy volunteers,True,not_reported,"higher than acupuncture, p = 0.011",not_reported,p = 0.011
30914919,arm_acupuncture,verum_acupuncture,maximum skin blood perfusion,physiological,"laser Doppler perfusion imaging (PIM3 system); perfusion units (PU,%)",during study,during,mean (95% CI),"642.8 (95% CI, 436.0–849.7)",unparseable,,,,,,,,,,,,,,,,20.0,,,,False,experimentally induced histamine itch in healthy volunteers,True,not_reported,"significantly lower than placebo (840.6 [95% CI, 631.4–1050.0]), p = 0.036",not_reported,p = 0.036
30914919,arm_placebo,sham_acupuncture,maximum skin blood perfusion,physiological,"laser Doppler perfusion imaging (PIM3 system); perfusion units (PU,%)",during study,during,mean (95% CI),"840.6 (95% CI, 631.4–1050.0)",unparseable,,,,,,,,,,,,,,,,20.0,,,,False,experimentally induced histamine itch in healthy volunteers,True,not_reported,"significantly higher than acupuncture, p = 0.036",not_reported,p = 0.036
30914919,not_applicable,,correlation of maximum itch intensity and skin blood perfusion,physiological,not_reported,not_reported,other,other,"r = 0.36, p = 0.02",unparseable,,,,,,,,,,,,,,,,,,,,False,experimentally induced histamine itch in healthy volunteers,True,not_reported,not_reported,r = 0.36,p = 0.02
30914919,not_applicable,,normalized high frequency (HF norm),physiological,heart rate variability (HRV),not_reported (overall comparison),other,narrative,no significant change between acupuncture and placebo conditions,unparseable,,,,,,,,,,,,,,,,20.0,,,,False,experimentally induced histamine itch in healthy volunteers,True,Participants in the acupuncture condition experienced increased HF norm from baseline at H1,no significant change on normalized high frequency (HF norm) between acupuncture and placebo,not_reported,not_reported
30914919,not_applicable,,normalized low frequency (LF norm),physiological,heart rate variability (HRV),not_reported,other,narrative,no significant change between acupuncture and placebo conditions,unparseable,,,,,,,,,,,,,,,,20.0,,,,False,experimentally induced histamine itch in healthy volunteers,True,Participants in the acupuncture condition experienced decreased LF norm from baseline at H1,no significant change on normalized low frequency (LF norm) between acupuncture and placebo,not_reported,not_reported
30914919,not_applicable,,LF/HF ratio,physiological,heart rate variability (HRV),not_reported,other,narrative,no significant change between acupuncture and placebo conditions,unparseable,,,,,,,,,,,,,,,,20.0,,,,False,experimentally induced histamine itch in healthy volunteers,True,Participants in the acupuncture condition experienced decreased LF/HF ratio from baseline at H1,no significant change on LF/HF ratio between acupuncture and placebo,not_reported,not_reported
30914919,arm_responder,other,HF norm (change from baseline),physiological,heart rate variability (HRV),A1 (0–5 min after acupuncture),post,mean (95% CI),"32.9 (95% CI, 3.0–62.9)",unparseable,,,,,,,,,,,,,,,,10.0,,,,False,experimentally induced histamine itch in healthy volunteers,True,not_reported,"significantly higher in responders vs. non-responders (-1.0 [95% CI, -11.7 to 9.8]), p = 0.009",not_reported,p = 0.009
30914919,arm_nonresponder,other,HF norm (change from baseline),physiological,heart rate variability (HRV),A1 (0–5 min after acupuncture),post,mean (95% CI),"-1.0 (95% CI, -11.7 to 9.8)",unparseable,,,,,,,,,,,,,,,,10.0,,,,False,experimentally induced histamine itch in healthy volunteers,True,not_reported,"significantly lower than responders, p = 0.009",not_reported,p = 0.009
30914919,arm_responder,other,HF norm (change from baseline),physiological,heart rate variability (HRV),A2 (5–10 min after acupuncture),post,mean (95% CI),"49.5 (95% CI, 8.7–90.3)",unparseable,,,,,,,,,,,,,,,,10.0,,,,False,experimentally induced histamine itch in healthy volunteers,True,not_reported,"significantly higher in responders vs. non-responders (0.8 [95% CI, -10.9 to 12.5]), p = 0.035",not_reported,p = 0.035
30914919,arm_nonresponder,other,HF norm (change from baseline),physiological,heart rate variability (HRV),A2 (5–10 min after acupuncture),post,mean (95% CI),"0.8 (95% CI, -10.9 to 12.5)",unparseable,,,,,,,,,,,,,,,,10.0,,,,False,experimentally induced histamine itch in healthy volunteers,True,not_reported,"significantly lower than responders, p = 0.035",not_reported,p = 0.035
30914919,arm_responder,other,HF norm (change from baseline),physiological,heart rate variability (HRV),H1 (0–5 min after histamine stimulus),other,mean (95% CI),"81.2 (95% CI, -22.6 to 184.9)",unparseable,,,,,,,,,,,,,,,,10.0,,,,False,experimentally induced histamine itch in healthy volunteers,True,not_reported,"significantly higher in responders vs. non-responders (-9.9 [95% CI, -17.2 to 2.6]), p = 0.007",not_reported,p = 0.007
30914919,arm_nonresponder,other,HF norm (change from baseline),physiological,heart rate variability (HRV),H1 (0–5 min after histamine stimulus),other,mean (95% CI),"-9.9 (95% CI, -17.2 to 2.6)",unparseable,,,,,,,,,,,,,,,,10.0,,,,False,experimentally induced histamine itch in healthy volunteers,True,not_reported,"significantly lower than responders, p = 0.007",not_reported,p = 0.007
30914919,arm_responder,other,HF norm (change from baseline),physiological,heart rate variability (HRV),H3 (10–15 min after histamine stimulus),other,mean (95% CI),"34.9 (95% CI, -24.8 to 94.7)",unparseable,,,,,,,,,,,,,,,,10.0,,,,False,experimentally induced histamine itch in healthy volunteers,True,not_reported,"significantly higher in responders vs. non-responders (-22.1 [95% CI, -34.7 to 9.5]), p = 0.029",not_reported,p = 0.029
30914919,arm_nonresponder,other,HF norm (change from baseline),physiological,heart rate variability (HRV),H3 (10–15 min after histamine stimulus),other,mean (95% CI),"-22.1 (95% CI, -34.7 to 9.5)",unparseable,,,,,,,,,,,,,,,,10.0,,,,False,experimentally induced histamine itch in healthy volunteers,True,not_reported,"significantly lower than responders, p = 0.029",not_reported,p = 0.029
30914919,arm_responder,other,LF norm (change from baseline),physiological,heart rate variability (HRV),A1 (0–5 min after acupuncture),post,mean (95% CI),"-16.18 (95% CI, -25.3 to 7.1)",unparseable,,,,,,,,,,,,,,,,10.0,,,,False,experimentally induced histamine itch in healthy volunteers,True,not_reported,"significantly lower in responders vs. non-responders (7.1 [95% CI, -12.1 to 26.3]), p = 0.028",not_reported,p = 0.028
30914919,arm_nonresponder,other,LF norm (change from baseline),physiological,heart rate variability (HRV),A1 (0–5 min after acupuncture),post,mean (95% CI),"7.1 (95% CI, -12.1 to 26.3)",unparseable,,,,,,,,,,,,,,,,10.0,,,,False,experimentally induced histamine itch in healthy volunteers,True,not_reported,"significantly higher than responders, p = 0.028",not_reported,p = 0.028
30914919,arm_responder,other,LF norm (change from baseline),physiological,heart rate variability (HRV),H1 (0–5 min after histamine stimulus),other,mean (95% CI),"-12.4 (95% CI, -27.7 to 2.9)",unparseable,,,,,,,,,,,,,,,,10.0,,,,False,experimentally induced histamine itch in healthy volunteers,True,not_reported,"significantly lower in responders vs. non-responders (13.8 [95% CI, -2.7 to 30.2]), p = 0.015",not_reported,p = 0.015
30914919,arm_nonresponder,other,LF norm (change from baseline),physiological,heart rate variability (HRV),H1 (0–5 min after histamine stimulus),other,mean (95% CI),"13.8 (95% CI, -2.7 to 30.2)",unparseable,,,,,,,,,,,,,,,,10.0,,,,False,experimentally induced histamine itch in healthy volunteers,True,not_reported,"significantly higher than responders, p = 0.015",not_reported,p = 0.015
30914919,arm_responder,other,LF norm (change from baseline),physiological,heart rate variability (HRV),H3 (10–15 min after histamine stimulus),other,mean (95% CI),"5.8 (95% CI, -16.4 to 28.0)",unparseable,,,,,,,,,,,,,,,,10.0,,,,False,experimentally induced histamine itch in healthy volunteers,True,not_reported,"significantly lower in responders vs. non-responders (42.9 [95% CI, 10.1–75.7]), p = 0.023",not_reported,p = 0.023
30914919,arm_nonresponder,other,LF norm (change from baseline),physiological,heart rate variability (HRV),H3 (10–15 min after histamine stimulus),other,mean (95% CI),"42.9 (95% CI, 10.1–75.7)",unparseable,,,,,,,,,,,,,,,,10.0,,,,False,experimentally induced histamine itch in healthy volunteers,True,not_reported,"significantly higher than responders, p = 0.023",not_reported,p = 0.023
30914919,arm_responder,other,LF/HF ratio (change from baseline),physiological,heart rate variability (HRV),A1 (0–5 min after acupuncture),post,mean (95% CI),"-31.8 (95% CI, -46.9 to 16.7)",unparseable,,,,,,,,,,,,,,,,10.0,,,,False,experimentally induced histamine itch in healthy volunteers,True,not_reported,"significantly lower in responders vs. non-responders (22.8 [95% CI, -19.9 to 65.5]), p = 0.019",not_reported,p = 0.019
30914919,arm_nonresponder,other,LF/HF ratio (change from baseline),physiological,heart rate variability (HRV),A1 (0–5 min after acupuncture),post,mean (95% CI),"22.8 (95% CI, -19.9 to 65.5)",unparseable,,,,,,,,,,,,,,,,10.0,,,,False,experimentally induced histamine itch in healthy volunteers,True,not_reported,"significantly higher than responders, p = 0.019",not_reported,p = 0.019
30914919,arm_responder,other,LF/HF ratio (change from baseline),physiological,heart rate variability (HRV),H1 (0–5 min after histamine stimulus),other,mean (95% CI),"-29.0 (95% CI, -58.1 to 0.0)",unparseable,,,,,,,,,,,,,,,,10.0,,,,False,experimentally induced histamine itch in healthy volunteers,True,not_reported,"significantly lower in responders vs. non-responders (29.3 [95% CI, 2.9–55.8]), p = 0.003",not_reported,p = 0.003
30914919,arm_nonresponder,other,LF/HF ratio (change from baseline),physiological,heart rate variability (HRV),H1 (0–5 min after histamine stimulus),other,mean (95% CI),"29.3 (95% CI, 2.9–55.8)",unparseable,,,,,,,,,,,,,,,,10.0,,,,False,experimentally induced histamine itch in healthy volunteers,True,not_reported,"significantly higher than responders, p = 0.003",not_reported,p = 0.003
30914919,arm_responder,other,LF/HF ratio (change from baseline),physiological,heart rate variability (HRV),H3 (10–15 min after histamine stimulus),other,mean (95% CI),"11.2 (95% CI, -49.9 to 72.4)",unparseable,,,,,,,,,,,,,,,,10.0,,,,False,experimentally induced histamine itch in healthy volunteers,True,not_reported,"significantly lower in responders vs. non-responders (1127 [95% CI, 26.2–199.3]), p = 0.019",not_reported,p = 0.019
30914919,arm_nonresponder,other,LF/HF ratio (change from baseline),physiological,heart rate variability (HRV),H3 (10–15 min after histamine stimulus),other,mean (95% CI),"1127 (95% CI, 26.2–199.3)",unparseable,,,,,,,,,,,,,,,,10.0,,,,False,experimentally induced histamine itch in healthy volunteers,True,not_reported,"significantly higher than responders, p = 0.019",not_reported,p = 0.019
31011330,arm_CM,verum_acupuncture,VAS score (monthly),pain,Visual Analog Scale (VAS),pretreatment,other,mean ± SD,5.91 ± 0.98,regex,mean_sd,5.91,0.98,,,,,,,,,,,,,14.0,False,0.0,10.0,True,Chronic migraine (CM) without aura,True,not_reported,not_reported,not_reported,not_reported
31011330,arm_CM,verum_acupuncture,VAS score (monthly),pain,Visual Analog Scale (VAS),posttreatment,other,mean ± SD,2.28 ± 0.97,regex,mean_sd,2.28,0.97,,,,,,,,,,,,,14.0,False,0.0,10.0,True,Chronic migraine (CM) without aura,True,"statistically significant reduction, P < 0.01",not_reported,not_reported,P < 0.01
31011330,arm_CM,verum_acupuncture,Headache attacks (monthly),symptom_severity,patient-recorded daily diary,pretreatment,other,mean ± SD,17.42 ± 2.27,regex,mean_sd,17.42,2.27,,,,,,,,,,,,,14.0,,,,False,Chronic migraine (CM) without aura,True,not_reported,not_reported,not_reported,not_reported
31011330,arm_CM,verum_acupuncture,Headache attacks (monthly),symptom_severity,patient-recorded daily diary,posttreatment,other,mean ± SD,7.53 ± 3.38,regex,mean_sd,7.53,3.38,,,,,,,,,,,,,14.0,,,,False,Chronic migraine (CM) without aura,True,"statistically significant reduction, P < 0.01",not_reported,not_reported,P < 0.01
31011330,arm_CM,verum_acupuncture,Immediate VAS score,pain,Visual Analog Scale (VAS),pretreatment (before fMRI scan),other,mean ± SD,5.38 ± 1.19,regex,mean_sd,5.38,1.19,,,,,,,,,,,,,14.0,False,0.0,10.0,True,Chronic migraine (CM) without aura,True,not_reported,not_reported,not_reported,not_reported
31011330,arm_CM,verum_acupuncture,Immediate VAS score,pain,Visual Analog Scale (VAS),posttreatment (before fMRI scan),other,mean ± SD,1 ± 0.91,regex,mean_sd,1.0,0.91,,,,,,,,,,,,,14.0,False,0.0,10.0,True,Chronic migraine (CM) without aura,True,"statistically significant reduction, P < 0.01",not_reported,not_reported,P < 0.01
31011330,arm_CM,verum_acupuncture,Headache days (monthly),symptom_severity,patient-recorded daily diary,pretreatment,other,mean ± SD,16.36 ± 1.60,regex,mean_sd,16.36,1.6,,,,,,,,,,,,,14.0,,,,False,Chronic migraine (CM) without aura,True,not_reported,not_reported,not_reported,not_reported
31011330,arm_CM,verum_acupuncture,Headache days (monthly),symptom_severity,patient-recorded daily diary,posttreatment,other,mean ± SD,7.50 ± 3.37,regex,mean_sd,7.5,3.37,,,,,,,,,,,,,14.0,,,,False,Chronic migraine (CM) without aura,True,"statistically significant reduction, P < 0.01",not_reported,not_reported,P < 0.01
31011330,arm_CM,verum_acupuncture,Acute headache medications (monthly),medication_use,patient-recorded daily diary,pretreatment,other,mean ± SD,9.29 ± 1.98,regex,mean_sd,9.29,1.98,,,,,,,,,,,,,14.0,,,,False,Chronic migraine (CM) without aura,True,not_reported,not_reported,not_reported,not_reported
31011330,arm_CM,verum_acupuncture,Acute headache medications (monthly),medication_use,patient-recorded daily diary,posttreatment,other,mean ± SD,3.93 ± 1.82,regex,mean_sd,3.93,1.82,,,,,,,,,,,,,14.0,,,,False,Chronic migraine (CM) without aura,True,"statistically significant reduction, P < 0.01",not_reported,not_reported,P < 0.01
31636536,arm_REAL,verum_acupuncture,Change in LBEpain (LBEpost – LBEpre),pain,"VAS (0–10, 11-point visual analog scale)",LBEpost – LBEpre,other,mean ± SD,ΔREAL: −1.02 ± 1.53,unparseable,,,,,,,,,,,,,,,,25.0,False,0.0,10.0,True,Non-specific low back pain,False,"−1.02 ± 1.53, P < 0.005",P (ΔREAL vs. ΔPHNT) = 0.67,not_reported,P < 0.005
31636536,arm_PHNT,sham_acupuncture,Change in LBEpain (LBEpost – LBEpre),pain,"VAS (0–10, 11-point visual analog scale)",LBEpost – LBEpre,other,mean ± SD,ΔPHNT: −1.26 ± 2.20,unparseable,,,,,,,,,,,,,,,,18.0,False,0.0,10.0,True,Non-specific low back pain,False,"−1.26 ± 2.20, P < 0.01",P (ΔREAL vs. ΔPHNT) = 0.67,not_reported,P < 0.01
31636536,arm_REAL,verum_acupuncture,LBEpain during LBEpre run,pain,"VAS (0–10, 11-point visual analog scale)",LBEpre,other,mean ± SD,4.74 ± 1.00/10,regex,mean_sd,4.74,1.0,,,,,,,,,,,,,25.0,False,0.0,10.0,True,Non-specific low back pain,False,not_reported,P (REAL vs. PHNT) = 0.01,not_reported,P (REAL) < 0.005 (significantly greater than target value 4/10)
31636536,arm_PHNT,sham_acupuncture,LBEpain during LBEpre run,pain,"VAS (0–10, 11-point visual analog scale)",LBEpre,other,mean ± SD,5.54 ± 0.83,regex,mean_sd,5.54,0.83,,,,,,,,,,,,,18.0,False,0.0,10.0,True,Non-specific low back pain,False,not_reported,P (REAL vs. PHNT) = 0.01,not_reported,P (PHNT) < 0.001 (significantly greater than target value 4/10)
31636536,arm_REAL,verum_acupuncture,Applied air pressure for pain model,physiological,mmHg,LBEpre and LBEpost (same pressure applied),other,mean ± SD,118.4 ± 72.4 mmHg,regex,mean_sd,118.4,72.4,,,,,,,,,,,,,25.0,,,,False,Non-specific low back pain,False,not_reported,P (REAL vs. PHNT) = 0.25,not_reported,P (REAL vs. PHNT) = 0.25
31636536,arm_PHNT,sham_acupuncture,Applied air pressure for pain model,physiological,mmHg,LBEpre and LBEpost (same pressure applied),other,mean ± SD,94.4 ± 57.2 mmHg,regex,mean_sd,94.4,57.2,,,,,,,,,,,,,18.0,,,,False,Non-specific low back pain,False,not_reported,P (REAL vs. PHNT) = 0.25,not_reported,P (REAL vs. PHNT) = 0.25
31636536,arm_REAL,verum_acupuncture,Correlation between decreased LBEpain and decreased mPFC–pINS functional connectivity,pain,Pearson's r,LBEpost vs. LBEpre,other,other,"r = 0.58, P < 0.01",unparseable,,,,,,,,,,,,,,,,25.0,,,,False,Non-specific low back pain,False,not_reported,not_reported,r = 0.58,P < 0.01
31636536,arm_PHNT,sham_acupuncture,Correlation between decreased LBEpain and increased PCC–aINS functional connectivity,pain,Pearson's r,LBEpost vs. LBEpre,other,other,"r = −0.48, P < 0.05",unparseable,,,,,,,,,,,,,,,,18.0,,,,False,Non-specific low back pain,False,not_reported,not_reported,r = −0.48,P < 0.05
31636536,arm_PHNT,sham_acupuncture,Trending correlation between decreased LBEpain and decreased S1back–pINS functional connectivity,pain,Pearson's r,LBEpost vs. LBEpre,other,other,"r = 0.44, P = 0.07",unparseable,,,,,,,,,,,,,,,,18.0,,,,False,Non-specific low back pain,False,not_reported,not_reported,r = 0.44,P = 0.07
32194493,arm_acupuncture,verum_acupuncture,responder rate (≥50% reduction in number of migraine days),responder,headache diary,after 4 weeks of acupuncture treatment (end of week 8),post,count,19 responders (46%),unparseable,,,,,,,,,,,,,,,,41.0,False,,,True,Migraine without aura (MwoA),False,not_reported,"responder rate in acupuncture group was significantly higher than that in sham acupuncture group (P = 0.007, Table S2)",not_reported,P = 0.007
32194493,arm_acupuncture,verum_acupuncture,difference from baseline in days of migraine,pain,headache diary,week 4 of treatment (end of week 8),other,mean ± SD,Responders: 4.8 (3.7); Non-responders: 0.5 (2.6),unparseable,,,,,,,,,,,,,,,,41.0,False,,,True,Migraine without aura (MwoA),False,not_reported as separate within-group statistic,P = 8.253 × 10−5,not_reported,8.253 × 10−5
32194493,arm_acupuncture,verum_acupuncture,visual analog scale (VAS),pain,"visual analog scale (VAS, 0 to 10)",baseline (end of week 4),baseline,mean ± SD,Responders: 7.7 (1.6); Non-responders: 7.2 (1.5),unparseable,,,,,,,,,,,,,,,,41.0,False,0.0,10.0,True,Migraine without aura (MwoA),False,not_reported,P = 1.106 × 10−4 (repeated measurement analysis of variance for VAS across time),not_reported,1.106 × 10−4
32194493,arm_acupuncture,verum_acupuncture,visual analog scale (VAS) post-treatment,pain,"visual analog scale (VAS, 0 to 10)",week 4 of treatment (end of week 8),other,mean ± SD,Responders: 4.0 (2.9); Non-responders: 6.6 (1.6),unparseable,,,,,,,,,,,,,,,,41.0,False,0.0,10.0,True,Migraine without aura (MwoA),False,Responders: P < 0.001 for post-hoc comparison of pre- vs. post-treatment values,P < 0.05 for post-hoc comparison of responders vs. non-responders in post-treatment values,not_reported,responders pre vs. post: P < 0.001; responders vs. non-responders post-treatment: P < 0.05
32194493,arm_acupuncture,verum_acupuncture,number of people with acute medication,medication_use,headache diary,baseline (end of week 4),baseline,count,Responders: 6 (31.6%); Non-responders: 9 (40.9%),unparseable,,,,,,,,,,,,,,,,41.0,False,,,True,Migraine without aura (MwoA),False,not_reported,P = 0.536,not_reported,0.536
32194493,arm_acupuncture,verum_acupuncture,number of people with acute medication,medication_use,headache diary,week 4 of treatment (end of week 8),other,count,Responders: 6 (31.6%); Non-responders: 9 (40.9%),unparseable,,,,,,,,,,,,,,,,41.0,False,,,True,Migraine without aura (MwoA),False,not_reported,P = 0.536,not_reported,0.536
32194493,arm_acupuncture,verum_acupuncture,days of migraine,symptom_severity,headache diary,baseline (end of week 4),baseline,mean ± SD,Responders: 6.9 (5.0); Non-responders: 9.0 (7.6),unparseable,,,,,,,,,,,,,,,,41.0,False,,,True,Migraine without aura (MwoA),False,not_reported,P = 0.310,not_reported,0.310
32377180,arm_contra,verum_acupuncture,Visual analogue scale (VAS) for pain,pain,VAS (0–100 mm),Baseline,baseline,mean ± SD,"not_reported (stated: no significant differences in VAS between groups at baseline, all p > 0.05)",unparseable,,,,,,,,,,,,,,,,12.0,False,0.0,10.0,True,"Chronic shoulder pain (CSP), unilateral (left-sided)",False,not_reported,No significant difference at baseline (p > 0.05),not_reported,p > 0.05
32377180,arm_ipsi,verum_acupuncture,Visual analogue scale (VAS) for pain,pain,VAS (0–100 mm),Baseline,baseline,mean ± SD,"not_reported (stated: no significant differences in VAS between groups at baseline, all p > 0.05)",unparseable,,,,,,,,,,,,,,,,8.0,False,0.0,10.0,True,"Chronic shoulder pain (CSP), unilateral (left-sided)",False,not_reported,No significant difference at baseline (p > 0.05),not_reported,p > 0.05
32377180,arm_contra,verum_acupuncture,"Visual analogue scale (VAS) for pain, change from baseline",pain,VAS (0–100 mm),Post-acupuncture treatment,post,mean ± SD,-20.42 ± 5.62,regex,mean_sd,-20.42,5.62,,,,,,,,,,,,,12.0,False,0.0,10.0,True,"Chronic shoulder pain (CSP), unilateral (left-sided)",False,Significantly improved (all p < 0.05),"No significant difference between contra-group and ipsi-group (p = 0.122, two-sample t-test)",not_reported,within group: p < 0.05; between groups: p = 0.122
32377180,arm_ipsi,verum_acupuncture,"Visual analogue scale (VAS) for pain, change from baseline",pain,VAS (0–100 mm),Post-acupuncture treatment,post,mean ± SD,-8.75 ± 2.27,regex,mean_sd,-8.75,2.27,,,,,,,,,,,,,8.0,False,0.0,10.0,True,"Chronic shoulder pain (CSP), unilateral (left-sided)",False,Significantly improved (all p < 0.05),"No significant difference between contra-group and ipsi-group (p = 0.122, two-sample t-test)",not_reported,within group: p < 0.05; between groups: p = 0.122
32377180,arm_contra,verum_acupuncture,Constant-Murley score (CMS),function,"Constant-Murley score (CMS, 100-point scale)",Baseline,baseline,mean ± SD,"not_reported (stated: no significant differences in CMS between groups at baseline, all p > 0.05)",unparseable,,,,,,,,,,,,,,,,12.0,True,0.0,100.0,True,"Chronic shoulder pain (CSP), unilateral (left-sided)",False,not_reported,No significant difference at baseline (p > 0.05),not_reported,p > 0.05
32377180,arm_ipsi,verum_acupuncture,Constant-Murley score (CMS),function,"Constant-Murley score (CMS, 100-point scale)",Baseline,baseline,mean ± SD,"not_reported (stated: no significant differences in CMS between groups at baseline, all p > 0.05)",unparseable,,,,,,,,,,,,,,,,8.0,True,0.0,100.0,True,"Chronic shoulder pain (CSP), unilateral (left-sided)",False,not_reported,No significant difference at baseline (p > 0.05),not_reported,p > 0.05
32377180,arm_contra,verum_acupuncture,"Constant-Murley score (CMS), mean change from baseline",function,"Constant-Murley score (CMS, 100-point scale)",Post-acupuncture treatment,post,mean (SD),15.67 (SD 3.07),regex,mean_sd,15.67,3.07,,,,,,,,,,,,,12.0,True,0.0,100.0,True,"Chronic shoulder pain (CSP), unilateral (left-sided)",False,Significantly improved (all p < 0.05),"Significant treatment difference between contra-group and ipsi-group (p = 0.010, two-sample t-test)",not_reported,within group: p < 0.05; between groups: p = 0.010
32377180,arm_ipsi,verum_acupuncture,"Constant-Murley score (CMS), mean change from baseline",function,"Constant-Murley score (CMS, 100-point scale)",Post-acupuncture treatment,post,mean (SD),4.50 (SD 1.00),regex,mean_sd,4.5,1.0,,,,,,,,,,,,,8.0,True,0.0,100.0,True,"Chronic shoulder pain (CSP), unilateral (left-sided)",False,Significantly improved (all p < 0.05),"Significant treatment difference between contra-group and ipsi-group (p = 0.010, two-sample t-test)",not_reported,within group: p < 0.05; between groups: p = 0.010
32612281,arm_sham,sham_acupuncture,adenosine levels in cerebral cortex (peak area signal counts),physiological,LC-ESI-MS integrated chromatogram peak area,immediately after final EA session (day 5),post,mean (signal counts) with RSD%,"Sham: 8,506 (RSD 23.3%); ST36: 5,192 (RSD 17.9%)",unparseable,,,,,,,,,,,,,,,,6.0,,,,False,Healthy animals (no disease model),True,not_reported,Sham > ST36 (p = 0.00897),not_reported,p = 0.00897 (ST36 vs Sham)
32612281,arm_sham,sham_acupuncture,adenosine levels in cerebral cortex (peak area signal counts),physiological,LC-ESI-MS integrated chromatogram peak area,immediately after final EA session (day 5),post,mean (signal counts) with RSD%,"Sham: 8,506 (RSD 23.3%); PC6: 3,640 (RSD 23.7%)",unparseable,,,,,,,,,,,,,,,,6.0,,,,False,Healthy animals (no disease model),True,not_reported,Sham > PC6 (p = 0.0058),not_reported,p = 0.0058 (PC6 vs Sham)
32612281,arm_st36,verum_acupuncture,adenosine levels in cerebral cortex (peak area signal counts),physiological,LC-ESI-MS integrated chromatogram peak area,immediately after final EA session (day 5),post,mean (signal counts) with RSD%,"ST36: 5,192 (RSD 17.9%); PC6: 3,640 (RSD 23.7%)",unparseable,,,,,,,,,,,,,,,,6.0,,,,False,Healthy animals (no disease model),True,not_reported,similar between ST36 and PC6 (p = 0.07712),not_reported,p = 0.07712 (PC6 vs ST36)
32612281,arm_st36,verum_acupuncture,adrenaline levels in cerebral cortex (peak area signal counts),physiological,LC-ESI-MS integrated chromatogram peak area,immediately after final EA session (day 5),post,mean (signal counts) with RSD%,"Sham: 12,562 (RSD 3.0%); ST36: 16,702 (RSD 19.1%)",unparseable,,,,,,,,,,,,,,,,6.0,,,,False,Healthy animals (no disease model),True,not_reported,ST36 > Sham (p = 0.0178),not_reported,p = 0.0178 (ST36 vs Sham)
32612281,arm_pc6,verum_acupuncture,adrenaline levels in cerebral cortex (peak area signal counts),physiological,LC-ESI-MS integrated chromatogram peak area,immediately after final EA session (day 5),post,mean (signal counts) with RSD%,"Sham: 12,562 (RSD 3.0%); PC6: 10,330 (RSD 12.3%)",unparseable,,,,,,,,,,,,,,,,6.0,,,,False,Healthy animals (no disease model),True,not_reported,PC6 < Sham (p = 0.00734),not_reported,p = 0.00734 (PC6 vs Sham)
32612281,arm_st36,verum_acupuncture,adrenaline levels in cerebral cortex (peak area signal counts),physiological,LC-ESI-MS integrated chromatogram peak area,immediately after final EA session (day 5),post,mean (signal counts) with RSD%,"ST36: 16,702 (RSD 19.1%); PC6: 10,330 (RSD 12.3%)",unparseable,,,,,,,,,,,,,,,,6.0,,,,False,Healthy animals (no disease model),True,not_reported,ST36 > PC6 (p = 0.01816),not_reported,p = 0.01816 (PC6 vs ST36)
32612281,not_applicable,,arginine levels in cerebral cortex (peak area signal counts),physiological,LC-ESI-MS integrated chromatogram peak area,immediately after final EA session (day 5),post,mean (signal counts) with RSD%,"Sham: 1,825,642 (RSD 16.8%); ST36: 1,723,435 (RSD 16.8%); PC6: 1,487,886 (RSD 22.7%)",unparseable,,,,,,,,,,,,,,,,18.0,,,,False,Healthy animals (no disease model),True,not_reported,not significantly different among all three groups (ST36 vs Sham p=0.54215; PC6 vs Sham p=0.15344; PC6 vs ST36 p=0.67197),not_reported,ST36 vs Sham p=0.54215; PC6 vs Sham p=0.15344; PC6 vs ST36 p=0.67197
32612281,arm_pc6,verum_acupuncture,GABA levels in cerebral cortex (peak area signal counts),physiological,LC-ESI-MS integrated chromatogram peak area,immediately after final EA session (day 5),post,mean (signal counts) with RSD%,"Sham: 36,942,871 (RSD 17.1%); PC6: 26,374,864 (RSD 18.4%)",unparseable,,,,,,,,,,,,,,,,6.0,,,,False,Healthy animals (no disease model),True,not_reported,Sham > PC6 (p = 0.04766),not_reported,p = 0.04766 (PC6 vs Sham)
32612281,arm_st36,verum_acupuncture,GABA levels in cerebral cortex (peak area signal counts),physiological,LC-ESI-MS integrated chromatogram peak area,immediately after final EA session (day 5),post,mean (signal counts) with RSD%,"ST36: 34,450,560 (RSD 8.7%); PC6: 26,374,864 (RSD 18.4%)",unparseable,,,,,,,,,,,,,,,,6.0,,,,False,Healthy animals (no disease model),True,not_reported,ST36 > PC6 (p = 0.07508),not_reported,p = 0.07508 (PC6 vs ST36)
32612281,arm_sham,sham_acupuncture,GABA levels in cerebral cortex (peak area signal counts),physiological,LC-ESI-MS integrated chromatogram peak area,immediately after final EA session (day 5),post,mean (signal counts) with RSD%,"Sham: 36,942,871 (RSD 17.1%); ST36: 34,450,560 (RSD 8.7%)",unparseable,,,,,,,,,,,,,,,,6.0,,,,False,Healthy animals (no disease model),True,not_reported,similar between sham and ST36 (p = 0.31951),not_reported,p = 0.31951 (ST36 vs Sham)
32612281,not_applicable,,glutamate levels in cerebral cortex (peak area signal counts),physiological,LC-ESI-MS integrated chromatogram peak area,immediately after final EA session (day 5),post,mean (signal counts) with RSD%,"Sham: 33,059,440 (RSD 22.3%); ST36: 29,231,457 (RSD 10.4%); PC6: 26,862,444 (RSD 15.4%)",unparseable,,,,,,,,,,,,,,,,18.0,,,,False,Healthy animals (no disease model),True,not_reported,not significantly different among all three groups (ST36 vs Sham p=0.18274; PC6 vs Sham p=0.2137; PC6 vs ST36 p=0.54096),not_reported,ST36 vs Sham p=0.18274; PC6 vs Sham p=0.2137; PC6 vs ST36 p=0.54096
32612281,arm_pc6,verum_acupuncture,glycine levels in cerebral cortex (peak area signal counts),physiological,LC-ESI-MS integrated chromatogram peak area,immediately after final EA session (day 5),post,mean (signal counts) with RSD%,"Sham: 21,626,500 (RSD 13.4%); PC6: 15,176,943 (RSD 16.9%)",unparseable,,,,,,,,,,,,,,,,6.0,,,,False,Healthy animals (no disease model),True,not_reported,Sham > PC6 (p = 0.02532),not_reported,p = 0.02532 (PC6 vs Sham)
32612281,arm_st36,verum_acupuncture,glycine levels in cerebral cortex (peak area signal counts),physiological,LC-ESI-MS integrated chromatogram peak area,immediately after final EA session (day 5),post,mean (signal counts) with RSD%,"ST36: 21,324,986 (RSD 10.7%); PC6: 15,176,943 (RSD 16.9%)",unparseable,,,,,,,,,,,,,,,,6.0,,,,False,Healthy animals (no disease model),True,not_reported,ST36 > PC6 (p = 0.05417),not_reported,p = 0.05417 (PC6 vs ST36)
32612281,arm_sham,sham_acupuncture,glycine levels in cerebral cortex (peak area signal counts),physiological,LC-ESI-MS integrated chromatogram peak area,immediately after final EA session (day 5),post,mean (signal counts) with RSD%,"Sham: 21,626,500 (RSD 13.4%); ST36: 21,324,986 (RSD 10.7%)",unparseable,,,,,,,,,,,,,,,,6.0,,,,False,Healthy animals (no disease model),True,not_reported,similar between sham and ST36 (p = 0.8175),not_reported,p = 0.8175 (ST36 vs Sham)
32612281,not_applicable,,adenosine levels in hippocampus (peak area signal counts),physiological,LC-ESI-MS integrated chromatogram peak area,immediately after final EA session (day 5),post,mean (signal counts) with RSD%,"Sham: 16,610 (RSD 20.7%); ST36: 14,344 (RSD 28.6%); PC6: 13,859 (RSD 11.5%)",unparseable,,,,,,,,,,,,,,,,18.0,,,,False,Healthy animals (no disease model),True,not_reported,similar among all groups (ST36 vs Sham p=0.31763; PC6 vs Sham p=0.03762; PC6 vs ST36 p=0.80332),not_reported,ST36 vs Sham p=0.31763; PC6 vs Sham p=0.03762; PC6 vs ST36 p=0.80332
32612281,arm_st36,verum_acupuncture,adrenaline levels in hippocampus (peak area signal counts),physiological,LC-ESI-MS integrated chromatogram peak area,immediately after final EA session (day 5),post,mean (signal counts) with RSD%,"Sham: 275,884 (RSD 21.8%); ST36: 367,814 (RSD 12.4%)",unparseable,,,,,,,,,,,,,,,,6.0,,,,False,Healthy animals (no disease model),True,not_reported,ST36 > Sham (p = 0.01169),not_reported,p = 0.01169 (ST36 vs Sham)
32612281,arm_st36,verum_acupuncture,adrenaline levels in hippocampus (peak area signal counts),physiological,LC-ESI-MS integrated chromatogram peak area,immediately after final EA session (day 5),post,mean (signal counts) with RSD%,"ST36: 367,814 (RSD 12.4%); PC6: 267,383 (RSD 21.7%)",unparseable,,,,,,,,,,,,,,,,6.0,,,,False,Healthy animals (no disease model),True,not_reported,ST36 > PC6 (p = 0.02465),not_reported,p = 0.02465 (PC6 vs ST36)
32612281,arm_pc6,verum_acupuncture,adrenaline levels in hippocampus (peak area signal counts),physiological,LC-ESI-MS integrated chromatogram peak area,immediately after final EA session (day 5),post,mean (signal counts) with RSD%,"Sham: 275,884 (RSD 21.8%); PC6: 267,383 (RSD 21.7%)",unparseable,,,,,,,,,,,,,,,,6.0,,,,False,Healthy animals (no disease model),True,not_reported,similar between sham and PC6 (p = 0.62355),not_reported,p = 0.62355 (PC6 vs Sham)
32612281,arm_st36,verum_acupuncture,arginine levels in hippocampus (peak area signal counts),physiological,LC-ESI-MS integrated chromatogram peak area,immediately after final EA session (day 5),post,mean (signal counts) with RSD%,"Sham: 2,249,246 (RSD 8.4%); ST36: 2,952,275 (RSD 13.8%)",unparseable,,,,,,,,,,,,,,,,6.0,,,,False,Healthy animals (no disease model),True,not_reported,ST36 > Sham (p = 0.00972),not_reported,p = 0.00972 (ST36 vs Sham)
32612281,arm_st36,verum_acupuncture,arginine levels in hippocampus (peak area signal counts),physiological,LC-ESI-MS integrated chromatogram peak area,immediately after final EA session (day 5),post,mean (signal counts) with RSD%,"ST36: 2,952,275 (RSD 13.8%); PC6: 2,027,722 (RSD 13.8%)",unparseable,,,,,,,,,,,,,,,,6.0,,,,False,Healthy animals (no disease model),True,not_reported,ST36 > PC6 (p = 0.00183),not_reported,p = 0.00183 (PC6 vs ST36)
32612281,arm_pc6,verum_acupuncture,arginine levels in hippocampus (peak area signal counts),physiological,LC-ESI-MS integrated chromatogram peak area,immediately after final EA session (day 5),post,mean (signal counts) with RSD%,"Sham: 2,249,246 (RSD 8.4%); PC6: 2,027,722 (RSD 13.8%)",unparseable,,,,,,,,,,,,,,,,6.0,,,,False,Healthy animals (no disease model),True,not_reported,similar between sham and PC6 (p = 0.0744),not_reported,p = 0.0744 (PC6 vs Sham)
32612281,arm_pc6,verum_acupuncture,GABA levels in hippocampus (peak area signal counts),physiological,LC-ESI-MS integrated chromatogram peak area,immediately after final EA session (day 5),post,mean (signal counts) with RSD%,"Sham: 5,573,497 (RSD 10.5%); PC6: 4,777,837 (RSD 6.3%)",unparseable,,,,,,,,,,,,,,,,6.0,,,,False,Healthy animals (no disease model),True,not_reported,Sham > PC6 (p = 0.01746),not_reported,p = 0.01746 (PC6 vs Sham)
32612281,arm_st36,verum_acupuncture,GABA levels in hippocampus (peak area signal counts),physiological,LC-ESI-MS integrated chromatogram peak area,immediately after final EA session (day 5),post,mean (signal counts) with RSD%,"ST36: 5,485,762 (RSD 8.0%); PC6: 4,777,837 (RSD 6.3%)",unparseable,,,,,,,,,,,,,,,,6.0,,,,False,Healthy animals (no disease model),True,not_reported,ST36 > PC6 (p = 0.02681),not_reported,p = 0.02681 (PC6 vs ST36)
32612281,arm_sham,sham_acupuncture,GABA levels in hippocampus (peak area signal counts),physiological,LC-ESI-MS integrated chromatogram peak area,immediately after final EA session (day 5),post,mean (signal counts) with RSD%,"Sham: 5,573,497 (RSD 10.5%); ST36: 5,485,762 (RSD 8.0%)",unparseable,,,,,,,,,,,,,,,,6.0,,,,False,Healthy animals (no disease model),True,not_reported,similar between sham and ST36 (p = 0.65919),not_reported,p = 0.65919 (ST36 vs Sham)
32612281,arm_pc6,verum_acupuncture,glycine levels in hippocampus (peak area signal counts),physiological,LC-ESI-MS integrated chromatogram peak area,immediately after final EA session (day 5),post,mean (signal counts) with RSD%,"Sham: 7,692,728 (RSD 12.9%); PC6: 5,411,060 (RSD 11.7%)",unparseable,,,,,,,,,,,,,,,,6.0,,,,False,Healthy animals (no disease model),True,not_reported,Sham > PC6 (p = 0.00327),not_reported,p = 0.00327 (PC6 vs Sham)
32612281,arm_st36,verum_acupuncture,glycine levels in hippocampus (peak area signal counts),physiological,LC-ESI-MS integrated chromatogram peak area,immediately after final EA session (day 5),post,mean (signal counts) with RSD%,"ST36: 9,060,471 (RSD 14.0%); PC6: 5,411,060 (RSD 11.7%)",unparseable,,,,,,,,,,,,,,,,6.0,,,,False,Healthy animals (no disease model),True,not_reported,ST36 > PC6 (p = 0.00268),not_reported,p = 0.00268 (PC6 vs ST36)
32612281,arm_sham,sham_acupuncture,glycine levels in hippocampus (peak area signal counts),physiological,LC-ESI-MS integrated chromatogram peak area,immediately after final EA session (day 5),post,mean (signal counts) with RSD%,"Sham: 7,692,728 (RSD 12.9%); ST36: 9,060,471 (RSD 14.0%)",unparseable,,,,,,,,,,,,,,,,6.0,,,,False,Healthy animals (no disease model),True,not_reported,Sham < ST36 (p = 0.01361),not_reported,p = 0.01361 (ST36 vs Sham)
32612281,arm_pc6,verum_acupuncture,glutamate levels in hippocampus (peak area signal counts),physiological,LC-ESI-MS integrated chromatogram peak area,immediately after final EA session (day 5),post,mean (signal counts) with RSD%,"Sham: 5,869,623 (RSD 8.5%); PC6: 4,669,993 (RSD 4.4%)",unparseable,,,,,,,,,,,,,,,,6.0,,,,False,Healthy animals (no disease model),True,not_reported,Sham > PC6 (p = 0.00063),not_reported,p = 0.00063 (PC6 vs Sham)
32612281,arm_st36,verum_acupuncture,glutamate levels in hippocampus (peak area signal counts),physiological,LC-ESI-MS integrated chromatogram peak area,immediately after final EA session (day 5),post,mean (signal counts) with RSD%,"ST36: 5,457,317 (RSD 5.2%); PC6: 4,669,993 (RSD 4.4%)",unparseable,,,,,,,,,,,,,,,,6.0,,,,False,Healthy animals (no disease model),True,not_reported,ST36 > PC6 (p = 0.00215),not_reported,p = 0.00215 (PC6 vs ST36)
32612281,arm_sham,sham_acupuncture,glutamate levels in hippocampus (peak area signal counts),physiological,LC-ESI-MS integrated chromatogram peak area,immediately after final EA session (day 5),post,mean (signal counts) with RSD%,"Sham: 5,869,623 (RSD 8.5%); ST36: 5,457,317 (RSD 5.2%)",unparseable,,,,,,,,,,,,,,,,6.0,,,,False,Healthy animals (no disease model),True,not_reported,similar between sham and ST36 (p = 0.12033),not_reported,p = 0.12033 (ST36 vs Sham)
32612281,not_applicable,,adenosine levels in hypothalamus (peak area signal counts),physiological,LC-ESI-MS integrated chromatogram peak area,immediately after final EA session (day 5),post,mean (signal counts) with RSD%,"Sham: 6,422 (RSD 110.5%); ST36: 5,509 (RSD 113.5%); PC6: 4,173 (RSD 38.0%)",unparseable,,,,,,,,,,,,,,,,18.0,,,,False,Healthy animals (no disease model),True,not_reported,similar among all three groups (ST36 vs Sham p=0.10479; PC6 vs Sham p=0.50662; PC6 vs ST36 p=0.65114),not_reported,ST36 vs Sham p=0.10479; PC6 vs Sham p=0.50662; PC6 vs ST36 p=0.65114
32612281,arm_pc6,verum_acupuncture,adrenaline levels in hypothalamus (peak area signal counts),physiological,LC-ESI-MS integrated chromatogram peak area,immediately after final EA session (day 5),post,mean (signal counts) with RSD%,"Sham: 28,119 (RSD 26.9%); PC6: 40,450 (RSD 31.1%)",unparseable,,,,,,,,,,,,,,,,6.0,,,,False,Healthy animals (no disease model),True,not_reported,PC6 > Sham (p = 0.04063),not_reported,p = 0.04063 (PC6 vs Sham)
32612281,arm_pc6,verum_acupuncture,adrenaline levels in hypothalamus (peak area signal counts),physiological,LC-ESI-MS integrated chromatogram peak area,immediately after final EA session (day 5),post,mean (signal counts) with RSD%,"ST36: 23,656 (RSD 27.4%); PC6: 40,450 (RSD 31.1%)",unparseable,,,,,,,,,,,,,,,,6.0,,,,False,Healthy animals (no disease model),True,not_reported,PC6 > ST36 (p = 0.00342),not_reported,p = 0.00342 (PC6 vs ST36)
32612281,arm_sham,sham_acupuncture,adrenaline levels in hypothalamus (peak area signal counts),physiological,LC-ESI-MS integrated chromatogram peak area,immediately after final EA session (day 5),post,mean (signal counts) with RSD%,"Sham: 28,119 (RSD 26.9%); ST36: 23,656 (RSD 27.4%)",unparseable,,,,,,,,,,,,,,,,6.0,,,,False,Healthy animals (no disease model),True,not_reported,similar between sham and ST36 (p = 0.21463),not_reported,p = 0.21463 (ST36 vs Sham)
32612281,not_applicable,,arginine levels in hypothalamus (peak area signal counts),physiological,LC-ESI-MS integrated chromatogram peak area,immediately after final EA session (day 5),post,mean (signal counts) with RSD%,"Sham: 516,814 (RSD 9.0%); ST36: 410,340 (RSD 23.0%); PC6: 493,100 (RSD 30.7%)",unparseable,,,,,,,,,,,,,,,,18.0,,,,False,Healthy animals (no disease model),True,not_reported,similar among all three groups (ST36 vs Sham p=0.07938; PC6 vs Sham p=0.73616; PC6 vs ST36 p=0.36351),not_reported,ST36 vs Sham p=0.07938; PC6 vs Sham p=0.73616; PC6 vs ST36 p=0.36351
32612281,not_applicable,,GABA levels in hypothalamus (peak area signal counts),physiological,LC-ESI-MS integrated chromatogram peak area,immediately after final EA session (day 5),post,mean (signal counts) with RSD%,"Sham: 798,703 (RSD 18.6%); ST36: 701,097 (RSD 12.3%); PC6: 668,345 (RSD 32.0%)",unparseable,,,,,,,,,,,,,,,,18.0,,,,False,Healthy animals (no disease model),True,not_reported,similar among all three groups (ST36 vs Sham p=0.11025; PC6 vs Sham p=0.1724; PC6 vs ST36 p=0.62593),not_reported,ST36 vs Sham p=0.11025; PC6 vs Sham p=0.1724; PC6 vs ST36 p=0.62593
32612281,not_applicable,,glutamate levels in hypothalamus (peak area signal counts),physiological,LC-ESI-MS integrated chromatogram peak area,immediately after final EA session (day 5),post,mean (signal counts) with RSD%,"Sham: 157,116 (RSD 8.3%); ST36: 112,830 (RSD 19.2%); PC6: 127,710 (RSD 39.8%)",unparseable,,,,,,,,,,,,,,,,18.0,,,,False,Healthy animals (no disease model),True,not_reported,ST36 vs Sham p=0.0201; PC6 vs Sham p=0.22437; PC6 vs ST36 p=0.52444,not_reported,ST36 vs Sham p=0.0201; PC6 vs Sham p=0.22437; PC6 vs ST36 p=0.52444
32612281,not_applicable,,glycine levels in hypothalamus (peak area signal counts),physiological,LC-ESI-MS integrated chromatogram peak area,immediately after final EA session (day 5),post,mean (signal counts) with RSD%,"Sham: 1,384,941 (RSD 8.6%); ST36: 1,147,739 (RSD 14.4%); PC6: 1,177,702 (RSD 25.9%)",unparseable,,,,,,,,,,,,,,,,18.0,,,,False,Healthy animals (no disease model),True,not_reported,ST36 vs Sham p=0.01504; PC6 vs Sham p=0.22313; PC6 vs ST36 p=0.80948,not_reported,ST36 vs Sham p=0.01504; PC6 vs Sham p=0.22313; PC6 vs ST36 p=0.80948
32807158,S_Acu,verum_acupuncture,Athens Insomnia Scale (AIS) score,symptom_severity,Athens Insomnia Scale (AIS),Baseline,baseline,mean ± SD,12.40 ± 3.14,regex,mean_sd,12.4,3.14,,,,,,,,,,,,,43.0,False,0.0,24.0,True,Primary insomnia (PI),False,not_reported,not_reported,not_reported,not_reported
32807158,M_Acu,verum_acupuncture,Athens Insomnia Scale (AIS) score,symptom_severity,Athens Insomnia Scale (AIS),Baseline,baseline,mean ± SD,13.26 ± 4.21,regex,mean_sd,13.26,4.21,,,,,,,,,,,,,43.0,False,0.0,24.0,True,Primary insomnia (PI),False,not_reported,not_reported,not_reported,not_reported
32807158,N_Acu,sham_acupuncture,Athens Insomnia Scale (AIS) score,symptom_severity,Athens Insomnia Scale (AIS),Baseline,baseline,mean ± SD,13.56 ± 4.48,regex,mean_sd,13.56,4.48,,,,,,,,,,,,,43.0,False,0.0,24.0,True,Primary insomnia (PI),False,not_reported,not_reported,not_reported,not_reported
32807158,S_Acu,verum_acupuncture,Athens Insomnia Scale (AIS) score,symptom_severity,Athens Insomnia Scale (AIS),Post-treatment (end of 5-week treatment),post,mean ± SD,7.00 ± 3.90,regex,mean_sd,7.0,3.9,,,,,,,,,,,,,43.0,False,0.0,24.0,True,Primary insomnia (PI),False,Decrease: 5.40 ± 4.63; P < 0.01 compared with baseline,not significantly different from M-Acu group (no p-value reported for this comparison),not_reported,< 0.001 (within-group vs baseline)
32807158,M_Acu,verum_acupuncture,Athens Insomnia Scale (AIS) score,symptom_severity,Athens Insomnia Scale (AIS),Post-treatment (end of 5-week treatment),post,mean ± SD,5.91 ± 3.92,regex,mean_sd,5.91,3.92,,,,,,,,,,,,,43.0,False,0.0,24.0,True,Primary insomnia (PI),False,Decrease: 7.35 ± 3.85; P < 0.01 compared with baseline,Decreased AIS score of M-Acu group was significantly higher than that of N-Acu group (P = 0.026),not_reported,< 0.001 (within-group vs baseline); P = 0.026 vs N-Acu
32807158,N_Acu,sham_acupuncture,Athens Insomnia Scale (AIS) score,symptom_severity,Athens Insomnia Scale (AIS),Post-treatment (end of 5-week treatment),post,mean ± SD,8.88 ± 3.36,regex,mean_sd,8.88,3.36,,,,,,,,,,,,,43.0,False,0.0,24.0,True,Primary insomnia (PI),False,Decrease: 4.67 ± 4.52; P < 0.01 compared with baseline,reference group for comparisons,not_reported,< 0.001 (within-group vs baseline)
32807158,S_Acu,verum_acupuncture,Pittsburgh Sleep Quality Index (PSQI) score,symptom_severity,Pittsburgh Sleep Quality Index (PSQI),Baseline,baseline,mean ± SD,14.70 ± 2.99,regex,mean_sd,14.7,2.99,,,,,,,,,,,,,43.0,False,0.0,21.0,True,Primary insomnia (PI),False,not_reported,not_reported,not_reported,not_reported
32807158,M_Acu,verum_acupuncture,Pittsburgh Sleep Quality Index (PSQI) score,symptom_severity,Pittsburgh Sleep Quality Index (PSQI),Baseline,baseline,mean ± SD,14.84 ± 2.77,regex,mean_sd,14.84,2.77,,,,,,,,,,,,,43.0,False,0.0,21.0,True,Primary insomnia (PI),False,not_reported,not_reported,not_reported,not_reported
32807158,N_Acu,sham_acupuncture,Pittsburgh Sleep Quality Index (PSQI) score,symptom_severity,Pittsburgh Sleep Quality Index (PSQI),Baseline,baseline,mean ± SD,15.21 ± 2.95,regex,mean_sd,15.21,2.95,,,,,,,,,,,,,43.0,False,0.0,21.0,True,Primary insomnia (PI),False,not_reported,not_reported,not_reported,not_reported
32807158,S_Acu,verum_acupuncture,Pittsburgh Sleep Quality Index (PSQI) score,symptom_severity,Pittsburgh Sleep Quality Index (PSQI),Post-treatment (end of 5-week treatment),post,mean ± SD,8.79 ± 3.18,regex,mean_sd,8.79,3.18,,,,,,,,,,,,,43.0,False,0.0,21.0,True,Primary insomnia (PI),False,Decrease: 5.91 ± 3.03; P < 0.01 compared with baseline,Decreased PSQI score of S-Acu group was significantly higher than that of N-Acu group (P = 0.009),not_reported,< 0.001 (within-group vs baseline); P = 0.009 vs N-Acu
32807158,M_Acu,verum_acupuncture,Pittsburgh Sleep Quality Index (PSQI) score,symptom_severity,Pittsburgh Sleep Quality Index (PSQI),Post-treatment (end of 5-week treatment),post,mean ± SD,8.49 ± 3.36,regex,mean_sd,8.49,3.36,,,,,,,,,,,,,43.0,False,0.0,21.0,True,Primary insomnia (PI),False,Decrease: 6.35 ± 3.39; P < 0.01 compared with baseline,Decreased PSQI score of M-Acu group was significantly higher than that of N-Acu group (P = 0.004),not_reported,< 0.001 (within-group vs baseline); P = 0.004 vs N-Acu
32807158,N_Acu,sham_acupuncture,Pittsburgh Sleep Quality Index (PSQI) score,symptom_severity,Pittsburgh Sleep Quality Index (PSQI),Post-treatment (end of 5-week treatment),post,mean ± SD,11.60 ± 3.54,regex,mean_sd,11.6,3.54,,,,,,,,,,,,,43.0,False,0.0,21.0,True,Primary insomnia (PI),False,Decrease: 3.60 ± 3.63; P < 0.01 compared with baseline,reference group for comparisons,not_reported,< 0.001 (within-group vs baseline)
32807158,S_Acu,verum_acupuncture,Wake after sleep onset (WASO) in minutes,physiological,Polysomnography (PSG),Baseline,baseline,mean ± SD,198.58 ± 89.64,regex,mean_sd,198.58,89.64,,,,,,,,,,,,,43.0,,,,False,Primary insomnia (PI),False,not_reported,P = 0.448 (no significant difference at baseline among groups),not_reported,0.448
32807158,M_Acu,verum_acupuncture,Wake after sleep onset (WASO) in minutes,physiological,Polysomnography (PSG),Baseline,baseline,mean ± SD,203.57 ± 73.54,regex,mean_sd,203.57,73.54,,,,,,,,,,,,,43.0,,,,False,Primary insomnia (PI),False,not_reported,P = 0.448 (no significant difference at baseline among groups),not_reported,0.448
32807158,N_Acu,sham_acupuncture,Wake after sleep onset (WASO) in minutes,physiological,Polysomnography (PSG),Baseline,baseline,mean ± SD,214.24 ± 68.41,regex,mean_sd,214.24,68.41,,,,,,,,,,,,,43.0,,,,False,Primary insomnia (PI),False,not_reported,P = 0.448 (no significant difference at baseline among groups),not_reported,0.448
32807158,S_Acu,verum_acupuncture,Wake after sleep onset (WASO) in minutes,physiological,Polysomnography (PSG),Post-treatment (end of 5-week treatment),post,mean ± SD,179.06 ± 76.58,regex,mean_sd,179.06,76.58,,,,,,,,,,,,,43.0,,,,False,Primary insomnia (PI),False,not statistically significant change reported,significant difference among groups: P < 0.001,not_reported,not_reported (within-group change not significant)
32807158,M_Acu,verum_acupuncture,Wake after sleep onset (WASO) in minutes,physiological,Polysomnography (PSG),Post-treatment (end of 5-week treatment),post,mean ± SD,154.84 ± 91.19,regex,mean_sd,154.84,91.19,,,,,,,,,,,,,43.0,,,,False,Primary insomnia (PI),False,P < 0.01 (significant change compared with baseline),significant difference among groups: P < 0.001; decrease in M-Acu higher than S-Acu but not significant,not_reported,0.004 (within-group vs baseline)
32807158,N_Acu,sham_acupuncture,Wake after sleep onset (WASO) in minutes,physiological,Polysomnography (PSG),Post-treatment (end of 5-week treatment),post,mean ± SD,228.27 ± 67.80,regex,mean_sd,228.27,67.8,,,,,,,,,,,,,43.0,,,,False,Primary insomnia (PI),False,no significant difference found in N-Acu group after 5-weeks acupuncture,significant difference among groups: P < 0.001,not_reported,not_reported (within-group change not significant)
32807158,S_Acu,verum_acupuncture,Total sleep time (TST) in minutes,physiological,Polysomnography (PSG),Baseline,baseline,mean ± SD,248.05 ± 91.77,regex,mean_sd,248.05,91.77,,,,,,,,,,,,,43.0,,,,False,Primary insomnia (PI),False,not_reported,P = 0.271 (no significant difference at baseline),not_reported,0.271
32807158,M_Acu,verum_acupuncture,Total sleep time (TST) in minutes,physiological,Polysomnography (PSG),Baseline,baseline,mean ± SD,247.50 ± 76.03,regex,mean_sd,247.5,76.03,,,,,,,,,,,,,43.0,,,,False,Primary insomnia (PI),False,not_reported,P = 0.271 (no significant difference at baseline),not_reported,0.271
32807158,N_Acu,sham_acupuncture,Total sleep time (TST) in minutes,physiological,Polysomnography (PSG),Baseline,baseline,mean ± SD,236.80 ± 72.25,regex,mean_sd,236.8,72.25,,,,,,,,,,,,,43.0,,,,False,Primary insomnia (PI),False,not_reported,P = 0.271 (no significant difference at baseline),not_reported,0.271
32807158,S_Acu,verum_acupuncture,Total sleep time (TST) in minutes,physiological,Polysomnography (PSG),Post-treatment (end of 5-week treatment),post,mean ± SD,288.25 ± 76.51,regex,mean_sd,288.25,76.51,,,,,,,,,,,,,43.0,,,,False,Primary insomnia (PI),False,P < 0.05 compared with baseline; increase: 40.20 ± 55.48,significant difference among groups: P < 0.001; increase in M-Acu significantly higher than S-Acu (P = 0.042),not_reported,0.020 (within-group vs baseline)
32807158,M_Acu,verum_acupuncture,Total sleep time (TST) in minutes,physiological,Polysomnography (PSG),Post-treatment (end of 5-week treatment),post,mean ± SD,319.90 ± 92.51,regex,mean_sd,319.9,92.51,,,,,,,,,,,,,43.0,,,,False,Primary insomnia (PI),False,P < 0.01 compared with baseline; increase: 72.40 ± 85.74,significant difference among groups: P < 0.001; increase in M-Acu significantly higher than S-Acu (P = 0.042),not_reported,< 0.001 (within-group vs baseline)
32807158,N_Acu,sham_acupuncture,Total sleep time (TST) in minutes,physiological,Polysomnography (PSG),Post-treatment (end of 5-week treatment),post,mean ± SD,247.56 ± 66.50,regex,mean_sd,247.56,66.5,,,,,,,,,,,,,43.0,,,,False,Primary insomnia (PI),False,no significant difference found in N-Acu group after 5-weeks acupuncture,significant difference among groups: P < 0.001,not_reported,not_reported (within-group change not significant)
32807158,S_Acu,verum_acupuncture,Sleep efficient (SE) in %,physiological,Polysomnography (PSG),Baseline,baseline,mean ± SD,55.44 ± 20.39,regex,mean_sd,55.44,20.39,,,,,,,,,,,,,43.0,,,,False,Primary insomnia (PI),False,not_reported,P = 0.381 (no significant difference at baseline),not_reported,0.381
32807158,M_Acu,verum_acupuncture,Sleep efficient (SE) in %,physiological,Polysomnography (PSG),Baseline,baseline,mean ± SD,54.79 ± 16.66,regex,mean_sd,54.79,16.66,,,,,,,,,,,,,43.0,,,,False,Primary insomnia (PI),False,not_reported,P = 0.381 (no significant difference at baseline),not_reported,0.381
32807158,N_Acu,sham_acupuncture,Sleep efficient (SE) in %,physiological,Polysomnography (PSG),Baseline,baseline,mean ± SD,52.37 ± 15.53,regex,mean_sd,52.37,15.53,,,,,,,,,,,,,43.0,,,,False,Primary insomnia (PI),False,not_reported,P = 0.381 (no significant difference at baseline),not_reported,0.381
32807158,S_Acu,verum_acupuncture,Sleep efficient (SE) in %,physiological,Polysomnography (PSG),Post-treatment (end of 5-week treatment),post,mean ± SD,61.70 ± 16.25,regex,mean_sd,61.7,16.25,,,,,,,,,,,,,43.0,,,,False,Primary insomnia (PI),False,not statistically significant change reported,significant difference among groups: P < 0.001,not_reported,not_reported (within-group change not significant)
32807158,M_Acu,verum_acupuncture,Sleep efficient (SE) in %,physiological,Polysomnography (PSG),Post-treatment (end of 5-week treatment),post,mean ± SD,67.34 ± 19.33,regex,mean_sd,67.34,19.33,,,,,,,,,,,,,43.0,,,,False,Primary insomnia (PI),False,P < 0.01 compared with baseline; increase: 12.55 ± 18.65,significant difference among groups: P < 0.001,not_reported,0.001 (within-group vs baseline)
32807158,N_Acu,sham_acupuncture,Sleep efficient (SE) in %,physiological,Polysomnography (PSG),Post-treatment (end of 5-week treatment),post,mean ± SD,52.06 ± 14.12,regex,mean_sd,52.06,14.12,,,,,,,,,,,,,43.0,,,,False,Primary insomnia (PI),False,no significant difference found in N-Acu group after 5-weeks acupuncture,significant difference among groups: P < 0.001,not_reported,not_reported (within-group change not significant)
32807158,S_Acu,verum_acupuncture,Arousal index (AI),physiological,Polysomnography (PSG),Baseline,baseline,mean ± SD,27.12 ± 12.72,regex,mean_sd,27.12,12.72,,,,,,,,,,,,,43.0,,,,False,Primary insomnia (PI),False,not_reported,P = 0.055 (no significant difference at baseline),not_reported,0.055
32807158,M_Acu,verum_acupuncture,Arousal index (AI),physiological,Polysomnography (PSG),Baseline,baseline,mean ± SD,27.58 ± 10.77,regex,mean_sd,27.58,10.77,,,,,,,,,,,,,43.0,,,,False,Primary insomnia (PI),False,not_reported,P = 0.055 (no significant difference at baseline),not_reported,0.055
32807158,N_Acu,sham_acupuncture,Arousal index (AI),physiological,Polysomnography (PSG),Baseline,baseline,mean ± SD,26.77 ± 10.34,regex,mean_sd,26.77,10.34,,,,,,,,,,,,,43.0,,,,False,Primary insomnia (PI),False,not_reported,P = 0.055 (no significant difference at baseline),not_reported,0.055
32807158,S_Acu,verum_acupuncture,Arousal index (AI),physiological,Polysomnography (PSG),Post-treatment (end of 5-week treatment),post,mean ± SD,21.51 ± 11.01,regex,mean_sd,21.51,11.01,,,,,,,,,,,,,43.0,,,,False,Primary insomnia (PI),False,not statistically significant change reported,not_reported,not_reported,not_reported (within-group change not significant)
32807158,M_Acu,verum_acupuncture,Arousal index (AI),physiological,Polysomnography (PSG),Post-treatment (end of 5-week treatment),post,mean ± SD,21.16 ± 9.71,regex,mean_sd,21.16,9.71,,,,,,,,,,,,,43.0,,,,False,Primary insomnia (PI),False,P < 0.01 compared with baseline,not_reported,not_reported,0.009 (within-group vs baseline)
32807158,N_Acu,sham_acupuncture,Arousal index (AI),physiological,Polysomnography (PSG),Post-treatment (end of 5-week treatment),post,mean ± SD,22.86 ± 11.57,regex,mean_sd,22.86,11.57,,,,,,,,,,,,,43.0,,,,False,Primary insomnia (PI),False,no significant difference found in N-Acu group after 5-weeks acupuncture,not_reported,not_reported,not_reported (within-group change not significant)
32807158,S_Acu,verum_acupuncture,Stage N1 (NREM1) in minutes,physiological,Polysomnography (PSG),Baseline,baseline,mean ± SD,40.80 ± 30.49,regex,mean_sd,40.8,30.49,,,,,,,,,,,,,43.0,,,,False,Primary insomnia (PI),False,not_reported,P = 0.305 (no significant difference at baseline),not_reported,0.305
32807158,M_Acu,verum_acupuncture,Stage N1 (NREM1) in minutes,physiological,Polysomnography (PSG),Baseline,baseline,mean ± SD,36.94 ± 20.67,regex,mean_sd,36.94,20.67,,,,,,,,,,,,,43.0,,,,False,Primary insomnia (PI),False,not_reported,P = 0.305 (no significant difference at baseline),not_reported,0.305
32807158,N_Acu,sham_acupuncture,Stage N1 (NREM1) in minutes,physiological,Polysomnography (PSG),Baseline,baseline,mean ± SD,37.49 ± 25.97,regex,mean_sd,37.49,25.97,,,,,,,,,,,,,43.0,,,,False,Primary insomnia (PI),False,not_reported,P = 0.305 (no significant difference at baseline),not_reported,0.305
32807158,S_Acu,verum_acupuncture,Stage N1 (NREM1) in minutes,physiological,Polysomnography (PSG),Post-treatment (end of 5-week treatment),post,mean ± SD,38.41 ± 22.61,regex,mean_sd,38.41,22.61,,,,,,,,,,,,,43.0,,,,False,Primary insomnia (PI),False,not statistically significant,not_reported,not_reported,not_reported
32807158,M_Acu,verum_acupuncture,Stage N1 (NREM1) in minutes,physiological,Polysomnography (PSG),Post-treatment (end of 5-week treatment),post,mean ± SD,38.27 ± 24.70,regex,mean_sd,38.27,24.7,,,,,,,,,,,,,43.0,,,,False,Primary insomnia (PI),False,not statistically significant,not_reported,not_reported,not_reported
32807158,N_Acu,sham_acupuncture,Stage N1 (NREM1) in minutes,physiological,Polysomnography (PSG),Post-treatment (end of 5-week treatment),post,mean ± SD,35.37 ± 23.34,regex,mean_sd,35.37,23.34,,,,,,,,,,,,,43.0,,,,False,Primary insomnia (PI),False,not statistically significant,not_reported,not_reported,not_reported
32807158,S_Acu,verum_acupuncture,Stage N2 in minutes,physiological,Polysomnography (PSG),Baseline,baseline,mean ± SD,62.21 ± 49.88,regex,mean_sd,62.21,49.88,,,,,,,,,,,,,43.0,,,,False,Primary insomnia (PI),False,not_reported,P = 0.368 (no significant difference at baseline),not_reported,0.368
32807158,M_Acu,verum_acupuncture,Stage N2 in minutes,physiological,Polysomnography (PSG),Baseline,baseline,mean ± SD,60.53 ± 63.38,regex,mean_sd,60.53,63.38,,,,,,,,,,,,,43.0,,,,False,Primary insomnia (PI),False,not_reported,P = 0.368 (no significant difference at baseline),not_reported,0.368
32807158,N_Acu,sham_acupuncture,Stage N2 in minutes,physiological,Polysomnography (PSG),Baseline,baseline,mean ± SD,52.45 ± 53.97,regex,mean_sd,52.45,53.97,,,,,,,,,,,,,43.0,,,,False,Primary insomnia (PI),False,not_reported,P = 0.368 (no significant difference at baseline),not_reported,0.368
32807158,S_Acu,verum_acupuncture,Stage N2 in minutes,physiological,Polysomnography (PSG),Post-treatment (end of 5-week treatment),post,mean ± SD,60.64 ± 52.78,regex,mean_sd,60.64,52.78,,,,,,,,,,,,,43.0,,,,False,Primary insomnia (PI),False,not statistically significant,not_reported,not_reported,not_reported
32807158,M_Acu,verum_acupuncture,Stage N2 in minutes,physiological,Polysomnography (PSG),Post-treatment (end of 5-week treatment),post,mean ± SD,76.99 ± 68.21,regex,mean_sd,76.99,68.21,,,,,,,,,,,,,43.0,,,,False,Primary insomnia (PI),False,not statistically significant,not_reported,not_reported,not_reported
32807158,N_Acu,sham_acupuncture,Stage N2 in minutes,physiological,Polysomnography (PSG),Post-treatment (end of 5-week treatment),post,mean ± SD,58.77 ± 47.42,regex,mean_sd,58.77,47.42,,,,,,,,,,,,,43.0,,,,False,Primary insomnia (PI),False,not statistically significant,not_reported,not_reported,not_reported
32807158,S_Acu,verum_acupuncture,Stage N3 in minutes,physiological,Polysomnography (PSG),Baseline,baseline,mean ± SD,74.99 ± 48.69,regex,mean_sd,74.99,48.69,,,,,,,,,,,,,43.0,,,,False,Primary insomnia (PI),False,not_reported,P = 0.373 (no significant difference at baseline),not_reported,0.373
32807158,M_Acu,verum_acupuncture,Stage N3 in minutes,physiological,Polysomnography (PSG),Baseline,baseline,mean ± SD,66.98 ± 45.07,regex,mean_sd,66.98,45.07,,,,,,,,,,,,,43.0,,,,False,Primary insomnia (PI),False,not_reported,P = 0.373 (no significant difference at baseline),not_reported,0.373
32807158,N_Acu,sham_acupuncture,Stage N3 in minutes,physiological,Polysomnography (PSG),Baseline,baseline,mean ± SD,69.80 ± 36.80,regex,mean_sd,69.8,36.8,,,,,,,,,,,,,43.0,,,,False,Primary insomnia (PI),False,not_reported,P = 0.373 (no significant difference at baseline),not_reported,0.373
32807158,S_Acu,verum_acupuncture,Stage N3 in minutes,physiological,Polysomnography (PSG),Post-treatment (end of 5-week treatment),post,mean ± SD,85.64 ± 48.11,regex,mean_sd,85.64,48.11,,,,,,,,,,,,,43.0,,,,False,Primary insomnia (PI),False,not statistically significant change reported; increase: 10.65 ± 48.61,significant difference among groups: P = 0.001; increase in M-Acu higher than S-Acu but no significant difference,not_reported,not_reported (within-group change not significant)
32807158,M_Acu,verum_acupuncture,Stage N3 in minutes,physiological,Polysomnography (PSG),Post-treatment (end of 5-week treatment),post,mean ± SD,98.26 ± 47.43,regex,mean_sd,98.26,47.43,,,,,,,,,,,,,43.0,,,,False,Primary insomnia (PI),False,P < 0.01 compared with baseline; increase: 31.28 ± 50.45,significant difference among groups: P = 0.001,not_reported,0.001 (within-group vs baseline)
32807158,N_Acu,sham_acupuncture,Stage N3 in minutes,physiological,Polysomnography (PSG),Post-treatment (end of 5-week treatment),post,mean ± SD,63.08 ± 33.05,regex,mean_sd,63.08,33.05,,,,,,,,,,,,,43.0,,,,False,Primary insomnia (PI),False,no significant difference found in N-Acu group after 5-weeks acupuncture,significant difference among groups: P = 0.001,not_reported,not_reported (within-group change not significant)
32807158,S_Acu,verum_acupuncture,Sleep stage of rapid eye movement (R) in minutes,physiological,Polysomnography (PSG),Baseline,baseline,mean ± SD,70.05 ± 45.01,regex,mean_sd,70.05,45.01,,,,,,,,,,,,,43.0,,,,False,Primary insomnia (PI),False,not_reported,P = 0.890 (no significant difference at baseline),not_reported,0.890
32807158,M_Acu,verum_acupuncture,Sleep stage of rapid eye movement (R) in minutes,physiological,Polysomnography (PSG),Baseline,baseline,mean ± SD,83.05 ± 52.23,regex,mean_sd,83.05,52.23,,,,,,,,,,,,,43.0,,,,False,Primary insomnia (PI),False,not_reported,P = 0.890 (no significant difference at baseline),not_reported,0.890
32807158,N_Acu,sham_acupuncture,Sleep stage of rapid eye movement (R) in minutes,physiological,Polysomnography (PSG),Baseline,baseline,mean ± SD,77.06 ± 41.47,regex,mean_sd,77.06,41.47,,,,,,,,,,,,,43.0,,,,False,Primary insomnia (PI),False,not_reported,P = 0.890 (no significant difference at baseline),not_reported,0.890
32807158,S_Acu,verum_acupuncture,Sleep stage of rapid eye movement (R) in minutes,physiological,Polysomnography (PSG),Post-treatment (end of 5-week treatment),post,mean ± SD,103.56 ± 44.18,regex,mean_sd,103.56,44.18,,,,,,,,,,,,,43.0,,,,False,Primary insomnia (PI),False,P < 0.01 compared with baseline,not_reported as significant difference among groups,not_reported,0.001 (within-group vs baseline)
32807158,M_Acu,verum_acupuncture,Sleep stage of rapid eye movement (R) in minutes,physiological,Polysomnography (PSG),Post-treatment (end of 5-week treatment),post,mean ± SD,106.38 ± 44.79,regex,mean_sd,106.38,44.79,,,,,,,,,,,,,43.0,,,,False,Primary insomnia (PI),False,P < 0.05 compared with baseline,not_reported as significant difference among groups,not_reported,0.017 (within-group vs baseline)
32807158,N_Acu,sham_acupuncture,Sleep stage of rapid eye movement (R) in minutes,physiological,Polysomnography (PSG),Post-treatment (end of 5-week treatment),post,mean ± SD,90.34 ± 42.93,regex,mean_sd,90.34,42.93,,,,,,,,,,,,,43.0,,,,False,Primary insomnia (PI),False,no significant difference found in N-Acu group after 5-weeks acupuncture,not_reported,not_reported,not_reported (within-group change not significant)
32908491,arm_Lopez2013_verum,verum_acupuncture,Blood perfusion changes (SPECT),physiological,SPECT blood perfusion,post one session of verum ACU,other,narrative,Verum ACU yielded greater changes in the perfusion patterns than sham ACU; verum ACU produced a more significant decrease in blood perfusion,unparseable,,,,,,,,,,,,,,,,18.0,,,,False,"Multiple (migraine, chronic low back pain, functional dyspepsia, healthy subjects) — review article covering multiple included studies",,verum ACU produced a more significant decrease in blood perfusion,Verum ACU yielded greater changes in the perfusion patterns than sham ACU,not_reported,not_reported
32908491,arm_Liu2018_responder,sham_acupuncture,Alterations of migraine days,symptom_severity,not_reported,after 24 sessions of sham ACU in 8 weeks,post,narrative,not_reported,unparseable,,,,,,,,,,,,,,,,,,,,False,"Multiple (migraine, chronic low back pain, functional dyspepsia, healthy subjects) — review article covering multiple included studies",,not_reported,not_reported,not_reported,not_reported
32908491,arm_Yang2020_responder,verum_acupuncture,Alterations of migraine days,symptom_severity,not_reported,after 12 sessions of ACU in 4 weeks,post,narrative,not_reported,unparseable,,,,,,,,,,,,,,,,,,,,False,"Multiple (migraine, chronic low back pain, functional dyspepsia, healthy subjects) — review article covering multiple included studies",,Responders achieved an increase in GMV of the L cuneus after ACU,"Alterations of migraine days were correlated with the baseline GMV of L cuneus, R MiFG/IFG, L IPL, and SPL/IPL",not_reported,not_reported
32908491,arm_Tu2019_real,verum_acupuncture,Changes of pain severity,pain,not_reported,after 6 sessions of real ACU in 4 weeks,post,narrative,not_reported,unparseable,,,,,,,,,,,,,,,,,,,,False,"Multiple (migraine, chronic low back pain, functional dyspepsia, healthy subjects) — review article covering multiple included studies",,Changes of pain severity correlated with baseline mPFC-SN and mPFC-AG FC in the real ACU group. Changes of FC between the mPFC and insula/AG were correlated with the relief of pain severity after real treatment,not_reported,not_reported,not_reported
32908491,arm_Tu2019_sham,sham_acupuncture,Changes of pain severity,pain,not_reported,after 6 sessions of sham ACU in 4 weeks,post,narrative,not_reported,unparseable,,,,,,,,,,,,,,,,,,,,False,"Multiple (migraine, chronic low back pain, functional dyspepsia, healthy subjects) — review article covering multiple included studies",,Baseline mPFC-dACG FC was correlated with changes in pain severity in the sham ACU group. Changes of FC between the mPFC and paraCL/SPL were correlated with the relief of pain severity after sham ACU treatment,not_reported,not_reported,not_reported
32908491,arm_Yu2019_TR,verum_acupuncture,Phase locking value (PLV) during twirling-rotating manipulation,physiological,PLV (phase locking value),during TR manipulation,during,narrative,PLV of TR was stronger than the baseline,unparseable,,,,,,,,,,,,,,,,30.0,,,,False,"Multiple (migraine, chronic low back pain, functional dyspepsia, healthy subjects) — review article covering multiple included studies",,PLV of TR was stronger than the baseline,six graph theory features of TR was significantly lower than that of LT,not_reported,not_reported
32908491,arm_Yu2019_LT,verum_acupuncture,Phase locking value (PLV) during lifting-thrusting manipulation,physiological,PLV (phase locking value),during LT manipulation,during,narrative,PLV of LT was weaker than the baseline,unparseable,,,,,,,,,,,,,,,,30.0,,,,False,"Multiple (migraine, chronic low back pain, functional dyspepsia, healthy subjects) — review article covering multiple included studies",,PLV of LT was weaker than the baseline,six graph theory features of TR was significantly lower than that of LT,not_reported,not_reported
33013312,arm_real,verum_acupuncture,Visual Analog Scale (VAS) abdominal pain severity,pain,Visual Analog Scale (VAS) 0-10,Baseline,baseline,mean ± SD,6.17(0.99),regex,mean_sd,6.17,0.99,,,,,,,,,,,,,20.0,False,0.0,10.0,True,Primary dysmenorrhea (PDM),False,not_reported,"T = 0.94, P = 0.41 (vs. sham at baseline)",not_reported,0.41
33013312,arm_sham,sham_acupuncture,Visual Analog Scale (VAS) abdominal pain severity,pain,Visual Analog Scale (VAS) 0-10,Baseline,baseline,mean ± SD,5.87(1.18),regex,mean_sd,5.87,1.18,,,,,,,,,,,,,15.0,False,0.0,10.0,True,Primary dysmenorrhea (PDM),False,not_reported,"T = 0.94, P = 0.41 (vs. real at baseline)",not_reported,0.41
33013312,arm_real,verum_acupuncture,Visual Analog Scale (VAS) abdominal pain severity,pain,Visual Analog Scale (VAS) 0-10,Post-treatment,post,mean ± SD,3.35(1.49),regex,mean_sd,3.35,1.49,,,,,,,,,,,,,20.0,False,0.0,10.0,True,Primary dysmenorrhea (PDM),False,"VAS change = 3.40(1.53); t = 9.90, P < 0.01","T = 4.03, P < 0.001 (vs. sham at post-treatment)",not_reported,within group: P < 0.01; between groups: P < 0.001
33013312,arm_sham,sham_acupuncture,Visual Analog Scale (VAS) abdominal pain severity,pain,Visual Analog Scale (VAS) 0-10,Post-treatment,post,mean ± SD,5.39(1.38),regex,mean_sd,5.39,1.38,,,,,,,,,,,,,15.0,False,0.0,10.0,True,Primary dysmenorrhea (PDM),False,"VAS change = 1.03(1.84); t = 2.10, P = 0.06","T = 4.03, P < 0.001 (vs. real at post-treatment)",not_reported,within group: P = 0.06 (not significant); between groups: P < 0.001
33013312,arm_real,verum_acupuncture,VAS change (baseline minus post-treatment),pain,Visual Analog Scale (VAS) 0-10,Post-treatment vs. baseline,baseline,mean ± SD,3.40(1.53),regex,mean_sd,3.4,1.53,,,,,,,,,,,,,20.0,False,0.0,10.0,True,Primary dysmenorrhea (PDM),False,"t = 9.90, P < 0.01","T = 4.07, P < 0.001 (vs. sham VAS change)",not_reported,within group: P < 0.01; between groups: P < 0.001
33013312,arm_sham,sham_acupuncture,VAS change (baseline minus post-treatment),pain,Visual Analog Scale (VAS) 0-10,Post-treatment vs. baseline,baseline,mean ± SD,1.03(1.84),regex,mean_sd,1.03,1.84,,,,,,,,,,,,,15.0,False,0.0,10.0,True,Primary dysmenorrhea (PDM),False,"t = 2.10, P = 0.06","T = 4.07, P < 0.001 (vs. real VAS change)",not_reported,within group: P = 0.06 (not significant); between groups: P < 0.001
33013312,arm_real,verum_acupuncture,VAS change rate (%),pain,Visual Analog Scale (VAS) 0-10,Post-treatment vs. baseline,baseline,mean ± SD,50.80(22.57),regex,mean_sd,50.8,22.57,,,,,,,,,,,,,20.0,False,0.0,10.0,True,Primary dysmenorrhea (PDM),False,not_reported,"T = 3.49, P < 0.001 (vs. sham)",not_reported,P < 0.001
33013312,arm_sham,sham_acupuncture,VAS change rate (%),pain,Visual Analog Scale (VAS) 0-10,Post-treatment vs. baseline,baseline,mean ± SD,19.42(36.59),regex,mean_sd,19.42,36.59,,,,,,,,,,,,,15.0,False,0.0,10.0,True,Primary dysmenorrhea (PDM),False,not_reported,"T = 3.49, P < 0.001 (vs. real)",not_reported,P < 0.001
33013312,arm_real,verum_acupuncture,Self-rating Anxiety Scale (SAS),mood,Self-rating Anxiety Scale (SAS),Baseline,baseline,mean ± SD,41.87(4.77),regex,mean_sd,41.87,4.77,,,,,,,,,,,,,20.0,False,20.0,80.0,True,Primary dysmenorrhea (PDM),False,not_reported,"T = 0.66, P = 0.51",not_reported,0.51
33013312,arm_sham,sham_acupuncture,Self-rating Anxiety Scale (SAS),mood,Self-rating Anxiety Scale (SAS),Baseline,baseline,mean ± SD,40.46(7.82),regex,mean_sd,40.46,7.82,,,,,,,,,,,,,15.0,False,20.0,80.0,True,Primary dysmenorrhea (PDM),False,not_reported,"T = 0.66, P = 0.51",not_reported,0.51
33013312,arm_real,verum_acupuncture,Self-rating Depression Scale (SDS),mood,Self-rating Depression Scale (SDS),Baseline,baseline,mean ± SD,40.36(6.61),regex,mean_sd,40.36,6.61,,,,,,,,,,,,,20.0,False,20.0,80.0,True,Primary dysmenorrhea (PDM),False,not_reported,"T = 0.17, P = 0.30",not_reported,0.30
33013312,arm_sham,sham_acupuncture,Self-rating Depression Scale (SDS),mood,Self-rating Depression Scale (SDS),Baseline,baseline,mean ± SD,43.33(10.17),regex,mean_sd,43.33,10.17,,,,,,,,,,,,,15.0,False,20.0,80.0,True,Primary dysmenorrhea (PDM),False,not_reported,"T = 0.17, P = 0.30",not_reported,0.30
33013312,not_applicable,,"Pearson correlations between duration of disease, baseline VAS, SDS, and SAS scores, and changes of the VAS scores",pain,not_reported,Baseline vs. post-treatment change,baseline,other,All P > 0.05; not significant,unparseable,,,,,,,,,,,,,,,,35.0,,,,False,Primary dysmenorrhea (PDM),False,not_applicable,not_applicable,not_reported,all P > 0.05
33146953,arm_FPI,verum_acupuncture,Pittsburgh sleep quality index (PSQI) score,symptom_severity,Pittsburgh Sleep Quality Index (PSQI),baseline (PSQI-pre),baseline,mean ± SD,15.00 ± 3.07,regex,mean_sd,15.0,3.07,,,,,,,,,,,,,18.0,False,0.0,21.0,True,Primary insomnia (PI),False,not_reported,p = .494 (vs MPIs at baseline),not_reported,.494
33146953,arm_FPI,verum_acupuncture,Pittsburgh sleep quality index (PSQI) score,symptom_severity,Pittsburgh Sleep Quality Index (PSQI),after 5-week EA treatment (PSQI-post),post,mean ± SD,6.33 ± 1.08,regex,mean_sd,6.33,1.08,,,,,,,,,,,,,18.0,False,0.0,21.0,True,Primary insomnia (PI),False,PSQI-decrease: 8.67 ± 2.66,p = .005 (vs MPIs post-treatment),not_reported,< .001 (comparing with PSQI-pre)
33146953,arm_MPI,verum_acupuncture,Pittsburgh sleep quality index (PSQI) score,symptom_severity,Pittsburgh Sleep Quality Index (PSQI),baseline (PSQI-pre),baseline,mean ± SD,14.33 ± 1.56,regex,mean_sd,14.33,1.56,,,,,,,,,,,,,12.0,False,0.0,21.0,True,Primary insomnia (PI),False,not_reported,p = .494 (vs FPIs at baseline),not_reported,.494
33146953,arm_MPI,verum_acupuncture,Pittsburgh sleep quality index (PSQI) score,symptom_severity,Pittsburgh Sleep Quality Index (PSQI),after 5-week EA treatment (PSQI-post),post,mean ± SD,7.58 ± 1.08,regex,mean_sd,7.58,1.08,,,,,,,,,,,,,12.0,False,0.0,21.0,True,Primary insomnia (PI),False,PSQI-decrease: 6.75 ± 0.87,p = .005 (vs FPIs post-treatment),not_reported,< .001 (comparing with PSQI-pre)
33146953,not_applicable,,PSQI-decrease (the decrease between PSQI-pre and PSQI-post),symptom_severity,Pittsburgh Sleep Quality Index (PSQI),baseline to post-treatment change,baseline,mean ± SD,FPIs: 8.67 ± 2.66; MPIs: 6.75 ± 0.87,unparseable,,,,,,,,,,,,,,,,30.0,False,0.0,21.0,True,Primary insomnia (PI),False,not_applicable,p = .023,not_reported,.023
33146953,arm_FPI,verum_acupuncture,Athens Insomnia Scale (AIS) score,symptom_severity,Athens Insomnia Scale (AIS),baseline (AIS-pre),baseline,mean ± SD,13.22 ± 3.66,regex,mean_sd,13.22,3.66,,,,,,,,,,,,,18.0,False,0.0,24.0,True,Primary insomnia (PI),False,not_reported,p = .286 (vs MPIs at baseline),not_reported,.286
33146953,arm_FPI,verum_acupuncture,Athens Insomnia Scale (AIS) score,symptom_severity,Athens Insomnia Scale (AIS),after 5-week EA treatment (AIS-post),post,mean ± SD,2.22 ± 0.81,regex,mean_sd,2.22,0.81,,,,,,,,,,,,,18.0,False,0.0,24.0,True,Primary insomnia (PI),False,AIS-decrease: 11.00 ± 3.66,p = .362 (vs MPIs post-treatment),not_reported,< .001 (comparing with AIS-pre)
33146953,arm_MPI,verum_acupuncture,Athens Insomnia Scale (AIS) score,symptom_severity,Athens Insomnia Scale (AIS),baseline (AIS-pre),baseline,mean ± SD,12.17 ± 1.53,regex,mean_sd,12.17,1.53,,,,,,,,,,,,,12.0,False,0.0,24.0,True,Primary insomnia (PI),False,not_reported,p = .286 (vs FPIs at baseline),not_reported,.286
33146953,arm_MPI,verum_acupuncture,Athens Insomnia Scale (AIS) score,symptom_severity,Athens Insomnia Scale (AIS),after 5-week EA treatment (AIS-post),post,mean ± SD,2.50 ± 0.80,regex,mean_sd,2.5,0.8,,,,,,,,,,,,,12.0,False,0.0,24.0,True,Primary insomnia (PI),False,AIS-decrease: 9.67 ± 1.56,p = .362 (vs FPIs post-treatment),not_reported,< .001 (comparing with AIS-pre)
33146953,not_applicable,,AIS-decrease (the decrease between AIS-pre and AIS-post),symptom_severity,Athens Insomnia Scale (AIS),baseline to post-treatment change,baseline,mean ± SD,FPIs: 11.00 ± 3.66; MPIs: 9.67 ± 1.56,unparseable,,,,,,,,,,,,,,,,30.0,False,0.0,24.0,True,Primary insomnia (PI),False,not_applicable,p = .245,not_reported,.245
33146953,arm_FPI,verum_acupuncture,self-rating anxiety scale (SAS),mood,self-rating anxiety scale (SAS),baseline,baseline,mean ± SD,36.50 ± 1.98,regex,mean_sd,36.5,1.98,,,,,,,,,,,,,18.0,False,20.0,80.0,True,Primary insomnia (PI),False,not_reported,p = .136 (vs MPIs),not_reported,.136
33146953,arm_MPI,verum_acupuncture,self-rating anxiety scale (SAS),mood,self-rating anxiety scale (SAS),baseline,baseline,mean ± SD,37.67 ± 2.06,regex,mean_sd,37.67,2.06,,,,,,,,,,,,,12.0,False,20.0,80.0,True,Primary insomnia (PI),False,not_reported,p = .136 (vs FPIs),not_reported,.136
33146953,arm_FPI,verum_acupuncture,self-rating depression scale (SDS),mood,self-rating depression scale (SDS),baseline,baseline,mean ± SD,37.00 ± 2.45,regex,mean_sd,37.0,2.45,,,,,,,,,,,,,18.0,False,20.0,80.0,True,Primary insomnia (PI),False,not_reported,p = .140 (vs MPIs),not_reported,.140
33146953,arm_MPI,verum_acupuncture,self-rating depression scale (SDS),mood,self-rating depression scale (SDS),baseline,baseline,mean ± SD,38.17 ± 1.75,regex,mean_sd,38.17,1.75,,,,,,,,,,,,,12.0,False,20.0,80.0,True,Primary insomnia (PI),False,not_reported,p = .140 (vs FPIs),not_reported,.140
33146953,arm_FPI,verum_acupuncture,Age (years),other,not_reported,baseline,baseline,mean ± SD,52.88 ± 4.55,regex,mean_sd,52.88,4.55,,,,,,,,,,,,,18.0,,,,False,Primary insomnia (PI),False,not_applicable,p = .022 (vs MPIs),not_reported,.022
33146953,arm_MPI,verum_acupuncture,Age (years),other,not_reported,baseline,baseline,mean ± SD,45.00 ± 12.70,regex,mean_sd,45.0,12.7,,,,,,,,,,,,,12.0,,,,False,Primary insomnia (PI),False,not_applicable,p = .022 (vs FPIs),not_reported,.022
33314799,arm_EA,verum_acupuncture,BPI Severity (Short Form Brief Pain Inventory Severity subscale),pain,Short Form Brief Pain Inventory (BPI) Severity,pre-treatment,baseline,mean ± SE (from Figure 2A),approximately 5.2 (from Figure 2A; exact numeric value not reported in text),unparseable,,,,,,,,,,,,,,,,,False,,,True,Fibromyalgia (FM),False,not_reported,"no baseline difference between EA and ML (t(70)=0.85, p=0.396)",not_reported,p=0.396
33314799,arm_ML,sham_acupuncture,BPI Severity (Short Form Brief Pain Inventory Severity subscale),pain,Short Form Brief Pain Inventory (BPI) Severity,pre-treatment,baseline,mean ± SE (from Figure 2A),approximately 4.95 (from Figure 2A; exact numeric value not reported in text),unparseable,,,,,,,,,,,,,,,,,False,,,True,Fibromyalgia (FM),False,not_reported,"no baseline difference between EA and ML (t(70)=0.85, p=0.396)",not_reported,p=0.396
33314799,not_applicable,,BPI Severity (Short Form Brief Pain Inventory Severity subscale),pain,Short Form Brief Pain Inventory (BPI) Severity,pre- and post-therapy,other,ANOVA F-statistics and mean differences,"mean difference EA=-1.14, ML=-0.46",unparseable,,,,,,,,,,,,,,,,72.0,False,,,True,Fibromyalgia (FM),False,"significant main effect of Time (F(1, 70)=25.09, p<0.001)","significant Group x Time interaction (F(1, 70)=4.56, p=0.036); EA reduced BPI Severity to a greater extent compared to ML; no main effect of Group (F(1, 70)=0.03, p=0.861)",not_reported,Group x Time interaction p=0.036; Time main effect p<0.001; Group main effect p=0.861
33314799,not_applicable,,PROMIS Anxiety and Depression scales,mood,PROMIS Anxiety; PROMIS Depression,pre- and post-therapy,other,narrative,used as secondary clinical outcomes and to assess whether neuroimaging outcomes were influenced by these factors; detailed analysis outside scope of present manuscript; descriptive statistics reported in Supplementary Results B,unparseable,,,,,,,,,,,,,,,,,True,,,True,Fibromyalgia (FM),False,not_reported in main text,not_reported in main text,not_reported,not_reported
33314799,not_applicable,,BPI Pain Interference; American College of Rheumatology 2011 FM Survey Criteria; Pain Catastrophizing; PROMIS Physical Function; PROMIS Fatigue; PROMIS Sleep,other,BPI Pain Interference; ACR 2011 FM Survey Criteria; Pain Catastrophizing Scale; PROMIS Physical Function; PROMIS Fatigue; PROMIS Sleep,pre- and post-therapy,other,narrative,detailed analysis outside scope of present manuscript; descriptive statistics reported in Supplementary Results B,unparseable,,,,,,,,,,,,,,,,,True,,,True,Fibromyalgia (FM),False,not_reported in main text,not_reported in main text,not_reported,not_reported
33384580,arm_IBSbs,verum_acupuncture,IBS Symptom Severity Score (IBS-SSS),symptom_severity,IBS-SSS,baseline (before acupuncture),baseline,mean ± SD,245.5 (100),regex,mean_sd,245.5,100.0,,,,,,,,,,,,,24.0,False,,,True,Diarrhea-dominant Irritable Bowel Syndrome (IBS-D),True,not_reported,"p < 0.0001 (two-sample t-test, IBSbs vs IBS1st)",not_reported,< 0.0001
33384580,arm_IBS1st,verum_acupuncture,IBS Symptom Severity Score (IBS-SSS),symptom_severity,IBS-SSS,post-acupuncture (after 6 weeks),post,mean ± SD,91.9 (49),regex,mean_sd,91.9,49.0,,,,,,,,,,,,,24.0,False,,,True,Diarrhea-dominant Irritable Bowel Syndrome (IBS-D),True,not_reported,"p < 0.0001 (IBSbs vs IBS1st, two-sample t-test)",not_reported,< 0.0001
33384580,arm_IBSbs,verum_acupuncture,IBS Quality of Life (IBS-QOL),quality_of_life,IBS-QOL,baseline (before acupuncture),baseline,mean ± SD,132.46 (33.1),regex,mean_sd,132.46,33.1,,,,,,,,,,,,,24.0,True,,,True,Diarrhea-dominant Irritable Bowel Syndrome (IBS-D),True,not_reported,"p = 0.02 (IBSbs vs IBS1st, two-sample t-test)",not_reported,0.02
33384580,arm_IBS1st,verum_acupuncture,IBS Quality of Life (IBS-QOL),quality_of_life,IBS-QOL,post-acupuncture (after 6 weeks),post,mean ± SD,150.33 (13.6),regex,mean_sd,150.33,13.6,,,,,,,,,,,,,24.0,True,,,True,Diarrhea-dominant Irritable Bowel Syndrome (IBS-D),True,not_reported,"p = 0.02 (IBSbs vs IBS1st, two-sample t-test)",not_reported,0.02
33384580,arm_NC,healthy_control,Hamilton Anxiety Scale (HAMA),mood,HAMA,single assessment,other,mean ± SD,2.48 (2.9),regex,mean_sd,2.48,2.9,,,,,,,,,,,,,23.0,False,0.0,56.0,True,Diarrhea-dominant Irritable Bowel Syndrome (IBS-D),True,not_reported,"p < 0.0001 (one-way ANOVA with Bonferroni correction, all three groups)",not_reported,< 0.0001
33384580,arm_IBSbs,verum_acupuncture,Hamilton Anxiety Scale (HAMA),mood,HAMA,baseline (before acupuncture),baseline,mean ± SD,15.25 (7.9),regex,mean_sd,15.25,7.9,,,,,,,,,,,,,24.0,False,0.0,56.0,True,Diarrhea-dominant Irritable Bowel Syndrome (IBS-D),True,not_reported,"p < 0.0001 (one-way ANOVA with Bonferroni correction, all three groups)",not_reported,< 0.0001
33384580,arm_IBS1st,verum_acupuncture,Hamilton Anxiety Scale (HAMA),mood,HAMA,post-acupuncture (after 6 weeks),post,mean ± SD,8.17 (2.9),regex,mean_sd,8.17,2.9,,,,,,,,,,,,,24.0,False,0.0,56.0,True,Diarrhea-dominant Irritable Bowel Syndrome (IBS-D),True,not_reported,"p < 0.0001 (one-way ANOVA with Bonferroni correction, all three groups)",not_reported,< 0.0001
33664320,arm_ACU,verum_acupuncture,Latency time in hot plate test (% of control),pain,Hot plate test,30 min after acupuncture needles were removed,post,mean ± SEM (% of control); figure only,not_reported (shown in Figure 1B),unparseable,,,,,,,,,,,,,,,,5.0,True,,,True,Normal mice (pain threshold and brain neural activity experiments); no disease model,,not_reported,"significantly increased vs CON (F4, 20=12.42, P<0.001) and vs N-ACU (F4, 20=12.42, P<0.001)",not_reported,P<0.001 vs CON; P<0.001 vs N-ACU
33664320,arm_ACU_U,verum_acupuncture,Latency time in hot plate test (% of control),pain,Hot plate test,30 min after acupuncture needles were removed,post,mean ± SEM (% of control); figure only,not_reported (shown in Figure 1B),unparseable,,,,,,,,,,,,,,,,5.0,True,,,True,Normal mice (pain threshold and brain neural activity experiments); no disease model,,not_reported,"significantly blocked acupuncture effect; ACU+U significantly lower than ACU (F4, 20=12.42, P<0.001)",not_reported,P<0.001 vs ACU
33664320,arm_NACU,sham_acupuncture,Latency time in hot plate test (% of control),pain,Hot plate test,30 min after acupuncture needles were removed,post,mean ± SEM (% of control); figure only,not_reported (shown in Figure 1B),unparseable,,,,,,,,,,,,,,,,5.0,True,,,True,Normal mice (pain threshold and brain neural activity experiments); no disease model,,not_reported,"significantly lower than ACU (F4, 20=12.42, P<0.001)",not_reported,P<0.001 vs ACU
33664320,arm_ACU,verum_acupuncture,p-ERK/t-ERK ratio in skin tissue,physiological,Western blot (p-ERK),5 min after acupuncture treatment,post,mean ± SEM; figure only,not_reported (shown in Supplementary Fig. 1A),unparseable,,,,,,,,,,,,,,,,3.0,,,,False,Normal mice (pain threshold and brain neural activity experiments); no disease model,,not_reported,"significantly increased vs CON (F4,10=20.04, P<0.05); decreased from 10 min later",not_reported,P<0.05 vs CON
33664320,arm_ACU,verum_acupuncture,p-HSP27/t-HSP27 ratio in skin tissue,physiological,Western blot (p-HSP27),5 min after acupuncture treatment,post,mean ± SEM; figure only,not_reported (shown in Supplementary Fig. 1B),unparseable,,,,,,,,,,,,,,,,3.0,,,,False,Normal mice (pain threshold and brain neural activity experiments); no disease model,,not_reported,"increased vs CON (F4,10=3.107, P=0.1394); decreased from 10 min later",not_reported,P=0.1394
33664320,arm_ACU,verum_acupuncture,PRDX1 expression in skin tissue,physiological,Western blot (PRDX1),5 min after acupuncture treatment,post,mean ± SEM; figure only,not_reported (shown in Supplementary Fig. 1C),unparseable,,,,,,,,,,,,,,,,3.0,,,,False,Normal mice (pain threshold and brain neural activity experiments); no disease model,,not_reported,"decreased vs CON (F4,10=0.8736, P=0.5513); gradually restored",not_reported,P=0.5513
33664320,arm_ACU_U,verum_acupuncture,p-ERK/t-ERK ratio in skin tissue after U0126 administration before acupuncture,physiological,Western blot (p-ERK),5 min after acupuncture treatment,post,mean ± SEM; figure only (Figure 1D),not_reported (shown in Figure 1D),unparseable,,,,,,,,,,,,,,,,3.0,,,,False,Normal mice (pain threshold and brain neural activity experiments); no disease model,,not_reported,"significantly inhibited vs ACU (F4, 10=13.20, P<0.001)",not_reported,P<0.001 vs ACU
33664320,arm_ACU_U,verum_acupuncture,p-HSP27/t-HSP27 ratio in skin tissue after U0126 administration before acupuncture,physiological,Western blot (p-HSP27),5 min after acupuncture treatment,post,mean ± SEM; figure only (Figure 1E),not_reported (shown in Figure 1E),unparseable,,,,,,,,,,,,,,,,3.0,,,,False,Normal mice (pain threshold and brain neural activity experiments); no disease model,,not_reported,"significantly inhibited vs ACU (F4, 10=5.027, P<0.05)",not_reported,P<0.05 vs ACU
33664320,arm_ACU_C,verum_acupuncture,p-HSP27/t-HSP27 ratio in skin tissue after CPZ administration before acupuncture,physiological,Western blot (p-HSP27),5 min after acupuncture treatment,post,mean ± SEM; figure only (Figure 1E),not_reported (shown in Figure 1E),unparseable,,,,,,,,,,,,,,,,3.0,,,,False,Normal mice (pain threshold and brain neural activity experiments); no disease model,,not_reported,"significantly inhibited vs ACU (F4, 10=5.027, P<0.05)",not_reported,P<0.05 vs ACU
33664320,arm_ACU_D,verum_acupuncture,p-HSP27/t-HSP27 ratio in skin tissue after DPCPX administration before acupuncture,physiological,Western blot (p-HSP27),5 min after acupuncture treatment,post,mean ± SEM; figure only (Figure 1E),not_reported (shown in Figure 1E),unparseable,,,,,,,,,,,,,,,,3.0,,,,False,Normal mice (pain threshold and brain neural activity experiments); no disease model,,not_reported,"inhibited vs ACU (F4, 10=5.027, P=0.0545)",not_reported,P=0.0545 vs ACU
33776442,arm_EA,verum_acupuncture,Hamilton Rating Scale for Depression (17 item version),symptom_severity,HRSD-17,baseline (enrollment),baseline,mean ± SD,13.10± 2.22 (10–16),regex,mean_sd,13.1,2.22,,,,,,,,,,,,,20.0,False,,,True,mild depression,False,not_reported,not_reported,not_reported,not_reported
33776442,arm_EA,verum_acupuncture,Visual Analogue Scale (VAS) for acupuncture sensation of soreness,sensory,VAS,after the experiment finished,other,mean ± SD,3.70±1.56 (1–6),regex,mean_sd,3.7,1.56,,,,,,,,,,,,,20.0,False,0.0,10.0,True,mild depression,False,not_reported,not_reported,not_reported,not_reported
33776442,arm_EA,verum_acupuncture,Correlation between HRSD-17 scores and ReHo of right angular gyrus in Phase I,symptom_severity,HRSD-17,Phase I (baseline),baseline,other,"r = 0.447, p = 0.048",unparseable,,,,,,,,,,,,,,,,20.0,False,,,True,mild depression,False,not_reported,not_reported,r = 0.447,0.048
33776442,arm_EA,verum_acupuncture,Correlation between VAS scores and ReHo of right postcentral gyri in Phase III,sensory,VAS,Phase III,other,other,"r = 0.456, p = 0.024",unparseable,,,,,,,,,,,,,,,,20.0,False,0.0,10.0,True,mild depression,False,not_reported,not_reported,r = 0.456,0.024
33776442,arm_EA,verum_acupuncture,Correlation between VAS scores and ReHo of left postcentral gyri in Phase III,sensory,VAS,Phase III,other,other,"r = 0.590, p = 0.009",unparseable,,,,,,,,,,,,,,,,20.0,False,0.0,10.0,True,mild depression,False,not_reported,not_reported,r = 0.590,0.009
33776442,arm_EA,verum_acupuncture,Correlation between VAS scores and ReHo of right posterior cingulate cortex in Phase III,sensory,VAS,Phase III,other,other,"r = −0.501, p = 0.024",unparseable,,,,,,,,,,,,,,,,20.0,False,0.0,10.0,True,mild depression,False,not_reported,not_reported,r = −0.501,0.024
33776442,arm_EA,verum_acupuncture,Correlation between VAS scores and ReHo of right angular gyrus in Phase III,sensory,VAS,Phase III,other,other,"r = −0.516, p = 0.02",unparseable,,,,,,,,,,,,,,,,20.0,False,0.0,10.0,True,mild depression,False,not_reported,not_reported,r = −0.516,0.02
33776442,arm_EA,verum_acupuncture,Correlation between VAS scores and ReHo of right precuneus in Phase III,sensory,VAS,Phase III,other,other,"r = −0.501, p = 0.024",unparseable,,,,,,,,,,,,,,,,20.0,False,0.0,10.0,True,mild depression,False,not_reported,not_reported,r = −0.501,0.024
33776442,arm_EA,verum_acupuncture,Correlation between HRSD-17 scores and ReHo of right postcentral gyri in Phase III,symptom_severity,HRSD-17,Phase III,other,other,"r = 0.679, p = 0.001",unparseable,,,,,,,,,,,,,,,,20.0,False,,,True,mild depression,False,not_reported,not_reported,r = 0.679,0.001
33776442,arm_EA,verum_acupuncture,Correlation between HRSD-17 scores and ReHo of left postcentral gyri in Phase III,symptom_severity,HRSD-17,Phase III,other,other,"r = 0.618, p = 0.004",unparseable,,,,,,,,,,,,,,,,20.0,False,,,True,mild depression,False,not_reported,not_reported,r = 0.618,0.004
34108856,arm_RA,verum_acupuncture,VAS score before treatment (VAS-A),pain,Visual Analog Scale (VAS),before fMRI scan (pre-treatment),baseline,mean ± SD,6.20 ± 1.06,regex,mean_sd,6.2,1.06,,,,,,,,,,,,,19.0,False,0.0,10.0,True,Primary dysmenorrhea (PDM),False,not_reported,"t = 0.69, p = 0.493 (no significant difference vs. SA group)",not_reported,0.493
34108856,arm_SA,sham_acupuncture,VAS score before treatment (VAS-A),pain,Visual Analog Scale (VAS),before fMRI scan (pre-treatment),baseline,mean ± SD,5.91 ± 1.22,regex,mean_sd,5.91,1.22,,,,,,,,,,,,,15.0,False,0.0,10.0,True,Primary dysmenorrhea (PDM),False,not_reported,"t = 0.69, p = 0.493 (no significant difference vs. RA group)",not_reported,0.493
34108856,arm_RA,verum_acupuncture,VAS score after treatment (VAS-B),pain,Visual Analog Scale (VAS),after fMRI scan (post-treatment),post,mean ± SD,3.65 ± 1.04,regex,mean_sd,3.65,1.04,,,,,,,,,,,,,19.0,False,0.0,10.0,True,Primary dysmenorrhea (PDM),False,not_reported,"t = −1.89, p = 0.069 (no significant difference vs. SA group)",not_reported,0.069
34108856,arm_SA,sham_acupuncture,VAS score after treatment (VAS-B),pain,Visual Analog Scale (VAS),after fMRI scan (post-treatment),post,mean ± SD,4.45 ± 1.29,regex,mean_sd,4.45,1.29,,,,,,,,,,,,,15.0,False,0.0,10.0,True,Primary dysmenorrhea (PDM),False,not_reported,"t = −1.89, p = 0.069 (no significant difference vs. RA group)",not_reported,0.069
34108856,arm_RA,verum_acupuncture,VAS(B-A): change in the VAS score (post- minus pre-treatment),pain,Visual Analog Scale (VAS),post-treatment minus pre-treatment,baseline,mean ± SD,−2.55 ± 1.32,regex,mean_sd,-2.55,1.32,,,,,,,,,,,,,19.0,False,0.0,10.0,True,Primary dysmenorrhea (PDM),False,not_reported,"t = −2.33, p = 0.027 (significantly greater reduction in RA vs. SA group)",not_reported,0.027
34108856,arm_SA,sham_acupuncture,VAS(B-A): change in the VAS score (post- minus pre-treatment),pain,Visual Analog Scale (VAS),post-treatment minus pre-treatment,baseline,mean ± SD,−1.45 ± 1.13,regex,mean_sd,-1.45,1.13,,,,,,,,,,,,,15.0,False,0.0,10.0,True,Primary dysmenorrhea (PDM),False,not_reported,"t = −2.33, p = 0.027 (significantly greater reduction in RA vs. SA group)",not_reported,0.027
34108856,arm_RA,verum_acupuncture,VAS(B-A)/A: ratio of the change in the VAS score [(post- minus pre-treatment)/pre-treatment],pain,Visual Analog Scale (VAS),post-treatment minus pre-treatment divided by pre-treatment,baseline,mean ± SD,−0.41 ± 0.17,regex,mean_sd,-0.41,0.17,,,,,,,,,,,,,19.0,False,0.0,10.0,True,Primary dysmenorrhea (PDM),False,not_reported,"t = −2.74, p = 0.010 (significantly greater in RA vs. SA group)",not_reported,0.010
34108856,arm_SA,sham_acupuncture,VAS(B-A)/A: ratio of the change in the VAS score [(post- minus pre-treatment)/pre-treatment],pain,Visual Analog Scale (VAS),post-treatment minus pre-treatment divided by pre-treatment,baseline,mean ± SD,−0.25 ± 0.17,regex,mean_sd,-0.25,0.17,,,,,,,,,,,,,15.0,False,0.0,10.0,True,Primary dysmenorrhea (PDM),False,not_reported,"t = −2.74, p = 0.010 (significantly greater in RA vs. SA group)",not_reported,0.010
34122321,arm_MwoA,verum_acupuncture,Days with migraine,symptom_severity,headache diary,"Baseline, −4–0",baseline,mean ± SD,5.16 (1.66),regex,mean_sd,5.16,1.66,,,,,,,,,,,,,37.0,False,,,True,migraine without aura (MwoA),True,not_reported,not_reported,not_reported,<0.001 (overall ANOVA across periods)
34122321,arm_MwoA,verum_acupuncture,Days with migraine,symptom_severity,headache diary,"Treatment, 1–6",other,mean ± SD,1.57 (1.21),regex,mean_sd,1.57,1.21,,,,,,,,,,,,,37.0,False,,,True,migraine without aura (MwoA),True,significantly lower than at baseline (P < 0.01),not_reported,not_reported,<0.001 (vs baseline)
34122321,arm_MwoA,verum_acupuncture,Days with migraine,symptom_severity,headache diary,"Follow-up, 7–10",followup,mean ± SD,1.16 (0.99),regex,mean_sd,1.16,0.99,,,,,,,,,,,,,37.0,False,,,True,migraine without aura (MwoA),True,significantly lower than baseline,not_reported,not_reported,<0.001 (vs baseline); >0.05 (vs treatment)
34122321,arm_MwoA,verum_acupuncture,Days with migraine,symptom_severity,headache diary,"Follow-up, 11–18",followup,mean ± SD,1.54 (0.77),regex,mean_sd,1.54,0.77,,,,,,,,,,,,,37.0,False,,,True,migraine without aura (MwoA),True,significantly lower than baseline,not_reported,not_reported,<0.001 (vs baseline); >0.05 (vs treatment)
34122321,arm_MwoA,verum_acupuncture,Days with migraine,symptom_severity,headache diary,"Follow-up, 19–30",followup,mean ± SD,1.44 (0.70),regex,mean_sd,1.44,0.7,,,,,,,,,,,,,37.0,False,,,True,migraine without aura (MwoA),True,significantly lower than baseline,not_reported,not_reported,<0.001 (vs baseline); >0.05 (vs treatment)
34122321,arm_MwoA,verum_acupuncture,Average severity of headache (VAS score),pain,visual analog scale (VAS),"Baseline, −4–0",baseline,mean ± SD,7.73 (1.41),regex,mean_sd,7.73,1.41,,,,,,,,,,,,,37.0,False,0.0,10.0,True,migraine without aura (MwoA),True,not_reported,not_reported,not_reported,<0.001 (overall ANOVA across periods)
34122321,arm_MwoA,verum_acupuncture,Average severity of headache (VAS score),pain,visual analog scale (VAS),"Treatment, 1–6",other,mean ± SD,4.08 (1.26),regex,mean_sd,4.08,1.26,,,,,,,,,,,,,37.0,False,0.0,10.0,True,migraine without aura (MwoA),True,significantly lower than at baseline (P < 0.01),not_reported,not_reported,<0.001 (vs baseline)
34122321,arm_MwoA,verum_acupuncture,Average severity of headache (VAS score),pain,visual analog scale (VAS),"Follow-up, 7–10",followup,mean ± SD,4.49 (1.48),regex,mean_sd,4.49,1.48,,,,,,,,,,,,,37.0,False,0.0,10.0,True,migraine without aura (MwoA),True,significantly lower than baseline,not_reported,not_reported,<0.001 (vs baseline); >0.05 (vs treatment)
34122321,arm_MwoA,verum_acupuncture,Average severity of headache (VAS score),pain,visual analog scale (VAS),"Follow-up, 11–18",followup,mean ± SD,4.43 (1.46),regex,mean_sd,4.43,1.46,,,,,,,,,,,,,37.0,False,0.0,10.0,True,migraine without aura (MwoA),True,significantly lower than baseline,not_reported,not_reported,<0.001 (vs baseline); >0.05 (vs treatment)
34122321,arm_MwoA,verum_acupuncture,Average severity of headache (VAS score),pain,visual analog scale (VAS),"Follow-up, 19–30",followup,mean ± SD,4.89 (1.08),regex,mean_sd,4.89,1.08,,,,,,,,,,,,,37.0,False,0.0,10.0,True,migraine without aura (MwoA),True,significantly lower than baseline,not_reported,not_reported,<0.001 (vs baseline); >0.05 (vs treatment)
34122321,arm_MwoA,verum_acupuncture,"MSQ score, restrictive subscale",quality_of_life,Migraine-Specific Quality of Life Questionnaire (MSQ),"Baseline, −4–0",baseline,mean ± SD,55.14 (14.81),regex,mean_sd,55.14,14.81,,,,,,,,,,,,,37.0,True,0.0,100.0,True,migraine without aura (MwoA),True,not_reported,not_reported,not_reported,<0.001 (overall ANOVA across periods)
34122321,arm_MwoA,verum_acupuncture,"MSQ score, restrictive subscale",quality_of_life,Migraine-Specific Quality of Life Questionnaire (MSQ),"Treatment, 1–6",other,mean ± SD,75.21 (13.15),regex,mean_sd,75.21,13.15,,,,,,,,,,,,,37.0,True,0.0,100.0,True,migraine without aura (MwoA),True,significant improvement compared with baseline (P < 0.01),not_reported,not_reported,<0.001 (vs baseline)
34122321,arm_MwoA,verum_acupuncture,"MSQ score, restrictive subscale",quality_of_life,Migraine-Specific Quality of Life Questionnaire (MSQ),"Follow-up, 7–10",followup,mean ± SD,78.61 (13.38),regex,mean_sd,78.61,13.38,,,,,,,,,,,,,37.0,True,0.0,100.0,True,migraine without aura (MwoA),True,significantly lower than baseline,not_reported,not_reported,<0.001 (vs baseline); >0.05 (vs treatment)
34122321,arm_MwoA,verum_acupuncture,"MSQ score, restrictive subscale",quality_of_life,Migraine-Specific Quality of Life Questionnaire (MSQ),"Follow-up, 11–18",followup,mean ± SD,78.07 (12.90),regex,mean_sd,78.07,12.9,,,,,,,,,,,,,37.0,True,0.0,100.0,True,migraine without aura (MwoA),True,significantly lower than baseline,not_reported,not_reported,<0.001 (vs baseline); >0.05 (vs treatment)
34122321,arm_MwoA,verum_acupuncture,"MSQ score, restrictive subscale",quality_of_life,Migraine-Specific Quality of Life Questionnaire (MSQ),"Follow-up, 19–30",followup,mean ± SD,74.29 (14.00),regex,mean_sd,74.29,14.0,,,,,,,,,,,,,37.0,True,0.0,100.0,True,migraine without aura (MwoA),True,significantly lower than baseline,not_reported,not_reported,<0.001 (vs baseline); >0.05 (vs treatment)
34122321,arm_MwoA,verum_acupuncture,"MSQ score, preventive subscale",quality_of_life,Migraine-Specific Quality of Life Questionnaire (MSQ),"Baseline, −4–0",baseline,mean ± SD,61.49 (20.91),regex,mean_sd,61.49,20.91,,,,,,,,,,,,,37.0,True,0.0,100.0,True,migraine without aura (MwoA),True,not_reported,not_reported,not_reported,<0.001 (overall ANOVA across periods)
34122321,arm_MwoA,verum_acupuncture,"MSQ score, preventive subscale",quality_of_life,Migraine-Specific Quality of Life Questionnaire (MSQ),"Treatment, 1–6",other,mean ± SD,83.38 (14.96),regex,mean_sd,83.38,14.96,,,,,,,,,,,,,37.0,True,0.0,100.0,True,migraine without aura (MwoA),True,significant improvement compared with baseline (P < 0.01),not_reported,not_reported,<0.001 (vs baseline)
34122321,arm_MwoA,verum_acupuncture,"MSQ score, preventive subscale",quality_of_life,Migraine-Specific Quality of Life Questionnaire (MSQ),"Follow-up, 7–10",followup,mean ± SD,85.68 (13.75),regex,mean_sd,85.68,13.75,,,,,,,,,,,,,37.0,True,0.0,100.0,True,migraine without aura (MwoA),True,significantly lower than baseline,not_reported,not_reported,<0.001 (vs baseline); >0.05 (vs treatment)
34122321,arm_MwoA,verum_acupuncture,"MSQ score, preventive subscale",quality_of_life,Migraine-Specific Quality of Life Questionnaire (MSQ),"Follow-up, 11–18",followup,mean ± SD,85.27 (11.30),regex,mean_sd,85.27,11.3,,,,,,,,,,,,,37.0,True,0.0,100.0,True,migraine without aura (MwoA),True,significantly lower than baseline,not_reported,not_reported,<0.001 (vs baseline); >0.05 (vs treatment)
34122321,arm_MwoA,verum_acupuncture,"MSQ score, preventive subscale",quality_of_life,Migraine-Specific Quality of Life Questionnaire (MSQ),"Follow-up, 19–30",followup,mean ± SD,80.00 (12.83),regex,mean_sd,80.0,12.83,,,,,,,,,,,,,37.0,True,0.0,100.0,True,migraine without aura (MwoA),True,significantly lower than baseline,not_reported,not_reported,<0.001 (vs baseline); >0.05 (vs treatment)
34122321,arm_MwoA,verum_acupuncture,"MSQ score, emotional functional subscale",quality_of_life,Migraine-Specific Quality of Life Questionnaire (MSQ),"Baseline, −4–0",baseline,mean ± SD,62.52 (23.06),regex,mean_sd,62.52,23.06,,,,,,,,,,,,,37.0,True,0.0,100.0,True,migraine without aura (MwoA),True,not_reported,not_reported,not_reported,<0.001 (overall ANOVA across periods)
34122321,arm_MwoA,verum_acupuncture,"MSQ score, emotional functional subscale",quality_of_life,Migraine-Specific Quality of Life Questionnaire (MSQ),"Treatment, 1–6",other,mean ± SD,83.42 (15.53),regex,mean_sd,83.42,15.53,,,,,,,,,,,,,37.0,True,0.0,100.0,True,migraine without aura (MwoA),True,significant improvement compared with baseline (P < 0.01),not_reported,not_reported,<0.001 (vs baseline)
34122321,arm_MwoA,verum_acupuncture,"MSQ score, emotional functional subscale",quality_of_life,Migraine-Specific Quality of Life Questionnaire (MSQ),"Follow-up, 7–10",followup,mean ± SD,84.32 (14.42),regex,mean_sd,84.32,14.42,,,,,,,,,,,,,37.0,True,0.0,100.0,True,migraine without aura (MwoA),True,significantly lower than baseline,not_reported,not_reported,<0.001 (vs baseline); >0.05 (vs treatment)
34122321,arm_MwoA,verum_acupuncture,"MSQ score, emotional functional subscale",quality_of_life,Migraine-Specific Quality of Life Questionnaire (MSQ),"Follow-up, 11–18",followup,mean ± SD,84.50 (13.25),regex,mean_sd,84.5,13.25,,,,,,,,,,,,,37.0,True,0.0,100.0,True,migraine without aura (MwoA),True,significantly lower than baseline,not_reported,not_reported,<0.001 (vs baseline); >0.05 (vs treatment)
34122321,arm_MwoA,verum_acupuncture,"MSQ score, emotional functional subscale",quality_of_life,Migraine-Specific Quality of Life Questionnaire (MSQ),"Follow-up, 19–30",followup,mean ± SD,83.70 (11.70),regex,mean_sd,83.7,11.7,,,,,,,,,,,,,37.0,True,0.0,100.0,True,migraine without aura (MwoA),True,significantly lower than baseline,not_reported,not_reported,<0.001 (vs baseline); >0.05 (vs treatment)
34122321,arm_MwoA,verum_acupuncture,SAS score,mood,Self-Rating Anxiety Scale (SAS),"Baseline, −4–0",baseline,mean ± SD,43.76 (9.33),regex,mean_sd,43.76,9.33,,,,,,,,,,,,,37.0,False,20.0,80.0,True,migraine without aura (MwoA),True,not_reported,not_reported,not_reported,<0.001 (overall ANOVA across periods)
34122321,arm_MwoA,verum_acupuncture,SAS score,mood,Self-Rating Anxiety Scale (SAS),"Treatment, 1–6",other,mean ± SD,39.73 (8.84),regex,mean_sd,39.73,8.84,,,,,,,,,,,,,37.0,False,20.0,80.0,True,migraine without aura (MwoA),True,significantly improved compared with baseline (P < 0.05),not_reported,not_reported,<0.001 (vs baseline)
34122321,arm_MwoA,verum_acupuncture,SAS score,mood,Self-Rating Anxiety Scale (SAS),"Follow-up, 7–10",followup,mean ± SD,39.46 (8.24),regex,mean_sd,39.46,8.24,,,,,,,,,,,,,37.0,False,20.0,80.0,True,migraine without aura (MwoA),True,significantly lower than baseline,not_reported,not_reported,<0.001 (vs baseline); >0.05 (vs treatment)
34122321,arm_MwoA,verum_acupuncture,SAS score,mood,Self-Rating Anxiety Scale (SAS),"Follow-up, 11–18",followup,mean ± SD,39.49 (8.51),regex,mean_sd,39.49,8.51,,,,,,,,,,,,,37.0,False,20.0,80.0,True,migraine without aura (MwoA),True,significantly lower than baseline,not_reported,not_reported,<0.001 (vs baseline); >0.05 (vs treatment)
34122321,arm_MwoA,verum_acupuncture,SAS score,mood,Self-Rating Anxiety Scale (SAS),"Follow-up, 19–30",followup,mean ± SD,40.97 (7.98),regex,mean_sd,40.97,7.98,,,,,,,,,,,,,37.0,False,20.0,80.0,True,migraine without aura (MwoA),True,significantly lower than baseline,not_reported,not_reported,<0.001 (vs baseline); >0.05 (vs treatment)
34122321,arm_MwoA,verum_acupuncture,SDS score,mood,Self-Rating Depression Scale (SDS),"Baseline, −4–0",baseline,mean ± SD,47.38 (9.80),regex,mean_sd,47.38,9.8,,,,,,,,,,,,,37.0,False,20.0,80.0,True,migraine without aura (MwoA),True,not_reported,not_reported,not_reported,<0.001 (overall ANOVA across periods)
34122321,arm_MwoA,verum_acupuncture,SDS score,mood,Self-Rating Depression Scale (SDS),"Treatment, 1–6",other,mean ± SD,40.38 (10.61),regex,mean_sd,40.38,10.61,,,,,,,,,,,,,37.0,False,20.0,80.0,True,migraine without aura (MwoA),True,significantly improved compared with baseline (P < 0.05),not_reported,not_reported,<0.001 (vs baseline)
34122321,arm_MwoA,verum_acupuncture,SDS score,mood,Self-Rating Depression Scale (SDS),"Follow-up, 7–10",followup,mean ± SD,41.03 (11.40),regex,mean_sd,41.03,11.4,,,,,,,,,,,,,37.0,False,20.0,80.0,True,migraine without aura (MwoA),True,significantly lower than baseline,not_reported,not_reported,<0.001 (vs baseline); >0.05 (vs treatment)
34122321,arm_MwoA,verum_acupuncture,SDS score,mood,Self-Rating Depression Scale (SDS),"Follow-up, 11–18",followup,mean ± SD,39.89 (11.03),regex,mean_sd,39.89,11.03,,,,,,,,,,,,,37.0,False,20.0,80.0,True,migraine without aura (MwoA),True,significantly lower than baseline,not_reported,not_reported,<0.001 (vs baseline); >0.05 (vs treatment)
34122321,arm_MwoA,verum_acupuncture,SDS score,mood,Self-Rating Depression Scale (SDS),"Follow-up, 19–30",followup,mean ± SD,42.70 (9.62),regex,mean_sd,42.7,9.62,,,,,,,,,,,,,37.0,False,20.0,80.0,True,migraine without aura (MwoA),True,significantly lower than baseline,not_reported,not_reported,<0.001 (vs baseline); >0.05 (vs treatment)
34431029,arm_CG,waitlist,PHQ-9 score,symptom_severity,Patient Health Questionnaire (PHQ-9),Baseline,baseline,mean (95% CI),14.5 (12.1 to 16.8),unparseable,,,,,,,,,,,,,,,,20.0,False,0.0,27.0,True,Depression (DSM-V criteria),False,not_reported,-1.3 (-0.2 to 0.7),0.3,p = 0.35 (between group); p < 0.0001 (within group vs baseline)
34431029,arm_TG,verum_acupuncture,PHQ-9 score,symptom_severity,Patient Health Questionnaire (PHQ-9),Baseline,baseline,mean (95% CI),15.8 (14.3 to 17.3),unparseable,,,,,,,,,,,,,,,,40.0,False,0.0,27.0,True,Depression (DSM-V criteria),False,not_reported,-1.3 (-0.2 to 0.7),0.3,p = 0.35 (between group); p < 0.0001 (within group vs baseline)
34431029,arm_CG,waitlist,PHQ-9 score,symptom_severity,Patient Health Questionnaire (PHQ-9),Week 1,other,mean (95% CI),14.7 (12.3 to 17.1),unparseable,,,,,,,,,,,,,,,,20.0,False,0.0,27.0,True,Depression (DSM-V criteria),False,not_reported,3.6 (-1.1 to -0.1),-0.6,p = 0.33 (between group); p < 0.0001 (within group vs baseline)
34431029,arm_TG,verum_acupuncture,PHQ-9 score,symptom_severity,Patient Health Questionnaire (PHQ-9),Week 1,other,mean (95% CI),11.1 (9.6 to 12.6),unparseable,,,,,,,,,,,,,,,,40.0,False,0.0,27.0,True,Depression (DSM-V criteria),False,not_reported,3.6 (-1.1 to -0.1),-0.6,p = 0.33 (between group); p < 0.0001 (within group vs baseline)
34431029,arm_CG,waitlist,PHQ-9 score,symptom_severity,Patient Health Questionnaire (PHQ-9),Week 2,other,mean (95% CI),12.2 (9.8 to 14.5),unparseable,,,,,,,,,,,,,,,,20.0,False,0.0,27.0,True,Depression (DSM-V criteria),False,not_reported,2.1 (-0.8 to 0.1),-0.4,p = 0.01 (between group); p < 0.0001 (within group vs baseline)
34431029,arm_TG,verum_acupuncture,PHQ-9 score,symptom_severity,Patient Health Questionnaire (PHQ-9),Week 2,other,mean (95% CI),10.1 (8.6 to 11.6),unparseable,,,,,,,,,,,,,,,,40.0,False,0.0,27.0,True,Depression (DSM-V criteria),False,not_reported,2.1 (-0.8 to 0.1),-0.4,p = 0.01 (between group); p < 0.0001 (within group vs baseline)
34431029,arm_CG,waitlist,PHQ-9 score,symptom_severity,Patient Health Questionnaire (PHQ-9),Week 3,other,mean (95% CI),11.7 (9.3 to 14.0),unparseable,,,,,,,,,,,,,,,,20.0,False,0.0,27.0,True,Depression (DSM-V criteria),False,not_reported,3 (-1.0 to 0.03),-0.5,p = 0.04 (between group); p < 0.0001 (within group vs baseline)
34431029,arm_TG,verum_acupuncture,PHQ-9 score,symptom_severity,Patient Health Questionnaire (PHQ-9),Week 3,other,mean (95% CI),8.7 (14.3 to 17.3),unparseable,,,,,,,,,,,,,,,,40.0,False,0.0,27.0,True,Depression (DSM-V criteria),False,not_reported,3 (-1.0 to 0.03),-0.5,p = 0.04 (between group); p < 0.0001 (within group vs baseline)
34431029,arm_CG,waitlist,HAMD-17 score,symptom_severity,17-item Hamilton Depression Rating Scale (HAMD-17),Baseline,baseline,mean ± SD,21.9 ± 5.7,regex,mean_sd,21.9,5.7,,,,,,,,,,,,,20.0,False,0.0,52.0,True,Depression (DSM-V criteria),False,not_reported,0.02 (-0.5 to 0.5),0.003,p = 0.991
34431029,arm_TG,verum_acupuncture,HAMD-17 score,symptom_severity,17-item Hamilton Depression Rating Scale (HAMD-17),Baseline,baseline,mean ± SD,21.92 ± 6.97,regex,mean_sd,21.92,6.97,,,,,,,,,,,,,40.0,False,0.0,52.0,True,Depression (DSM-V criteria),False,not_reported,0.02 (-0.5 to 0.5),0.003,p = 0.991
34431029,arm_CG,waitlist,HAMD-17 score,symptom_severity,17-item Hamilton Depression Rating Scale (HAMD-17),Week 3,other,mean ± SD,18.4 ± 5.5,regex,mean_sd,18.4,5.5,,,,,,,,,,,,,20.0,False,0.0,52.0,True,Depression (DSM-V criteria),False,not_reported,3.8 (-1.1 to -0.1),-0.61,p = 0.015
34431029,arm_TG,verum_acupuncture,HAMD-17 score,symptom_severity,17-item Hamilton Depression Rating Scale (HAMD-17),Week 3,other,mean ± SD,14.6 ± 6.6,regex,mean_sd,14.6,6.6,,,,,,,,,,,,,40.0,False,0.0,52.0,True,Depression (DSM-V criteria),False,not_reported,3.8 (-1.1 to -0.1),-0.61,p = 0.015
34483822,arm_acupuncture,verum_acupuncture,Acupuncture behavioral deqi index,sensory,Massachusetts General Hospital Acupuncture Sensation Scale (MASS) / visual analog scale (VAS),Immediately after the experiment (post-stimulation behavioral testing),other,mean ± SEM,not_reported (see Figure 3),unparseable,,,,,,,,,,,,,,,,17.0,False,0.0,10.0,True,Healthy volunteers,True,not_reported,"Acupuncture manipulation deqi index significantly larger than pre-manipulation tactile control (**p < 0.01, statistical power >0.95) and post-manipulation tactile control (**p < 0.01, statistical power >0.95); no significant difference between pre-manipulation tactile control and post-manipulation tactile control (n.s.)",not_reported,**p < 0.01 (acupuncture vs. each tactile control); n.s. (pre-tactile vs. post-tactile)
34671239,TA,verum_acupuncture,Zung self-rating anxiety scale (SAS),mood,Zung self-rating anxiety scale (SAS),Baseline,baseline,mean ± SD,49.95 ± 10.82,regex,mean_sd,49.95,10.82,,,,,,,,,,,,,24.0,False,20.0,80.0,True,Menstrual migraine without aura (MMoA),False,not_reported,p = 0.998 (vs. SA at baseline),not_reported,0.998
34671239,TA,verum_acupuncture,Zung self-rating anxiety scale (SAS),mood,Zung self-rating anxiety scale (SAS),4 weeks,other,mean ± SD,45.29 ± 7.97,regex,mean_sd,45.29,7.97,,,,,,,,,,,,,24.0,False,20.0,80.0,True,Menstrual migraine without aura (MMoA),False,not_reported,p = 0.639 (vs. SA),not_reported,0.639
34671239,TA,verum_acupuncture,Zung self-rating anxiety scale (SAS),mood,Zung self-rating anxiety scale (SAS),8 weeks,other,mean ± SD,42.52 ± 6.94,regex,mean_sd,42.52,6.94,,,,,,,,,,,,,24.0,False,20.0,80.0,True,Menstrual migraine without aura (MMoA),False,not_reported,p = 0.639 (vs. SA),not_reported,0.639
34671239,TA,verum_acupuncture,Zung self-rating anxiety scale (SAS),mood,Zung self-rating anxiety scale (SAS),12 weeks,other,mean ± SD,42.81 ± 8.28,regex,mean_sd,42.81,8.28,,,,,,,,,,,,,24.0,False,20.0,80.0,True,Menstrual migraine without aura (MMoA),False,Significant decrease from baseline; p < 0.001 (paired-t test within TA group),p = 0.460 (vs. SA at 12 weeks),not_reported,pa < 0.001 (within-group); pb = 0.460 (between-group at 12 weeks)
34671239,SA,sham_acupuncture,Zung self-rating anxiety scale (SAS),mood,Zung self-rating anxiety scale (SAS),Baseline,baseline,mean ± SD,49.96 ± 10.72,regex,mean_sd,49.96,10.72,,,,,,,,,,,,,20.0,False,20.0,80.0,True,Menstrual migraine without aura (MMoA),False,not_reported,p = 0.998 (vs. TA at baseline),not_reported,0.998
34671239,SA,sham_acupuncture,Zung self-rating anxiety scale (SAS),mood,Zung self-rating anxiety scale (SAS),4 weeks,other,mean ± SD,46.68 ± 11.92,regex,mean_sd,46.68,11.92,,,,,,,,,,,,,20.0,False,20.0,80.0,True,Menstrual migraine without aura (MMoA),False,not_reported,p = 0.639 (vs. TA),not_reported,0.639
34671239,SA,sham_acupuncture,Zung self-rating anxiety scale (SAS),mood,Zung self-rating anxiety scale (SAS),8 weeks,other,mean ± SD,45.64 ± 10.19,regex,mean_sd,45.64,10.19,,,,,,,,,,,,,20.0,False,20.0,80.0,True,Menstrual migraine without aura (MMoA),False,not_reported,p = 0.639 (vs. TA),not_reported,0.639
34671239,SA,sham_acupuncture,Zung self-rating anxiety scale (SAS),mood,Zung self-rating anxiety scale (SAS),12 weeks,other,mean ± SD,45.16 ± 12.28,regex,mean_sd,45.16,12.28,,,,,,,,,,,,,20.0,False,20.0,80.0,True,Menstrual migraine without aura (MMoA),False,Significant decrease from baseline; p = 0.016 (paired-t test within SA group),p = 0.460 (vs. TA at 12 weeks),not_reported,pa = 0.016 (within-group); pb = 0.460 (between-group at 12 weeks)
34671239,TA,verum_acupuncture,Zung self-rating depression scale (SDS),mood,Zung self-rating depression scale (SDS),Baseline,baseline,mean ± SD,51.19 ± 12.32,regex,mean_sd,51.19,12.32,,,,,,,,,,,,,24.0,False,20.0,80.0,True,Menstrual migraine without aura (MMoA),False,not_reported,p = 0.826 (vs. SA at baseline),not_reported,0.826
34671239,TA,verum_acupuncture,Zung self-rating depression scale (SDS),mood,Zung self-rating depression scale (SDS),4 weeks,other,mean ± SD,48.19 ± 11.90,regex,mean_sd,48.19,11.9,,,,,,,,,,,,,24.0,False,20.0,80.0,True,Menstrual migraine without aura (MMoA),False,not_reported,p = 0.990 (vs. SA),not_reported,0.990
34671239,TA,verum_acupuncture,Zung self-rating depression scale (SDS),mood,Zung self-rating depression scale (SDS),8 weeks,other,mean ± SD,46.09 ± 12.14,regex,mean_sd,46.09,12.14,,,,,,,,,,,,,24.0,False,20.0,80.0,True,Menstrual migraine without aura (MMoA),False,not_reported,p = 0.778 (vs. SA),not_reported,0.778
34671239,TA,verum_acupuncture,Zung self-rating depression scale (SDS),mood,Zung self-rating depression scale (SDS),12 weeks,other,mean ± SD,44.29 ± 12.57,regex,mean_sd,44.29,12.57,,,,,,,,,,,,,24.0,False,20.0,80.0,True,Menstrual migraine without aura (MMoA),False,Significant decrease from baseline; p = 0.003 (paired-t test within TA group),p = 0.591 (vs. SA at 12 weeks),not_reported,pa = 0.003 (within-group); pb = 0.591 (between-group at 12 weeks)
34671239,SA,sham_acupuncture,Zung self-rating depression scale (SDS),mood,Zung self-rating depression scale (SDS),Baseline,baseline,mean ± SD,50.36 ± 12.92,regex,mean_sd,50.36,12.92,,,,,,,,,,,,,20.0,False,20.0,80.0,True,Menstrual migraine without aura (MMoA),False,not_reported,p = 0.826 (vs. TA at baseline),not_reported,0.826
34671239,SA,sham_acupuncture,Zung self-rating depression scale (SDS),mood,Zung self-rating depression scale (SDS),4 weeks,other,mean ± SD,48.24 ± 14.11,regex,mean_sd,48.24,14.11,,,,,,,,,,,,,20.0,False,20.0,80.0,True,Menstrual migraine without aura (MMoA),False,not_reported,p = 0.990 (vs. TA),not_reported,0.990
34671239,SA,sham_acupuncture,Zung self-rating depression scale (SDS),mood,Zung self-rating depression scale (SDS),8 weeks,other,mean ± SD,47.04 ± 10.45,regex,mean_sd,47.04,10.45,,,,,,,,,,,,,20.0,False,20.0,80.0,True,Menstrual migraine without aura (MMoA),False,not_reported,p = 0.778 (vs. TA),not_reported,0.778
34671239,SA,sham_acupuncture,Zung self-rating depression scale (SDS),mood,Zung self-rating depression scale (SDS),12 weeks,other,mean ± SD,46.20 ± 11.41,regex,mean_sd,46.2,11.41,,,,,,,,,,,,,20.0,False,20.0,80.0,True,Menstrual migraine without aura (MMoA),False,Significant decrease from baseline; p = 0.005 (paired-t test within SA group),p = 0.591 (vs. TA at 12 weeks),not_reported,pa = 0.005 (within-group); pb = 0.591 (between-group at 12 weeks)
34671239,TA,verum_acupuncture,Frequency of migraine attacks (times),symptom_severity,Headache diary (frequency defined as the number of migraine separated by pain free intervals of at least 48 h),Baseline,baseline,mean ± SD,3.76 ± 2.35,regex,mean_sd,3.76,2.35,,,,,,,,,,,,,24.0,False,,,True,Menstrual migraine without aura (MMoA),False,not_reported,p = 0.436 (vs. SA at baseline),not_reported,0.436
34671239,TA,verum_acupuncture,Frequency of migraine attacks (times),symptom_severity,Headache diary,4 weeks,other,mean ± SD,3.44 ± 2.18,regex,mean_sd,3.44,2.18,,,,,,,,,,,,,24.0,False,,,True,Menstrual migraine without aura (MMoA),False,not_reported,p = 0.085 (vs. SA),not_reported,0.085
34671239,TA,verum_acupuncture,Frequency of migraine attacks (times),symptom_severity,Headache diary,8 weeks,other,mean ± SD,3.00 ± 2.04,regex,mean_sd,3.0,2.04,,,,,,,,,,,,,24.0,False,,,True,Menstrual migraine without aura (MMoA),False,not_reported,p = 0.424 (vs. SA),not_reported,0.424
34671239,TA,verum_acupuncture,Frequency of migraine attacks (times),symptom_severity,Headache diary,12 weeks,other,mean ± SD,2.64 ± 2.89,regex,mean_sd,2.64,2.89,,,,,,,,,,,,,24.0,False,,,True,Menstrual migraine without aura (MMoA),False,Significant decrease from baseline; p = 0.025 (paired-t test within TA group),p = 0.378 (vs. SA at 12 weeks),not_reported,pa = 0.025 (within-group); pb = 0.378 (between-group at 12 weeks)
34671239,SA,sham_acupuncture,Frequency of migraine attacks (times),symptom_severity,Headache diary,Baseline,baseline,mean ± SD,3.29 ± 1.59,regex,mean_sd,3.29,1.59,,,,,,,,,,,,,20.0,False,,,True,Menstrual migraine without aura (MMoA),False,not_reported,p = 0.436 (vs. TA at baseline),not_reported,0.436
34671239,SA,sham_acupuncture,Frequency of migraine attacks (times),symptom_severity,Headache diary,4 weeks,other,mean ± SD,4.95 ± 3.58,regex,mean_sd,4.95,3.58,,,,,,,,,,,,,20.0,False,,,True,Menstrual migraine without aura (MMoA),False,not_reported,p = 0.085 (vs. TA),not_reported,0.085
34671239,SA,sham_acupuncture,Frequency of migraine attacks (times),symptom_severity,Headache diary,8 weeks,other,mean ± SD,3.62 ± 3.12,regex,mean_sd,3.62,3.12,,,,,,,,,,,,,20.0,False,,,True,Menstrual migraine without aura (MMoA),False,not_reported,p = 0.424 (vs. TA),not_reported,0.424
34671239,SA,sham_acupuncture,Frequency of migraine attacks (times),symptom_severity,Headache diary,12 weeks,other,mean ± SD,3.29 ± 1.77,regex,mean_sd,3.29,1.77,,,,,,,,,,,,,20.0,False,,,True,Menstrual migraine without aura (MMoA),False,Not significant; p = 0.149 (paired-t test within SA group),p = 0.378 (vs. TA at 12 weeks),not_reported,pa = 0.149 (within-group); pb = 0.378 (between-group at 12 weeks)
34671239,TA,verum_acupuncture,VAS score,pain,Visual analog scale (VAS) score of 0-10,Baseline,baseline,mean ± SD,6.40 ± 1.55,regex,mean_sd,6.4,1.55,,,,,,,,,,,,,24.0,False,0.0,10.0,True,Menstrual migraine without aura (MMoA),False,not_reported,p = 0.095 (vs. SA at baseline),not_reported,0.095
34671239,TA,verum_acupuncture,VAS score,pain,Visual analog scale (VAS),4 weeks,other,mean ± SD,5.44 ± 1.63,regex,mean_sd,5.44,1.63,,,,,,,,,,,,,24.0,False,0.0,10.0,True,Menstrual migraine without aura (MMoA),False,not_reported,p = 0.266 (vs. SA),not_reported,0.266
34671239,TA,verum_acupuncture,VAS score,pain,Visual analog scale (VAS),8 weeks,other,mean ± SD,4.52 ± 2.38,regex,mean_sd,4.52,2.38,,,,,,,,,,,,,24.0,False,0.0,10.0,True,Menstrual migraine without aura (MMoA),False,not_reported,p = 0.480 (vs. SA),not_reported,0.480
34671239,TA,verum_acupuncture,VAS score,pain,Visual analog scale (VAS),12 weeks,other,mean ± SD,3.16 ± 2.24,regex,mean_sd,3.16,2.24,,,,,,,,,,,,,24.0,False,0.0,10.0,True,Menstrual migraine without aura (MMoA),False,Significant decrease from baseline; p < 0.001 (paired-t test within TA group),p = 0.782 (vs. SA at 12 weeks),not_reported,pa < 0.001 (within-group); pb = 0.782 (between-group at 12 weeks)
34671239,SA,sham_acupuncture,VAS score,pain,Visual analog scale (VAS) score of 0-10,Baseline,baseline,mean ± SD,5.60 ± 1.57,regex,mean_sd,5.6,1.57,,,,,,,,,,,,,20.0,False,0.0,10.0,True,Menstrual migraine without aura (MMoA),False,not_reported,p = 0.095 (vs. TA at baseline),not_reported,0.095
34671239,SA,sham_acupuncture,VAS score,pain,Visual analog scale (VAS),4 weeks,other,mean ± SD,4.81 ± 2.16,regex,mean_sd,4.81,2.16,,,,,,,,,,,,,20.0,False,0.0,10.0,True,Menstrual migraine without aura (MMoA),False,not_reported,p = 0.266 (vs. TA),not_reported,0.266
34671239,SA,sham_acupuncture,VAS score,pain,Visual analog scale (VAS),8 weeks,other,mean ± SD,4.05 ± 2.06,regex,mean_sd,4.05,2.06,,,,,,,,,,,,,20.0,False,0.0,10.0,True,Menstrual migraine without aura (MMoA),False,not_reported,p = 0.480 (vs. TA),not_reported,0.480
34671239,SA,sham_acupuncture,VAS score,pain,Visual analog scale (VAS),12 weeks,other,mean ± SD,3.33 ± 1.90#,regex,mean_sd,3.33,1.9,,,,,,,,,,,,,20.0,False,0.0,10.0,True,Menstrual migraine without aura (MMoA),False,Significant decrease from baseline; p < 0.001 (paired-t test within SA group),p = 0.782 (vs. TA at 12 weeks),not_reported,pa < 0.001 (within-group); pb = 0.782 (between-group at 12 weeks)
34671239,TA,verum_acupuncture,Intensity of the migraine,pain,Intensity of migraines on a scale of 0-3,Baseline,baseline,mean ± SD,2.00 ± 0.54,regex,mean_sd,2.0,0.54,,,,,,,,,,,,,24.0,False,0.0,3.0,True,Menstrual migraine without aura (MMoA),False,not_reported,p = 0.829 (vs. SA at baseline),not_reported,0.829
34671239,TA,verum_acupuncture,Intensity of the migraine,pain,Intensity of migraines on a scale of 0-3,4 weeks,other,mean ± SD,1.43 ± 0.926,regex,mean_sd,1.43,0.926,,,,,,,,,,,,,24.0,False,0.0,3.0,True,Menstrual migraine without aura (MMoA),False,not_reported,p = 0.019 (vs. SA),not_reported,0.019
34671239,TA,verum_acupuncture,Intensity of the migraine,pain,Intensity of migraines on a scale of 0-3,8 weeks,other,mean ± SD,1.38 ± 0.740,regex,mean_sd,1.38,0.74,,,,,,,,,,,,,24.0,False,0.0,3.0,True,Menstrual migraine without aura (MMoA),False,not_reported,p = 0.330 (vs. SA),not_reported,0.330
34671239,TA,verum_acupuncture,Intensity of the migraine,pain,Intensity of migraines on a scale of 0-3,12 weeks,other,mean ± SD,1.38 ± 0.669,regex,mean_sd,1.38,0.669,,,,,,,,,,,,,24.0,False,0.0,3.0,True,Menstrual migraine without aura (MMoA),False,Significant decrease from baseline; p = 0.006 (paired-t test within TA group),p = 0.367 (vs. SA at 12 weeks),not_reported,pa = 0.006 (within-group); pb = 0.367 (between-group at 12 weeks)
34671239,SA,sham_acupuncture,Intensity of the migraine,pain,Intensity of migraines on a scale of 0-3,Baseline,baseline,mean ± SD,2.04 ± 0.67,regex,mean_sd,2.04,0.67,,,,,,,,,,,,,20.0,False,0.0,3.0,True,Menstrual migraine without aura (MMoA),False,not_reported,p = 0.829 (vs. TA at baseline),not_reported,0.829
34671239,SA,sham_acupuncture,Intensity of the migraine,pain,Intensity of migraines on a scale of 0-3,4 weeks,other,mean ± SD,1.96 ± 0.539,regex,mean_sd,1.96,0.539,,,,,,,,,,,,,20.0,False,0.0,3.0,True,Menstrual migraine without aura (MMoA),False,not_reported,p = 0.019 (vs. TA),not_reported,0.019
34671239,SA,sham_acupuncture,Intensity of the migraine,pain,Intensity of migraines on a scale of 0-3,8 weeks,other,mean ± SD,1.64 ± 0.995,regex,mean_sd,1.64,0.995,,,,,,,,,,,,,20.0,False,0.0,3.0,True,Menstrual migraine without aura (MMoA),False,not_reported,p = 0.330 (vs. TA),not_reported,0.330
34671239,SA,sham_acupuncture,Intensity of the migraine,pain,Intensity of migraines on a scale of 0-3,12 weeks,other,mean ± SD,1.60 ± 0.913,regex,mean_sd,1.6,0.913,,,,,,,,,,,,,20.0,False,0.0,3.0,True,Menstrual migraine without aura (MMoA),False,Significant decrease from baseline; p = 0.019 (paired-t test within SA group),p = 0.367 (vs. TA at 12 weeks),not_reported,pa = 0.019 (within-group); pb = 0.367 (between-group at 12 weeks)
34720908,arm_IBSD,verum_acupuncture,IBS-SSS (total),symptom_severity,Irritable Bowel Syndrome Symptom Severity Score (IBS-SSS),Before acupuncture,baseline,mean ± SD,250.26 ± 88.84,regex,mean_sd,250.26,88.84,,,,,,,,,,,,,42.0,False,,,True,Diarrhea-Predominant Irritable Bowel Syndrome (IBS-D),True,not_reported,not_reported,not_reported,0.00
34720908,arm_IBSD,verum_acupuncture,IBS-SSS (total),symptom_severity,Irritable Bowel Syndrome Symptom Severity Score (IBS-SSS),After acupuncture,post,mean ± SD,121.95 ± 62.88,regex,mean_sd,121.95,62.88,,,,,,,,,,,,,42.0,False,,,True,Diarrhea-Predominant Irritable Bowel Syndrome (IBS-D),True,not_reported,not_reported,not_reported,0.00
34720908,arm_IBSD,verum_acupuncture,The degree of abdominal pain,symptom_severity,IBS-SSS subscale,Before acupuncture,baseline,mean ± SD,42.82 ± 27.16,regex,mean_sd,42.82,27.16,,,,,,,,,,,,,42.0,False,0.0,500.0,True,Diarrhea-Predominant Irritable Bowel Syndrome (IBS-D),True,not_reported,not_reported,not_reported,0.00
34720908,arm_IBSD,verum_acupuncture,The degree of abdominal pain,symptom_severity,IBS-SSS subscale,After acupuncture,post,mean ± SD,18.85 ± 17.82,regex,mean_sd,18.85,17.82,,,,,,,,,,,,,42.0,False,0.0,500.0,True,Diarrhea-Predominant Irritable Bowel Syndrome (IBS-D),True,not_reported,not_reported,not_reported,0.00
34720908,arm_IBSD,verum_acupuncture,Abdominal pain days,symptom_severity,IBS-SSS subscale,Before acupuncture,baseline,mean ± SD,45.90 ± 33.30,regex,mean_sd,45.9,33.3,,,,,,,,,,,,,42.0,False,0.0,500.0,True,Diarrhea-Predominant Irritable Bowel Syndrome (IBS-D),True,not_reported,not_reported,not_reported,0.00
34720908,arm_IBSD,verum_acupuncture,Abdominal pain days,symptom_severity,IBS-SSS subscale,After acupuncture,post,mean ± SD,19.49 ± 18.77,regex,mean_sd,19.49,18.77,,,,,,,,,,,,,42.0,False,0.0,500.0,True,Diarrhea-Predominant Irritable Bowel Syndrome (IBS-D),True,not_reported,not_reported,not_reported,0.00
34720908,arm_IBSD,verum_acupuncture,The degree of abdominal distension,symptom_severity,IBS-SSS subscale,Before acupuncture,baseline,mean ± SD,26.92 ± 26.70,regex,mean_sd,26.92,26.7,,,,,,,,,,,,,42.0,False,0.0,500.0,True,Diarrhea-Predominant Irritable Bowel Syndrome (IBS-D),True,not_reported,not_reported,not_reported,0.00
34720908,arm_IBSD,verum_acupuncture,The degree of abdominal distension,symptom_severity,IBS-SSS subscale,After acupuncture,post,mean ± SD,9.23 ± 13.35,regex,mean_sd,9.23,13.35,,,,,,,,,,,,,42.0,False,0.0,500.0,True,Diarrhea-Predominant Irritable Bowel Syndrome (IBS-D),True,not_reported,not_reported,not_reported,0.00
34720908,arm_IBSD,verum_acupuncture,Satisfaction with bowel movements,symptom_severity,IBS-SSS subscale,Before acupuncture,baseline,mean ± SD,67.95 ± 20.38,regex,mean_sd,67.95,20.38,,,,,,,,,,,,,42.0,False,0.0,500.0,True,Diarrhea-Predominant Irritable Bowel Syndrome (IBS-D),True,not_reported,not_reported,not_reported,0.00
34720908,arm_IBSD,verum_acupuncture,Satisfaction with bowel movements,symptom_severity,IBS-SSS subscale,After acupuncture,post,mean ± SD,37.41 ± 18.22,regex,mean_sd,37.41,18.22,,,,,,,,,,,,,42.0,False,0.0,500.0,True,Diarrhea-Predominant Irritable Bowel Syndrome (IBS-D),True,not_reported,not_reported,not_reported,0.00
34720908,arm_IBSD,verum_acupuncture,Life influence degree,quality_of_life,IBS-SSS subscale,Before acupuncture,baseline,mean ± SD,65.00 ± 23.51,regex,mean_sd,65.0,23.51,,,,,,,,,,,,,42.0,False,0.0,500.0,True,Diarrhea-Predominant Irritable Bowel Syndrome (IBS-D),True,not_reported,not_reported,not_reported,0.00
34720908,arm_IBSD,verum_acupuncture,Life influence degree,quality_of_life,IBS-SSS subscale,After acupuncture,post,mean ± SD,36.72 ± 19.43,regex,mean_sd,36.72,19.43,,,,,,,,,,,,,42.0,False,0.0,500.0,True,Diarrhea-Predominant Irritable Bowel Syndrome (IBS-D),True,not_reported,not_reported,not_reported,0.00
34720908,arm_IBSD,verum_acupuncture,HAMA,mood,Hamilton Anxiety Scale (HAMA),Before acupuncture,baseline,mean ± SD,17.69 ± 8.76,regex,mean_sd,17.69,8.76,,,,,,,,,,,,,42.0,False,0.0,56.0,True,Diarrhea-Predominant Irritable Bowel Syndrome (IBS-D),True,not_reported,not_reported,not_reported,0.00
34720908,arm_IBSD,verum_acupuncture,HAMA,mood,Hamilton Anxiety Scale (HAMA),After acupuncture,post,mean ± SD,10.88 ± 5.75,regex,mean_sd,10.88,5.75,,,,,,,,,,,,,42.0,False,0.0,56.0,True,Diarrhea-Predominant Irritable Bowel Syndrome (IBS-D),True,not_reported,not_reported,not_reported,0.00
34949986,arm_CLBP,other,VAS pain intensity score after TSA,pain,"Visual Analog Scale (VAS, 0–10)",immediately after TSA,other,mean ± SD,5.64 ± 1.98,regex,mean_sd,5.64,1.98,,,,,,,,,,,,,19.0,False,0.0,10.0,True,Chronic low back pain (CLBP),True,not_reported,"significantly lower after AAS compared to TSA (t = 6.10, P = 0.001)",not_reported,P = 0.001
34949986,arm_CLBP,other,VAS pain intensity score after AAS,pain,"Visual Analog Scale (VAS, 0–10)",immediately after AAS,other,mean ± SD,3.50 ± 2.23,regex,mean_sd,3.5,2.23,,,,,,,,,,,,,19.0,False,0.0,10.0,True,Chronic low back pain (CLBP),True,not_reported,"significantly lower after AAS compared to TSA (t = 6.10, P = 0.001)",not_reported,P = 0.001
34949986,arm_HC,healthy_control,VAS pain intensity score after AAS vs TSA,pain,"Visual Analog Scale (VAS, 0–10)",immediately after AAS and TSA,other,narrative,All of healthy subjects were scored with VAS ≤ 1 at the two observation points,unparseable,,,,,,,,,,,,,,,,19.0,False,0.0,10.0,True,Chronic low back pain (CLBP),True,not_reported,no significant difference in VAS scores of pain after AAS in comparison to after TSA (P > 0.05),not_reported,P > 0.05
34949986,arm_CLBP,other,Correlation between pain duration and VAS difference between TSA and AAS,pain,"Visual Analog Scale (VAS, 0–10)",post-treatment,post,other,"r = –0.52, P = 0.02",unparseable,,,,,,,,,,,,,,,,19.0,False,0.0,10.0,True,Chronic low back pain (CLBP),True,not_reported,not_reported,not_reported,P = 0.02
35048524,arm_cnsp,verum_acupuncture,NRS score,pain,Numerical Rating Scale (NRS),Pre-acupuncture,baseline,mean (standard error),6.07 (1.36),regex,mean_sd,6.07,1.36,,,,,,,,,,,,,30.0,False,0.0,10.0,True,Chronic neck and shoulder pain (CNSP),True,not_reported,not_reported,not_reported,not_reported
35048524,arm_cnsp,verum_acupuncture,NRS score,pain,Numerical Rating Scale (NRS),Post-acupuncture,post,mean (standard error),1.73 (1.28),regex,mean_sd,1.73,1.28,,,,,,,,,,,,,30.0,False,0.0,10.0,True,Chronic neck and shoulder pain (CNSP),True,significant improvement,not_reported,not_reported,P < 0.001
35048524,arm_cnsp,verum_acupuncture,PCS score,symptom_severity,Pain Catastrophizing Scale (PCS),Pre-acupuncture,baseline,mean (standard error),16.47 (13.17),regex,mean_sd,16.47,13.17,,,,,,,,,,,,,30.0,False,0.0,52.0,True,Chronic neck and shoulder pain (CNSP),True,not_reported,not_reported,not_reported,not_reported
35048524,arm_cnsp,verum_acupuncture,PCS score,symptom_severity,Pain Catastrophizing Scale (PCS),Post-acupuncture,post,mean (standard error),9.57 (8.05),regex,mean_sd,9.57,8.05,,,,,,,,,,,,,30.0,False,0.0,52.0,True,Chronic neck and shoulder pain (CNSP),True,significant improvement,not_reported,not_reported,P < 0.01
35048524,arm_cnsp,verum_acupuncture,NPQ score,function,Northwick Park Neck Pain Questionnaire (NPQ),Pre-acupuncture,baseline,mean (standard error),43.97 (13.14),regex,mean_sd,43.97,13.14,,,,,,,,,,,,,30.0,False,,,True,Chronic neck and shoulder pain (CNSP),True,not_reported,not_reported,not_reported,not_reported
35048524,arm_cnsp,verum_acupuncture,NPQ score,function,Northwick Park Neck Pain Questionnaire (NPQ),Post-acupuncture,post,mean (standard error),16.44 (7.88),regex,mean_sd,16.44,7.88,,,,,,,,,,,,,30.0,False,,,True,Chronic neck and shoulder pain (CNSP),True,significant improvement,not_reported,not_reported,P < 0.001
35048524,arm_cnsp,verum_acupuncture,NDI score,function,Neck Disability Index (NDI),Pre-acupuncture,baseline,mean (standard error),37.47 (14.77),regex,mean_sd,37.47,14.77,,,,,,,,,,,,,30.0,False,0.0,50.0,True,Chronic neck and shoulder pain (CNSP),True,not_reported,not_reported,not_reported,not_reported
35048524,arm_cnsp,verum_acupuncture,NDI score,function,Neck Disability Index (NDI),Post-acupuncture,post,mean (standard error),14.97 (8.39),regex,mean_sd,14.97,8.39,,,,,,,,,,,,,30.0,False,0.0,50.0,True,Chronic neck and shoulder pain (CNSP),True,significant improvement,not_reported,not_reported,P < 0.001
35048524,arm_cnsp,verum_acupuncture,MoCA score,cognition,Montreal Cognitive Assessment (MoCA),Pre-acupuncture,baseline,mean (standard error),25.93 (3.18),regex,mean_sd,25.93,3.18,,,,,,,,,,,,,30.0,True,0.0,30.0,True,Chronic neck and shoulder pain (CNSP),True,not_reported,"no significant group differences between patients and HCs (all P > 0.05, Bonferroni corrected)",not_reported,"P > 0.05, Bonferroni corrected"
35048524,arm_cnsp,verum_acupuncture,MoCA score,cognition,Montreal Cognitive Assessment (MoCA),Post-acupuncture,post,mean (standard error),26.77 (3.07),regex,mean_sd,26.77,3.07,,,,,,,,,,,,,30.0,True,0.0,30.0,True,Chronic neck and shoulder pain (CNSP),True,not_reported,"no significant group differences between patients and HCs (all P > 0.05, Bonferroni corrected)",not_reported,"P > 0.05, Bonferroni corrected"
35048524,arm_hc,healthy_control,MoCA score,cognition,Montreal Cognitive Assessment (MoCA),single assessment,other,mean (standard error),27.47 (3.00),regex,mean_sd,27.47,3.0,,,,,,,,,,,,,30.0,True,0.0,30.0,True,Chronic neck and shoulder pain (CNSP),True,not_reported,"no significant group differences (all P > 0.05, Bonferroni corrected)",not_reported,"P > 0.05, Bonferroni corrected"
35048524,arm_cnsp,verum_acupuncture,MMSE score,cognition,Mini-Mental State Examination (MMSE),Pre-acupuncture,baseline,mean (standard error),28.00 (1.78),regex,mean_sd,28.0,1.78,,,,,,,,,,,,,30.0,True,0.0,30.0,True,Chronic neck and shoulder pain (CNSP),True,not_reported,"no significant group differences between patients and HCs (all P > 0.05, Bonferroni corrected)",not_reported,"P > 0.05, Bonferroni corrected"
35048524,arm_cnsp,verum_acupuncture,MMSE score,cognition,Mini-Mental State Examination (MMSE),Post-acupuncture,post,mean (standard error),28.37 (1.73),regex,mean_sd,28.37,1.73,,,,,,,,,,,,,30.0,True,0.0,30.0,True,Chronic neck and shoulder pain (CNSP),True,not_reported,"no significant group differences between patients and HCs (all P > 0.05, Bonferroni corrected)",not_reported,"P > 0.05, Bonferroni corrected"
35048524,arm_hc,healthy_control,MMSE score,cognition,Mini-Mental State Examination (MMSE),single assessment,other,mean (standard error),28.70 (1.78),regex,mean_sd,28.7,1.78,,,,,,,,,,,,,30.0,True,0.0,30.0,True,Chronic neck and shoulder pain (CNSP),True,not_reported,"no significant group differences (all P > 0.05, Bonferroni corrected)",not_reported,"P > 0.05, Bonferroni corrected"
35048524,arm_cnsp,verum_acupuncture,HAM-A score,mood,Hamilton Anxiety Rating Scale (HAM-A),Pre-acupuncture,baseline,mean (standard error),11.77 (8.02),regex,mean_sd,11.77,8.02,,,,,,,,,,,,,30.0,False,,,True,Chronic neck and shoulder pain (CNSP),True,not_reported,not_reported,not_reported,not_reported
35048524,arm_cnsp,verum_acupuncture,HAM-A score,mood,Hamilton Anxiety Rating Scale (HAM-A),Post-acupuncture,post,mean (standard error),7.80 (7.29),regex,mean_sd,7.8,7.29,,,,,,,,,,,,,30.0,False,,,True,Chronic neck and shoulder pain (CNSP),True,significant improvement,"showed no difference with HCs (t(1,58) = 1.101, P > 0.05, Bonferroni corrected)",not_reported,"P < 0.05, Bonferroni corrected"
35048524,arm_hc,healthy_control,HAM-A score,mood,Hamilton Anxiety Rating Scale (HAM-A),single assessment,other,mean (standard error),5.83 (6.52),regex,mean_sd,5.83,6.52,,,,,,,,,,,,,30.0,False,,,True,Chronic neck and shoulder pain (CNSP),True,not_reported,"no difference with patients post-acupuncture (t(1,58) = 1.101, P > 0.05, Bonferroni corrected)",not_reported,not_reported
35048524,arm_cnsp,verum_acupuncture,HAM-D score,mood,Hamilton Depression Rating Scale (HAM-D),Pre-acupuncture,baseline,mean (standard error),12.10 (9.00),regex,mean_sd,12.1,9.0,,,,,,,,,,,,,30.0,False,,,True,Chronic neck and shoulder pain (CNSP),True,not_reported,not_reported,not_reported,not_reported
35048524,arm_cnsp,verum_acupuncture,HAM-D score,mood,Hamilton Depression Rating Scale (HAM-D),Post-acupuncture,post,mean (standard error),9.20 (7.61),regex,mean_sd,9.2,7.61,,,,,,,,,,,,,30.0,False,,,True,Chronic neck and shoulder pain (CNSP),True,significant improvement,"still showed significant higher HAM-D score compared to HCs (t(1,58) = 3.522, P < 0.05, Bonferroni corrected)",not_reported,"P < 0.05, Bonferroni corrected"
35048524,arm_hc,healthy_control,HAM-D score,mood,Hamilton Depression Rating Scale (HAM-D),single assessment,other,mean (standard error),3.70 (3.91),regex,mean_sd,3.7,3.91,,,,,,,,,,,,,30.0,False,,,True,Chronic neck and shoulder pain (CNSP),True,not_reported,"significantly lower than patients with CNSP post-acupuncture (t(1,58) = 3.522, P < 0.05, Bonferroni corrected)",not_reported,not_reported
35048524,arm_cnsp,verum_acupuncture,correlation between percent change of PAG-pIns FC strength and percent change of PCS score,symptom_severity,Pain Catastrophizing Scale (PCS),percent change post vs pre-acupuncture,baseline,other,"R = 0.637, P < 0.001, Bonferroni corrected",unparseable,,,,,,,,,,,,,,,,30.0,False,0.0,52.0,True,Chronic neck and shoulder pain (CNSP),True,not_reported,not_reported,R = 0.637,"P < 0.001, Bonferroni corrected"
35115998,arm_KOA,verum_acupuncture,VAS score (pain intensity),pain,Visual Analog Scale (VAS),pre-acupuncture,baseline,other,detailed information presented in Supplementary Table 1,unparseable,,,,,,,,,,,,,,,,15.0,False,0.0,10.0,True,Knee osteoarthritis (KOA) with chronic pain,True,not_reported,not_reported,not_reported,not_reported
35115998,arm_KOA,verum_acupuncture,VAS score (pain intensity),pain,Visual Analog Scale (VAS),post-acupuncture,post,other,detailed information presented in Supplementary Table 1,unparseable,,,,,,,,,,,,,,,,15.0,False,0.0,10.0,True,Knee osteoarthritis (KOA) with chronic pain,True,not_reported,not_reported,not_reported,not_reported
35115998,arm_KOA,verum_acupuncture,Correlation between post-acupuncture FC values between dorsal RPN and right putamen and VAS scores,pain,Visual Analog Scale (VAS),post-acupuncture,post,other,R=0.42,unparseable,,,,,,,,,,,,,,,,15.0,False,0.0,10.0,True,Knee osteoarthritis (KOA) with chronic pain,True,not_reported,not_reported,not_reported,not_reported
35153654,arm_tinnitus,verum_acupuncture,tinnitus disturbance inventory (TDI),symptom_severity,tinnitus disturbance inventory (TDI),pre vs post acupuncture,other,mean ± SD,Pre-acupuncture: 3.07 + 0.51; Post-acupuncture: 2.43 + 0.36,regex,pre_post,,,,,,,,,,,3.07,0.51,2.43,0.36,14.0,False,,,True,chronic tinnitus,True,"Z = -2.251, P = 0.024",not_applicable,not_reported,P = 0.024
35153654,arm_tinnitus,verum_acupuncture,visual analog scales (VAS),symptom_severity,visual analog scales (VAS),pre vs post acupuncture,other,mean ± SD,Pre-acupuncture: 5.64 + 0.59; Post-acupuncture: 4.50 + 0.50,regex,pre_post,,,,,,,,,,,5.64,0.59,4.5,0.5,14.0,False,0.0,10.0,True,chronic tinnitus,True,"T = -3.040, P = 0.009",not_applicable,not_reported,P = 0.009
35153654,arm_tinnitus,verum_acupuncture,tinnitus handicap inventory (THI),symptom_severity,tinnitus handicap inventory (THI),pre vs post acupuncture,other,mean ± SD,Pre-acupuncture: 52.00 + 7.14; Post-acupuncture: 46.71 + 7.25,regex,pre_post,,,,,,,,,,,52.0,7.14,46.71,7.25,14.0,False,0.0,100.0,True,chronic tinnitus,True,"T = -1.352, P = 0.199",not_applicable,not_reported,P = 0.199
35153654,arm_tinnitus,verum_acupuncture,Khalfa hyperacusis questionnaire (KHQ),symptom_severity,Khalfa hyperacusis questionnaire (KHQ),pre vs post acupuncture,other,mean ± SD,Pre-acupuncture: 48.43 + 6.17; Post-acupuncture: 43.36 + 5.95,regex,pre_post,,,,,,,,,,,48.43,6.17,43.36,5.95,14.0,False,,,True,chronic tinnitus,True,"T = -1.533, P = 0.149",not_applicable,not_reported,P = 0.149
35153654,arm_tinnitus,verum_acupuncture,Left ear hearing threshold,physiological,pure tone audiometry,pre vs post acupuncture,other,mean ± SD,Pre-acupuncture: 30.45 + 3.96 dB/SPL; Post-acupuncture: 29.89 + 3.30 dB/SPL,unparseable,,,,,,,,,,,,,,,,11.0,,,,False,chronic tinnitus,True,"T = -0.429, P = 0.677",not_applicable,not_reported,P = 0.677
35153654,arm_tinnitus,verum_acupuncture,Right ear hearing threshold,physiological,pure tone audiometry,pre vs post acupuncture,other,mean ± SD,Pre-acupuncture: 38.21 + 7.63 dB/SPL; Post-acupuncture: 39.25 + 6.78 dB/SPL,unparseable,,,,,,,,,,,,,,,,11.0,,,,False,chronic tinnitus,True,"T = 0.599, P = 0.562",not_applicable,not_reported,P = 0.562
35312785,arm_MWoA,verum_acupuncture,NRS (numerical rating scale) – maximum headache during the week,pain,Numerical Rating Scale (NRS),Baseline (before EA-C2-PNfS),baseline,median (range) and mean ± SD,Median 7 (range: 4–10); Mean ± SD 6.9 ± 1.9,unparseable,,,,,,,,,,,,,,,,11.0,False,0.0,10.0,True,"Migraine (migraine without aura [MWoA], migraine with aura [MWA], chronic migraine [CM])",True,not_reported,not_reported,not_reported,0.019
35312785,arm_MWoA,verum_acupuncture,NRS (numerical rating scale) – maximum headache during the week,pain,Numerical Rating Scale (NRS),After 3 months therapy (EA-C2-PNfS),other,median (range) and mean ± SD,Median 4 (range: 1–10); Mean ± SD 4.2 ± 2.6,unparseable,,,,,,,,,,,,,,,,11.0,False,0.0,10.0,True,"Migraine (migraine without aura [MWoA], migraine with aura [MWA], chronic migraine [CM])",True,not_reported,not_reported,not_reported,0.019
35312785,arm_MWoA,verum_acupuncture,HIT-6 (Headache Impact Test),function,Headache Impact Test (HIT-6),Baseline (before EA-C2-PNfS),baseline,median (range) and mean ± SD,Median 61 (range: 49–74); Mean ± SD 61.7 ± 6.5,unparseable,,,,,,,,,,,,,,,,11.0,False,,,True,"Migraine (migraine without aura [MWoA], migraine with aura [MWA], chronic migraine [CM])",True,not_reported,not_reported,not_reported,0.168
35312785,arm_MWoA,verum_acupuncture,HIT-6 (Headache Impact Test),function,Headache Impact Test (HIT-6),After 3 months therapy (EA-C2-PNfS),other,median (range) and mean ± SD,Median 58 (range: 48–76); Mean ± SD 58.9 ± 8.2,unparseable,,,,,,,,,,,,,,,,11.0,False,,,True,"Migraine (migraine without aura [MWoA], migraine with aura [MWA], chronic migraine [CM])",True,not_reported,not_reported,not_reported,0.168
35312785,arm_MWoA,verum_acupuncture,SDS (Self-Rating Depression Scale),mood,Self-Rating Depression Scale (SDS),Baseline (before EA-C2-PNfS),baseline,median (range) and mean ± SD,Median 46.0 (range: 31–58); Mean ± SD 45.6 ± 9.6,unparseable,,,,,,,,,,,,,,,,11.0,False,20.0,80.0,True,"Migraine (migraine without aura [MWoA], migraine with aura [MWA], chronic migraine [CM])",True,not_reported,not_reported,not_reported,0.028
35312785,arm_MWoA,verum_acupuncture,SDS (Self-Rating Depression Scale),mood,Self-Rating Depression Scale (SDS),After 3 months therapy (EA-C2-PNfS),other,median (range) and mean ± SD,Median 45 (range: 29–54); Mean ± SD 42.2 ± 8.8,unparseable,,,,,,,,,,,,,,,,11.0,False,20.0,80.0,True,"Migraine (migraine without aura [MWoA], migraine with aura [MWA], chronic migraine [CM])",True,not_reported,not_reported,not_reported,0.028
35312785,arm_CM,verum_acupuncture,NRS (numerical rating scale),pain,Numerical Rating Scale (NRS),Baseline (before EA-C2-PNfS),baseline,median (range) and mean ± SD,Median 7.5 (range: 5–9); Mean ± SD 7.3 ± 1.4,unparseable,,,,,,,,,,,,,,,,6.0,False,0.0,10.0,True,"Migraine (migraine without aura [MWoA], migraine with aura [MWA], chronic migraine [CM])",True,not_reported,not_reported,not_reported,0.078
35312785,arm_CM,verum_acupuncture,NRS (numerical rating scale),pain,Numerical Rating Scale (NRS),After 3 months therapy (EA-C2-PNfS),other,median (range) and mean ± SD,Median 6 (range: 0–9); Mean ± SD 4.8 ± 3.6,unparseable,,,,,,,,,,,,,,,,6.0,False,0.0,10.0,True,"Migraine (migraine without aura [MWoA], migraine with aura [MWA], chronic migraine [CM])",True,not_reported,not_reported,not_reported,0.078
35312785,arm_CM,verum_acupuncture,HIT-6 (Headache Impact Test),function,Headache Impact Test (HIT-6),Baseline (before EA-C2-PNfS),baseline,median (range) and mean ± SD,Median 64 (range: 60–74); Mean ± SD 65.7 ± 5.3,unparseable,,,,,,,,,,,,,,,,6.0,False,,,True,"Migraine (migraine without aura [MWoA], migraine with aura [MWA], chronic migraine [CM])",True,not_reported,not_reported,not_reported,0.293
35312785,arm_CM,verum_acupuncture,HIT-6 (Headache Impact Test),function,Headache Impact Test (HIT-6),After 3 months therapy (EA-C2-PNfS),other,median (range) and mean ± SD,Median 65 (range: 42–70); Mean ± SD 61.3 ± 10.0,unparseable,,,,,,,,,,,,,,,,6.0,False,,,True,"Migraine (migraine without aura [MWoA], migraine with aura [MWA], chronic migraine [CM])",True,not_reported,not_reported,not_reported,0.293
35312785,arm_CM,verum_acupuncture,SDS (Self-Rating Depression Scale),mood,Self-Rating Depression Scale (SDS),Baseline (before EA-C2-PNfS),baseline,median (range) and mean ± SD,Median 39.5 (range: 37–59); Mean ± SD 43.0 ± 8.6,unparseable,,,,,,,,,,,,,,,,6.0,False,20.0,80.0,True,"Migraine (migraine without aura [MWoA], migraine with aura [MWA], chronic migraine [CM])",True,not_reported,not_reported,not_reported,0.172
35312785,arm_CM,verum_acupuncture,SDS (Self-Rating Depression Scale),mood,Self-Rating Depression Scale (SDS),After 3 months therapy (EA-C2-PNfS),other,median (range) and mean ± SD,Median 39.5 (range: 27–48); Mean ± SD 39.0 ± 7.0,unparseable,,,,,,,,,,,,,,,,6.0,False,20.0,80.0,True,"Migraine (migraine without aura [MWoA], migraine with aura [MWA], chronic migraine [CM])",True,not_reported,not_reported,not_reported,0.172
35312785,not_applicable,,Responder rate (NRS decreased by more than 50% relative to baseline),responder,Numerical Rating Scale (NRS),After 3 months therapy,other,count,8 patients were responders,unparseable,,,,,,,,,,,,,,,,20.0,False,0.0,10.0,True,"Migraine (migraine without aura [MWoA], migraine with aura [MWA], chronic migraine [CM])",True,not_reported,not_reported,not_reported,not_reported
35312785,not_applicable,,SDS > 50 points,mood,Self-Rating Depression Scale (SDS),Before EA-C2-PNfS,other,count,6 patients had SDS > 50 points,unparseable,,,,,,,,,,,,,,,,20.0,False,20.0,80.0,True,"Migraine (migraine without aura [MWoA], migraine with aura [MWA], chronic migraine [CM])",True,not_reported,not_reported,not_reported,not_reported
35312785,not_applicable,,Number of severe headache days per month,symptom_severity,Headache diary,1 month before EA-C2-PNfS vs after 3 months,other,median (range),Median (range) 1 (0–7) before; 1 (0–2) after,unparseable,,,,,,,,,,,,,,,,10.0,False,,,True,"Migraine (migraine without aura [MWoA], migraine with aura [MWA], chronic migraine [CM])",True,did not significantly improve,not_reported,not_reported,not_reported
35312785,not_applicable,,Number of moderate/mild headache days per month,symptom_severity,Headache diary,1 month before EA-C2-PNfS vs after 3 months,other,median (range),Median (range) 9.5 (0–20) before; 12.5 (1–20) after,unparseable,,,,,,,,,,,,,,,,10.0,False,,,True,"Migraine (migraine without aura [MWoA], migraine with aura [MWA], chronic migraine [CM])",True,did not change significantly,not_reported,not_reported,not_reported
35312785,not_applicable,,Number of acute medication days per month,medication_use,Headache diary,1 month before EA-C2-PNfS vs after 3 months,other,median (range),Median (range) 12.25 (1–24) before; 15.5 (0–24) after,unparseable,,,,,,,,,,,,,,,,10.0,False,,,True,"Migraine (migraine without aura [MWoA], migraine with aura [MWA], chronic migraine [CM])",True,no significant change,not_reported,not_reported,not_reported
35464313,arm_all_fd,verum_acupuncture,NDSI score improvements,symptom_severity,Nepean Dyspepsia Symptom Index (NDSI),post-treatment,post,mean ± SD,23.67 ± 15.68,regex,mean_sd,23.67,15.68,,,,,,,,,,,,,115.0,False,,,True,functional dyspepsia (FD),False,not_reported,not_reported,not_reported,not_reported
35464313,arm_all_fd,verum_acupuncture,SID score improvements,symptom_severity,Symptom Index of Dyspepsia (SID),post-treatment,post,median [IQR],"2 (1,3)",regex,median_iqr,2.0,1.4814814814814814,,2.0,1.0,3.0,,,,,,,,,115.0,False,,,True,functional dyspepsia (FD),False,not_reported,not_reported,not_reported,not_reported
35464313,arm_higher_response,verum_acupuncture,NDSI score improvements,symptom_severity,Nepean Dyspepsia Symptom Index (NDSI),post-treatment,post,mean ± SD,29.36 ± 13.40,regex,mean_sd,29.36,13.4,,,,,,,,,,,,,66.0,False,,,True,functional dyspepsia (FD),False,not_reported,p = 0.00**,not_reported,0.00**
35464313,arm_lower_response,verum_acupuncture,NDSI score improvements,symptom_severity,Nepean Dyspepsia Symptom Index (NDSI),post-treatment,post,mean ± SD,15.90 ± 15.34,regex,mean_sd,15.9,15.34,,,,,,,,,,,,,49.0,False,,,True,functional dyspepsia (FD),False,not_reported,p = 0.00**,not_reported,0.00**
35464313,arm_higher_response,verum_acupuncture,SID score improvements,symptom_severity,Symptom Index of Dyspepsia (SID),post-treatment,post,median [IQR],"3 (2,4)",regex,median_iqr,3.0,1.4814814814814814,,3.0,2.0,4.0,,,,,,,,,66.0,False,,,True,functional dyspepsia (FD),False,not_reported,p = 0.00**,not_reported,0.00**
35464313,arm_lower_response,verum_acupuncture,SID score improvements,symptom_severity,Symptom Index of Dyspepsia (SID),post-treatment,post,median [IQR],"1 (0,1)",regex,median_iqr,0.6666666666666666,0.7407407407407407,,1.0,0.0,1.0,,,,,,,,,49.0,False,,,True,functional dyspepsia (FD),False,not_reported,p = 0.00**,not_reported,0.00**
35464313,arm_all_fd,verum_acupuncture,"Correlation between mPFC (Frontal_Sup_Medial R, MNI 9, 48, 48) zfALFF change and NDSI improvement",symptom_severity,Nepean Dyspepsia Symptom Index (NDSI),post-treatment change vs baseline,baseline,other,"r = 0.20, p = 0.03",unparseable,,,,,,,,,,,,,,,,115.0,False,,,True,functional dyspepsia (FD),False,not_reported,not_reported,r = 0.20,0.03
35464313,arm_higher_response,verum_acupuncture,Correlation between mPFC rsFC changes and clinical symptom improvement values in the higher response group,symptom_severity,not_reported,post-treatment change,post,narrative,no correlation between the mPFC rsFC and clinical symptom improvement values in the higher response group,unparseable,,,,,,,,,,,,,,,,66.0,,,,False,functional dyspepsia (FD),False,not_reported,not_reported,not_reported,not_reported
35464313,arm_lower_response,verum_acupuncture,Correlation between mPFC rsFC changes and clinical symptom improvement values in the lower response group,symptom_severity,not_reported,post-treatment change,post,narrative,no correlation between the mPFC rsFC and clinical symptom improvement values in the lower response group,unparseable,,,,,,,,,,,,,,,,49.0,,,,False,functional dyspepsia (FD),False,not_reported,not_reported,not_reported,not_reported
35557556,arm_CSAP_all,other,Frequency of angina attacks,symptom_severity,Frequency of angina attacks for 2 weeks,Pre-treatment,baseline,mean ± SD,5.48 ± 4.17,regex,mean_sd,5.48,4.17,,,,,,,,,,,,,29.0,False,,,True,Chronic stable angina pectoris (CSAP),True,not_reported,not_reported,not_reported,0.225
35557556,arm_CSAP_all,other,Frequency of angina attacks,symptom_severity,Frequency of angina attacks for 2 weeks,Post-treatment,post,mean ± SD,4.45 ± 3.73,regex,mean_sd,4.45,3.73,,,,,,,,,,,,,29.0,False,,,True,Chronic stable angina pectoris (CSAP),True,"t = 1.240, p = 0.225 (not significant)",not_reported,not_reported,0.225
35557556,arm_groupA,verum_acupuncture,Frequency of angina attacks,symptom_severity,Frequency of angina attacks for 2 weeks,Pre-treatment,baseline,mean ± SD,5.53 ± 3.60,regex,mean_sd,5.53,3.6,,,,,,,,,,,,,15.0,False,,,True,Chronic stable angina pectoris (CSAP),True,"t = 1.964, p = 0.049*","t = 0.689, p = 0.414",not_reported,0.049
35557556,arm_groupA,verum_acupuncture,Frequency of angina attacks,symptom_severity,Frequency of angina attacks for 2 weeks,Post-treatment,post,mean ± SD,3.93 ± 3.26,regex,mean_sd,3.93,3.26,,,,,,,,,,,,,15.0,False,,,True,Chronic stable angina pectoris (CSAP),True,"t = 1.964, p = 0.049*","t = 0.689, p = 0.414",not_reported,0.049
35557556,arm_groupB,active_control,Frequency of angina attacks,symptom_severity,Frequency of angina attacks for 2 weeks,Pre-treatment,baseline,mean ± SD,5.43 ± 4.85,regex,mean_sd,5.43,4.85,,,,,,,,,,,,,14.0,False,,,True,Chronic stable angina pectoris (CSAP),True,"t = 0.528, p = 0.598 (not significant)","t = 0.689, p = 0.414",not_reported,0.598
35557556,arm_groupB,active_control,Frequency of angina attacks,symptom_severity,Frequency of angina attacks for 2 weeks,Post-treatment,post,mean ± SD,5.00 ± 4.22,regex,mean_sd,5.0,4.22,,,,,,,,,,,,,14.0,False,,,True,Chronic stable angina pectoris (CSAP),True,"t = 0.528, p = 0.598 (not significant)","t = 0.689, p = 0.414",not_reported,0.598
35557556,arm_CSAP_all,other,McGill pain score,pain,McGill Pain Questionnaire,Pre-treatment,baseline,mean ± SD,10.17 ± 3.86,regex,mean_sd,10.17,3.86,,,,,,,,,,,,,29.0,False,0.0,45.0,True,Chronic stable angina pectoris (CSAP),True,"t = 6.101, p < 0.001***",not_reported,not_reported,< 0.001
35557556,arm_CSAP_all,other,McGill pain score,pain,McGill Pain Questionnaire,Post-treatment,post,mean ± SD,6.36 ± 2.95,regex,mean_sd,6.36,2.95,,,,,,,,,,,,,29.0,False,0.0,45.0,True,Chronic stable angina pectoris (CSAP),True,"t = 6.101, p < 0.001***",not_reported,not_reported,< 0.001
35557556,arm_groupA,verum_acupuncture,McGill pain score,pain,McGill Pain Questionnaire,Pre-treatment,baseline,mean ± SD,10.73 ± 4.76,regex,mean_sd,10.73,4.76,,,,,,,,,,,,,15.0,False,0.0,45.0,True,Chronic stable angina pectoris (CSAP),True,"t = 3.665, p = 0.003**","t = 0.363, p = 0.552",not_reported,0.003
35557556,arm_groupA,verum_acupuncture,McGill pain score,pain,McGill Pain Questionnaire,Post-treatment,post,mean ± SD,6.87 ± 2.61,regex,mean_sd,6.87,2.61,,,,,,,,,,,,,15.0,False,0.0,45.0,True,Chronic stable angina pectoris (CSAP),True,"t = 3.665, p = 0.003**","t = 0.363, p = 0.552",not_reported,0.003
35557556,arm_groupB,active_control,McGill pain score,pain,McGill Pain Questionnaire,Pre-treatment,baseline,mean ± SD,9.57 ± 2.64,regex,mean_sd,9.57,2.64,,,,,,,,,,,,,14.0,False,0.0,45.0,True,Chronic stable angina pectoris (CSAP),True,"t = 5.557, p < 0.001***","t = 0.363, p = 0.552",not_reported,< 0.001
35557556,arm_groupB,active_control,McGill pain score,pain,McGill Pain Questionnaire,Post-treatment,post,mean ± SD,5.82 ± 3.28,regex,mean_sd,5.82,3.28,,,,,,,,,,,,,14.0,False,0.0,45.0,True,Chronic stable angina pectoris (CSAP),True,"t = 5.557, p < 0.001***","t = 0.363, p = 0.552",not_reported,< 0.001
35557556,arm_CSAP_all,other,SAS score,mood,Zung Self-Rating Anxiety Scale (SAS),Pre-treatment,baseline,mean ± SD,33.15 ± 4.55,regex,mean_sd,33.15,4.55,,,,,,,,,,,,,29.0,False,20.0,80.0,True,Chronic stable angina pectoris (CSAP),True,"t = 2.328, p = 0.027*",not_reported,not_reported,0.027
35557556,arm_CSAP_all,other,SAS score,mood,Zung Self-Rating Anxiety Scale (SAS),Post-treatment,post,mean ± SD,31.19 ± 4.55,regex,mean_sd,31.19,4.55,,,,,,,,,,,,,29.0,False,20.0,80.0,True,Chronic stable angina pectoris (CSAP),True,"t = 2.328, p = 0.027*",not_reported,not_reported,0.027
35557556,arm_groupA,verum_acupuncture,SAS score,mood,Zung Self-Rating Anxiety Scale (SAS),Pre-treatment,baseline,mean ± SD,33.58 ± 3.83,regex,mean_sd,33.58,3.83,,,,,,,,,,,,,15.0,False,20.0,80.0,True,Chronic stable angina pectoris (CSAP),True,"t = 2.427, p = 0.029*","t = 0.024, p = 0.877",not_reported,0.029
35557556,arm_groupA,verum_acupuncture,SAS score,mood,Zung Self-Rating Anxiety Scale (SAS),Post-treatment,post,mean ± SD,31.29 ± 4.64,regex,mean_sd,31.29,4.64,,,,,,,,,,,,,15.0,False,20.0,80.0,True,Chronic stable angina pectoris (CSAP),True,"t = 2.427, p = 0.029*","t = 0.024, p = 0.877",not_reported,0.029
35557556,arm_groupB,active_control,SAS score,mood,Zung Self-Rating Anxiety Scale (SAS),Pre-treatment,baseline,mean ± SD,32.68 ± 5.32,regex,mean_sd,32.68,5.32,,,,,,,,,,,,,14.0,False,20.0,80.0,True,Chronic stable angina pectoris (CSAP),True,"t = 1.104, p = 0.290 (not significant)","t = 0.024, p = 0.877",not_reported,0.290
35557556,arm_groupB,active_control,SAS score,mood,Zung Self-Rating Anxiety Scale (SAS),Post-treatment,post,mean ± SD,31.07 ± 4.62,regex,mean_sd,31.07,4.62,,,,,,,,,,,,,14.0,False,20.0,80.0,True,Chronic stable angina pectoris (CSAP),True,"t = 1.104, p = 0.290 (not significant)","t = 0.024, p = 0.877",not_reported,0.290
35557556,arm_CSAP_all,other,SDS score,mood,Self-Rating Depression Scale (SDS),Pre-treatment,baseline,mean ± SD,31.17 ± 5.02,regex,mean_sd,31.17,5.02,,,,,,,,,,,,,29.0,False,20.0,80.0,True,Chronic stable angina pectoris (CSAP),True,"t = 0.674, p = 0.506 (not significant)",not_reported,not_reported,0.506
35557556,arm_CSAP_all,other,SDS score,mood,Self-Rating Depression Scale (SDS),Post-treatment,post,mean ± SD,30.52 ± 5.13,regex,mean_sd,30.52,5.13,,,,,,,,,,,,,29.0,False,20.0,80.0,True,Chronic stable angina pectoris (CSAP),True,"t = 0.674, p = 0.506 (not significant)",not_reported,not_reported,0.506
35557556,arm_groupA,verum_acupuncture,SDS score,mood,Self-Rating Depression Scale (SDS),Pre-treatment,baseline,mean ± SD,31.93 ± 5.02,regex,mean_sd,31.93,5.02,,,,,,,,,,,,,15.0,False,20.0,80.0,True,Chronic stable angina pectoris (CSAP),True,"t = 1.264, p = 0.227 (not significant)","t = 0.211, p = 0.650",not_reported,0.227
35557556,arm_groupA,verum_acupuncture,SDS score,mood,Self-Rating Depression Scale (SDS),Post-treatment,post,mean ± SD,30.50 ± 5.51,regex,mean_sd,30.5,5.51,,,,,,,,,,,,,15.0,False,20.0,80.0,True,Chronic stable angina pectoris (CSAP),True,"t = 1.264, p = 0.227 (not significant)","t = 0.211, p = 0.650",not_reported,0.227
35557556,arm_groupB,active_control,SDS score,mood,Self-Rating Depression Scale (SDS),Pre-treatment,baseline,mean ± SD,30.36 ± 5.08,regex,mean_sd,30.36,5.08,,,,,,,,,,,,,14.0,False,20.0,80.0,True,Chronic stable angina pectoris (CSAP),True,"t = −0.110, p = 0.914 (not significant)","t = 0.211, p = 0.650",not_reported,0.914
35557556,arm_groupB,active_control,SDS score,mood,Self-Rating Depression Scale (SDS),Post-treatment,post,mean ± SD,30.54 ± 4.90,regex,mean_sd,30.54,4.9,,,,,,,,,,,,,14.0,False,20.0,80.0,True,Chronic stable angina pectoris (CSAP),True,"t = −0.110, p = 0.914 (not significant)","t = 0.211, p = 0.650",not_reported,0.914
35585920,arm_A,verum_acupuncture,SID score,symptom_severity,Symptom Index of Dyspepsia (SID),baseline,baseline,mean ± SD,3.89 ± 1.41,regex,mean_sd,3.89,1.41,,,,,,,,,,,,,18.0,False,,,True,functional dyspepsia (FD),False,not_reported,not_reported,not_reported,not_reported
35585920,arm_A,verum_acupuncture,SID score,symptom_severity,Symptom Index of Dyspepsia (SID),end of treatment,post,mean ± SD,1.94 ± 0.54,regex,mean_sd,1.94,0.54,,,,,,,,,,,,,18.0,False,,,True,functional dyspepsia (FD),False,−1.94 ± 1.47,"F = 1.416, p = 0.243",not_reported,p = 0.000
35585920,arm_B,verum_acupuncture,SID score,symptom_severity,Symptom Index of Dyspepsia (SID),baseline,baseline,mean ± SD,3.80 ± 1.42,regex,mean_sd,3.8,1.42,,,,,,,,,,,,,15.0,False,,,True,functional dyspepsia (FD),False,not_reported,not_reported,not_reported,not_reported
35585920,arm_B,verum_acupuncture,SID score,symptom_severity,Symptom Index of Dyspepsia (SID),end of treatment,post,mean ± SD,1.20 ± 1.08,regex,mean_sd,1.2,1.08,,,,,,,,,,,,,15.0,False,,,True,functional dyspepsia (FD),False,−2.60 ± 1.45,"F = 1.416, p = 0.243",not_reported,p = 0.001
35585920,arm_A,verum_acupuncture,NDLQI score,quality_of_life,Nepean Dyspepsia Life Quality Index (NDLQI),baseline,baseline,mean ± SD,77.58 ± 8.41,regex,mean_sd,77.58,8.41,,,,,,,,,,,,,18.0,True,,,True,functional dyspepsia (FD),False,not_reported,not_reported,not_reported,not_reported
35585920,arm_A,verum_acupuncture,NDLQI score,quality_of_life,Nepean Dyspepsia Life Quality Index (NDLQI),end of treatment,post,mean ± SD,89.93 ± 5.81,regex,mean_sd,89.93,5.81,,,,,,,,,,,,,18.0,True,,,True,functional dyspepsia (FD),False,12.35 ± 8.32,"F = 1.224, p = 0.277",not_reported,p = 0.000
35585920,arm_B,verum_acupuncture,NDLQI score,quality_of_life,Nepean Dyspepsia Life Quality Index (NDLQI),baseline,baseline,mean ± SD,74.60 ± 11.43,regex,mean_sd,74.6,11.43,,,,,,,,,,,,,15.0,True,,,True,functional dyspepsia (FD),False,not_reported,not_reported,not_reported,not_reported
35585920,arm_B,verum_acupuncture,NDLQI score,quality_of_life,Nepean Dyspepsia Life Quality Index (NDLQI),end of treatment,post,mean ± SD,88.88 ± 11.56,regex,mean_sd,88.88,11.56,,,,,,,,,,,,,15.0,True,,,True,functional dyspepsia (FD),False,14.28 ± 8.47,"F = 1.224, p = 0.277",not_reported,p = 0.001
35585920,arm_A,verum_acupuncture,NDSI score,symptom_severity,Nepean Dyspepsia Symptom Index (NDSI),baseline,baseline,mean ± SD,45.67 ± 17.27,regex,mean_sd,45.67,17.27,,,,,,,,,,,,,18.0,False,,,True,functional dyspepsia (FD),False,not_reported,not_reported,not_reported,not_reported
35585920,arm_A,verum_acupuncture,NDSI score,symptom_severity,Nepean Dyspepsia Symptom Index (NDSI),end of treatment,post,mean ± SD,20.17 ± 10.14,regex,mean_sd,20.17,10.14,,,,,,,,,,,,,18.0,False,,,True,functional dyspepsia (FD),False,−25.50 ± 13.87,"F = 0.988, p = 0.328",not_reported,p = 0.000
35585920,arm_B,verum_acupuncture,NDSI score,symptom_severity,Nepean Dyspepsia Symptom Index (NDSI),baseline,baseline,mean ± SD,41.93 ± 14.07,regex,mean_sd,41.93,14.07,,,,,,,,,,,,,15.0,False,,,True,functional dyspepsia (FD),False,not_reported,not_reported,not_reported,not_reported
35585920,arm_B,verum_acupuncture,NDSI score,symptom_severity,Nepean Dyspepsia Symptom Index (NDSI),end of treatment,post,mean ± SD,14.00 ± 14.48,regex,mean_sd,14.0,14.48,,,,,,,,,,,,,15.0,False,,,True,functional dyspepsia (FD),False,−27.93 ± 14.92,"F = 0.988, p = 0.328",not_reported,p = 0.001
35585920,arm_A,verum_acupuncture,SAS score,mood,Self-Rating Anxiety Scale (SAS),baseline,baseline,mean ± SD,40.32 ± 7.68,regex,mean_sd,40.32,7.68,,,,,,,,,,,,,18.0,False,20.0,80.0,True,functional dyspepsia (FD),False,not_reported,not_reported,not_reported,not_reported
35585920,arm_A,verum_acupuncture,SAS score,mood,Self-Rating Anxiety Scale (SAS),end of treatment,post,mean ± SD,34.72 ± 7.13,regex,mean_sd,34.72,7.13,,,,,,,,,,,,,18.0,False,20.0,80.0,True,functional dyspepsia (FD),False,−5.60 ± 9.86,"F = 0.894, p = 0.352",not_reported,p = 0.020
35585920,arm_B,verum_acupuncture,SAS score,mood,Self-Rating Anxiety Scale (SAS),baseline,baseline,mean ± SD,43.67 ± 9.77,regex,mean_sd,43.67,9.77,,,,,,,,,,,,,15.0,False,20.0,80.0,True,functional dyspepsia (FD),False,not_reported,not_reported,not_reported,not_reported
35585920,arm_B,verum_acupuncture,SAS score,mood,Self-Rating Anxiety Scale (SAS),end of treatment,post,mean ± SD,34.00 ± 8.77,regex,mean_sd,34.0,8.77,,,,,,,,,,,,,15.0,False,20.0,80.0,True,functional dyspepsia (FD),False,−9.67 ± 6.28,"F = 0.894, p = 0.352",not_reported,p = 0.001
35585920,arm_A,verum_acupuncture,SDS score,mood,Self-Rating Depression Scale (SDS),baseline,baseline,mean ± SD,41.90 ± 9.11,regex,mean_sd,41.9,9.11,,,,,,,,,,,,,18.0,False,20.0,80.0,True,functional dyspepsia (FD),False,not_reported,not_reported,not_reported,not_reported
35585920,arm_A,verum_acupuncture,SDS score,mood,Self-Rating Depression Scale (SDS),end of treatment,post,mean ± SD,36.04 ± 8.43,regex,mean_sd,36.04,8.43,,,,,,,,,,,,,18.0,False,20.0,80.0,True,functional dyspepsia (FD),False,−5.86 ± 10.58,"F = 0.349, p = 0.559",not_reported,p = 0.012
35585920,arm_B,verum_acupuncture,SDS score,mood,Self-Rating Depression Scale (SDS),baseline,baseline,mean ± SD,45.18 ± 10.29,regex,mean_sd,45.18,10.29,,,,,,,,,,,,,15.0,False,20.0,80.0,True,functional dyspepsia (FD),False,not_reported,not_reported,not_reported,not_reported
35585920,arm_B,verum_acupuncture,SDS score,mood,Self-Rating Depression Scale (SDS),end of treatment,post,mean ± SD,34.67 ± 8.67,regex,mean_sd,34.67,8.67,,,,,,,,,,,,,15.0,False,20.0,80.0,True,functional dyspepsia (FD),False,−10.52 ± 9.13,"F = 0.349, p = 0.559",not_reported,p = 0.002
35585920,not_applicable,,Correlation between ALFF change in left postcentral gyrus and improvement of SID scores,symptom_severity,Symptom Index of Dyspepsia (SID),post-treatment change,post,other,"r = 0.358, p = 0.041",unparseable,,,,,,,,,,,,,,,,33.0,False,,,True,functional dyspepsia (FD),False,not_reported,not_reported,r = 0.358,p = 0.041
35734477,arm_patient,verum_acupuncture,NIHSS score,symptom_severity,National Institute of Health stroke scale (NIHSS),At time of MRI scanning (end of scanning procedure),other,mean ± SD,3.81 ± 3.19,regex,mean_sd,3.81,3.19,,,,,,,,,,,,,63.0,False,0.0,42.0,True,Ischemic stroke with motor dysfunction (hemiplegia),True,not_reported,not_reported,not_reported,not_reported
35734477,arm_patient,verum_acupuncture,Stroke time (course of disease),other,not_reported,At time of MRI scanning,other,mean ± SD,27.22 ± 17.53 days,regex,mean_sd,27.22,17.53,,,,,,,,,,,,,63.0,,,,False,Ischemic stroke with motor dysfunction (hemiplegia),True,not_reported,not_reported,not_reported,not_reported
35734477,arm_C1,verum_acupuncture,NIHSS score (subgroup C1),symptom_severity,NIHSS,At time of MRI scanning,other,mean ± SD,3.44 ± 2.94,regex,mean_sd,3.44,2.94,,,,,,,,,,,,,16.0,False,0.0,42.0,True,Ischemic stroke with motor dysfunction (hemiplegia),True,not_reported,not_reported,not_reported,p > 0.05 (no significant different NIHSS scores among subgroup C)
35734477,arm_C2,verum_acupuncture,NIHSS score (subgroup C2),symptom_severity,NIHSS,At time of MRI scanning,other,mean ± SD,3.38 ± 3.57,regex,mean_sd,3.38,3.57,,,,,,,,,,,,,24.0,False,0.0,42.0,True,Ischemic stroke with motor dysfunction (hemiplegia),True,not_reported,not_reported,not_reported,p > 0.05 (no significant different NIHSS scores among subgroup C)
35734477,arm_C3,verum_acupuncture,NIHSS score (subgroup C3),symptom_severity,NIHSS,At time of MRI scanning,other,mean ± SD,4.52 ± 2.92,regex,mean_sd,4.52,2.92,,,,,,,,,,,,,23.0,False,0.0,42.0,True,Ischemic stroke with motor dysfunction (hemiplegia),True,not_reported,not_reported,not_reported,p > 0.05 (no significant different NIHSS scores among subgroup C)
35734477,arm_Nih1,verum_acupuncture,NIHSS score (subgroup Nih1),symptom_severity,NIHSS,At time of MRI scanning,other,mean ± SD,0.44 ± 0.51,regex,mean_sd,0.44,0.51,,,,,,,,,,,,,18.0,False,0.0,42.0,True,Ischemic stroke with motor dysfunction (hemiplegia),True,not_reported,not_reported,not_reported,p > 0.05 (no significant different course among subgroup Nih)
35734477,arm_Nih2,verum_acupuncture,NIHSS score (subgroup Nih2),symptom_severity,NIHSS,At time of MRI scanning,other,mean ± SD,2.9 ± 0.77,regex,mean_sd,2.9,0.77,,,,,,,,,,,,,21.0,False,0.0,42.0,True,Ischemic stroke with motor dysfunction (hemiplegia),True,not_reported,not_reported,not_reported,p > 0.05 (no significant different course among subgroup Nih)
35734477,arm_Nih3,verum_acupuncture,NIHSS score (subgroup Nih3),symptom_severity,NIHSS,At time of MRI scanning,other,mean ± SD,7.13 ± 2.37,regex,mean_sd,7.13,2.37,,,,,,,,,,,,,24.0,False,0.0,42.0,True,Ischemic stroke with motor dysfunction (hemiplegia),True,not_reported,not_reported,not_reported,p > 0.05 (no significant different course among subgroup Nih)
35832324,not_applicable,,Self-rating anxiety scale (SAS),symptom_severity,self-rating anxiety scale (SAS),baseline (screening),baseline,other,SAS scores between 50 to 60 for all volunteers,unparseable,,,,,,,,,,,,,,,,24.0,False,20.0,80.0,True,anxiety disorders (ICD-10/F41),False,not_reported,not_reported,not_reported,not_reported
35959405,arm_01,verum_acupuncture,Pittsburgh Sleep Quality Index (PSQI) score,symptom_severity,Pittsburgh Sleep Quality Index,Baseline (screening),baseline,narrative,score < 5 (inclusion criterion),unparseable,,,,,,,,,,,,,,,,30.0,False,0.0,21.0,True,Acute sleep deprivation (24 h total SD),True,not_reported,not_reported,not_reported,not_reported
35959405,arm_01,verum_acupuncture,Horne-Ostberg Morningness-Eveningness Questionnaire,other,Horne-Ostberg Morningness-Eveningness Questionnaire,Baseline (screening),baseline,narrative,not extreme morning or evening types (inclusion criterion),unparseable,,,,,,,,,,,,,,,,30.0,True,,,True,Acute sleep deprivation (24 h total SD),True,not_reported,not_reported,not_reported,not_reported
35965072,arm_responders,verum_acupuncture,Symptom Index of Dyspepsia (SID),symptom_severity,Symptom Index of Dyspepsia (SID),baseline,baseline,mean ± SD,4.49 ± 1.33,regex,mean_sd,4.49,1.33,,,,,,,,,,,,,51.0,False,,,True,Functional dyspepsia (FD),False,not_reported,"t = 6.816, P < 0.001",not_reported,P < 0.001
35965072,arm_non_responders,verum_acupuncture,Symptom Index of Dyspepsia (SID),symptom_severity,Symptom Index of Dyspepsia (SID),baseline,baseline,mean ± SD,2.76 ± 0.94,regex,mean_sd,2.76,0.94,,,,,,,,,,,,,38.0,False,,,True,Functional dyspepsia (FD),False,not_reported,"t = 6.816, P < 0.001",not_reported,P < 0.001
35965072,arm_FD_acupuncture,verum_acupuncture,Acupuncture responder status,responder,SID-based responder definition,post-treatment (4 weeks),post,count,"51 responders, 38 non-responders",unparseable,,,,,,,,,,,,,,,,89.0,,,,False,Functional dyspepsia (FD),False,not_reported,not_reported,not_reported,not_reported
35965072,arm_responders,verum_acupuncture,Duration (Month),other,disease duration in months,baseline,baseline,mean ± SD,31.71 ± 22.3,regex,mean_sd,31.71,22.3,,,,,,,,,,,,,51.0,,,,False,Functional dyspepsia (FD),False,not_reported,"t = 2.378, P = 0.02",not_reported,P = 0.02
35965072,arm_non_responders,verum_acupuncture,Duration (Month),other,disease duration in months,baseline,baseline,mean ± SD,44 ± 26.4,regex,mean_sd,44.0,26.4,,,,,,,,,,,,,38.0,,,,False,Functional dyspepsia (FD),False,not_reported,"t = 2.378, P = 0.02",not_reported,P = 0.02
35965072,arm_responders,verum_acupuncture,NDLQI,quality_of_life,Nepean Dyspepsia Life Quality Index (NDLQI),baseline,baseline,mean ± SD,75.69 ± 9.77,regex,mean_sd,75.69,9.77,,,,,,,,,,,,,51.0,True,,,True,Functional dyspepsia (FD),False,not_reported,"t = −1.578, P = 0.118",not_reported,P = 0.118
35965072,arm_non_responders,verum_acupuncture,NDLQI,quality_of_life,Nepean Dyspepsia Life Quality Index (NDLQI),baseline,baseline,mean ± SD,78.84 ± 8.67,regex,mean_sd,78.84,8.67,,,,,,,,,,,,,38.0,True,,,True,Functional dyspepsia (FD),False,not_reported,"t = −1.578, P = 0.118",not_reported,P = 0.118
35965072,arm_responders,verum_acupuncture,SAS,mood,Zung Self-Rating Anxiety Scale (SAS),baseline,baseline,mean ± SD,41.98 ± 8.17,regex,mean_sd,41.98,8.17,,,,,,,,,,,,,51.0,False,20.0,80.0,True,Functional dyspepsia (FD),False,not_reported,"t = −0.375, P = 0.709",not_reported,P = 0.709
35965072,arm_non_responders,verum_acupuncture,SAS,mood,Zung Self-Rating Anxiety Scale (SAS),baseline,baseline,mean ± SD,42.63 ± 8.04,regex,mean_sd,42.63,8.04,,,,,,,,,,,,,38.0,False,20.0,80.0,True,Functional dyspepsia (FD),False,not_reported,"t = −0.375, P = 0.709",not_reported,P = 0.709
35965072,arm_responders,verum_acupuncture,SDS,mood,Zung Self-Rating Depression Scale (SDS),baseline,baseline,mean ± SD,44.27 ± 10.66,regex,mean_sd,44.27,10.66,,,,,,,,,,,,,51.0,False,20.0,80.0,True,Functional dyspepsia (FD),False,not_reported,"t = 0.288, P = 0.774",not_reported,P = 0.774
35965072,arm_non_responders,verum_acupuncture,SDS,mood,Zung Self-Rating Depression Scale (SDS),baseline,baseline,mean ± SD,43.66 ± 9.04,regex,mean_sd,43.66,9.04,,,,,,,,,,,,,38.0,False,20.0,80.0,True,Functional dyspepsia (FD),False,not_reported,"t = 0.288, P = 0.774",not_reported,P = 0.774
35965072,arm_responders,verum_acupuncture,SID improvements,symptom_severity,Symptom Index of Dyspepsia (SID),post-treatment (4 weeks),post,mean ± SD,2.9 ± 0.97,regex,mean_sd,2.9,0.97,,,,,,,,,,,,,39.0,False,,,True,Functional dyspepsia (FD),False,not_reported,"t = 9.861, P < 0.001",not_reported,P < 0.001
35965072,arm_non_responders,verum_acupuncture,SID improvements,symptom_severity,Symptom Index of Dyspepsia (SID),post-treatment (4 weeks),post,mean ± SD,0.5 ± 0.95,regex,mean_sd,0.5,0.95,,,,,,,,,,,,,26.0,False,,,True,Functional dyspepsia (FD),False,not_reported,"t = 9.861, P < 0.001",not_reported,P < 0.001
35965072,arm_responders,verum_acupuncture,NDLQI improvements,quality_of_life,Nepean Dyspepsia Life Quality Index (NDLQI),post-treatment (4 weeks),post,mean ± SD,13.47 ± 10.69,regex,mean_sd,13.47,10.69,,,,,,,,,,,,,39.0,True,,,True,Functional dyspepsia (FD),False,not_reported,"t = 2.188, P = 0.022",not_reported,P = 0.022
35965072,arm_non_responders,verum_acupuncture,NDLQI improvements,quality_of_life,Nepean Dyspepsia Life Quality Index (NDLQI),post-treatment (4 weeks),post,mean ± SD,8.18 ± 7.52,regex,mean_sd,8.18,7.52,,,,,,,,,,,,,26.0,True,,,True,Functional dyspepsia (FD),False,not_reported,"t = 2.188, P = 0.022",not_reported,P = 0.022
35965072,arm_responders,verum_acupuncture,SAS improvements,mood,Zung Self-Rating Anxiety Scale (SAS),post-treatment (4 weeks),post,mean ± SD,8.56 ± 11.15,regex,mean_sd,8.56,11.15,,,,,,,,,,,,,39.0,False,20.0,80.0,True,Functional dyspepsia (FD),False,not_reported,"t = 1.334, P = 0.187",not_reported,P = 0.187
35965072,arm_non_responders,verum_acupuncture,SAS improvements,mood,Zung Self-Rating Anxiety Scale (SAS),post-treatment (4 weeks),post,mean ± SD,4.95 ± 9.92,regex,mean_sd,4.95,9.92,,,,,,,,,,,,,26.0,False,20.0,80.0,True,Functional dyspepsia (FD),False,not_reported,"t = 1.334, P = 0.187",not_reported,P = 0.187
35965072,arm_responders,verum_acupuncture,SDS improvements,mood,Zung Self-Rating Depression Scale (SDS),post-treatment (4 weeks),post,mean ± SD,7.7 ± 11.84,regex,mean_sd,7.7,11.84,,,,,,,,,,,,,39.0,False,20.0,80.0,True,Functional dyspepsia (FD),False,not_reported,"t = 0.529, P = 0.599",not_reported,P = 0.599
35965072,arm_non_responders,verum_acupuncture,SDS improvements,mood,Zung Self-Rating Depression Scale (SDS),post-treatment (4 weeks),post,mean ± SD,6.2 ± 10.11,regex,mean_sd,6.2,10.11,,,,,,,,,,,,,26.0,False,20.0,80.0,True,Functional dyspepsia (FD),False,not_reported,"t = 0.529, P = 0.599",not_reported,P = 0.599
35965072,arm_responders,verum_acupuncture,Duration (Month),other,disease duration in months,baseline,baseline,mean ± SD,32.28 ± 23.05,regex,mean_sd,32.28,23.05,,,,,,,,,,,,,39.0,,,,False,Functional dyspepsia (FD),False,not_reported,"t = −2.809, P = 0.007",not_reported,P = 0.007
35965072,arm_non_responders,verum_acupuncture,Duration (Month),other,disease duration in months,baseline,baseline,mean ± SD,49.65 ± 26.38,regex,mean_sd,49.65,26.38,,,,,,,,,,,,,26.0,,,,False,Functional dyspepsia (FD),False,not_reported,"t = −2.809, P = 0.007",not_reported,P = 0.007
35968386,not_applicable,,Percentage of time in the central zone (OFT),function,Open Field Test (OFT),1-day post-treatment,post,mean ± SEM,not_reported,unparseable,,,,,,,,,,,,,,,,10.0,,,,False,Alzheimer's disease (3×Tg-AD transgenic mouse model),False,not_reported,Significant difference between wildtype-control mice and untreated 3×Tg-AD mice (**P < 0.01); no significant difference between untreated and treated 3×Tg-AD mice (even EA or Non-EA treatment) (ns),not_reported,WT vs 3×Tg-AD: **P < 0.01; EA vs 3×Tg-AD: ns; Non-EA vs 3×Tg-AD: ns
35968386,not_applicable,,Total distance traveled throughout the field (OFT),function,Open Field Test (OFT),1-day post-treatment,post,mean ± SEM,not_reported,unparseable,,,,,,,,,,,,,,,,10.0,,,,False,Alzheimer's disease (3×Tg-AD transgenic mouse model),False,not_reported,Significant difference between wildtype-control mice and untreated 3×Tg-AD mice (**P < 0.01); no significant difference between untreated and treated 3×Tg-AD mice (ns),not_reported,WT vs 3×Tg-AD: **P < 0.01; EA vs 3×Tg-AD: ns; Non-EA vs 3×Tg-AD: ns
35968386,not_applicable,,Total time spent exploring (both objects) in ORT,cognition,Novel Object Recognition Test (NORT/ORT),2-days post-treatment,post,mean ± SEM,not_reported,unparseable,,,,,,,,,,,,,,,,10.0,True,,,True,Alzheimer's disease (3×Tg-AD transgenic mouse model),False,not_reported,3×Tg-AD mice reduced vs WT (**P < 0.01); EA or Non-EA treatment did not affect it (ns),not_reported,WT vs 3×Tg-AD: **P < 0.01; EA vs 3×Tg-AD: ns; Non-EA vs 3×Tg-AD: ns
35968386,not_applicable,,Total number of visits to both objects in ORT,cognition,Novel Object Recognition Test (NORT/ORT),2-days post-treatment,post,mean ± SEM,not_reported,unparseable,,,,,,,,,,,,,,,,10.0,True,,,True,Alzheimer's disease (3×Tg-AD transgenic mouse model),False,not_reported,3×Tg-AD mice reduced vs WT (**P < 0.01); EA or Non-EA treatment did not affect it (ns),not_reported,WT vs 3×Tg-AD: **P < 0.01; EA vs 3×Tg-AD: ns; Non-EA vs 3×Tg-AD: ns
35968386,not_applicable,,Recognition index of time during probe test,cognition,Novel Object Recognition Test (NORT/ORT) – recognition index (time),2-days post-treatment (probe test),post,mean ± SEM,not_reported,unparseable,,,,,,,,,,,,,,,,10.0,True,,,True,Alzheimer's disease (3×Tg-AD transgenic mouse model),False,not_reported,Differences between untreated and EA-treated 3×Tg-AD mice were significant (**P < 0.01); Non-EA-treatment presented no difference (ns); WT vs 3×Tg-AD: **P < 0.01,not_reported,WT vs 3×Tg-AD: **P < 0.01; EA vs 3×Tg-AD: **P < 0.01; Non-EA vs 3×Tg-AD: *P < 0.05 (inferred from Figure 2C); see notes
35968386,not_applicable,,Recognition index of number during probe test,cognition,Novel Object Recognition Test (NORT/ORT) – recognition index (number),2-days post-treatment (probe test),post,mean ± SEM,not_reported,unparseable,,,,,,,,,,,,,,,,10.0,True,,,True,Alzheimer's disease (3×Tg-AD transgenic mouse model),False,not_reported,Differences between untreated and EA-treated 3×Tg-AD mice were significant (**P < 0.01); Non-EA-treatment presented no difference; WT vs 3×Tg-AD: **P < 0.01,not_reported,WT vs 3×Tg-AD: **P < 0.01; EA vs 3×Tg-AD: **P < 0.01; EA vs Non-EA: **P < 0.01
35968386,not_applicable,,Amplitude of sEPSC of hippocampal CA1,physiological,Spontaneous excitatory postsynaptic currents (sEPSC) – amplitude (pA),post-treatment (after MRI),post,mean ± SEM,not_reported,unparseable,,,,,,,,,,,,,,,,5.0,,,,False,Alzheimer's disease (3×Tg-AD transgenic mouse model),False,not_reported,Significant differences among all groups (**P < 0.01); 3×Tg-AD mice showed significantly decreased sEPSC amplitude compared to WT; EA-treated significantly different from untreated 3×Tg-AD; Non-EA treatment does not affect it,not_reported,WT vs 3×Tg-AD: **P < 0.01; EA vs 3×Tg-AD: **P < 0.01; EA vs Non-EA: **P < 0.01
35968386,not_applicable,,"Frequency of spontaneous firing of hippocampal CA1 (sEPSC frequency, Hz)",physiological,Spontaneous excitatory postsynaptic currents (sEPSC) – frequency (Hz),post-treatment (after MRI),post,mean ± SEM,not_reported,unparseable,,,,,,,,,,,,,,,,5.0,,,,False,Alzheimer's disease (3×Tg-AD transgenic mouse model),False,not_reported,Significant differences among all groups (**P < 0.01); EA-treated significantly different from untreated 3×Tg-AD; Non-EA treatment does not affect it,not_reported,WT vs 3×Tg-AD: **P < 0.01; EA vs 3×Tg-AD: **P < 0.01; EA vs Non-EA: **P < 0.01
36051643,VA,verum_acupuncture,VAS scores,pain,visual analog scale (VAS),Pre-treatment (Month 0),baseline,mean ± SD,6.18 ± 0.99,regex,mean_sd,6.18,0.99,,,,,,,,,,,,,20.0,False,0.0,10.0,True,Primary dysmenorrhea (PDM),False,not_reported,"T = 0.65, p = 0.52",not_reported,0.52
36051643,VA,verum_acupuncture,VAS scores,pain,visual analog scale (VAS),Post-treatment (Month 3),post,mean ± SD,3.35 ± 1.50,regex,mean_sd,3.35,1.5,,,,,,,,,,,,,20.0,False,0.0,10.0,True,Primary dysmenorrhea (PDM),False,not_reported,not_reported,not_reported,not_reported
36051643,VA,verum_acupuncture,VAS scores post-pre change,pain,visual analog scale (VAS),Post-pre,other,mean ± SD,–2.83 ± 1.57,regex,mean_sd,-2.83,1.57,,,,,,,,,,,,,20.0,False,0.0,10.0,True,Primary dysmenorrhea (PDM),False,significant decrease (p < 0.05),"T = –4.21, p < 0.001",not_reported,< 0.001
36051643,SA,sham_acupuncture,VAS scores,pain,visual analog scale (VAS),Pre-treatment (Month 0),baseline,mean ± SD,5.93 ± 1.21,regex,mean_sd,5.93,1.21,,,,,,,,,,,,,14.0,False,0.0,10.0,True,Primary dysmenorrhea (PDM),False,not_reported,"T = 0.65, p = 0.52",not_reported,0.52
36051643,SA,sham_acupuncture,VAS scores,pain,visual analog scale (VAS),Post-treatment (Month 3),post,mean ± SD,5.39 ± 1.39,regex,mean_sd,5.39,1.39,,,,,,,,,,,,,14.0,False,0.0,10.0,True,Primary dysmenorrhea (PDM),False,no significant change,not_reported,not_reported,not_reported
36051643,SA,sham_acupuncture,VAS scores post-pre change,pain,visual analog scale (VAS),Post-pre,other,mean ± SD,–0.54 ± 1.55,regex,mean_sd,-0.54,1.55,,,,,,,,,,,,,14.0,False,0.0,10.0,True,Primary dysmenorrhea (PDM),False,no significant change (p < 0.05 not met),"T = –4.21, p < 0.001",not_reported,< 0.001
36051643,VA,verum_acupuncture,CMSS-t scores,symptom_severity,Cox Menstrual Symptom Scale-time subscale (CMSS-t),Pre-treatment (Month 0),baseline,mean ± SD,17.85 ± 8.36,regex,mean_sd,17.85,8.36,,,,,,,,,,,,,20.0,False,,,True,Primary dysmenorrhea (PDM),False,not_reported,"T = –0.26, p = 0.80",not_reported,0.80
36051643,VA,verum_acupuncture,CMSS-t scores,symptom_severity,Cox Menstrual Symptom Scale-time subscale (CMSS-t),Post-treatment (Month 3),post,mean ± SD,13.20 ± 7.05,regex,mean_sd,13.2,7.05,,,,,,,,,,,,,20.0,False,,,True,Primary dysmenorrhea (PDM),False,not_reported,not_reported,not_reported,not_reported
36051643,VA,verum_acupuncture,CMSS-t scores post-pre change,symptom_severity,Cox Menstrual Symptom Scale-time subscale (CMSS-t),Post-pre,other,mean ± SD,–4.65 ± 6.68,regex,mean_sd,-4.65,6.68,,,,,,,,,,,,,20.0,False,,,True,Primary dysmenorrhea (PDM),False,significant decrease (p < 0.05),"T = –0.67, p = 0.51",not_reported,0.51
36051643,SA,sham_acupuncture,CMSS-t scores,symptom_severity,Cox Menstrual Symptom Scale-time subscale (CMSS-t),Pre-treatment (Month 0),baseline,mean ± SD,18.50 ± 5.24,regex,mean_sd,18.5,5.24,,,,,,,,,,,,,14.0,False,,,True,Primary dysmenorrhea (PDM),False,not_reported,"T = –0.26, p = 0.80",not_reported,0.80
36051643,SA,sham_acupuncture,CMSS-t scores,symptom_severity,Cox Menstrual Symptom Scale-time subscale (CMSS-t),Post-treatment (Month 3),post,mean ± SD,15.21 ± 5.28,regex,mean_sd,15.21,5.28,,,,,,,,,,,,,14.0,False,,,True,Primary dysmenorrhea (PDM),False,significant decrease (p < 0.05),not_reported,not_reported,not_reported
36051643,SA,sham_acupuncture,CMSS-t scores post-pre change,symptom_severity,Cox Menstrual Symptom Scale-time subscale (CMSS-t),Post-pre,other,mean ± SD,–3.29 ± 4.29,regex,mean_sd,-3.29,4.29,,,,,,,,,,,,,14.0,False,,,True,Primary dysmenorrhea (PDM),False,significant decrease (p < 0.05),"T = –0.67, p = 0.51",not_reported,0.51
36051643,VA,verum_acupuncture,CMSS-s scores,symptom_severity,Cox Menstrual Symptom Scale-severity subscale (CMSS-s),Pre-treatment (Month 0),baseline,mean ± SD,18.50 ± 7.74,regex,mean_sd,18.5,7.74,,,,,,,,,,,,,20.0,False,,,True,Primary dysmenorrhea (PDM),False,not_reported,"T = 1.84, p = 0.07",not_reported,0.07
36051643,VA,verum_acupuncture,CMSS-s scores,symptom_severity,Cox Menstrual Symptom Scale-severity subscale (CMSS-s),Post-treatment (Month 3),post,mean ± SD,12.88 ± 7.19,regex,mean_sd,12.88,7.19,,,,,,,,,,,,,20.0,False,,,True,Primary dysmenorrhea (PDM),False,not_reported,not_reported,not_reported,not_reported
36051643,VA,verum_acupuncture,CMSS-s scores post-pre change,symptom_severity,Cox Menstrual Symptom Scale-severity subscale (CMSS-s),Post-pre,other,mean ± SD,–5.63 ± 7.80,regex,mean_sd,-5.63,7.8,,,,,,,,,,,,,20.0,False,,,True,Primary dysmenorrhea (PDM),False,significant decrease (p < 0.05),"T = –2.24, p = 0.03",not_reported,0.03
36051643,SA,sham_acupuncture,CMSS-s scores,symptom_severity,Cox Menstrual Symptom Scale-severity subscale (CMSS-s),Pre-treatment (Month 0),baseline,mean ± SD,14.43 ± 3.34,regex,mean_sd,14.43,3.34,,,,,,,,,,,,,14.0,False,,,True,Primary dysmenorrhea (PDM),False,not_reported,"T = 1.84, p = 0.07",not_reported,0.07
36051643,SA,sham_acupuncture,CMSS-s scores,symptom_severity,Cox Menstrual Symptom Scale-severity subscale (CMSS-s),Post-treatment (Month 3),post,mean ± SD,14.50 ± 6.37,regex,mean_sd,14.5,6.37,,,,,,,,,,,,,14.0,False,,,True,Primary dysmenorrhea (PDM),False,no significant change,not_reported,not_reported,not_reported
36051643,SA,sham_acupuncture,CMSS-s scores post-pre change,symptom_severity,Cox Menstrual Symptom Scale-severity subscale (CMSS-s),Post-pre,other,mean ± SD,0.07 ± 6.49,regex,mean_sd,0.07,6.49,,,,,,,,,,,,,14.0,False,,,True,Primary dysmenorrhea (PDM),False,no significant change,"T = –2.24, p = 0.03",not_reported,0.03
36051643,VA,verum_acupuncture,SAS scores,mood,Zung Self-Rating Anxiety Scale (SAS),Pre-treatment (Month 0),baseline,mean ± SD,41.88 ± 4.77,regex,mean_sd,41.88,4.77,,,,,,,,,,,,,20.0,False,20.0,80.0,True,Primary dysmenorrhea (PDM),False,not_reported,"T = 0.54, p = 0.59",not_reported,0.59
36051643,VA,verum_acupuncture,SAS scores,mood,Zung Self-Rating Anxiety Scale (SAS),Post-treatment (Month 3),post,mean ± SD,35.44 ± 4.12,regex,mean_sd,35.44,4.12,,,,,,,,,,,,,20.0,False,20.0,80.0,True,Primary dysmenorrhea (PDM),False,not_reported,not_reported,not_reported,not_reported
36051643,VA,verum_acupuncture,SAS scores post-pre change,mood,Zung Self-Rating Anxiety Scale (SAS),Post-pre,other,mean ± SD,–6.44 ± 4.65,regex,mean_sd,-6.44,4.65,,,,,,,,,,,,,20.0,False,20.0,80.0,True,Primary dysmenorrhea (PDM),False,significant decrease (p < 0.05),"T = –1.63, p = 0.11",not_reported,0.11
36051643,SA,sham_acupuncture,SAS scores,mood,Zung Self-Rating Anxiety Scale (SAS),Pre-treatment (Month 0),baseline,mean ± SD,40.68 ± 8.08,regex,mean_sd,40.68,8.08,,,,,,,,,,,,,14.0,False,20.0,80.0,True,Primary dysmenorrhea (PDM),False,not_reported,"T = 0.54, p = 0.59",not_reported,0.59
36051643,SA,sham_acupuncture,SAS scores,mood,Zung Self-Rating Anxiety Scale (SAS),Post-treatment (Month 3),post,mean ± SD,37.38 ± 5.48,regex,mean_sd,37.38,5.48,,,,,,,,,,,,,14.0,False,20.0,80.0,True,Primary dysmenorrhea (PDM),False,no significant change,not_reported,not_reported,not_reported
36051643,SA,sham_acupuncture,SAS scores post-pre change,mood,Zung Self-Rating Anxiety Scale (SAS),Post-pre,other,mean ± SD,–3.30 ± 6.57,regex,mean_sd,-3.3,6.57,,,,,,,,,,,,,14.0,False,20.0,80.0,True,Primary dysmenorrhea (PDM),False,no significant change,"T = –1.63, p = 0.11",not_reported,0.11
36051643,VA,verum_acupuncture,SDS scores,mood,Zung Self-Rating Depression Scale (SDS),Pre-treatment (Month 0),baseline,mean ± SD,40.36 ± 6.61,regex,mean_sd,40.36,6.61,,,,,,,,,,,,,20.0,False,20.0,80.0,True,Primary dysmenorrhea (PDM),False,not_reported,"T = –1.35, p = 0.19",not_reported,0.19
36051643,VA,verum_acupuncture,SDS scores,mood,Zung Self-Rating Depression Scale (SDS),Post-treatment (Month 3),post,mean ± SD,31.75 ± 5.34,regex,mean_sd,31.75,5.34,,,,,,,,,,,,,20.0,False,20.0,80.0,True,Primary dysmenorrhea (PDM),False,not_reported,not_reported,not_reported,not_reported
36051643,VA,verum_acupuncture,SDS scores post-pre change,mood,Zung Self-Rating Depression Scale (SDS),Post-pre,other,mean ± SD,–14.96 ± 4.27,regex,mean_sd,-14.96,4.27,,,,,,,,,,,,,20.0,False,20.0,80.0,True,Primary dysmenorrhea (PDM),False,significant decrease (p < 0.05),"T = –1.36, p = 0.18",not_reported,0.18
36051643,SA,sham_acupuncture,SDS scores,mood,Zung Self-Rating Depression Scale (SDS),Pre-treatment (Month 0),baseline,mean ± SD,44.20 ± 9.97,regex,mean_sd,44.2,9.97,,,,,,,,,,,,,14.0,False,20.0,80.0,True,Primary dysmenorrhea (PDM),False,not_reported,"T = –1.35, p = 0.19",not_reported,0.19
36051643,SA,sham_acupuncture,SDS scores,mood,Zung Self-Rating Depression Scale (SDS),Post-treatment (Month 3),post,mean ± SD,39.91 ± 7.26,regex,mean_sd,39.91,7.26,,,,,,,,,,,,,14.0,False,20.0,80.0,True,Primary dysmenorrhea (PDM),False,not_reported,not_reported,not_reported,not_reported
36051643,SA,sham_acupuncture,SDS scores post-pre change,mood,Zung Self-Rating Depression Scale (SDS),Post-pre,other,mean ± SD,–12.27 ± 7.30,regex,mean_sd,-12.27,7.3,,,,,,,,,,,,,14.0,False,20.0,80.0,True,Primary dysmenorrhea (PDM),False,approach significant change (p = 0.05),"T = –1.36, p = 0.18",not_reported,0.18
36102803,arm_exp,verum_acupuncture,Visual Analog Scale (VAS) pain score before intervention,pain,Visual Analog Scale (VAS),before analgesic electrical stimulation modulation,other,mean ± SD,69 ± 6 mm,regex,mean_sd,69.0,6.0,,,,,,,,,,,,,16.0,False,0.0,10.0,True,myofascial pain syndrome (MPS) / myofasciitis,False,not_reported,not_reported,not_reported,not_reported
36102803,arm_exp,verum_acupuncture,Visual Analog Scale (VAS) pain score after intervention,pain,Visual Analog Scale (VAS),after analgesic electrical stimulation modulation,other,mean ± SD,21 ± 3 mm,regex,mean_sd,21.0,3.0,,,,,,,,,,,,,16.0,False,0.0,10.0,True,myofascial pain syndrome (MPS) / myofasciitis,False,significant difference before and after modulation (P < .001),not_reported,not_reported,P < .001
36102803,arm_ctrl,waitlist,Visual Analog Scale (VAS) pain score before rest,pain,Visual Analog Scale (VAS),before rest,other,mean ± SD,61 ± 3 mm,regex,mean_sd,61.0,3.0,,,,,,,,,,,,,15.0,False,0.0,10.0,True,myofascial pain syndrome (MPS) / myofasciitis,False,not_reported,not_reported,not_reported,not_reported
36102803,arm_ctrl,waitlist,Visual Analog Scale (VAS) pain score after rest,pain,Visual Analog Scale (VAS),after rest,other,mean ± SD,55 ± 4 mm,regex,mean_sd,55.0,4.0,,,,,,,,,,,,,15.0,False,0.0,10.0,True,myofascial pain syndrome (MPS) / myofasciitis,False,no significant difference in the control group,not_reported,not_reported,not significant
36102803,not_applicable,,VAS score comparison between groups before treatment/rest,pain,Visual Analog Scale (VAS),before treatment/rest,baseline,other,not_reported,unparseable,,,,,,,,,,,,,,,,31.0,False,0.0,10.0,True,myofascial pain syndrome (MPS) / myofasciitis,False,not_reported,"t = -0.352, P = .676 (no significant difference)",not_reported,.676
36102803,not_applicable,,VAS score comparison between groups after treatment/rest,pain,Visual Analog Scale (VAS),after treatment/rest,post,other,not_reported,unparseable,,,,,,,,,,,,,,,,31.0,False,0.0,10.0,True,myofascial pain syndrome (MPS) / myofasciitis,False,not_reported,"t = -2.956, P = .001 (significant difference)",not_reported,.001
36530615,arm_PSA,other,Listening,function,Chinese Rehabilitation Research Center for Chinese Standard Aphasia Examination (CRRCAE),baseline (clinical characteristics),baseline,mean ± SD,25 ± 9,regex,mean_sd,25.0,9.0,,,,,,,,,,,,,12.0,True,,,True,Post-stroke aphasia (PSA) caused by left hemisphere stroke,True,not_reported,not_reported,not_reported,not_reported
36530615,arm_PSA,other,Repeating,function,Chinese Rehabilitation Research Center for Chinese Standard Aphasia Examination (CRRCAE),baseline (clinical characteristics),baseline,mean ± SD,20 ± 7,regex,mean_sd,20.0,7.0,,,,,,,,,,,,,12.0,True,,,True,Post-stroke aphasia (PSA) caused by left hemisphere stroke,True,not_reported,not_reported,not_reported,not_reported
36530615,arm_PSA,other,Speaking,function,Chinese Rehabilitation Research Center for Chinese Standard Aphasia Examination (CRRCAE),baseline (clinical characteristics),baseline,mean ± SD,11 ± 10,regex,mean_sd,11.0,10.0,,,,,,,,,,,,,12.0,True,,,True,Post-stroke aphasia (PSA) caused by left hemisphere stroke,True,not_reported,not_reported,not_reported,not_reported
36530615,arm_PSA,other,Reading aloud,function,Chinese Rehabilitation Research Center for Chinese Standard Aphasia Examination (CRRCAE),baseline (clinical characteristics),baseline,mean ± SD,17 ± 7,regex,mean_sd,17.0,7.0,,,,,,,,,,,,,12.0,True,,,True,Post-stroke aphasia (PSA) caused by left hemisphere stroke,True,not_reported,not_reported,not_reported,not_reported
36530615,arm_PSA,other,Reading comprehension,function,Chinese Rehabilitation Research Center for Chinese Standard Aphasia Examination (CRRCAE),baseline (clinical characteristics),baseline,mean ± SD,21 ± 10,regex,mean_sd,21.0,10.0,,,,,,,,,,,,,12.0,True,,,True,Post-stroke aphasia (PSA) caused by left hemisphere stroke,True,not_reported,not_reported,not_reported,not_reported
36530615,arm_PSA,other,Transcribing,function,Chinese Rehabilitation Research Center for Chinese Standard Aphasia Examination (CRRCAE),baseline (clinical characteristics),baseline,mean ± SD,3 ± 4,regex,mean_sd,3.0,4.0,,,,,,,,,,,,,12.0,True,,,True,Post-stroke aphasia (PSA) caused by left hemisphere stroke,True,not_reported,not_reported,not_reported,not_reported
36530615,arm_PSA,other,Describing,function,Chinese Rehabilitation Research Center for Chinese Standard Aphasia Examination (CRRCAE),baseline (clinical characteristics),baseline,mean ± SD,2 ± 4,regex,mean_sd,2.0,4.0,,,,,,,,,,,,,12.0,True,,,True,Post-stroke aphasia (PSA) caused by left hemisphere stroke,True,not_reported,not_reported,not_reported,not_reported
36530615,arm_PSA,other,Dictating,function,Chinese Rehabilitation Research Center for Chinese Standard Aphasia Examination (CRRCAE),baseline (clinical characteristics),baseline,mean ± SD,1 ± 2,regex,mean_sd,1.0,2.0,,,,,,,,,,,,,12.0,True,,,True,Post-stroke aphasia (PSA) caused by left hemisphere stroke,True,not_reported,not_reported,not_reported,not_reported
36530615,arm_PSA,other,Calculating,function,Chinese Rehabilitation Research Center for Chinese Standard Aphasia Examination (CRRCAE),baseline (clinical characteristics),baseline,mean ± SD,3 ± 4,regex,mean_sd,3.0,4.0,,,,,,,,,,,,,12.0,True,,,True,Post-stroke aphasia (PSA) caused by left hemisphere stroke,True,not_reported,not_reported,not_reported,not_reported
36530615,arm_PSA,other,BDAE,symptom_severity,Boston Diagnostic Aphasia Examination (BDAE),baseline (clinical characteristics),baseline,mean,2,unparseable,,,,,,,,,,,,,,,,16.0,True,,,True,Post-stroke aphasia (PSA) caused by left hemisphere stroke,True,not_reported,not_reported,not_reported,not_reported
36530635,arm_tinnitus,verum_acupuncture,Tinnitus Handicap Inventory (THI) total score,symptom_severity,Tinnitus Handicap Inventory (THI),pre-acupuncture,baseline,other,not_reported (visible in Figure 2A violin plot only),unparseable,,,,,,,,,,,,,,,,26.0,False,0.0,100.0,True,subjective tinnitus,True,significantly decreased after acupuncture treatment,not_reported,not_reported,p < 0.05
36530635,arm_tinnitus,verum_acupuncture,Tinnitus Handicap Inventory (THI) total score,symptom_severity,Tinnitus Handicap Inventory (THI),post-acupuncture,post,other,not_reported (visible in Figure 2A violin plot only),unparseable,,,,,,,,,,,,,,,,26.0,False,0.0,100.0,True,subjective tinnitus,True,significantly decreased after acupuncture treatment (p < 0.05),not_reported,not_reported,p < 0.05
36530635,arm_tinnitus,verum_acupuncture,Tinnitus Evaluation Questionnaire (TEQ) score,symptom_severity,Tinnitus Evaluation Questionnaire (TEQ),pre-acupuncture,baseline,other,not_reported (visible in Figure 2B violin plot only),unparseable,,,,,,,,,,,,,,,,26.0,,,,False,subjective tinnitus,True,significantly decreased after acupuncture treatment,not_reported,not_reported,p < 0.05
36530635,arm_tinnitus,verum_acupuncture,Tinnitus Evaluation Questionnaire (TEQ) score,symptom_severity,Tinnitus Evaluation Questionnaire (TEQ),post-acupuncture,post,other,not_reported (visible in Figure 2B violin plot only),unparseable,,,,,,,,,,,,,,,,26.0,,,,False,subjective tinnitus,True,significantly decreased after acupuncture treatment (p < 0.05),not_reported,not_reported,p < 0.05
36530635,arm_tinnitus,verum_acupuncture,Visual Analog Scale (VAS) score,symptom_severity,Visual Analog Scale (VAS),pre-acupuncture,baseline,other,not_reported (visible in Figure 2C violin plot only),unparseable,,,,,,,,,,,,,,,,26.0,False,0.0,10.0,True,subjective tinnitus,True,significantly decreased after acupuncture treatment,not_reported,not_reported,p < 0.05
36530635,arm_tinnitus,verum_acupuncture,Visual Analog Scale (VAS) score,symptom_severity,Visual Analog Scale (VAS),post-acupuncture,post,other,not_reported (visible in Figure 2C violin plot only),unparseable,,,,,,,,,,,,,,,,26.0,False,0.0,10.0,True,subjective tinnitus,True,significantly decreased after acupuncture treatment (p < 0.05),not_reported,not_reported,p < 0.05
36744205,arm_patients,verum_acupuncture,Visual Analogue Scale (VAS) for numbness,symptom_severity,Visual Analogue Scale (VAS),Baseline,baseline,mean ± SD,4.38±0.71,regex,mean_sd,4.38,0.71,,,,,,,,,,,,,23.0,False,0.0,10.0,True,Ischemic stroke sequelae with unilateral limb numbness (somatosensory dysfunction),True,not_reported,not_reported,not_reported,P<0.01
36744205,arm_patients,verum_acupuncture,Visual Analogue Scale (VAS) for numbness,symptom_severity,Visual Analogue Scale (VAS),4th week,other,mean ± SD,1.42±1.41,regex,mean_sd,1.42,1.41,,,,,,,,,,,,,23.0,False,0.0,10.0,True,Ischemic stroke sequelae with unilateral limb numbness (somatosensory dysfunction),True,decreased from 4.38±0.71 to 1.42±1.41,not_reported,not_reported,P<0.01
36744205,arm_patients,verum_acupuncture,Pearson correlation between t-values of ALFF in L_SMG and VAS score,sensory,VAS,not_reported,other,other,"r = -0.401, P=0.007",unparseable,,,,,,,,,,,,,,,,23.0,False,0.0,10.0,True,Ischemic stroke sequelae with unilateral limb numbness (somatosensory dysfunction),True,not_reported,not_reported,r = -0.401,P=0.007
36744205,arm_patients,verum_acupuncture,Pearson correlation between t-values of ALFF in L_preCG and VAS score,sensory,VAS,not_reported,other,other,"r = -0.350, P=0.023",unparseable,,,,,,,,,,,,,,,,23.0,False,0.0,10.0,True,Ischemic stroke sequelae with unilateral limb numbness (somatosensory dysfunction),True,not_reported,not_reported,r = -0.350,P=0.023
36744205,arm_patients,verum_acupuncture,Pearson correlation between t-values of ALFF in L_PHG and VAS score,sensory,VAS,not_reported,other,other,"r = -0.570, P=0.000",unparseable,,,,,,,,,,,,,,,,23.0,False,0.0,10.0,True,Ischemic stroke sequelae with unilateral limb numbness (somatosensory dysfunction),True,not_reported,not_reported,r = -0.570,P=0.000
36744205,arm_patients,verum_acupuncture,Pearson correlation between t-values of ALFF in R_postCG and VAS score,sensory,VAS,not_reported,other,other,"r = -0.368, P=0.019",unparseable,,,,,,,,,,,,,,,,23.0,False,0.0,10.0,True,Ischemic stroke sequelae with unilateral limb numbness (somatosensory dysfunction),True,not_reported,not_reported,r = -0.368,P=0.019
36744205,arm_patients,verum_acupuncture,Pearson correlation between z-values of FC between R_MTG and L_SMG and VAS score,sensory,VAS,not_reported,other,other,"r = -0.383, P=0.009",unparseable,,,,,,,,,,,,,,,,23.0,False,0.0,10.0,True,Ischemic stroke sequelae with unilateral limb numbness (somatosensory dysfunction),True,not_reported,not_reported,r = -0.383,P=0.009
36744205,arm_patients,verum_acupuncture,Pearson correlation between z-values of FC between R_MFG and cerebellum vermis 9 and VAS score,sensory,VAS,not_reported,other,other,"r = -0.528, P=0.000",unparseable,,,,,,,,,,,,,,,,23.0,False,0.0,10.0,True,Ischemic stroke sequelae with unilateral limb numbness (somatosensory dysfunction),True,not_reported,not_reported,r = -0.528,P=0.000
36890655,arm_VA,verum_acupuncture,VAS (Visual Analog Scale),pain,Visual Analog Scale (VAS),Baseline,baseline,median [IQR],"4.00 (3.00, 5.00)",regex,median_iqr,4.0,1.4814814814814814,,4.0,3.0,5.0,,,,,,,,,28.0,False,0.0,10.0,True,Knee osteoarthritis (KOA) with knee pain,True,not_reported,not_reported,not_reported,not_reported
36890655,arm_VA,verum_acupuncture,VAS (Visual Analog Scale),pain,Visual Analog Scale (VAS),End of treatment (after 2 weeks),post,median [IQR],"2.50 (1.00, 3.00)",regex,median_iqr,2.1666666666666665,1.4814814814814814,,2.5,1.0,3.0,,,,,,,,,28.0,False,0.0,10.0,True,Knee osteoarthritis (KOA) with knee pain,True,not_reported,not_reported,not_reported,< 0.001
36890655,arm_SA,sham_acupuncture,VAS (Visual Analog Scale),pain,Visual Analog Scale (VAS),Baseline,baseline,median [IQR],"4.00 (3.00, 5.00)",regex,median_iqr,4.0,1.4814814814814814,,4.0,3.0,5.0,,,,,,,,,32.0,False,0.0,10.0,True,Knee osteoarthritis (KOA) with knee pain,True,not_reported,not_reported,not_reported,not_reported
36890655,arm_SA,sham_acupuncture,VAS (Visual Analog Scale),pain,Visual Analog Scale (VAS),End of treatment (after 2 weeks),post,median [IQR],"3.00 (2.00, 3.00)",regex,median_iqr,2.6666666666666665,0.7407407407407407,,3.0,2.0,3.0,,,,,,,,,32.0,False,0.0,10.0,True,Knee osteoarthritis (KOA) with knee pain,True,not_reported,not_reported,not_reported,< 0.001
36890655,arm_SC,medication,VAS (Visual Analog Scale),pain,Visual Analog Scale (VAS),Baseline,baseline,median [IQR],"4.00 (3.00, 6.00)",regex,median_iqr,4.333333333333333,2.222222222222222,,4.0,3.0,6.0,,,,,,,,,29.0,False,0.0,10.0,True,Knee osteoarthritis (KOA) with knee pain,True,not_reported,not_reported,not_reported,not_reported
36890655,arm_SC,medication,VAS (Visual Analog Scale),pain,Visual Analog Scale (VAS),End of treatment (after 2 weeks),post,median [IQR],"3.00 (1.50, 3.00)",regex,median_iqr,2.5,1.111111111111111,,3.0,1.5,3.0,,,,,,,,,29.0,False,0.0,10.0,True,Knee osteoarthritis (KOA) with knee pain,True,not_reported,not_reported,not_reported,< 0.001
36890655,arm_PB,placebo,VAS (Visual Analog Scale),pain,Visual Analog Scale (VAS),Baseline,baseline,median [IQR],"4.00 (3.00, 5.00)",regex,median_iqr,4.0,1.4814814814814814,,4.0,3.0,5.0,,,,,,,,,30.0,False,0.0,10.0,True,Knee osteoarthritis (KOA) with knee pain,True,not_reported,not_reported,not_reported,not_reported
36890655,arm_PB,placebo,VAS (Visual Analog Scale),pain,Visual Analog Scale (VAS),End of treatment (after 2 weeks),post,median [IQR],"3.00 (3.00, 4.00)",regex,median_iqr,3.3333333333333335,0.7407407407407407,,3.0,3.0,4.0,,,,,,,,,30.0,False,0.0,10.0,True,Knee osteoarthritis (KOA) with knee pain,True,not_reported,not_reported,not_reported,0.002
36890655,arm_WL,waitlist,VAS (Visual Analog Scale),pain,Visual Analog Scale (VAS),Baseline,baseline,median [IQR],"3.00 (3.00, 5.00)",regex,median_iqr,3.6666666666666665,1.4814814814814814,,3.0,3.0,5.0,,,,,,,,,30.0,False,0.0,10.0,True,Knee osteoarthritis (KOA) with knee pain,True,not_reported,not_reported,not_reported,not_reported
36890655,arm_WL,waitlist,VAS (Visual Analog Scale),pain,Visual Analog Scale (VAS),End of treatment (after 2 weeks),post,median [IQR],"3.00 (2.00, 3.25)",regex,median_iqr,2.75,0.9259259259259258,,3.0,2.0,3.25,,,,,,,,,30.0,False,0.0,10.0,True,Knee osteoarthritis (KOA) with knee pain,True,not_reported,not_reported,not_reported,0.001
36890655,arm_AG,verum_acupuncture,VAS (Visual Analog Scale),pain,Visual Analog Scale (VAS),Baseline,baseline,median [IQR],"4.00 (3.00, 5.00)",regex,median_iqr,4.0,1.4814814814814814,,4.0,3.0,5.0,,,,,,,,,60.0,False,0.0,10.0,True,Knee osteoarthritis (KOA) with knee pain,True,not_reported,not_reported,not_reported,not_reported
36890655,arm_AG,verum_acupuncture,VAS (Visual Analog Scale),pain,Visual Analog Scale (VAS),End of treatment (after 2 weeks),post,median [IQR],"3.00 (2.00, 3.00)",regex,median_iqr,2.6666666666666665,0.7407407407407407,,3.0,2.0,3.0,,,,,,,,,60.0,False,0.0,10.0,True,Knee osteoarthritis (KOA) with knee pain,True,not_reported,not_reported,not_reported,< 0.001
36890655,arm_VA,verum_acupuncture,VAS change (End - Baseline),pain,Visual Analog Scale (VAS),End of treatment minus Baseline,baseline,median [IQR],"VA: -2.00 (-3.00, -1.00); SA: -1.25 (-2.75, -0.63)",unparseable,,,,,,,,,,,,,,,,,False,0.0,10.0,True,Knee osteoarthritis (KOA) with knee pain,True,not_reported,no statistically significant difference between VA and SA (p = 0.181),not_reported,0.181
36890655,arm_SC,medication,VAS change (End - Baseline),pain,Visual Analog Scale (VAS),End of treatment minus Baseline,baseline,median [IQR],"SC: -2.00 (-3.00, -1.00); PB: -1.00 (-2.00, 0.00)",unparseable,,,,,,,,,,,,,,,,,False,0.0,10.0,True,Knee osteoarthritis (KOA) with knee pain,True,not_reported,statistically significant difference between SC and PB (p = 0.002),not_reported,0.002
36890655,arm_AG,verum_acupuncture,VAS change (End - Baseline),pain,Visual Analog Scale (VAS),End of treatment minus Baseline,baseline,median [IQR],"AG: -2.00 (-3.00, -1.00); SC: -2.00 (-3.00, -1.00)",unparseable,,,,,,,,,,,,,,,,,False,0.0,10.0,True,Knee osteoarthritis (KOA) with knee pain,True,not_reported,no statistically significant difference between AG and SC (p = 0.609),not_reported,0.609
36890655,arm_AG,verum_acupuncture,VAS change (End - Baseline),pain,Visual Analog Scale (VAS),End of treatment minus Baseline,baseline,median [IQR],"AG: -2.00 (-3.00, -1.00); PB: -1.00 (-2.00, 0.00)",unparseable,,,,,,,,,,,,,,,,,False,0.0,10.0,True,Knee osteoarthritis (KOA) with knee pain,True,not_reported,statistically significant difference between AG and PB (p = 0.001),not_reported,0.001
36890655,arm_AG,verum_acupuncture,VAS change (End - Baseline),pain,Visual Analog Scale (VAS),End of treatment minus Baseline,baseline,median [IQR],"AG: -2.00 (-3.00, -1.00); WL: -1.00 (-2.00, 0.00)",unparseable,,,,,,,,,,,,,,,,,False,0.0,10.0,True,Knee osteoarthritis (KOA) with knee pain,True,not_reported,statistically significant difference between AG and WL (p = 0.015),not_reported,0.015
36890655,arm_VA,verum_acupuncture,SF-MPQ (short-form McGill pain questionnaire),pain,short-form McGill pain questionnaire (SF-MPQ),Baseline,baseline,median [IQR],"9.25 (7.00, 12.75)",regex,median_iqr,9.666666666666666,4.259259259259259,,9.25,7.0,12.75,,,,,,,,,28.0,False,0.0,45.0,True,Knee osteoarthritis (KOA) with knee pain,True,not_reported,not_reported,not_reported,not_reported
36890655,arm_VA,verum_acupuncture,SF-MPQ (short-form McGill pain questionnaire),pain,short-form McGill pain questionnaire (SF-MPQ),End of treatment (after 2 weeks),post,median [IQR],"4.50 (2.00, 7.75)",regex,median_iqr,4.75,4.259259259259259,,4.5,2.0,7.75,,,,,,,,,28.0,False,0.0,45.0,True,Knee osteoarthritis (KOA) with knee pain,True,not_reported,not_reported,not_reported,< 0.001
36890655,arm_SA,sham_acupuncture,SF-MPQ (short-form McGill pain questionnaire),pain,short-form McGill pain questionnaire (SF-MPQ),End of treatment (after 2 weeks),post,median [IQR],"6.00 (4.00, 7.75)",regex,median_iqr,5.916666666666667,2.7777777777777777,,6.0,4.0,7.75,,,,,,,,,32.0,False,0.0,45.0,True,Knee osteoarthritis (KOA) with knee pain,True,not_reported,not_reported,not_reported,< 0.001
36890655,arm_SC,medication,SF-MPQ (short-form McGill pain questionnaire),pain,short-form McGill pain questionnaire (SF-MPQ),End of treatment (after 2 weeks),post,median [IQR],"5.00 (4.00, 7.00)",regex,median_iqr,5.333333333333333,2.222222222222222,,5.0,4.0,7.0,,,,,,,,,29.0,False,0.0,45.0,True,Knee osteoarthritis (KOA) with knee pain,True,not_reported,not_reported,not_reported,< 0.001
36890655,arm_PB,placebo,SF-MPQ (short-form McGill pain questionnaire),pain,short-form McGill pain questionnaire (SF-MPQ),End of treatment (after 2 weeks),post,median [IQR],"6.00 (5.00, 8.00)",regex,median_iqr,6.333333333333333,2.222222222222222,,6.0,5.0,8.0,,,,,,,,,30.0,False,0.0,45.0,True,Knee osteoarthritis (KOA) with knee pain,True,not_reported,not_reported,not_reported,< 0.001
36890655,arm_WL,waitlist,SF-MPQ (short-form McGill pain questionnaire),pain,short-form McGill pain questionnaire (SF-MPQ),End of treatment (after 2 weeks),post,median [IQR],"6.00 (4.75, 7.00)",regex,median_iqr,5.916666666666667,1.6666666666666663,,6.0,4.75,7.0,,,,,,,,,30.0,False,0.0,45.0,True,Knee osteoarthritis (KOA) with knee pain,True,not_reported,not_reported,not_reported,< 0.001
36890655,arm_SC,medication,SF-MPQ change (End - Baseline),pain,short-form McGill pain questionnaire (SF-MPQ),End of treatment minus Baseline,baseline,median [IQR],"SC: -4.00 (-6.00, -2.00); PB: -2.00 (-3.63, 0.00)",unparseable,,,,,,,,,,,,,,,,,False,0.0,45.0,True,Knee osteoarthritis (KOA) with knee pain,True,not_reported,statistically significant difference between SC and PB (p = 0.002),not_reported,0.002
36890655,arm_AG,verum_acupuncture,SF-MPQ change (End - Baseline),pain,short-form McGill pain questionnaire (SF-MPQ),End of treatment minus Baseline,baseline,median [IQR],"AG: -4.00 (-7.00, -2.13); PB: -2.00 (-3.63, 0.00)",unparseable,,,,,,,,,,,,,,,,,False,0.0,45.0,True,Knee osteoarthritis (KOA) with knee pain,True,not_reported,statistically significant difference between AG and PB (p < 0.001),not_reported,< 0.001
36890655,arm_AG,verum_acupuncture,SF-MPQ change (End - Baseline),pain,short-form McGill pain questionnaire (SF-MPQ),End of treatment minus Baseline,baseline,median [IQR],"AG: -4.00 (-7.00, -2.13); WL: -2.00 (-4.25, -1.00)",unparseable,,,,,,,,,,,,,,,,,False,0.0,45.0,True,Knee osteoarthritis (KOA) with knee pain,True,not_reported,statistically significant difference between AG and WL (p = 0.002),not_reported,0.002
36890655,arm_VA,verum_acupuncture,WOMAC scores (Western Ontario and McMaster Universities Osteoarthritis Index),function,Western Ontario and McMaster Universities Osteoarthritis Index (WOMAC),Baseline,baseline,median [IQR],"27.00 (13.00, 47.50)",regex,median_iqr,29.166666666666668,25.555555555555554,,27.0,13.0,47.5,,,,,,,,,28.0,False,0.0,96.0,True,Knee osteoarthritis (KOA) with knee pain,True,not_reported,not_reported,not_reported,not_reported
36890655,arm_VA,verum_acupuncture,WOMAC scores (Western Ontario and McMaster Universities Osteoarthritis Index),function,Western Ontario and McMaster Universities Osteoarthritis Index (WOMAC),End of treatment (after 2 weeks),post,median [IQR],"11.50 (2.50, 23.50)",regex,median_iqr,12.5,15.555555555555555,,11.5,2.5,23.5,,,,,,,,,28.0,False,0.0,96.0,True,Knee osteoarthritis (KOA) with knee pain,True,not_reported,not_reported,not_reported,< 0.001
36890655,arm_SC,medication,WOMAC change (End - Baseline),function,Western Ontario and McMaster Universities Osteoarthritis Index (WOMAC),End of treatment minus Baseline,baseline,median [IQR],"SC: -16.00 (-27.00, -8.50); PB: -5.00 (-13.25, -2.00)",unparseable,,,,,,,,,,,,,,,,,False,0.0,96.0,True,Knee osteoarthritis (KOA) with knee pain,True,not_reported,statistically significant difference between SC and PB (p = 0.004),not_reported,0.004
36890655,arm_AG,verum_acupuncture,WOMAC change (End - Baseline),function,Western Ontario and McMaster Universities Osteoarthritis Index (WOMAC),End of treatment minus Baseline,baseline,median [IQR],"AG: -13.00 (-21.75, -6.00); PB: -5.00 (-13.25, -2.00)",unparseable,,,,,,,,,,,,,,,,,False,0.0,96.0,True,Knee osteoarthritis (KOA) with knee pain,True,not_reported,statistically significant difference between AG and PB (p = 0.023),not_reported,0.023
36890655,arm_AG,verum_acupuncture,WOMAC change (End - Baseline),function,Western Ontario and McMaster Universities Osteoarthritis Index (WOMAC),End of treatment minus Baseline,baseline,median [IQR],"AG: -13.00 (-21.75, -6.00); WL: -6.50 (-17.25, -1.00)",unparseable,,,,,,,,,,,,,,,,,False,0.0,96.0,True,Knee osteoarthritis (KOA) with knee pain,True,not_reported,p = 0.047,not_reported,0.047
36890655,arm_VA,verum_acupuncture,SF-12 score (12-item short-form health survey),quality_of_life,12-item short-form health survey (SF-12),Baseline,baseline,median [IQR],"35.50 (30.25, 37.50)",regex,median_iqr,34.416666666666664,5.37037037037037,,35.5,30.25,37.5,,,,,,,,,28.0,True,0.0,100.0,True,Knee osteoarthritis (KOA) with knee pain,True,not_reported,not_reported,not_reported,not_reported
36890655,arm_VA,verum_acupuncture,SF-12 score (12-item short-form health survey),quality_of_life,12-item short-form health survey (SF-12),End of treatment (after 2 weeks),post,median [IQR],"36.50 (32.00, 41.00)",regex,median_iqr,36.5,6.666666666666666,,36.5,32.0,41.0,,,,,,,,,28.0,True,0.0,100.0,True,Knee osteoarthritis (KOA) with knee pain,True,not_reported,not_reported,not_reported,0.010
36890655,arm_AG,verum_acupuncture,SF-12 change (End - Baseline),quality_of_life,12-item short-form health survey (SF-12),End of treatment minus Baseline,baseline,median [IQR],"AG: 1.00 (0.00, 4.00); WL: 0.50 (-0.25, 2.25)",unparseable,,,,,,,,,,,,,,,,,True,0.0,100.0,True,Knee osteoarthritis (KOA) with knee pain,True,not_reported,statistically significant difference between AG and WL (p = 0.024),not_reported,0.024
36922926,acu,verum_acupuncture,Montreal Cognitive Assessment (MoCA),cognition,MoCA,Baseline,baseline,median [IQR],22.00 (6.00),regex,mean_sd,22.0,6.0,,,,,,,,,,,,,25.0,True,0.0,30.0,True,Cerebral small vessel disease cognitive impairment (CSVDCI),False,not_reported,not_reported,not_reported,0.319
36922926,con,active_control,Montreal Cognitive Assessment (MoCA),cognition,MoCA,Baseline,baseline,median [IQR],22.00 (6.00),regex,mean_sd,22.0,6.0,,,,,,,,,,,,,19.0,True,0.0,30.0,True,Cerebral small vessel disease cognitive impairment (CSVDCI),False,not_reported,not_reported,not_reported,0.319
36922926,acu,verum_acupuncture,Symbol Digit Modalities Test (SDMT),cognition,SDMT,Baseline,baseline,median [IQR],52.00 (14.00),regex,mean_sd,52.0,14.0,,,,,,,,,,,,,25.0,True,,,True,Cerebral small vessel disease cognitive impairment (CSVDCI),False,not_reported,not_reported,not_reported,0.859
36922926,con,active_control,Symbol Digit Modalities Test (SDMT),cognition,SDMT,Baseline,baseline,median [IQR],51.00 (10.00),regex,mean_sd,51.0,10.0,,,,,,,,,,,,,19.0,True,,,True,Cerebral small vessel disease cognitive impairment (CSVDCI),False,not_reported,not_reported,not_reported,0.859
36922926,acu,verum_acupuncture,Verbal Fluency Test (VFT),cognition,VFT,Baseline,baseline,median [IQR],21.00 (8.00),regex,mean_sd,21.0,8.0,,,,,,,,,,,,,25.0,,,,False,Cerebral small vessel disease cognitive impairment (CSVDCI),False,not_reported,not_reported,not_reported,0.243
36922926,con,active_control,Verbal Fluency Test (VFT),cognition,VFT,Baseline,baseline,median [IQR],20.00 (5.00),regex,mean_sd,20.0,5.0,,,,,,,,,,,,,19.0,,,,False,Cerebral small vessel disease cognitive impairment (CSVDCI),False,not_reported,not_reported,not_reported,0.243
36922926,acu,verum_acupuncture,Digit Span Task (DST),cognition,DST,Baseline,baseline,mean ± SD,7.36 ± 1.97,regex,mean_sd,7.36,1.97,,,,,,,,,,,,,25.0,,,,False,Cerebral small vessel disease cognitive impairment (CSVDCI),False,not_reported,not_reported,not_reported,0.103
36922926,con,active_control,Digit Span Task (DST),cognition,DST,Baseline,baseline,mean ± SD,6.47 ± 1.39,regex,mean_sd,6.47,1.39,,,,,,,,,,,,,19.0,,,,False,Cerebral small vessel disease cognitive impairment (CSVDCI),False,not_reported,not_reported,not_reported,0.103
36922926,acu,verum_acupuncture,Boston Naming Test (BNT),cognition,BNT,Baseline,baseline,mean ± SD,17.96 ± 2.49,regex,mean_sd,17.96,2.49,,,,,,,,,,,,,25.0,True,,,True,Cerebral small vessel disease cognitive impairment (CSVDCI),False,not_reported,not_reported,not_reported,0.431
36922926,con,active_control,Boston Naming Test (BNT),cognition,BNT,Baseline,baseline,mean ± SD,17.36 ± 2.38,regex,mean_sd,17.36,2.38,,,,,,,,,,,,,19.0,True,,,True,Cerebral small vessel disease cognitive impairment (CSVDCI),False,not_reported,not_reported,not_reported,0.431
36922926,acu,verum_acupuncture,Montreal Cognitive Assessment (MoCA) - pre-to-post change,cognition,MoCA,Post-treatment (after 12 weeks),post,median [IQR],2.0 (2.0),regex,mean_sd,2.0,2.0,,,,,,,,,,,,,25.0,True,0.0,30.0,True,Cerebral small vessel disease cognitive impairment (CSVDCI),False,Rank: 2.0 (2.0); Percentage: 10.53%,P = 0.015,not_reported,0.015
36922926,con,active_control,Montreal Cognitive Assessment (MoCA) - pre-to-post change,cognition,MoCA,Post-treatment (after 12 weeks),post,median [IQR],1.0 (2.0),regex,mean_sd,1.0,2.0,,,,,,,,,,,,,19.0,True,0.0,30.0,True,Cerebral small vessel disease cognitive impairment (CSVDCI),False,Rank: 1.0 (2.0); Percentage: 6.55%,P = 0.015,not_reported,0.015
36922926,acu,verum_acupuncture,Symbol Digit Modalities Test (SDMT) - pre-to-post change,cognition,SDMT,Post-treatment (after 12 weeks),post,median [IQR],4.0 (2.0),regex,mean_sd,4.0,2.0,,,,,,,,,,,,,25.0,True,,,True,Cerebral small vessel disease cognitive impairment (CSVDCI),False,Rank: 4.0 (2.0); Percentage: 8.15%,P = 0.000,not_reported,0.000
36922926,con,active_control,Symbol Digit Modalities Test (SDMT) - pre-to-post change,cognition,SDMT,Post-treatment (after 12 weeks),post,median [IQR],2.0 (1.0),regex,mean_sd,2.0,1.0,,,,,,,,,,,,,19.0,True,,,True,Cerebral small vessel disease cognitive impairment (CSVDCI),False,Rank: 2.0 (1.0); Percentage: 2.23%,P = 0.000,not_reported,0.000
36922926,acu,verum_acupuncture,Verbal Fluency Test (VFT) - pre-to-post change,cognition,VFT,Post-treatment (after 12 weeks),post,median [IQR],3.0 (1.5),regex,mean_sd,3.0,1.5,,,,,,,,,,,,,25.0,,,,False,Cerebral small vessel disease cognitive impairment (CSVDCI),False,Rank: 3.0 (1.5); Percentage: 15.56%,P = 0.009,not_reported,0.009
36922926,con,active_control,Verbal Fluency Test (VFT) - pre-to-post change,cognition,VFT,Post-treatment (after 12 weeks),post,median [IQR],2.0 (2.0),regex,mean_sd,2.0,2.0,,,,,,,,,,,,,19.0,,,,False,Cerebral small vessel disease cognitive impairment (CSVDCI),False,Rank: 2.0 (2.0); Percentage: 9.72%,P = 0.009,not_reported,0.009
36922926,acu,verum_acupuncture,Digit Span Task (DST) - pre-to-post change,cognition,DST,Post-treatment (after 12 weeks),post,median [IQR],2.0 (1.0),regex,mean_sd,2.0,1.0,,,,,,,,,,,,,25.0,,,,False,Cerebral small vessel disease cognitive impairment (CSVDCI),False,Rank: 2.0 (1.0); Percentage: 35.52%,P = 0.005,not_reported,0.005
36922926,con,active_control,Digit Span Task (DST) - pre-to-post change,cognition,DST,Post-treatment (after 12 weeks),post,median [IQR],1.0 (2.0),regex,mean_sd,1.0,2.0,,,,,,,,,,,,,19.0,,,,False,Cerebral small vessel disease cognitive impairment (CSVDCI),False,Rank: 1.0 (2.0); Percentage: 32.85%,P = 0.005,not_reported,0.005
36922926,acu,verum_acupuncture,Boston Naming Test (BNT) - pre-to-post change,cognition,BNT,Post-treatment (after 12 weeks),post,median [IQR],2.0 (2.0),regex,mean_sd,2.0,2.0,,,,,,,,,,,,,25.0,True,,,True,Cerebral small vessel disease cognitive impairment (CSVDCI),False,Rank: 2.0 (2.0); Percentage: 10.86%,P = 0.015,not_reported,0.015
36922926,con,active_control,Boston Naming Test (BNT) - pre-to-post change,cognition,BNT,Post-treatment (after 12 weeks),post,median [IQR],1.0 (2.0),regex,mean_sd,1.0,2.0,,,,,,,,,,,,,19.0,True,,,True,Cerebral small vessel disease cognitive impairment (CSVDCI),False,Rank: 1.0 (2.0); Percentage: 7.90%,P = 0.015,not_reported,0.015
37025199,not_applicable,,Hamilton depression scale scores,mood,Hamilton depression scale,post-tVNS treatment,other,narrative,Hamilton depression scale scores were significantly reduced,unparseable,,,,,,,,,,,,,,,,,False,,,True,"Depression; also covers anxiety, irritable bowel syndrome, stroke, Parkinson's disease, heroin addiction, spastic cerebral palsy, carpal tunnel syndrome, post-traumatic stress disorder, functional dyspepsia, aphasia, epilepsy, Wilson's disease, and primary insomnia as referenced conditions",,significantly reduced,not_reported,not_reported,not_reported
37025199,not_applicable,,Symptom improvement in anxiety and depression in PTSD patients,mood,not_reported,post-electroacupuncture treatment,other,narrative,patients' symptoms improved after electroacupuncture treatment,unparseable,,,,,,,,,,,,,,,,,,,,False,"Depression; also covers anxiety, irritable bowel syndrome, stroke, Parkinson's disease, heroin addiction, spastic cerebral palsy, carpal tunnel syndrome, post-traumatic stress disorder, functional dyspepsia, aphasia, epilepsy, Wilson's disease, and primary insomnia as referenced conditions",,improved,not_reported,not_reported,not_reported
37025199,not_applicable,,Symptoms and depression relief in constipation-type irritable bowel syndrome patients,symptom_severity,not_reported,post-electroacupuncture and moxibustion treatment,other,narrative,"both electroacupuncture and moxibustion can improve symptoms and relieve depression in patients with constipation-type irritable bowel syndrome, with electroacupuncture having a more significant effect than moxibustion",unparseable,,,,,,,,,,,,,,,,,,,,False,"Depression; also covers anxiety, irritable bowel syndrome, stroke, Parkinson's disease, heroin addiction, spastic cerebral palsy, carpal tunnel syndrome, post-traumatic stress disorder, functional dyspepsia, aphasia, epilepsy, Wilson's disease, and primary insomnia as referenced conditions",,improved,electroacupuncture having a more significant effect than moxibustion,not_reported,not_reported
37025199,not_applicable,,Aphasia degree change after 8 weeks of acupuncture treatment post-stroke,function,not_reported,8 weeks post-treatment,post,narrative,the change in the degree of aphasia was related to the activation of Wernicke's language area; acupuncture treatment may be beneficial to the recovery of aphasia,unparseable,,,,,,,,,,,,,,,,,,,,False,"Depression; also covers anxiety, irritable bowel syndrome, stroke, Parkinson's disease, heroin addiction, spastic cerebral palsy, carpal tunnel syndrome, post-traumatic stress disorder, functional dyspepsia, aphasia, epilepsy, Wilson's disease, and primary insomnia as referenced conditions",,not_reported,not_reported,not_reported,not_reported
37206312,not_applicable,,MAAS (points),cognition,The Mindful Attention Awareness Scale (MAAS),baseline,baseline,mean ± SD,69.41 ± 8.23,regex,mean_sd,69.41,8.23,,,,,,,,,,,,,31.0,True,,,True,Healthy volunteers,True,not_reported,not_reported,not_reported,not_reported
37206312,not_applicable,,SAS (points),mood,The Self-rating Anxiety Scale (SAS),baseline,baseline,mean ± SD,32.70 ± 8.40,regex,mean_sd,32.7,8.4,,,,,,,,,,,,,31.0,False,20.0,80.0,True,Healthy volunteers,True,not_reported,not_reported,not_reported,not_reported
37206312,not_applicable,,SDS (points),mood,The Self-rating Depression Scale (SDS),baseline,baseline,mean ± SD,34.11 ± 10.04,regex,mean_sd,34.11,10.04,,,,,,,,,,,,,31.0,False,20.0,80.0,True,Healthy volunteers,True,not_reported,not_reported,not_reported,not_reported
37206312,not_applicable,,"Needling sensation comparison among ERR, LTRei, and LTRed",sensory,"Chinese version of the modified Massachusetts General Hospital Acupuncture Sensation Scale (C-MMASS); 10-point VAS for seven categories: soreness, numbness, fullness, heaviness, aching, throbbing, and other sensations",after each acupuncture manipulation,other,other,"F(2,60) = 2.917, p = 0.062, η2 = 0.089",unparseable,,,,,,,,,,,,,,,,31.0,False,0.0,10.0,True,Healthy volunteers,True,not_reported,"no statistically significant differences among ERR, LTRei, and LTRed",η2 = 0.089,p = 0.062
37274194,arm_MCID,other,FMA-UE,function,Fugl–Meyer Assessment upper extremity scores,Baseline,baseline,median [IQR],22.00(7.00–54.75),regex,median_iqr,27.916666666666668,35.37037037037037,,22.0,7.0,54.75,,,,,,,,,28.0,True,,,True,Ischemic stroke with unilateral motor pathway injury (basal ganglia and/or corona radiata),True,not_reported,"Z=−0.354, p=0.723",not_reported,0.723
37274194,arm_NMCID,other,FMA-UE,function,Fugl–Meyer Assessment upper extremity scores,Baseline,baseline,median [IQR],33.00(11.00–53.50),regex,median_iqr,32.5,31.48148148148148,,33.0,11.0,53.5,,,,,,,,,21.0,True,,,True,Ischemic stroke with unilateral motor pathway injury (basal ganglia and/or corona radiata),True,not_reported,"Z=−0.354, p=0.723",not_reported,0.723
37274194,arm_MCID,other,FMA-LE,function,Fugl–Meyer Assessment lower extremity scores,Baseline,baseline,median [IQR],27.00(21.00–32.00),regex,median_iqr,26.666666666666668,8.148148148148147,,27.0,21.0,32.0,,,,,,,,,28.0,True,,,True,Ischemic stroke with unilateral motor pathway injury (basal ganglia and/or corona radiata),True,not_reported,"Z=−1.600, p=0.110",not_reported,0.110
37274194,arm_NMCID,other,FMA-LE,function,Fugl–Meyer Assessment lower extremity scores,Baseline,baseline,median [IQR],20.00(13.00–30.00),regex,median_iqr,21.0,12.592592592592592,,20.0,13.0,30.0,,,,,,,,,21.0,True,,,True,Ischemic stroke with unilateral motor pathway injury (basal ganglia and/or corona radiata),True,not_reported,"Z=−1.600, p=0.110",not_reported,0.110
37274194,arm_MCID,other,FMA-total,function,Fugl–Meyer Assessment total scores,Baseline,baseline,median [IQR],48.00(27.00–84.50),regex,median_iqr,53.166666666666664,42.59259259259259,,48.0,27.0,84.5,,,,,,,,,28.0,True,,,True,Ischemic stroke with unilateral motor pathway injury (basal ganglia and/or corona radiata),True,not_reported,"Z=−0.455, p=0.649",not_reported,0.649
37274194,arm_NMCID,other,FMA-total,function,Fugl–Meyer Assessment total scores,Baseline,baseline,median [IQR],55.00(25.00–79.50),regex,median_iqr,53.166666666666664,40.37037037037037,,55.0,25.0,79.5,,,,,,,,,21.0,True,,,True,Ischemic stroke with unilateral motor pathway injury (basal ganglia and/or corona radiata),True,not_reported,"Z=−0.455, p=0.649",not_reported,0.649
37274194,arm_MCID,other,MCID for FMA,responder,Fugl–Meyer Assessment (FMA); MCID threshold: ΔFMA-UE≥5 or ΔFMA-LE≥6,2-week follow-up,followup,count,n=28,unparseable,,,,,,,,,,,,,,,,28.0,True,0.0,100.0,True,Ischemic stroke with unilateral motor pathway injury (basal ganglia and/or corona radiata),True,not_reported,not_reported,not_reported,not_reported
37274194,arm_NMCID,other,N-MCID for FMA,responder,Fugl–Meyer Assessment (FMA); N-MCID threshold: ΔFMA-UE<5 or ΔFMA-LE<6,2-week follow-up,followup,count,n=21,unparseable,,,,,,,,,,,,,,,,21.0,True,0.0,100.0,True,Ischemic stroke with unilateral motor pathway injury (basal ganglia and/or corona radiata),True,not_reported,not_reported,not_reported,not_reported
37274194,arm_MCID,other,FMA-UE,function,Fugl–Meyer Assessment upper extremity scores,Baseline (acupuncture state subsample),baseline,median [IQR],35.50(13.50–51.25),regex,median_iqr,33.416666666666664,27.96296296296296,,35.5,13.5,51.25,,,,,,,,,26.0,True,,,True,Ischemic stroke with unilateral motor pathway injury (basal ganglia and/or corona radiata),True,not_reported,"Z=−1.070, p=0.285",not_reported,0.285
37274194,arm_NMCID,other,FMA-UE,function,Fugl–Meyer Assessment upper extremity scores,Baseline (acupuncture state subsample),baseline,median [IQR],12.00(5.00–55.00),regex,median_iqr,24.0,37.03703703703704,,12.0,5.0,55.0,,,,,,,,,15.0,True,,,True,Ischemic stroke with unilateral motor pathway injury (basal ganglia and/or corona radiata),True,not_reported,"Z=−1.070, p=0.285",not_reported,0.285
37274194,arm_MCID,other,FMA-LE,function,Fugl–Meyer Assessment lower extremity scores,Baseline (acupuncture state subsample),baseline,median [IQR],28.00(17.00–31.00),regex,median_iqr,25.333333333333332,10.37037037037037,,28.0,17.0,31.0,,,,,,,,,26.0,True,,,True,Ischemic stroke with unilateral motor pathway injury (basal ganglia and/or corona radiata),True,not_reported,"Z=−0.976, p=0.329",not_reported,0.329
37274194,arm_NMCID,other,FMA-LE,function,Fugl–Meyer Assessment lower extremity scores,Baseline (acupuncture state subsample),baseline,median [IQR],21.00(15.00–32.00),regex,median_iqr,22.666666666666668,12.592592592592592,,21.0,15.0,32.0,,,,,,,,,15.0,True,,,True,Ischemic stroke with unilateral motor pathway injury (basal ganglia and/or corona radiata),True,not_reported,"Z=−0.976, p=0.329",not_reported,0.329
37274194,arm_MCID,other,FMA-Total,function,Fugl–Meyer Assessment total scores,Baseline (acupuncture state subsample),baseline,median [IQR],54.00(34.00–79.00),regex,median_iqr,55.666666666666664,33.33333333333333,,54.0,34.0,79.0,,,,,,,,,26.0,True,,,True,Ischemic stroke with unilateral motor pathway injury (basal ganglia and/or corona radiata),True,not_reported,"Z=−0.921, p=0.357",not_reported,0.357
37274194,arm_NMCID,other,FMA-Total,function,Fugl–Meyer Assessment total scores,Baseline (acupuncture state subsample),baseline,median [IQR],30.00(21.00–87.00),regex,median_iqr,46.0,48.888888888888886,,30.0,21.0,87.0,,,,,,,,,15.0,True,,,True,Ischemic stroke with unilateral motor pathway injury (basal ganglia and/or corona radiata),True,not_reported,"Z=−0.921, p=0.357",not_reported,0.357
37305743,arm_SA,verum_acupuncture,National Institutes of Health Stroke Scale (NIHSS) score,symptom_severity,NIHSS,baseline (before treatment),baseline,mean ± SD,5.0 ± 2.75,regex,mean_sd,5.0,2.75,,,,,,,,,,,,,10.0,False,0.0,42.0,True,Left hemiplegia due to ischemic stroke (unilateral partial anterior circulation infarction),True,not_reported,no significant differences (p = 0.410) between SAs and PCs before first scan,not_reported,"p = 0.410 (SAs vs PCs, pre-treatment)"
37305743,arm_PC,usual_care,National Institutes of Health Stroke Scale (NIHSS) score,symptom_severity,NIHSS,baseline (before treatment),baseline,mean ± SD,5.9 ± 2.62,regex,mean_sd,5.9,2.62,,,,,,,,,,,,,11.0,False,0.0,42.0,True,Left hemiplegia due to ischemic stroke (unilateral partial anterior circulation infarction),True,not_reported,no significant differences (p = 0.410) between SAs and PCs before first scan,not_reported,"p = 0.410 (SAs vs PCs, pre-treatment)"
37383656,TATG,verum_acupuncture,FMA-UE (FMA for the upper extremity),function,Fugl-Meyer Assessment - Upper Extremity,before treatment,baseline,mean ± SD,41.23 ± 23.87,regex,mean_sd,41.23,23.87,,,,,,,,,,,,,26.0,True,0.0,66.0,True,ischemic stroke with motor dysfunction,False,not_reported,not_reported,not_reported,not_reported
37383656,TATG,verum_acupuncture,FMA-UE (FMA for the upper extremity),function,Fugl-Meyer Assessment - Upper Extremity,after treatment,post,mean ± SD,46.42 ± 22.57,regex,mean_sd,46.42,22.57,,,,,,,,,,,,,26.0,True,0.0,66.0,True,ischemic stroke with motor dysfunction,False,increased after treatment,no statistical difference between groups (P > 0.05),not_reported,< 0.0001
37383656,SATG,sham_acupuncture,FMA-UE (FMA for the upper extremity),function,Fugl-Meyer Assessment - Upper Extremity,before treatment,baseline,mean ± SD,45.50 ± 24.49,regex,mean_sd,45.5,24.49,,,,,,,,,,,,,14.0,True,0.0,66.0,True,ischemic stroke with motor dysfunction,False,not_reported,not_reported,not_reported,not_reported
37383656,SATG,sham_acupuncture,FMA-UE (FMA for the upper extremity),function,Fugl-Meyer Assessment - Upper Extremity,after treatment,post,mean ± SD,49.42 ± 23.39,regex,mean_sd,49.42,23.39,,,,,,,,,,,,,14.0,True,0.0,66.0,True,ischemic stroke with motor dysfunction,False,not significant,no statistical difference between groups (P > 0.05),not_reported,0.058
37383656,TATG,verum_acupuncture,FMA-LE (FMA for the lower extremity),function,Fugl-Meyer Assessment - Lower Extremity,before treatment,baseline,mean ± SD,27.50 ± 7.58,regex,mean_sd,27.5,7.58,,,,,,,,,,,,,26.0,True,0.0,34.0,True,ischemic stroke with motor dysfunction,False,not_reported,not_reported,not_reported,not_reported
37383656,TATG,verum_acupuncture,FMA-LE (FMA for the lower extremity),function,Fugl-Meyer Assessment - Lower Extremity,after treatment,post,mean ± SD,30.19 ± 5.06,regex,mean_sd,30.19,5.06,,,,,,,,,,,,,26.0,True,0.0,34.0,True,ischemic stroke with motor dysfunction,False,improved after treatment,no statistical difference between groups (P > 0.05),not_reported,< 0.0001
37383656,SATG,sham_acupuncture,FMA-LE (FMA for the lower extremity),function,Fugl-Meyer Assessment - Lower Extremity,before treatment,baseline,mean ± SD,27.64 ± 7.08,regex,mean_sd,27.64,7.08,,,,,,,,,,,,,14.0,True,0.0,34.0,True,ischemic stroke with motor dysfunction,False,not_reported,not_reported,not_reported,not_reported
37383656,SATG,sham_acupuncture,FMA-LE (FMA for the lower extremity),function,Fugl-Meyer Assessment - Lower Extremity,after treatment,post,mean ± SD,30.64 ± 4.49,regex,mean_sd,30.64,4.49,,,,,,,,,,,,,14.0,True,0.0,34.0,True,ischemic stroke with motor dysfunction,False,improved after treatment,no statistical difference between groups (P > 0.05),not_reported,0.013
37383656,TATG,verum_acupuncture,FMA (total),function,Fugl-Meyer Assessment (total),before treatment,baseline,mean ± SD,68.73 ± 37.38,regex,mean_sd,68.73,37.38,,,,,,,,,,,,,26.0,True,0.0,100.0,True,ischemic stroke with motor dysfunction,False,not_reported,not_reported,not_reported,not_reported
37383656,TATG,verum_acupuncture,FMA (total),function,Fugl-Meyer Assessment (total),after treatment,post,mean ± SD,76.61 ± 25.65,regex,mean_sd,76.61,25.65,,,,,,,,,,,,,26.0,True,0.0,100.0,True,ischemic stroke with motor dysfunction,False,improved after treatment,no statistical difference between groups (P > 0.05),not_reported,< 0.0001
37383656,SATG,sham_acupuncture,FMA (total),function,Fugl-Meyer Assessment (total),before treatment,baseline,mean ± SD,73.14 ± 30.71,regex,mean_sd,73.14,30.71,,,,,,,,,,,,,14.0,True,0.0,100.0,True,ischemic stroke with motor dysfunction,False,not_reported,not_reported,not_reported,not_reported
37383656,SATG,sham_acupuncture,FMA (total),function,Fugl-Meyer Assessment (total),after treatment,post,mean ± SD,80.07 ± 27.56,regex,mean_sd,80.07,27.56,,,,,,,,,,,,,14.0,True,0.0,100.0,True,ischemic stroke with motor dysfunction,False,improved after treatment,no statistical difference between groups (P > 0.05),not_reported,0.016
37383656,TATG,verum_acupuncture,NIHSS,symptom_severity,National Institutes of Health Stroke Scale,before treatment,baseline,mean ± SD,3.46 ± 2.42,regex,mean_sd,3.46,2.42,,,,,,,,,,,,,26.0,False,0.0,42.0,True,ischemic stroke with motor dysfunction,False,not_reported,not_reported,not_reported,not_reported
37383656,TATG,verum_acupuncture,NIHSS,symptom_severity,National Institutes of Health Stroke Scale,after treatment,post,mean ± SD,2.46 ± 2.24,regex,mean_sd,2.46,2.24,,,,,,,,,,,,,26.0,False,0.0,42.0,True,ischemic stroke with motor dysfunction,False,improved after treatment,no statistical difference between groups (P > 0.05),not_reported,< 0.0001
37383656,SATG,sham_acupuncture,NIHSS,symptom_severity,National Institutes of Health Stroke Scale,before treatment,baseline,mean ± SD,3.64 ± 3.24,regex,mean_sd,3.64,3.24,,,,,,,,,,,,,14.0,False,0.0,42.0,True,ischemic stroke with motor dysfunction,False,not_reported,not_reported,not_reported,not_reported
37383656,SATG,sham_acupuncture,NIHSS,symptom_severity,National Institutes of Health Stroke Scale,after treatment,post,mean ± SD,2.50 ± 3.05,regex,mean_sd,2.5,3.05,,,,,,,,,,,,,14.0,False,0.0,42.0,True,ischemic stroke with motor dysfunction,False,improved after treatment,no statistical difference between groups (P > 0.05),not_reported,0.002
37408438,TA,verum_acupuncture,"VAS scores, mm",pain,Visual Analog Scale (VAS),Baseline,baseline,mean ± SD,58.14 (13.2),regex,mean_sd,58.14,13.2,,,,,,,,,,,,,66.0,False,0.0,10.0,True,Chronic neck pain (CNP),False,not_reported,not_reported,not_reported,not_reported
37408438,SA,sham_acupuncture,"VAS scores, mm",pain,Visual Analog Scale (VAS),Baseline,baseline,mean ± SD,54.78 (13.3),regex,mean_sd,54.78,13.3,,,,,,,,,,,,,31.0,False,0.0,10.0,True,Chronic neck pain (CNP),False,not_reported,not_reported,not_reported,0.363
37408438,TA,verum_acupuncture,"VAS scores, mm",pain,Visual Analog Scale (VAS),Treatment-baseline (after 4 weeks),baseline,mean (95% CI),16.9 (12.15–21.61),regex,median_iqr,16.886666666666667,7.007407407407406,,16.9,12.15,21.61,,,,,,,,,66.0,False,0.0,10.0,True,Chronic neck pain (CNP),False,16.9 mm (95% CI: 12.15–21.61 mm),significant difference between the two groups (p < 0.05); pT*G = 0.008,not_reported,p < 0.001 (within-group); pT = 0.000; pT*G = 0.008; pG = 0.327
37408438,SA,sham_acupuncture,"VAS scores, mm",pain,Visual Analog Scale (VAS),Treatment-baseline (after 4 weeks),baseline,mean (95% CI),5.41 (1.85–12.68),regex,median_iqr,6.646666666666666,8.022222222222222,,5.41,1.85,12.68,,,,,,,,,31.0,False,0.0,10.0,True,Chronic neck pain (CNP),False,5.41 mm (95% CI: 1.85–12.68 mm),pT*G = 0.008,not_reported,p = 0.138 (within-group)
37408438,TA,verum_acupuncture,"Duration of each attack, h",pain,not_reported,Baseline,baseline,mean ± SD,9.03 (6.60),regex,mean_sd,9.03,6.6,,,,,,,,,,,,,66.0,,,,False,Chronic neck pain (CNP),False,not_reported,not_reported,not_reported,not_reported
37408438,SA,sham_acupuncture,"Duration of each attack, h",pain,not_reported,Baseline,baseline,mean ± SD,8.15 (6.04),regex,mean_sd,8.15,6.04,,,,,,,,,,,,,31.0,,,,False,Chronic neck pain (CNP),False,not_reported,not_reported,not_reported,0.532
37408438,TA,verum_acupuncture,"Duration of each attack, h",pain,not_reported,Treatment-baseline (after 4 weeks),baseline,mean (95% CI),4.30 (2.70–5.90),regex,median_iqr,4.3,2.3703703703703702,,4.3,2.7,5.9,,,,,,,,,66.0,,,,False,Chronic neck pain (CNP),False,4.30 h (95% CI: 2.70–5.90 h),pT*G = 0.105,not_reported,p < 0.001 (within-group); pT = 0.000; pT*G = 0.105; pG = 0.835
37408438,SA,sham_acupuncture,"Duration of each attack, h",pain,not_reported,Treatment-baseline (after 4 weeks),baseline,mean (95% CI),2.06 (0.07–4.19),regex,median_iqr,2.106666666666667,3.051851851851852,,2.06,0.07,4.19,,,,,,,,,31.0,,,,False,Chronic neck pain (CNP),False,2.06 h (95% CI: 0.07–4.19 h),pT*G = 0.105,not_reported,p = 0.058 (within-group)
37408438,TA,verum_acupuncture,NDI,function,Neck Disability Index (NDI),Baseline,baseline,mean ± SD,29.99 (13.73),regex,mean_sd,29.99,13.73,,,,,,,,,,,,,66.0,False,0.0,50.0,True,Chronic neck pain (CNP),False,not_reported,not_reported,not_reported,not_reported
37408438,SA,sham_acupuncture,NDI,function,Neck Disability Index (NDI),Baseline,baseline,mean ± SD,27.89 (13.82),regex,mean_sd,27.89,13.82,,,,,,,,,,,,,31.0,False,0.0,50.0,True,Chronic neck pain (CNP),False,not_reported,not_reported,not_reported,0.491
37408438,TA,verum_acupuncture,NDI,function,Neck Disability Index (NDI),Treatment-baseline (after 4 weeks),baseline,mean (95% CI),7.99 (4.92–11.06),regex,median_iqr,7.989999999999999,4.548148148148148,,7.99,4.92,11.06,,,,,,,,,66.0,False,0.0,50.0,True,Chronic neck pain (CNP),False,7.99 (95% CI: 4.92–11.06),pT*G = 0.880,not_reported,p < 0.001 (within-group); pT = 0.000; pT*G = 0.880; pG = 0.491
37408438,SA,sham_acupuncture,NDI,function,Neck Disability Index (NDI),Treatment-baseline (after 4 weeks),baseline,mean (95% CI),2.97 (1.01–6.94),regex,median_iqr,3.640000000000001,4.392592592592592,,2.97,1.01,6.94,,,,,,,,,31.0,False,0.0,50.0,True,Chronic neck pain (CNP),False,2.97 (95% CI: 1.01–6.94),pT*G = 0.880,not_reported,p = 0.138 (within-group)
37408438,TA,verum_acupuncture,NPQ,pain,Northwick Park Neck Pain Questionnaire (NPQ),Baseline,baseline,mean ± SD,36.76 (15.27),regex,mean_sd,36.76,15.27,,,,,,,,,,,,,66.0,False,,,True,Chronic neck pain (CNP),False,not_reported,not_reported,not_reported,not_reported
37408438,SA,sham_acupuncture,NPQ,pain,Northwick Park Neck Pain Questionnaire (NPQ),Baseline,baseline,mean ± SD,34.90 (12.22),regex,mean_sd,34.9,12.22,,,,,,,,,,,,,31.0,False,,,True,Chronic neck pain (CNP),False,not_reported,not_reported,not_reported,0.556
37408438,TA,verum_acupuncture,NPQ,pain,Northwick Park Neck Pain Questionnaire (NPQ),Treatment-baseline (after 4 weeks),baseline,mean (95% CI),10.82 (7.18–14.46),regex,median_iqr,10.82,5.392592592592593,,10.82,7.18,14.46,,,,,,,,,66.0,False,,,True,Chronic neck pain (CNP),False,10.82 (95% CI: 7.18–14.46),pT*G = 0.077,not_reported,p < 0.001 (within-group); pT = 0.000; pT*G = 0.077; pG = 0.748
37408438,SA,sham_acupuncture,NPQ,pain,Northwick Park Neck Pain Questionnaire (NPQ),Treatment-baseline (after 4 weeks),baseline,mean (95% CI),5.24 (0.04–10.09),regex,median_iqr,5.123333333333334,7.444444444444445,,5.24,0.04,10.09,,,,,,,,,31.0,False,,,True,Chronic neck pain (CNP),False,5.24 (95% CI: 0.04–10.09),pT*G = 0.077,not_reported,p = 0.035 (within-group)
37408438,TA,verum_acupuncture,MPQ,pain,McGill Pain Questionnaire (MPQ),Baseline,baseline,mean ± SD,20.01 (8.04),regex,mean_sd,20.01,8.04,,,,,,,,,,,,,66.0,False,0.0,78.0,True,Chronic neck pain (CNP),False,not_reported,not_reported,not_reported,not_reported
37408438,SA,sham_acupuncture,MPQ,pain,McGill Pain Questionnaire (MPQ),Baseline,baseline,mean ± SD,19.22 (8.34),regex,mean_sd,19.22,8.34,,,,,,,,,,,,,31.0,False,0.0,78.0,True,Chronic neck pain (CNP),False,not_reported,not_reported,not_reported,0.660
37408438,TA,verum_acupuncture,MPQ,pain,McGill Pain Questionnaire (MPQ),Treatment-baseline (after 4 weeks),baseline,mean (95% CI),4.23 (2.17–6.28),regex,median_iqr,4.226666666666667,3.0444444444444443,,4.23,2.17,6.28,,,,,,,,,66.0,False,0.0,78.0,True,Chronic neck pain (CNP),False,4.23 (95% CI: 2.17–6.28),pT*G = 0.445,not_reported,p < 0.001 (within-group); pT = 0.000; pT*G = 0.445; pG = 0.942
37408438,SA,sham_acupuncture,MPQ,pain,McGill Pain Questionnaire (MPQ),Treatment-baseline (after 4 weeks),baseline,mean (95% CI),2.90 (0.15–5.65),regex,median_iqr,2.9,4.0740740740740735,,2.9,0.15,5.65,,,,,,,,,31.0,False,0.0,78.0,True,Chronic neck pain (CNP),False,2.90 (95% CI: 0.15–5.65),pT*G = 0.445,not_reported,p = 0.039 (within-group)
37408438,TA,verum_acupuncture,SAS,mood,Self-rating Anxiety Scale (SAS),Baseline,baseline,mean ± SD,45.83 (9.88),regex,mean_sd,45.83,9.88,,,,,,,,,,,,,66.0,False,20.0,80.0,True,Chronic neck pain (CNP),False,not_reported,not_reported,not_reported,not_reported
37408438,SA,sham_acupuncture,SAS,mood,Self-rating Anxiety Scale (SAS),Baseline,baseline,mean ± SD,43.58 (11.49),regex,mean_sd,43.58,11.49,,,,,,,,,,,,,31.0,False,20.0,80.0,True,Chronic neck pain (CNP),False,not_reported,not_reported,not_reported,0.366
37408438,TA,verum_acupuncture,SAS,mood,Self-rating Anxiety Scale (SAS),Treatment-baseline (after 4 weeks),baseline,mean (95% CI),5.82 (3.90–7.73),regex,median_iqr,5.816666666666667,2.837037037037037,,5.82,3.9,7.73,,,,,,,,,66.0,False,20.0,80.0,True,Chronic neck pain (CNP),False,5.82 (95% CI: 3.90–7.73),pT*G = 0.024,not_reported,p < 0.001 (within-group); pT = 0.000; pT*G = 0.024; pG = 0.968
37408438,SA,sham_acupuncture,SAS,mood,Self-rating Anxiety Scale (SAS),Treatment-baseline (after 4 weeks),baseline,mean (95% CI),1.48 (2.33–5.29),regex,median_iqr,3.033333333333333,2.192592592592592,,1.48,2.33,5.29,,,,,,,,,31.0,False,20.0,80.0,True,Chronic neck pain (CNP),False,1.48 (95% CI: 2.33–5.29),pT*G = 0.024,not_reported,p = 0.433 (within-group)
37408438,TA,verum_acupuncture,SDS,mood,Self-rating Depression Scale (SDS),Baseline,baseline,mean ± SD,41.92 (9.62),regex,mean_sd,41.92,9.62,,,,,,,,,,,,,66.0,False,20.0,80.0,True,Chronic neck pain (CNP),False,not_reported,not_reported,not_reported,not_reported
37408438,SA,sham_acupuncture,SDS,mood,Self-rating Depression Scale (SDS),Baseline,baseline,mean ± SD,44.22 (13.56),regex,mean_sd,44.22,13.56,,,,,,,,,,,,,31.0,False,20.0,80.0,True,Chronic neck pain (CNP),False,not_reported,not_reported,not_reported,0.407
37408438,TA,verum_acupuncture,SDS,mood,Self-rating Depression Scale (SDS),Treatment-baseline (after 4 weeks),baseline,mean (95% CI),3.67 (1.31–6.03),regex,median_iqr,3.67,3.4962962962962965,,3.67,1.31,6.03,,,,,,,,,66.0,False,20.0,80.0,True,Chronic neck pain (CNP),False,3.67 (95% CI: 1.31–6.03),pT*G = 0.563,not_reported,p = 0.003 (within-group); pT = 0.007; pT*G = 0.563; pG = 0.204
37408438,SA,sham_acupuncture,SDS,mood,Self-rating Depression Scale (SDS),Treatment-baseline (after 4 weeks),baseline,mean (95% CI),2.39 (1.72–6.49),regex,median_iqr,3.5333333333333337,3.5333333333333337,,2.39,1.72,6.49,,,,,,,,,31.0,False,20.0,80.0,True,Chronic neck pain (CNP),False,2.39 (95% CI: 1.72–6.49),pT*G = 0.563,not_reported,p = 0.244 (within-group)
37408438,TA,verum_acupuncture,SF-12,quality_of_life,12-item Short Form Quality Life Scale (SF-12),Baseline,baseline,mean ± SD,31.40 (6.45),regex,mean_sd,31.4,6.45,,,,,,,,,,,,,66.0,True,0.0,100.0,True,Chronic neck pain (CNP),False,not_reported,not_reported,not_reported,not_reported
37408438,SA,sham_acupuncture,SF-12,quality_of_life,12-item Short Form Quality Life Scale (SF-12),Baseline,baseline,mean ± SD,31.77 (6.11),regex,mean_sd,31.77,6.11,,,,,,,,,,,,,31.0,True,0.0,100.0,True,Chronic neck pain (CNP),False,not_reported,not_reported,not_reported,0.794
37408438,TA,verum_acupuncture,SF-12,quality_of_life,12-item Short Form Quality Life Scale (SF-12),Treatment-baseline (after 4 weeks),baseline,mean (95% CI),3.04 (1.61–4.46),regex,median_iqr,3.036666666666666,2.1111111111111107,,3.04,1.61,4.46,,,,,,,,,66.0,True,0.0,100.0,True,Chronic neck pain (CNP),False,3.04 (95% CI: 1.61–4.46),pT*G = 0.503,not_reported,p < 0.001 (within-group); pT = 0.000; pT*G = 0.503; pG = 0.963
37408438,SA,sham_acupuncture,SF-12,quality_of_life,12-item Short Form Quality Life Scale (SF-12),Treatment-baseline (after 4 weeks),baseline,mean (95% CI),2.19 (0.13–4.26),regex,median_iqr,2.193333333333334,3.059259259259259,,2.19,0.13,4.26,,,,,,,,,31.0,True,0.0,100.0,True,Chronic neck pain (CNP),False,2.19 (95% CI: 0.13–4.26),pT*G = 0.503,not_reported,p = 0.038 (within-group)
37408438,TA,verum_acupuncture,Use of acute medicine (y/n),medication_use,not_reported,Baseline,baseline,count,2/64,regex,count_pct,,,,,,,,,2.0,3.125,,,,,66.0,,,,False,Chronic neck pain (CNP),False,not_reported,p = 0.959,not_reported,0.154 (within-group change from baseline to treatment); 0.959 (between-group at baseline)
37408438,SA,sham_acupuncture,Use of acute medicine (y/n),medication_use,not_reported,Baseline,baseline,count,1/30,regex,count_pct,,,,,,,,,1.0,3.3333333333333335,,,,,31.0,,,,False,Chronic neck pain (CNP),False,not_reported,p = 0.959,not_reported,0.313 (within-group change from baseline to treatment); 0.959 (between-group at baseline)
37408438,TA,verum_acupuncture,Use of acute medicine (y/n) during treatment 1–4 weeks,medication_use,not_reported,Treatment 1–4 weeks,other,count,0/66,regex,count_pct,,,,,,,,,0.0,0.0,,,,,66.0,,,,False,Chronic neck pain (CNP),False,not_reported,not_reported,not_reported,not_reported
37408438,SA,sham_acupuncture,Use of acute medicine (y/n) during treatment 1–4 weeks,medication_use,not_reported,Treatment 1–4 weeks,other,count,0/31,regex,count_pct,,,,,,,,,0.0,0.0,,,,,31.0,,,,False,Chronic neck pain (CNP),False,not_reported,not_reported,not_reported,not_reported
37415858,arm_REAL,verum_acupuncture,Heart rate decrease during 2-s stimulations compared to 2-s baseline prior to each stimulation,physiological,HR (bpm) from ECG QRS peak annotation,during 2-s REAL stimulations,during,p_value_only,not_reported (significant decrease),unparseable,,,,,,,,,,,,,,,,15.0,,,,False,Healthy volunteers,True,significant HR decreases during 2-s stimulations (p = 0.007),REAL showed greater HR decreases than PHNT for 2-s stimulations (P < 0.05),not_reported,p = 0.007
37415858,arm_REAL,verum_acupuncture,Heart rate decrease during 4 s after stimulations compared to 2-s baseline prior to each stimulation,physiological,HR (bpm) from ECG QRS peak annotation,4 s after REAL stimulations,other,p_value_only,not_reported (significant decrease),unparseable,,,,,,,,,,,,,,,,15.0,,,,False,Healthy volunteers,True,significant HR decreases during 4 s of post-stimulations (p = 0.010),REAL showed greater HR decreases than PHNT for 4 s of post-stimulations (P < 0.05),not_reported,p = 0.010
37415858,arm_PHNT,sham_acupuncture,Heart rate decrease during 2-s stimulations compared to 2-s baseline prior to each stimulation,physiological,HR (bpm) from ECG QRS peak annotation,during 2-s PHNT stimulations,during,p_value_only,not_reported (not significant),unparseable,,,,,,,,,,,,,,,,15.0,,,,False,Healthy volunteers,True,no significant HR decreases during 2-s stimulations in PHNT (p = 0.25),REAL showed greater HR decreases than PHNT for 2-s stimulations (P < 0.05),not_reported,p = 0.25
37415858,arm_PHNT,sham_acupuncture,Heart rate decrease during 4 s after stimulations compared to 2-s baseline prior to each stimulation,physiological,HR (bpm) from ECG QRS peak annotation,4 s after PHNT stimulations,other,p_value_only,not_reported (significant decrease),unparseable,,,,,,,,,,,,,,,,15.0,,,,False,Healthy volunteers,True,significant HR decreases during 4 s after stimulations (p = 0.024),REAL showed greater HR decreases than PHNT for 4 s of post-stimulations (P < 0.05),not_reported,p = 0.024
37584456,arm_training_test,verum_acupuncture,Symptom Index of Dyspepsia (SID),symptom_severity,Symptom Index of Dyspepsia (SID),baseline,baseline,mean ± SD,3.75 ± 1.46,regex,mean_sd,3.75,1.46,,,,,,,,,,,,,89.0,False,,,True,Functional dyspepsia (FD),False,not_reported,not_reported,not_reported,not_reported
37584456,arm_validation,verum_acupuncture,Symptom Index of Dyspepsia (SID),symptom_severity,Symptom Index of Dyspepsia (SID),baseline,baseline,mean ± SD,3.93 ± 1.63,regex,mean_sd,3.93,1.63,,,,,,,,,,,,,58.0,False,,,True,Functional dyspepsia (FD),False,not_reported,not_reported,not_reported,not_reported
37584456,arm_training_test,verum_acupuncture,Nepean Dyspepsia Symptom Index (NDSI),symptom_severity,Nepean Dyspepsia Symptom Index (NDSI),baseline,baseline,mean ± SD,44.70 ± 14.23,regex,mean_sd,44.7,14.23,,,,,,,,,,,,,89.0,False,,,True,Functional dyspepsia (FD),False,not_reported,not_reported,not_reported,not_reported
37584456,arm_validation,verum_acupuncture,Nepean Dyspepsia Symptom Index (NDSI),symptom_severity,Nepean Dyspepsia Symptom Index (NDSI),baseline,baseline,mean ± SD,46.07 ± 18.9,regex,mean_sd,46.07,18.9,,,,,,,,,,,,,58.0,False,,,True,Functional dyspepsia (FD),False,not_reported,not_reported,not_reported,not_reported
37584456,arm_training_test,verum_acupuncture,Nepean Dyspepsia Life Quality Index (NDLQI),quality_of_life,Nepean Dyspepsia Life Quality Index (NDLQI),baseline,baseline,mean ± SD,77.04 ± 9.4,regex,mean_sd,77.04,9.4,,,,,,,,,,,,,89.0,True,,,True,Functional dyspepsia (FD),False,not_reported,not_reported,not_reported,not_reported
37584456,arm_validation,verum_acupuncture,Nepean Dyspepsia Life Quality Index (NDLQI),quality_of_life,Nepean Dyspepsia Life Quality Index (NDLQI),baseline,baseline,mean ± SD,77.31 ± 10.79,regex,mean_sd,77.31,10.79,,,,,,,,,,,,,58.0,True,,,True,Functional dyspepsia (FD),False,not_reported,not_reported,not_reported,not_reported
37584456,arm_training_test,verum_acupuncture,Self-Rating Anxiety Scale (SAS),mood,Self-Rating Anxiety Scale (SAS),baseline,baseline,mean ± SD,42.25 ± 8.1,regex,mean_sd,42.25,8.1,,,,,,,,,,,,,89.0,False,20.0,80.0,True,Functional dyspepsia (FD),False,not_reported,not_reported,not_reported,not_reported
37584456,arm_validation,verum_acupuncture,Self-Rating Anxiety Scale (SAS),mood,Self-Rating Anxiety Scale (SAS),baseline,baseline,mean ± SD,42.79 ± 9.64,regex,mean_sd,42.79,9.64,,,,,,,,,,,,,58.0,False,20.0,80.0,True,Functional dyspepsia (FD),False,not_reported,not_reported,not_reported,not_reported
37584456,arm_training_test,verum_acupuncture,Self-Rating Depression Scale (SDS),mood,Self-Rating Depression Scale (SDS),baseline,baseline,mean ± SD,44.06 ± 10,regex,mean_sd,44.06,10.0,,,,,,,,,,,,,89.0,False,20.0,80.0,True,Functional dyspepsia (FD),False,not_reported,not_reported,not_reported,not_reported
37584456,arm_validation,verum_acupuncture,Self-Rating Depression Scale (SDS),mood,Self-Rating Depression Scale (SDS),baseline,baseline,mean ± SD,45.38 ± 11.2,regex,mean_sd,45.38,11.2,,,,,,,,,,,,,58.0,False,20.0,80.0,True,Functional dyspepsia (FD),False,not_reported,not_reported,not_reported,not_reported
37584456,arm_training_test,verum_acupuncture,Beck Depression Inventory (BDI),mood,Beck Depression Inventory (BDI),baseline,baseline,mean ± SD,7.88 ± 5.02,regex,mean_sd,7.88,5.02,,,,,,,,,,,,,89.0,False,0.0,63.0,True,Functional dyspepsia (FD),False,not_reported,not_reported,not_reported,not_reported
37584456,arm_validation,verum_acupuncture,Beck Depression Inventory (BDI),mood,Beck Depression Inventory (BDI),baseline,baseline,mean ± SD,7.05 ± 5.14,regex,mean_sd,7.05,5.14,,,,,,,,,,,,,58.0,False,0.0,63.0,True,Functional dyspepsia (FD),False,not_reported,not_reported,not_reported,not_reported
37584456,arm_training_test,verum_acupuncture,Duration of disease,other,not_reported,baseline,baseline,mean ± SD,42.49 ± 33.16 months,regex,mean_sd,42.49,33.16,,,,,,,,,,,,,89.0,,,,False,Functional dyspepsia (FD),False,not_reported,responders had shorter disease duration than nonresponders (pFDR < .05),not_reported,pFDR < .05
37584456,arm_validation,verum_acupuncture,Duration of disease,other,not_reported,baseline,baseline,mean ± SD,33.81 ± 23.8 months,regex,mean_sd,33.81,23.8,,,,,,,,,,,,,58.0,,,,False,Functional dyspepsia (FD),False,not_reported,not_reported,not_reported,not_reported
37584456,arm_training_test,verum_acupuncture,Baseline SID score as predictive feature,symptom_severity,Symptom Index of Dyspepsia (SID),baseline,baseline,narrative,higher baseline SID scores in responders vs nonresponders (pFDR < .05); weight = 0.365,unparseable,,,,,,,,,,,,,,,,89.0,False,,,True,Functional dyspepsia (FD),False,not_reported,responders had higher baseline SID score than nonresponders (pFDR < .05),weight = 0.365,pFDR < .05
37721727,arm_HC,healthy_control,Internet Addiction Test score,symptom_severity,Internet Addiction Test (IAT),baseline,baseline,mean ± SD,29.90 ± 7.18,regex,mean_sd,29.9,7.18,,,,,,,,,,,,,30.0,False,,,True,Internet addiction (IA),True,not_reported,"significantly lower than IA group at baseline, p < .001",not_reported,p < .001
37721727,arm_IA,verum_acupuncture,Internet Addiction Test score,symptom_severity,Internet Addiction Test (IAT),pre-treatment,baseline,mean ± SD,65.26 ± 14.36,regex,mean_sd,65.26,14.36,,,,,,,,,,,,,27.0,False,,,True,Internet addiction (IA),True,not_reported,"significantly higher than HCs at baseline, p < .001",not_reported,p < .001
37721727,arm_IA,verum_acupuncture,Internet Addiction Test score,symptom_severity,Internet Addiction Test (IAT),post-treatment,post,mean ± SD,45.85 ± 12.37,regex,mean_sd,45.85,12.37,,,,,,,,,,,,,27.0,False,,,True,Internet addiction (IA),True,"markedly decreased after 40 days of acupuncture treatment, p < .001",not_reported,not_reported,p < .001
37804240,not_applicable,,Anxiety before acupuncture,mood,numerical scale ranging from −5 (totally relaxed) to 5 (unbearable anxious),before acupuncture treatment in fMRI visit,baseline,mean ± SE,−1.58 ± 0.47,regex,mean_se,-1.58,2.3025203582161873,0.47,,,,,,,,,,,,24.0,,,,False,Healthy volunteers (no neurological disorder),True,not_reported,not_reported,not_reported,not_reported
37804240,not_applicable,,BDI-K,mood,Korean version of Beck Depression Inventory (BDI-K),screening visit,other,mean ± SE,24.25 ± 0.66,regex,mean_se,24.25,3.233326460473795,0.66,,,,,,,,,,,,24.0,False,0.0,63.0,True,Healthy volunteers (no neurological disorder),True,not_reported,not_reported,not_reported,not_reported
37804240,not_applicable,,Perceived deqi sensation across three acupuncture doses and two modalities,sensory,numerical rating scale (0–10),after each stimulation during fMRI scanning session,during,other,"dose effect: χ2 = 275.2, P < 0.001; modality effect: χ2 = 10.89, P < 0.001; interaction: χ2 = 27.69, P < 0.001; SA overall: 3.81 ± 0.27, VA overall: 2.42 ± 0.23",unparseable,,,,,,,,,,,,,,,,24.0,False,,,True,Healthy volunteers (no neurological disorder),True,not_reported,"SA deqi greater than VA deqi (SA: 3.81 ± 0.27, VA: 2.42 ± 0.23); significant interaction indicating dose effect greater in SA than VA",not_reported,"dose: χ2 = 275.2, P < 0.001; modality: χ2 = 10.89, P < 0.001; interaction: χ2 = 27.69, P < 0.001"
37901421,arm_set1,sham_acupuncture,HF% (percentage of high-frequency power of HRV; 0.15-0.4 Hz),physiological,PPG-recorded HRV: HF%,not_reported,other,narrative,0 J/cm2 group exhibited no significant correlation with the HF% index,unparseable,,,,,,,,,,,,,,,,16.0,,,,False,Healthy volunteers,True,not_reported,not_reported,not_reported,not significant
37901421,arm_set1,sham_acupuncture,LF/HF ratio (ratio of low-frequency to high-frequency power of HRV),physiological,PPG-recorded HRV: LF/HF ratio,not_reported,other,narrative,0 J/cm2 still exhibited no significant correlation,unparseable,,,,,,,,,,,,,,,,16.0,,,,False,Healthy volunteers,True,not_reported,not_reported,not_reported,not significant
38027487,arm_ea,verum_acupuncture,Water Swallow Test (WST),function,Water Swallow Test (WST),baseline (week 0),baseline,mean ± SD,3.71 ± 0.69,regex,mean_sd,3.71,0.69,,,,,,,,,,,,,24.0,True,,,True,post-stroke dysphagia,False,not_reported,not_reported,not_reported,0.7719 (vs. control group at baseline)
38027487,arm_ea,verum_acupuncture,Water Swallow Test (WST),function,Water Swallow Test (WST),post-treatment (week 2),post,mean ± SD,2.21 ± 0.88,regex,mean_sd,2.21,0.88,,,,,,,,,,,,,24.0,True,,,True,post-stroke dysphagia,False,not_reported,not_reported,not_reported,p < 0.0001 (within group pre vs. post); p = 0.0052 (between groups post)
38027487,arm_ctrl,active_control,Water Swallow Test (WST),function,Water Swallow Test (WST),baseline (week 0),baseline,mean ± SD,3.63 ± 0.65,regex,mean_sd,3.63,0.65,,,,,,,,,,,,,24.0,True,,,True,post-stroke dysphagia,False,not_reported,not_reported,not_reported,0.7719 (vs. electroacupuncture group at baseline)
38027487,arm_ctrl,active_control,Water Swallow Test (WST),function,Water Swallow Test (WST),post-treatment (week 2),post,mean ± SD,2.88 ± 0.80,regex,mean_sd,2.88,0.8,,,,,,,,,,,,,24.0,True,,,True,post-stroke dysphagia,False,not_reported,not_reported,not_reported,p < 0.0001 (within group pre vs. post)
38027487,arm_ea,verum_acupuncture,standardized swallowing assessment (SSA),function,standardized swallowing assessment (SSA),baseline (week 0),baseline,mean ± SD,30.42 ± 3.16,regex,mean_sd,30.42,3.16,,,,,,,,,,,,,24.0,True,,,True,post-stroke dysphagia,False,not_reported,not_reported,not_reported,0.6755 (vs. control group at baseline)
38027487,arm_ea,verum_acupuncture,standardized swallowing assessment (SSA),function,standardized swallowing assessment (SSA),post-treatment (week 2),post,mean ± SD,24.38 ± 2.41,regex,mean_sd,24.38,2.41,,,,,,,,,,,,,24.0,True,,,True,post-stroke dysphagia,False,not_reported,not_reported,not_reported,p < 0.0001 (within group pre vs. post); p = 0.0019 (between groups post)
38027487,arm_ctrl,active_control,standardized swallowing assessment (SSA),function,standardized swallowing assessment (SSA),baseline (week 0),baseline,mean ± SD,30.08 ± 2.24,regex,mean_sd,30.08,2.24,,,,,,,,,,,,,24.0,True,,,True,post-stroke dysphagia,False,not_reported,not_reported,not_reported,0.6755 (vs. electroacupuncture group at baseline)
38027487,arm_ctrl,active_control,standardized swallowing assessment (SSA),function,standardized swallowing assessment (SSA),post-treatment (week 2),post,mean ± SD,26.46 ± 1.93,regex,mean_sd,26.46,1.93,,,,,,,,,,,,,24.0,True,,,True,post-stroke dysphagia,False,not_reported,not_reported,not_reported,p < 0.0001 (within group pre vs. post)
38027487,arm_ea,verum_acupuncture,videofluoroscopic swallowing study (VFSS),function,videofluoroscopic swallowing study evaluation (VFSS),baseline (week 0),baseline,mean ± SD,3.21 ± 1.18,regex,mean_sd,3.21,1.18,,,,,,,,,,,,,24.0,False,9.0,63.0,True,post-stroke dysphagia,False,not_reported,not_reported,not_reported,0.3271 (vs. control group at baseline)
38027487,arm_ea,verum_acupuncture,videofluoroscopic swallowing study (VFSS),function,videofluoroscopic swallowing study evaluation (VFSS),post-treatment (week 2),post,mean ± SD,6.38 ± 0.92,regex,mean_sd,6.38,0.92,,,,,,,,,,,,,24.0,False,9.0,63.0,True,post-stroke dysphagia,False,not_reported,not_reported,not_reported,p < 0.0001 (within group pre vs. post); p = 0.0009 (between groups post)
38027487,arm_ctrl,active_control,videofluoroscopic swallowing study (VFSS),function,videofluoroscopic swallowing study evaluation (VFSS),baseline (week 0),baseline,mean ± SD,3.46 ± 0.88,regex,mean_sd,3.46,0.88,,,,,,,,,,,,,24.0,False,9.0,63.0,True,post-stroke dysphagia,False,not_reported,not_reported,not_reported,0.3271 (vs. electroacupuncture group at baseline)
38027487,arm_ctrl,active_control,videofluoroscopic swallowing study (VFSS),function,videofluoroscopic swallowing study evaluation (VFSS),post-treatment (week 2),post,mean ± SD,5.21 ± 1.25,regex,mean_sd,5.21,1.25,,,,,,,,,,,,,24.0,False,9.0,63.0,True,post-stroke dysphagia,False,not_reported,not_reported,not_reported,p < 0.0001 (within group pre vs. post)
38027487,arm_ea,verum_acupuncture,surface electromyography (sEMG) mean amplitude of swallowing muscle groups,physiological,surface electromyography (sEMG),baseline (week 0),baseline,mean ± SD,9.73 ± 1.84,regex,mean_sd,9.73,1.84,,,,,,,,,,,,,24.0,,,,False,post-stroke dysphagia,False,not_reported,not_reported,not_reported,0.7956 (vs. control group at baseline)
38027487,arm_ea,verum_acupuncture,surface electromyography (sEMG) mean amplitude of swallowing muscle groups,physiological,surface electromyography (sEMG),post-treatment (week 2),post,mean ± SD,12.41 ± 2.68,regex,mean_sd,12.41,2.68,,,,,,,,,,,,,24.0,,,,False,post-stroke dysphagia,False,not_reported,not_reported,not_reported,p < 0.0001 (within group pre vs. post); p = 0.0403 (between groups post)
38027487,arm_ctrl,active_control,surface electromyography (sEMG) mean amplitude of swallowing muscle groups,physiological,surface electromyography (sEMG),baseline (week 0),baseline,mean ± SD,9.60 ± 1.67,regex,mean_sd,9.6,1.67,,,,,,,,,,,,,24.0,,,,False,post-stroke dysphagia,False,not_reported,not_reported,not_reported,0.7956 (vs. electroacupuncture group at baseline)
38027487,arm_ctrl,active_control,surface electromyography (sEMG) mean amplitude of swallowing muscle groups,physiological,surface electromyography (sEMG),post-treatment (week 2),post,mean ± SD,11.09 ± 1.50,regex,mean_sd,11.09,1.5,,,,,,,,,,,,,24.0,,,,False,post-stroke dysphagia,False,not_reported,not_reported,not_reported,p < 0.0001 (within group pre vs. post)
38034817,not_applicable,,swallowing amplitude of the subglottis muscle group (mean amplitude values of swallowing muscle groups),physiological,surface electromyography (sEMG) root mean square values of swallowing amplitudes,after electroacupuncture,other,other,not_reported (group means visible in Fig. 5 but not explicitly tabulated in text),unparseable,,,,,,,,,,,,,,,,27.0,True,,,True,Healthy volunteers; study aimed to reveal mechanisms relevant to post-stroke swallowing dysphagia,True,not_reported,"F = 13.7820, P < 0.0001 (one-way repeated measures ANOVA among three groups)",not_reported,P < 0.0001
38034817,arm_HT5_GB20,verum_acupuncture,swallowing amplitude of the subglottis muscle group,physiological,surface electromyography (sEMG) root mean square values of swallowing amplitudes,after electroacupuncture,other,other,not_reported (visible in Fig. 5),unparseable,,,,,,,,,,,,,,,,9.0,True,,,True,Healthy volunteers; study aimed to reveal mechanisms relevant to post-stroke swallowing dysphagia,True,not_reported,"HT5 + GB20 group significantly stronger than HT5 group: t = 5.2474, P < 0.0001",not_reported,P < 0.0001
38034817,arm_GB20,verum_acupuncture,swallowing amplitude of the subglottis muscle group,physiological,surface electromyography (sEMG) root mean square values of swallowing amplitudes,after electroacupuncture,other,other,not_reported (visible in Fig. 5),unparseable,,,,,,,,,,,,,,,,9.0,True,,,True,Healthy volunteers; study aimed to reveal mechanisms relevant to post-stroke swallowing dysphagia,True,not_reported,"GB20 group was stronger than the HT5 group: t = 2.7719, P < 0.05",not_reported,P < 0.05
38034817,arm_HT5_GB20,verum_acupuncture,swallowing amplitude of the subglottis muscle group,physiological,surface electromyography (sEMG) root mean square values of swallowing amplitudes,after electroacupuncture,other,other,not_reported (visible in Fig. 5),unparseable,,,,,,,,,,,,,,,,9.0,True,,,True,Healthy volunteers; study aimed to reveal mechanisms relevant to post-stroke swallowing dysphagia,True,not_reported,no statistically significant difference between the HT5 + GB20 and GB20 groups,not_reported,not significant
38245739,arm_group1,verum_acupuncture,SF-MPQ score,pain,Short-Form McGill Pain Questionnaire (SF-MPQ),TP1 (before acupuncture),baseline,mean ± SD,19.55±7.55,regex,mean_sd,19.55,7.55,,,,,,,,,,,,,50.0,False,0.0,45.0,True,Non-menstrual migraine without aura (MWoA),True,not_reported,not_reported,not_reported,not_reported
38245739,arm_group1,verum_acupuncture,SF-MPQ score,pain,Short-Form McGill Pain Questionnaire (SF-MPQ),TP2 (after the end of all acupuncture sessions),post,mean ± SD,9.44±4.85,regex,mean_sd,9.44,4.85,,,,,,,,,,,,,50.0,False,0.0,45.0,True,Non-menstrual migraine without aura (MWoA),True,SF-MPQ scores in Group 1 at TP2 were significantly lower than that at TP1 (at baseline),not_reported,not_reported,P<0.025 (in pairwise comparisons)
38245739,arm_group1,verum_acupuncture,SF-MPQ change,pain,Short-Form McGill Pain Questionnaire (SF-MPQ) change rate,TP1 to TP2,other,mean ± SD,0.52±0.35,regex,mean_sd,0.52,0.35,,,,,,,,,,,,,50.0,False,0.0,45.0,True,Non-menstrual migraine without aura (MWoA),True,not_reported,not_reported,not_reported,not_reported
38245739,arm_group1,verum_acupuncture,MIDAS score,function,Migraine Disability Assessment Questionnaire (MIDAS),TP1 (before acupuncture),baseline,mean ± SD,14.28±8.90,regex,mean_sd,14.28,8.9,,,,,,,,,,,,,50.0,False,,,True,Non-menstrual migraine without aura (MWoA),True,not_reported,not_reported,not_reported,not_reported
38245739,arm_group1,verum_acupuncture,MIDAS score,function,Migraine Disability Assessment Questionnaire (MIDAS),TP2 (after the end of all acupuncture sessions),post,mean ± SD,6.50±4.95,regex,mean_sd,6.5,4.95,,,,,,,,,,,,,50.0,False,,,True,Non-menstrual migraine without aura (MWoA),True,MIDAS scores in Group 1 at TP2 were significantly lower than that at TP1 (at baseline),not_reported,not_reported,P<0.025 (in pairwise comparisons)
38245739,arm_group1,verum_acupuncture,MIDAS change,function,Migraine Disability Assessment Questionnaire (MIDAS) change rate,TP1 to TP2,other,mean ± SD,0.54±0.44,regex,mean_sd,0.54,0.44,,,,,,,,,,,,,50.0,False,,,True,Non-menstrual migraine without aura (MWoA),True,not_reported,not_reported,not_reported,not_reported
38245739,arm_group1,verum_acupuncture,Disease duration (year),other,not_reported,baseline,baseline,mean ± SD,1.20±8.19 (1–10),regex,mean_sd,1.2,8.19,,,,,,,,,,,,,50.0,,,,False,Non-menstrual migraine without aura (MWoA),True,not_reported,not_reported,not_reported,not_reported
38245739,arm_group1,verum_acupuncture,Frequency per month (times),symptom_severity,not_reported,baseline (past 4 weeks),baseline,mean ± SD,1.46±2.55 (1–4),regex,mean_sd,1.46,2.55,,,,,,,,,,,,,50.0,,,,False,Non-menstrual migraine without aura (MWoA),True,not_reported,not_reported,not_reported,not_reported
38245739,arm_group1,verum_acupuncture,Correlation between ALFF value of left middle occipital area and SF-MPQ score at TP1,pain,Short-Form McGill Pain Questionnaire (SF-MPQ),TP1,other,other,r=0.343; P=0.015,unparseable,,,,,,,,,,,,,,,,50.0,False,0.0,45.0,True,Non-menstrual migraine without aura (MWoA),True,not_reported,not_reported,r=0.343,P=0.015
38245739,arm_group1,verum_acupuncture,Correlation between ALFF value of left middle occipital area and MIDAS score at TP1,function,Migraine Disability Assessment Questionnaire (MIDAS),TP1,other,other,r=0.827; P=0.0036,unparseable,,,,,,,,,,,,,,,,50.0,False,,,True,Non-menstrual migraine without aura (MWoA),True,not_reported,not_reported,r=0.827,P=0.0036 (also reported as P<0.01 in abstract)
38245739,arm_group1,verum_acupuncture,Correlation between DC value of right inferior temporal area and SF-MPQ score at TP1,pain,Short-Form McGill Pain Questionnaire (SF-MPQ),TP1,other,other,r=0.371; P=0.008,unparseable,,,,,,,,,,,,,,,,50.0,False,0.0,45.0,True,Non-menstrual migraine without aura (MWoA),True,not_reported,not_reported,r=0.371,P=0.008
38249582,arm_1min,verum_acupuncture,NIHSS scores,symptom_severity,National Institute of Health Stroke Scale (NIHSS),Before acupuncture manipulation,baseline,mean ± SD,4.40±2.12,regex,mean_sd,4.4,2.12,,,,,,,,,,,,,10.0,False,0.0,42.0,True,Ischemic stroke with motor dysfunction,False,not_reported,not_reported,not_reported,not_reported
38249582,arm_1min,verum_acupuncture,NIHSS scores,symptom_severity,National Institute of Health Stroke Scale (NIHSS),After acupuncture manipulation,post,mean ± SD,4.30±2.00,regex,mean_sd,4.3,2.0,,,,,,,,,,,,,10.0,False,0.0,42.0,True,Ischemic stroke with motor dysfunction,False,not_reported,not_reported,not_reported,0.343
38249582,arm_2min,verum_acupuncture,NIHSS scores,symptom_severity,National Institute of Health Stroke Scale (NIHSS),Before acupuncture manipulation,baseline,mean ± SD,4.60±3.17,regex,mean_sd,4.6,3.17,,,,,,,,,,,,,10.0,False,0.0,42.0,True,Ischemic stroke with motor dysfunction,False,not_reported,not_reported,not_reported,not_reported
38249582,arm_2min,verum_acupuncture,NIHSS scores,symptom_severity,National Institute of Health Stroke Scale (NIHSS),After acupuncture manipulation,post,mean ± SD,4.50±3.21,regex,mean_sd,4.5,3.21,,,,,,,,,,,,,10.0,False,0.0,42.0,True,Ischemic stroke with motor dysfunction,False,not_reported,not_reported,not_reported,0.343
38249582,arm_3min,verum_acupuncture,NIHSS scores,symptom_severity,National Institute of Health Stroke Scale (NIHSS),Before acupuncture manipulation,baseline,mean ± SD,4.40±1.96,regex,mean_sd,4.4,1.96,,,,,,,,,,,,,10.0,False,0.0,42.0,True,Ischemic stroke with motor dysfunction,False,not_reported,not_reported,not_reported,not_reported
38249582,arm_3min,verum_acupuncture,NIHSS scores,symptom_severity,National Institute of Health Stroke Scale (NIHSS),After acupuncture manipulation,post,mean ± SD,4.10±1.66,regex,mean_sd,4.1,1.66,,,,,,,,,,,,,10.0,False,0.0,42.0,True,Ischemic stroke with motor dysfunction,False,not_reported,not_reported,not_reported,0.081
38249582,arm_1min,verum_acupuncture,FMA scores,function,Fugl-Meyer motor function assessment (FMA),Before acupuncture manipulation,baseline,mean ± SD,92.50±3.24,regex,mean_sd,92.5,3.24,,,,,,,,,,,,,10.0,True,0.0,100.0,True,Ischemic stroke with motor dysfunction,False,not_reported,not_reported,not_reported,not_reported
38249582,arm_1min,verum_acupuncture,FMA scores,function,Fugl-Meyer motor function assessment (FMA),After acupuncture manipulation,post,mean ± SD,92.80±2.90,regex,mean_sd,92.8,2.9,,,,,,,,,,,,,10.0,True,0.0,100.0,True,Ischemic stroke with motor dysfunction,False,not_reported,not_reported,not_reported,0.081
38249582,arm_2min,verum_acupuncture,FMA scores,function,Fugl-Meyer motor function assessment (FMA),Before acupuncture manipulation,baseline,mean ± SD,92.30±4.52,regex,mean_sd,92.3,4.52,,,,,,,,,,,,,10.0,True,0.0,100.0,True,Ischemic stroke with motor dysfunction,False,not_reported,not_reported,not_reported,not_reported
38249582,arm_2min,verum_acupuncture,FMA scores,function,Fugl-Meyer motor function assessment (FMA),After acupuncture manipulation,post,mean ± SD,92.70±4.62,regex,mean_sd,92.7,4.62,,,,,,,,,,,,,10.0,True,0.0,100.0,True,Ischemic stroke with motor dysfunction,False,not_reported,not_reported,not_reported,0.104
38249582,arm_3min,verum_acupuncture,FMA scores,function,Fugl-Meyer motor function assessment (FMA),Before acupuncture manipulation,baseline,mean ± SD,92.80±2.57,regex,mean_sd,92.8,2.57,,,,,,,,,,,,,10.0,True,0.0,100.0,True,Ischemic stroke with motor dysfunction,False,not_reported,not_reported,not_reported,not_reported
38249582,arm_3min,verum_acupuncture,FMA scores,function,Fugl-Meyer motor function assessment (FMA),After acupuncture manipulation,post,mean ± SD,93.00±2.63,regex,mean_sd,93.0,2.63,,,,,,,,,,,,,10.0,True,0.0,100.0,True,Ischemic stroke with motor dysfunction,False,not_reported,not_reported,not_reported,0.168
38249582,not_applicable,,NIHSS scores between-group comparison at baseline,symptom_severity,National Institute of Health Stroke Scale (NIHSS),Baseline (before acupuncture manipulation),baseline,p_value_only,not_reported,unparseable,,,,,,,,,,,,,,,,30.0,False,0.0,42.0,True,Ischemic stroke with motor dysfunction,False,not_reported,not statistically significant (p> 0.05),not_reported,p> 0.05
38249582,not_applicable,,FMA scores between-group comparison at baseline,function,Fugl-Meyer motor function assessment (FMA),Baseline (before acupuncture manipulation),baseline,p_value_only,not_reported,unparseable,,,,,,,,,,,,,,,,30.0,True,0.0,100.0,True,Ischemic stroke with motor dysfunction,False,not_reported,not statistically significant (p> 0.05),not_reported,p> 0.05
38585348,EG,verum_acupuncture,THI scores,symptom_severity,Tinnitus Handicap Inventory (THI),Pre-treatment,baseline,mean ± SD,50.56 ± 19.91,regex,mean_sd,50.56,19.91,,,,,,,,,,,,,34.0,False,0.0,100.0,True,Subjective tinnitus (ST),True,not_reported,not_reported,not_reported,not_reported
38585348,EG,verum_acupuncture,THI scores,symptom_severity,Tinnitus Handicap Inventory (THI),Post-treatment,post,mean ± SD,25.94 ± 18.18,regex,mean_sd,25.94,18.18,,,,,,,,,,,,,34.0,False,0.0,100.0,True,Subjective tinnitus (ST),True,significantly decreased post-treatment compared with pre-treatment (*p<0.05),not_reported,not_reported,p<0.01 (stated in abstract); p<0.05 (stated in Table 2)
38585348,EG,verum_acupuncture,Average hearing threshold scores/dB HL,physiological,"pure tone audiometry; average air conduction hearing threshold (250–8,000Hz; MI44, Maico)",Pre-treatment,baseline,mean ± SD,33.74 ± 19.19,regex,mean_sd,33.74,19.19,,,,,,,,,,,,,34.0,,,,False,Subjective tinnitus (ST),True,not_reported,not_reported,not_reported,not_reported
38585348,EG,verum_acupuncture,Average hearing threshold scores/dB HL,physiological,"pure tone audiometry; average air conduction hearing threshold (250–8,000Hz; MI44, Maico)",Post-treatment,post,mean ± SD,25.21 ± 16.38,regex,mean_sd,25.21,16.38,,,,,,,,,,,,,34.0,,,,False,Subjective tinnitus (ST),True,significantly decreased post-treatment compared with pre-treatment (*p<0.05),not_reported,not_reported,p<0.01 (stated in abstract); p<0.05 (stated in Table 2)
38585348,EG,verum_acupuncture,Total effective rate of ST patients treated with electroacupuncture,responder,Tinnitus Handicap Inventory (THI),Post-treatment,post,percentage,total effective rate of 88.24%,unparseable,,,,,,,,,,,,,,,,34.0,False,0.0,100.0,True,Subjective tinnitus (ST),True,not_reported,not_reported,not_reported,not_reported
38585348,EG,verum_acupuncture,Correlation between THI score and reduction of FC value in INS-left superior frontal gyrus before treatment,symptom_severity,Tinnitus Handicap Inventory (THI),before electroacupuncture treatment,other,other,"r = −0.41, p = 0.017",unparseable,,,,,,,,,,,,,,,,34.0,False,0.0,100.0,True,Subjective tinnitus (ST),True,not_reported,not_reported,r = −0.41,p = 0.017
38651018,arm_AD_real,verum_acupuncture,SCORAD,symptom_severity,SCORing Atopic Dermatitis scale (SCORAD),baseline vs post-treatment,baseline,mean ± SD,baseline: 31.2 ± 8.7; post-treatment: 24.5 ± 8.3,unparseable,,,,,,,,,,,,,,,,27.0,False,,,True,"Atopic Dermatitis (AD), mild-moderate",True,"T −4.91, P < 0.001",not_reported,not_reported,P < 0.001
38651018,arm_AD_sham,sham_acupuncture,SCORAD,symptom_severity,SCORing Atopic Dermatitis scale (SCORAD),baseline vs post-treatment,baseline,mean ± SD,post-treatment: 26.7 ± 10.6,unparseable,,,,,,,,,,,,,,,,14.0,False,,,True,"Atopic Dermatitis (AD), mild-moderate",True,"T −2.88, P 0.04",not_reported,not_reported,P 0.04
38651018,arm_AD_real,verum_acupuncture,EASI,symptom_severity,Eczema Area and Severity Index (EASI),baseline vs post-treatment,baseline,mean ± SD,baseline: 4.6 ± 3.4; post-treatment: 4.3 ± 3.9,unparseable,,,,,,,,,,,,,,,,27.0,False,,,True,"Atopic Dermatitis (AD), mild-moderate",True,"T −2.42, P 0.03",not_reported,not_reported,P 0.03
38651018,arm_AD_sham,sham_acupuncture,EASI,symptom_severity,Eczema Area and Severity Index (EASI),baseline vs post-treatment,baseline,mean ± SD,post-treatment: 4.7 ± 3.4,unparseable,,,,,,,,,,,,,,,,14.0,False,,,True,"Atopic Dermatitis (AD), mild-moderate",True,"T −0.03, P 0.98",not_reported,not_reported,P 0.98
38651018,arm_AD_real,verum_acupuncture,VAS (itching),symptom_severity,visual analogue scale (VAS) for itching,baseline vs post-treatment,baseline,mean ± SD,baseline: 5.5 ± 1.9; post-treatment: 3.7 ± 2.1,unparseable,,,,,,,,,,,,,,,,27.0,False,0.0,10.0,True,"Atopic Dermatitis (AD), mild-moderate",True,"T −3.89, P < 0.001",not_reported,not_reported,P < 0.001
38651018,arm_AD_sham,sham_acupuncture,VAS (itching),symptom_severity,visual analogue scale (VAS) for itching,baseline vs post-treatment,baseline,mean ± SD,post-treatment: 3.2 ± 2.1,unparseable,,,,,,,,,,,,,,,,14.0,False,0.0,10.0,True,"Atopic Dermatitis (AD), mild-moderate",True,"T −3.60, P 0.01",not_reported,not_reported,P 0.01
38651018,arm_AD_real,verum_acupuncture,VAS (insomnia),symptom_severity,visual analogue scale (VAS) for insomnia,baseline vs post-treatment,baseline,mean ± SD,baseline: 3.5 ± 2.2; post-treatment: 2.1 ± 1.9,unparseable,,,,,,,,,,,,,,,,27.0,False,0.0,10.0,True,"Atopic Dermatitis (AD), mild-moderate",True,"T −2.93, P 0.01",not_reported,not_reported,P 0.01
38651018,arm_AD_sham,sham_acupuncture,VAS (insomnia),symptom_severity,visual analogue scale (VAS) for insomnia,baseline vs post-treatment,baseline,mean ± SD,post-treatment: 2.9 ± 2.2,unparseable,,,,,,,,,,,,,,,,14.0,False,0.0,10.0,True,"Atopic Dermatitis (AD), mild-moderate",True,"T 0.04, P 0.97",not_reported,not_reported,P 0.97
38651018,arm_AD_real,verum_acupuncture,high responder vs low responder classification,responder,"SCORing Atopic Dermatitis scale (SCORAD), minimal clinically important difference",after real acupuncture treatment,other,count,"11 patients classified as high responders, 16 as low responders",unparseable,,,,,,,,,,,,,,,,27.0,False,,,True,"Atopic Dermatitis (AD), mild-moderate",True,not_reported,not_reported,not_reported,not_reported
38651018,not_applicable,,Age (year),other,not_reported,baseline,baseline,mean ± SD,HC: 26.4 ± 5.3; AD: 24.3 ± 5.2,unparseable,,,,,,,,,,,,,,,,,,,,False,"Atopic Dermatitis (AD), mild-moderate",True,not_reported,"AD vs HC: Z −1.60, P 0.09",not_reported,P 0.09
38651018,not_applicable,,BMI (kg/m2),physiological,not_reported,baseline,baseline,mean ± SD,HC: 22.2 ± 2.7; AD: 23.5 ± 3.3,unparseable,,,,,,,,,,,,,,,,,,,,False,"Atopic Dermatitis (AD), mild-moderate",True,not_reported,"AD vs HC: Z 1.76, P 0.08",not_reported,P 0.08
38651018,not_applicable,,Duration of AD (year),other,not_reported,baseline,baseline,mean ± SD,AD real: 20.3 ± 8.5; AD sham: 20.5 ± 9.7,unparseable,,,,,,,,,,,,,,,,,,,,False,"Atopic Dermatitis (AD), mild-moderate",True,not_reported,"AD real vs AD sham: T −0.14, P 0.89",not_reported,P 0.89
38681626,EAS,verum_acupuncture,HAMD-24 score,symptom_severity,24-item Hamilton Depression Rating Scale (HAMD-24),pre-treatment,baseline,mean ± SD,23.00 ± 3.01,regex,mean_sd,23.0,3.01,,,,,,,,,,,,,14.0,False,0.0,52.0,True,First-episode major depressive disorder (MDD),False,not_reported,not_reported,not_reported,not_reported
38681626,EAS,verum_acupuncture,HAMD-24 score,symptom_severity,24-item Hamilton Depression Rating Scale (HAMD-24),post-treatment,post,mean ± SD,9.28 ± 4.59,regex,mean_sd,9.28,4.59,,,,,,,,,,,,,14.0,False,0.0,52.0,True,First-episode major depressive disorder (MDD),False,not_reported,Post hoc analyses showed a more significant improvement in the EAS group than in the SAS group post-treatment,not_reported,"group main effect F = 3.829, P = 0.047; group × time interaction F = 4.732, P = 0.040; post hoc between groups post-treatment P < 0.05"
38681626,SAS,sham_acupuncture,HAMD-24 score,symptom_severity,24-item Hamilton Depression Rating Scale (HAMD-24),pre-treatment,baseline,mean ± SD,23.85 ± 3.57,regex,mean_sd,23.85,3.57,,,,,,,,,,,,,14.0,False,0.0,52.0,True,First-episode major depressive disorder (MDD),False,not_reported,not_reported,not_reported,not_reported
38681626,SAS,sham_acupuncture,HAMD-24 score,symptom_severity,24-item Hamilton Depression Rating Scale (HAMD-24),post-treatment,post,mean ± SD,15.42 ± 6.40,regex,mean_sd,15.42,6.4,,,,,,,,,,,,,14.0,False,0.0,52.0,True,First-episode major depressive disorder (MDD),False,not_reported,EAS group showed more significant improvement than SAS group post-treatment,not_reported,"group main effect F = 3.829, P = 0.047; group × time interaction F = 4.732, P = 0.040"
38681626,EAS,verum_acupuncture,HAMA-14 score,symptom_severity,14-item Hamilton Anxiety Scale (HAMA-14),pre-treatment,baseline,mean ± SD,19.28 ± 3.58,regex,mean_sd,19.28,3.58,,,,,,,,,,,,,14.0,False,0.0,56.0,True,First-episode major depressive disorder (MDD),False,not_reported,not_reported,not_reported,not_reported
38681626,EAS,verum_acupuncture,HAMA-14 score,symptom_severity,14-item Hamilton Anxiety Scale (HAMA-14),post-treatment,post,mean ± SD,8.64 ± 4.74,regex,mean_sd,8.64,4.74,,,,,,,,,,,,,14.0,False,0.0,56.0,True,First-episode major depressive disorder (MDD),False,not_reported,Post hoc analyses showed a more significant improvement in the EAS group than in the SAS group post-treatment,not_reported,"group main effect F = 4.327, P = 0.043; group × time interaction F = 5.103, P = 0.032; post hoc between groups post-treatment P < 0.05"
38681626,SAS,sham_acupuncture,HAMA-14 score,symptom_severity,14-item Hamilton Anxiety Scale (HAMA-14),pre-treatment,baseline,mean ± SD,19.42 ± 4.44,regex,mean_sd,19.42,4.44,,,,,,,,,,,,,14.0,False,0.0,56.0,True,First-episode major depressive disorder (MDD),False,not_reported,not_reported,not_reported,not_reported
38681626,SAS,sham_acupuncture,HAMA-14 score,symptom_severity,14-item Hamilton Anxiety Scale (HAMA-14),post-treatment,post,mean ± SD,12.71 ± 4.89,regex,mean_sd,12.71,4.89,,,,,,,,,,,,,14.0,False,0.0,56.0,True,First-episode major depressive disorder (MDD),False,not_reported,EAS group showed more significant improvement than SAS group post-treatment,not_reported,"group main effect F = 4.327, P = 0.043; group × time interaction F = 5.103, P = 0.032"
38681626,EAS,verum_acupuncture,Correlation between change in ALFF of left MTG and change in HAMD-24 score,symptom_severity,24-item Hamilton Depression Rating Scale (HAMD-24),change score (post minus pre),other,other,"r = −0.646, P = 0.013 (negative correlation)",unparseable,,,,,,,,,,,,,,,,14.0,False,0.0,52.0,True,First-episode major depressive disorder (MDD),False,not_reported,not_reported,r = −0.646,P = 0.013
38681626,EAS,verum_acupuncture,Correlation between change in FC of left MTG and left MFG and change in HAMD-24 score,symptom_severity,24-item Hamilton Depression Rating Scale (HAMD-24),change score (post minus pre),other,other,"r = 0.539, P = 0.047 (positive correlation)",unparseable,,,,,,,,,,,,,,,,14.0,False,0.0,52.0,True,First-episode major depressive disorder (MDD),False,not_reported,not_reported,r = 0.539,P = 0.047
39089662,AG,verum_acupuncture,VAS for leg pain,pain,visual analog scale (VAS) for leg pain,4-week minus baseline,baseline,mean ± SD,not_reported,unparseable,,,,,,,,,,,,,,,,25.0,False,0.0,10.0,True,chronic sciatica (chronic neuropathic pain),False,-32.08 (16.94),"AG vs SG: Cohen d = -.901, P = .003",Cohen d = -.901,.003
39089662,SG,sham_acupuncture,VAS for leg pain,pain,visual analog scale (VAS) for leg pain,4-week minus baseline,baseline,mean ± SD,not_reported,unparseable,,,,,,,,,,,,,,,,25.0,False,0.0,10.0,True,chronic sciatica (chronic neuropathic pain),False,-14.64 (21.51),"AG vs SG: Cohen d = -.901, P = .003",Cohen d = -.901,.003
39089662,AG,verum_acupuncture,ODI (oswestry disability index),function,Oswestry Disability Index (ODI),4-week minus baseline,baseline,mean ± SD,not_reported,unparseable,,,,,,,,,,,,,,,,25.0,False,0.0,100.0,True,chronic sciatica (chronic neuropathic pain),False,-11.29 (12.69),"AG vs SG: Cohen d = -.678, P = .021",Cohen d = -.678,.021
39089662,SG,sham_acupuncture,ODI (oswestry disability index),function,Oswestry Disability Index (ODI),4-week minus baseline,baseline,mean ± SD,not_reported,unparseable,,,,,,,,,,,,,,,,25.0,False,0.0,100.0,True,chronic sciatica (chronic neuropathic pain),False,-2.88 (12.12),"AG vs SG: Cohen d = -.678, P = .021",Cohen d = -.678,.021
39089662,AG,verum_acupuncture,VAS for back pain,pain,visual analog scale (VAS) for back pain,4-week minus baseline,baseline,mean ± SD,not_reported,unparseable,,,,,,,,,,,,,,,,25.0,False,0.0,10.0,True,chronic sciatica (chronic neuropathic pain),False,-25.12 (17.89),"AG vs SG: Cohen d = -.645, P = .027",Cohen d = -.645,.027
39089662,SG,sham_acupuncture,VAS for back pain,pain,visual analog scale (VAS) for back pain,4-week minus baseline,baseline,mean ± SD,not_reported,unparseable,,,,,,,,,,,,,,,,25.0,False,0.0,10.0,True,chronic sciatica (chronic neuropathic pain),False,-11.72 (23.30),"AG vs SG: Cohen d = -.645, P = .027",Cohen d = -.645,.027
39089662,AG,verum_acupuncture,SFBI for frequency,symptom_severity,Sciatica Frequency and Bothersomeness Index (SFBI) - frequency domain,4-week minus baseline,baseline,mean ± SD,not_reported,unparseable,,,,,,,,,,,,,,,,25.0,False,,,True,chronic sciatica (chronic neuropathic pain),False,-6.92 (5.74),"AG vs SG: Cohen d = -.767, P = .009",Cohen d = -.767,.009
39089662,SG,sham_acupuncture,SFBI for frequency,symptom_severity,Sciatica Frequency and Bothersomeness Index (SFBI) - frequency domain,4-week minus baseline,baseline,mean ± SD,not_reported,unparseable,,,,,,,,,,,,,,,,25.0,False,,,True,chronic sciatica (chronic neuropathic pain),False,-2.40 (6.04),"AG vs SG: Cohen d = -.767, P = .009",Cohen d = -.767,.009
39089662,AG,verum_acupuncture,SFBI for bothersomeness,symptom_severity,Sciatica Frequency and Bothersomeness Index (SFBI) - bothersomeness domain,4-week minus baseline,baseline,mean ± SD,not_reported,unparseable,,,,,,,,,,,,,,,,25.0,False,,,True,chronic sciatica (chronic neuropathic pain),False,-6.52 (5.51),"AG vs SG: Cohen d = -.955, P = .001",Cohen d = -.955,.001
39089662,SG,sham_acupuncture,SFBI for bothersomeness,symptom_severity,Sciatica Frequency and Bothersomeness Index (SFBI) - bothersomeness domain,4-week minus baseline,baseline,mean ± SD,not_reported,unparseable,,,,,,,,,,,,,,,,25.0,False,,,True,chronic sciatica (chronic neuropathic pain),False,-1.32 (5.38),"AG vs SG: Cohen d = -.955, P = .001",Cohen d = -.955,.001
39089662,AG,verum_acupuncture,VAS for leg pain (baseline),pain,visual analog scale (VAS) for leg pain,baseline,baseline,median [IQR],"50.00 (45.00, 71.50)",regex,median_iqr,55.5,19.62962962962963,,50.0,45.0,71.5,,,,,,,,,25.0,False,0.0,10.0,True,chronic sciatica (chronic neuropathic pain),False,not_reported,P = .366,not_reported,.366
39089662,SG,sham_acupuncture,VAS for leg pain (baseline),pain,visual analog scale (VAS) for leg pain,baseline,baseline,median [IQR],"50.00 (45.00, 58.00)",regex,median_iqr,51.0,9.62962962962963,,50.0,45.0,58.0,,,,,,,,,25.0,False,0.0,10.0,True,chronic sciatica (chronic neuropathic pain),False,not_reported,P = .366,not_reported,.366
39089662,AG,verum_acupuncture,VAS for back pain (baseline),pain,visual analog scale (VAS) for back pain,baseline,baseline,median [IQR],"52.00 (44.50, 65.00)",regex,median_iqr,53.833333333333336,15.185185185185183,,52.0,44.5,65.0,,,,,,,,,25.0,False,0.0,10.0,True,chronic sciatica (chronic neuropathic pain),False,not_reported,P = .580,not_reported,.580
39089662,SG,sham_acupuncture,VAS for back pain (baseline),pain,visual analog scale (VAS) for back pain,baseline,baseline,mean ± SD,53.84 (16.13),regex,mean_sd,53.84,16.13,,,,,,,,,,,,,25.0,False,0.0,10.0,True,chronic sciatica (chronic neuropathic pain),False,not_reported,P = .580,not_reported,.580
39089662,AG,verum_acupuncture,ODI (baseline),function,Oswestry Disability Index (ODI),baseline,baseline,mean ± SD,26.67 (13.03),regex,mean_sd,26.67,13.03,,,,,,,,,,,,,25.0,False,0.0,100.0,True,chronic sciatica (chronic neuropathic pain),False,not_reported,P = .245,not_reported,.245
39089662,SG,sham_acupuncture,ODI (baseline),function,Oswestry Disability Index (ODI),baseline,baseline,mean ± SD,22.48 (12.16),regex,mean_sd,22.48,12.16,,,,,,,,,,,,,25.0,False,0.0,100.0,True,chronic sciatica (chronic neuropathic pain),False,not_reported,P = .245,not_reported,.245
39089662,AG,verum_acupuncture,SFBI for frequency (baseline),symptom_severity,Sciatica Frequency and Bothersomeness Index (SFBI) - frequency,baseline,baseline,mean ± SD,14.12 (4.79),regex,mean_sd,14.12,4.79,,,,,,,,,,,,,25.0,False,,,True,chronic sciatica (chronic neuropathic pain),False,not_reported,P = .193,not_reported,.193
39089662,SG,sham_acupuncture,SFBI for frequency (baseline),symptom_severity,Sciatica Frequency and Bothersomeness Index (SFBI) - frequency,baseline,baseline,mean ± SD,12.44 (4.18),regex,mean_sd,12.44,4.18,,,,,,,,,,,,,25.0,False,,,True,chronic sciatica (chronic neuropathic pain),False,not_reported,P = .193,not_reported,.193
39089662,AG,verum_acupuncture,SFBI for bothersomeness (baseline),symptom_severity,Sciatica Frequency and Bothersomeness Index (SFBI) - bothersomeness,baseline,baseline,mean ± SD,12.28 (4.42),regex,mean_sd,12.28,4.42,,,,,,,,,,,,,25.0,False,,,True,chronic sciatica (chronic neuropathic pain),False,not_reported,P = .291,not_reported,.291
39089662,SG,sham_acupuncture,SFBI for bothersomeness (baseline),symptom_severity,Sciatica Frequency and Bothersomeness Index (SFBI) - bothersomeness,baseline,baseline,mean ± SD,11.00 (4.05),regex,mean_sd,11.0,4.05,,,,,,,,,,,,,25.0,False,,,True,chronic sciatica (chronic neuropathic pain),False,not_reported,P = .291,not_reported,.291
39089662,AG,verum_acupuncture,SF-36 for physical (baseline),quality_of_life,36-item Short Form Health Survey (SF-36) - physical component score,baseline,baseline,mean ± SD,36.76 (10.80),regex,mean_sd,36.76,10.8,,,,,,,,,,,,,25.0,True,0.0,100.0,True,chronic sciatica (chronic neuropathic pain),False,not_reported,P = .304,not_reported,.304
39089662,SG,sham_acupuncture,SF-36 for physical (baseline),quality_of_life,36-item Short Form Health Survey (SF-36) - physical component score,baseline,baseline,mean ± SD,39.96 (10.97),regex,mean_sd,39.96,10.97,,,,,,,,,,,,,25.0,True,0.0,100.0,True,chronic sciatica (chronic neuropathic pain),False,not_reported,P = .304,not_reported,.304
39089662,AG,verum_acupuncture,SF-36 for mental (baseline),quality_of_life,36-item Short Form Health Survey (SF-36) - mental component score,baseline,baseline,mean ± SD,51.22 (12.89),regex,mean_sd,51.22,12.89,,,,,,,,,,,,,25.0,True,0.0,100.0,True,chronic sciatica (chronic neuropathic pain),False,not_reported,P = .718,not_reported,.718
39089662,SG,sham_acupuncture,SF-36 for mental (baseline),quality_of_life,36-item Short Form Health Survey (SF-36) - mental component score,baseline,baseline,mean ± SD,49.98 (11.10),regex,mean_sd,49.98,11.1,,,,,,,,,,,,,25.0,True,0.0,100.0,True,chronic sciatica (chronic neuropathic pain),False,not_reported,P = .718,not_reported,.718
39089662,AG,verum_acupuncture,correlation between actual 4-week ODI values and SVR-predicted 4-week ODI values,function,Oswestry Disability Index (ODI),4-week ODI predicted from baseline features,baseline,other,"r = .420, P = .037, RMSE = 9.298",unparseable,,,,,,,,,,,,,,,,25.0,False,0.0,100.0,True,chronic sciatica (chronic neuropathic pain),False,not_reported,not_reported,not_reported,.037
39089662,SG,sham_acupuncture,correlation between actual 4-week ODI values and SVR-predicted 4-week ODI values in SG (same features as AG model),function,Oswestry Disability Index (ODI),4-week ODI,other,other,"r = .218, P = .300, RMSE = 13.586",unparseable,,,,,,,,,,,,,,,,25.0,False,0.0,100.0,True,chronic sciatica (chronic neuropathic pain),False,not_reported,not_reported,not_reported,.300
39089662,all_arms,,pain medication usage during 4-week observation period,medication_use,not_reported,4-week observation period,other,narrative,No patient reported pain medication usage during the 4-week observation period in this study,unparseable,,,,,,,,,,,,,,,,60.0,,,,False,chronic sciatica (chronic neuropathic pain),False,not_reported,not_reported,not_reported,not_reported
39368604,arm_real,verum_acupuncture,MADRS (Montgomery-Asberg Depression Rating Scale),symptom_severity,Montgomery-Asberg Depression Rating Scale (MADRS),Pretreatment (baseline),baseline,mean ± SD,22.94 (7.36),regex,mean_sd,22.94,7.36,,,,,,,,,,,,,18.0,False,,,True,Major depressive disorder (MDD),False,not_reported,"F(1,33) = 0.001, p = 0.97 (no significant difference at baseline)",not_reported,p = 0.97
39368604,arm_sham,sham_acupuncture,MADRS (Montgomery-Asberg Depression Rating Scale),symptom_severity,Montgomery-Asberg Depression Rating Scale (MADRS),Pretreatment (baseline),baseline,mean ± SD,22.83 (9.17),regex,mean_sd,22.83,9.17,,,,,,,,,,,,,18.0,False,,,True,Major depressive disorder (MDD),False,not_reported,"F(1,33) = 0.001, p = 0.97 (no significant difference at baseline)",not_reported,p = 0.97
39368604,arm_real,verum_acupuncture,MADRS (Montgomery-Asberg Depression Rating Scale),symptom_severity,Montgomery-Asberg Depression Rating Scale (MADRS),Posttreatment (8 weeks),other,mean ± SD,5.44 (5.37),regex,mean_sd,5.44,5.37,,,,,,,,,,,,,18.0,False,,,True,Major depressive disorder (MDD),False,not_reported,"F(1,33) = 26.86, p < 0.01",not_reported,p < 0.01
39368604,arm_sham,sham_acupuncture,MADRS (Montgomery-Asberg Depression Rating Scale),symptom_severity,Montgomery-Asberg Depression Rating Scale (MADRS),Posttreatment (8 weeks),other,mean ± SD,14.06 (4.39),regex,mean_sd,14.06,4.39,,,,,,,,,,,,,18.0,False,,,True,Major depressive disorder (MDD),False,not_reported,"F(1,33) = 26.86, p < 0.01",not_reported,p < 0.01
39368604,arm_real,verum_acupuncture,MADRS change score (post minus pre),symptom_severity,Montgomery-Asberg Depression Rating Scale (MADRS),Post minus pre (8 weeks),other,mean ± SD,−17.5 (7.89),regex,mean_sd,-17.5,7.89,,,,,,,,,,,,,18.0,False,,,True,Major depressive disorder (MDD),False,not_reported,"F(1,33) = 10.86, p < 0.01",not_reported,p < 0.01
39368604,arm_sham,sham_acupuncture,MADRS change score (post minus pre),symptom_severity,Montgomery-Asberg Depression Rating Scale (MADRS),Post minus pre (8 weeks),other,mean ± SD,−8.78 (7.94),regex,mean_sd,-8.78,7.94,,,,,,,,,,,,,18.0,False,,,True,Major depressive disorder (MDD),False,not_reported,"F(1,33) = 10.86, p < 0.01",not_reported,p < 0.01
39368604,arm_real,verum_acupuncture,SDS (Self-rating Depression Scale),symptom_severity,Self-rating Depression Scale (SDS),Pretreatment (baseline),baseline,mean ± SD,47.83 (6.46),regex,mean_sd,47.83,6.46,,,,,,,,,,,,,18.0,False,20.0,80.0,True,Major depressive disorder (MDD),False,not_reported,"F(1,33) = 0.01, p = 0.94 (no significant difference at baseline)",not_reported,p = 0.94
39368604,arm_sham,sham_acupuncture,SDS (Self-rating Depression Scale),symptom_severity,Self-rating Depression Scale (SDS),Pretreatment (baseline),baseline,mean ± SD,47.44 (9.23),regex,mean_sd,47.44,9.23,,,,,,,,,,,,,18.0,False,20.0,80.0,True,Major depressive disorder (MDD),False,not_reported,"F(1,33) = 0.01, p = 0.94 (no significant difference at baseline)",not_reported,p = 0.94
39368604,arm_real,verum_acupuncture,SDS (Self-rating Depression Scale),symptom_severity,Self-rating Depression Scale (SDS),Posttreatment (8 weeks),other,mean ± SD,26.83 (6.46),regex,mean_sd,26.83,6.46,,,,,,,,,,,,,18.0,False,20.0,80.0,True,Major depressive disorder (MDD),False,not_reported,"F(1,33) = 16.29, p < 0.01",not_reported,p < 0.01
39368604,arm_sham,sham_acupuncture,SDS (Self-rating Depression Scale),symptom_severity,Self-rating Depression Scale (SDS),Posttreatment (8 weeks),other,mean ± SD,34.94 (5.40),regex,mean_sd,34.94,5.4,,,,,,,,,,,,,18.0,False,20.0,80.0,True,Major depressive disorder (MDD),False,not_reported,"F(1,33) = 16.29, p < 0.01",not_reported,p < 0.01
39368604,arm_real,verum_acupuncture,SDS change score (post minus pre),symptom_severity,Self-rating Depression Scale (SDS),Post minus pre (8 weeks),other,median [IQR],−21.00 (−12.5),unparseable,,,,,,,,,,,,,,,,18.0,False,20.0,80.0,True,Major depressive disorder (MDD),False,not_reported,"F(1,33) = 8.21, p < 0.01",not_reported,p < 0.01
39368604,arm_sham,sham_acupuncture,SDS change score (post minus pre),symptom_severity,Self-rating Depression Scale (SDS),Post minus pre (8 weeks),other,median [IQR],−12.50 (8.65),regex,mean_sd,-12.5,8.65,,,,,,,,,,,,,18.0,False,20.0,80.0,True,Major depressive disorder (MDD),False,not_reported,"F(1,33) = 8.21, p < 0.01",not_reported,p < 0.01
39468590,arm_acupuncture,verum_acupuncture,Body Weight (kg),physiological,not_reported,before treatment and after treatment (Day 35),baseline,mean ± SD,Before: 80.43 (11.37); After: 79.54 (11.10),unparseable,,,,,,,,,,,,,,,,49.0,,,,False,"type 2 diabetes mellitus (T2DM), overweight or obese",False,-0.89 (1.94),p=0.763,not_reported,p=0.003
39468590,arm_control,sham_acupuncture,Body Weight (kg),physiological,not_reported,before treatment and after treatment (Day 35),baseline,mean ± SD,Before: 80.52 (12.37); After: 79.49 (12.50),unparseable,,,,,,,,,,,,,,,,53.0,,,,False,"type 2 diabetes mellitus (T2DM), overweight or obese",False,-1.03 (1.79),p=0.763,not_reported,p<0.001
39468590,arm_acupuncture,verum_acupuncture,BMI (kg/m2),physiological,not_reported,before treatment and after treatment (Day 35),baseline,mean ± SD,Before: 29.15 (3.03); After: 28.84 (2.98),unparseable,,,,,,,,,,,,,,,,49.0,,,,False,"type 2 diabetes mellitus (T2DM), overweight or obese",False,-0.31 (0.71),p=0.558,not_reported,p=0.008
39468590,arm_control,sham_acupuncture,BMI (kg/m2),physiological,not_reported,before treatment and after treatment (Day 35),baseline,mean ± SD,Before: 29.55 (3.01); After: 29.16 (3.09),unparseable,,,,,,,,,,,,,,,,53.0,,,,False,"type 2 diabetes mellitus (T2DM), overweight or obese",False,-0.40 (0.64),p=0.558,not_reported,p<0.001
39468590,arm_acupuncture,verum_acupuncture,Waistline (cm),physiological,not_reported,before treatment and after treatment (Day 35),baseline,mean ± SD,Before: 99.35 (9.04); After: 97.22 (8.59),unparseable,,,,,,,,,,,,,,,,49.0,,,,False,"type 2 diabetes mellitus (T2DM), overweight or obese",False,-2.12 (3.68),p=0.322,not_reported,p<0.001
39468590,arm_control,sham_acupuncture,Waistline (cm),physiological,not_reported,before treatment and after treatment (Day 35),baseline,mean ± SD,Before: 99.49 (7.61); After: 97.13 (8.51),unparseable,,,,,,,,,,,,,,,,53.0,,,,False,"type 2 diabetes mellitus (T2DM), overweight or obese",False,-2.36 (2.85),p=0.322,not_reported,p<0.001
39468590,arm_acupuncture,verum_acupuncture,Hipline (cm),physiological,not_reported,before treatment and after treatment (Day 35),baseline,mean ± SD,Before: 104.84 (7.21); After: 103.63 (6.59),unparseable,,,,,,,,,,,,,,,,49.0,,,,False,"type 2 diabetes mellitus (T2DM), overweight or obese",False,-1.21 (3.81),p=0.674,not_reported,p=0.031
39468590,arm_control,sham_acupuncture,Hipline (cm),physiological,not_reported,before treatment and after treatment (Day 35),baseline,mean ± SD,Before: 104.44 (6.83); After: 103.61 (6.67),unparseable,,,,,,,,,,,,,,,,53.0,,,,False,"type 2 diabetes mellitus (T2DM), overweight or obese",False,-0.83 (3.86),p=0.674,not_reported,p=0.023
39468590,arm_acupuncture,verum_acupuncture,WHR,physiological,not_reported,before treatment and after treatment (Day 35),baseline,mean ± SD,Before: 0.95 (0.06); After: 0.94 (0.06),unparseable,,,,,,,,,,,,,,,,49.0,,,,False,"type 2 diabetes mellitus (T2DM), overweight or obese",False,-0.01 (0.04),p=0.311,not_reported,p=0.191
39468590,arm_control,sham_acupuncture,WHR,physiological,not_reported,before treatment and after treatment (Day 35),baseline,mean ± SD,Before: 0.95 (0.06); After: 0.94 (0.06),unparseable,,,,,,,,,,,,,,,,53.0,,,,False,"type 2 diabetes mellitus (T2DM), overweight or obese",False,-0.02 (0.04),p=0.311,not_reported,p=0.003
39468590,arm_acupuncture,verum_acupuncture,FPG (mmol/L),physiological,not_reported,before treatment and after treatment (Day 35),baseline,mean ± SD,Before: 7.37 (1.96); After: 6.92 (2.02),unparseable,,,,,,,,,,,,,,,,49.0,,,,False,"type 2 diabetes mellitus (T2DM), overweight or obese",False,-0.44 (1.46),p=0.881,not_reported,p=0.015
39468590,arm_control,sham_acupuncture,FPG (mmol/L),physiological,not_reported,before treatment and after treatment (Day 35),baseline,mean ± SD,Before: 7.72 (2.03); After: 7.36 (2.18),unparseable,,,,,,,,,,,,,,,,53.0,,,,False,"type 2 diabetes mellitus (T2DM), overweight or obese",False,-0.37 (1.52),p=0.881,not_reported,p=0.037
39468590,arm_acupuncture,verum_acupuncture,2 h PG (mmol/L),physiological,not_reported,before treatment and after treatment (Day 35),baseline,mean ± SD,Before: 14.13 (4.43); After: 12.75 (4.10),unparseable,,,,,,,,,,,,,,,,49.0,,,,False,"type 2 diabetes mellitus (T2DM), overweight or obese",False,-1.38 (2.80),p=0.293,not_reported,p=0.001
39468590,arm_control,sham_acupuncture,2 h PG (mmol/L),physiological,not_reported,before treatment and after treatment (Day 35),baseline,mean ± SD,Before: 14.25 (3.29); After: 13.30 (3.91),unparseable,,,,,,,,,,,,,,,,53.0,,,,False,"type 2 diabetes mellitus (T2DM), overweight or obese",False,-0.95 (3.34),p=0.293,not_reported,p=0.103
39468590,arm_acupuncture,verum_acupuncture,HbA1c (%),physiological,not_reported,before treatment and after treatment (Day 35),baseline,mean ± SD,Before: 6.87 (1.12); After: 6.68 (0.97),unparseable,,,,,,,,,,,,,,,,49.0,,,,False,"type 2 diabetes mellitus (T2DM), overweight or obese",False,-0.18 (0.43),p=0.409,not_reported,p=0.01
39468590,arm_control,sham_acupuncture,HbA1c (%),physiological,not_reported,before treatment and after treatment (Day 35),baseline,mean ± SD,Before: 7.12 (1.16); After: 6.96 (1.13),unparseable,,,,,,,,,,,,,,,,53.0,,,,False,"type 2 diabetes mellitus (T2DM), overweight or obese",False,-0.17 (0.52),p=0.409,not_reported,p=0.064
39468590,arm_acupuncture,verum_acupuncture,TC (mmol/L),physiological,not_reported,before treatment and after treatment (Day 35),baseline,mean ± SD,Before: 4.87 (0.95); After: 4.96 (0.93),unparseable,,,,,,,,,,,,,,,,49.0,,,,False,"type 2 diabetes mellitus (T2DM), overweight or obese",False,0.09 (0.62),p=0.235,not_reported,p=0.259
39468590,arm_control,sham_acupuncture,TC (mmol/L),physiological,not_reported,before treatment and after treatment (Day 35),baseline,mean ± SD,Before: 5.16 (1.00); After: 5.09 (1.02),unparseable,,,,,,,,,,,,,,,,53.0,,,,False,"type 2 diabetes mellitus (T2DM), overweight or obese",False,-0.07 (0.81),p=0.235,not_reported,p=0.559
39468590,arm_acupuncture,verum_acupuncture,TG (mmol/L),physiological,not_reported,before treatment and after treatment (Day 35),baseline,mean ± SD,Before: 2.17 (1.22); After: 1.90 (1.08),unparseable,,,,,,,,,,,,,,,,49.0,,,,False,"type 2 diabetes mellitus (T2DM), overweight or obese",False,-0.26 (0.68),p=0.842,not_reported,p=0.018
39468590,arm_control,sham_acupuncture,TG (mmol/L),physiological,not_reported,before treatment and after treatment (Day 35),baseline,mean ± SD,Before: 2.42 (1.30); After: 2.19 (1.07),unparseable,,,,,,,,,,,,,,,,53.0,,,,False,"type 2 diabetes mellitus (T2DM), overweight or obese",False,-0.24 (1.16),p=0.842,not_reported,p=0.12
39468590,arm_acupuncture,verum_acupuncture,HDL-c (mmol/L),physiological,not_reported,before treatment and after treatment (Day 35),baseline,mean ± SD,Before: 1.21 (0.31); After: 1.20 (0.28),unparseable,,,,,,,,,,,,,,,,49.0,,,,False,"type 2 diabetes mellitus (T2DM), overweight or obese",False,-0.02 (0.15),p=0.677,not_reported,p=0.684
39468590,arm_control,sham_acupuncture,HDL-c (mmol/L),physiological,not_reported,before treatment and after treatment (Day 35),baseline,mean ± SD,Before: 1.14 (0.25); After: 1.13 (0.23),unparseable,,,,,,,,,,,,,,,,53.0,,,,False,"type 2 diabetes mellitus (T2DM), overweight or obese",False,-0.01 (0.15),p=0.677,not_reported,p=0.804
39468590,arm_acupuncture,verum_acupuncture,LDL-c (mmol/L),physiological,not_reported,before treatment and after treatment (Day 35),baseline,mean ± SD,Before: 2.70 (0.81); After: 2.92 (0.78),unparseable,,,,,,,,,,,,,,,,49.0,,,,False,"type 2 diabetes mellitus (T2DM), overweight or obese",False,0.22 (0.64),p=0.064,not_reported,p=0.015
39468590,arm_control,sham_acupuncture,LDL-c (mmol/L),physiological,not_reported,before treatment and after treatment (Day 35),baseline,mean ± SD,Before: 3.00 (0.75); After: 2.98 (0.82),unparseable,,,,,,,,,,,,,,,,53.0,,,,False,"type 2 diabetes mellitus (T2DM), overweight or obese",False,0.00 (0.68),p=0.064,not_reported,p=1
39468590,arm_acupuncture,verum_acupuncture,ALT (U/L),physiological,not_reported,before treatment and after treatment (Day 35),baseline,mean ± SD,Before: 36.26 (31.01); After: 33.14 (28.04),unparseable,,,,,,,,,,,,,,,,49.0,,,,False,"type 2 diabetes mellitus (T2DM), overweight or obese",False,-3.12 (19.50),p=0.323,not_reported,p=0.065
39468590,arm_control,sham_acupuncture,ALT (U/L),physiological,not_reported,before treatment and after treatment (Day 35),baseline,mean ± SD,Before: 34.51 (16.34); After: 32.21 (24.55),unparseable,,,,,,,,,,,,,,,,53.0,,,,False,"type 2 diabetes mellitus (T2DM), overweight or obese",False,-2.3 (24.87),p=0.323,not_reported,p=0.004
39468590,arm_acupuncture,verum_acupuncture,AST (U/L),physiological,not_reported,before treatment and after treatment (Day 35),baseline,mean ± SD,Before: 26.58 (15.89); After: 25.08 (14.25),unparseable,,,,,,,,,,,,,,,,49.0,,,,False,"type 2 diabetes mellitus (T2DM), overweight or obese",False,-1.5 (8.64),p=0.51,not_reported,p=0.284
39468590,arm_control,sham_acupuncture,AST (U/L),physiological,not_reported,before treatment and after treatment (Day 35),baseline,mean ± SD,Before: 25.67 (13.20); After: 24.79 (12.52),unparseable,,,,,,,,,,,,,,,,53.0,,,,False,"type 2 diabetes mellitus (T2DM), overweight or obese",False,-0.88 (12.86),p=0.51,not_reported,p=0.041
39468590,arm_acupuncture,verum_acupuncture,ALP (U/L),physiological,not_reported,before treatment and after treatment (Day 35),baseline,mean ± SD,Before: 76.98 (22.90); After: 72.78 (19.74),unparseable,,,,,,,,,,,,,,,,49.0,,,,False,"type 2 diabetes mellitus (T2DM), overweight or obese",False,-4.70 (8.43),p=0.43,not_reported,p=0.002
39468590,arm_control,sham_acupuncture,ALP (U/L),physiological,not_reported,before treatment and after treatment (Day 35),baseline,mean ± SD,Before: 74.47 (22.06); After: 70.83 (18.22),unparseable,,,,,,,,,,,,,,,,53.0,,,,False,"type 2 diabetes mellitus (T2DM), overweight or obese",False,-3.64 (12.43),p=0.43,not_reported,p=0.043
39468590,arm_acupuncture,verum_acupuncture,GGT (U/L),physiological,not_reported,before treatment and after treatment (Day 35),baseline,mean ± SD,Before: 38.94 (23.95); After: 34.00 (23.82),unparseable,,,,,,,,,,,,,,,,49.0,,,,False,"type 2 diabetes mellitus (T2DM), overweight or obese",False,-4.94 (11.02),p=0.586,not_reported,p<0.001
39468590,arm_control,sham_acupuncture,GGT (U/L),physiological,not_reported,before treatment and after treatment (Day 35),baseline,mean ± SD,Before: 42.29 (35.51); After: 40.13 (48.90),unparseable,,,,,,,,,,,,,,,,53.0,,,,False,"type 2 diabetes mellitus (T2DM), overweight or obese",False,-2.16 (21.45),p=0.586,not_reported,p=0.006
39468590,arm_acupuncture,verum_acupuncture,BUN (mmol/L),physiological,not_reported,before treatment and after treatment (Day 35),baseline,mean ± SD,Before: 5.08 (1.21); After: 5.21 (1.31),unparseable,,,,,,,,,,,,,,,,49.0,,,,False,"type 2 diabetes mellitus (T2DM), overweight or obese",False,0.13 (1.01),p=0.675,not_reported,p=0.359
39468590,arm_control,sham_acupuncture,BUN (mmol/L),physiological,not_reported,before treatment and after treatment (Day 35),baseline,mean ± SD,Before: 5.31 (1.11); After: 5.37 (1.33),unparseable,,,,,,,,,,,,,,,,53.0,,,,False,"type 2 diabetes mellitus (T2DM), overweight or obese",False,0.06 (1.17),p=0.675,not_reported,p=0.906
39468590,arm_acupuncture,verum_acupuncture,Scr (umol/L),physiological,not_reported,before treatment and after treatment (Day 35),baseline,mean ± SD,Before: 67.77 (18.26); After: 68.33 (19.30),unparseable,,,,,,,,,,,,,,,,49.0,,,,False,"type 2 diabetes mellitus (T2DM), overweight or obese",False,0.56 (5.39),p=0.542,not_reported,p=0.438
39468590,arm_control,sham_acupuncture,Scr (umol/L),physiological,not_reported,before treatment and after treatment (Day 35),baseline,mean ± SD,Before: 67.86 (14.87); After: 67.37 (14.50),unparseable,,,,,,,,,,,,,,,,53.0,,,,False,"type 2 diabetes mellitus (T2DM), overweight or obese",False,-0.49 (4.65),p=0.542,not_reported,p=0.974
39468590,arm_acupuncture,verum_acupuncture,SUA (umol/L),physiological,not_reported,before treatment and after treatment (Day 35),baseline,mean ± SD,Before: 357.38 (77.65); After: 365.16 (96.18),unparseable,,,,,,,,,,,,,,,,49.0,,,,False,"type 2 diabetes mellitus (T2DM), overweight or obese",False,7.78 (64.29),p=0.652,not_reported,p=0.931
39468590,arm_control,sham_acupuncture,SUA (umol/L),physiological,not_reported,before treatment and after treatment (Day 35),baseline,mean ± SD,Before: 366.75 (82.59); After: 372.15 (88.40),unparseable,,,,,,,,,,,,,,,,53.0,,,,False,"type 2 diabetes mellitus (T2DM), overweight or obese",False,5.40 (88.14),p=0.652,not_reported,p=0.496
39468590,arm_acupuncture,verum_acupuncture,Liver Fat Composition (%),physiological,MRI-PDFF,before treatment and after treatment (Day 35),baseline,mean ± SD,Before: 16.29 (7.65); After: 12.98 (6.26),unparseable,,,,,,,,,,,,,,,,35.0,,,,False,"type 2 diabetes mellitus (T2DM), overweight or obese",False,-3.31 (3.68),p=0.038,not_reported,p<0.001
39468590,arm_control,sham_acupuncture,Liver Fat Composition (%),physiological,MRI-PDFF,before treatment and after treatment (Day 35),baseline,mean ± SD,Before: 16.64 (7.45); After: 15.65 (7.39),unparseable,,,,,,,,,,,,,,,,39.0,,,,False,"type 2 diabetes mellitus (T2DM), overweight or obese",False,-0.99 (2.84),p=0.038,not_reported,p=0.032
39468590,arm_acupuncture,verum_acupuncture,Pancreatic Fat Composition (%),physiological,MRI-PDFF,before treatment and after treatment (Day 35),baseline,mean ± SD,Before: 10.45 (5.03); After: 10.35 (4.45),unparseable,,,,,,,,,,,,,,,,35.0,,,,False,"type 2 diabetes mellitus (T2DM), overweight or obese",False,-0.10 (3.86),p=0.463,not_reported,p=0.412
39468590,arm_control,sham_acupuncture,Pancreatic Fat Composition (%),physiological,MRI-PDFF,before treatment and after treatment (Day 35),baseline,mean ± SD,Before: 12.14 (5.75); After: 11.52 (5.30),unparseable,,,,,,,,,,,,,,,,39.0,,,,False,"type 2 diabetes mellitus (T2DM), overweight or obese",False,-0.62 (4.44),p=0.463,not_reported,p=0.295
39468590,arm_acupuncture,verum_acupuncture,Psoas Fat Composition (%),physiological,MRI-PDFF,before treatment and after treatment (Day 35),baseline,mean ± SD,Before: 8.73 (4.50); After: 7.38 (3.66),unparseable,,,,,,,,,,,,,,,,35.0,,,,False,"type 2 diabetes mellitus (T2DM), overweight or obese",False,-1.35 (3.66),p=0.092,not_reported,p=0.049
39468590,arm_control,sham_acupuncture,Psoas Fat Composition (%),physiological,MRI-PDFF,before treatment and after treatment (Day 35),baseline,mean ± SD,Before: 7.66 (4.25); After: 7.57 (5.51),unparseable,,,,,,,,,,,,,,,,39.0,,,,False,"type 2 diabetes mellitus (T2DM), overweight or obese",False,-0.08 (4.79),p=0.092,not_reported,p=0.758
39468590,arm_acupuncture,verum_acupuncture,Body Fat Percentage (%),physiological,bioelectrical impedance analysis,before treatment and after treatment (Day 35),baseline,mean ± SD,Before: 29.14 (6.53); After: 27.68 (6.18),unparseable,,,,,,,,,,,,,,,,35.0,,,,False,"type 2 diabetes mellitus (T2DM), overweight or obese",False,-1.28 (1.63),p=0.058,not_reported,p=0.004
39468590,arm_control,sham_acupuncture,Body Fat Percentage (%),physiological,bioelectrical impedance analysis,before treatment and after treatment (Day 35),baseline,mean ± SD,Before: 28.89 (5.16); After: 28.77 (5.55),unparseable,,,,,,,,,,,,,,,,39.0,,,,False,"type 2 diabetes mellitus (T2DM), overweight or obese",False,-0.12 (1.74),p=0.058,not_reported,p=0.505
39468590,arm_acupuncture,verum_acupuncture,Visceral Fat Area (cm2),physiological,bioelectrical impedance analysis,before treatment and after treatment (Day 35),baseline,mean ± SD,Before: 142.95 (38.14); After: 134.00 (37.68),unparseable,,,,,,,,,,,,,,,,35.0,,,,False,"type 2 diabetes mellitus (T2DM), overweight or obese",False,-8.95 (9.06),p=0.076,not_reported,p=0.001
39468590,arm_control,sham_acupuncture,Visceral Fat Area (cm2),physiological,bioelectrical impedance analysis,before treatment and after treatment (Day 35),baseline,mean ± SD,Before: 137.61 (30.24); After: 137.12 (32.69),unparseable,,,,,,,,,,,,,,,,39.0,,,,False,"type 2 diabetes mellitus (T2DM), overweight or obese",False,-0.49 (12.34),p=0.076,not_reported,p=0.326
39468590,arm_acupuncture,verum_acupuncture,Body Water Percentage (%),physiological,bioelectrical impedance analysis,before treatment and after treatment (Day 35),baseline,mean ± SD,Before: 36.28 (6.22); After: 36.63 (5.97),unparseable,,,,,,,,,,,,,,,,35.0,,,,False,"type 2 diabetes mellitus (T2DM), overweight or obese",False,0.35 (0.80),p=0.281,not_reported,p=0.336
39468590,arm_control,sham_acupuncture,Body Water Percentage (%),physiological,bioelectrical impedance analysis,before treatment and after treatment (Day 35),baseline,mean ± SD,Before: 37.93 (7.68); After: 36.98 (7.35),unparseable,,,,,,,,,,,,,,,,39.0,,,,False,"type 2 diabetes mellitus (T2DM), overweight or obese",False,-0.95 (1.49),p=0.281,not_reported,p=0.537
39468590,arm_acupuncture,verum_acupuncture,Skeletal Muscle Mass (kg),physiological,bioelectrical impedance analysis,before treatment and after treatment (Day 35),baseline,mean ± SD,Before: 27.25 (5.12); After: 27.56 (4.91),unparseable,,,,,,,,,,,,,,,,35.0,,,,False,"type 2 diabetes mellitus (T2DM), overweight or obese",False,0.31 (0.69),p=0.544,not_reported,p=0.347
39468590,arm_control,sham_acupuncture,Skeletal Muscle Mass (kg),physiological,bioelectrical impedance analysis,before treatment and after treatment (Day 35),baseline,mean ± SD,Before: 28.57 (6.27); After: 27.86 (5.98),unparseable,,,,,,,,,,,,,,,,39.0,,,,False,"type 2 diabetes mellitus (T2DM), overweight or obese",False,-0.71 (1.20),p=0.544,not_reported,p=0.875
39543627,arm_RA and arm_SA combined,,Pittsburgh Sleep Quality Index (PSQI) score,symptom_severity,Pittsburgh Sleep Quality Index (PSQI),baseline (week 0),baseline,mean ± SD,12.69(2.83),regex,mean_sd,12.69,2.83,,,,,,,,,,,,,42.0,False,0.0,21.0,True,Chronic insomnia disorder (CID),True,not_reported,not_reported,not_reported,not_reported
39543627,arm_HC,healthy_control,Pittsburgh Sleep Quality Index (PSQI) score,symptom_severity,Pittsburgh Sleep Quality Index (PSQI),baseline,baseline,mean ± SD,3.78(2.21),regex,mean_sd,3.78,2.21,,,,,,,,,,,,,23.0,False,0.0,21.0,True,Chronic insomnia disorder (CID),True,not_reported,"CID vs. HCs: F/T/X2=13.04, p<0.001",not_reported,p<0.001
39543627,arm_RA and arm_SA combined,,Self-Rating Anxiety Scale (SAS) score,mood,Self-Rating Anxiety Scale (SAS),baseline (week 0),baseline,mean ± SD,39.12(8.55),regex,mean_sd,39.12,8.55,,,,,,,,,,,,,42.0,False,20.0,80.0,True,Chronic insomnia disorder (CID),True,not_reported,"CID vs. HCs: F/T/X2=5.80, p<0.001",not_reported,p<0.001
39543627,arm_HC,healthy_control,Self-Rating Anxiety Scale (SAS) score,mood,Self-Rating Anxiety Scale (SAS),baseline,baseline,mean ± SD,27.35(6.24),regex,mean_sd,27.35,6.24,,,,,,,,,,,,,23.0,False,20.0,80.0,True,Chronic insomnia disorder (CID),True,not_reported,not_reported,not_reported,not_reported
39543627,arm_RA and arm_SA combined,,Self-Rating Depression Scale (SDS) score,mood,Self-Rating Depression Scale (SDS),baseline (week 0),baseline,mean ± SD,40.69(9.15),regex,mean_sd,40.69,9.15,,,,,,,,,,,,,42.0,False,20.0,80.0,True,Chronic insomnia disorder (CID),True,not_reported,"CID vs. HCs: F/T/X2=4.79, p<0.001",not_reported,p<0.001
39543627,arm_HC,healthy_control,Self-Rating Depression Scale (SDS) score,mood,Self-Rating Depression Scale (SDS),baseline,baseline,mean ± SD,29.70(6.91),regex,mean_sd,29.7,6.91,,,,,,,,,,,,,23.0,False,20.0,80.0,True,Chronic insomnia disorder (CID),True,not_reported,not_reported,not_reported,not_reported
39543627,arm_RA,verum_acupuncture,Pittsburgh Sleep Quality Index (PSQI) score,symptom_severity,Pittsburgh Sleep Quality Index (PSQI),baseline (week 0),baseline,mean ± SD,12.95(2.60),regex,mean_sd,12.95,2.6,,,,,,,,,,,,,18.0,False,0.0,21.0,True,Chronic insomnia disorder (CID),True,"significant reduction following four weeks of RA treatment (t=7.17, p<0.001)","PSQI_change: F/T/X2=2.69, p=0.01 (RA vs. SA)",not_reported,within group: p<0.001; between group: p=0.01
39543627,arm_RA,verum_acupuncture,Pittsburgh Sleep Quality Index (PSQI) change score,symptom_severity,Pittsburgh Sleep Quality Index (PSQI),post-treatment (week 4) vs. baseline (week 0),baseline,mean ± SD,4.61(2.73),regex,mean_sd,4.61,2.73,,,,,,,,,,,,,18.0,False,0.0,21.0,True,Chronic insomnia disorder (CID),True,"t=7.17, p<0.001","PSQI_change RA vs. SA: F/T/X2=2.69, p=0.01",not_reported,p<0.001 (within); p=0.01 (between)
39543627,arm_SA,sham_acupuncture,Pittsburgh Sleep Quality Index (PSQI) score,symptom_severity,Pittsburgh Sleep Quality Index (PSQI),baseline (week 0),baseline,mean ± SD,12.43(3.09),regex,mean_sd,12.43,3.09,,,,,,,,,,,,,19.0,False,0.0,21.0,True,Chronic insomnia disorder (CID),True,no significant change (not reported numerically),"PSQI_change: F/T/X2=2.69, p=0.01 (RA vs. SA)",not_reported,within group: not significant
39543627,arm_SA,sham_acupuncture,Pittsburgh Sleep Quality Index (PSQI) change score,symptom_severity,Pittsburgh Sleep Quality Index (PSQI),post-treatment (week 4) vs. baseline (week 0),baseline,mean ± SD,2.16(2.81),regex,mean_sd,2.16,2.81,,,,,,,,,,,,,19.0,False,0.0,21.0,True,Chronic insomnia disorder (CID),True,no significant change observed,"F/T/X2=2.69, p=0.01 (RA vs. SA)",not_reported,not significant (within SA group)
39543627,arm_RA,verum_acupuncture,Self-Rating Depression Scale (SDS) change score,mood,Self-Rating Depression Scale (SDS),post-treatment (week 4) vs. baseline (week 0),baseline,mean ± SD,3.56(7.52),regex,mean_sd,3.56,7.52,,,,,,,,,,,,,18.0,False,20.0,80.0,True,Chronic insomnia disorder (CID),True,"significant reduction: t=2.27, p=0.03","F/T/X2=1.06, p=0.30 (RA vs. SA)",not_reported,p=0.03 (within RA); p=0.30 (between)
39543627,arm_SA,sham_acupuncture,Self-Rating Depression Scale (SDS) change score,mood,Self-Rating Depression Scale (SDS),post-treatment (week 4) vs. baseline (week 0),baseline,mean ± SD,0.89(7.77),regex,mean_sd,0.89,7.77,,,,,,,,,,,,,19.0,False,20.0,80.0,True,Chronic insomnia disorder (CID),True,not significant,"F/T/X2=1.06, p=0.30 (RA vs. SA)",not_reported,not significant (within SA group)
39543627,arm_RA,verum_acupuncture,Gastrointestinal Symptom Rating Scale (GSRS) score,symptom_severity,Gastrointestinal Symptom Rating Scale (GSRS),baseline (week 0),baseline,mean ± SD,36.22(14.35),regex,mean_sd,36.22,14.35,,,,,,,,,,,,,18.0,False,,,True,Chronic insomnia disorder (CID),True,not_reported,"F/T/X2=0.19, p=0.85 (RA vs. SA baseline)",not_reported,p=0.85
39543627,arm_SA,sham_acupuncture,Gastrointestinal Symptom Rating Scale (GSRS) score,symptom_severity,Gastrointestinal Symptom Rating Scale (GSRS),baseline (week 0),baseline,mean ± SD,37.05(12.55),regex,mean_sd,37.05,12.55,,,,,,,,,,,,,19.0,False,,,True,Chronic insomnia disorder (CID),True,not_reported,"F/T/X2=0.19, p=0.85 (RA vs. SA baseline)",not_reported,p=0.85
39543627,arm_RA,verum_acupuncture,Gastrointestinal Symptom Rating Scale (GSRS) change score,symptom_severity,Gastrointestinal Symptom Rating Scale (GSRS),post-treatment (week 4) vs. baseline (week 0),baseline,mean ± SD,6.50(10.45),regex,mean_sd,6.5,10.45,,,,,,,,,,,,,18.0,False,,,True,Chronic insomnia disorder (CID),True,not_reported,"F/T/X2=1.73, p=0.09 (RA vs. SA)",not_reported,p=0.09
39543627,arm_SA,sham_acupuncture,Gastrointestinal Symptom Rating Scale (GSRS) change score,symptom_severity,Gastrointestinal Symptom Rating Scale (GSRS),post-treatment (week 4) vs. baseline (week 0),baseline,mean ± SD,1.58(6.52),regex,mean_sd,1.58,6.52,,,,,,,,,,,,,19.0,False,,,True,Chronic insomnia disorder (CID),True,not_reported,"F/T/X2=1.73, p=0.09 (RA vs. SA)",not_reported,p=0.09
39543627,arm_RA,verum_acupuncture,Self-Rating Anxiety Scale (SAS) change score,mood,Self-Rating Anxiety Scale (SAS),post-treatment (week 4) vs. baseline (week 0),baseline,mean ± SD,4.28(7.99),regex,mean_sd,4.28,7.99,,,,,,,,,,,,,18.0,False,20.0,80.0,True,Chronic insomnia disorder (CID),True,not_reported,"F/T/X2=0.22, p=0.82 (RA vs. SA)",not_reported,p=0.82
39543627,arm_SA,sham_acupuncture,Self-Rating Anxiety Scale (SAS) change score,mood,Self-Rating Anxiety Scale (SAS),post-treatment (week 4) vs. baseline (week 0),baseline,mean ± SD,3.68(8.32),regex,mean_sd,3.68,8.32,,,,,,,,,,,,,19.0,False,20.0,80.0,True,Chronic insomnia disorder (CID),True,not_reported,"F/T/X2=0.22, p=0.82 (RA vs. SA)",not_reported,p=0.82
39648209,arm_SSRIs_AIA,verum_acupuncture,HAMD-17 score changes at week 6 (primary outcome),symptom_severity,Hamilton Depression Rating Scale-17 (HAMD-17),week 6,other,mean ± SD (SE in table),-9.6 (0.8),regex,mean_sd,-9.6,0.8,,,,,,,,,,,,,36.0,False,0.0,52.0,True,major depressive disorder (MDD),True,"-9.6 (SD, 4.9)","vs SSRIs: MD -5.1 (CI, -7.8 to -2.3); vs SSRIs+SIA: MD -4.9 (CI, -7.6 to -2.2)",vs SSRIs: Cohen's d -1.04; vs SSRIs+SIA: Cohen's d -1.03,"P<0.001 (inter-group: F=13.19, P<0.001)"
39648209,arm_SSRIs_SIA,sham_acupuncture,HAMD-17 score changes at week 6 (primary outcome),symptom_severity,Hamilton Depression Rating Scale-17 (HAMD-17),week 6,other,mean ± SD (SE in table),-4.8 (0.8),regex,mean_sd,-4.8,0.8,,,,,,,,,,,,,37.0,False,0.0,52.0,True,major depressive disorder (MDD),True,"-4.8 (SD, 4.6)",not_reported,not_reported,P<0.001 for intra-group (†)
39648209,arm_SSRIs,medication,HAMD-17 score changes at week 6 (primary outcome),symptom_severity,Hamilton Depression Rating Scale-17 (HAMD-17),week 6,other,mean ± SD (SE in table),-4.6 (0.8),regex,mean_sd,-4.6,0.8,,,,,,,,,,,,,36.0,False,0.0,52.0,True,major depressive disorder (MDD),True,"-4.6 (SD, 4.7)",not_reported,not_reported,P<0.001 for intra-group (†)
39648209,arm_SSRIs_AIA,verum_acupuncture,HAMD-17 score changes at week 3,symptom_severity,Hamilton Depression Rating Scale-17 (HAMD-17),week 3,other,mean ± SE,-5.2 (0.6),regex,mean_sd,-5.2,0.6,,,,,,,,,,,,,36.0,False,0.0,52.0,True,major depressive disorder (MDD),True,"-5.2 (0.6) (intra-group significant, †)","vs SSRIs: MD -1.9 (CI, -3.9 to 0.1); vs SSRIs+SIA: MD -2.4 (CI, -4.4 to -0.4)",vs SSRIs: Cohen's d -0.53; vs SSRIs+SIA: Cohen's d -0.71,"F=4.70, P=0.011 (inter-group); SSRIs+AIA vs SSRIs+SIA: P<0.05 (#)"
39648209,arm_SSRIs_SIA,sham_acupuncture,HAMD-17 score changes at week 3,symptom_severity,Hamilton Depression Rating Scale-17 (HAMD-17),week 3,other,mean ± SE,-2.8 (0.6),regex,mean_sd,-2.8,0.6,,,,,,,,,,,,,37.0,False,0.0,52.0,True,major depressive disorder (MDD),True,"-2.8 (0.6) (intra-group significant, †)",not_reported,not_reported,not_reported
39648209,arm_SSRIs,medication,HAMD-17 score changes at week 3,symptom_severity,Hamilton Depression Rating Scale-17 (HAMD-17),week 3,other,mean ± SE,-3.3 (0.6),regex,mean_sd,-3.3,0.6,,,,,,,,,,,,,36.0,False,0.0,52.0,True,major depressive disorder (MDD),True,"-3.3 (0.6) (intra-group significant, †)",not_reported,not_reported,not_reported
39648209,arm_SSRIs_AIA,verum_acupuncture,HAMD-17 score changes at week 10,symptom_severity,Hamilton Depression Rating Scale-17 (HAMD-17),week 10,other,mean ± SE,-10.6 (0.9),regex,mean_sd,-10.6,0.9,,,,,,,,,,,,,36.0,False,0.0,52.0,True,major depressive disorder (MDD),True,"-10.6 (0.9) (intra-group significant, †)","vs SSRIs: MD -3.4 (CI, -6.5 to -0.3); vs SSRIs+SIA: MD -4.1 (CI, -7.2 to -1.0)",vs SSRIs: Cohen's d -0.65; vs SSRIs+SIA: Cohen's d -0.73,"F=5.84, P=0.004 (inter-group); SSRIs+AIA vs SSRIs: P<0.05 (*); SSRIs+AIA vs SSRIs+SIA: P<0.05 (#)"
39648209,arm_SSRIs_SIA,sham_acupuncture,HAMD-17 score changes at week 10,symptom_severity,Hamilton Depression Rating Scale-17 (HAMD-17),week 10,other,mean ± SE,-6.5 (0.9),regex,mean_sd,-6.5,0.9,,,,,,,,,,,,,37.0,False,0.0,52.0,True,major depressive disorder (MDD),True,"-6.5 (0.9) (intra-group significant, †)",not_reported,not_reported,not_reported
39648209,arm_SSRIs,medication,HAMD-17 score changes at week 10,symptom_severity,Hamilton Depression Rating Scale-17 (HAMD-17),week 10,other,mean ± SE,-7.2 (0.9),regex,mean_sd,-7.2,0.9,,,,,,,,,,,,,36.0,False,0.0,52.0,True,major depressive disorder (MDD),True,"-7.2 (0.9) (intra-group significant, †)",not_reported,not_reported,not_reported
39648209,arm_SSRIs_AIA,verum_acupuncture,SDS score changes at week 3,mood,Self-Rating Depression Scale (SDS) / Zung Self-Rating Depression Scale,week 3,other,mean ± SD,-11.1 (8.3),regex,mean_sd,-11.1,8.3,,,,,,,,,,,,,36.0,False,20.0,80.0,True,major depressive disorder (MDD),True,"-11.1 (8.3) (intra-group significant, †)","vs SSRIs: MD -7.4 (CI, -11.5 to -3.3); vs SSRIs+SIA: MD -6.2 (CI, -10.3 to -2.2)",vs SSRIs: Cohen's d -0.95; vs SSRIs+SIA: Cohen's d -0.88,"F=11.28, P<0.001 (inter-group); SSRIs+AIA vs SSRIs: P<0.05 (*); SSRIs+AIA vs SSRIs+SIA: P<0.05 (#)"
39648209,arm_SSRIs_SIA,sham_acupuncture,SDS score changes at week 3,mood,Self-Rating Depression Scale (SDS),week 3,other,mean ± SD,-4.8 (5.7),regex,mean_sd,-4.8,5.7,,,,,,,,,,,,,37.0,False,20.0,80.0,True,major depressive disorder (MDD),True,"-4.8 (5.7) (intra-group significant, †)",not_reported,not_reported,not_reported
39648209,arm_SSRIs,medication,SDS score changes at week 3,mood,Self-Rating Depression Scale (SDS),week 3,other,mean ± SD,-3.6 (7.2),regex,mean_sd,-3.6,7.2,,,,,,,,,,,,,36.0,False,20.0,80.0,True,major depressive disorder (MDD),True,"-3.6 (7.2) (intra-group significant, †)",not_reported,not_reported,not_reported
39648209,arm_SSRIs_AIA,verum_acupuncture,SDS score changes at week 6,mood,Self-Rating Depression Scale (SDS),week 6,other,mean ± SD,-17.0 (10.1),regex,mean_sd,-17.0,10.1,,,,,,,,,,,,,36.0,False,20.0,80.0,True,major depressive disorder (MDD),True,"-17.0 (10.1) (intra-group significant, †)","vs SSRIs: MD -12.3 (CI, -17.4 to -7.1); vs SSRIs+SIA: MD -10.8 (CI, -16.0 to -5.6)",vs SSRIs: Cohen's d -1.32; vs SSRIs+SIA: Cohen's d -1.15,"F=19.76, P<0.001 (inter-group); SSRIs+AIA vs SSRIs: P<0.05 (*); SSRIs+AIA vs SSRIs+SIA: P<0.05 (#)"
39648209,arm_SSRIs_SIA,sham_acupuncture,SDS score changes at week 6,mood,Self-Rating Depression Scale (SDS),week 6,other,mean ± SD,-6.2 (8.6),regex,mean_sd,-6.2,8.6,,,,,,,,,,,,,37.0,False,20.0,80.0,True,major depressive disorder (MDD),True,"-6.2 (8.6) (intra-group significant, †)",not_reported,not_reported,not_reported
39648209,arm_SSRIs,medication,SDS score changes at week 6,mood,Self-Rating Depression Scale (SDS),week 6,other,mean ± SD,-4.7 (8.4),regex,mean_sd,-4.7,8.4,,,,,,,,,,,,,36.0,False,20.0,80.0,True,major depressive disorder (MDD),True,"-4.7 (8.4) (intra-group significant, †)",not_reported,not_reported,not_reported
39648209,arm_SSRIs_AIA,verum_acupuncture,SDS score changes at week 10,mood,Self-Rating Depression Scale (SDS),week 10,other,mean ± SD,-18.5 (11.3),regex,mean_sd,-18.5,11.3,,,,,,,,,,,,,36.0,False,20.0,80.0,True,major depressive disorder (MDD),True,"-18.5 (11.3) (intra-group significant, †)","vs SSRIs: MD -10.1 (CI, -16.3 to -3.8); vs SSRIs+SIA: MD -8.3 (CI, -14.5 to -2.1)",vs SSRIs: Cohen's d -0.96; vs SSRIs+SIA: Cohen's d -0.76,"F=8.88, P<0.001 (inter-group); SSRIs+AIA vs SSRIs: P<0.05 (*); SSRIs+AIA vs SSRIs+SIA: P<0.05 (#)"
39648209,arm_SSRIs_SIA,sham_acupuncture,SDS score changes at week 10,mood,Self-Rating Depression Scale (SDS),week 10,other,mean ± SD,-10.2 (11.1),regex,mean_sd,-10.2,11.1,,,,,,,,,,,,,37.0,False,20.0,80.0,True,major depressive disorder (MDD),True,"-10.2 (11.1) (intra-group significant, †)",not_reported,not_reported,not_reported
39648209,arm_SSRIs,medication,SDS score changes at week 10,mood,Self-Rating Depression Scale (SDS),week 10,other,mean ± SD,-8.5 (10.1),regex,mean_sd,-8.5,10.1,,,,,,,,,,,,,36.0,False,20.0,80.0,True,major depressive disorder (MDD),True,"-8.5 (10.1) (intra-group significant, †)",not_reported,not_reported,not_reported
39648209,arm_SSRIs_AIA,verum_acupuncture,PSQI score changes at week 3,quality_of_life,Pittsburgh Sleep Quality Index (PSQI),week 3,other,mean ± SD,-2.0 (3.2),regex,mean_sd,-2.0,3.2,,,,,,,,,,,,,36.0,False,0.0,21.0,True,major depressive disorder (MDD),True,"-2.0 (3.2) (intra-group significant, †)","vs SSRIs: MD -0.4 (CI, -2.5 to 1.6); vs SSRIs+SIA: MD -0.9 (CI, -3.0 to 1.1)",vs SSRIs: Cohen's d -0.14; vs SSRIs+SIA: Cohen's d -0.25,"F=0.64, P=0.529 (inter-group, not significant)"
39648209,arm_SSRIs_SIA,sham_acupuncture,PSQI score changes at week 3,quality_of_life,Pittsburgh Sleep Quality Index (PSQI),week 3,other,mean ± SD,-1.1 (4.3),regex,mean_sd,-1.1,4.3,,,,,,,,,,,,,37.0,False,0.0,21.0,True,major depressive disorder (MDD),True,not significant (no † noted),not_reported,not_reported,not_reported
39648209,arm_SSRIs,medication,PSQI score changes at week 3,quality_of_life,Pittsburgh Sleep Quality Index (PSQI),week 3,other,mean ± SD,-1.6 (3.0),regex,mean_sd,-1.6,3.0,,,,,,,,,,,,,36.0,False,0.0,21.0,True,major depressive disorder (MDD),True,not significant (no † noted),not_reported,not_reported,not_reported
39648209,arm_SSRIs_AIA,verum_acupuncture,PSQI score changes at week 6,quality_of_life,Pittsburgh Sleep Quality Index (PSQI),week 6,other,mean ± SD,-4.1 (3.4),regex,mean_sd,-4.1,3.4,,,,,,,,,,,,,36.0,False,0.0,21.0,True,major depressive disorder (MDD),True,"-4.1 (3.4) (intra-group significant, †)","vs SSRIs: MD -1.4 (CI, -3.7 to 0.9); vs SSRIs+SIA: MD -1.4 (CI, -3.7 to 0.9)",vs SSRIs: Cohen's d -0.40; vs SSRIs+SIA: Cohen's d -0.33,"F=1.45, P=0.239 (inter-group, not significant)"
39648209,arm_SSRIs_SIA,sham_acupuncture,PSQI score changes at week 6,quality_of_life,Pittsburgh Sleep Quality Index (PSQI),week 6,other,mean ± SD,-2.7 (3.5),regex,mean_sd,-2.7,3.5,,,,,,,,,,,,,37.0,False,0.0,21.0,True,major depressive disorder (MDD),True,"-2.7 (3.5) (intra-group significant, †)",not_reported,not_reported,not_reported
39648209,arm_SSRIs,medication,PSQI score changes at week 6,quality_of_life,Pittsburgh Sleep Quality Index (PSQI),week 6,other,mean ± SD,-2.7 (3.5),regex,mean_sd,-2.7,3.5,,,,,,,,,,,,,36.0,False,0.0,21.0,True,major depressive disorder (MDD),True,"-2.7 (3.5) (intra-group significant, †)",not_reported,not_reported,not_reported
39648209,arm_SSRIs_AIA,verum_acupuncture,PSQI score changes at week 10,quality_of_life,Pittsburgh Sleep Quality Index (PSQI),week 10,other,mean ± SD,-4.2 (4.3),regex,mean_sd,-4.2,4.3,,,,,,,,,,,,,36.0,False,0.0,21.0,True,major depressive disorder (MDD),True,"-4.2 (4.3) (intra-group significant, †)","vs SSRIs: MD -0.4 (CI, -2.8 to 1.9); vs SSRIs+SIA: MD -0.8 (CI, -3.1 to 1.6)",vs SSRIs: Cohen's d -0.12; vs SSRIs+SIA: Cohen's d -0.17,"F=0.32, P=0.729 (inter-group, not significant)"
39648209,arm_SSRIs_SIA,sham_acupuncture,PSQI score changes at week 10,quality_of_life,Pittsburgh Sleep Quality Index (PSQI),week 10,other,mean ± SD,-3.5 (4.6),regex,mean_sd,-3.5,4.6,,,,,,,,,,,,,37.0,False,0.0,21.0,True,major depressive disorder (MDD),True,"-3.5 (4.6) (intra-group significant, †)",not_reported,not_reported,not_reported
39648209,arm_SSRIs,medication,PSQI score changes at week 10,quality_of_life,Pittsburgh Sleep Quality Index (PSQI),week 10,other,mean ± SD,-3.8 (3.4),regex,mean_sd,-3.8,3.4,,,,,,,,,,,,,36.0,False,0.0,21.0,True,major depressive disorder (MDD),True,"-3.8 (3.4) (intra-group significant, †)",not_reported,not_reported,not_reported
39648209,arm_SSRIs_AIA,verum_acupuncture,IA compliance rate,other,compliance rate = (actual treatment times/total treatment times) x 100%,week 6 (end of treatment),post,percentage,exceeding 90%,unparseable,,,,,,,,,,,,,,,,,,,,False,major depressive disorder (MDD),True,not_reported,no statistically significant differences in IA compliance among the 3 groups,not_reported,P<0.05 noted as no significant difference
39877657,arm_AD,other,MMSE scores,cognition,Mini-Mental State Examination (MMSE),baseline,baseline,mean ± SD,15.93 (4.12),regex,mean_sd,15.93,4.12,,,,,,,,,,,,,14.0,True,0.0,30.0,True,Alzheimer's disease (AD),True,not_reported,"significantly lower than NC group, p < 0.001",not_reported,<0.001
39877657,arm_NC,healthy_control,MMSE scores,cognition,Mini-Mental State Examination (MMSE),baseline,baseline,mean ± SD,28.00 (1.41),regex,mean_sd,28.0,1.41,,,,,,,,,,,,,14.0,True,0.0,30.0,True,Alzheimer's disease (AD),True,not_reported,"significantly higher than AD group, p < 0.001",not_reported,<0.001
39877657,arm_AD,other,MoCA scores,cognition,Montreal Cognitive Assessment (MoCA),baseline,baseline,mean ± SD,13.07 (4.05),regex,mean_sd,13.07,4.05,,,,,,,,,,,,,14.0,True,0.0,30.0,True,Alzheimer's disease (AD),True,not_reported,"significantly lower than NC group, p < 0.001",not_reported,<0.001
39877657,arm_NC,healthy_control,MoCA scores,cognition,Montreal Cognitive Assessment (MoCA),baseline,baseline,mean ± SD,26.64 (2.02),regex,mean_sd,26.64,2.02,,,,,,,,,,,,,14.0,True,0.0,30.0,True,Alzheimer's disease (AD),True,not_reported,"significantly higher than AD group, p < 0.001",not_reported,<0.001
39877657,arm_AD,other,AVLT scores,cognition,Auditory Verbal Learning Test (AVLT),baseline,baseline,mean ± SD,17.36 (6.28),regex,mean_sd,17.36,6.28,,,,,,,,,,,,,14.0,True,,,True,Alzheimer's disease (AD),True,not_reported,"significantly lower than NC group, p < 0.001",not_reported,<0.001
39877657,arm_NC,healthy_control,AVLT scores,cognition,Auditory Verbal Learning Test (AVLT),baseline,baseline,mean ± SD,50.64 (9.01),regex,mean_sd,50.64,9.01,,,,,,,,,,,,,14.0,True,,,True,Alzheimer's disease (AD),True,not_reported,"significantly higher than AD group, p < 0.001",not_reported,<0.001
39877657,arm_AD,other,Immediate recall (AVLT_IR),cognition,Auditory Verbal Learning Test — Immediate Recall,baseline,baseline,mean ± SD,11.36 (3.95),regex,mean_sd,11.36,3.95,,,,,,,,,,,,,14.0,True,,,True,Alzheimer's disease (AD),True,not_reported,"significantly lower than NC group, p < 0.001",not_reported,<0.001
39877657,arm_NC,healthy_control,Immediate recall (AVLT_IR),cognition,Auditory Verbal Learning Test — Immediate Recall,baseline,baseline,mean ± SD,26.86 (5.25),regex,mean_sd,26.86,5.25,,,,,,,,,,,,,14.0,True,,,True,Alzheimer's disease (AD),True,not_reported,"significantly higher than AD group, p < 0.001",not_reported,<0.001
39877657,arm_AD,other,Delayed recall (AVLT_DR),cognition,Auditory Verbal Learning Test — Delayed Recall,baseline,baseline,mean ± SD,2.64 (1.60),regex,mean_sd,2.64,1.6,,,,,,,,,,,,,14.0,True,,,True,Alzheimer's disease (AD),True,not_reported,"significantly lower than NC group, p < 0.001",not_reported,<0.001
39877657,arm_NC,healthy_control,Delayed recall (AVLT_DR),cognition,Auditory Verbal Learning Test — Delayed Recall,baseline,baseline,mean ± SD,11.07 (2.76),regex,mean_sd,11.07,2.76,,,,,,,,,,,,,14.0,True,,,True,Alzheimer's disease (AD),True,not_reported,"significantly higher than AD group, p < 0.001",not_reported,<0.001
39877657,arm_AD,other,Recognition (AVLT),cognition,Auditory Verbal Learning Test — Recognition,baseline,baseline,mean ± SD,3.36 (1.55),regex,mean_sd,3.36,1.55,,,,,,,,,,,,,14.0,True,,,True,Alzheimer's disease (AD),True,not_reported,"significantly lower than NC group, p < 0.001",not_reported,<0.001
39877657,arm_NC,healthy_control,Recognition (AVLT),cognition,Auditory Verbal Learning Test — Recognition,baseline,baseline,mean ± SD,12.71 (2.09),regex,mean_sd,12.71,2.09,,,,,,,,,,,,,14.0,True,,,True,Alzheimer's disease (AD),True,not_reported,"significantly higher than AD group, p < 0.001",not_reported,<0.001
39877657,arm_AD,other,CDR,function,Clinical Dementia Rating (CDR),baseline,baseline,count,"0.5 = 1, 1–2 = 13",unparseable,,,,,,,,,,,,,,,,14.0,False,0.0,3.0,True,Alzheimer's disease (AD),True,not_reported,"significantly different from NC group, p < 0.001",not_reported,<0.001
39877657,arm_NC,healthy_control,CDR,function,Clinical Dementia Rating (CDR),baseline,baseline,count,0 = 14,unparseable,,,,,,,,,,,,,,,,14.0,False,0.0,3.0,True,Alzheimer's disease (AD),True,not_reported,"significantly different from AD group, p < 0.001",not_reported,<0.001
40022556,arm_CID_crosssec,other,Pittsburgh Sleep Quality Index (PSQI),symptom_severity,Pittsburgh Sleep Quality Index (PSQI),Baseline,baseline,mean ± SD,13.09 (2.97),regex,mean_sd,13.09,2.97,,,,,,,,,,,,,105.0,False,0.0,21.0,True,Chronic insomnia disorder (CID),True,not_reported,not_reported,not_reported,< 0.001
40022556,arm_HC_crosssec,healthy_control,Pittsburgh Sleep Quality Index (PSQI),symptom_severity,Pittsburgh Sleep Quality Index (PSQI),Baseline,baseline,mean ± SD,2.88 (1.77),regex,mean_sd,2.88,1.77,,,,,,,,,,,,,92.0,False,0.0,21.0,True,Chronic insomnia disorder (CID),True,not_reported,not_reported,not_reported,< 0.001
40022556,arm_CID_crosssec,other,Insomnia Severity Index (ISI),symptom_severity,Insomnia Severity Index (ISI),Baseline,baseline,mean ± SD,17.03 (4.55),regex,mean_sd,17.03,4.55,,,,,,,,,,,,,105.0,False,0.0,28.0,True,Chronic insomnia disorder (CID),True,not_reported,not_reported,not_reported,< 0.001
40022556,arm_HC_crosssec,healthy_control,Insomnia Severity Index (ISI),symptom_severity,Insomnia Severity Index (ISI),Baseline,baseline,mean ± SD,3.20 (3.68),regex,mean_sd,3.2,3.68,,,,,,,,,,,,,92.0,False,0.0,28.0,True,Chronic insomnia disorder (CID),True,not_reported,not_reported,not_reported,< 0.001
40022556,arm_CID_crosssec,other,Self-Rating Depression Scale (SDS),mood,Self-Rating Depression Scale (SDS),Baseline,baseline,mean ± SD,51.66 (12.69),regex,mean_sd,51.66,12.69,,,,,,,,,,,,,105.0,False,20.0,80.0,True,Chronic insomnia disorder (CID),True,not_reported,not_reported,not_reported,not_reported
40022556,arm_CID_crosssec,other,Self-Rating Anxiety Scale (SAS),mood,Self-Rating Anxiety Scale (SAS),Baseline,baseline,mean ± SD,53.50 (12.71),regex,mean_sd,53.5,12.71,,,,,,,,,,,,,105.0,False,20.0,80.0,True,Chronic insomnia disorder (CID),True,not_reported,not_reported,not_reported,not_reported
40022556,arm_acupuncture,verum_acupuncture,Pittsburgh Sleep Quality Index (PSQI),symptom_severity,Pittsburgh Sleep Quality Index (PSQI),Baseline,baseline,mean ± SD,13.30 (2.46),regex,mean_sd,13.3,2.46,,,,,,,,,,,,,23.0,False,0.0,21.0,True,Chronic insomnia disorder (CID),True,not_reported,not_reported,not_reported,0.28
40022556,arm_acupuncture,verum_acupuncture,Pittsburgh Sleep Quality Index (PSQI),symptom_severity,Pittsburgh Sleep Quality Index (PSQI),4 weeks,other,mean ± SD,7.35 (2.53),regex,mean_sd,7.35,2.53,,,,,,,,,,,,,23.0,False,0.0,21.0,True,Chronic insomnia disorder (CID),True,−5.96 (3.04),not_reported,not_reported,not_reported
40022556,arm_waitlist,waitlist,Pittsburgh Sleep Quality Index (PSQI),symptom_severity,Pittsburgh Sleep Quality Index (PSQI),Baseline,baseline,mean ± SD,12.48 (2.64),regex,mean_sd,12.48,2.64,,,,,,,,,,,,,21.0,False,0.0,21.0,True,Chronic insomnia disorder (CID),True,not_reported,not_reported,not_reported,0.28
40022556,arm_waitlist,waitlist,Pittsburgh Sleep Quality Index (PSQI),symptom_severity,Pittsburgh Sleep Quality Index (PSQI),4 weeks,other,mean ± SD,11.81 (2.06),regex,mean_sd,11.81,2.06,,,,,,,,,,,,,21.0,False,0.0,21.0,True,Chronic insomnia disorder (CID),True,−0.67 (1.91),not_reported,not_reported,0.00
40022556,arm_acupuncture,verum_acupuncture,Insomnia Severity Index (ISI),symptom_severity,Insomnia Severity Index (ISI),Baseline,baseline,mean ± SD,17.26 (3.86),regex,mean_sd,17.26,3.86,,,,,,,,,,,,,23.0,False,0.0,28.0,True,Chronic insomnia disorder (CID),True,not_reported,not_reported,not_reported,0.13
40022556,arm_acupuncture,verum_acupuncture,Insomnia Severity Index (ISI),symptom_severity,Insomnia Severity Index (ISI),4 weeks,other,mean ± SD,9.22 (4.36),regex,mean_sd,9.22,4.36,,,,,,,,,,,,,23.0,False,0.0,28.0,True,Chronic insomnia disorder (CID),True,−8.04 (5.12),not_reported,not_reported,not_reported
40022556,arm_waitlist,waitlist,Insomnia Severity Index (ISI),symptom_severity,Insomnia Severity Index (ISI),Baseline,baseline,mean ± SD,15.57 (3.40),regex,mean_sd,15.57,3.4,,,,,,,,,,,,,21.0,False,0.0,28.0,True,Chronic insomnia disorder (CID),True,not_reported,not_reported,not_reported,0.13
40022556,arm_waitlist,waitlist,Insomnia Severity Index (ISI),symptom_severity,Insomnia Severity Index (ISI),4 weeks,other,mean ± SD,15.43 (4.01),regex,mean_sd,15.43,4.01,,,,,,,,,,,,,21.0,False,0.0,28.0,True,Chronic insomnia disorder (CID),True,−0.14 (2.73),not_reported,not_reported,0.00
40022556,arm_acupuncture,verum_acupuncture,Self-Rating Anxiety Scale (SAS),mood,Self-Rating Anxiety Scale (SAS),Baseline,baseline,mean ± SD,40.04 (7.67),regex,mean_sd,40.04,7.67,,,,,,,,,,,,,23.0,False,20.0,80.0,True,Chronic insomnia disorder (CID),True,not_reported,not_reported,not_reported,0.16
40022556,arm_acupuncture,verum_acupuncture,Self-Rating Anxiety Scale (SAS),mood,Self-Rating Anxiety Scale (SAS),4 weeks,other,mean ± SD,34.00 (5.60),regex,mean_sd,34.0,5.6,,,,,,,,,,,,,23.0,False,20.0,80.0,True,Chronic insomnia disorder (CID),True,−6.04 (7.06),not_reported,not_reported,not_reported
40022556,arm_waitlist,waitlist,Self-Rating Anxiety Scale (SAS),mood,Self-Rating Anxiety Scale (SAS),Baseline,baseline,mean ± SD,36.29 (7.71),regex,mean_sd,36.29,7.71,,,,,,,,,,,,,21.0,False,20.0,80.0,True,Chronic insomnia disorder (CID),True,not_reported,not_reported,not_reported,0.16
40022556,arm_waitlist,waitlist,Self-Rating Anxiety Scale (SAS),mood,Self-Rating Anxiety Scale (SAS),4 weeks,other,mean ± SD,37.44 (10.02),regex,mean_sd,37.44,10.02,,,,,,,,,,,,,21.0,False,20.0,80.0,True,Chronic insomnia disorder (CID),True,1.16 (5.89),not_reported,not_reported,0.00
40022556,arm_acupuncture,verum_acupuncture,Self-Rating Depression Scale (SDS),mood,Self-Rating Depression Scale (SDS),Baseline,baseline,mean ± SD,41.39 (6.99),regex,mean_sd,41.39,6.99,,,,,,,,,,,,,23.0,False,20.0,80.0,True,Chronic insomnia disorder (CID),True,not_reported,not_reported,not_reported,0.19
40022556,arm_acupuncture,verum_acupuncture,Self-Rating Depression Scale (SDS),mood,Self-Rating Depression Scale (SDS),4 weeks,other,mean ± SD,39.22 (5.95),regex,mean_sd,39.22,5.95,,,,,,,,,,,,,23.0,False,20.0,80.0,True,Chronic insomnia disorder (CID),True,−2.17 (7.43),not_reported,not_reported,not_reported
40022556,arm_waitlist,waitlist,Self-Rating Depression Scale (SDS),mood,Self-Rating Depression Scale (SDS),Baseline,baseline,mean ± SD,38.38 (8.15),regex,mean_sd,38.38,8.15,,,,,,,,,,,,,21.0,False,20.0,80.0,True,Chronic insomnia disorder (CID),True,not_reported,not_reported,not_reported,0.19
40022556,arm_waitlist,waitlist,Self-Rating Depression Scale (SDS),mood,Self-Rating Depression Scale (SDS),4 weeks,other,mean ± SD,38.86 (8.70),regex,mean_sd,38.86,8.7,,,,,,,,,,,,,21.0,False,20.0,80.0,True,Chronic insomnia disorder (CID),True,0.48 (4.76),not_reported,not_reported,0.16
40022556,not_applicable,,Change in PSQI score (acupuncture vs waitlist),symptom_severity,Pittsburgh Sleep Quality Index (PSQI),Baseline to 4 weeks,baseline,change_score,Acupuncture: −5.96 (3.04); Wait: −0.67 (1.91),unparseable,,,,,,,,,,,,,,,,,False,0.0,21.0,True,Chronic insomnia disorder (CID),True,not_applicable,Acupuncture change significantly greater than waitlist change,not_reported,0.00
40022556,not_applicable,,Change in ISI score (acupuncture vs waitlist),symptom_severity,Insomnia Severity Index (ISI),Baseline to 4 weeks,baseline,change_score,Acupuncture: −8.04 (5.12); Wait: −0.14 (2.73),unparseable,,,,,,,,,,,,,,,,,False,0.0,28.0,True,Chronic insomnia disorder (CID),True,not_applicable,Acupuncture change significantly greater than waitlist change,not_reported,0.00
40022556,not_applicable,,Change in SAS score (acupuncture vs waitlist),mood,Self-Rating Anxiety Scale (SAS),Baseline to 4 weeks,baseline,change_score,Acupuncture: −6.04 (7.06); Wait: 1.16 (5.89),unparseable,,,,,,,,,,,,,,,,,False,20.0,80.0,True,Chronic insomnia disorder (CID),True,not_applicable,Acupuncture change significantly greater than waitlist change,not_reported,0.00
40022556,not_applicable,,Change in SDS score (acupuncture vs waitlist),mood,Self-Rating Depression Scale (SDS),Baseline to 4 weeks,baseline,change_score,Acupuncture: −2.17 (7.43); Wait: 0.48 (4.76),unparseable,,,,,,,,,,,,,,,,,False,20.0,80.0,True,Chronic insomnia disorder (CID),True,not_applicable,No significant difference between groups,not_reported,0.16
40022556,arm_acupuncture,verum_acupuncture,"Correlation between acupuncture-induced regional CBF changes (ΔCBF) and improvements in clinical scores (ΔPSQI, ΔISI, ΔSAS, ΔSDS)",other,"ΔPSQI, ΔISI, ΔSAS, ΔSDS",Baseline to 4 weeks,baseline,p_value_only,not_reported,unparseable,,,,,,,,,,,,,,,,23.0,False,0.0,21.0,True,Chronic insomnia disorder (CID),True,not_applicable,not_applicable,not_reported,all p>0.05
40584525,arm_HC,healthy_control,MMSE score,cognition,Mini-Mental State Examination (MMSE),First (enrollment),other,mean ± SD,28.22 ± 0.96,regex,mean_sd,28.22,0.96,,,,,,,,,,,,,41.0,True,0.0,30.0,True,amnestic mild cognitive impairment (aMCI),True,not_reported,significant statistical differences compared to aMCI groups (p = 0.000),not_reported,0.000
40584525,arm_HC,healthy_control,MMSE score,cognition,Mini-Mental State Examination (MMSE),Second (post-intervention period),post,mean ± SD,28.29 ± 0.93,regex,mean_sd,28.29,0.93,,,,,,,,,,,,,41.0,True,0.0,30.0,True,amnestic mild cognitive impairment (aMCI),True,not significant (P value = 0.083),not_reported,not_reported,0.083
40584525,arm_HC,healthy_control,MoCA score,cognition,Montreal Cognitive Assessment (MoCA),First (enrollment),other,mean ± SD,27.34 ± 0.96,regex,mean_sd,27.34,0.96,,,,,,,,,,,,,41.0,True,0.0,30.0,True,amnestic mild cognitive impairment (aMCI),True,not_reported,significant statistical differences compared to aMCI groups (p = 0.000),not_reported,0.000
40584525,arm_HC,healthy_control,MoCA score,cognition,Montreal Cognitive Assessment (MoCA),Second (post-intervention period),post,mean ± SD,27.43 ± 0.98,regex,mean_sd,27.43,0.98,,,,,,,,,,,,,41.0,True,0.0,30.0,True,amnestic mild cognitive impairment (aMCI),True,not significant (P value = 0.103),not_reported,not_reported,0.103
40584525,arm_true,verum_acupuncture,MMSE score,cognition,Mini-Mental State Examination (MMSE),First (before acupuncture),baseline,mean ± SD,24.06 ± 1.41,regex,mean_sd,24.06,1.41,,,,,,,,,,,,,35.0,True,0.0,30.0,True,amnestic mild cognitive impairment (aMCI),True,not_reported,significant difference from HC (p = 0.000),not_reported,0.000
40584525,arm_true,verum_acupuncture,MMSE score,cognition,Mini-Mental State Examination (MMSE),Second (after acupuncture),post,mean ± SD,26.17 ± 0.82,regex,mean_sd,26.17,0.82,,,,,,,,,,,,,35.0,True,0.0,30.0,True,amnestic mild cognitive impairment (aMCI),True,significantly increased (P value = 0.000*),not_reported,not_reported,0.000*
40584525,arm_true,verum_acupuncture,MoCA score,cognition,Montreal Cognitive Assessment (MoCA),First (before acupuncture),baseline,mean ± SD,22.31 ± 2.89,regex,mean_sd,22.31,2.89,,,,,,,,,,,,,35.0,True,0.0,30.0,True,amnestic mild cognitive impairment (aMCI),True,not_reported,significant difference from HC (p = 0.000),not_reported,0.000
40584525,arm_true,verum_acupuncture,MoCA score,cognition,Montreal Cognitive Assessment (MoCA),Second (after acupuncture),post,mean ± SD,24.46 ± 1.74,regex,mean_sd,24.46,1.74,,,,,,,,,,,,,35.0,True,0.0,30.0,True,amnestic mild cognitive impairment (aMCI),True,significantly increased (P value = 0.000*),not_reported,not_reported,0.000*
40584525,arm_sham,sham_acupuncture,MMSE score,cognition,Mini-Mental State Examination (MMSE),First (before acupuncture),baseline,mean ± SD,25.00 ± 1.81,regex,mean_sd,25.0,1.81,,,,,,,,,,,,,15.0,True,0.0,30.0,True,amnestic mild cognitive impairment (aMCI),True,not_reported,significant difference from HC (p = 0.000),not_reported,0.000
40584525,arm_sham,sham_acupuncture,MMSE score,cognition,Mini-Mental State Examination (MMSE),Second (after acupuncture),post,mean ± SD,25.40 ± 1.40,regex,mean_sd,25.4,1.4,,,,,,,,,,,,,15.0,True,0.0,30.0,True,amnestic mild cognitive impairment (aMCI),True,not significant (P value = 0.054),not_reported,not_reported,0.054
40584525,arm_sham,sham_acupuncture,MoCA score,cognition,Montreal Cognitive Assessment (MoCA),First (before acupuncture),baseline,mean ± SD,22.80 ± 3.12,regex,mean_sd,22.8,3.12,,,,,,,,,,,,,15.0,True,0.0,30.0,True,amnestic mild cognitive impairment (aMCI),True,not_reported,significant difference from HC (p = 0.000),not_reported,0.000
40584525,arm_sham,sham_acupuncture,MoCA score,cognition,Montreal Cognitive Assessment (MoCA),Second (after acupuncture),post,mean ± SD,23.07 ± 3.01,regex,mean_sd,23.07,3.01,,,,,,,,,,,,,15.0,True,0.0,30.0,True,amnestic mild cognitive impairment (aMCI),True,not significant (P value = 0.104),not_reported,not_reported,0.104
40634927,AG,verum_acupuncture,response rate,responder,NRS-based response rate (decrease of more than 2 points on the NRS at week 4 compared with baseline),week 4,other,count,23 (85.2%),regex,count_pct,,,,,,,,,23.0,85.2,,,,,27.0,False,0.0,10.0,True,knee osteoarthritis (KOA),False,not_reported,"AG vs. SG: ES=0.770, P=0.010; SG vs. WG: ES=0.883, P=0.006",ES=0.770 (AG vs. SG),overall P<0.001
40634927,SG,sham_acupuncture,response rate,responder,NRS-based response rate (decrease of more than 2 points on the NRS at week 4 compared with baseline),week 4,other,count,13 (52%),regex,count_pct,,,,,,,,,13.0,52.0,,,,,25.0,False,0.0,10.0,True,knee osteoarthritis (KOA),False,not_reported,"SG vs. WG: ES=0.883, P=0.006",ES=0.883 (SG vs. WG),overall P<0.001
40634927,WG,waitlist,response rate,responder,NRS-based response rate (decrease of more than 2 points on the NRS at week 4 compared with baseline),week 4,other,count,3 (13.64%),regex,count_pct,,,,,,,,,3.0,13.64,,,,,22.0,False,0.0,10.0,True,knee osteoarthritis (KOA),False,not_reported,not_reported,not_reported,overall P<0.001
40634927,AG,verum_acupuncture,NRS score,pain,numerical rating scale (NRS),week 0 (baseline),baseline,median [IQR],"6.00(5.00, 7.00)",regex,median_iqr,6.0,1.4814814814814814,,6.0,5.0,7.0,,,,,,,,,27.0,False,0.0,10.0,True,knee osteoarthritis (KOA),False,not_reported,not_reported,not_reported,not_reported
40634927,AG,verum_acupuncture,NRS score,pain,numerical rating scale (NRS),week 4 (post-treatment),post,median [IQR],"3.00(2.00, 5.00)",regex,median_iqr,3.3333333333333335,2.222222222222222,,3.0,2.0,5.0,,,,,,,,,27.0,False,0.0,10.0,True,knee osteoarthritis (KOA),False,"ES=0.733, P<0.001","AG vs. SG: ES=0.900, P=0.002",ES=0.733 (within group),within group P<0.001; AG vs SG P=0.002
40634927,SG,sham_acupuncture,NRS score,pain,numerical rating scale (NRS),week 0 (baseline),baseline,median [IQR],"5.00(4.50, 7.00)",regex,median_iqr,5.5,1.8518518518518516,,5.0,4.5,7.0,,,,,,,,,25.0,False,0.0,10.0,True,knee osteoarthritis (KOA),False,not_reported,not_reported,not_reported,not_reported
40634927,SG,sham_acupuncture,NRS score,pain,numerical rating scale (NRS),week 4 (post-treatment),post,median [IQR],"4.00(2.50, 5.00)",regex,median_iqr,3.8333333333333335,1.8518518518518516,,4.0,2.5,5.0,,,,,,,,,25.0,False,0.0,10.0,True,knee osteoarthritis (KOA),False,"ES=0.643, P<0.001","SG vs. WG: ES=1.064, P=0.001",ES=0.643 (within group),within group P<0.001; SG vs WG P=0.001
40634927,WG,waitlist,NRS score,pain,numerical rating scale (NRS),week 0 (baseline),baseline,median [IQR],"5.00(4.00, 6.00)",regex,median_iqr,5.0,1.4814814814814814,,5.0,4.0,6.0,,,,,,,,,22.0,False,0.0,10.0,True,knee osteoarthritis (KOA),False,not_reported,not_reported,not_reported,not_reported
40634927,WG,waitlist,NRS score,pain,numerical rating scale (NRS),week 4 (post-observation),other,mean ± SD,4.82(1.71),regex,mean_sd,4.82,1.71,,,,,,,,,,,,,22.0,False,0.0,10.0,True,knee osteoarthritis (KOA),False,"ES=0.073, P=0.205",not_reported,ES=0.073 (within group),0.205
40634927,not_applicable,,NRS score between-group comparison,pain,numerical rating scale (NRS),week 4,other,p_value_only,not_reported,unparseable,,,,,,,,,,,,,,,,74.0,False,0.0,10.0,True,knee osteoarthritis (KOA),False,not_reported,"H=28.058, P<0.001; after controlling for baseline NRS, F=17.286, P<0.001",not_reported,P<0.001
40634927,AG,verum_acupuncture,WOMAC score,function,Western Ontario and McMaster Osteoarthritis Index (WOMAC),week 0 (baseline),baseline,median [IQR],"19.00(15.00, 23.00)",regex,median_iqr,19.0,5.925925925925926,,19.0,15.0,23.0,,,,,,,,,27.0,False,0.0,96.0,True,knee osteoarthritis (KOA),False,not_reported,not_reported,not_reported,not_reported
40634927,AG,verum_acupuncture,WOMAC score,function,Western Ontario and McMaster Osteoarthritis Index (WOMAC),week 4 (post-treatment),post,mean ± SD,12.56(5.60),regex,mean_sd,12.56,5.6,,,,,,,,,,,,,27.0,False,0.0,96.0,True,knee osteoarthritis (KOA),False,"ES=0.984, P<0.001; change score: -7.44 (9.51)","AG vs. SG: ES=-0.025, P=0.929; SG vs. WG: ES=-0.822, P=0.008",ES=0.984 (within group),within group P<0.001; AG vs SG P=0.929
40634927,SG,sham_acupuncture,WOMAC score,function,Western Ontario and McMaster Osteoarthritis Index (WOMAC),week 0 (baseline),baseline,median [IQR],"19.00(12.50, 26.50)",regex,median_iqr,19.333333333333332,10.37037037037037,,19.0,12.5,26.5,,,,,,,,,25.0,False,0.0,96.0,True,knee osteoarthritis (KOA),False,not_reported,not_reported,not_reported,not_reported
40634927,SG,sham_acupuncture,WOMAC score,function,Western Ontario and McMaster Osteoarthritis Index (WOMAC),week 4 (post-treatment),post,median [IQR],"13.00(9.50, 20.00)",regex,median_iqr,14.166666666666666,7.777777777777778,,13.0,9.5,20.0,,,,,,,,,25.0,False,0.0,96.0,True,knee osteoarthritis (KOA),False,"ES=0.697, P=0.002; change score: -7.20 (10.21)","SG vs. WG: ES=-0.822, P=0.008",ES=0.697 (within group),within group P=0.002; SG vs WG P=0.008
40634927,WG,waitlist,WOMAC score,function,Western Ontario and McMaster Osteoarthritis Index (WOMAC),week 0 (baseline),baseline,mean ± SD,16.32(6.48),regex,mean_sd,16.32,6.48,,,,,,,,,,,,,22.0,False,0.0,96.0,True,knee osteoarthritis (KOA),False,not_reported,not_reported,not_reported,not_reported
40634927,WG,waitlist,WOMAC score,function,Western Ontario and McMaster Osteoarthritis Index (WOMAC),week 4 (post-observation),other,mean ± SD,15.59(6.97),regex,mean_sd,15.59,6.97,,,,,,,,,,,,,22.0,False,0.0,96.0,True,knee osteoarthritis (KOA),False,"ES=0.108, P=0.501; change score: -0.73 (4.98)",not_reported,ES=0.108 (within group),0.501
40634927,not_applicable,,WOMAC score between-group comparison,function,Western Ontario and McMaster Osteoarthritis Index (WOMAC),week 4,other,p_value_only,not_reported,unparseable,,,,,,,,,,,,,,,,74.0,False,0.0,96.0,True,knee osteoarthritis (KOA),False,not_reported,"H=10.193, P=0.006",not_reported,0.006
40634927,AG,verum_acupuncture,STAI-S score,mood,State-Trait Anxiety Scale-State Anxiety Subscale (STAI-S),week 0 (baseline),baseline,median [IQR],"30.00(28.00, 35.00)",regex,median_iqr,31.0,5.185185185185185,,30.0,28.0,35.0,,,,,,,,,27.0,False,,,True,knee osteoarthritis (KOA),False,not_reported,not_reported,not_reported,not_reported
40634927,AG,verum_acupuncture,STAI-S score,mood,State-Trait Anxiety Scale-State Anxiety Subscale (STAI-S),week 4 (post-treatment),post,median [IQR],"30.00(26.00, 35.00)",regex,median_iqr,30.333333333333332,6.666666666666666,,30.0,26.0,35.0,,,,,,,,,27.0,False,,,True,knee osteoarthritis (KOA),False,"ES=0.266, P=0.183; change score: -1.96 (7.46)","AG vs. SG: ES=-0.259, P=0.356",ES=0.266 (within group),0.183
40634927,SG,sham_acupuncture,STAI-S score,mood,State-Trait Anxiety Scale-State Anxiety Subscale (STAI-S),week 0 (baseline),baseline,mean ± SD,32.36(6.47),regex,mean_sd,32.36,6.47,,,,,,,,,,,,,25.0,False,,,True,knee osteoarthritis (KOA),False,not_reported,not_reported,not_reported,not_reported
40634927,SG,sham_acupuncture,STAI-S score,mood,State-Trait Anxiety Scale-State Anxiety Subscale (STAI-S),week 4 (post-treatment),post,mean ± SD,32.04(5.68),regex,mean_sd,32.04,5.68,,,,,,,,,,,,,25.0,False,,,True,knee osteoarthritis (KOA),False,"ES=0.052, P=0.746; change score: -0.32 (4.88)","SG vs. WG: ES=-0.121, P=0.681",ES=0.052 (within group),0.746
40634927,WG,waitlist,STAI-S score,mood,State-Trait Anxiety Scale-State Anxiety Subscale (STAI-S),week 0 (baseline),baseline,mean ± SD,31.77(6.02),regex,mean_sd,31.77,6.02,,,,,,,,,,,,,22.0,False,,,True,knee osteoarthritis (KOA),False,not_reported,not_reported,not_reported,not_reported
40634927,WG,waitlist,STAI-S score,mood,State-Trait Anxiety Scale-State Anxiety Subscale (STAI-S),week 4 (post-observation),other,mean ± SD,32.00(3.70),regex,mean_sd,32.0,3.7,,,,,,,,,,,,,22.0,False,,,True,knee osteoarthritis (KOA),False,"ES=-0.040, P=0.797; change score: 0.23 (4.09)",not_reported,ES=-0.040 (within group),0.797
40634927,not_applicable,,STAI-S score between-group comparison,mood,State-Trait Anxiety Scale-State Anxiety Subscale (STAI-S),week 4,other,p_value_only,not_reported,unparseable,,,,,,,,,,,,,,,,74.0,False,,,True,knee osteoarthritis (KOA),False,not_reported,"F=0.979, P=0.381",not_reported,0.381
40642213,arm_ST36,verum_acupuncture,Mini-Mental State Examination (MMSE),cognition,MMSE,baseline,baseline,mean ± SD,28.95 ± 1.03,regex,mean_sd,28.95,1.03,,,,,,,,,,,,,19.0,True,0.0,30.0,True,healthy volunteers,True,not_reported,No significant difference among three groups,not_reported,0.498
40642213,arm_KI4,verum_acupuncture,Mini-Mental State Examination (MMSE),cognition,MMSE,baseline,baseline,mean ± SD,28.56 ± 1.26,regex,mean_sd,28.56,1.26,,,,,,,,,,,,,16.0,True,0.0,30.0,True,healthy volunteers,True,not_reported,No significant difference among three groups,not_reported,0.498
40642213,arm_HT7,verum_acupuncture,Mini-Mental State Examination (MMSE),cognition,MMSE,baseline,baseline,mean ± SD,28.53 ± 1.13,regex,mean_sd,28.53,1.13,,,,,,,,,,,,,16.0,True,0.0,30.0,True,healthy volunteers,True,not_reported,No significant difference among three groups,not_reported,0.498
40642213,arm_ST36,verum_acupuncture,Montreal Cognitive Assessment (MoCA),cognition,MoCA,baseline,baseline,mean ± SD,27.37 ± 0.96,regex,mean_sd,27.37,0.96,,,,,,,,,,,,,19.0,True,0.0,30.0,True,healthy volunteers,True,not_reported,No significant difference among three groups,not_reported,0.571
40642213,arm_KI4,verum_acupuncture,Montreal Cognitive Assessment (MoCA),cognition,MoCA,baseline,baseline,mean ± SD,27.63 ± 0.81,regex,mean_sd,27.63,0.81,,,,,,,,,,,,,16.0,True,0.0,30.0,True,healthy volunteers,True,not_reported,No significant difference among three groups,not_reported,0.571
40642213,arm_HT7,verum_acupuncture,Montreal Cognitive Assessment (MoCA),cognition,MoCA,baseline,baseline,mean ± SD,27.35 ± 1.06,regex,mean_sd,27.35,1.06,,,,,,,,,,,,,16.0,True,0.0,30.0,True,healthy volunteers,True,not_reported,No significant difference among three groups,not_reported,0.571
40660313,arm_acupuncture,verum_acupuncture,VAS,pain,visual analog scale (VAS),before treatment (baseline),baseline,mean ± SD,5.30±1.45,regex,mean_sd,5.3,1.45,,,,,,,,,,,,,20.0,False,0.0,10.0,True,knee osteoarthritis (KOA),False,not_reported,not_reported,not_reported,not_reported
40660313,arm_tDCS,active_control,VAS,pain,visual analog scale (VAS),before treatment (baseline),baseline,mean ± SD,5.50±1.10,regex,mean_sd,5.5,1.1,,,,,,,,,,,,,20.0,False,0.0,10.0,True,knee osteoarthritis (KOA),False,not_reported,not_reported,not_reported,not_reported
40660313,arm_combined,other,VAS,pain,visual analog scale (VAS),before treatment (baseline),baseline,mean ± SD,5.30±1.22,regex,mean_sd,5.3,1.22,,,,,,,,,,,,,20.0,False,0.0,10.0,True,knee osteoarthritis (KOA),False,not_reported,not_reported,not_reported,not_reported
40660313,arm_acupuncture,verum_acupuncture,WOMAC,function,Western Ontario and McMaster Universities Osteoarthritis Index (WOMAC),before treatment (baseline),baseline,mean ± SD,31.95±6.80,regex,mean_sd,31.95,6.8,,,,,,,,,,,,,20.0,False,0.0,96.0,True,knee osteoarthritis (KOA),False,not_reported,not_reported,not_reported,not_reported
40660313,arm_tDCS,active_control,WOMAC,function,Western Ontario and McMaster Universities Osteoarthritis Index (WOMAC),before treatment (baseline),baseline,mean ± SD,34.40±5.64,regex,mean_sd,34.4,5.64,,,,,,,,,,,,,20.0,False,0.0,96.0,True,knee osteoarthritis (KOA),False,not_reported,not_reported,not_reported,not_reported
40660313,arm_combined,other,WOMAC,function,Western Ontario and McMaster Universities Osteoarthritis Index (WOMAC),before treatment (baseline),baseline,mean ± SD,32.45±8.96,regex,mean_sd,32.45,8.96,,,,,,,,,,,,,20.0,False,0.0,96.0,True,knee osteoarthritis (KOA),False,not_reported,not_reported,not_reported,not_reported
40660313,arm_acupuncture,verum_acupuncture,Lequesne index,symptom_severity,Lequesne index,before treatment (baseline),baseline,mean ± SD,11.60±3.83,regex,mean_sd,11.6,3.83,,,,,,,,,,,,,20.0,False,,,True,knee osteoarthritis (KOA),False,not_reported,not_reported,not_reported,not_reported
40660313,arm_tDCS,active_control,Lequesne index,symptom_severity,Lequesne index,before treatment (baseline),baseline,mean ± SD,12.53±3.48,regex,mean_sd,12.53,3.48,,,,,,,,,,,,,20.0,False,,,True,knee osteoarthritis (KOA),False,not_reported,not_reported,not_reported,not_reported
40660313,arm_combined,other,Lequesne index,symptom_severity,Lequesne index,before treatment (baseline),baseline,mean ± SD,13.88±4.42,regex,mean_sd,13.88,4.42,,,,,,,,,,,,,20.0,False,,,True,knee osteoarthritis (KOA),False,not_reported,not_reported,not_reported,not_reported
40772121,arm_acupuncture,verum_acupuncture,VAS total score,pain,Visual Analog Scale (VAS),baseline (week 0),baseline,mean ± SD,5.38±0.22,regex,mean_sd,5.38,0.22,,,,,,,,,,,,,15.0,False,0.0,10.0,True,Knee osteoarthritis (KOA),True,not_reported,not_reported,not_reported,0.731
40772121,arm_placebo,sham_acupuncture,VAS total score,pain,Visual Analog Scale (VAS),baseline (week 0),baseline,mean ± SD,5.57±1.10,regex,mean_sd,5.57,1.1,,,,,,,,,,,,,15.0,False,0.0,10.0,True,Knee osteoarthritis (KOA),True,not_reported,not_reported,not_reported,0.731
40772121,arm_waiting,waitlist,VAS total score,pain,Visual Analog Scale (VAS),baseline (week 0),baseline,mean ± SD,5.67±1.05,regex,mean_sd,5.67,1.05,,,,,,,,,,,,,15.0,False,0.0,10.0,True,Knee osteoarthritis (KOA),True,not_reported,not_reported,not_reported,0.731
40772121,arm_acupuncture,verum_acupuncture,VAS total score difference (before - after intervention),pain,Visual Analog Scale (VAS),change from week 0 to week 4,other,mean ± SD,3.39±0.26,regex,mean_sd,3.39,0.26,,,,,,,,,,,,,15.0,False,0.0,10.0,True,Knee osteoarthritis (KOA),True,not_reported,not_reported,not_reported,<0.001
40772121,arm_placebo,sham_acupuncture,VAS total score difference (before - after intervention),pain,Visual Analog Scale (VAS),change from week 0 to week 4,other,mean ± SD,0.84±0.22,regex,mean_sd,0.84,0.22,,,,,,,,,,,,,15.0,False,0.0,10.0,True,Knee osteoarthritis (KOA),True,not_reported,not_reported,not_reported,<0.001
40772121,arm_waiting,waitlist,VAS total score difference (before - after intervention),pain,Visual Analog Scale (VAS),change from week 0 to week 4,other,mean ± SD,-0.05±0.04,regex,mean_sd,-0.05,0.04,,,,,,,,,,,,,15.0,False,0.0,10.0,True,Knee osteoarthritis (KOA),True,not_reported,not_reported,not_reported,<0.001
40772121,arm_acupuncture,verum_acupuncture,WOMAC total score difference (before - after intervention),symptom_severity,Western Ontario and McMaster Universities Osteoarthritis Index (WOMAC),change from week 0 to week 4,other,mean ± SD,29.81±15.73,regex,mean_sd,29.81,15.73,,,,,,,,,,,,,15.0,False,0.0,96.0,True,Knee osteoarthritis (KOA),True,not_reported,not_reported,not_reported,<0.001
40772121,arm_placebo,sham_acupuncture,WOMAC total score difference (before - after intervention),symptom_severity,Western Ontario and McMaster Universities Osteoarthritis Index (WOMAC),change from week 0 to week 4,other,mean ± SD,11.05±19.56,regex,mean_sd,11.05,19.56,,,,,,,,,,,,,15.0,False,0.0,96.0,True,Knee osteoarthritis (KOA),True,not_reported,not_reported,not_reported,<0.001
40772121,arm_waiting,waitlist,WOMAC total score difference (before - after intervention),symptom_severity,Western Ontario and McMaster Universities Osteoarthritis Index (WOMAC),change from week 0 to week 4,other,mean ± SD,-0.43±1.545,regex,mean_sd,-0.43,1.545,,,,,,,,,,,,,15.0,False,0.0,96.0,True,Knee osteoarthritis (KOA),True,not_reported,not_reported,not_reported,<0.001
40772121,arm_acupuncture,verum_acupuncture,WOMAC pain dimension score difference (before - after intervention),pain,WOMAC pain dimension,change from week 0 to week 4,other,mean ± SD,7.93±4.64,regex,mean_sd,7.93,4.64,,,,,,,,,,,,,15.0,False,0.0,96.0,True,Knee osteoarthritis (KOA),True,not_reported,not_reported,not_reported,<0.001
40772121,arm_placebo,sham_acupuncture,WOMAC pain dimension score difference (before - after intervention),pain,WOMAC pain dimension,change from week 0 to week 4,other,mean ± SD,2.59±4.29,regex,mean_sd,2.59,4.29,,,,,,,,,,,,,15.0,False,0.0,96.0,True,Knee osteoarthritis (KOA),True,not_reported,not_reported,not_reported,<0.001
40772121,arm_waiting,waitlist,WOMAC pain dimension score difference (before - after intervention),pain,WOMAC pain dimension,change from week 0 to week 4,other,mean ± SD,-0.10±0.60,regex,mean_sd,-0.1,0.6,,,,,,,,,,,,,15.0,False,0.0,96.0,True,Knee osteoarthritis (KOA),True,not_reported,not_reported,not_reported,<0.001
40772121,arm_acupuncture,verum_acupuncture,WOMAC rigid dimension score difference (before - after intervention),symptom_severity,WOMAC rigid dimension,change from week 0 to week 4,other,mean ± SD,3.09±3.42,regex,mean_sd,3.09,3.42,,,,,,,,,,,,,15.0,False,0.0,96.0,True,Knee osteoarthritis (KOA),True,not_reported,not_reported,not_reported,0.018
40772121,arm_placebo,sham_acupuncture,WOMAC rigid dimension score difference (before - after intervention),symptom_severity,WOMAC rigid dimension,change from week 0 to week 4,other,mean ± SD,1.60±2.81,regex,mean_sd,1.6,2.81,,,,,,,,,,,,,15.0,False,0.0,96.0,True,Knee osteoarthritis (KOA),True,not_reported,not_reported,not_reported,0.018
40772121,arm_waiting,waitlist,WOMAC rigid dimension score difference (before - after intervention),symptom_severity,WOMAC rigid dimension,change from week 0 to week 4,other,mean ± SD,-0.19±0.78,regex,mean_sd,-0.19,0.78,,,,,,,,,,,,,15.0,False,0.0,96.0,True,Knee osteoarthritis (KOA),True,not_reported,not_reported,not_reported,0.018
40772121,arm_acupuncture,verum_acupuncture,WOMAC daily activity dimension score difference (before - after intervention),function,WOMAC daily activity dimension,change from week 0 to week 4,other,mean ± SD,18.79±8.89,regex,mean_sd,18.79,8.89,,,,,,,,,,,,,15.0,False,0.0,96.0,True,Knee osteoarthritis (KOA),True,not_reported,not_reported,not_reported,<0.001
40772121,arm_placebo,sham_acupuncture,WOMAC daily activity dimension score difference (before - after intervention),function,WOMAC daily activity dimension,change from week 0 to week 4,other,mean ± SD,6.39±16.38,regex,mean_sd,6.39,16.38,,,,,,,,,,,,,15.0,False,0.0,96.0,True,Knee osteoarthritis (KOA),True,not_reported,not_reported,not_reported,<0.001
40772121,arm_waiting,waitlist,WOMAC daily activity dimension score difference (before - after intervention),function,WOMAC daily activity dimension,change from week 0 to week 4,other,mean ± SD,-0.02±0.084,regex,mean_sd,-0.02,0.084,,,,,,,,,,,,,15.0,False,0.0,96.0,True,Knee osteoarthritis (KOA),True,not_reported,not_reported,not_reported,<0.001
40772121,arm_acupuncture,verum_acupuncture,KOOS total score difference (before - after intervention),function,Knee Injury and Osteoarthritis Outcome Score (KOOS),change from week 0 to week 4,other,mean ± SD,-17.93±14.12,regex,mean_sd,-17.93,14.12,,,,,,,,,,,,,15.0,True,,,True,Knee osteoarthritis (KOA),True,not_reported,not_reported,not_reported,<0.001
40772121,arm_placebo,sham_acupuncture,KOOS total score difference (before - after intervention),function,Knee Injury and Osteoarthritis Outcome Score (KOOS),change from week 0 to week 4,other,mean ± SD,-0.47±8.48,regex,mean_sd,-0.47,8.48,,,,,,,,,,,,,15.0,True,,,True,Knee osteoarthritis (KOA),True,not_reported,not_reported,not_reported,<0.001
40772121,arm_waiting,waitlist,KOOS total score difference (before - after intervention),function,Knee Injury and Osteoarthritis Outcome Score (KOOS),change from week 0 to week 4,other,mean ± SD,0.13±2.23,regex,mean_sd,0.13,2.23,,,,,,,,,,,,,15.0,True,,,True,Knee osteoarthritis (KOA),True,not_reported,not_reported,not_reported,<0.001
40772121,arm_acupuncture,verum_acupuncture,KOOS symptom dimension score difference (before - after intervention),symptom_severity,KOOS symptom dimension,change from week 0 to week 4,other,mean ± SD,-2.00±2.59,regex,mean_sd,-2.0,2.59,,,,,,,,,,,,,15.0,True,,,True,Knee osteoarthritis (KOA),True,not_reported,not_reported,not_reported,0.032
40772121,arm_placebo,sham_acupuncture,KOOS symptom dimension score difference (before - after intervention),symptom_severity,KOOS symptom dimension,change from week 0 to week 4,other,mean ± SD,0.13±2.67,regex,mean_sd,0.13,2.67,,,,,,,,,,,,,15.0,True,,,True,Knee osteoarthritis (KOA),True,not_reported,not_reported,not_reported,0.032
40772121,arm_waiting,waitlist,KOOS symptom dimension score difference (before - after intervention),symptom_severity,KOOS symptom dimension,change from week 0 to week 4,other,mean ± SD,-0.67±0.26,regex,mean_sd,-0.67,0.26,,,,,,,,,,,,,15.0,True,,,True,Knee osteoarthritis (KOA),True,not_reported,not_reported,not_reported,0.032
40772121,arm_acupuncture,verum_acupuncture,KOOS rigid dimension score difference (before - after intervention),symptom_severity,KOOS rigid dimension,change from week 0 to week 4,other,mean ± SD,-1.00±1.25,regex,mean_sd,-1.0,1.25,,,,,,,,,,,,,15.0,True,,,True,Knee osteoarthritis (KOA),True,not_reported,not_reported,not_reported,0.041
40772121,arm_placebo,sham_acupuncture,KOOS rigid dimension score difference (before - after intervention),symptom_severity,KOOS rigid dimension,change from week 0 to week 4,other,mean ± SD,-0.27±2.55,regex,mean_sd,-0.27,2.55,,,,,,,,,,,,,15.0,True,,,True,Knee osteoarthritis (KOA),True,not_reported,not_reported,not_reported,0.041
40772121,arm_waiting,waitlist,KOOS rigid dimension score difference (before - after intervention),symptom_severity,KOOS rigid dimension,change from week 0 to week 4,other,mean ± SD,-0.07±0.46,regex,mean_sd,-0.07,0.46,,,,,,,,,,,,,15.0,True,,,True,Knee osteoarthritis (KOA),True,not_reported,not_reported,not_reported,0.041
40772121,arm_acupuncture,verum_acupuncture,KOOS pain dimension score difference (before - after intervention),pain,KOOS pain dimension,change from week 0 to week 4,other,mean ± SD,-4.33±5.19,regex,mean_sd,-4.33,5.19,,,,,,,,,,,,,15.0,False,,,True,Knee osteoarthritis (KOA),True,not_reported,not_reported,not_reported,0.001
40772121,arm_placebo,sham_acupuncture,KOOS pain dimension score difference (before - after intervention),pain,KOOS pain dimension,change from week 0 to week 4,other,mean ± SD,-0.27±2.37,regex,mean_sd,-0.27,2.37,,,,,,,,,,,,,15.0,False,,,True,Knee osteoarthritis (KOA),True,not_reported,not_reported,not_reported,0.001
40772121,arm_waiting,waitlist,KOOS pain dimension score difference (before - after intervention),pain,KOOS pain dimension,change from week 0 to week 4,other,mean ± SD,0.00±0.53,regex,mean_sd,0.0,0.53,,,,,,,,,,,,,15.0,False,,,True,Knee osteoarthritis (KOA),True,not_reported,not_reported,not_reported,0.001
40772121,arm_acupuncture,verum_acupuncture,KOOS functional dimension score difference (before - after intervention),function,KOOS functional dimension,change from week 0 to week 4,other,mean ± SD,-5.67±4.55,regex,mean_sd,-5.67,4.55,,,,,,,,,,,,,15.0,True,,,True,Knee osteoarthritis (KOA),True,not_reported,not_reported,not_reported,<0.001
40772121,arm_placebo,sham_acupuncture,KOOS functional dimension score difference (before - after intervention),function,KOOS functional dimension,change from week 0 to week 4,other,mean ± SD,-1.07±4.09,regex,mean_sd,-1.07,4.09,,,,,,,,,,,,,15.0,True,,,True,Knee osteoarthritis (KOA),True,not_reported,not_reported,not_reported,<0.001
40772121,arm_waiting,waitlist,KOOS functional dimension score difference (before - after intervention),function,KOOS functional dimension,change from week 0 to week 4,other,mean ± SD,-0.47±1.55,regex,mean_sd,-0.47,1.55,,,,,,,,,,,,,15.0,True,,,True,Knee osteoarthritis (KOA),True,not_reported,not_reported,not_reported,<0.001
40772121,arm_acupuncture,verum_acupuncture,KOOS higher activity dimension score difference (before - after intervention),function,KOOS higher activity dimension,change from week 0 to week 4,other,mean ± SD,-3.27±4.17,regex,mean_sd,-3.27,4.17,,,,,,,,,,,,,15.0,True,,,True,Knee osteoarthritis (KOA),True,not_reported,not_reported,not_reported,0.005
40772121,arm_placebo,sham_acupuncture,KOOS higher activity dimension score difference (before - after intervention),function,KOOS higher activity dimension,change from week 0 to week 4,other,mean ± SD,0.67±2.77,regex,mean_sd,0.67,2.77,,,,,,,,,,,,,15.0,True,,,True,Knee osteoarthritis (KOA),True,not_reported,not_reported,not_reported,0.005
40772121,arm_waiting,waitlist,KOOS higher activity dimension score difference (before - after intervention),function,KOOS higher activity dimension,change from week 0 to week 4,other,mean ± SD,0.27±1.16,regex,mean_sd,0.27,1.16,,,,,,,,,,,,,15.0,True,,,True,Knee osteoarthritis (KOA),True,not_reported,not_reported,not_reported,0.005
40772121,arm_acupuncture,verum_acupuncture,KOOS Quality of Life Dimension Score difference (before - after intervention),quality_of_life,KOOS Quality of Life Dimension,change from week 0 to week 4,other,mean ± SD,-1.67±1.84,regex,mean_sd,-1.67,1.84,,,,,,,,,,,,,15.0,True,,,True,Knee osteoarthritis (KOA),True,not_reported,not_reported,not_reported,0.001
40772121,arm_placebo,sham_acupuncture,KOOS Quality of Life Dimension Score difference (before - after intervention),quality_of_life,KOOS Quality of Life Dimension,change from week 0 to week 4,other,mean ± SD,0.33±1.84,regex,mean_sd,0.33,1.84,,,,,,,,,,,,,15.0,True,,,True,Knee osteoarthritis (KOA),True,not_reported,not_reported,not_reported,0.001
40772121,arm_waiting,waitlist,KOOS Quality of Life Dimension Score difference (before - after intervention),quality_of_life,KOOS Quality of Life Dimension,change from week 0 to week 4,other,mean ± SD,0.47±1.41,regex,mean_sd,0.47,1.41,,,,,,,,,,,,,15.0,True,,,True,Knee osteoarthritis (KOA),True,not_reported,not_reported,not_reported,0.001
40772121,arm_acupuncture,verum_acupuncture,AIMS2-SF total score difference (before - after intervention),quality_of_life,Arthritis quality of life measurement scale simplified scale (AIMS2-SF),change from week 0 to week 4,other,mean ± SD,-6.60±6.20,regex,mean_sd,-6.6,6.2,,,,,,,,,,,,,15.0,True,,,True,Knee osteoarthritis (KOA),True,not_reported,not_reported,not_reported,0.001
40772121,arm_placebo,sham_acupuncture,AIMS2-SF total score difference (before - after intervention),quality_of_life,Arthritis quality of life measurement scale simplified scale (AIMS2-SF),change from week 0 to week 4,other,mean ± SD,0.33±3.83,regex,mean_sd,0.33,3.83,,,,,,,,,,,,,15.0,True,,,True,Knee osteoarthritis (KOA),True,not_reported,not_reported,not_reported,0.001
40772121,arm_waiting,waitlist,AIMS2-SF total score difference (before - after intervention),quality_of_life,Arthritis quality of life measurement scale simplified scale (AIMS2-SF),change from week 0 to week 4,other,mean ± SD,-0.13±1.64,regex,mean_sd,-0.13,1.64,,,,,,,,,,,,,15.0,True,,,True,Knee osteoarthritis (KOA),True,not_reported,not_reported,not_reported,0.001
40772121,arm_acupuncture,verum_acupuncture,Beck anxiety inventory total score difference (before - after intervention),mood,Beck Anxiety Inventory (BAI),change from week 0 to week 4,other,mean ± SD,1.87±3.42,regex,mean_sd,1.87,3.42,,,,,,,,,,,,,15.0,False,0.0,63.0,True,Knee osteoarthritis (KOA),True,not_reported,not_reported,not_reported,0.032
40772121,arm_placebo,sham_acupuncture,Beck anxiety inventory total score difference (before - after intervention),mood,Beck Anxiety Inventory (BAI),change from week 0 to week 4,other,mean ± SD,0.73±2.40,regex,mean_sd,0.73,2.4,,,,,,,,,,,,,15.0,False,0.0,63.0,True,Knee osteoarthritis (KOA),True,not_reported,not_reported,not_reported,0.032
40772121,arm_waiting,waitlist,Beck anxiety inventory total score difference (before - after intervention),mood,Beck Anxiety Inventory (BAI),change from week 0 to week 4,other,mean ± SD,-0.40±1.06,regex,mean_sd,-0.4,1.06,,,,,,,,,,,,,15.0,False,0.0,63.0,True,Knee osteoarthritis (KOA),True,not_reported,not_reported,not_reported,0.032
40772121,arm_acupuncture,verum_acupuncture,Beck depression inventory total score difference (before - after intervention),mood,Beck Depression Inventory (BDI),change from week 0 to week 4,other,mean ± SD,0.40±2.03,regex,mean_sd,0.4,2.03,,,,,,,,,,,,,15.0,False,0.0,63.0,True,Knee osteoarthritis (KOA),True,not_reported,not_reported,not_reported,0.493
40772121,arm_placebo,sham_acupuncture,Beck depression inventory total score difference (before - after intervention),mood,Beck Depression Inventory (BDI),change from week 0 to week 4,other,mean ± SD,0.80±2.93,regex,mean_sd,0.8,2.93,,,,,,,,,,,,,15.0,False,0.0,63.0,True,Knee osteoarthritis (KOA),True,not_reported,not_reported,not_reported,0.493
40772121,arm_waiting,waitlist,Beck depression inventory total score difference (before - after intervention),mood,Beck Depression Inventory (BDI),change from week 0 to week 4,other,mean ± SD,-0.33±0.90,regex,mean_sd,-0.33,0.9,,,,,,,,,,,,,15.0,False,0.0,63.0,True,Knee osteoarthritis (KOA),True,not_reported,not_reported,not_reported,0.493
40800108,arm_verum_acupuncture,verum_acupuncture,ADAS-Cog scores,cognition,Alzheimer's Disease Assessment Scale-Cognitive subscale (ADAS-Cog),3 months,other,narrative,significantly greater reductions in ADAS-Cog scores after 3 months of acupuncture treatment compared to those receiving pharmacotherapy alone,unparseable,,,,,,,,,,,,,,,,,False,0.0,70.0,True,"Vascular cognitive impairment (VCI), including mild cognitive impairment (MCI), vascular dementia, and related cerebrovascular cognitive disorders",,not_reported,significantly greater reductions compared to pharmacotherapy alone,not_reported,not_reported
40800108,arm_verum_acupuncture,verum_acupuncture,ADAS-Cog scores (mean change from baseline to 6 months),cognition,Alzheimer's Disease Assessment Scale-Cognitive subscale (ADAS-Cog),6 months,other,narrative,The mean change from baseline to 6 months further highlighted the superior benefits of acupuncture intervention,unparseable,,,,,,,,,,,,,,,,,False,0.0,70.0,True,"Vascular cognitive impairment (VCI), including mild cognitive impairment (MCI), vascular dementia, and related cerebrovascular cognitive disorders",,not_reported,superior benefits of acupuncture intervention,not_reported,not_reported
40800108,arm_verum_acupuncture,verum_acupuncture,cognitive function (general),cognition,not_reported,4–8 weeks,other,narrative,"cognitive improvements emerge by 4–8 weeks of treatment, with benefits persisting up to 16 weeks; the therapeutic effects appear to diminish by 32 weeks",unparseable,,,,,,,,,,,,,,,,,,,,False,"Vascular cognitive impairment (VCI), including mild cognitive impairment (MCI), vascular dementia, and related cerebrovascular cognitive disorders",,not_reported,not_reported,not_reported,not_reported
40800108,arm_verum_acupuncture,verum_acupuncture,MoCA scores,cognition,Montreal Cognitive Assessment (MoCA),4 weeks,other,narrative,"notable increases in Fugl-Meyer assessment, Barthel index, and MoCA scores after 4 weeks of acupuncture",unparseable,,,,,,,,,,,,,,,,,True,0.0,30.0,True,"Vascular cognitive impairment (VCI), including mild cognitive impairment (MCI), vascular dementia, and related cerebrovascular cognitive disorders",,notable increases after 4 weeks,not_reported,not_reported,not_reported
40800108,arm_verum_acupuncture,verum_acupuncture,Barthel index,function,Barthel index,8 weeks,other,narrative,"By 8 weeks, their Barthel index and MoCA scores exceeded those of controls",unparseable,,,,,,,,,,,,,,,,,True,0.0,100.0,True,"Vascular cognitive impairment (VCI), including mild cognitive impairment (MCI), vascular dementia, and related cerebrovascular cognitive disorders",,not_reported,exceeded those of controls,not_reported,not_reported
40800108,arm_verum_acupuncture,verum_acupuncture,MoCA scores,cognition,Montreal Cognitive Assessment (MoCA),8 weeks,other,narrative,"By 8 weeks, their Barthel index and MoCA scores exceeded those of controls",unparseable,,,,,,,,,,,,,,,,,True,0.0,30.0,True,"Vascular cognitive impairment (VCI), including mild cognitive impairment (MCI), vascular dementia, and related cerebrovascular cognitive disorders",,not_reported,exceeded those of controls,not_reported,not_reported
40800108,arm_verum_acupuncture,verum_acupuncture,Fugl-Meyer assessment,function,Fugl-Meyer assessment,4 and 8 weeks,other,narrative,notable increases in Fugl-Meyer assessment after 4 and 8 weeks of acupuncture,unparseable,,,,,,,,,,,,,,,,,True,,,True,"Vascular cognitive impairment (VCI), including mild cognitive impairment (MCI), vascular dementia, and related cerebrovascular cognitive disorders",,notable increases,not_reported,not_reported,not_reported
40800108,arm_VCI_patients,other,MMSE scores correlated with ReHo in superior/inferior frontal gyri,cognition,Mini-mental State Examination (MMSE),not_reported,other,narrative,"VCI patients exhibit significantly lower ReHo values in the superior and inferior frontal gyri, which correlate with poorer performance on cognitive assessments like Mini-mental State Examination (MMSE) and Montreal Cognitive Assessment (MoCA)",unparseable,,,,,,,,,,,,,,,,,True,0.0,30.0,True,"Vascular cognitive impairment (VCI), including mild cognitive impairment (MCI), vascular dementia, and related cerebrovascular cognitive disorders",,not_reported,not_reported,not_reported,not_reported
40800108,arm_VCI_patients,other,MoCA scores correlated with ALFF reductions in DMN hubs,cognition,Montreal Cognitive Assessment (MoCA),not_reported,other,narrative,these reductions independently correlating with lower MoCA scores,unparseable,,,,,,,,,,,,,,,,31.0,True,0.0,30.0,True,"Vascular cognitive impairment (VCI), including mild cognitive impairment (MCI), vascular dementia, and related cerebrovascular cognitive disorders",,not_reported,not_reported,not_reported,not_reported
40800108,arm_VCI_patients,other,MoCA scores correlated with FC between right entorhinal cortex and frontal/precentral regions,cognition,Montreal Cognitive Assessment (MoCA),not_reported,other,narrative,these FC values showing positive correlations with MoCA scores,unparseable,,,,,,,,,,,,,,,,,True,0.0,30.0,True,"Vascular cognitive impairment (VCI), including mild cognitive impairment (MCI), vascular dementia, and related cerebrovascular cognitive disorders",,not_reported,not_reported,not_reported,not_reported
40800108,arm_VCI_patients,other,insular ALFF showing a strong negative correlation with MoCA and MMSE scores,cognition,MMSE; MoCA,not_reported,other,narrative,insular ALFF showing a strong negative correlation with MoCA and MMSE scores,unparseable,,,,,,,,,,,,,,,,,True,0.0,30.0,True,"Vascular cognitive impairment (VCI), including mild cognitive impairment (MCI), vascular dementia, and related cerebrovascular cognitive disorders",,not_reported,not_reported,not_reported,not_reported
40800108,arm_VCI_patients,other,executive function scores positively correlated with ALFF values in the left prefrontal lobe,cognition,not_reported,not_reported,other,narrative,executive function scores in VCI patients positively correlated with ALFF values in the left prefrontal lobe,unparseable,,,,,,,,,,,,,,,,,,,,False,"Vascular cognitive impairment (VCI), including mild cognitive impairment (MCI), vascular dementia, and related cerebrovascular cognitive disorders",,not_reported,not_reported,not_reported,not_reported
40800108,arm_verum_acupuncture,verum_acupuncture,"cognitive function, functional connectivity in DMN, cerebral blood flow",cognition,not_reported,not_reported,other,narrative,"Acupuncture improved cognitive function, increased functional connectivity in DMN, and enhanced cerebral blood flow in VCI patients",unparseable,,,,,,,,,,,,,,,,140.0,,,,False,"Vascular cognitive impairment (VCI), including mild cognitive impairment (MCI), vascular dementia, and related cerebrovascular cognitive disorders",,not_reported,not_reported,not_reported,not_reported
40847552,arm_responders,verum_acupuncture,VAS (Visual Analog Scale),pain,Visual Analog Scale (VAS) (0-10),Baseline,baseline,median [IQR],6(5-6),regex,median_iqr,5.666666666666667,0.7407407407407407,,6.0,5.0,6.0,,,,,,,,,48.0,False,0.0,10.0,True,Neck pain (NP),False,not_reported,"Z = −1.740, P=0.082 (vs non-responders at baseline)",not_reported,P=0.082
40847552,arm_responders,verum_acupuncture,VAS (Visual Analog Scale),pain,Visual Analog Scale (VAS) (0-10),After treatment,post,median [IQR],3.00(2.00-3.58),regex,median_iqr,2.86,1.1703703703703705,,3.0,2.0,3.58,,,,,,,,,48.0,False,0.0,10.0,True,Neck pain (NP),False,significant changes in VAS scores before and after treatment,"Z = −6.373, P=0.001 (vs non-responders post-treatment)",not_reported,P=0.001
40847552,arm_nonresponders,verum_acupuncture,VAS (Visual Analog Scale),pain,Visual Analog Scale (VAS) (0-10),Baseline,baseline,median [IQR],5(5-6),regex,median_iqr,5.333333333333333,0.7407407407407407,,5.0,5.0,6.0,,,,,,,,,32.0,False,0.0,10.0,True,Neck pain (NP),False,not_reported,"Z = −1.740, P=0.082 (vs responders at baseline)",not_reported,P=0.082
40847552,arm_nonresponders,verum_acupuncture,VAS (Visual Analog Scale),pain,Visual Analog Scale (VAS) (0-10),After treatment,post,median [IQR],5.00(4.00-5.00),regex,median_iqr,4.666666666666667,0.7407407407407407,,5.0,4.0,5.0,,,,,,,,,32.0,False,0.0,10.0,True,Neck pain (NP),False,significant differences in VAS scores before and after treatment,"Z = −6.373, P=0.001 (vs responders post-treatment)",not_reported,P=0.001
40847552,arm_responders,verum_acupuncture,SAS (Self-Rating Anxiety Scale),mood,SAS,Baseline,baseline,median [IQR],42.50(39.06-48.44),regex,median_iqr,43.333333333333336,6.948148148148144,,42.5,39.06,48.44,,,,,,,,,48.0,False,20.0,80.0,True,Neck pain (NP),False,not_reported,"Z = −0.955, P=0.340 (vs non-responders at baseline)",not_reported,P=0.340
40847552,arm_responders,verum_acupuncture,SAS (Self-Rating Anxiety Scale),mood,SAS,After treatment,post,median [IQR],37.50(31.25-42.19),regex,median_iqr,36.98,8.103703703703701,,37.5,31.25,42.19,,,,,,,,,48.0,False,20.0,80.0,True,Neck pain (NP),False,significant changes in SAS scores before and after treatment,"Z = −2.896, P=0.004 (vs non-responders post-treatment)",not_reported,P=0.004
40847552,arm_nonresponders,verum_acupuncture,SAS (Self-Rating Anxiety Scale),mood,SAS,Baseline,baseline,median [IQR],45.03(40.31-51.88),regex,median_iqr,45.74,8.57037037037037,,45.03,40.31,51.88,,,,,,,,,32.0,False,20.0,80.0,True,Neck pain (NP),False,not_reported,"Z = −0.955, P=0.340 (vs responders at baseline)",not_reported,P=0.340
40847552,arm_nonresponders,verum_acupuncture,SAS (Self-Rating Anxiety Scale),mood,SAS,After treatment,post,median [IQR],45.00(37.50-48.75),regex,median_iqr,43.75,8.333333333333332,,45.0,37.5,48.75,,,,,,,,,32.0,False,20.0,80.0,True,Neck pain (NP),False,no significant change in SAS scores,"Z = −2.896, P=0.004 (vs responders post-treatment)",not_reported,P=0.004
40847552,arm_responders,verum_acupuncture,SDS (Self-Rating Depression Scale),mood,SDS,Baseline,baseline,median [IQR],0.43(0.36-0.51),regex,median_iqr,0.4333333333333333,0.1111111111111111,,0.43,0.36,0.51,,,,,,,,,48.0,False,20.0,80.0,True,Neck pain (NP),False,not_reported,"Z = −1.268, P=0.205 (vs non-responders at baseline)",not_reported,P=0.205
40847552,arm_responders,verum_acupuncture,SDS (Self-Rating Depression Scale),mood,SDS,After treatment,post,median [IQR],0.38(0.30-0.44),regex,median_iqr,0.3733333333333333,0.1037037037037037,,0.38,0.3,0.44,,,,,,,,,48.0,False,20.0,80.0,True,Neck pain (NP),False,significant changes in SDS scores before and after treatment,"t = −2.113, P=0.035 (vs non-responders post-treatment)",not_reported,P=0.035
40847552,arm_nonresponders,verum_acupuncture,SDS (Self-Rating Depression Scale),mood,SDS,Baseline,baseline,median [IQR],0.48(0.37-0.55),regex,median_iqr,0.4666666666666666,0.1333333333333333,,0.48,0.37,0.55,,,,,,,,,32.0,False,20.0,80.0,True,Neck pain (NP),False,not_reported,"Z = −1.268, P=0.205 (vs responders at baseline)",not_reported,P=0.205
40847552,arm_nonresponders,verum_acupuncture,SDS (Self-Rating Depression Scale),mood,SDS,After treatment,post,median [IQR],0.44(0.36-0.50),regex,median_iqr,0.4333333333333333,0.1037037037037037,,0.44,0.36,0.5,,,,,,,,,32.0,False,20.0,80.0,True,Neck pain (NP),False,significant differences in SDS scores before and after treatment,"t = −2.113, P=0.035 (vs responders post-treatment)",not_reported,P=0.035
40847552,not_applicable,,acupuncture responder classification,responder,VAS improvement ≥21% after acupuncture treatment,post-treatment,post,count,"48 acupuncture responders, 32 non-responders out of 80",unparseable,,,,,,,,,,,,,,,,80.0,False,0.0,10.0,True,Neck pain (NP),False,not_reported,not_reported,not_reported,not_reported
40847552,not_applicable,,Gender (Male/Female),other,not_reported,Baseline,baseline,count,Responders: 16/32; Non-responders: 10/22,unparseable,,,,,,,,,,,,,,,,80.0,,,,False,Neck pain (NP),False,not_reported,"Χ2 = 0.038, P=0.845",not_reported,P=0.845
40847552,not_applicable,,Age (Year),other,not_reported,Baseline,baseline,median [IQR],Responders: 23(21-25); Non-responders: 23(21-26),unparseable,,,,,,,,,,,,,,,,80.0,,,,False,Neck pain (NP),False,not_reported,"Z = −0.124, P=0.902",not_reported,P=0.902
40847552,not_applicable,,Height (cm),other,not_reported,Baseline,baseline,mean ± SD,Responders: 165.15±7.93; Non-responders: 164.59±7.74,unparseable,,,,,,,,,,,,,,,,80.0,,,,False,Neck pain (NP),False,not_reported,"t = −0.308, P=0.759",not_reported,P=0.759
40847552,not_applicable,,Weight (kg),other,not_reported,Baseline,baseline,median [IQR],Responders: 55.00(45.25-71.50); Non-responders: 56.50(47.25-73.75),unparseable,,,,,,,,,,,,,,,,80.0,,,,False,Neck pain (NP),False,not_reported,"Z = −0.034, P=0.973",not_reported,P=0.973
40847552,not_applicable,,educational attainment (Year),other,not_reported,Baseline,baseline,median [IQR],Responders: 15(14-16); Non-responders: 15(14-17),unparseable,,,,,,,,,,,,,,,,80.0,,,,False,Neck pain (NP),False,not_reported,"Z = −0.871, P=0.384",not_reported,P=0.384
40847552,not_applicable,,Duration (Month),other,not_reported,Baseline,baseline,median [IQR],Responders: 14.00(7.00-30.00); Non-responders: 18.00(14.00-22.75),unparseable,,,,,,,,,,,,,,,,80.0,,,,False,Neck pain (NP),False,not_reported,"Z = 1.090, P=0.276",not_reported,P=0.276
40881782,not_applicable,,FMA score,function,Fugl-Meyer Assessment (FMA),Baseline (pre-treatment),baseline,mean ± SD,31.76 ± 11.11,regex,mean_sd,31.76,11.11,,,,,,,,,,,,,70.0,True,0.0,100.0,True,Bilateral basal ganglia ischemic stroke (BBGIS),True,not_reported,BBGIS vs. HC: p < 0.001,not_reported,p < 0.001
40881782,arm_IDSA,verum_acupuncture,FMA score,function,Fugl-Meyer Assessment (FMA),Pre-treatment,baseline,mean ± SD,33.03 ± 12.23,regex,mean_sd,33.03,12.23,,,,,,,,,,,,,31.0,True,0.0,100.0,True,Bilateral basal ganglia ischemic stroke (BBGIS),True,not_reported,IDSA vs. Sham pre-treatment: P > 0.05,not_reported,P = 0.686 (from figure caption)
40881782,arm_sham,sham_acupuncture,FMA score,function,Fugl-Meyer Assessment (FMA),Pre-treatment,baseline,mean ± SD,34.35 ± 10.8,regex,mean_sd,34.35,10.8,,,,,,,,,,,,,31.0,True,0.0,100.0,True,Bilateral basal ganglia ischemic stroke (BBGIS),True,not_reported,IDSA vs. Sham pre-treatment: P > 0.05,not_reported,P = 0.686 (from figure caption)
40881782,arm_IDSA,verum_acupuncture,FMA score,function,Fugl-Meyer Assessment (FMA),Post-treatment (4 weeks),post,mean ± SD,53.23 ± 13.6,regex,mean_sd,53.23,13.6,,,,,,,,,,,,,31.0,True,0.0,100.0,True,Bilateral basal ganglia ischemic stroke (BBGIS),True,not_reported,"IDSA 53.23 ± 13.6 vs. Sham 44.35 ± 11.2, p < 0.05",not_reported,p < 0.05 (between-group); P = 0.010 (from Figure 7)
40881782,arm_sham,sham_acupuncture,FMA score,function,Fugl-Meyer Assessment (FMA),Post-treatment (4 weeks),post,mean ± SD,44.35 ± 11.2,regex,mean_sd,44.35,11.2,,,,,,,,,,,,,31.0,True,0.0,100.0,True,Bilateral basal ganglia ischemic stroke (BBGIS),True,not_reported,"IDSA 53.23 ± 13.6 vs. Sham 44.35 ± 11.2, p < 0.05",not_reported,p < 0.05 (between-group); P = 0.010 (from Figure 7)
40881782,arm_IDSA,verum_acupuncture,FCD change in SMA_R (ΔFCD),other,Functional connectivity density (FCD) in SMA_R,Post-treatment (4 weeks) vs. pre-treatment,baseline,mean ± SD,Δ = 0.64 ± 0.22,unparseable,,,,,,,,,,,,,,,,31.0,,,,False,Bilateral basal ganglia ischemic stroke (BBGIS),True,"Δ = 0.64 ± 0.22, p < 0.001","IDSA ΔFCD = 0.64 ± 0.22 vs. Sham 0.11 ± 0.18; ANCOVA F(1,59) = 28.6, p < 0.001",not_reported,p < 0.001
40881782,arm_IDSA,verum_acupuncture,FCD change in C8_R (ΔFCD),other,Functional connectivity density (FCD) in C8_R,Post-treatment (4 weeks) vs. pre-treatment,baseline,mean ± SD,Δ = 0.77 ± 0.91,unparseable,,,,,,,,,,,,,,,,31.0,,,,False,Bilateral basal ganglia ischemic stroke (BBGIS),True,"Δ = 0.77 ± 0.91, p < 0.05","IDSA ΔFCD = 0.77 ± 0.91 vs. Sham 0.09 ± 0.21; F(1,59) = 9.4, p = 0.038",not_reported,p = 0.038
40950284,arm_conv,active_control,End Diastolic Velocity (EDV) of facial artery on affected side,physiological,Doppler ultrasound EDV (cm/s),Before Treatment,baseline,mean ± SD,7.64 ± 1.23,regex,mean_sd,7.64,1.23,,,,,,,,,,,,,100.0,,,,False,Peripheral facial paralysis (Bell's palsy),False,not_reported,"t = 0.728, P = 0.468 (vs YYHAT group pre-treatment)",not_reported,0.468
40950284,arm_conv,active_control,End Diastolic Velocity (EDV) of facial artery on affected side,physiological,Doppler ultrasound EDV (cm/s),After Treatment (three weeks),post,mean ± SD,14.75 ± 2.25,regex,mean_sd,14.75,2.25,,,,,,,,,,,,,100.0,,,,False,Peripheral facial paralysis (Bell's palsy),False,significantly improved compared to pre-treatment (P < 0.05),"t = 2.025, P = 0.044 (vs YYHAT group post-treatment)",not_reported,0.044
40950284,arm_yyhat,verum_acupuncture,End Diastolic Velocity (EDV) of facial artery on affected side,physiological,Doppler ultrasound EDV (cm/s),Before Treatment,baseline,mean ± SD,7.49 ± 1.59,regex,mean_sd,7.49,1.59,,,,,,,,,,,,,102.0,,,,False,Peripheral facial paralysis (Bell's palsy),False,not_reported,"t = 0.728, P = 0.468 (vs conventional group pre-treatment)",not_reported,0.468
40950284,arm_yyhat,verum_acupuncture,End Diastolic Velocity (EDV) of facial artery on affected side,physiological,Doppler ultrasound EDV (cm/s),After Treatment (three weeks),post,mean ± SD,15.62 ± 3.68,regex,mean_sd,15.62,3.68,,,,,,,,,,,,,102.0,,,,False,Peripheral facial paralysis (Bell's palsy),False,significantly improved compared to pre-treatment (P < 0.05),"t = 2.025, P = 0.044 (vs conventional group post-treatment)",not_reported,0.044
40950284,arm_conv,active_control,Systolic Peak Velocity (Vs) of facial artery on affected side,physiological,Doppler ultrasound Vs (cm/s),Before Treatment,baseline,mean ± SD,43.79 ± 6.31,regex,mean_sd,43.79,6.31,,,,,,,,,,,,,100.0,,,,False,Peripheral facial paralysis (Bell's palsy),False,not_reported,"t = 0.555, P = 0.579 (vs YYHAT group pre-treatment)",not_reported,0.579
40950284,arm_conv,active_control,Systolic Peak Velocity (Vs) of facial artery on affected side,physiological,Doppler ultrasound Vs (cm/s),After Treatment (three weeks),post,mean ± SD,59.16 ± 6.77,regex,mean_sd,59.16,6.77,,,,,,,,,,,,,100.0,,,,False,Peripheral facial paralysis (Bell's palsy),False,significantly improved compared to pre-treatment (P < 0.05),"t = 2.371, P = 0.019 (vs YYHAT group post-treatment)",not_reported,0.019
40950284,arm_yyhat,verum_acupuncture,Systolic Peak Velocity (Vs) of facial artery on affected side,physiological,Doppler ultrasound Vs (cm/s),Before Treatment,baseline,mean ± SD,43.27 ± 6.89,regex,mean_sd,43.27,6.89,,,,,,,,,,,,,102.0,,,,False,Peripheral facial paralysis (Bell's palsy),False,not_reported,"t = 0.555, P = 0.579 (vs conventional group pre-treatment)",not_reported,0.579
40950284,arm_yyhat,verum_acupuncture,Systolic Peak Velocity (Vs) of facial artery on affected side,physiological,Doppler ultrasound Vs (cm/s),After Treatment (three weeks),post,mean ± SD,61.38 ± 6.57,regex,mean_sd,61.38,6.57,,,,,,,,,,,,,102.0,,,,False,Peripheral facial paralysis (Bell's palsy),False,significantly improved compared to pre-treatment (P < 0.05),"t = 2.371, P = 0.019 (vs conventional group post-treatment)",not_reported,0.019
40950284,arm_conv,active_control,Resistance Index (RI) of facial artery on affected side,physiological,Doppler ultrasound RI,Before Treatment,baseline,mean ± SD,0.85 ± 0.26,regex,mean_sd,0.85,0.26,,,,,,,,,,,,,100.0,,,,False,Peripheral facial paralysis (Bell's palsy),False,not_reported,"t = 1.477, P = 0.141 (vs YYHAT group pre-treatment)",not_reported,0.141
40950284,arm_conv,active_control,Resistance Index (RI) of facial artery on affected side,physiological,Doppler ultrasound RI,After Treatment (three weeks),post,mean ± SD,0.66 ± 0.12,regex,mean_sd,0.66,0.12,,,,,,,,,,,,,100.0,,,,False,Peripheral facial paralysis (Bell's palsy),False,significantly improved compared to pre-treatment (P < 0.05),"t = 0.932, P = 0.353 (vs YYHAT group post-treatment); no significant difference",not_reported,0.353
40950284,arm_yyhat,verum_acupuncture,Resistance Index (RI) of facial artery on affected side,physiological,Doppler ultrasound RI,Before Treatment,baseline,mean ± SD,0.89 ± 0.20,regex,mean_sd,0.89,0.2,,,,,,,,,,,,,102.0,,,,False,Peripheral facial paralysis (Bell's palsy),False,not_reported,"t = 1.477, P = 0.141 (vs conventional group pre-treatment)",not_reported,0.141
40950284,arm_yyhat,verum_acupuncture,Resistance Index (RI) of facial artery on affected side,physiological,Doppler ultrasound RI,After Treatment (three weeks),post,mean ± SD,0.68 ± 0.18,regex,mean_sd,0.68,0.18,,,,,,,,,,,,,102.0,,,,False,Peripheral facial paralysis (Bell's palsy),False,significantly improved compared to pre-treatment (P < 0.05),"t = 0.932, P = 0.353 (vs conventional group post-treatment); no significant difference",not_reported,0.353
40950284,arm_conv,active_control,Facial motor function score (modified Portmann score),function,Modified Portmann score - facial motor function,After Treatment (three weeks),post,count,0-6: 18 (18.00%); 7-12: 24 (24.00%); 13-18: 58 (58.00%),unparseable,,,,,,,,,,,,,,,,100.0,False,0.0,100.0,True,Peripheral facial paralysis (Bell's palsy),False,not_reported,"χ2 = 6.350, P = 0.042",not_reported,0.042
40950284,arm_yyhat,verum_acupuncture,Facial motor function score (modified Portmann score),function,Modified Portmann score - facial motor function,After Treatment (three weeks),post,count,0-6: 7 (6.86%); 7-12: 23 (22.55%); 13-18: 72 (70.59%),unparseable,,,,,,,,,,,,,,,,102.0,False,0.0,100.0,True,Peripheral facial paralysis (Bell's palsy),False,not_reported,"χ2 = 6.350, P = 0.042",not_reported,0.042
40950284,arm_conv,active_control,Resting state facial appearance score (modified Portmann score),function,Modified Portmann score - facial resting state,After Treatment (three weeks),post,count,0: 23 (23.00%); 1: 39 (39.00%); 2: 38 (38.00%),unparseable,,,,,,,,,,,,,,,,100.0,False,0.0,100.0,True,Peripheral facial paralysis (Bell's palsy),False,not_reported,"χ2 = 9.453, P = 0.009",not_reported,0.009
40950284,arm_yyhat,verum_acupuncture,Resting state facial appearance score (modified Portmann score),function,Modified Portmann score - facial resting state,After Treatment (three weeks),post,count,0: 11 (10.78%); 1: 32 (31.37%); 2: 59 (57.84%),unparseable,,,,,,,,,,,,,,,,102.0,False,0.0,100.0,True,Peripheral facial paralysis (Bell's palsy),False,not_reported,"χ2 = 9.453, P = 0.009",not_reported,0.009
40950284,arm_conv,active_control,Therapeutic efficacy categorization,function,Modified Portmann score overall therapeutic efficacy,After three weeks of treatment,post,count,Clinical recovery: 16 (16.00%); Markedly effective: 34 (34.00%); Effective: 31 (31.00%); Ineffective: 19 (19.00%),unparseable,,,,,,,,,,,,,,,,100.0,False,0.0,100.0,True,Peripheral facial paralysis (Bell's palsy),False,not_reported,"χ2 = 12.151, P = 0.007",not_reported,0.007
40950284,arm_yyhat,verum_acupuncture,Therapeutic efficacy categorization,function,Modified Portmann score overall therapeutic efficacy,After three weeks of treatment,post,count,Clinical recovery: 36 (35.29%); Markedly effective: 33 (32.35%); Effective: 24 (23.53%); Ineffective: 9 (8.82%),unparseable,,,,,,,,,,,,,,,,102.0,False,0.0,100.0,True,Peripheral facial paralysis (Bell's palsy),False,not_reported,"χ2 = 12.151, P = 0.007",not_reported,0.007
40950284,arm_conv,active_control,SAS Score,mood,Self-Rating Anxiety Scale (SAS),Before Treatment,baseline,mean ± SD,50.27 ± 5.96,regex,mean_sd,50.27,5.96,,,,,,,,,,,,,100.0,False,20.0,80.0,True,Peripheral facial paralysis (Bell's palsy),False,not_reported,"t = 1.111, P = 0.268 (vs YYHAT group pre-treatment)",not_reported,0.268
40950284,arm_conv,active_control,SAS Score,mood,Self-Rating Anxiety Scale (SAS),After Treatment (three weeks),post,mean ± SD,42.47 ± 3.26,regex,mean_sd,42.47,3.26,,,,,,,,,,,,,100.0,False,20.0,80.0,True,Peripheral facial paralysis (Bell's palsy),False,significantly reduced compared to pre-treatment (P < 0.05),"t = 2.299, P = 0.023 (vs YYHAT group post-treatment)",not_reported,0.023
40950284,arm_yyhat,verum_acupuncture,SAS Score,mood,Self-Rating Anxiety Scale (SAS),Before Treatment,baseline,mean ± SD,49.39 ± 5.31,regex,mean_sd,49.39,5.31,,,,,,,,,,,,,102.0,False,20.0,80.0,True,Peripheral facial paralysis (Bell's palsy),False,not_reported,"t = 1.111, P = 0.268 (vs conventional group pre-treatment)",not_reported,0.268
40950284,arm_yyhat,verum_acupuncture,SAS Score,mood,Self-Rating Anxiety Scale (SAS),After Treatment (three weeks),post,mean ± SD,41.25 ± 4.21,regex,mean_sd,41.25,4.21,,,,,,,,,,,,,102.0,False,20.0,80.0,True,Peripheral facial paralysis (Bell's palsy),False,significantly reduced compared to pre-treatment (P < 0.05),"t = 2.299, P = 0.023 (vs conventional group post-treatment)",not_reported,0.023
40950284,arm_conv,active_control,SDS Score,mood,Self-Rating Depression Scale (SDS),Before Treatment,baseline,mean ± SD,50.58 ± 4.98,regex,mean_sd,50.58,4.98,,,,,,,,,,,,,100.0,False,20.0,80.0,True,Peripheral facial paralysis (Bell's palsy),False,not_reported,"t = 1.040, P = 0.300 (vs YYHAT group pre-treatment)",not_reported,0.300
40950284,arm_conv,active_control,SDS Score,mood,Self-Rating Depression Scale (SDS),After Treatment (three weeks),post,mean ± SD,40.15 ± 3.48,regex,mean_sd,40.15,3.48,,,,,,,,,,,,,100.0,False,20.0,80.0,True,Peripheral facial paralysis (Bell's palsy),False,significantly reduced compared to pre-treatment (P < 0.05),"t = 3.332, P = 0.001 (vs YYHAT group post-treatment)",not_reported,0.001
40950284,arm_yyhat,verum_acupuncture,SDS Score,mood,Self-Rating Depression Scale (SDS),Before Treatment,baseline,mean ± SD,49.86 ± 4.85,regex,mean_sd,49.86,4.85,,,,,,,,,,,,,102.0,False,20.0,80.0,True,Peripheral facial paralysis (Bell's palsy),False,not_reported,"t = 1.040, P = 0.300 (vs conventional group pre-treatment)",not_reported,0.300
40950284,arm_yyhat,verum_acupuncture,SDS Score,mood,Self-Rating Depression Scale (SDS),After Treatment (three weeks),post,mean ± SD,38.72 ± 2.54,regex,mean_sd,38.72,2.54,,,,,,,,,,,,,102.0,False,20.0,80.0,True,Peripheral facial paralysis (Bell's palsy),False,significantly reduced compared to pre-treatment (P < 0.05),"t = 3.332, P = 0.001 (vs conventional group post-treatment)",not_reported,0.001
40950284,arm_conv,active_control,Perception of Treatment Effectiveness,quality_of_life,Hospital-developed patient satisfaction questionnaire,After treatment,post,mean ± SD,4.76 ± 1.06,regex,mean_sd,4.76,1.06,,,,,,,,,,,,,100.0,,,,False,Peripheral facial paralysis (Bell's palsy),False,not_reported,"t = 2.347, P = 0.020",not_reported,0.020
40950284,arm_yyhat,verum_acupuncture,Perception of Treatment Effectiveness,quality_of_life,Hospital-developed patient satisfaction questionnaire,After treatment,post,mean ± SD,5.12 ± 1.11,regex,mean_sd,5.12,1.11,,,,,,,,,,,,,102.0,,,,False,Peripheral facial paralysis (Bell's palsy),False,not_reported,"t = 2.347, P = 0.020",not_reported,0.020
40950284,arm_conv,active_control,Perception of Medical Staff's Professionalism,quality_of_life,Hospital-developed patient satisfaction questionnaire,After treatment,post,mean ± SD,4.97 ± 0.52,regex,mean_sd,4.97,0.52,,,,,,,,,,,,,100.0,,,,False,Peripheral facial paralysis (Bell's palsy),False,not_reported,"t = 0.087, P = 0.931; no significant difference",not_reported,0.931
40950284,arm_yyhat,verum_acupuncture,Perception of Medical Staff's Professionalism,quality_of_life,Hospital-developed patient satisfaction questionnaire,After treatment,post,mean ± SD,4.99 ± 2.15,regex,mean_sd,4.99,2.15,,,,,,,,,,,,,102.0,,,,False,Peripheral facial paralysis (Bell's palsy),False,not_reported,"t = 0.087, P = 0.931; no significant difference",not_reported,0.931
40950284,arm_conv,active_control,Perception of Medical Staff's Attitude,quality_of_life,Hospital-developed patient satisfaction questionnaire,After treatment,post,mean ± SD,5.15 ± 0.32,regex,mean_sd,5.15,0.32,,,,,,,,,,,,,100.0,,,,False,Peripheral facial paralysis (Bell's palsy),False,not_reported,"t = 0.713, P = 0.477; no significant difference",not_reported,0.477
40950284,arm_yyhat,verum_acupuncture,Perception of Medical Staff's Attitude,quality_of_life,Hospital-developed patient satisfaction questionnaire,After treatment,post,mean ± SD,5.20 ± 0.74,regex,mean_sd,5.2,0.74,,,,,,,,,,,,,102.0,,,,False,Peripheral facial paralysis (Bell's palsy),False,not_reported,"t = 0.713, P = 0.477; no significant difference",not_reported,0.477
40950284,arm_conv,active_control,Facial motor function (baseline),function,Modified Portmann score - facial motor function,Baseline,baseline,count,0-6: 54 (54.00%); 7-12: 36 (36.00%); 13-18: 10 (10.00%),unparseable,,,,,,,,,,,,,,,,100.0,False,0.0,100.0,True,Peripheral facial paralysis (Bell's palsy),False,not_reported,"χ2 = 1.775, P = 0.412 (vs YYHAT group baseline)",not_reported,0.412
40950284,arm_yyhat,verum_acupuncture,Facial motor function (baseline),function,Modified Portmann score - facial motor function,Baseline,baseline,count,0-6: 48 (47.06%); 7-12: 46 (45.10%); 13-18: 8 (7.84%),unparseable,,,,,,,,,,,,,,,,102.0,False,0.0,100.0,True,Peripheral facial paralysis (Bell's palsy),False,not_reported,"χ2 = 1.775, P = 0.412 (vs conventional group baseline)",not_reported,0.412
40950284,arm_conv,active_control,Resting state appearance (baseline),function,Modified Portmann score - facial resting state,Baseline,baseline,count,0: 38 (38.00%); 1: 49 (49.00%); 2: 13 (13.00%),unparseable,,,,,,,,,,,,,,,,100.0,False,0.0,100.0,True,Peripheral facial paralysis (Bell's palsy),False,not_reported,"χ2 = 0.238, P = 0.888 (vs YYHAT group baseline)",not_reported,0.888
40950284,arm_yyhat,verum_acupuncture,Resting state appearance (baseline),function,Modified Portmann score - facial resting state,Baseline,baseline,count,0: 40 (39.22%); 1: 51 (50.00%); 2: 11 (10.78%),unparseable,,,,,,,,,,,,,,,,102.0,False,0.0,100.0,True,Peripheral facial paralysis (Bell's palsy),False,not_reported,"χ2 = 0.238, P = 0.888 (vs conventional group baseline)",not_reported,0.888
40963943,arm_TTH,other,Duration of TTH,symptom_severity,not_reported,Baseline (1 month before study),baseline,mean ± SD,66.63 ± 53.89,regex,mean_sd,66.63,53.89,,,,,,,,,,,,,36.0,,,,False,Tension-type headache (TTH),True,not_reported,not_reported,not_reported,not_reported
40963943,arm_TTH,other,Frequency of headache attacks per month,symptom_severity,headache diary,Baseline (1 month before study),baseline,median [IQR],"5(3.25, 7.75)",regex,median_iqr,5.333333333333333,3.333333333333333,,5.0,3.25,7.75,,,,,,,,,36.0,False,,,True,Tension-type headache (TTH),True,not_reported,not_reported,not_reported,not_reported
40963943,arm_TTH,other,Number of days with headache per month,symptom_severity,headache diary,Baseline (1 month before study),baseline,median [IQR],"5(4, 7.75)",regex,median_iqr,5.583333333333333,2.7777777777777777,,5.0,4.0,7.75,,,,,,,,,36.0,False,,,True,Tension-type headache (TTH),True,not_reported,not_reported,not_reported,not_reported
40963943,arm_TTH,other,Headache last days per month,symptom_severity,headache diary,Baseline (1 month before study),baseline,median [IQR],"1.46 (0.83, 2.45)",regex,median_iqr,1.58,1.2,,1.46,0.83,2.45,,,,,,,,,36.0,False,,,True,Tension-type headache (TTH),True,not_reported,not_reported,not_reported,not_reported
40963943,arm_TTH,other,Maximum VAS scores,pain,Visual Analogue Scale (VAS),Baseline (1 month before study),baseline,mean ± SD,5.46 ± 1.74,regex,mean_sd,5.46,1.74,,,,,,,,,,,,,36.0,False,0.0,10.0,True,Tension-type headache (TTH),True,not_reported,not_reported,not_reported,not_reported
40963943,arm_TTH,other,Average VAS scores,pain,Visual Analogue Scale (VAS),Baseline (1 month before study),baseline,mean ± SD,4.27 ± 1.21,regex,mean_sd,4.27,1.21,,,,,,,,,,,,,36.0,False,0.0,10.0,True,Tension-type headache (TTH),True,not_reported,not_reported,not_reported,not_reported
40974865,BC_HF,verum_acupuncture,Hot Flash Composite Score (HFCS),symptom_severity,hot flash composite score (HFCS),baseline,baseline,mean ± SD,"12.9 (standard deviation, 10.7)",regex,mean_sd,12.9,10.7,,,,,,,,,,,,,24.0,False,,,True,Breast cancer with hot flashes (vasomotor symptoms),True,not_reported,not_reported,not_reported,not_reported
40974865,BC_HF,verum_acupuncture,Hot Flash Composite Score (HFCS) change after acupuncture treatment,symptom_severity,hot flash composite score (HFCS),post-treatment (after 5 weeks of acupuncture),post,change_score,"-3.87; 95 % CI, −2.21 to −7.32",unparseable,,,,,,,,,,,,,,,,22.0,False,,,True,Breast cancer with hot flashes (vasomotor symptoms),True,"-3.87; 95 % CI, −2.21 to −7.32; p < 0.001",not_reported,Cohen's d = 0.777,p < 0.001
40974865,BC_HF,verum_acupuncture,Hot Flash Composite Score (HFCS) at 4–6 months follow-up vs. baseline,symptom_severity,hot flash composite score (HFCS),4–6 months follow-up,followup,change_score,"-4.03; 95 % CI, −9.16 to −2.92",unparseable,,,,,,,,,,,,,,,,22.0,False,,,True,Breast cancer with hot flashes (vasomotor symptoms),True,"-4.03; 95 % CI, −9.16 to −2.92; p < 0.001",not_reported,Cohen's d = 0.536,p < 0.001
40974865,BC_HF,verum_acupuncture,Hot Flash Composite Score (HFCS) change from end of treatment to 4–6 months follow-up,symptom_severity,hot flash composite score (HFCS),end of treatment to 4–6 months follow-up,post,change_score,"-0.99; 95 % CI, −3.91, 1.38",unparseable,,,,,,,,,,,,,,,,22.0,False,,,True,Breast cancer with hot flashes (vasomotor symptoms),True,"-0.99; 95 % CI, −3.91, 1.38; p = 0.32",not_reported,Cohen's d = 0.102,p = 0.32
40974865,BC_HF,verum_acupuncture,Pittsburgh Sleep Quality Index (PSQI) change after acupuncture treatment,symptom_severity,Pittsburgh Sleep Quality Index (PSQI),post-treatment (after 5 weeks of acupuncture),post,change_score,"-0.37; 95 % CI, −2.52–3.62",unparseable,,,,,,,,,,,,,,,,22.0,False,0.0,21.0,True,Breast cancer with hot flashes (vasomotor symptoms),True,"-0.37; 95 % CI, −2.52–3.62; p = 0.71",not_reported,Cohen's d = 0.377,p = 0.71
40974865,BC_HF,verum_acupuncture,Pittsburgh Sleep Quality Index (PSQI) at 4–6 months follow-up vs. baseline,symptom_severity,Pittsburgh Sleep Quality Index (PSQI),4–6 months follow-up,followup,change_score,"-0.423; 95 % CI, −3.53–2.33",unparseable,,,,,,,,,,,,,,,,22.0,False,0.0,21.0,True,Breast cancer with hot flashes (vasomotor symptoms),True,"-0.423; 95 % CI, −3.53–2.33; p = 0.68",not_reported,Cohen's d = 0.083,p = 0.68
40974865,BC_HF,verum_acupuncture,Pittsburgh Sleep Quality Index (PSQI) change from end of treatment to 4–6 months follow-up,symptom_severity,Pittsburgh Sleep Quality Index (PSQI),end of treatment to 4–6 months follow-up,post,change_score,"0.986; 95 % CI, −1.727–4.827",unparseable,,,,,,,,,,,,,,,,22.0,False,0.0,21.0,True,Breast cancer with hot flashes (vasomotor symptoms),True,"0.986; 95 % CI, −1.727–4.827; p = 0.34",not_reported,Cohen's d = -0.248,p = 0.34
40974865,BC_HF,verum_acupuncture,Functional Assessment of Cancer Therapy-Breast (FACT-B) score change after acupuncture treatment,quality_of_life,Functional Assessment of Cancer Therapy-Breast (FACT-B),post-treatment (after 5 weeks of acupuncture),post,change_score,"-1.72; 95 % CI, −4.51–0.42",unparseable,,,,,,,,,,,,,,,,22.0,True,,,True,Breast cancer with hot flashes (vasomotor symptoms),True,"-1.72; 95 % CI, −4.51–0.42; p = 0.07",not_reported,Cohen's d = 0.522,p = 0.07
40974865,BC_HF,verum_acupuncture,Positive response to acupuncture (more than 20% reduction in HFCS after treatment),responder,hot flash composite score (HFCS),post-treatment (after 5 weeks of acupuncture),post,percentage,85% of the patients (N = 17),unparseable,,,,,,,,,,,,,,,,20.0,False,,,True,Breast cancer with hot flashes (vasomotor symptoms),True,not_reported,not_reported,not_reported,not_reported
40974865,BC_HF,verum_acupuncture,Interaction effect of time × menopausal status on HFCS,symptom_severity,hot flash composite score (HFCS),pre vs. post acupuncture,other,p_value_only,not_reported,unparseable,,,,,,,,,,,,,,,,22.0,False,,,True,Breast cancer with hot flashes (vasomotor symptoms),True,not_reported,not_reported,not_reported,all for p > 0.05
40995472,arm_male,verum_acupuncture,Age,physiological,not_reported,baseline,baseline,mean ± SD,27.25 ± 1.7 years,regex,mean_sd,27.25,1.7,,,,,,,,,,,,,25.0,,,,False,healthy volunteers,True,not_reported,no statistically significant differences (p > 0.05),not_reported,>0.05
40995472,arm_female,verum_acupuncture,Age,physiological,not_reported,baseline,baseline,mean ± SD,26.2 ± 1.881 years,regex,mean_sd,26.2,1.881,,,,,,,,,,,,,21.0,,,,False,healthy volunteers,True,not_reported,no statistically significant differences (p > 0.05),not_reported,>0.05
40995472,arm_male,verum_acupuncture,Years of education,other,not_reported,baseline,baseline,mean ± SD,19.42 ± 2.466 years,regex,mean_sd,19.42,2.466,,,,,,,,,,,,,25.0,,,,False,healthy volunteers,True,not_reported,no statistically significant differences (p > 0.05),not_reported,>0.05
40995472,arm_female,verum_acupuncture,Years of education,other,not_reported,baseline,baseline,mean ± SD,20.1 ± 2.269 years,regex,mean_sd,20.1,2.269,,,,,,,,,,,,,21.0,,,,False,healthy volunteers,True,not_reported,no statistically significant differences (p > 0.05),not_reported,>0.05
41022570,arm_01,verum_acupuncture,Beck Depression Inventory II (BDI-II),mood,Beck Depression Inventory II (BDI-II),Baseline (screening),baseline,mean ± SD,1.90±2.06,regex,mean_sd,1.9,2.06,,,,,,,,,,,,,30.0,False,0.0,63.0,True,Healthy volunteers (no disease condition),True,not_reported,not_reported,not_reported,not_reported
41022570,arm_01,verum_acupuncture,Self-rating Depression Scale (SDS),mood,Self-rating Depression Scale (SDS),Baseline (screening),baseline,mean ± SD,31.83±5.07,regex,mean_sd,31.83,5.07,,,,,,,,,,,,,30.0,False,20.0,80.0,True,Healthy volunteers (no disease condition),True,not_reported,not_reported,not_reported,not_reported
41022570,arm_01,verum_acupuncture,Self-rating Anxiety Scale (SAS),mood,Self-rating Anxiety Scale (SAS),Baseline (screening),baseline,mean ± SD,32.57±4.47,regex,mean_sd,32.57,4.47,,,,,,,,,,,,,30.0,False,20.0,80.0,True,Healthy volunteers (no disease condition),True,not_reported,not_reported,not_reported,not_reported
41022570,arm_01,verum_acupuncture,Pittsburgh Sleep Quality Index (PSQI),other,Pittsburgh Sleep Quality Index (PSQI),Baseline (screening),baseline,mean ± SD,4.07±1.48,regex,mean_sd,4.07,1.48,,,,,,,,,,,,,30.0,False,0.0,21.0,True,Healthy volunteers (no disease condition),True,not_reported,not_reported,not_reported,not_reported
41069516,arm_BP,verum_acupuncture,H-B scale grading,symptom_severity,House–Brackmann (H-B) facial nerve grading scale,Before treatment,baseline,count,"Grade I: 0, Grade II: 4, Grade III: 22, Grade IV: 24, Grade V: 5, Grade VI: 0",unparseable,,,,,,,,,,,,,,,,55.0,False,,,True,acute Bell's palsy (BP); acute idiopathic peripheral facial paralysis,True,not_reported,not_applicable,not_reported,not_reported
41069516,arm_BP,verum_acupuncture,H-B scale grading,symptom_severity,House–Brackmann (H-B) facial nerve grading scale,After treatment (day 28),post,count,"Grade I: 27, Grade II: 23, Grade III: 3, Grade IV: 2, Grade V: 0, Grade VI: 0",unparseable,,,,,,,,,,,,,,,,55.0,False,,,True,acute Bell's palsy (BP); acute idiopathic peripheral facial paralysis,True,"significant improvement compared to before treatment, P < 0.05",not_applicable,not_reported,P < 0.05
41069516,arm_BP,verum_acupuncture,Sunnybrook facial nerve rating scale score,function,Sunnybrook facial nerve rating scale,Before treatment,baseline,mean ± SD,38.73 ± 10.35,regex,mean_sd,38.73,10.35,,,,,,,,,,,,,55.0,True,,,True,acute Bell's palsy (BP); acute idiopathic peripheral facial paralysis,True,not_reported,not_applicable,not_reported,not_reported
41069516,arm_BP,verum_acupuncture,Sunnybrook facial nerve rating scale score,function,Sunnybrook facial nerve rating scale,After treatment (day 28),post,mean ± SD,83.22 ± 13.55,regex,mean_sd,83.22,13.55,,,,,,,,,,,,,55.0,True,,,True,acute Bell's palsy (BP); acute idiopathic peripheral facial paralysis,True,increased compared to before treatment,not_applicable,not_reported,0.000
41069516,arm_BP,verum_acupuncture,FDIP (facial disability index-physical function),function,Facial Disability Index (FDI) - physical function subscale,Before treatment,baseline,mean ± SD,19.47 ± 2.31,regex,mean_sd,19.47,2.31,,,,,,,,,,,,,55.0,False,,,True,acute Bell's palsy (BP); acute idiopathic peripheral facial paralysis,True,not_reported,not_applicable,not_reported,not_reported
41069516,arm_BP,verum_acupuncture,FDIP (facial disability index-physical function),function,Facial Disability Index (FDI) - physical function subscale,After treatment (day 28),post,mean ± SD,24.29 ± 1.15,regex,mean_sd,24.29,1.15,,,,,,,,,,,,,55.0,False,,,True,acute Bell's palsy (BP); acute idiopathic peripheral facial paralysis,True,higher than before treatment,not_applicable,not_reported,0.000
41069516,arm_BP,verum_acupuncture,FDIS (facial disability index-social/wellbeing function),quality_of_life,Facial Disability Index (FDI) - social/wellbeing function subscale,Before treatment,baseline,mean ± SD,10.38 ± 1.45,regex,mean_sd,10.38,1.45,,,,,,,,,,,,,55.0,False,,,True,acute Bell's palsy (BP); acute idiopathic peripheral facial paralysis,True,not_reported,not_applicable,not_reported,not_reported
41069516,arm_BP,verum_acupuncture,FDIS (facial disability index-social/wellbeing function),quality_of_life,Facial Disability Index (FDI) - social/wellbeing function subscale,After treatment (day 28),post,mean ± SD,9.82 ± 0.43,regex,mean_sd,9.82,0.43,,,,,,,,,,,,,55.0,False,,,True,acute Bell's palsy (BP); acute idiopathic peripheral facial paralysis,True,lower than before treatment,not_applicable,not_reported,0.010
41069516,arm_BP,verum_acupuncture,Clinical efficacy based on H-B scale,responder,House–Brackmann (H-B) facial nerve grading scale,After treatment (day 28),post,count,Cured (H-B Grade I): 27; Markedly effective (H-B Grade II): 23; Effective (H-B Grade III): 3; Ineffective (H-B Grades IV–VI): 2,unparseable,,,,,,,,,,,,,,,,55.0,False,,,True,acute Bell's palsy (BP); acute idiopathic peripheral facial paralysis,True,not_reported,not_applicable,not_reported,not_reported
41310834,arm_acupuncture,verum_acupuncture,PSQI (Pittsburgh Sleep Quality Index),symptom_severity,Pittsburgh Sleep Quality Index (PSQI),Baseline (0 week),baseline,mean (SD),13.3 (2.5),regex,mean_sd,13.3,2.5,,,,,,,,,,,,,23.0,False,0.0,21.0,True,Chronic insomnia disorder (CID),False,not_reported,0.9 (−0.6 to 2.5),not_reported,group effect p = 0.013
41310834,arm_acupuncture,verum_acupuncture,PSQI (Pittsburgh Sleep Quality Index),symptom_severity,Pittsburgh Sleep Quality Index (PSQI),4 week (post-treatment),post,mean (SD),7.3 (2.5),regex,mean_sd,7.3,2.5,,,,,,,,,,,,,23.0,False,0.0,21.0,True,Chronic insomnia disorder (CID),False,−4.3 (−5.9 to −2.8),not_reported,not_reported,interaction effect p < 0.001; time effect p < 0.001; post hoc within acupuncture group p < 0.001
41310834,arm_waitlist,waitlist,PSQI (Pittsburgh Sleep Quality Index),symptom_severity,Pittsburgh Sleep Quality Index (PSQI),Baseline (0 week),baseline,mean (SD),12.5 (2.6),regex,mean_sd,12.5,2.6,,,,,,,,,,,,,21.0,False,0.0,21.0,True,Chronic insomnia disorder (CID),False,not_reported,not_reported,not_reported,not_reported
41310834,arm_waitlist,waitlist,PSQI (Pittsburgh Sleep Quality Index),symptom_severity,Pittsburgh Sleep Quality Index (PSQI),4 week,other,mean (SD),11.8 (2.1),regex,mean_sd,11.8,2.1,,,,,,,,,,,,,21.0,False,0.0,21.0,True,Chronic insomnia disorder (CID),False,non-significant (p > 0.05),not_reported,not_reported,p > 0.05
41310834,arm_acupuncture,verum_acupuncture,ISI (Insomnia Severity Index),symptom_severity,Insomnia Severity Index (ISI),Baseline (0 week),baseline,mean (SD),17.3 (3.9),regex,mean_sd,17.3,3.9,,,,,,,,,,,,,23.0,False,0.0,28.0,True,Chronic insomnia disorder (CID),False,not_reported,2.2 (−0.2 to 4.6),not_reported,group effect p = 0.094
41310834,arm_acupuncture,verum_acupuncture,ISI (Insomnia Severity Index),symptom_severity,Insomnia Severity Index (ISI),4 week (post-treatment),post,mean (SD),9.2 (4.4),regex,mean_sd,9.2,4.4,,,,,,,,,,,,,23.0,False,0.0,28.0,True,Chronic insomnia disorder (CID),False,−5.7 (−8.1 to −3.3),not_reported,not_reported,interaction effect p < 0.001; time effect p < 0.001; post hoc within acupuncture group p < 0.001
41310834,arm_waitlist,waitlist,ISI (Insomnia Severity Index),symptom_severity,Insomnia Severity Index (ISI),Baseline (0 week),baseline,mean (SD),15.6 (3.4),regex,mean_sd,15.6,3.4,,,,,,,,,,,,,21.0,False,0.0,28.0,True,Chronic insomnia disorder (CID),False,not_reported,not_reported,not_reported,not_reported
41310834,arm_waitlist,waitlist,ISI (Insomnia Severity Index),symptom_severity,Insomnia Severity Index (ISI),4 week,other,mean (SD),15.4 (4.0),regex,mean_sd,15.4,4.0,,,,,,,,,,,,,21.0,False,0.0,28.0,True,Chronic insomnia disorder (CID),False,non-significant (p > 0.05),not_reported,not_reported,p > 0.05
41310834,arm_acupuncture,verum_acupuncture,SAS (Self-rating Anxiety Scale),mood,Self-rating Anxiety Scale (SAS),Baseline (0 week),baseline,mean (SD),50.1 (9.6),regex,mean_sd,50.1,9.6,,,,,,,,,,,,,23.0,False,20.0,80.0,True,Chronic insomnia disorder (CID),False,not_reported,5.8 (−0.3 to 11.9),not_reported,group effect p = 0.573
41310834,arm_acupuncture,verum_acupuncture,SAS (Self-rating Anxiety Scale),mood,Self-rating Anxiety Scale (SAS),4 week (post-treatment),post,mean (SD),42.5 (7.0),regex,mean_sd,42.5,7.0,,,,,,,,,,,,,23.0,False,20.0,80.0,True,Chronic insomnia disorder (CID),False,−2.6 (−8.7 to 3.5),not_reported,not_reported,interaction effect p = 0.001; time effect p = 0.009; within acupuncture group p = 0.001
41310834,arm_waitlist,waitlist,SAS (Self-rating Anxiety Scale),mood,Self-rating Anxiety Scale (SAS),Baseline (0 week),baseline,mean (SD),45.4 (9.6),regex,mean_sd,45.4,9.6,,,,,,,,,,,,,21.0,False,20.0,80.0,True,Chronic insomnia disorder (CID),False,not_reported,not_reported,not_reported,not_reported
41310834,arm_waitlist,waitlist,SAS (Self-rating Anxiety Scale),mood,Self-rating Anxiety Scale (SAS),4 week,other,mean (SD),46.2 (12.6),regex,mean_sd,46.2,12.6,,,,,,,,,,,,,21.0,False,20.0,80.0,True,Chronic insomnia disorder (CID),False,non-significant (p > 0.05),not_reported,not_reported,p > 0.05
41310834,arm_acupuncture,verum_acupuncture,SDS (Self-Rating Depression Scale),mood,Self-Rating Depression Scale (SDS),Baseline (0 week),baseline,mean (SD),51.7 (8.7),regex,mean_sd,51.7,8.7,,,,,,,,,,,,,23.0,False,20.0,80.0,True,Chronic insomnia disorder (CID),False,not_reported,4.9 (−0.8 to 10.6),not_reported,group effect p = 0.223
41310834,arm_acupuncture,verum_acupuncture,SDS (Self-Rating Depression Scale),mood,Self-Rating Depression Scale (SDS),4 week (post-treatment),post,mean (SD),49.0 (7.4),regex,mean_sd,49.0,7.4,,,,,,,,,,,,,23.0,False,20.0,80.0,True,Chronic insomnia disorder (CID),False,1.6 (−4.2 to 7.3) [non-significant],not_reported,not_reported,interaction effect p = 0.171; time effect p = 0.377
41310834,arm_waitlist,waitlist,SDS (Self-Rating Depression Scale),mood,Self-Rating Depression Scale (SDS),Baseline (0 week),baseline,mean (SD),48.0 (10.2),regex,mean_sd,48.0,10.2,,,,,,,,,,,,,21.0,False,20.0,80.0,True,Chronic insomnia disorder (CID),False,not_reported,not_reported,not_reported,not_reported
41310834,arm_waitlist,waitlist,SDS (Self-Rating Depression Scale),mood,Self-Rating Depression Scale (SDS),4 week,other,mean (SD),48.6 (10.9),regex,mean_sd,48.6,10.9,,,,,,,,,,,,,21.0,False,20.0,80.0,True,Chronic insomnia disorder (CID),False,not_reported,not_reported,not_reported,not_reported
41310834,arm_acupuncture,verum_acupuncture,TNF-α (Tumor Necrosis Factor-alpha),physiological,serum TNF-α (pg/mL); Rayto RT-6100 diagnostic instrument and enzyme-linked immunosorbent assay kits,Baseline (0 week),baseline,mean (SD),11.0 (1.8),regex,mean_sd,11.0,1.8,,,,,,,,,,,,,23.0,,,,False,Chronic insomnia disorder (CID),False,−1.3 (−2.5 to −0.2),NA (collected only in acupuncture group),not_reported,p = 0.026
41310834,arm_acupuncture,verum_acupuncture,TNF-α (Tumor Necrosis Factor-alpha),physiological,serum TNF-α (pg/mL); Rayto RT-6100 diagnostic instrument and enzyme-linked immunosorbent assay kits,4 week (post-treatment),post,mean (SD),7.4 (2.5),regex,mean_sd,7.4,2.5,,,,,,,,,,,,,23.0,,,,False,Chronic insomnia disorder (CID),False,−1.3 (−2.5 to −0.2),,not_reported,p = 0.026
41310834,arm_acupuncture,verum_acupuncture,IL-6 (Interleukin-6),physiological,serum IL-6 (pg/mL); Rayto RT-6100 diagnostic instrument and enzyme-linked immunosorbent assay kits,Baseline (0 week),baseline,mean (SD),20.1 (1.6),regex,mean_sd,20.1,1.6,,,,,,,,,,,,,23.0,,,,False,Chronic insomnia disorder (CID),False,−1.0 (−1.6 to −0.4),NA (collected only in acupuncture group),not_reported,p = 0.001
41310834,arm_acupuncture,verum_acupuncture,IL-6 (Interleukin-6),physiological,serum IL-6 (pg/mL); Rayto RT-6100 diagnostic instrument and enzyme-linked immunosorbent assay kits,4 week (post-treatment),post,mean (SD),8.4 (0.9),regex,mean_sd,8.4,0.9,,,,,,,,,,,,,23.0,,,,False,Chronic insomnia disorder (CID),False,−1.0 (−1.6 to −0.4),,not_reported,p = 0.001
41310834,arm_acupuncture,verum_acupuncture,IL-1β (Interleukin-1 beta),physiological,serum IL-1β (pg/mL); Rayto RT-6100 diagnostic instrument and enzyme-linked immunosorbent assay kits,Baseline (0 week),baseline,mean (SD),20.1 (1.6),regex,mean_sd,20.1,1.6,,,,,,,,,,,,,23.0,,,,False,Chronic insomnia disorder (CID),False,−4.6 (−5.4 to −3.8),NA (collected only in acupuncture group),not_reported,p < 0.001
41310834,arm_acupuncture,verum_acupuncture,IL-1β (Interleukin-1 beta),physiological,serum IL-1β (pg/mL); Rayto RT-6100 diagnostic instrument and enzyme-linked immunosorbent assay kits,4 week (post-treatment),post,mean (SD),15.5 (1.3),regex,mean_sd,15.5,1.3,,,,,,,,,,,,,23.0,,,,False,Chronic insomnia disorder (CID),False,−4.6 (−5.4 to −3.8),,not_reported,p < 0.001
41310834,arm_acupuncture,verum_acupuncture,CRP (C-reactive protein),physiological,serum CRP; Rayto RT-6100 diagnostic instrument and enzyme-linked immunosorbent assay kits,Baseline (0 week),baseline,mean (SD),2.0 (0.3),regex,mean_sd,2.0,0.3,,,,,,,,,,,,,23.0,,,,False,Chronic insomnia disorder (CID),False,−0.1 (−0.3 to 0.0) [non-significant],NA (collected only in acupuncture group),not_reported,p = 0.128
41310834,arm_acupuncture,verum_acupuncture,CRP (C-reactive protein),physiological,serum CRP; Rayto RT-6100 diagnostic instrument and enzyme-linked immunosorbent assay kits,4 week (post-treatment),post,mean (SD),1.90 (0.33),regex,mean_sd,1.9,0.33,,,,,,,,,,,,,23.0,,,,False,Chronic insomnia disorder (CID),False,−0.1 (−0.3 to 0.0) [non-significant],,not_reported,p = 0.128
41351443,AG,verum_acupuncture,AVLT-H total score (sum of all correct responses in the five recall tests),cognition,Auditory Verbal Learning Test-Huashan version (AVLT-H),pre-treatment (baseline),baseline,mean ± SD,26.686 ± 6.623,regex,mean_sd,26.686,6.623,,,,,,,,,,,,,35.0,True,,,True,Subjective cognitive decline (SCD),False,not_reported,not_reported,not_reported,not_reported
41351443,AG,verum_acupuncture,AVLT-H total score (sum of all correct responses in the five recall tests),cognition,Auditory Verbal Learning Test-Huashan version (AVLT-H),post-treatment (after 12-week intervention),post,mean ± SD,33.943 ± 7.956,regex,mean_sd,33.943,7.956,,,,,,,,,,,,,35.0,True,,,True,Subjective cognitive decline (SCD),False,"paired t-test t = 6.353, Cohen's d = 1.074, degrees of freedom = 34, p = 0.000","significant group × time interaction: p = 0.03, η2 = 0.075, degrees of freedom = 61",Cohen's d = 1.074 (within-group); η2 = 0.075 (interaction),within-group p = 0.000; interaction p = 0.03
41351443,SG,sham_acupuncture,AVLT-H total score (sum of all correct responses in the five recall tests),cognition,Auditory Verbal Learning Test-Huashan version (AVLT-H),pre-treatment (baseline),baseline,mean ± SD,25.419 ± 9.010,regex,mean_sd,25.419,9.01,,,,,,,,,,,,,31.0,True,,,True,Subjective cognitive decline (SCD),False,not_reported,not_reported,not_reported,not_reported
41351443,SG,sham_acupuncture,AVLT-H total score (sum of all correct responses in the five recall tests),cognition,Auditory Verbal Learning Test-Huashan version (AVLT-H),post-treatment (after 12-week intervention),post,mean ± SD,28.903 ± 8.627,regex,mean_sd,28.903,8.627,,,,,,,,,,,,,31.0,True,,,True,Subjective cognitive decline (SCD),False,"paired t-test t = 2.553, Cohen's d = 0.459, degrees of freedom = 30, p = 0.016","significant group × time interaction: p = 0.03, η2 = 0.075, degrees of freedom = 61",Cohen's d = 0.459 (within-group); η2 = 0.075 (interaction),within-group p = 0.016; interaction p = 0.03
41351443,AG,verum_acupuncture,Correlation between change in FC (Middle.insula.L to PCC.L) and improvement in AVLT-H total score,cognition,Auditory Verbal Learning Test-Huashan version (AVLT-H),change from pre- to post-12-week intervention,other,other,Spearman's rho = -0.359,unparseable,,,,,,,,,,,,,,,,35.0,True,,,True,Subjective cognitive decline (SCD),False,not_reported,not_reported,not_reported,p = 0.034
41351443,SG,sham_acupuncture,Correlation between change in FC (Middle.insula.L to PCC.L) and improvement in AVLT-H total score,cognition,Auditory Verbal Learning Test-Huashan version (AVLT-H),change from pre- to post-12-week intervention,other,other,Pearson's r = -0.037,unparseable,,,,,,,,,,,,,,,,31.0,True,,,True,Subjective cognitive decline (SCD),False,not_reported,not_reported,not_reported,p = 0.844
41351443,not_applicable,,No significant correlation between changes in topological properties and improvement in AVLT performance,cognition,Auditory Verbal Learning Test-Huashan version (AVLT-H),change from pre- to post-12-week intervention,other,narrative,No significant correlation was found between the changes in topological properties and the improvement in participants' AVLT performance.,unparseable,,,,,,,,,,,,,,,,,True,,,True,Subjective cognitive decline (SCD),False,not_reported,not_reported,not_reported,not_reported
41520025,arm_EA,verum_acupuncture,widespread pain (number of body regions endorsed as painful),pain,"FM Survey Criteria Widespread Pain Index subscale (19 sites grouped into 7 regions: head, front, back, right arm, right leg, left arm, left leg)",pre-treatment,baseline,mean,pre = 5.37,unparseable,,,,,,,,,,,,,,,,19.0,False,,,True,Fibromyalgia (FM),False,not significant,not_reported,not_reported,not significant (p not specified)
41520025,arm_EA,verum_acupuncture,widespread pain (number of body regions endorsed as painful),pain,FM Survey Criteria Widespread Pain Index subscale (19 sites grouped into 7 regions),post-treatment,post,mean,post = 5.16,unparseable,,,,,,,,,,,,,,,,19.0,False,,,True,Fibromyalgia (FM),False,not significant,not_reported,not_reported,not significant (p not specified)
41520025,arm_ML,sham_acupuncture,widespread pain (number of body regions endorsed as painful),pain,FM Survey Criteria Widespread Pain Index subscale (19 sites grouped into 7 regions),pre-treatment,baseline,mean,pre = 5.00,unparseable,,,,,,,,,,,,,,,,25.0,False,,,True,Fibromyalgia (FM),False,not significant,not_reported,not_reported,not significant (p not specified)
41520025,arm_ML,sham_acupuncture,widespread pain (number of body regions endorsed as painful),pain,FM Survey Criteria Widespread Pain Index subscale (19 sites grouped into 7 regions),post-treatment,post,mean,post = 4.72,unparseable,,,,,,,,,,,,,,,,25.0,False,,,True,Fibromyalgia (FM),False,not significant,not_reported,not_reported,not significant (p not specified)
41520025,arm_EA,verum_acupuncture,Correlation between changes in PPTol and changes in widespread pain,pain,not_reported,post-treatment minus pre-treatment (change score),baseline,other,rho = -0.56,unparseable,,,,,,,,,,,,,,,,33.0,,,,False,Fibromyalgia (FM),False,not_applicable,"z = -2.0, p = 0.04 (significantly stronger in EA vs ML)",rho = -0.56,p = 0.003
41520025,arm_ML,sham_acupuncture,Correlation between changes in PPTol and changes in widespread pain,pain,not_reported,post-treatment minus pre-treatment (change score),baseline,other,rho = -0.01,unparseable,,,,,,,,,,,,,,,,37.0,,,,False,Fibromyalgia (FM),False,not_applicable,"z = -2.0, p = 0.04 (significantly weaker in ML vs EA)",rho = -0.01,p = 0.944
41520025,arm_EA,verum_acupuncture,Correlation between changes in L S1 activation and changes in widespread pain (from scatter plot Fig. 3b),pain,not_reported,post-treatment minus pre-treatment (change score),baseline,other,EA: rho = -0.78,unparseable,,,,,,,,,,,,,,,,19.0,,,,False,Fibromyalgia (FM),False,not_applicable,not_reported (shown in Fig. 3b),rho = -0.78 (EA); rho = 0.27 (ML),not_reported from text (from Fig. 3b)
41520025,arm_EA,verum_acupuncture,Correlation between changes in R S1 activation and changes in widespread pain (from scatter plot Fig. 3b),pain,not_reported,post-treatment minus pre-treatment (change score),baseline,other,EA: rho = -0.67,unparseable,,,,,,,,,,,,,,,,19.0,,,,False,Fibromyalgia (FM),False,not_applicable,not_reported (shown in Fig. 3b),rho = -0.67 (EA); rho = 0.37 (ML),not_reported from text (from Fig. 3b)
41520025,arm_EA,verum_acupuncture,Correlation between changes in L cingulate (pMCC) activation and changes in widespread pain (from scatter plot Fig. 3b),pain,not_reported,post-treatment minus pre-treatment (change score),baseline,other,EA: rho = -0.72,unparseable,,,,,,,,,,,,,,,,19.0,,,,False,Fibromyalgia (FM),False,not_applicable,not_reported (shown in Fig. 3b),rho = -0.72 (EA); rho = 0.32 (ML),not_reported from text (from Fig. 3b)
41520025,arm_EA,verum_acupuncture,Correlation between changes in L precuneus activation and changes in widespread pain (from scatter plot Fig. 3b),pain,not_reported,post-treatment minus pre-treatment (change score),baseline,other,EA: rho = -0.85,unparseable,,,,,,,,,,,,,,,,19.0,,,,False,Fibromyalgia (FM),False,not_applicable,not_reported (shown in Fig. 3b),rho = -0.85 (EA); rho = 0.56 (ML),not_reported from text (from Fig. 3b)
41591775,arm_real_acu,verum_acupuncture,Change from baseline in monthly migraine days (MMDs) during wk 1 to 4,symptom_severity,monthly migraine days (MMDs),weeks 1 to 4,other,median [IQR],−3.0 (−5.0 to −2.0),unparseable,,,,,,,,,,,,,,,,60.0,False,,,True,Migraine without aura (MWOA),False,−3.0 (−5.0 to −2.0),"median difference −1.0 (95% CI, −2.0 to 0)",not_reported,P = .02
41591775,arm_sham_acu,sham_acupuncture,Change from baseline in monthly migraine days (MMDs) during wk 1 to 4,symptom_severity,monthly migraine days (MMDs),weeks 1 to 4,other,median [IQR],−3.0 (−4.0 to −1.0),unparseable,,,,,,,,,,,,,,,,60.0,False,,,True,Migraine without aura (MWOA),False,−3.0 (−4.0 to −1.0),"median difference −1.0 (95% CI, −2.0 to 0)",not_reported,P = .02
41591775,arm_real_acu,verum_acupuncture,≥50% Reduction in MMDs during wk 1 to 4,responder,monthly migraine days (MMDs),weeks 1 to 4,other,percentage,66.7 (SE 6.1),unparseable,,,,,,,,,,,,,,,,60.0,False,,,True,Migraine without aura (MWOA),False,not_reported,"OR: 1.80 (95% CI, 0.84 to 3.66)","OR: 1.80 (95% CI, 0.84 to 3.66)",P = .14
41591775,arm_sham_acu,sham_acupuncture,≥50% Reduction in MMDs during wk 1 to 4,responder,monthly migraine days (MMDs),weeks 1 to 4,other,percentage,53.3 (SE 6.5),unparseable,,,,,,,,,,,,,,,,60.0,False,,,True,Migraine without aura (MWOA),False,not_reported,"OR: 1.80 (95% CI, 0.84 to 3.66)","OR: 1.80 (95% CI, 0.84 to 3.66)",P = .14
41591775,arm_real_acu,verum_acupuncture,Change from baseline in MHDs during wk 1 to 4,symptom_severity,monthly headache days (MHDs),weeks 1 to 4,other,median [IQR],−4.0 (−6.0 to −2.8),unparseable,,,,,,,,,,,,,,,,60.0,False,,,True,Migraine without aura (MWOA),False,−4.0 (−6.0 to −2.8),"median difference −1.0 (95% CI, −2.0 to 0)",not_reported,P = .01
41591775,arm_sham_acu,sham_acupuncture,Change from baseline in MHDs during wk 1 to 4,symptom_severity,monthly headache days (MHDs),weeks 1 to 4,other,median [IQR],−3.0 (−4.0 to −1.0),unparseable,,,,,,,,,,,,,,,,60.0,False,,,True,Migraine without aura (MWOA),False,−3.0 (−4.0 to −1.0),"median difference −1.0 (95% CI, −2.0 to 0)",not_reported,P = .01
41591775,arm_real_acu,verum_acupuncture,Change from baseline in monthly acute medication use days during wk 1 to 4,medication_use,monthly acute medication use days,weeks 1 to 4,other,median [IQR],−3.0 (−4.0 to −2.0),unparseable,,,,,,,,,,,,,,,,60.0,False,,,True,Migraine without aura (MWOA),False,−3.0 (−4.0 to −2.0),"median difference −1.0 (95% CI, −2.0 to 0)",not_reported,P = .02
41591775,arm_sham_acu,sham_acupuncture,Change from baseline in monthly acute medication use days during wk 1 to 4,medication_use,monthly acute medication use days,weeks 1 to 4,other,median [IQR],−2.0 (−4.0 to −1.0),unparseable,,,,,,,,,,,,,,,,60.0,False,,,True,Migraine without aura (MWOA),False,−2.0 (−4.0 to −1.0),"median difference −1.0 (95% CI, −2.0 to 0)",not_reported,P = .02
41591775,arm_real_acu,verum_acupuncture,Change from baseline in VAS total score at wk 4,pain,visual analog scale (VAS); score range 0 (indicating no pain) to 10 (indicating severe pain),week 4,other,median [IQR],−2.0 (−4.0 to −1.0),unparseable,,,,,,,,,,,,,,,,60.0,False,0.0,10.0,True,Migraine without aura (MWOA),False,−2.0 (−4.0 to −1.0),"median difference −1.0 (95% CI, −1.0 to 0)",not_reported,P = .02
41591775,arm_sham_acu,sham_acupuncture,Change from baseline in VAS total score at wk 4,pain,visual analog scale (VAS); score range 0 (indicating no pain) to 10 (indicating severe pain),week 4,other,median [IQR],−1.0 (−2.1 to −1.0),unparseable,,,,,,,,,,,,,,,,60.0,False,0.0,10.0,True,Migraine without aura (MWOA),False,−1.0 (−2.1 to −1.0),"median difference −1.0 (95% CI, −1.0 to 0)",not_reported,P = .02
41591775,arm_real_acu,verum_acupuncture,Change from baseline in HIT-6 total score at wk 4,function,"6-item Headache Impact Test (HIT-6); score range 36 to 78, with higher scores indicating severe headache effect",week 4,other,mean ± SE,−8.3 (SE 0.8),unparseable,,,,,,,,,,,,,,,,60.0,False,0.0,50.0,True,Migraine without aura (MWOA),False,−8.3 (SE 0.8),"mean difference −2.9 (95% CI, −5.4 to −0.5)",not_reported,P = .02
41591775,arm_sham_acu,sham_acupuncture,Change from baseline in HIT-6 total score at wk 4,function,"6-item Headache Impact Test (HIT-6); score range 36 to 78, with higher scores indicating severe headache effect",week 4,other,mean ± SE,−5.4 (SE 0.9),unparseable,,,,,,,,,,,,,,,,60.0,False,0.0,50.0,True,Migraine without aura (MWOA),False,−5.4 (SE 0.9),"mean difference −2.9 (95% CI, −5.4 to −0.5)",not_reported,P = .02
41591775,arm_real_acu,verum_acupuncture,Change from baseline in MSQ RR score at wk 4,quality_of_life,"Migraine-Specific Quality of Life Questionnaire (MSQ) Role Function-Restrictive (RR) domain; score range 0 to 100, higher scores indicating superior quality of life",week 4,other,median [IQR],20.0 (11.4 to 27.8),unparseable,,,,,,,,,,,,,,,,60.0,False,0.0,50.0,True,Migraine without aura (MWOA),False,20.0 (11.4 to 27.8),"median difference 8.6 (95% CI, 3.7 to 14.3)",not_reported,P < .001
41591775,arm_sham_acu,sham_acupuncture,Change from baseline in MSQ RR score at wk 4,quality_of_life,"Migraine-Specific Quality of Life Questionnaire (MSQ) Role Function-Restrictive (RR) domain; score range 0 to 100, higher scores indicating superior quality of life",week 4,other,median [IQR],8.6 (2.1 to 20.7),unparseable,,,,,,,,,,,,,,,,60.0,False,0.0,50.0,True,Migraine without aura (MWOA),False,8.6 (2.1 to 20.7),"median difference 8.6 (95% CI, 3.7 to 14.3)",not_reported,P < .001
41591775,arm_real_acu,verum_acupuncture,Change from baseline in MSQ RP score at wk 4,quality_of_life,"Migraine-Specific Quality of Life Questionnaire (MSQ) Role Function-Preventive (RP) domain; score range 0 to 100, higher scores indicating superior quality of life",week 4,other,median [IQR],15.0 (5.0 to 25.0),unparseable,,,,,,,,,,,,,,,,60.0,False,0.0,50.0,True,Migraine without aura (MWOA),False,15.0 (5.0 to 25.0),"median difference 5.0 (95% CI, 0 to 10.0)",not_reported,P = .02
41591775,arm_sham_acu,sham_acupuncture,Change from baseline in MSQ RP score at wk 4,quality_of_life,"Migraine-Specific Quality of Life Questionnaire (MSQ) Role Function-Preventive (RP) domain; score range 0 to 100, higher scores indicating superior quality of life",week 4,other,median [IQR],10.0 (0 to 20.0),unparseable,,,,,,,,,,,,,,,,60.0,False,0.0,50.0,True,Migraine without aura (MWOA),False,10.0 (0 to 20.0),"median difference 5.0 (95% CI, 0 to 10.0)",not_reported,P = .02
41591775,arm_real_acu,verum_acupuncture,Change from baseline in MSQ EF score at wk 4,quality_of_life,"Migraine-Specific Quality of Life Questionnaire (MSQ) Emotional Function (EF) domain; score range 0 to 100, higher scores indicating superior quality of life",week 4,other,median [IQR],13.3 (6.7 to 20.0),unparseable,,,,,,,,,,,,,,,,60.0,False,0.0,50.0,True,Migraine without aura (MWOA),False,13.3 (6.7 to 20.0),"median difference 6.7 (95% CI, 0 to 13.3)",not_reported,P = .001
41591775,arm_sham_acu,sham_acupuncture,Change from baseline in MSQ EF score at wk 4,quality_of_life,"Migraine-Specific Quality of Life Questionnaire (MSQ) Emotional Function (EF) domain; score range 0 to 100, higher scores indicating superior quality of life",week 4,other,median [IQR],0 (0 to 15.0),unparseable,,,,,,,,,,,,,,,,60.0,False,0.0,50.0,True,Migraine without aura (MWOA),False,0 (0 to 15.0),"median difference 6.7 (95% CI, 0 to 13.3)",not_reported,P = .001
41591775,arm_real_acu,verum_acupuncture,Participant satisfaction at week 4,other,not_reported,week 4,other,count and percentage,58 (96.7%),regex,count_pct,,,,,,,,,58.0,96.7,,,,,60.0,,,,False,Migraine without aura (MWOA),False,not_reported,58 (96.7%) vs 44 (73.3%),not_reported,P = .01
41591775,arm_sham_acu,sham_acupuncture,Participant satisfaction at week 4,other,not_reported,week 4,other,count and percentage,44 (73.3%),regex,count_pct,,,,,,,,,44.0,73.3,,,,,60.0,,,,False,Migraine without aura (MWOA),False,not_reported,58 (96.7%) vs 44 (73.3%),not_reported,P = .01
41602988,arm_BP_acupuncture,verum_acupuncture,House-Brackmann (H-B) score,symptom_severity,House-Brackmann (H-B) score,pre-treatment,baseline,count,"I: 0, II: 0, III: 0, IV: 1, V: 13, VI: 6",unparseable,,,,,,,,,,,,,,,,20.0,False,,,True,Bell's palsy (acute unilateral facial paralysis caused by inflammation of the facial nerve),False,not_reported,not_reported,not_reported,p < 0.01
41602988,arm_BP_acupuncture,verum_acupuncture,House-Brackmann (H-B) score,symptom_severity,House-Brackmann (H-B) score,"post-treatment (after 4 weeks, 16 sessions)",post,count,"I: 2, II: 6, III: 3, IV: 3, V: 5, VI: 1",unparseable,,,,,,,,,,,,,,,,20.0,False,,,True,Bell's palsy (acute unilateral facial paralysis caused by inflammation of the facial nerve),False,"significant improvement; Z = -3.88, p < 0.01",not_applicable,not_reported,p < 0.01
41641330,arm_ea,verum_acupuncture,Modified neurological severity score (Mnss),function,modified neurological severity score (Mnss),24 h after reperfusion (Day 1),post,mean ± SD (inferred from figure bar graph),not_reported (depicted in Figure 4A only),unparseable,,,,,,,,,,,,,,,,8.0,False,0.0,100.0,True,"Ischemic stroke (transient focal cerebral ischemia via middle cerebral artery occlusion/reperfusion, MCAO/R model)",False,not_reported,not_reported,not_reported,not_reported
41641330,arm_model,other,Modified neurological severity score (Mnss),function,modified neurological severity score (Mnss),24 h after reperfusion (Day 1),post,mean ± SD (inferred from figure bar graph),not_reported (depicted in Figure 4A only),unparseable,,,,,,,,,,,,,,,,8.0,False,0.0,100.0,True,"Ischemic stroke (transient focal cerebral ischemia via middle cerebral artery occlusion/reperfusion, MCAO/R model)",False,not_reported,not_reported,not_reported,not_reported
41641330,arm_ea,verum_acupuncture,Modified neurological severity score (Mnss),function,modified neurological severity score (Mnss),3 days after reperfusion,post,mean ± SD (inferred from figure bar graph),not_reported (depicted in Figure 4A only),unparseable,,,,,,,,,,,,,,,,8.0,False,0.0,100.0,True,"Ischemic stroke (transient focal cerebral ischemia via middle cerebral artery occlusion/reperfusion, MCAO/R model)",False,not_reported,not_reported,not_reported,not_reported
41641330,arm_model,other,Modified neurological severity score (Mnss),function,modified neurological severity score (Mnss),3 days after reperfusion,post,mean ± SD (inferred from figure bar graph),not_reported (depicted in Figure 4A only),unparseable,,,,,,,,,,,,,,,,8.0,False,0.0,100.0,True,"Ischemic stroke (transient focal cerebral ischemia via middle cerebral artery occlusion/reperfusion, MCAO/R model)",False,not_reported,not_reported,not_reported,not_reported
41641330,arm_ea,verum_acupuncture,Modified neurological severity score (Mnss),function,modified neurological severity score (Mnss),7 days after model,post,narrative,not_reported (depicted in Figure 4A only),unparseable,,,,,,,,,,,,,,,,8.0,False,0.0,100.0,True,"Ischemic stroke (transient focal cerebral ischemia via middle cerebral artery occlusion/reperfusion, MCAO/R model)",False,not_reported,lower Mnss was found in the EA group compared with the Model group,not_reported,p < 0.01
41657421,arm_control,medication,PSQI score,symptom_severity,Pittsburgh Sleep Quality Index (PSQI),before treatment,baseline,mean ± SD,"not_reported (visible in Figure 3 approximately ~15, exact numeric value not reported in text)",unparseable,,,,,,,,,,,,,,,,50.0,False,0.0,21.0,True,insomnia (primary insomnia),False,not_reported,no significant difference between groups at baseline (p > 0.05),not_reported,p > 0.05
41657421,arm_study,verum_acupuncture,PSQI score,symptom_severity,Pittsburgh Sleep Quality Index (PSQI),before treatment,baseline,mean ± SD,"not_reported (visible in Figure 3 approximately ~15, exact numeric value not reported in text)",unparseable,,,,,,,,,,,,,,,,50.0,False,0.0,21.0,True,insomnia (primary insomnia),False,not_reported,no significant difference between groups at baseline (p > 0.05),not_reported,p > 0.05
41657421,not_applicable,,PSQI score — within-group change (both groups),symptom_severity,Pittsburgh Sleep Quality Index (PSQI),after 28 days of treatment vs before treatment,baseline,mean ± SD,not_reported,unparseable,,,,,,,,,,,,,,,,100.0,False,0.0,21.0,True,insomnia (primary insomnia),False,PSQI scores of both groups were lower than those before treatment,not_applicable,95% CI: 0.998–1.732,p < 0.001
41657421,arm_study,verum_acupuncture,PSQI score — study group vs control group after 28 days of treatment,symptom_severity,Pittsburgh Sleep Quality Index (PSQI),after 28 days of treatment,post,mean ± SD,not_reported (visible in Figure 3 approximately ~5 for study group and ~10 for control group),unparseable,,,,,,,,,,,,,,,,100.0,False,0.0,21.0,True,insomnia (primary insomnia),False,not_reported,study group had lower PSQI score after 28 days of treatment compared with control group,95% CI: 5.848–6.582,p < 0.001
41657421,arm_control,medication,HAMA score,mood,Hamilton Anxiety Scale (HAMA),before treatment,baseline,mean ± SD,"not_reported (visible in Figure 4 approximately ~12, exact numeric value not reported in text)",unparseable,,,,,,,,,,,,,,,,50.0,False,0.0,56.0,True,insomnia (primary insomnia),False,not_reported,no significant difference between groups at baseline (p > 0.05),not_reported,p > 0.05
41657421,arm_study,verum_acupuncture,HAMA score,mood,Hamilton Anxiety Scale (HAMA),before treatment,baseline,mean ± SD,"not_reported (visible in Figure 4 approximately ~12, exact numeric value not reported in text)",unparseable,,,,,,,,,,,,,,,,50.0,False,0.0,56.0,True,insomnia (primary insomnia),False,not_reported,no significant difference between groups at baseline (p > 0.05),not_reported,p > 0.05
41657421,not_applicable,,HAMA score — within-group change (both groups),mood,Hamilton Anxiety Scale (HAMA),after 28 days of treatment vs before treatment,baseline,mean ± SD,not_reported,unparseable,,,,,,,,,,,,,,,,100.0,False,0.0,56.0,True,insomnia (primary insomnia),False,HAMA scores of both groups were lower than those before treatment,not_applicable,95% CI: 0.609–1.231,p < 0.001
41657421,arm_study,verum_acupuncture,HAMA score — study group vs control group after 28 days of treatment,mood,Hamilton Anxiety Scale (HAMA),after 28 days of treatment,post,mean ± SD,not_reported (visible in Figure 4 approximately ~9 for control and ~5 for study group),unparseable,,,,,,,,,,,,,,,,100.0,False,0.0,56.0,True,insomnia (primary insomnia),False,not_reported,study group had lower HAMA score after 28 days of treatment compared with control group,95% CI: 3.019–3.641,p < 0.001
41834818,arm_tx,verum_acupuncture,FMA scores,function,Fugl-Meyer Assessment Scale (FMA),before treatment,baseline,mean ± SD,57.86±10.99,regex,mean_sd,57.86,10.99,,,,,,,,,,,,,28.0,True,0.0,100.0,True,poststroke motor dysfunction,True,not_reported,not_reported,not_reported,not_reported
41834818,arm_tx,verum_acupuncture,FMA scores,function,Fugl-Meyer Assessment Scale (FMA),3 weeks after treatment,post,mean ± SD,76.54±10.60,regex,mean_sd,76.54,10.6,,,,,,,,,,,,,28.0,True,0.0,100.0,True,poststroke motor dysfunction,True,significantly higher FMA scores postintervention compared with preintervention levels,not_reported,not_reported,P<.01
41834818,arm_tx,verum_acupuncture,MBI scores,function,Modified Barthel Index (MBI),before treatment,baseline,mean ± SD,58.04±16.74,regex,mean_sd,58.04,16.74,,,,,,,,,,,,,28.0,True,0.0,100.0,True,poststroke motor dysfunction,True,not_reported,not_reported,not_reported,not_reported
41834818,arm_tx,verum_acupuncture,MBI scores,function,Modified Barthel Index (MBI),3 weeks after treatment,post,mean ± SD,71.96±15.95,regex,mean_sd,71.96,15.95,,,,,,,,,,,,,28.0,True,0.0,100.0,True,poststroke motor dysfunction,True,significantly higher MBI scores postintervention compared with preintervention levels,not_reported,not_reported,P<.01
41834818,arm_tx,verum_acupuncture,NIHSS scores,symptom_severity,National Institute of Health Stroke Scale (NIHSS),before treatment,baseline,mean ± SD,6.36±2.08,regex,mean_sd,6.36,2.08,,,,,,,,,,,,,28.0,False,0.0,42.0,True,poststroke motor dysfunction,True,not_reported,not_reported,not_reported,not_reported
41834818,arm_tx,verum_acupuncture,NIHSS scores,symptom_severity,National Institute of Health Stroke Scale (NIHSS),3 weeks after treatment,post,mean ± SD,3.18±1.72,regex,mean_sd,3.18,1.72,,,,,,,,,,,,,28.0,False,0.0,42.0,True,poststroke motor dysfunction,True,significantly lower NIHSS scores postintervention compared with preintervention levels,not_reported,not_reported,P<.01
41999225,AG,verum_acupuncture,Treatment response rate — GABRB3 rs4906902 recessive model (AG/GG vs. AA),responder,VAS and WOMAC MCID-based responder definition,after 2-week intervention,post,percentage,AG/GG: 69.67% (23/33); AA: 38.10% (8/21),unparseable,,,,,,,,,,,,,,,,54.0,False,0.0,10.0,True,Knee Osteoarthritis (KOA) with chronic knee pain,False,not_reported,AG/GG vs. AA: 69.67% vs. 38.10%,"OR=3.74, 95% CI: 1.18–11.83 (univariate); OR=3.85, 95% CI: 1.17–12.61 (multivariate adjusted)",chi-square p=0.022 (recessive model); logistic regression p=0.025 (univariate); p=0.026 (multivariate)
41999225,SC,medication,Treatment response rate — GABRB3 rs4906902 genetic models,responder,VAS and WOMAC MCID-based responder definition,after 2-week intervention,post,count,"Dominant (AA/AG vs. GG): n=25/3, responder=19/2, p=1.000; Recessive (AG/GG vs. AA): n=15/13, responder=9/12, p=0.084; Additive (AA vs. AG vs. GG): n=13/12/3, responder=12/7/2, p=0.116",unparseable,,,,,,,,,,,,,,,,28.0,False,0.0,10.0,True,Knee Osteoarthritis (KOA) with chronic knee pain,False,not_reported,not_reported,not_reported,all p>0.05
41999225,PB,placebo,Treatment response rate — GABRB3 rs4906902 genetic models,responder,VAS and WOMAC MCID-based responder definition,after 2-week intervention,post,count,"Dominant (AA/AG vs. GG): n=27/2, responder=8/1, p=0.532; Recessive (AG/GG vs. AA): n=11/18, responder=3/6, p=1.000; Additive (AA vs. AG vs. GG): n=18/9/2, responder=6/2/1, p=0.701",unparseable,,,,,,,,,,,,,,,,29.0,False,0.0,10.0,True,Knee Osteoarthritis (KOA) with chronic knee pain,False,not_reported,not_reported,not_reported,all p>0.05
41999225,WL,waitlist,Treatment response rate — GABRB3 rs4906902 genetic models,responder,VAS and WOMAC MCID-based responder definition,after 2-week intervention,post,count,"Dominant (AA/AG vs. GG): n=21/6, responder=9/4, p=0.385; Recessive (AG/GG vs. AA): n=19/8, responder=10/3, p=0.678; Additive (AA vs. AG vs. GG): n=8/13/6, responder=3/6/4, p=0.695",unparseable,,,,,,,,,,,,,,,,27.0,False,0.0,10.0,True,Knee Osteoarthritis (KOA) with chronic knee pain,False,not_reported,not_reported,not_reported,all p>0.05
41999225,AG,verum_acupuncture,Clinical response rate to acupuncture,responder,VAS and WOMAC MCID-based responder definition,after 2-week intervention,post,percentage,57.41% (31/54),unparseable,,,,,,,,,,,,,,,,54.0,False,0.0,10.0,True,Knee Osteoarthritis (KOA) with chronic knee pain,False,not_reported,not_reported,not_reported,not_reported
41999225,AG,verum_acupuncture,VAS pain scale improvement — responders vs. non-responders,pain,VAS (Visual Analog Scale),after 2-week intervention,post,narrative,significantly greater improvement in pain scales (VAS and MPQ) in responders versus non-responders (p<0.05),unparseable,,,,,,,,,,,,,,,,54.0,False,0.0,10.0,True,Knee Osteoarthritis (KOA) with chronic knee pain,False,not_reported,significantly greater improvement in responders vs. non-responders,not_reported,p<0.05
41999225,AG,verum_acupuncture,Changes in VAS scores — AG vs. PB,pain,VAS (Visual Analog Scale),after 2-week intervention,post,narrative,significant differences found between AG and PB in terms of changes in VAS scores,unparseable,,,,,,,,,,,,,,,,,False,0.0,10.0,True,Knee Osteoarthritis (KOA) with chronic knee pain,False,not_reported,AG vs. PB: significant difference in VAS change,not_reported,significant (exact value not reported)
41999225,AG,verum_acupuncture,Changes in SF-MPQ scores — AG vs. PB,pain,Short-Form McGill Pain Questionnaire (SF-MPQ),after 2-week intervention,post,narrative,significant differences found between AG and PB in terms of changes in SF-MPQ scores,unparseable,,,,,,,,,,,,,,,,,False,0.0,45.0,True,Knee Osteoarthritis (KOA) with chronic knee pain,False,not_reported,AG vs. PB: significant difference in SF-MPQ change,not_reported,significant (exact value not reported)
41999225,AG,verum_acupuncture,Changes in WOMAC scores — AG vs. PB,function,WOMAC (Western Ontario and McMaster Universities Osteoarthritis Index),after 2-week intervention,post,narrative,no significant difference between AG and PB in WOMAC scores,unparseable,,,,,,,,,,,,,,,,,False,0.0,96.0,True,Knee Osteoarthritis (KOA) with chronic knee pain,False,not_reported,no significant difference,not_reported,not significant (exact value not reported)
41999225,AG,verum_acupuncture,Changes in SF-MPQ scores — AG vs. WL,pain,Short-Form McGill Pain Questionnaire (SF-MPQ),after 2-week intervention,post,narrative,significant difference observed only in the SF-MPQ changes between AG and WL,unparseable,,,,,,,,,,,,,,,,,False,0.0,45.0,True,Knee Osteoarthritis (KOA) with chronic knee pain,False,not_reported,AG vs. WL: significant difference in SF-MPQ change,not_reported,significant (exact value not reported)
41999225,AG,verum_acupuncture,"Changes in VAS, WOMAC, SF-12 scores — AG vs. WL",other,VAS; WOMAC; SF-12,after 2-week intervention,post,narrative,"no differences between AG and WL in VAS, WOMAC, or SF-12 scores",unparseable,,,,,,,,,,,,,,,,,False,0.0,10.0,True,Knee Osteoarthritis (KOA) with chronic knee pain,False,not_reported,no significant differences,not_reported,not significant (exact values not reported)
41999225,AG,verum_acupuncture,Clinical outcomes — AG vs. SC (celecoxib),pain,VAS; WOMAC; SF-MPQ; SF-12,after 2-week intervention,post,narrative,no significant differences were detected between AG and SC,unparseable,,,,,,,,,,,,,,,,,False,0.0,10.0,True,Knee Osteoarthritis (KOA) with chronic knee pain,False,not_reported,no significant differences,not_reported,not significant (exact values not reported)
41999225,AG,verum_acupuncture,"No statistical significance in VA vs. SA for any outcome measures (VAS, SF-MPQ, WOMAC, and SF-12); no significant difference in treatment response rates between the two acupuncture groups",other,VAS; SF-MPQ; WOMAC; SF-12,after 2-week intervention,post,narrative,no statistical significance observed in the VA and SA groups for any outcome measures; no significant difference in treatment response rates,unparseable,,,,,,,,,,,,,,,,,False,0.0,10.0,True,Knee Osteoarthritis (KOA) with chronic knee pain,False,not_reported,no significant difference between VA and SA,not_reported,not significant (exact values not reported; in Table S3)
41999225,AG,verum_acupuncture,"No significant associations for OPRM1 rs1799971, COMT rs4680, or BDNF rs6265 in any genetic model across all intervention groups",responder,VAS and WOMAC MCID-based responder definition,after 2-week intervention,post,narrative,"all p>0.05 for OPRM1 rs1799971, COMT rs4680, BDNF rs6265 across AG, SC, PB, WL groups",unparseable,,,,,,,,,,,,,,,,,False,0.0,10.0,True,Knee Osteoarthritis (KOA) with chronic knee pain,False,not_reported,not_reported,not_reported,all p>0.05
42077350,arm_mdd,verum_acupuncture,HAMD-17 score,symptom_severity,17-item Hamilton Depression Rating Scale (HAMD-17),Baseline (pre-intervention),baseline,mean ± SD,23.2 (4.0),regex,mean_sd,23.2,4.0,,,,,,,,,,,,,20.0,False,0.0,52.0,True,Major depressive disorder (MDD),True,not_reported,not_reported,not_reported,0.000
42077350,arm_hc,healthy_control,HAMD-17 score,symptom_severity,17-item Hamilton Depression Rating Scale (HAMD-17),Baseline (single scan),baseline,mean ± SD,1.9 (1.5),regex,mean_sd,1.9,1.5,,,,,,,,,,,,,20.0,False,0.0,52.0,True,Major depressive disorder (MDD),True,not_reported,not_reported,not_reported,0.000
42131703,VA,verum_acupuncture,Visual Analog Scale (VAS) score,pain,Visual Analog Scale (VAS),baseline (pre-treatment),baseline,mean ± SD,5.74 ± 1.02,regex,mean_sd,5.74,1.02,,,,,,,,,,,,,49.0,False,0.0,10.0,True,mechanical neck pain,False,not_reported,not_reported,not_reported,0.459
42131703,SA,sham_acupuncture,Visual Analog Scale (VAS) score,pain,Visual Analog Scale (VAS),baseline (pre-treatment),baseline,mean ± SD,5.47 ± 0.93,regex,mean_sd,5.47,0.93,,,,,,,,,,,,,49.0,False,0.0,10.0,True,mechanical neck pain,False,not_reported,not_reported,not_reported,0.459
42131703,VA,verum_acupuncture,Visual Analog Scale (VAS) score,pain,Visual Analog Scale (VAS),post-treatment (after 2 weeks),post,mean ± SD,2.74 ± 1.25,regex,mean_sd,2.74,1.25,,,,,,,,,,,,,49.0,False,0.0,10.0,True,mechanical neck pain,False,Δ = 3.00 ± 1.52,"VA vs. SA: Z = −6.877, p < 0.001",not_reported,within-group: p < 0.001; between-group: p < 0.001
42131703,SA,sham_acupuncture,Visual Analog Scale (VAS) score,pain,Visual Analog Scale (VAS),post-treatment (after 2 weeks),post,mean ± SD,4.31 ± 1.13,regex,mean_sd,4.31,1.13,,,,,,,,,,,,,49.0,False,0.0,10.0,True,mechanical neck pain,False,Δ = 1.16 ± 1.31,"VA vs. SA: Z = −6.877, p < 0.001",not_reported,within-group: p < 0.001; between-group: p < 0.001
