pmid,arm_id,arm_label,arm_type,outcome_measure,outcome_domain,scale_name,timepoint,reporting_format,value,n_analyzed,within_group_change,between_group_difference,effect_size_reported,statistical_test,p_value,analysis_population,disease_condition
12098499,arm_FD,Functional diarrhea,verum_acupuncture,times of defecation throughout the second week,symptom_severity,Defecation frequency (times per week),Baseline (pre-acupuncture),mean ± SD,16.17 ± 5.28,18.0,not_reported,"significantly more frequent defecations vs HC, P = 0.000",not_reported,two independent-sample t-tests or Mann-Whitney U test,0.000,not_reported,Functional diarrhea (FD)
12098499,arm_FD,Functional diarrhea,verum_acupuncture,times of defecation throughout the second week,symptom_severity,Defecation frequency (times per week),Post-acupuncture (end of week 2),mean ± SD,9.78 ± 3.75,18.0,decreased from 16.17 ± 5.28 to 9.78 ± 3.75,not_reported,not_reported,paired sample t-test or Wilcoxon signed rank test,0.000,not_reported,Functional diarrhea (FD)
12098499,arm_HC,Healthy controls,healthy_control,times of defecation throughout the second week,symptom_severity,Defecation frequency (times per week),Baseline (pre-acupuncture),mean ± SD,6.92 ± 0.81,18.0,not_reported,"significantly less frequent defecations vs FD, P = 0.000",not_reported,two independent-sample t-tests or Mann-Whitney U test,0.000,not_reported,Functional diarrhea (FD)
12098499,arm_HC,Healthy controls,healthy_control,times of defecation throughout the second week,symptom_severity,Defecation frequency (times per week),Post-acupuncture (end of week 2),mean ± SD,7.16 ± 0.99,18.0,not significant,not_reported,not_reported,paired sample t-test or Wilcoxon signed rank test,0.144,not_reported,Functional diarrhea (FD)
12098499,arm_FD,Functional diarrhea,verum_acupuncture,score of the Bristol Stool Form Scale (BSFS) throughout the second week,symptom_severity,Bristol Stool Form Scale (BSFS),Baseline (pre-acupuncture),mean ± SD,5.58 ± 0.63,18.0,not_reported,"significantly higher BSFS score vs HC, P = 0.000",not_reported,two independent-sample t-tests or Mann-Whitney U test,0.000,not_reported,Functional diarrhea (FD)
12098499,arm_FD,Functional diarrhea,verum_acupuncture,score of the Bristol Stool Form Scale (BSFS) throughout the second week,symptom_severity,Bristol Stool Form Scale (BSFS),Post-acupuncture (end of week 2),mean ± SD,4.75 ± 0.52,18.0,decreased from 5.58 ± 0.63 to 4.75 ± 0.52,not_reported,not_reported,paired sample t-test or Wilcoxon signed rank test,0.001,not_reported,Functional diarrhea (FD)
12098499,arm_HC,Healthy controls,healthy_control,score of the Bristol Stool Form Scale (BSFS) throughout the second week,symptom_severity,Bristol Stool Form Scale (BSFS),Baseline (pre-acupuncture),mean ± SD,4.03 ± 0.21,18.0,not_reported,"significantly lower BSFS score vs FD, P = 0.000",not_reported,two independent-sample t-tests or Mann-Whitney U test,0.000,not_reported,Functional diarrhea (FD)
12098499,arm_HC,Healthy controls,healthy_control,score of the Bristol Stool Form Scale (BSFS) throughout the second week,symptom_severity,Bristol Stool Form Scale (BSFS),Post-acupuncture (end of week 2),mean ± SD,4.00 ± 0.19,18.0,not significant,not_reported,not_reported,paired sample t-test or Wilcoxon signed rank test,0.858,not_reported,Functional diarrhea (FD)
12098499,arm_FD,Functional diarrhea,verum_acupuncture,physical component summary (PCS) score of the MOS 36-item Short Health Survey (SF-36),quality_of_life,MOS 36-item Short Health Survey (SF-36) - PCS,Baseline (pre-acupuncture),mean ± SD,51.41 ± 6.84,18.0,not_reported,"significantly lower PCS score vs HC, P = 0.000",not_reported,two independent-sample t-tests or Mann-Whitney U test,0.000,not_reported,Functional diarrhea (FD)
12098499,arm_FD,Functional diarrhea,verum_acupuncture,physical component summary (PCS) score of the MOS 36-item Short Health Survey (SF-36),quality_of_life,MOS 36-item Short Health Survey (SF-36) - PCS,Post-acupuncture (end of week 2),mean ± SD,53.37 ± 4.94,18.0,not significant,not_reported,not_reported,paired sample t-test or Wilcoxon signed rank test,0.085,not_reported,Functional diarrhea (FD)
12098499,arm_HC,Healthy controls,healthy_control,physical component summary (PCS) score of the MOS 36-item Short Health Survey (SF-36),quality_of_life,MOS 36-item Short Health Survey (SF-36) - PCS,Baseline (pre-acupuncture),mean ± SD,57.90 ± 1.45,18.0,not_reported,"significantly higher PCS score vs FD, P = 0.000",not_reported,two independent-sample t-tests or Mann-Whitney U test,0.000,not_reported,Functional diarrhea (FD)
12098499,arm_HC,Healthy controls,healthy_control,physical component summary (PCS) score of the MOS 36-item Short Health Survey (SF-36),quality_of_life,MOS 36-item Short Health Survey (SF-36) - PCS,Post-acupuncture (end of week 2),mean ± SD,57.91 ± 1.62,18.0,not significant,not_reported,not_reported,paired sample t-test or Wilcoxon signed rank test,0.808,not_reported,Functional diarrhea (FD)
12098499,arm_FD,Functional diarrhea,verum_acupuncture,mental component summary (MCS) score of the MOS 36-item Short Health Survey (SF-36),quality_of_life,MOS 36-item Short Health Survey (SF-36) - MCS,Baseline (pre-acupuncture),mean ± SD,45.7 ± 10.78,18.0,not_reported,"significantly lower MCS score vs HC, P = 0.006",not_reported,two independent-sample t-tests or Mann-Whitney U test,0.006,not_reported,Functional diarrhea (FD)
12098499,arm_FD,Functional diarrhea,verum_acupuncture,mental component summary (MCS) score of the MOS 36-item Short Health Survey (SF-36),quality_of_life,MOS 36-item Short Health Survey (SF-36) - MCS,Post-acupuncture (end of week 2),mean ± SD,45.01 ± 7.75,18.0,not significant,not_reported,not_reported,paired sample t-test or Wilcoxon signed rank test,0.711,not_reported,Functional diarrhea (FD)
12098499,arm_HC,Healthy controls,healthy_control,mental component summary (MCS) score of the MOS 36-item Short Health Survey (SF-36),quality_of_life,MOS 36-item Short Health Survey (SF-36) - MCS,Baseline (pre-acupuncture),mean ± SD,54.47 ± 4.54,18.0,not_reported,"significantly higher MCS score vs FD, P = 0.006",not_reported,two independent-sample t-tests or Mann-Whitney U test,0.006,not_reported,Functional diarrhea (FD)
12098499,arm_HC,Healthy controls,healthy_control,mental component summary (MCS) score of the MOS 36-item Short Health Survey (SF-36),quality_of_life,MOS 36-item Short Health Survey (SF-36) - MCS,Post-acupuncture (end of week 2),mean ± SD,55.07 ± 3.99,18.0,not significant,not_reported,not_reported,paired sample t-test or Wilcoxon signed rank test,0.751,not_reported,Functional diarrhea (FD)
12202090,arm_tinnitus,chronic tinnitus patients,verum_acupuncture,tinnitus disturbance inventory (TDI),symptom_severity,tinnitus disturbance inventory (TDI),pre vs post acupuncture,mean ± SD,Pre-acupuncture: 3.07 + 0.51; Post-acupuncture: 2.43 + 0.36,14.0,"Z = -2.251, P = 0.024",not_applicable,not_reported,Wilcoxon-Signed-Rank test,P = 0.024,14 chronic tinnitus patients who completed 12 sessions,chronic tinnitus
12202090,arm_tinnitus,chronic tinnitus patients,verum_acupuncture,visual analog scales (VAS),symptom_severity,visual analog scales (VAS),pre vs post acupuncture,mean ± SD,Pre-acupuncture: 5.64 + 0.59; Post-acupuncture: 4.50 + 0.50,14.0,"T = -3.040, P = 0.009",not_applicable,not_reported,paired Student's t-test,P = 0.009,14 chronic tinnitus patients who completed 12 sessions,chronic tinnitus
12202090,arm_tinnitus,chronic tinnitus patients,verum_acupuncture,tinnitus handicap inventory (THI),symptom_severity,tinnitus handicap inventory (THI),pre vs post acupuncture,mean ± SD,Pre-acupuncture: 52.00 + 7.14; Post-acupuncture: 46.71 + 7.25,14.0,"T = -1.352, P = 0.199",not_applicable,not_reported,paired Student's t-test,P = 0.199,14 chronic tinnitus patients who completed 12 sessions,chronic tinnitus
12202090,arm_tinnitus,chronic tinnitus patients,verum_acupuncture,Khalfa hyperacusis questionnaire (KHQ),symptom_severity,Khalfa hyperacusis questionnaire (KHQ),pre vs post acupuncture,mean ± SD,Pre-acupuncture: 48.43 + 6.17; Post-acupuncture: 43.36 + 5.95,14.0,"T = -1.533, P = 0.149",not_applicable,not_reported,paired Student's t-test,P = 0.149,14 chronic tinnitus patients who completed 12 sessions,chronic tinnitus
12202090,arm_tinnitus,chronic tinnitus patients,verum_acupuncture,Left ear hearing threshold,physiological,pure tone audiometry,pre vs post acupuncture,mean ± SD,Pre-acupuncture: 30.45 + 3.96 dB/SPL; Post-acupuncture: 29.89 + 3.30 dB/SPL,11.0,"T = -0.429, P = 0.677",not_applicable,not_reported,paired Student's t-test,P = 0.677,11 chronic tinnitus patients with hearing level data,chronic tinnitus
12202090,arm_tinnitus,chronic tinnitus patients,verum_acupuncture,Right ear hearing threshold,physiological,pure tone audiometry,pre vs post acupuncture,mean ± SD,Pre-acupuncture: 38.21 + 7.63 dB/SPL; Post-acupuncture: 39.25 + 6.78 dB/SPL,11.0,"T = 0.599, P = 0.562",not_applicable,not_reported,paired Student's t-test,P = 0.562,11 chronic tinnitus patients with hearing level data,chronic tinnitus
15193624,AG,acupuncture group (AG),verum_acupuncture,response rate,responder,NRS-based response rate (decrease of more than 2 points on the NRS at week 4 compared with baseline),week 4,count,23 (85.2%),27.0,not_reported,"AG vs. SG: ES=0.770, P=0.010; SG vs. WG: ES=0.883, P=0.006",ES=0.770 (AG vs. SG),Chi-square test (X2=24.903),overall P<0.001,not_reported,knee osteoarthritis (KOA)
15193624,SG,sham acupuncture group (SG),sham_acupuncture,response rate,responder,NRS-based response rate (decrease of more than 2 points on the NRS at week 4 compared with baseline),week 4,count,13 (52%),25.0,not_reported,"SG vs. WG: ES=0.883, P=0.006",ES=0.883 (SG vs. WG),Chi-square test (X2=24.903),overall P<0.001,not_reported,knee osteoarthritis (KOA)
15193624,WG,waiting list group (WG),waitlist,response rate,responder,NRS-based response rate (decrease of more than 2 points on the NRS at week 4 compared with baseline),week 4,count,3 (13.64%),22.0,not_reported,not_reported,not_reported,Chi-square test (X2=24.903),overall P<0.001,not_reported,knee osteoarthritis (KOA)
15193624,AG,acupuncture group (AG),verum_acupuncture,NRS score,pain,numerical rating scale (NRS),week 0 (baseline),median [IQR],"6.00(5.00, 7.00)",27.0,not_reported,not_reported,not_reported,not_reported,not_reported,not_reported,knee osteoarthritis (KOA)
15193624,AG,acupuncture group (AG),verum_acupuncture,NRS score,pain,numerical rating scale (NRS),week 4 (post-treatment),median [IQR],"3.00(2.00, 5.00)",27.0,"ES=0.733, P<0.001","AG vs. SG: ES=0.900, P=0.002",ES=0.733 (within group),Nonparametric tests: Wilcoxon-W (within group); Mann-Whitney-U (between group),within group P<0.001; AG vs SG P=0.002,not_reported,knee osteoarthritis (KOA)
15193624,SG,sham acupuncture group (SG),sham_acupuncture,NRS score,pain,numerical rating scale (NRS),week 0 (baseline),median [IQR],"5.00(4.50, 7.00)",25.0,not_reported,not_reported,not_reported,not_reported,not_reported,not_reported,knee osteoarthritis (KOA)
15193624,SG,sham acupuncture group (SG),sham_acupuncture,NRS score,pain,numerical rating scale (NRS),week 4 (post-treatment),median [IQR],"4.00(2.50, 5.00)",25.0,"ES=0.643, P<0.001","SG vs. WG: ES=1.064, P=0.001",ES=0.643 (within group),Nonparametric tests: Wilcoxon-W (within group); Mann-Whitney-U (between group),within group P<0.001; SG vs WG P=0.001,not_reported,knee osteoarthritis (KOA)
15193624,WG,waiting list group (WG),waitlist,NRS score,pain,numerical rating scale (NRS),week 0 (baseline),median [IQR],"5.00(4.00, 6.00)",22.0,not_reported,not_reported,not_reported,not_reported,not_reported,not_reported,knee osteoarthritis (KOA)
15193624,WG,waiting list group (WG),waitlist,NRS score,pain,numerical rating scale (NRS),week 4 (post-observation),mean ± SD,4.82(1.71),22.0,"ES=0.073, P=0.205",not_reported,ES=0.073 (within group),Nonparametric tests: Wilcoxon-W,0.205,not_reported,knee osteoarthritis (KOA)
15193624,not_applicable,,,NRS score between-group comparison,pain,numerical rating scale (NRS),week 4,p_value_only,not_reported,74.0,not_reported,"H=28.058, P<0.001; after controlling for baseline NRS, F=17.286, P<0.001",not_reported,Kruskal-Wallis (H=28.058); ANCOVA (F=17.286),P<0.001,not_reported,knee osteoarthritis (KOA)
15193624,AG,acupuncture group (AG),verum_acupuncture,WOMAC score,function,Western Ontario and McMaster Osteoarthritis Index (WOMAC),week 0 (baseline),median [IQR],"19.00(15.00, 23.00)",27.0,not_reported,not_reported,not_reported,not_reported,not_reported,not_reported,knee osteoarthritis (KOA)
15193624,AG,acupuncture group (AG),verum_acupuncture,WOMAC score,function,Western Ontario and McMaster Osteoarthritis Index (WOMAC),week 4 (post-treatment),mean ± SD,12.56(5.60),27.0,"ES=0.984, P<0.001; change score: -7.44 (9.51)","AG vs. SG: ES=-0.025, P=0.929; SG vs. WG: ES=-0.822, P=0.008",ES=0.984 (within group),Nonparametric tests: Wilcoxon-W (within group); two sample t-test (between group),within group P<0.001; AG vs SG P=0.929,not_reported,knee osteoarthritis (KOA)
15193624,SG,sham acupuncture group (SG),sham_acupuncture,WOMAC score,function,Western Ontario and McMaster Osteoarthritis Index (WOMAC),week 0 (baseline),median [IQR],"19.00(12.50, 26.50)",25.0,not_reported,not_reported,not_reported,not_reported,not_reported,not_reported,knee osteoarthritis (KOA)
15193624,SG,sham acupuncture group (SG),sham_acupuncture,WOMAC score,function,Western Ontario and McMaster Osteoarthritis Index (WOMAC),week 4 (post-treatment),median [IQR],"13.00(9.50, 20.00)",25.0,"ES=0.697, P=0.002; change score: -7.20 (10.21)","SG vs. WG: ES=-0.822, P=0.008",ES=0.697 (within group),Nonparametric tests: Wilcoxon-W (within group); two sample t-test (between group),within group P=0.002; SG vs WG P=0.008,not_reported,knee osteoarthritis (KOA)
15193624,WG,waiting list group (WG),waitlist,WOMAC score,function,Western Ontario and McMaster Osteoarthritis Index (WOMAC),week 0 (baseline),mean ± SD,16.32(6.48),22.0,not_reported,not_reported,not_reported,not_reported,not_reported,not_reported,knee osteoarthritis (KOA)
15193624,WG,waiting list group (WG),waitlist,WOMAC score,function,Western Ontario and McMaster Osteoarthritis Index (WOMAC),week 4 (post-observation),mean ± SD,15.59(6.97),22.0,"ES=0.108, P=0.501; change score: -0.73 (4.98)",not_reported,ES=0.108 (within group),paired t-test,0.501,not_reported,knee osteoarthritis (KOA)
15193624,not_applicable,,,WOMAC score between-group comparison,function,Western Ontario and McMaster Osteoarthritis Index (WOMAC),week 4,p_value_only,not_reported,74.0,not_reported,"H=10.193, P=0.006",not_reported,Kruskal-Wallis,0.006,not_reported,knee osteoarthritis (KOA)
15193624,AG,acupuncture group (AG),verum_acupuncture,STAI-S score,mood,State-Trait Anxiety Scale-State Anxiety Subscale (STAI-S),week 0 (baseline),median [IQR],"30.00(28.00, 35.00)",27.0,not_reported,not_reported,not_reported,not_reported,not_reported,not_reported,knee osteoarthritis (KOA)
15193624,AG,acupuncture group (AG),verum_acupuncture,STAI-S score,mood,State-Trait Anxiety Scale-State Anxiety Subscale (STAI-S),week 4 (post-treatment),median [IQR],"30.00(26.00, 35.00)",27.0,"ES=0.266, P=0.183; change score: -1.96 (7.46)","AG vs. SG: ES=-0.259, P=0.356",ES=0.266 (within group),Nonparametric tests: Wilcoxon-W (within group); two sample t-test (between group),0.183,not_reported,knee osteoarthritis (KOA)
15193624,SG,sham acupuncture group (SG),sham_acupuncture,STAI-S score,mood,State-Trait Anxiety Scale-State Anxiety Subscale (STAI-S),week 0 (baseline),mean ± SD,32.36(6.47),25.0,not_reported,not_reported,not_reported,not_reported,not_reported,not_reported,knee osteoarthritis (KOA)
15193624,SG,sham acupuncture group (SG),sham_acupuncture,STAI-S score,mood,State-Trait Anxiety Scale-State Anxiety Subscale (STAI-S),week 4 (post-treatment),mean ± SD,32.04(5.68),25.0,"ES=0.052, P=0.746; change score: -0.32 (4.88)","SG vs. WG: ES=-0.121, P=0.681",ES=0.052 (within group),paired t-test (within group); two sample t-test (between group),0.746,not_reported,knee osteoarthritis (KOA)
15193624,WG,waiting list group (WG),waitlist,STAI-S score,mood,State-Trait Anxiety Scale-State Anxiety Subscale (STAI-S),week 0 (baseline),mean ± SD,31.77(6.02),22.0,not_reported,not_reported,not_reported,not_reported,not_reported,not_reported,knee osteoarthritis (KOA)
15193624,WG,waiting list group (WG),waitlist,STAI-S score,mood,State-Trait Anxiety Scale-State Anxiety Subscale (STAI-S),week 4 (post-observation),mean ± SD,32.00(3.70),22.0,"ES=-0.040, P=0.797; change score: 0.23 (4.09)",not_reported,ES=-0.040 (within group),paired t-test,0.797,not_reported,knee osteoarthritis (KOA)
15193624,not_applicable,,,STAI-S score between-group comparison,mood,State-Trait Anxiety Scale-State Anxiety Subscale (STAI-S),week 4,p_value_only,not_reported,74.0,not_reported,"F=0.979, P=0.381",not_reported,One-Way ANOVA,0.381,not_reported,knee osteoarthritis (KOA)
15499576,AG,acupuncture group (AG),verum_acupuncture,VAS for leg pain,pain,visual analog scale (VAS) for leg pain,4-week minus baseline,mean ± SD,not_reported,25.0,-32.08 (16.94),"AG vs SG: Cohen d = -.901, P = .003",Cohen d = -.901,2-sample t-test,.003,not_reported,chronic sciatica (chronic neuropathic pain)
15499576,SG,sham acupuncture group (SG),sham_acupuncture,VAS for leg pain,pain,visual analog scale (VAS) for leg pain,4-week minus baseline,mean ± SD,not_reported,25.0,-14.64 (21.51),"AG vs SG: Cohen d = -.901, P = .003",Cohen d = -.901,2-sample t-test,.003,not_reported,chronic sciatica (chronic neuropathic pain)
15499576,AG,acupuncture group (AG),verum_acupuncture,ODI (oswestry disability index),function,Oswestry Disability Index (ODI),4-week minus baseline,mean ± SD,not_reported,25.0,-11.29 (12.69),"AG vs SG: Cohen d = -.678, P = .021",Cohen d = -.678,2-sample t-test,.021,not_reported,chronic sciatica (chronic neuropathic pain)
15499576,SG,sham acupuncture group (SG),sham_acupuncture,ODI (oswestry disability index),function,Oswestry Disability Index (ODI),4-week minus baseline,mean ± SD,not_reported,25.0,-2.88 (12.12),"AG vs SG: Cohen d = -.678, P = .021",Cohen d = -.678,2-sample t-test,.021,not_reported,chronic sciatica (chronic neuropathic pain)
15499576,AG,acupuncture group (AG),verum_acupuncture,VAS for back pain,pain,visual analog scale (VAS) for back pain,4-week minus baseline,mean ± SD,not_reported,25.0,-25.12 (17.89),"AG vs SG: Cohen d = -.645, P = .027",Cohen d = -.645,2-sample t-test,.027,not_reported,chronic sciatica (chronic neuropathic pain)
15499576,SG,sham acupuncture group (SG),sham_acupuncture,VAS for back pain,pain,visual analog scale (VAS) for back pain,4-week minus baseline,mean ± SD,not_reported,25.0,-11.72 (23.30),"AG vs SG: Cohen d = -.645, P = .027",Cohen d = -.645,2-sample t-test,.027,not_reported,chronic sciatica (chronic neuropathic pain)
15499576,AG,acupuncture group (AG),verum_acupuncture,SFBI for frequency,symptom_severity,Sciatica Frequency and Bothersomeness Index (SFBI) - frequency domain,4-week minus baseline,mean ± SD,not_reported,25.0,-6.92 (5.74),"AG vs SG: Cohen d = -.767, P = .009",Cohen d = -.767,2-sample t-test,.009,not_reported,chronic sciatica (chronic neuropathic pain)
15499576,SG,sham acupuncture group (SG),sham_acupuncture,SFBI for frequency,symptom_severity,Sciatica Frequency and Bothersomeness Index (SFBI) - frequency domain,4-week minus baseline,mean ± SD,not_reported,25.0,-2.40 (6.04),"AG vs SG: Cohen d = -.767, P = .009",Cohen d = -.767,2-sample t-test,.009,not_reported,chronic sciatica (chronic neuropathic pain)
15499576,AG,acupuncture group (AG),verum_acupuncture,SFBI for bothersomeness,symptom_severity,Sciatica Frequency and Bothersomeness Index (SFBI) - bothersomeness domain,4-week minus baseline,mean ± SD,not_reported,25.0,-6.52 (5.51),"AG vs SG: Cohen d = -.955, P = .001",Cohen d = -.955,2-sample t-test,.001,not_reported,chronic sciatica (chronic neuropathic pain)
15499576,SG,sham acupuncture group (SG),sham_acupuncture,SFBI for bothersomeness,symptom_severity,Sciatica Frequency and Bothersomeness Index (SFBI) - bothersomeness domain,4-week minus baseline,mean ± SD,not_reported,25.0,-1.32 (5.38),"AG vs SG: Cohen d = -.955, P = .001",Cohen d = -.955,2-sample t-test,.001,not_reported,chronic sciatica (chronic neuropathic pain)
15499576,AG,acupuncture group (AG),verum_acupuncture,VAS for leg pain (baseline),pain,visual analog scale (VAS) for leg pain,baseline,median [IQR],"50.00 (45.00, 71.50)",25.0,not_reported,P = .366,not_reported,nonparametric tests: Mann-Whitney U,.366,not_reported,chronic sciatica (chronic neuropathic pain)
15499576,SG,sham acupuncture group (SG),sham_acupuncture,VAS for leg pain (baseline),pain,visual analog scale (VAS) for leg pain,baseline,median [IQR],"50.00 (45.00, 58.00)",25.0,not_reported,P = .366,not_reported,nonparametric tests: Mann-Whitney U,.366,not_reported,chronic sciatica (chronic neuropathic pain)
15499576,AG,acupuncture group (AG),verum_acupuncture,VAS for back pain (baseline),pain,visual analog scale (VAS) for back pain,baseline,median [IQR],"52.00 (44.50, 65.00)",25.0,not_reported,P = .580,not_reported,nonparametric tests: Mann-Whitney U,.580,not_reported,chronic sciatica (chronic neuropathic pain)
15499576,SG,sham acupuncture group (SG),sham_acupuncture,VAS for back pain (baseline),pain,visual analog scale (VAS) for back pain,baseline,mean ± SD,53.84 (16.13),25.0,not_reported,P = .580,not_reported,nonparametric tests: Mann-Whitney U,.580,not_reported,chronic sciatica (chronic neuropathic pain)
15499576,AG,acupuncture group (AG),verum_acupuncture,ODI (baseline),function,Oswestry Disability Index (ODI),baseline,mean ± SD,26.67 (13.03),25.0,not_reported,P = .245,not_reported,two-sample t-test,.245,not_reported,chronic sciatica (chronic neuropathic pain)
15499576,SG,sham acupuncture group (SG),sham_acupuncture,ODI (baseline),function,Oswestry Disability Index (ODI),baseline,mean ± SD,22.48 (12.16),25.0,not_reported,P = .245,not_reported,two-sample t-test,.245,not_reported,chronic sciatica (chronic neuropathic pain)
15499576,AG,acupuncture group (AG),verum_acupuncture,SFBI for frequency (baseline),symptom_severity,Sciatica Frequency and Bothersomeness Index (SFBI) - frequency,baseline,mean ± SD,14.12 (4.79),25.0,not_reported,P = .193,not_reported,two-sample t-test,.193,not_reported,chronic sciatica (chronic neuropathic pain)
15499576,SG,sham acupuncture group (SG),sham_acupuncture,SFBI for frequency (baseline),symptom_severity,Sciatica Frequency and Bothersomeness Index (SFBI) - frequency,baseline,mean ± SD,12.44 (4.18),25.0,not_reported,P = .193,not_reported,two-sample t-test,.193,not_reported,chronic sciatica (chronic neuropathic pain)
15499576,AG,acupuncture group (AG),verum_acupuncture,SFBI for bothersomeness (baseline),symptom_severity,Sciatica Frequency and Bothersomeness Index (SFBI) - bothersomeness,baseline,mean ± SD,12.28 (4.42),25.0,not_reported,P = .291,not_reported,two-sample t-test,.291,not_reported,chronic sciatica (chronic neuropathic pain)
15499576,SG,sham acupuncture group (SG),sham_acupuncture,SFBI for bothersomeness (baseline),symptom_severity,Sciatica Frequency and Bothersomeness Index (SFBI) - bothersomeness,baseline,mean ± SD,11.00 (4.05),25.0,not_reported,P = .291,not_reported,two-sample t-test,.291,not_reported,chronic sciatica (chronic neuropathic pain)
15499576,AG,acupuncture group (AG),verum_acupuncture,SF-36 for physical (baseline),quality_of_life,36-item Short Form Health Survey (SF-36) - physical component score,baseline,mean ± SD,36.76 (10.80),25.0,not_reported,P = .304,not_reported,two-sample t-test,.304,not_reported,chronic sciatica (chronic neuropathic pain)
15499576,SG,sham acupuncture group (SG),sham_acupuncture,SF-36 for physical (baseline),quality_of_life,36-item Short Form Health Survey (SF-36) - physical component score,baseline,mean ± SD,39.96 (10.97),25.0,not_reported,P = .304,not_reported,two-sample t-test,.304,not_reported,chronic sciatica (chronic neuropathic pain)
15499576,AG,acupuncture group (AG),verum_acupuncture,SF-36 for mental (baseline),quality_of_life,36-item Short Form Health Survey (SF-36) - mental component score,baseline,mean ± SD,51.22 (12.89),25.0,not_reported,P = .718,not_reported,two-sample t-test,.718,not_reported,chronic sciatica (chronic neuropathic pain)
15499576,SG,sham acupuncture group (SG),sham_acupuncture,SF-36 for mental (baseline),quality_of_life,36-item Short Form Health Survey (SF-36) - mental component score,baseline,mean ± SD,49.98 (11.10),25.0,not_reported,P = .718,not_reported,two-sample t-test,.718,not_reported,chronic sciatica (chronic neuropathic pain)
15499576,AG,acupuncture group (AG),verum_acupuncture,correlation between actual 4-week ODI values and SVR-predicted 4-week ODI values,function,Oswestry Disability Index (ODI),4-week ODI predicted from baseline features,other,"r = .420, P = .037, RMSE = 9.298",25.0,not_reported,not_reported,not_reported,Pearson correlation between predicted and actual values,.037,AG (n = 25),chronic sciatica (chronic neuropathic pain)
15499576,SG,sham acupuncture group (SG),sham_acupuncture,correlation between actual 4-week ODI values and SVR-predicted 4-week ODI values in SG (same features as AG model),function,Oswestry Disability Index (ODI),4-week ODI,other,"r = .218, P = .300, RMSE = 13.586",25.0,not_reported,not_reported,not_reported,Pearson correlation between predicted and actual values,.300,SG (n = 25),chronic sciatica (chronic neuropathic pain)
15499576,all_arms,,,pain medication usage during 4-week observation period,medication_use,not_reported,4-week observation period,narrative,No patient reported pain medication usage during the 4-week observation period in this study,60.0,not_reported,not_reported,not_reported,not_reported,not_reported,all 60 patients,chronic sciatica (chronic neuropathic pain)
15825843,arm_EA,postgraduate students with mild depression receiving electroacupuncture at GV20,verum_acupuncture,Hamilton Rating Scale for Depression (17 item version),symptom_severity,HRSD-17,baseline (enrollment),mean ± SD,13.10± 2.22 (10–16),20.0,not_reported,not_reported,not_reported,not_reported,not_reported,20 subjects finally included,mild depression
15825843,arm_EA,postgraduate students with mild depression receiving electroacupuncture at GV20,verum_acupuncture,Visual Analogue Scale (VAS) for acupuncture sensation of soreness,sensory,VAS,after the experiment finished,mean ± SD,3.70±1.56 (1–6),20.0,not_reported,not_reported,not_reported,not_reported,not_reported,20 subjects finally included,mild depression
15825843,arm_EA,postgraduate students with mild depression receiving electroacupuncture at GV20,verum_acupuncture,Correlation between HRSD-17 scores and ReHo of right angular gyrus in Phase I,symptom_severity,HRSD-17,Phase I (baseline),other,"r = 0.447, p = 0.048",20.0,not_reported,not_reported,r = 0.447,Pearson correlation,0.048,20 subjects finally included,mild depression
15825843,arm_EA,postgraduate students with mild depression receiving electroacupuncture at GV20,verum_acupuncture,Correlation between VAS scores and ReHo of right postcentral gyri in Phase III,sensory,VAS,Phase III,other,"r = 0.456, p = 0.024",20.0,not_reported,not_reported,r = 0.456,Pearson correlation,0.024,20 subjects finally included,mild depression
15825843,arm_EA,postgraduate students with mild depression receiving electroacupuncture at GV20,verum_acupuncture,Correlation between VAS scores and ReHo of left postcentral gyri in Phase III,sensory,VAS,Phase III,other,"r = 0.590, p = 0.009",20.0,not_reported,not_reported,r = 0.590,Pearson correlation,0.009,20 subjects finally included,mild depression
15825843,arm_EA,postgraduate students with mild depression receiving electroacupuncture at GV20,verum_acupuncture,Correlation between VAS scores and ReHo of right posterior cingulate cortex in Phase III,sensory,VAS,Phase III,other,"r = −0.501, p = 0.024",20.0,not_reported,not_reported,r = −0.501,Pearson correlation,0.024,20 subjects finally included,mild depression
15825843,arm_EA,postgraduate students with mild depression receiving electroacupuncture at GV20,verum_acupuncture,Correlation between VAS scores and ReHo of right angular gyrus in Phase III,sensory,VAS,Phase III,other,"r = −0.516, p = 0.02",20.0,not_reported,not_reported,r = −0.516,Pearson correlation,0.02,20 subjects finally included,mild depression
15825843,arm_EA,postgraduate students with mild depression receiving electroacupuncture at GV20,verum_acupuncture,Correlation between VAS scores and ReHo of right precuneus in Phase III,sensory,VAS,Phase III,other,"r = −0.501, p = 0.024",20.0,not_reported,not_reported,r = −0.501,Pearson correlation,0.024,20 subjects finally included,mild depression
15825843,arm_EA,postgraduate students with mild depression receiving electroacupuncture at GV20,verum_acupuncture,Correlation between HRSD-17 scores and ReHo of right postcentral gyri in Phase III,symptom_severity,HRSD-17,Phase III,other,"r = 0.679, p = 0.001",20.0,not_reported,not_reported,r = 0.679,Pearson correlation,0.001,20 subjects finally included,mild depression
15825843,arm_EA,postgraduate students with mild depression receiving electroacupuncture at GV20,verum_acupuncture,Correlation between HRSD-17 scores and ReHo of left postcentral gyri in Phase III,symptom_severity,HRSD-17,Phase III,other,"r = 0.618, p = 0.004",20.0,not_reported,not_reported,r = 0.618,Pearson correlation,0.004,20 subjects finally included,mild depression
15876491,BC_HF,breast cancer patients experiencing hot flashes (BC-HF),verum_acupuncture,Hot Flash Composite Score (HFCS),symptom_severity,hot flash composite score (HFCS),baseline,mean ± SD,"12.9 (standard deviation, 10.7)",24.0,not_reported,not_reported,not_reported,not_reported,not_reported,BC-HF group,Breast cancer with hot flashes (vasomotor symptoms)
15876491,BC_HF,breast cancer patients experiencing hot flashes (BC-HF),verum_acupuncture,Hot Flash Composite Score (HFCS) change after acupuncture treatment,symptom_severity,hot flash composite score (HFCS),post-treatment (after 5 weeks of acupuncture),change_score,"-3.87; 95 % CI, −2.21 to −7.32",22.0,"-3.87; 95 % CI, −2.21 to −7.32; p < 0.001",not_reported,Cohen's d = 0.777,mixed-effects model,p < 0.001,BC-HF group,Breast cancer with hot flashes (vasomotor symptoms)
15876491,BC_HF,breast cancer patients experiencing hot flashes (BC-HF),verum_acupuncture,Hot Flash Composite Score (HFCS) at 4–6 months follow-up vs. baseline,symptom_severity,hot flash composite score (HFCS),4–6 months follow-up,change_score,"-4.03; 95 % CI, −9.16 to −2.92",22.0,"-4.03; 95 % CI, −9.16 to −2.92; p < 0.001",not_reported,Cohen's d = 0.536,mixed-effects model with post hoc comparison,p < 0.001,BC-HF group,Breast cancer with hot flashes (vasomotor symptoms)
15876491,BC_HF,breast cancer patients experiencing hot flashes (BC-HF),verum_acupuncture,Hot Flash Composite Score (HFCS) change from end of treatment to 4–6 months follow-up,symptom_severity,hot flash composite score (HFCS),end of treatment to 4–6 months follow-up,change_score,"-0.99; 95 % CI, −3.91, 1.38",22.0,"-0.99; 95 % CI, −3.91, 1.38; p = 0.32",not_reported,Cohen's d = 0.102,mixed-effects model,p = 0.32,BC-HF group,Breast cancer with hot flashes (vasomotor symptoms)
15876491,BC_HF,breast cancer patients experiencing hot flashes (BC-HF),verum_acupuncture,Pittsburgh Sleep Quality Index (PSQI) change after acupuncture treatment,symptom_severity,Pittsburgh Sleep Quality Index (PSQI),post-treatment (after 5 weeks of acupuncture),change_score,"-0.37; 95 % CI, −2.52–3.62",22.0,"-0.37; 95 % CI, −2.52–3.62; p = 0.71",not_reported,Cohen's d = 0.377,mixed-effects model,p = 0.71,BC-HF group,Breast cancer with hot flashes (vasomotor symptoms)
15876491,BC_HF,breast cancer patients experiencing hot flashes (BC-HF),verum_acupuncture,Pittsburgh Sleep Quality Index (PSQI) at 4–6 months follow-up vs. baseline,symptom_severity,Pittsburgh Sleep Quality Index (PSQI),4–6 months follow-up,change_score,"-0.423; 95 % CI, −3.53–2.33",22.0,"-0.423; 95 % CI, −3.53–2.33; p = 0.68",not_reported,Cohen's d = 0.083,mixed-effects model with post hoc comparison,p = 0.68,BC-HF group,Breast cancer with hot flashes (vasomotor symptoms)
15876491,BC_HF,breast cancer patients experiencing hot flashes (BC-HF),verum_acupuncture,Pittsburgh Sleep Quality Index (PSQI) change from end of treatment to 4–6 months follow-up,symptom_severity,Pittsburgh Sleep Quality Index (PSQI),end of treatment to 4–6 months follow-up,change_score,"0.986; 95 % CI, −1.727–4.827",22.0,"0.986; 95 % CI, −1.727–4.827; p = 0.34",not_reported,Cohen's d = -0.248,mixed-effects model,p = 0.34,BC-HF group,Breast cancer with hot flashes (vasomotor symptoms)
15876491,BC_HF,breast cancer patients experiencing hot flashes (BC-HF),verum_acupuncture,Functional Assessment of Cancer Therapy-Breast (FACT-B) score change after acupuncture treatment,quality_of_life,Functional Assessment of Cancer Therapy-Breast (FACT-B),post-treatment (after 5 weeks of acupuncture),change_score,"-1.72; 95 % CI, −4.51–0.42",22.0,"-1.72; 95 % CI, −4.51–0.42; p = 0.07",not_reported,Cohen's d = 0.522,mixed-effects model,p = 0.07,BC-HF group,Breast cancer with hot flashes (vasomotor symptoms)
15876491,BC_HF,breast cancer patients experiencing hot flashes (BC-HF),verum_acupuncture,Positive response to acupuncture (more than 20% reduction in HFCS after treatment),responder,hot flash composite score (HFCS),post-treatment (after 5 weeks of acupuncture),percentage,85% of the patients (N = 17),20.0,not_reported,not_reported,not_reported,not_reported,not_reported,BC-HF group,Breast cancer with hot flashes (vasomotor symptoms)
15876491,BC_HF,breast cancer patients experiencing hot flashes (BC-HF),verum_acupuncture,Interaction effect of time × menopausal status on HFCS,symptom_severity,hot flash composite score (HFCS),pre vs. post acupuncture,p_value_only,not_reported,22.0,not_reported,not_reported,not_reported,linear mixed-effects model,all for p > 0.05,BC-HF group,Breast cancer with hot flashes (vasomotor symptoms)
16046146,real,REAL,verum_acupuncture,Pre-VAS,pain,Low back pain intensity (0–10),pre_stimulation,mean ± SD,"2.79±1.63, p<0.05",28.0,not_reported,p<0.05,not_reported,not_reported,<0.05,final groups after retrospective reclassification and exclusions,non-specific low back pain (LBP)
16046146,phnt,PHNT,sham_acupuncture,Pre-VAS,pain,Low back pain intensity (0–10),pre_stimulation,mean ± SD,"3.70±1.49, p<0.05",19.0,not_reported,p<0.05,not_reported,not_reported,<0.05,final groups after retrospective reclassification and exclusions,non-specific low back pain (LBP)
16046146,real,REAL,verum_acupuncture,Post-VAS,pain,Low back pain intensity (0–10),post_stimulation,mean ± SD,"2.64±1.34, p<0.05",28.0,not_reported,p = 0.25,not_reported,not_reported,<0.05,final groups after retrospective reclassification and exclusions,non-specific low back pain (LBP)
16046146,phnt,PHNT,sham_acupuncture,Post-VAS,pain,Low back pain intensity (0–10),post_stimulation,mean ± SD,"3.31±1.70, p<0.05",19.0,not_reported,p = 0.25,not_reported,not_reported,<0.05,final groups after retrospective reclassification and exclusions,non-specific low back pain (LBP)
16046146,real,REAL,verum_acupuncture,Δ VAS,pain,Low back pain intensity (0–10),change,mean ± SD,"−0.61±1.66, p = 0.62",28.0,"−0.61±1.66, p = 0.62",p = 0.30,not_reported,not_reported,= 0.62,final groups after retrospective reclassification and exclusions,non-specific low back pain (LBP)
16046146,phnt,PHNT,sham_acupuncture,Δ VAS,pain,Low back pain intensity (0–10),change,mean ± SD,"−0.56±1.27, p<0.05",19.0,"−0.56±1.27, p<0.05",p = 0.30,not_reported,not_reported,<0.05,final groups after retrospective reclassification and exclusions,non-specific low back pain (LBP)
16407533,arm_local,verum acupuncture 'local' to the more affected hand,verum_acupuncture,BCTQ symptom severity scale,symptom_severity,Boston Carpal Tunnel Syndrome Questionnaire (BCTQ) symptom severity scale,post-acupuncture,change_score,-21.3 ± 22.0% (mean ± SD),,"-21.3 ± 22.0%, P < 0.001 (one-sample t-test)","did not differ from sham, P = 0.92",not_reported,one-sample t-test; repeated measures ANCOVA controlling for age and sex,P < 0.001 (within-group); P = 0.92 (vs sham),verum acupuncture (combined local and distal),carpal tunnel syndrome (CTS)
16407533,arm_sham,local sham electro-acupuncture using non-penetrating placebo needles,sham_acupuncture,BCTQ symptom severity scale,symptom_severity,Boston Carpal Tunnel Syndrome Questionnaire (BCTQ) symptom severity scale,post-acupuncture,change_score,-22.7 ± 22.6% (mean ± SD),,"-22.7 ± 22.6%, P = 0.001 (one-sample t-test)","did not differ from verum, P = 0.92",not_reported,one-sample t-test,P = 0.001 (within-group); P = 0.92 (vs verum),sham acupuncture,carpal tunnel syndrome (CTS)
16407533,arm_local,verum acupuncture 'local' to the more affected hand,verum_acupuncture,BCTQ symptom severity scale,symptom_severity,Boston Carpal Tunnel Syndrome Questionnaire (BCTQ) symptom severity scale,3-month follow-up,change_score,-25.1 ± 20.8% (mean ± SD),,"-25.1 ± 20.8%, P < 0.001","significant difference between verum and sham, P = 0.04",not_reported,repeated measures ANCOVA controlling for age and sex,P < 0.001 (within-group); P = 0.04 (vs sham),verum acupuncture (combined local and distal),carpal tunnel syndrome (CTS)
16407533,arm_sham,local sham electro-acupuncture using non-penetrating placebo needles,sham_acupuncture,BCTQ symptom severity scale,symptom_severity,Boston Carpal Tunnel Syndrome Questionnaire (BCTQ) symptom severity scale,3-month follow-up,change_score,-11.1 ± 24.7% (mean ± SD),,"-11.1 ± 24.7%, P = 0.08 (trending)","significant difference from verum, P = 0.04",not_reported,repeated measures ANCOVA controlling for age and sex,"P = 0.08 (within-group, trending); P = 0.04 (vs verum)",sham acupuncture,carpal tunnel syndrome (CTS)
16407533,arm_local,verum acupuncture 'local' to the more affected hand,verum_acupuncture,BCTQ symptom severity scale - local acupuncture arm,symptom_severity,Boston Carpal Tunnel Syndrome Questionnaire (BCTQ) symptom severity scale,3-month follow-up,change_score,-24.6 ± 22.2% (mean ± SD),,"-24.6 ± 22.2%, P < 0.001",local vs sham: P = 0.04,not_reported,not_reported,P < 0.001 (within-group); P = 0.04 (vs sham),local acupuncture,carpal tunnel syndrome (CTS)
16407533,arm_distal,"verum acupuncture at 'distal' body sites, contralesional to the more affected hand",verum_acupuncture,BCTQ symptom severity scale - distal acupuncture arm,symptom_severity,Boston Carpal Tunnel Syndrome Questionnaire (BCTQ) symptom severity scale,3-month follow-up,change_score,-25.6 ± 19.7% (mean ± SD),,"-25.6 ± 19.7%, P < 0.001",distal vs sham: P = 0.04,not_reported,not_reported,P < 0.001 (within-group); P = 0.04 (vs sham),distal acupuncture,carpal tunnel syndrome (CTS)
16407533,arm_local,verum acupuncture 'local' to the more affected hand,verum_acupuncture,BCTQ symptom severity scale - local acupuncture arm,symptom_severity,Boston Carpal Tunnel Syndrome Questionnaire (BCTQ) symptom severity scale,post-acupuncture,change_score,-27.0 ± 22.9% (mean ± SD),,-27.0 ± 22.9%,local vs sham: P = 0.26,not_reported,not_reported,P = 0.26 (vs sham),local acupuncture,carpal tunnel syndrome (CTS)
16407533,arm_distal,"verum acupuncture at 'distal' body sites, contralesional to the more affected hand",verum_acupuncture,BCTQ symptom severity scale - distal acupuncture arm,symptom_severity,Boston Carpal Tunnel Syndrome Questionnaire (BCTQ) symptom severity scale,post-acupuncture,change_score,-14.7 ± 19.6% (mean ± SD),,-14.7 ± 19.6%,distal vs sham: P = 0.26,not_reported,not_reported,P = 0.26 (vs sham),distal acupuncture,carpal tunnel syndrome (CTS)
16407533,arm_local,verum acupuncture 'local' to the more affected hand,verum_acupuncture,BCTQ function status score - local acupuncture arm,function,Boston Carpal Tunnel Syndrome Questionnaire (BCTQ) function status score,post-acupuncture,change_score,-26.2 ± 19.1% (mean ± SD),,-26.2 ± 19.1%,local vs sham: P = 0.23,not_reported,not_reported,P = 0.23 (vs sham),local acupuncture,carpal tunnel syndrome (CTS)
16407533,arm_distal,"verum acupuncture at 'distal' body sites, contralesional to the more affected hand",verum_acupuncture,BCTQ function status score - distal acupuncture arm,function,Boston Carpal Tunnel Syndrome Questionnaire (BCTQ) function status score,post-acupuncture,change_score,-6.8 ± 37.6% (mean ± SD),,-6.8 ± 37.6%,distal vs sham: P = 0.22,not_reported,not_reported,P = 0.22 (vs sham),distal acupuncture,carpal tunnel syndrome (CTS)
16407533,arm_sham,local sham electro-acupuncture using non-penetrating placebo needles,sham_acupuncture,BCTQ function status score - sham acupuncture arm,function,Boston Carpal Tunnel Syndrome Questionnaire (BCTQ) function status score,post-acupuncture,change_score,-18.2 ± 33.6% (mean ± SD),,-18.2 ± 33.6%,verum vs sham: P = 0.93,not_reported,not_reported,P = 0.93 (verum vs sham),sham acupuncture,carpal tunnel syndrome (CTS)
16407533,arm_local,verum acupuncture 'local' to the more affected hand,verum_acupuncture,BCTQ function status score - local acupuncture arm,function,Boston Carpal Tunnel Syndrome Questionnaire (BCTQ) function status score,3-month follow-up,change_score,-16.8 ± 32.4% (mean ± SD),,-16.8 ± 32.4%,local vs sham: P = 0.18,not_reported,not_reported,P = 0.18 (vs sham),local acupuncture,carpal tunnel syndrome (CTS)
16407533,arm_distal,"verum acupuncture at 'distal' body sites, contralesional to the more affected hand",verum_acupuncture,BCTQ function status score - distal acupuncture arm,function,Boston Carpal Tunnel Syndrome Questionnaire (BCTQ) function status score,3-month follow-up,change_score,-17.4 ± 18.1% (mean ± SD),,-17.4 ± 18.1%,distal vs sham: P = 0.25,not_reported,not_reported,P = 0.25 (vs sham),distal acupuncture,carpal tunnel syndrome (CTS)
16407533,arm_sham,local sham electro-acupuncture using non-penetrating placebo needles,sham_acupuncture,BCTQ function status score - sham acupuncture arm,function,Boston Carpal Tunnel Syndrome Questionnaire (BCTQ) function status score,3-month follow-up,change_score,-2.3 ± 33.7% (mean ± SD),,-2.3 ± 33.7%,verum vs sham: P = 0.12,not_reported,not_reported,P = 0.12 (verum vs sham),sham acupuncture,carpal tunnel syndrome (CTS)
16407533,arm_local,verum acupuncture 'local' to the more affected hand,verum_acupuncture,median sensory nerve conduction latency,physiological,nerve conduction studies (NCS) - median sensory nerve conduction latency,post-acupuncture,change_score,-0.16 ± 0.38 ms (mean ± SD),,"-0.16 ± 0.38 ms, P = 0.01 (t-test compared to nil)",verum vs sham: P = 0.02 (unpaired t-test),not_reported,repeated measures ANOVA; unpaired t-test,"P = 0.01 (within-group vs nil); P = 0.02 (vs sham); Group x Time interaction F(1,61) = 6.25, P = 0.02",verum acupuncture (combined local and distal),carpal tunnel syndrome (CTS)
16407533,arm_sham,local sham electro-acupuncture using non-penetrating placebo needles,sham_acupuncture,median sensory nerve conduction latency,physiological,nerve conduction studies (NCS) - median sensory nerve conduction latency,post-acupuncture,change_score,0.12 ± 0.51 ms (mean ± SD),,"0.12 ± 0.51 ms, P = 0.28 (not significant)",sham vs verum: P = 0.02,not_reported,t-test compared to nil,"P = 0.28 (within-group, not significant)",sham acupuncture,carpal tunnel syndrome (CTS)
16407533,arm_local,verum acupuncture 'local' to the more affected hand,verum_acupuncture,median sensory nerve conduction latency - local acupuncture arm,physiological,nerve conduction studies (NCS) - median sensory nerve conduction latency,post-acupuncture,change_score,-0.16 ± 0.42 ms (mean ± SD),,"-0.16 ± 0.42 ms, P = 0.048 (single tailed t-test)",local vs sham: P = 0.03 (single-tailed unpaired t-test),not_reported,single tailed t-test; single-tailed unpaired t-test,P = 0.048 (within-group); P = 0.03 (vs sham),local acupuncture,carpal tunnel syndrome (CTS)
16407533,arm_distal,"verum acupuncture at 'distal' body sites, contralesional to the more affected hand",verum_acupuncture,median sensory nerve conduction latency - distal acupuncture arm,physiological,nerve conduction studies (NCS) - median sensory nerve conduction latency,post-acupuncture,change_score,-0.17 ± 0.35 ms (mean ± SD),,"-0.17 ± 0.35 ms, P = 0.02 (single tailed t-test)",distal vs sham: P = 0.02 (single-tailed unpaired t-test),not_reported,single tailed t-test; single-tailed unpaired t-test,P = 0.02 (within-group); P = 0.02 (vs sham),distal acupuncture,carpal tunnel syndrome (CTS)
16407533,arm_local,verum acupuncture 'local' to the more affected hand,verum_acupuncture,Correlation: reduced median sensory nerve latency with % change in BCTQ symptom score post-therapy,physiological,nerve conduction studies (NCS) - median sensory nerve conduction latency; BCTQ symptom severity scale,post-acupuncture,other,r = 0.26,,not_reported,not_reported,not_reported,Pearson correlation,P = 0.09 (trending),verum acupuncture,carpal tunnel syndrome (CTS)
16407533,arm_local,verum acupuncture 'local' to the more affected hand,verum_acupuncture,Correlation: reduced median sensory nerve latency with BCTQ symptom score at 3-month follow-up,physiological,nerve conduction studies (NCS) - median sensory nerve conduction latency; BCTQ symptom severity scale,3-month follow-up (outcome); latency change measured post-acupuncture,other,r = 0.37,,not_reported,not_reported,not_reported,Pearson correlation,P = 0.03,verum acupuncture,carpal tunnel syndrome (CTS)
9482939,arm_visual,Visual light stimulation,active_control,Average change of the correlated signal intensity during visual stimulation,physiological,BOLD signal intensity change (%),during stimulation,mean ± SD,9.9 ± 1.7: +(Yin) (n = 4); 8.0 ± 2.1: -(Yang) (n = 8),12.0,not_reported,not_reported,not_reported,not_reported,not_reported,not_reported,Healthy volunteers; no disease condition
9482939,arm_acupoint,Acupuncture stimulation (vision-related acupoints VA1–VA8),verum_acupuncture,Average change of the correlated signal intensity during acupuncture stimulation at VA1,physiological,BOLD signal intensity change (%),during stimulation,mean ± SD,9.2 ± 3.7: +(Yin) (n = 4); -7.6 ± 1.6: -(Yang) (n = 8),12.0,not_reported,not_reported,not_reported,not_reported,not_reported,not_reported,Healthy volunteers; no disease condition
9482939,arm_visual,Visual light stimulation,active_control,"Signal change by visual stimulation – Volunteer #1 (female, 21)",physiological,BOLD signal intensity change (%),during stimulation,other,8.6,1.0,not_reported,not_reported,not_reported,not_reported,not_reported,not_reported,Healthy volunteers; no disease condition
9482939,arm_acupoint,Acupuncture stimulation (vision-related acupoints VA1–VA8),verum_acupuncture,"Signal change by acupuncture stimulation – Volunteer #1 (female, 21)",physiological,BOLD signal intensity change (%),during stimulation,other,-9.4,1.0,not_reported,not_reported,not_reported,not_reported,not_reported,not_reported,Healthy volunteers; no disease condition
9482939,arm_visual,Visual light stimulation,active_control,"Signal change by visual stimulation – Volunteer #2 (male, 30)",physiological,BOLD signal intensity change (%),during stimulation,other,12.3,1.0,not_reported,not_reported,not_reported,not_reported,not_reported,not_reported,Healthy volunteers; no disease condition
9482939,arm_acupoint,Acupuncture stimulation (vision-related acupoints VA1–VA8),verum_acupuncture,"Signal change by acupuncture stimulation – Volunteer #2 (male, 30)",physiological,BOLD signal intensity change (%),during stimulation,other,+14.5,1.0,not_reported,not_reported,not_reported,not_reported,not_reported,not_reported,Healthy volunteers; no disease condition
9482939,arm_visual,Visual light stimulation,active_control,"Signal change by visual stimulation – Volunteer #3 (male, 29)",physiological,BOLD signal intensity change (%),during stimulation,other,9.8,1.0,not_reported,not_reported,not_reported,not_reported,not_reported,not_reported,Healthy volunteers; no disease condition
9482939,arm_acupoint,Acupuncture stimulation (vision-related acupoints VA1–VA8),verum_acupuncture,"Signal change by acupuncture stimulation – Volunteer #3 (male, 29)",physiological,BOLD signal intensity change (%),during stimulation,other,-8.8,1.0,not_reported,not_reported,not_reported,not_reported,not_reported,not_reported,Healthy volunteers; no disease condition
9482939,arm_visual,Visual light stimulation,active_control,"Signal change by visual stimulation – Volunteer #4 (male, 25)",physiological,BOLD signal intensity change (%),during stimulation,other,9.8,1.0,not_reported,not_reported,not_reported,not_reported,not_reported,not_reported,Healthy volunteers; no disease condition
9482939,arm_acupoint,Acupuncture stimulation (vision-related acupoints VA1–VA8),verum_acupuncture,"Signal change by acupuncture stimulation – Volunteer #4 (male, 25)",physiological,BOLD signal intensity change (%),during stimulation,other,+6.0,1.0,not_reported,not_reported,not_reported,not_reported,not_reported,not_reported,Healthy volunteers; no disease condition
9482939,arm_visual,Visual light stimulation,active_control,"Signal change by visual stimulation – Volunteer #5 (female, 27)",physiological,BOLD signal intensity change (%),during stimulation,other,6.5,1.0,not_reported,not_reported,not_reported,not_reported,not_reported,not_reported,Healthy volunteers; no disease condition
9482939,arm_acupoint,Acupuncture stimulation (vision-related acupoints VA1–VA8),verum_acupuncture,"Signal change by acupuncture stimulation – Volunteer #5 (female, 27)",physiological,BOLD signal intensity change (%),during stimulation,other,-4.7,1.0,not_reported,not_reported,not_reported,not_reported,not_reported,not_reported,Healthy volunteers; no disease condition
9482939,arm_visual,Visual light stimulation,active_control,"Signal change by visual stimulation – Volunteer #6 (male, 26)",physiological,BOLD signal intensity change (%),during stimulation,other,8.5,1.0,not_reported,not_reported,not_reported,not_reported,not_reported,not_reported,Healthy volunteers; no disease condition
9482939,arm_acupoint,Acupuncture stimulation (vision-related acupoints VA1–VA8),verum_acupuncture,"Signal change by acupuncture stimulation – Volunteer #6 (male, 26)",physiological,BOLD signal intensity change (%),during stimulation,other,+8.2,1.0,not_reported,not_reported,not_reported,not_reported,not_reported,not_reported,Healthy volunteers; no disease condition
9482939,arm_visual,Visual light stimulation,active_control,"Signal change by visual stimulation – Volunteer #7 (male, 23)",physiological,BOLD signal intensity change (%),during stimulation,other,4.7,1.0,not_reported,not_reported,not_reported,not_reported,not_reported,not_reported,Healthy volunteers; no disease condition
9482939,arm_acupoint,Acupuncture stimulation (vision-related acupoints VA1–VA8),verum_acupuncture,"Signal change by acupuncture stimulation – Volunteer #7 (male, 23)",physiological,BOLD signal intensity change (%),during stimulation,other,-7.1,1.0,not_reported,not_reported,not_reported,not_reported,not_reported,not_reported,Healthy volunteers; no disease condition
9482939,arm_visual,Visual light stimulation,active_control,"Signal change by visual stimulation – Volunteer #8 (female, 24)",physiological,BOLD signal intensity change (%),during stimulation,other,8.2,1.0,not_reported,not_reported,not_reported,not_reported,not_reported,not_reported,Healthy volunteers; no disease condition
9482939,arm_acupoint,Acupuncture stimulation (vision-related acupoints VA1–VA8),verum_acupuncture,"Signal change by acupuncture stimulation – Volunteer #8 (female, 24)",physiological,BOLD signal intensity change (%),during stimulation,other,-7.3,1.0,not_reported,not_reported,not_reported,not_reported,not_reported,not_reported,Healthy volunteers; no disease condition
9482939,arm_visual,Visual light stimulation,active_control,"Signal change by visual stimulation – Volunteer #9 (male, 26)",physiological,BOLD signal intensity change (%),during stimulation,other,11.7,1.0,not_reported,not_reported,not_reported,not_reported,not_reported,not_reported,Healthy volunteers; no disease condition
9482939,arm_acupoint,Acupuncture stimulation (vision-related acupoints VA1–VA8),verum_acupuncture,"Signal change by acupuncture stimulation – Volunteer #9 (male, 26)",physiological,BOLD signal intensity change (%),during stimulation,other,-9.5,1.0,not_reported,not_reported,not_reported,not_reported,not_reported,not_reported,Healthy volunteers; no disease condition
9482939,arm_visual,Visual light stimulation,active_control,"Signal change by visual stimulation – Volunteer #10 (male, 26)",physiological,BOLD signal intensity change (%),during stimulation,other,6.8,1.0,not_reported,not_reported,not_reported,not_reported,not_reported,not_reported,Healthy volunteers; no disease condition
9482939,arm_acupoint,Acupuncture stimulation (vision-related acupoints VA1–VA8),verum_acupuncture,"Signal change by acupuncture stimulation – Volunteer #10 (male, 26)",physiological,BOLD signal intensity change (%),during stimulation,other,-6.9,1.0,not_reported,not_reported,not_reported,not_reported,not_reported,not_reported,Healthy volunteers; no disease condition
9482939,arm_visual,Visual light stimulation,active_control,"Signal change by visual stimulation – Volunteer #11 (male, 25)",physiological,BOLD signal intensity change (%),during stimulation,other,9.0,1.0,not_reported,not_reported,not_reported,not_reported,not_reported,not_reported,Healthy volunteers; no disease condition
9482939,arm_acupoint,Acupuncture stimulation (vision-related acupoints VA1–VA8),verum_acupuncture,"Signal change by acupuncture stimulation – Volunteer #11 (male, 25)",physiological,BOLD signal intensity change (%),during stimulation,other,+8.0,1.0,not_reported,not_reported,not_reported,not_reported,not_reported,not_reported,Healthy volunteers; no disease condition
9482939,arm_visual,Visual light stimulation,active_control,"Signal change by visual stimulation – Volunteer #12 (male, 24)",physiological,BOLD signal intensity change (%),during stimulation,other,7.6,1.0,not_reported,not_reported,not_reported,not_reported,not_reported,not_reported,Healthy volunteers; no disease condition
9482939,arm_acupoint,Acupuncture stimulation (vision-related acupoints VA1–VA8),verum_acupuncture,"Signal change by acupuncture stimulation – Volunteer #12 (male, 24)",physiological,BOLD signal intensity change (%),during stimulation,other,-6.8,1.0,not_reported,not_reported,not_reported,not_reported,not_reported,not_reported,Healthy volunteers; no disease condition
9482939,not_applicable,,,Blind test identification of yin and yang character from fMRI data,other,not_reported,post-experiment,narrative,Functional MRI data were then tested by blind tests for identification of the yin and yang character of each individual and were found to be consistent except in one case.,12.0,not_reported,not_reported,not_reported,not_reported,not_reported,not_reported,Healthy volunteers; no disease condition
17240066,not_applicable,,,MASS (MGH Acupuncture Sensation Scale) total/average rating,sensory,Massachusetts General Hospital (MGH) Acupuncture Sensation Scale (MASS),after treatment (Sessions 2 and 3),narrative,four groups were significantly different,48.0,not_reported,Subjects in both low and high expectancy genuine groups reported significantly greater MASS ratings than those in both sham groups (p < 0.002); no interaction between treatment mode and expectancy level (p = 0.8),not_reported,"fixed effect ANOVA using treatment mode (genuine and sham), and expectancy (high and low) as factors","F(3,44) = 7.9, p = 0.0002",not_reported,Healthy volunteers; experimental pain paradigm
17604556,arm_CM,CM patients,verum_acupuncture,VAS score (monthly),pain,Visual Analog Scale (VAS),pretreatment,mean ± SD,5.91 ± 0.98,14.0,not_reported,not_reported,not_reported,not_reported,not_reported,not_reported,Chronic migraine (CM) without aura
17604556,arm_CM,CM patients,verum_acupuncture,VAS score (monthly),pain,Visual Analog Scale (VAS),posttreatment,mean ± SD,2.28 ± 0.97,14.0,"statistically significant reduction, P < 0.01",not_reported,not_reported,not_reported,P < 0.01,not_reported,Chronic migraine (CM) without aura
17604556,arm_CM,CM patients,verum_acupuncture,Headache attacks (monthly),symptom_severity,patient-recorded daily diary,pretreatment,mean ± SD,17.42 ± 2.27,14.0,not_reported,not_reported,not_reported,not_reported,not_reported,not_reported,Chronic migraine (CM) without aura
17604556,arm_CM,CM patients,verum_acupuncture,Headache attacks (monthly),symptom_severity,patient-recorded daily diary,posttreatment,mean ± SD,7.53 ± 3.38,14.0,"statistically significant reduction, P < 0.01",not_reported,not_reported,not_reported,P < 0.01,not_reported,Chronic migraine (CM) without aura
17604556,arm_CM,CM patients,verum_acupuncture,Immediate VAS score,pain,Visual Analog Scale (VAS),pretreatment (before fMRI scan),mean ± SD,5.38 ± 1.19,14.0,not_reported,not_reported,not_reported,not_reported,not_reported,not_reported,Chronic migraine (CM) without aura
17604556,arm_CM,CM patients,verum_acupuncture,Immediate VAS score,pain,Visual Analog Scale (VAS),posttreatment (before fMRI scan),mean ± SD,1 ± 0.91,14.0,"statistically significant reduction, P < 0.01",not_reported,not_reported,not_reported,P < 0.01,not_reported,Chronic migraine (CM) without aura
17604556,arm_CM,CM patients,verum_acupuncture,Headache days (monthly),symptom_severity,patient-recorded daily diary,pretreatment,mean ± SD,16.36 ± 1.60,14.0,not_reported,not_reported,not_reported,not_reported,not_reported,not_reported,Chronic migraine (CM) without aura
17604556,arm_CM,CM patients,verum_acupuncture,Headache days (monthly),symptom_severity,patient-recorded daily diary,posttreatment,mean ± SD,7.50 ± 3.37,14.0,"statistically significant reduction, P < 0.01",not_reported,not_reported,not_reported,P < 0.01,not_reported,Chronic migraine (CM) without aura
17604556,arm_CM,CM patients,verum_acupuncture,Acute headache medications (monthly),medication_use,patient-recorded daily diary,pretreatment,mean ± SD,9.29 ± 1.98,14.0,not_reported,not_reported,not_reported,not_reported,not_reported,not_reported,Chronic migraine (CM) without aura
17604556,arm_CM,CM patients,verum_acupuncture,Acute headache medications (monthly),medication_use,patient-recorded daily diary,posttreatment,mean ± SD,3.93 ± 1.82,14.0,"statistically significant reduction, P < 0.01",not_reported,not_reported,not_reported,P < 0.01,not_reported,Chronic migraine (CM) without aura
18054726,arm_1min,1-min group,verum_acupuncture,NIHSS scores,symptom_severity,National Institute of Health Stroke Scale (NIHSS),Before acupuncture manipulation,mean ± SD,4.40±2.12,10.0,not_reported,not_reported,not_reported,not_reported,not_reported,not_reported,Ischemic stroke with motor dysfunction
18054726,arm_1min,1-min group,verum_acupuncture,NIHSS scores,symptom_severity,National Institute of Health Stroke Scale (NIHSS),After acupuncture manipulation,mean ± SD,4.30±2.00,10.0,not_reported,not_reported,not_reported,Paired T-test,0.343,not_reported,Ischemic stroke with motor dysfunction
18054726,arm_2min,2-min group,verum_acupuncture,NIHSS scores,symptom_severity,National Institute of Health Stroke Scale (NIHSS),Before acupuncture manipulation,mean ± SD,4.60±3.17,10.0,not_reported,not_reported,not_reported,not_reported,not_reported,not_reported,Ischemic stroke with motor dysfunction
18054726,arm_2min,2-min group,verum_acupuncture,NIHSS scores,symptom_severity,National Institute of Health Stroke Scale (NIHSS),After acupuncture manipulation,mean ± SD,4.50±3.21,10.0,not_reported,not_reported,not_reported,Paired T-test,0.343,not_reported,Ischemic stroke with motor dysfunction
18054726,arm_3min,3-min group,verum_acupuncture,NIHSS scores,symptom_severity,National Institute of Health Stroke Scale (NIHSS),Before acupuncture manipulation,mean ± SD,4.40±1.96,10.0,not_reported,not_reported,not_reported,not_reported,not_reported,not_reported,Ischemic stroke with motor dysfunction
18054726,arm_3min,3-min group,verum_acupuncture,NIHSS scores,symptom_severity,National Institute of Health Stroke Scale (NIHSS),After acupuncture manipulation,mean ± SD,4.10±1.66,10.0,not_reported,not_reported,not_reported,Paired T-test,0.081,not_reported,Ischemic stroke with motor dysfunction
18054726,arm_1min,1-min group,verum_acupuncture,FMA scores,function,Fugl-Meyer motor function assessment (FMA),Before acupuncture manipulation,mean ± SD,92.50±3.24,10.0,not_reported,not_reported,not_reported,not_reported,not_reported,not_reported,Ischemic stroke with motor dysfunction
18054726,arm_1min,1-min group,verum_acupuncture,FMA scores,function,Fugl-Meyer motor function assessment (FMA),After acupuncture manipulation,mean ± SD,92.80±2.90,10.0,not_reported,not_reported,not_reported,Paired T-test,0.081,not_reported,Ischemic stroke with motor dysfunction
18054726,arm_2min,2-min group,verum_acupuncture,FMA scores,function,Fugl-Meyer motor function assessment (FMA),Before acupuncture manipulation,mean ± SD,92.30±4.52,10.0,not_reported,not_reported,not_reported,not_reported,not_reported,not_reported,Ischemic stroke with motor dysfunction
18054726,arm_2min,2-min group,verum_acupuncture,FMA scores,function,Fugl-Meyer motor function assessment (FMA),After acupuncture manipulation,mean ± SD,92.70±4.62,10.0,not_reported,not_reported,not_reported,Paired T-test,0.104,not_reported,Ischemic stroke with motor dysfunction
18054726,arm_3min,3-min group,verum_acupuncture,FMA scores,function,Fugl-Meyer motor function assessment (FMA),Before acupuncture manipulation,mean ± SD,92.80±2.57,10.0,not_reported,not_reported,not_reported,not_reported,not_reported,not_reported,Ischemic stroke with motor dysfunction
18054726,arm_3min,3-min group,verum_acupuncture,FMA scores,function,Fugl-Meyer motor function assessment (FMA),After acupuncture manipulation,mean ± SD,93.00±2.63,10.0,not_reported,not_reported,not_reported,Paired T-test,0.168,not_reported,Ischemic stroke with motor dysfunction
18054726,not_applicable,,,NIHSS scores between-group comparison at baseline,symptom_severity,National Institute of Health Stroke Scale (NIHSS),Baseline (before acupuncture manipulation),p_value_only,not_reported,30.0,not_reported,not statistically significant (p> 0.05),not_reported,analysis of variance,p> 0.05,not_reported,Ischemic stroke with motor dysfunction
18054726,not_applicable,,,FMA scores between-group comparison at baseline,function,Fugl-Meyer motor function assessment (FMA),Baseline (before acupuncture manipulation),p_value_only,not_reported,30.0,not_reported,not statistically significant (p> 0.05),not_reported,analysis of variance,p> 0.05,not_reported,Ischemic stroke with motor dysfunction
18337009,arm_VA,verum acupuncture (VA),verum_acupuncture,VAS (Visual Analog Scale),pain,Visual Analog Scale (VAS),Baseline,median [IQR],"4.00 (3.00, 5.00)",28.0,not_reported,not_reported,not_reported,not_reported,not_reported,not_reported,Knee osteoarthritis (KOA) with knee pain
18337009,arm_VA,verum acupuncture (VA),verum_acupuncture,VAS (Visual Analog Scale),pain,Visual Analog Scale (VAS),End of treatment (after 2 weeks),median [IQR],"2.50 (1.00, 3.00)",28.0,not_reported,not_reported,not_reported,Wilcoxon signed-rank test,< 0.001,not_reported,Knee osteoarthritis (KOA) with knee pain
18337009,arm_SA,sham acupuncture (SA),sham_acupuncture,VAS (Visual Analog Scale),pain,Visual Analog Scale (VAS),Baseline,median [IQR],"4.00 (3.00, 5.00)",32.0,not_reported,not_reported,not_reported,not_reported,not_reported,not_reported,Knee osteoarthritis (KOA) with knee pain
18337009,arm_SA,sham acupuncture (SA),sham_acupuncture,VAS (Visual Analog Scale),pain,Visual Analog Scale (VAS),End of treatment (after 2 weeks),median [IQR],"3.00 (2.00, 3.00)",32.0,not_reported,not_reported,not_reported,Wilcoxon signed-rank test,< 0.001,not_reported,Knee osteoarthritis (KOA) with knee pain
18337009,arm_SC,celecoxib (SC),medication,VAS (Visual Analog Scale),pain,Visual Analog Scale (VAS),Baseline,median [IQR],"4.00 (3.00, 6.00)",29.0,not_reported,not_reported,not_reported,not_reported,not_reported,not_reported,Knee osteoarthritis (KOA) with knee pain
18337009,arm_SC,celecoxib (SC),medication,VAS (Visual Analog Scale),pain,Visual Analog Scale (VAS),End of treatment (after 2 weeks),median [IQR],"3.00 (1.50, 3.00)",29.0,not_reported,not_reported,not_reported,Wilcoxon signed-rank test,< 0.001,not_reported,Knee osteoarthritis (KOA) with knee pain
18337009,arm_PB,placebo (PB),placebo,VAS (Visual Analog Scale),pain,Visual Analog Scale (VAS),Baseline,median [IQR],"4.00 (3.00, 5.00)",30.0,not_reported,not_reported,not_reported,not_reported,not_reported,not_reported,Knee osteoarthritis (KOA) with knee pain
18337009,arm_PB,placebo (PB),placebo,VAS (Visual Analog Scale),pain,Visual Analog Scale (VAS),End of treatment (after 2 weeks),median [IQR],"3.00 (3.00, 4.00)",30.0,not_reported,not_reported,not_reported,Wilcoxon signed-rank test,0.002,not_reported,Knee osteoarthritis (KOA) with knee pain
18337009,arm_WL,waiting list (WL),waitlist,VAS (Visual Analog Scale),pain,Visual Analog Scale (VAS),Baseline,median [IQR],"3.00 (3.00, 5.00)",30.0,not_reported,not_reported,not_reported,not_reported,not_reported,not_reported,Knee osteoarthritis (KOA) with knee pain
18337009,arm_WL,waiting list (WL),waitlist,VAS (Visual Analog Scale),pain,Visual Analog Scale (VAS),End of treatment (after 2 weeks),median [IQR],"3.00 (2.00, 3.25)",30.0,not_reported,not_reported,not_reported,Wilcoxon signed-rank test,0.001,not_reported,Knee osteoarthritis (KOA) with knee pain
18337009,arm_AG,acupuncture group (AG) (verum + sham),verum_acupuncture,VAS (Visual Analog Scale),pain,Visual Analog Scale (VAS),Baseline,median [IQR],"4.00 (3.00, 5.00)",60.0,not_reported,not_reported,not_reported,not_reported,not_reported,not_reported,Knee osteoarthritis (KOA) with knee pain
18337009,arm_AG,acupuncture group (AG) (verum + sham),verum_acupuncture,VAS (Visual Analog Scale),pain,Visual Analog Scale (VAS),End of treatment (after 2 weeks),median [IQR],"3.00 (2.00, 3.00)",60.0,not_reported,not_reported,not_reported,Wilcoxon signed-rank test,< 0.001,not_reported,Knee osteoarthritis (KOA) with knee pain
18337009,arm_VA,verum acupuncture (VA),verum_acupuncture,VAS change (End - Baseline),pain,Visual Analog Scale (VAS),End of treatment minus Baseline,median [IQR],"VA: -2.00 (-3.00, -1.00); SA: -1.25 (-2.75, -0.63)",,not_reported,no statistically significant difference between VA and SA (p = 0.181),not_reported,Mann-Whitney U test,0.181,not_reported,Knee osteoarthritis (KOA) with knee pain
18337009,arm_SC,celecoxib (SC),medication,VAS change (End - Baseline),pain,Visual Analog Scale (VAS),End of treatment minus Baseline,median [IQR],"SC: -2.00 (-3.00, -1.00); PB: -1.00 (-2.00, 0.00)",,not_reported,statistically significant difference between SC and PB (p = 0.002),not_reported,Mann-Whitney U test,0.002,not_reported,Knee osteoarthritis (KOA) with knee pain
18337009,arm_AG,acupuncture group (AG) (verum + sham),verum_acupuncture,VAS change (End - Baseline),pain,Visual Analog Scale (VAS),End of treatment minus Baseline,median [IQR],"AG: -2.00 (-3.00, -1.00); SC: -2.00 (-3.00, -1.00)",,not_reported,no statistically significant difference between AG and SC (p = 0.609),not_reported,Mann-Whitney U test with Bonferroni correction,0.609,not_reported,Knee osteoarthritis (KOA) with knee pain
18337009,arm_AG,acupuncture group (AG) (verum + sham),verum_acupuncture,VAS change (End - Baseline),pain,Visual Analog Scale (VAS),End of treatment minus Baseline,median [IQR],"AG: -2.00 (-3.00, -1.00); PB: -1.00 (-2.00, 0.00)",,not_reported,statistically significant difference between AG and PB (p = 0.001),not_reported,Mann-Whitney U test with Bonferroni correction,0.001,not_reported,Knee osteoarthritis (KOA) with knee pain
18337009,arm_AG,acupuncture group (AG) (verum + sham),verum_acupuncture,VAS change (End - Baseline),pain,Visual Analog Scale (VAS),End of treatment minus Baseline,median [IQR],"AG: -2.00 (-3.00, -1.00); WL: -1.00 (-2.00, 0.00)",,not_reported,statistically significant difference between AG and WL (p = 0.015),not_reported,Mann-Whitney U test with Bonferroni correction,0.015,not_reported,Knee osteoarthritis (KOA) with knee pain
18337009,arm_VA,verum acupuncture (VA),verum_acupuncture,SF-MPQ (short-form McGill pain questionnaire),pain,short-form McGill pain questionnaire (SF-MPQ),Baseline,median [IQR],"9.25 (7.00, 12.75)",28.0,not_reported,not_reported,not_reported,not_reported,not_reported,not_reported,Knee osteoarthritis (KOA) with knee pain
18337009,arm_VA,verum acupuncture (VA),verum_acupuncture,SF-MPQ (short-form McGill pain questionnaire),pain,short-form McGill pain questionnaire (SF-MPQ),End of treatment (after 2 weeks),median [IQR],"4.50 (2.00, 7.75)",28.0,not_reported,not_reported,not_reported,Wilcoxon signed-rank test,< 0.001,not_reported,Knee osteoarthritis (KOA) with knee pain
18337009,arm_SA,sham acupuncture (SA),sham_acupuncture,SF-MPQ (short-form McGill pain questionnaire),pain,short-form McGill pain questionnaire (SF-MPQ),End of treatment (after 2 weeks),median [IQR],"6.00 (4.00, 7.75)",32.0,not_reported,not_reported,not_reported,Wilcoxon signed-rank test,< 0.001,not_reported,Knee osteoarthritis (KOA) with knee pain
18337009,arm_SC,celecoxib (SC),medication,SF-MPQ (short-form McGill pain questionnaire),pain,short-form McGill pain questionnaire (SF-MPQ),End of treatment (after 2 weeks),median [IQR],"5.00 (4.00, 7.00)",29.0,not_reported,not_reported,not_reported,Wilcoxon signed-rank test,< 0.001,not_reported,Knee osteoarthritis (KOA) with knee pain
18337009,arm_PB,placebo (PB),placebo,SF-MPQ (short-form McGill pain questionnaire),pain,short-form McGill pain questionnaire (SF-MPQ),End of treatment (after 2 weeks),median [IQR],"6.00 (5.00, 8.00)",30.0,not_reported,not_reported,not_reported,Wilcoxon signed-rank test,< 0.001,not_reported,Knee osteoarthritis (KOA) with knee pain
18337009,arm_WL,waiting list (WL),waitlist,SF-MPQ (short-form McGill pain questionnaire),pain,short-form McGill pain questionnaire (SF-MPQ),End of treatment (after 2 weeks),median [IQR],"6.00 (4.75, 7.00)",30.0,not_reported,not_reported,not_reported,Wilcoxon signed-rank test,< 0.001,not_reported,Knee osteoarthritis (KOA) with knee pain
18337009,arm_SC,celecoxib (SC),medication,SF-MPQ change (End - Baseline),pain,short-form McGill pain questionnaire (SF-MPQ),End of treatment minus Baseline,median [IQR],"SC: -4.00 (-6.00, -2.00); PB: -2.00 (-3.63, 0.00)",,not_reported,statistically significant difference between SC and PB (p = 0.002),not_reported,Mann-Whitney U test,0.002,not_reported,Knee osteoarthritis (KOA) with knee pain
18337009,arm_AG,acupuncture group (AG) (verum + sham),verum_acupuncture,SF-MPQ change (End - Baseline),pain,short-form McGill pain questionnaire (SF-MPQ),End of treatment minus Baseline,median [IQR],"AG: -4.00 (-7.00, -2.13); PB: -2.00 (-3.63, 0.00)",,not_reported,statistically significant difference between AG and PB (p < 0.001),not_reported,Mann-Whitney U test with Bonferroni correction,< 0.001,not_reported,Knee osteoarthritis (KOA) with knee pain
18337009,arm_AG,acupuncture group (AG) (verum + sham),verum_acupuncture,SF-MPQ change (End - Baseline),pain,short-form McGill pain questionnaire (SF-MPQ),End of treatment minus Baseline,median [IQR],"AG: -4.00 (-7.00, -2.13); WL: -2.00 (-4.25, -1.00)",,not_reported,statistically significant difference between AG and WL (p = 0.002),not_reported,Mann-Whitney U test with Bonferroni correction,0.002,not_reported,Knee osteoarthritis (KOA) with knee pain
18337009,arm_VA,verum acupuncture (VA),verum_acupuncture,WOMAC scores (Western Ontario and McMaster Universities Osteoarthritis Index),function,Western Ontario and McMaster Universities Osteoarthritis Index (WOMAC),Baseline,median [IQR],"27.00 (13.00, 47.50)",28.0,not_reported,not_reported,not_reported,not_reported,not_reported,not_reported,Knee osteoarthritis (KOA) with knee pain
18337009,arm_VA,verum acupuncture (VA),verum_acupuncture,WOMAC scores (Western Ontario and McMaster Universities Osteoarthritis Index),function,Western Ontario and McMaster Universities Osteoarthritis Index (WOMAC),End of treatment (after 2 weeks),median [IQR],"11.50 (2.50, 23.50)",28.0,not_reported,not_reported,not_reported,Wilcoxon signed-rank test,< 0.001,not_reported,Knee osteoarthritis (KOA) with knee pain
18337009,arm_SC,celecoxib (SC),medication,WOMAC change (End - Baseline),function,Western Ontario and McMaster Universities Osteoarthritis Index (WOMAC),End of treatment minus Baseline,median [IQR],"SC: -16.00 (-27.00, -8.50); PB: -5.00 (-13.25, -2.00)",,not_reported,statistically significant difference between SC and PB (p = 0.004),not_reported,Mann-Whitney U test,0.004,not_reported,Knee osteoarthritis (KOA) with knee pain
18337009,arm_AG,acupuncture group (AG) (verum + sham),verum_acupuncture,WOMAC change (End - Baseline),function,Western Ontario and McMaster Universities Osteoarthritis Index (WOMAC),End of treatment minus Baseline,median [IQR],"AG: -13.00 (-21.75, -6.00); PB: -5.00 (-13.25, -2.00)",,not_reported,statistically significant difference between AG and PB (p = 0.023),not_reported,Mann-Whitney U test with Bonferroni correction,0.023,not_reported,Knee osteoarthritis (KOA) with knee pain
18337009,arm_AG,acupuncture group (AG) (verum + sham),verum_acupuncture,WOMAC change (End - Baseline),function,Western Ontario and McMaster Universities Osteoarthritis Index (WOMAC),End of treatment minus Baseline,median [IQR],"AG: -13.00 (-21.75, -6.00); WL: -6.50 (-17.25, -1.00)",,not_reported,p = 0.047,not_reported,Mann-Whitney U test with Bonferroni correction,0.047,not_reported,Knee osteoarthritis (KOA) with knee pain
18337009,arm_VA,verum acupuncture (VA),verum_acupuncture,SF-12 score (12-item short-form health survey),quality_of_life,12-item short-form health survey (SF-12),Baseline,median [IQR],"35.50 (30.25, 37.50)",28.0,not_reported,not_reported,not_reported,not_reported,not_reported,not_reported,Knee osteoarthritis (KOA) with knee pain
18337009,arm_VA,verum acupuncture (VA),verum_acupuncture,SF-12 score (12-item short-form health survey),quality_of_life,12-item short-form health survey (SF-12),End of treatment (after 2 weeks),median [IQR],"36.50 (32.00, 41.00)",28.0,not_reported,not_reported,not_reported,Wilcoxon signed-rank test,0.010,not_reported,Knee osteoarthritis (KOA) with knee pain
18337009,arm_AG,acupuncture group (AG) (verum + sham),verum_acupuncture,SF-12 change (End - Baseline),quality_of_life,12-item short-form health survey (SF-12),End of treatment minus Baseline,median [IQR],"AG: 1.00 (0.00, 4.00); WL: 0.50 (-0.25, 2.25)",,not_reported,statistically significant difference between AG and WL (p = 0.024),not_reported,Mann-Whitney U test with Bonferroni correction,0.024,not_reported,Knee osteoarthritis (KOA) with knee pain
18571795,AG,acupuncture group (AG),verum_acupuncture,AVLT-H total score (sum of all correct responses in the five recall tests),cognition,Auditory Verbal Learning Test-Huashan version (AVLT-H),pre-treatment (baseline),mean ± SD,26.686 ± 6.623,35.0,not_reported,not_reported,not_reported,not_reported,not_reported,acupuncture group completers,Subjective cognitive decline (SCD)
18571795,AG,acupuncture group (AG),verum_acupuncture,AVLT-H total score (sum of all correct responses in the five recall tests),cognition,Auditory Verbal Learning Test-Huashan version (AVLT-H),post-treatment (after 12-week intervention),mean ± SD,33.943 ± 7.956,35.0,"paired t-test t = 6.353, Cohen's d = 1.074, degrees of freedom = 34, p = 0.000","significant group × time interaction: p = 0.03, η2 = 0.075, degrees of freedom = 61",Cohen's d = 1.074 (within-group); η2 = 0.075 (interaction),"paired t-test (within-group); repeated-measures GLM controlling for age, sex, education (between-group interaction)",within-group p = 0.000; interaction p = 0.03,acupuncture group completers,Subjective cognitive decline (SCD)
18571795,SG,sham acupuncture group (SG),sham_acupuncture,AVLT-H total score (sum of all correct responses in the five recall tests),cognition,Auditory Verbal Learning Test-Huashan version (AVLT-H),pre-treatment (baseline),mean ± SD,25.419 ± 9.010,31.0,not_reported,not_reported,not_reported,not_reported,not_reported,sham acupuncture group completers,Subjective cognitive decline (SCD)
18571795,SG,sham acupuncture group (SG),sham_acupuncture,AVLT-H total score (sum of all correct responses in the five recall tests),cognition,Auditory Verbal Learning Test-Huashan version (AVLT-H),post-treatment (after 12-week intervention),mean ± SD,28.903 ± 8.627,31.0,"paired t-test t = 2.553, Cohen's d = 0.459, degrees of freedom = 30, p = 0.016","significant group × time interaction: p = 0.03, η2 = 0.075, degrees of freedom = 61",Cohen's d = 0.459 (within-group); η2 = 0.075 (interaction),"paired t-test (within-group); repeated-measures GLM controlling for age, sex, education (between-group interaction)",within-group p = 0.016; interaction p = 0.03,sham acupuncture group completers,Subjective cognitive decline (SCD)
18571795,AG,acupuncture group (AG),verum_acupuncture,Correlation between change in FC (Middle.insula.L to PCC.L) and improvement in AVLT-H total score,cognition,Auditory Verbal Learning Test-Huashan version (AVLT-H),change from pre- to post-12-week intervention,other,Spearman's rho = -0.359,35.0,not_reported,not_reported,not_reported,Spearman correlation,p = 0.034,acupuncture group completers,Subjective cognitive decline (SCD)
18571795,SG,sham acupuncture group (SG),sham_acupuncture,Correlation between change in FC (Middle.insula.L to PCC.L) and improvement in AVLT-H total score,cognition,Auditory Verbal Learning Test-Huashan version (AVLT-H),change from pre- to post-12-week intervention,other,Pearson's r = -0.037,31.0,not_reported,not_reported,not_reported,Pearson correlation,p = 0.844,sham acupuncture group completers,Subjective cognitive decline (SCD)
18571795,not_applicable,,,No significant correlation between changes in topological properties and improvement in AVLT performance,cognition,Auditory Verbal Learning Test-Huashan version (AVLT-H),change from pre- to post-12-week intervention,narrative,No significant correlation was found between the changes in topological properties and the improvement in participants' AVLT performance.,,not_reported,not_reported,not_reported,not_reported,not_reported,not_reported,Subjective cognitive decline (SCD)
18606019,arm_LR3,LR3 group,verum_acupuncture,Systolic blood pressure (SBP),physiological,mercurial sphygmomanometer,before acupuncture (B),mean ± SD,134.93 ± 9.05,14.0,not_reported,not_reported,not_reported,not_reported,not_reported,not_reported,"Essential hypertension (mild or moderate arterial hypertension, grade 1 or 2)"
18606019,arm_LR3,LR3 group,verum_acupuncture,Systolic blood pressure (SBP),physiological,mercurial sphygmomanometer,after once acupuncture (A),mean ± SD,134.14 ± 9.94,14.0,not_reported,not_reported,not_reported,not_reported,not_reported,not_reported,"Essential hypertension (mild or moderate arterial hypertension, grade 1 or 2)"
18606019,arm_LR3,LR3 group,verum_acupuncture,Systolic blood pressure (SBP),physiological,mercurial sphygmomanometer,after treatment (T),mean ± SD,129.71 ± 8.66,14.0,SBP decreased in LR3 group after treatment,no statistical difference between LR3 group and sham group,not_reported,not_reported,P = 0.006 (vs before acupuncture),not_reported,"Essential hypertension (mild or moderate arterial hypertension, grade 1 or 2)"
18606019,arm_LR3,LR3 group,verum_acupuncture,Diastolic blood pressure (DBP),physiological,mercurial sphygmomanometer,before acupuncture (B),mean ± SD,86.29 ± 7.35,14.0,not_reported,not_reported,not_reported,not_reported,not_reported,not_reported,"Essential hypertension (mild or moderate arterial hypertension, grade 1 or 2)"
18606019,arm_LR3,LR3 group,verum_acupuncture,Diastolic blood pressure (DBP),physiological,mercurial sphygmomanometer,after once acupuncture (A),mean ± SD,86.00 ± 8.56,14.0,not_reported,not_reported,not_reported,not_reported,not_reported,not_reported,"Essential hypertension (mild or moderate arterial hypertension, grade 1 or 2)"
18606019,arm_LR3,LR3 group,verum_acupuncture,Diastolic blood pressure (DBP),physiological,mercurial sphygmomanometer,after treatment (T),mean ± SD,86.71 ± 6.11,14.0,not_reported,no statistical difference between LR3 group and sham group,not_reported,not_reported,not_reported,not_reported,"Essential hypertension (mild or moderate arterial hypertension, grade 1 or 2)"
18606019,arm_sham,Sham group,sham_acupuncture,Systolic blood pressure (SBP),physiological,mercurial sphygmomanometer,before acupuncture (B),mean ± SD,136.86 ± 18.26,14.0,not_reported,not_reported,not_reported,not_reported,not_reported,not_reported,"Essential hypertension (mild or moderate arterial hypertension, grade 1 or 2)"
18606019,arm_sham,Sham group,sham_acupuncture,Systolic blood pressure (SBP),physiological,mercurial sphygmomanometer,after once acupuncture (A),mean ± SD,134.21 ± 18.26,14.0,not_reported,not_reported,not_reported,not_reported,not_reported,not_reported,"Essential hypertension (mild or moderate arterial hypertension, grade 1 or 2)"
18606019,arm_sham,Sham group,sham_acupuncture,Systolic blood pressure (SBP),physiological,mercurial sphygmomanometer,after treatment (T),mean ± SD,132.64 ± 12.97,14.0,not_reported,no statistical difference between LR3 group and sham group,not_reported,not_reported,not_reported,not_reported,"Essential hypertension (mild or moderate arterial hypertension, grade 1 or 2)"
18606019,arm_sham,Sham group,sham_acupuncture,Diastolic blood pressure (DBP),physiological,mercurial sphygmomanometer,before acupuncture (B),mean ± SD,87.86 ± 11.22,14.0,not_reported,not_reported,not_reported,not_reported,not_reported,not_reported,"Essential hypertension (mild or moderate arterial hypertension, grade 1 or 2)"
18606019,arm_sham,Sham group,sham_acupuncture,Diastolic blood pressure (DBP),physiological,mercurial sphygmomanometer,after once acupuncture (A),mean ± SD,86.93 ± 8.19,14.0,not_reported,not_reported,not_reported,not_reported,not_reported,not_reported,"Essential hypertension (mild or moderate arterial hypertension, grade 1 or 2)"
18606019,arm_sham,Sham group,sham_acupuncture,Diastolic blood pressure (DBP),physiological,mercurial sphygmomanometer,after treatment (T),mean ± SD,84.21 ± 7.47,14.0,not_reported,not_reported,not_reported,not_reported,not_reported,not_reported,"Essential hypertension (mild or moderate arterial hypertension, grade 1 or 2)"
18606019,arm_LR3,LR3 group,verum_acupuncture,Physical functioning (PF),quality_of_life,SF-36,before acupuncture,mean ± SD,85.71 ± 12.69,14.0,not_reported,no statistical difference between LR3 group and sham group in SF-36 before acupuncture and after treatment,not_reported,not_reported,not_reported,not_reported,"Essential hypertension (mild or moderate arterial hypertension, grade 1 or 2)"
18606019,arm_LR3,LR3 group,verum_acupuncture,Physical functioning (PF),quality_of_life,SF-36,after treatment,mean ± SD,84.29 ± 11.74,14.0,not_reported,not_reported,not_reported,not_reported,not_reported,not_reported,"Essential hypertension (mild or moderate arterial hypertension, grade 1 or 2)"
18606019,arm_LR3,LR3 group,verum_acupuncture,Role physical (RP),quality_of_life,SF-36,before acupuncture,mean ± SD,75.00 ± 36.69,14.0,not_reported,not_reported,not_reported,not_reported,not_reported,not_reported,"Essential hypertension (mild or moderate arterial hypertension, grade 1 or 2)"
18606019,arm_LR3,LR3 group,verum_acupuncture,Role physical (RP),quality_of_life,SF-36,after treatment,mean ± SD,76.78 ± 34.62,14.0,not_reported,not_reported,not_reported,not_reported,not_reported,not_reported,"Essential hypertension (mild or moderate arterial hypertension, grade 1 or 2)"
18606019,arm_LR3,LR3 group,verum_acupuncture,Bodily pain (BP),quality_of_life,SF-36,before acupuncture,mean ± SD,79.07 ± 14.85,14.0,not_reported,not_reported,not_reported,not_reported,not_reported,not_reported,"Essential hypertension (mild or moderate arterial hypertension, grade 1 or 2)"
18606019,arm_LR3,LR3 group,verum_acupuncture,Bodily pain (BP),quality_of_life,SF-36,after treatment,mean ± SD,80.14 ± 9.46,14.0,not_reported,not_reported,not_reported,not_reported,not_reported,not_reported,"Essential hypertension (mild or moderate arterial hypertension, grade 1 or 2)"
18606019,arm_LR3,LR3 group,verum_acupuncture,General health (GH),quality_of_life,SF-36,before acupuncture,mean ± SD,50.64 ± 14.05,14.0,not_reported,not_reported,not_reported,not_reported,not_reported,not_reported,"Essential hypertension (mild or moderate arterial hypertension, grade 1 or 2)"
18606019,arm_LR3,LR3 group,verum_acupuncture,General health (GH),quality_of_life,SF-36,after treatment,mean ± SD,52.50 ± 14.29,14.0,not_reported,not_reported,not_reported,not_reported,not_reported,not_reported,"Essential hypertension (mild or moderate arterial hypertension, grade 1 or 2)"
18606019,arm_LR3,LR3 group,verum_acupuncture,Vitality (VI),quality_of_life,SF-36,before acupuncture,mean ± SD,68.21 ± 18.57,14.0,not_reported,not_reported,not_reported,not_reported,not_reported,not_reported,"Essential hypertension (mild or moderate arterial hypertension, grade 1 or 2)"
18606019,arm_LR3,LR3 group,verum_acupuncture,Vitality (VI),quality_of_life,SF-36,after treatment,mean ± SD,67.86 ± 11.56,14.0,not_reported,not_reported,not_reported,not_reported,not_reported,not_reported,"Essential hypertension (mild or moderate arterial hypertension, grade 1 or 2)"
18606019,arm_LR3,LR3 group,verum_acupuncture,Social functioning (SF),quality_of_life,SF-36,before acupuncture,mean ± SD,82.54 ± 15.54,14.0,not_reported,not_reported,not_reported,not_reported,not_reported,not_reported,"Essential hypertension (mild or moderate arterial hypertension, grade 1 or 2)"
18606019,arm_LR3,LR3 group,verum_acupuncture,Social functioning (SF),quality_of_life,SF-36,after treatment,mean ± SD,89.68 ± 12.68,14.0,not_reported,not_reported,not_reported,not_reported,not_reported,not_reported,"Essential hypertension (mild or moderate arterial hypertension, grade 1 or 2)"
18606019,arm_LR3,LR3 group,verum_acupuncture,Role emotional (RE),quality_of_life,SF-36,before acupuncture,mean ± SD,73.81 ± 35.03,14.0,not_reported,not_reported,not_reported,not_reported,not_reported,not_reported,"Essential hypertension (mild or moderate arterial hypertension, grade 1 or 2)"
18606019,arm_LR3,LR3 group,verum_acupuncture,Role emotional (RE),quality_of_life,SF-36,after treatment,mean ± SD,76.19 ± 42.22,14.0,not_reported,not_reported,not_reported,not_reported,not_reported,not_reported,"Essential hypertension (mild or moderate arterial hypertension, grade 1 or 2)"
18606019,arm_LR3,LR3 group,verum_acupuncture,Mental health (MH),quality_of_life,SF-36,before acupuncture,mean ± SD,68.86 ± 14.98,14.0,not_reported,not_reported,not_reported,not_reported,not_reported,not_reported,"Essential hypertension (mild or moderate arterial hypertension, grade 1 or 2)"
18606019,arm_LR3,LR3 group,verum_acupuncture,Mental health (MH),quality_of_life,SF-36,after treatment,mean ± SD,66.29 ± 15.51,14.0,not_reported,not_reported,not_reported,not_reported,not_reported,not_reported,"Essential hypertension (mild or moderate arterial hypertension, grade 1 or 2)"
18606019,arm_sham,Sham group,sham_acupuncture,Physical functioning (PF),quality_of_life,SF-36,before acupuncture,mean ± SD,91.79 ± 5.04,14.0,not_reported,not_reported,not_reported,not_reported,not_reported,not_reported,"Essential hypertension (mild or moderate arterial hypertension, grade 1 or 2)"
18606019,arm_sham,Sham group,sham_acupuncture,Role physical (RP),quality_of_life,SF-36,before acupuncture,mean ± SD,91.07 ± 25.21,14.0,not_reported,not_reported,not_reported,not_reported,not_reported,not_reported,"Essential hypertension (mild or moderate arterial hypertension, grade 1 or 2)"
18606019,arm_sham,Sham group,sham_acupuncture,Bodily pain (BP),quality_of_life,SF-36,before acupuncture,mean ± SD,84.68 ± 12.63,14.0,not_reported,not_reported,not_reported,not_reported,not_reported,not_reported,"Essential hypertension (mild or moderate arterial hypertension, grade 1 or 2)"
18606019,arm_sham,Sham group,sham_acupuncture,General health (GH),quality_of_life,SF-36,before acupuncture,mean ± SD,69.00 ± 18.43,14.0,not_reported,not_reported,not_reported,not_reported,not_reported,not_reported,"Essential hypertension (mild or moderate arterial hypertension, grade 1 or 2)"
18606019,arm_sham,Sham group,sham_acupuncture,Vitality (VI),quality_of_life,SF-36,before acupuncture,mean ± SD,72.86 ± 14.37,14.0,not_reported,not_reported,not_reported,not_reported,not_reported,not_reported,"Essential hypertension (mild or moderate arterial hypertension, grade 1 or 2)"
18606019,arm_sham,Sham group,sham_acupuncture,Social functioning (SF),quality_of_life,SF-36,before acupuncture,mean ± SD,89.68 ± 15.38,14.0,not_reported,not_reported,not_reported,not_reported,not_reported,not_reported,"Essential hypertension (mild or moderate arterial hypertension, grade 1 or 2)"
18606019,arm_sham,Sham group,sham_acupuncture,Role emotional (RE),quality_of_life,SF-36,before acupuncture,mean ± SD,92.86 ± 26.73,14.0,not_reported,not_reported,not_reported,not_reported,not_reported,not_reported,"Essential hypertension (mild or moderate arterial hypertension, grade 1 or 2)"
18606019,arm_sham,Sham group,sham_acupuncture,Mental health (MH),quality_of_life,SF-36,before acupuncture,mean ± SD,72.29 ± 17.08,14.0,not_reported,not_reported,not_reported,not_reported,not_reported,not_reported,"Essential hypertension (mild or moderate arterial hypertension, grade 1 or 2)"
18606019,arm_LR3,LR3 group,verum_acupuncture,Physical domain (PHD),quality_of_life,QLICD-HY,before acupuncture,mean ± SD,69.65 ± 10.50,14.0,not_reported,not_reported,not_reported,not_reported,not_reported,not_reported,"Essential hypertension (mild or moderate arterial hypertension, grade 1 or 2)"
18606019,arm_LR3,LR3 group,verum_acupuncture,Physical domain (PHD),quality_of_life,QLICD-HY,after treatment,mean ± SD,67.41 ± 10.74,14.0,not_reported,not_reported,not_reported,not_reported,not_reported,not_reported,"Essential hypertension (mild or moderate arterial hypertension, grade 1 or 2)"
18606019,arm_LR3,LR3 group,verum_acupuncture,Psychological domain (PSD),quality_of_life,QLICD-HY,before acupuncture,mean ± SD,79.55 ± 14.21,14.0,not_reported,not_reported,not_reported,not_reported,not_reported,not_reported,"Essential hypertension (mild or moderate arterial hypertension, grade 1 or 2)"
18606019,arm_LR3,LR3 group,verum_acupuncture,Psychological domain (PSD),quality_of_life,QLICD-HY,after treatment,mean ± SD,81.98 ± 7.64,14.0,not_reported,not_reported,not_reported,not_reported,not_reported,not_reported,"Essential hypertension (mild or moderate arterial hypertension, grade 1 or 2)"
18606019,arm_LR3,LR3 group,verum_acupuncture,Social domain (SOD),quality_of_life,QLICD-HY,before acupuncture,mean ± SD,78.90 ± 13.61,14.0,not_reported,not_reported,not_reported,not_reported,not_reported,not_reported,"Essential hypertension (mild or moderate arterial hypertension, grade 1 or 2)"
18606019,arm_LR3,LR3 group,verum_acupuncture,Social domain (SOD),quality_of_life,QLICD-HY,after treatment,mean ± SD,77.43 ± 13.59,14.0,not_reported,not_reported,not_reported,not_reported,not_reported,not_reported,"Essential hypertension (mild or moderate arterial hypertension, grade 1 or 2)"
18606019,arm_LR3,LR3 group,verum_acupuncture,Specific domain (SPD),quality_of_life,QLICD-HY,before acupuncture,mean ± SD,68.80 ± 14.69,14.0,not_reported,not_reported,not_reported,not_reported,not_reported,not_reported,"Essential hypertension (mild or moderate arterial hypertension, grade 1 or 2)"
18606019,arm_LR3,LR3 group,verum_acupuncture,Specific domain (SPD),quality_of_life,QLICD-HY,after treatment,mean ± SD,75.10 ± 11.44,14.0,increased,not_reported,not_reported,not_reported,P < 0.05,not_reported,"Essential hypertension (mild or moderate arterial hypertension, grade 1 or 2)"
18606019,arm_LR3,LR3 group,verum_acupuncture,Total (TOT),quality_of_life,QLICD-HY,before acupuncture,mean ± SD,73.82 ± 11.70,14.0,not_reported,not_reported,not_reported,not_reported,not_reported,not_reported,"Essential hypertension (mild or moderate arterial hypertension, grade 1 or 2)"
18606019,arm_LR3,LR3 group,verum_acupuncture,Total (TOT),quality_of_life,QLICD-HY,after treatment,mean ± SD,75.94 ± 8.70,14.0,not_reported,not_reported,not_reported,not_reported,not_reported,not_reported,"Essential hypertension (mild or moderate arterial hypertension, grade 1 or 2)"
18606019,arm_sham,Sham group,sham_acupuncture,Physical domain (PHD),quality_of_life,QLICD-HY,before acupuncture,mean ± SD,73.22 ± 14.44,14.0,not_reported,not_reported,not_reported,not_reported,not_reported,not_reported,"Essential hypertension (mild or moderate arterial hypertension, grade 1 or 2)"
18606019,arm_sham,Sham group,sham_acupuncture,Physical domain (PHD),quality_of_life,QLICD-HY,after treatment,mean ± SD,77.90 ± 13.11,14.0,not_reported,not_reported,not_reported,not_reported,not_reported,not_reported,"Essential hypertension (mild or moderate arterial hypertension, grade 1 or 2)"
18606019,arm_sham,Sham group,sham_acupuncture,Psychological domain (PSD),quality_of_life,QLICD-HY,before acupuncture,mean ± SD,76.14 ± 16.84,14.0,not_reported,not_reported,not_reported,not_reported,not_reported,not_reported,"Essential hypertension (mild or moderate arterial hypertension, grade 1 or 2)"
18606019,arm_sham,Sham group,sham_acupuncture,Psychological domain (PSD),quality_of_life,QLICD-HY,after treatment,mean ± SD,86.36 ± 13.43,14.0,not_reported,not_reported,not_reported,not_reported,not_reported,not_reported,"Essential hypertension (mild or moderate arterial hypertension, grade 1 or 2)"
18606019,arm_sham,Sham group,sham_acupuncture,Social domain (SOD),quality_of_life,QLICD-HY,before acupuncture,mean ± SD,65.42 ± 16.97,14.0,not_reported,not_reported,not_reported,not_reported,not_reported,not_reported,"Essential hypertension (mild or moderate arterial hypertension, grade 1 or 2)"
18606019,arm_sham,Sham group,sham_acupuncture,Social domain (SOD),quality_of_life,QLICD-HY,after treatment,mean ± SD,72.73 ± 17.47,14.0,not_reported,not_reported,not_reported,not_reported,not_reported,not_reported,"Essential hypertension (mild or moderate arterial hypertension, grade 1 or 2)"
18606019,arm_sham,Sham group,sham_acupuncture,Specific domain (SPD),quality_of_life,QLICD-HY,before acupuncture,mean ± SD,73.21 ± 12.60,14.0,not_reported,not_reported,not_reported,not_reported,not_reported,not_reported,"Essential hypertension (mild or moderate arterial hypertension, grade 1 or 2)"
18606019,arm_sham,Sham group,sham_acupuncture,Specific domain (SPD),quality_of_life,QLICD-HY,after treatment,mean ± SD,73.31 ± 9.92,14.0,not_reported,not_reported,not_reported,not_reported,not_reported,not_reported,"Essential hypertension (mild or moderate arterial hypertension, grade 1 or 2)"
18606019,arm_sham,Sham group,sham_acupuncture,Total (TOT),quality_of_life,QLICD-HY,before acupuncture,mean ± SD,71.66 ± 13.08,14.0,not_reported,not_reported,not_reported,not_reported,not_reported,not_reported,"Essential hypertension (mild or moderate arterial hypertension, grade 1 or 2)"
18606019,arm_sham,Sham group,sham_acupuncture,Total (TOT),quality_of_life,QLICD-HY,after treatment,mean ± SD,79.18 ± 9.00,14.0,not_reported,not_reported,not_reported,not_reported,not_reported,not_reported,"Essential hypertension (mild or moderate arterial hypertension, grade 1 or 2)"
19014532,arm_AD,AD patients,other,MMSE (Mini-Mental State Examination),cognition,Mini-Mental State Examination (MMSE),baseline,mean ± SD,16.29±4.88,14.0,not_reported,P < 0.01 vs HC,not_reported,one-way analysis of variance,<0.01,AD patients,Alzheimer disease (AD)
19014532,arm_HC,healthy controls (HCs),healthy_control,MMSE (Mini-Mental State Examination),cognition,Mini-Mental State Examination (MMSE),baseline,mean ± SD,28.14±1.30,14.0,not_reported,P < 0.01 vs AD,not_reported,one-way analysis of variance,<0.01,healthy controls,Alzheimer disease (AD)
19014532,arm_AD,AD patients,other,AVLT (immediate) — immediate recall of learning verbal,cognition,Auditory Verbal Learning Test (AVLT) — immediate recall,baseline,mean ± SD,11.21±4.07,14.0,not_reported,P < 0.01 vs HC,not_reported,one-way analysis of variance,<0.01,AD patients,Alzheimer disease (AD)
19014532,arm_HC,healthy controls (HCs),healthy_control,AVLT (immediate) — immediate recall of learning verbal,cognition,Auditory Verbal Learning Test (AVLT) — immediate recall,baseline,mean ± SD,25.71±5.03,14.0,not_reported,P < 0.01 vs AD,not_reported,one-way analysis of variance,<0.01,healthy controls,Alzheimer disease (AD)
19014532,arm_AD,AD patients,other,AVLT (delayed) — delayed recall of learning verbal,cognition,Auditory Verbal Learning Test (AVLT) — delayed recall,baseline,mean ± SD,2.29±1.58,14.0,not_reported,P < 0.01 vs HC,not_reported,one-way analysis of variance,<0.01,AD patients,Alzheimer disease (AD)
19014532,arm_HC,healthy controls (HCs),healthy_control,AVLT (delayed) — delayed recall of learning verbal,cognition,Auditory Verbal Learning Test (AVLT) — delayed recall,baseline,mean ± SD,10.57±2.77,14.0,not_reported,P < 0.01 vs AD,not_reported,one-way analysis of variance,<0.01,healthy controls,Alzheimer disease (AD)
19014532,arm_AD,AD patients,other,AVLT (recognition) — recognition of learning verbal,cognition,Auditory Verbal Learning Test (AVLT) — recognition,baseline,mean ± SD,2.93±1.83,14.0,not_reported,P < 0.01 vs HC,not_reported,one-way analysis of variance,<0.01,AD patients,Alzheimer disease (AD)
19014532,arm_HC,healthy controls (HCs),healthy_control,AVLT (recognition) — recognition of learning verbal,cognition,Auditory Verbal Learning Test (AVLT) — recognition,baseline,mean ± SD,12.57±1.99,14.0,not_reported,P < 0.01 vs AD,not_reported,one-way analysis of variance,<0.01,healthy controls,Alzheimer disease (AD)
19014532,arm_AD,AD patients,other,CDR (clinical dementia rate),cognition,Clinical Dementia Rate (CDR),baseline,other,1–2,14.0,not_reported,not_reported,not_reported,not_reported,not_reported,AD patients,Alzheimer disease (AD)
19014532,arm_HC,healthy controls (HCs),healthy_control,CDR (clinical dementia rate),cognition,Clinical Dementia Rate (CDR),baseline,other,0,14.0,not_reported,not_reported,not_reported,not_reported,not_reported,healthy controls,Alzheimer disease (AD)
19014532,arm_AD,AD patients,other,MoCA (Montreal Cognitive Assessment),cognition,Montreal Cognitive Assessment (MoCA),baseline,mean ± SD,13.29±4.86,14.0,not_reported,P < 0.01 vs HC,not_reported,one-way analysis of variance,<0.01,AD patients,Alzheimer disease (AD)
19014532,arm_HC,healthy controls (HCs),healthy_control,MoCA (Montreal Cognitive Assessment),cognition,Montreal Cognitive Assessment (MoCA),baseline,mean ± SD,27.36±1.87,14.0,not_reported,P < 0.01 vs AD,not_reported,one-way analysis of variance,<0.01,healthy controls,Alzheimer disease (AD)
19061937,arm_IBSD,IBS-D,verum_acupuncture,IBS-SSS (total),symptom_severity,Irritable Bowel Syndrome Symptom Severity Score (IBS-SSS),Before acupuncture,mean ± SD,250.26 ± 88.84,42.0,not_reported,not_reported,not_reported,paired t-test,0.00,IBS-D patients who completed true acupuncture treatment,Diarrhea-Predominant Irritable Bowel Syndrome (IBS-D)
19061937,arm_IBSD,IBS-D,verum_acupuncture,IBS-SSS (total),symptom_severity,Irritable Bowel Syndrome Symptom Severity Score (IBS-SSS),After acupuncture,mean ± SD,121.95 ± 62.88,42.0,not_reported,not_reported,not_reported,paired t-test,0.00,IBS-D patients who completed true acupuncture treatment,Diarrhea-Predominant Irritable Bowel Syndrome (IBS-D)
19061937,arm_IBSD,IBS-D,verum_acupuncture,The degree of abdominal pain,symptom_severity,IBS-SSS subscale,Before acupuncture,mean ± SD,42.82 ± 27.16,42.0,not_reported,not_reported,not_reported,paired t-test,0.00,IBS-D patients who completed true acupuncture treatment,Diarrhea-Predominant Irritable Bowel Syndrome (IBS-D)
19061937,arm_IBSD,IBS-D,verum_acupuncture,The degree of abdominal pain,symptom_severity,IBS-SSS subscale,After acupuncture,mean ± SD,18.85 ± 17.82,42.0,not_reported,not_reported,not_reported,paired t-test,0.00,IBS-D patients who completed true acupuncture treatment,Diarrhea-Predominant Irritable Bowel Syndrome (IBS-D)
19061937,arm_IBSD,IBS-D,verum_acupuncture,Abdominal pain days,symptom_severity,IBS-SSS subscale,Before acupuncture,mean ± SD,45.90 ± 33.30,42.0,not_reported,not_reported,not_reported,paired t-test,0.00,IBS-D patients who completed true acupuncture treatment,Diarrhea-Predominant Irritable Bowel Syndrome (IBS-D)
19061937,arm_IBSD,IBS-D,verum_acupuncture,Abdominal pain days,symptom_severity,IBS-SSS subscale,After acupuncture,mean ± SD,19.49 ± 18.77,42.0,not_reported,not_reported,not_reported,paired t-test,0.00,IBS-D patients who completed true acupuncture treatment,Diarrhea-Predominant Irritable Bowel Syndrome (IBS-D)
19061937,arm_IBSD,IBS-D,verum_acupuncture,The degree of abdominal distension,symptom_severity,IBS-SSS subscale,Before acupuncture,mean ± SD,26.92 ± 26.70,42.0,not_reported,not_reported,not_reported,paired t-test,0.00,IBS-D patients who completed true acupuncture treatment,Diarrhea-Predominant Irritable Bowel Syndrome (IBS-D)
19061937,arm_IBSD,IBS-D,verum_acupuncture,The degree of abdominal distension,symptom_severity,IBS-SSS subscale,After acupuncture,mean ± SD,9.23 ± 13.35,42.0,not_reported,not_reported,not_reported,paired t-test,0.00,IBS-D patients who completed true acupuncture treatment,Diarrhea-Predominant Irritable Bowel Syndrome (IBS-D)
19061937,arm_IBSD,IBS-D,verum_acupuncture,Satisfaction with bowel movements,symptom_severity,IBS-SSS subscale,Before acupuncture,mean ± SD,67.95 ± 20.38,42.0,not_reported,not_reported,not_reported,paired t-test,0.00,IBS-D patients who completed true acupuncture treatment,Diarrhea-Predominant Irritable Bowel Syndrome (IBS-D)
19061937,arm_IBSD,IBS-D,verum_acupuncture,Satisfaction with bowel movements,symptom_severity,IBS-SSS subscale,After acupuncture,mean ± SD,37.41 ± 18.22,42.0,not_reported,not_reported,not_reported,paired t-test,0.00,IBS-D patients who completed true acupuncture treatment,Diarrhea-Predominant Irritable Bowel Syndrome (IBS-D)
19061937,arm_IBSD,IBS-D,verum_acupuncture,Life influence degree,quality_of_life,IBS-SSS subscale,Before acupuncture,mean ± SD,65.00 ± 23.51,42.0,not_reported,not_reported,not_reported,paired t-test,0.00,IBS-D patients who completed true acupuncture treatment,Diarrhea-Predominant Irritable Bowel Syndrome (IBS-D)
19061937,arm_IBSD,IBS-D,verum_acupuncture,Life influence degree,quality_of_life,IBS-SSS subscale,After acupuncture,mean ± SD,36.72 ± 19.43,42.0,not_reported,not_reported,not_reported,paired t-test,0.00,IBS-D patients who completed true acupuncture treatment,Diarrhea-Predominant Irritable Bowel Syndrome (IBS-D)
19061937,arm_IBSD,IBS-D,verum_acupuncture,HAMA,mood,Hamilton Anxiety Scale (HAMA),Before acupuncture,mean ± SD,17.69 ± 8.76,42.0,not_reported,not_reported,not_reported,paired t-test,0.00,IBS-D patients who completed true acupuncture treatment,Diarrhea-Predominant Irritable Bowel Syndrome (IBS-D)
19061937,arm_IBSD,IBS-D,verum_acupuncture,HAMA,mood,Hamilton Anxiety Scale (HAMA),After acupuncture,mean ± SD,10.88 ± 5.75,42.0,not_reported,not_reported,not_reported,paired t-test,0.00,IBS-D patients who completed true acupuncture treatment,Diarrhea-Predominant Irritable Bowel Syndrome (IBS-D)
19159691,arm_A,active acupoint group,verum_acupuncture,VAS score,pain,Visual Analogue Scale (VAS) score 0–10,-4–0 weeks (baseline),mean ± SD,5.11 (1.75),40.0,not_reported,P = 0.7484 (vs inactive group at baseline),not_reported,t-test,0.7484,ITT (n = 40),migraine without aura
19159691,arm_B,inactive acupoint group,sham_acupuncture,VAS score,pain,Visual Analogue Scale (VAS) score 0–10,-4–0 weeks (baseline),mean ± SD,5.23 (1.78),40.0,not_reported,P = 0.7484 (vs active group at baseline),not_reported,t-test,0.7484,ITT (n = 40),migraine without aura
19159691,arm_A,active acupoint group,verum_acupuncture,VAS score,pain,Visual Analogue Scale (VAS) score 0–10,1–4 weeks after randomization,mean ± SD,3.80 (1.62),40.0,not_reported,P = 0.0094 (vs inactive group at 1-4 weeks),not_reported,t-test,0.0094,ITT (n = 40),migraine without aura
19159691,arm_B,inactive acupoint group,sham_acupuncture,VAS score,pain,Visual Analogue Scale (VAS) score 0–10,1–4 weeks after randomization,mean ± SD,4.64 (1.17),40.0,not_reported,P = 0.0094 (vs active group at 1-4 weeks),not_reported,t-test,0.0094,ITT (n = 40),migraine without aura
19159691,arm_A,active acupoint group,verum_acupuncture,VAS score,pain,Visual Analogue Scale (VAS) score 0–10,5–8 weeks after randomization,mean ± SD,3.07 (1.57),40.0,significant decrease from baseline (P < 0.05),P = 0.0052 (vs inactive group at 5-8 weeks); PG = 0.0150,not_reported,repeated-measures ANOVA; t-test,0.0052,ITT (n = 40),migraine without aura
19159691,arm_B,inactive acupoint group,sham_acupuncture,VAS score,pain,Visual Analogue Scale (VAS) score 0–10,5–8 weeks after randomization,mean ± SD,4.07 (1.54),40.0,significant decrease from baseline (P < 0.05),P = 0.0052 (vs active group at 5-8 weeks); PG = 0.0150,not_reported,repeated-measures ANOVA; t-test,0.0052,ITT (n = 40),migraine without aura
19159691,arm_A,active acupoint group,verum_acupuncture,Frequency of migraine attacks per 4 weeks,symptom_severity,headache diary; number of migraine episodes separated by pain-free intervals of at least 48 hours,-4–0 weeks (baseline),mean ± SD,6.83 (4.21),40.0,not_reported,P = 0.3412,not_reported,t-test,0.3412,ITT (n = 40),migraine without aura
19159691,arm_B,inactive acupoint group,sham_acupuncture,Frequency of migraine attacks per 4 weeks,symptom_severity,headache diary; number of migraine episodes separated by pain-free intervals of at least 48 hours,-4–0 weeks (baseline),mean ± SD,5.98 (3.72),40.0,not_reported,P = 0.3412,not_reported,t-test,0.3412,ITT (n = 40),migraine without aura
19159691,arm_A,active acupoint group,verum_acupuncture,Frequency of migraine attacks per 4 weeks,symptom_severity,headache diary,1–4 weeks after randomization,mean ± SD,4.35 (2.63),40.0,not_reported,P = 0.3802,not_reported,t-test,0.3802,ITT (n = 40),migraine without aura
19159691,arm_B,inactive acupoint group,sham_acupuncture,Frequency of migraine attacks per 4 weeks,symptom_severity,headache diary,1–4 weeks after randomization,mean ± SD,3.92 (1.69),40.0,not_reported,P = 0.3802,not_reported,t-test,0.3802,ITT (n = 40),migraine without aura
19159691,arm_A,active acupoint group,verum_acupuncture,Frequency of migraine attacks per 4 weeks,symptom_severity,headache diary,5–8 weeks after randomization,mean ± SD,2.85 (2.19),40.0,significant decrease from baseline (P < 0.05),P = 0.5983; no significant difference between groups (P > 0.05); PG = 0.4742,not_reported,repeated-measures ANOVA; t-test,0.5983,ITT (n = 40),migraine without aura
19159691,arm_B,inactive acupoint group,sham_acupuncture,Frequency of migraine attacks per 4 weeks,symptom_severity,headache diary,5–8 weeks after randomization,mean ± SD,3.10 ± 2.00,40.0,significant decrease from baseline (P < 0.05),P = 0.5983; no significant difference between groups (P > 0.05); PG = 0.4742,not_reported,repeated-measures ANOVA; t-test,0.5983,ITT (n = 40),migraine without aura
19159691,arm_A,active acupoint group,verum_acupuncture,Number of days with migraine (days) per 4 weeks,symptom_severity,headache diary,-4–0 weeks (baseline),mean ± SD,9.85 (7.94),40.0,not_reported,P = 0.9429,not_reported,t-test,0.9429,ITT (n = 40),migraine without aura
19159691,arm_B,inactive acupoint group,sham_acupuncture,Number of days with migraine (days) per 4 weeks,symptom_severity,headache diary,-4–0 weeks (baseline),mean ± SD,9.73 (7.62),40.0,not_reported,P = 0.9429,not_reported,t-test,0.9429,ITT (n = 40),migraine without aura
19159691,arm_A,active acupoint group,verum_acupuncture,Number of days with migraine (days) per 4 weeks,symptom_severity,headache diary,1–4 weeks after randomization,mean ± SD,5.56 (4.25),40.0,not_reported,P = 0.4043,not_reported,t-test,0.4043,ITT (n = 40),migraine without aura
19159691,arm_B,inactive acupoint group,sham_acupuncture,Number of days with migraine (days) per 4 weeks,symptom_severity,headache diary,1–4 weeks after randomization,mean ± SD,4.91 (2.36),40.0,not_reported,P = 0.4043,not_reported,t-test,0.4043,ITT (n = 40),migraine without aura
19159691,arm_A,active acupoint group,verum_acupuncture,Number of days with migraine (days) per 4 weeks,symptom_severity,headache diary,5–8 weeks after randomization,mean ± SD,3.51 (2.66),40.0,significant decrease from baseline (P < 0.05),P = 0.5122; no significant difference between groups (P > 0.05); PG = 0.8835,not_reported,repeated-measures ANOVA; t-test,0.5122,ITT (n = 40),migraine without aura
19159691,arm_B,inactive acupoint group,sham_acupuncture,Number of days with migraine (days) per 4 weeks,symptom_severity,headache diary,5–8 weeks after randomization,mean ± SD,3.91 (2.82),40.0,significant decrease from baseline (P < 0.05),P = 0.5122; no significant difference between groups (P > 0.05); PG = 0.8835,not_reported,repeated-measures ANOVA; t-test,0.5122,ITT (n = 40),migraine without aura
19159691,arm_A,active acupoint group,verum_acupuncture,HIT-6 score,quality_of_life,HIT-6 questionnaire (six-item short-form survey for measuring headache impact),-4–0 weeks (baseline),mean ± SD,58.10 (6.81),40.0,not_reported,P = 0.4224,not_reported,t-test,0.4224,ITT (n = 40),migraine without aura
19159691,arm_B,inactive acupoint group,sham_acupuncture,HIT-6 score,quality_of_life,HIT-6 questionnaire,-4–0 weeks (baseline),mean ± SD,58.13 (7.12),40.0,not_reported,P = 0.4224,not_reported,t-test,0.4224,ITT (n = 40),migraine without aura
19159691,arm_A,active acupoint group,verum_acupuncture,HIT-6 score,quality_of_life,HIT-6 questionnaire,1–4 weeks after randomization,mean ± SD,47.25 (9.55),40.0,not_reported,P = 0.2515,not_reported,t-test,0.2515,ITT (n = 40),migraine without aura
19159691,arm_B,inactive acupoint group,sham_acupuncture,HIT-6 score,quality_of_life,HIT-6 questionnaire,1–4 weeks after randomization,mean ± SD,49.69 (9.35),40.0,not_reported,P = 0.2515,not_reported,t-test,0.2515,ITT (n = 40),migraine without aura
19159691,arm_A,active acupoint group,verum_acupuncture,HIT-6 score,quality_of_life,HIT-6 questionnaire,5–8 weeks after randomization,mean ± SD,47.86 (8.42),40.0,significant decrease from baseline (P < 0.05),P = 0.1395; no significant difference between groups (P > 0.05); PG = 0.2232,not_reported,repeated-measures ANOVA; t-test,0.1395,ITT (n = 40),migraine without aura
19159691,arm_B,inactive acupoint group,sham_acupuncture,HIT-6 score,quality_of_life,HIT-6 questionnaire,5–8 weeks after randomization,mean ± SD,50.39 (6.67),40.0,significant decrease from baseline (P < 0.05),P = 0.1395; no significant difference between groups (P > 0.05); PG = 0.2232,not_reported,repeated-measures ANOVA; t-test,0.1395,ITT (n = 40),migraine without aura
19159691,not_applicable,,,Difference from baseline in VAS,pain,Visual Analogue Scale (VAS) score 0–10,end of treatment (week 8),mean (SE),Active group: 2.096 (0.25) 95% CI (1.61–2.58); Inactive group: 1.110 (0.25) 95% CI (0.62–1.60),40.0,not_reported,P = 0.006 based on analysis of covariance with baseline VAS as a covariate,not_reported,analysis of covariance with baseline VAS as a covariate,P = 0.006,ITT (n = 40 per group),migraine without aura
19427842,arm_acupuncture,acupuncture group,verum_acupuncture,Body Weight (kg),physiological,not_reported,before treatment and after treatment (Day 35),mean ± SD,Before: 80.43 (11.37); After: 79.54 (11.10),49.0,-0.89 (1.94),p=0.763,not_reported,paired samples t-test or Wilcoxon signed-rank test,p=0.003,not_reported,"type 2 diabetes mellitus (T2DM), overweight or obese"
19427842,arm_control,control group,sham_acupuncture,Body Weight (kg),physiological,not_reported,before treatment and after treatment (Day 35),mean ± SD,Before: 80.52 (12.37); After: 79.49 (12.50),53.0,-1.03 (1.79),p=0.763,not_reported,paired samples t-test or Wilcoxon signed-rank test,p<0.001,not_reported,"type 2 diabetes mellitus (T2DM), overweight or obese"
19427842,arm_acupuncture,acupuncture group,verum_acupuncture,BMI (kg/m2),physiological,not_reported,before treatment and after treatment (Day 35),mean ± SD,Before: 29.15 (3.03); After: 28.84 (2.98),49.0,-0.31 (0.71),p=0.558,not_reported,not_reported,p=0.008,not_reported,"type 2 diabetes mellitus (T2DM), overweight or obese"
19427842,arm_control,control group,sham_acupuncture,BMI (kg/m2),physiological,not_reported,before treatment and after treatment (Day 35),mean ± SD,Before: 29.55 (3.01); After: 29.16 (3.09),53.0,-0.40 (0.64),p=0.558,not_reported,not_reported,p<0.001,not_reported,"type 2 diabetes mellitus (T2DM), overweight or obese"
19427842,arm_acupuncture,acupuncture group,verum_acupuncture,Waistline (cm),physiological,not_reported,before treatment and after treatment (Day 35),mean ± SD,Before: 99.35 (9.04); After: 97.22 (8.59),49.0,-2.12 (3.68),p=0.322,not_reported,not_reported,p<0.001,not_reported,"type 2 diabetes mellitus (T2DM), overweight or obese"
19427842,arm_control,control group,sham_acupuncture,Waistline (cm),physiological,not_reported,before treatment and after treatment (Day 35),mean ± SD,Before: 99.49 (7.61); After: 97.13 (8.51),53.0,-2.36 (2.85),p=0.322,not_reported,not_reported,p<0.001,not_reported,"type 2 diabetes mellitus (T2DM), overweight or obese"
19427842,arm_acupuncture,acupuncture group,verum_acupuncture,Hipline (cm),physiological,not_reported,before treatment and after treatment (Day 35),mean ± SD,Before: 104.84 (7.21); After: 103.63 (6.59),49.0,-1.21 (3.81),p=0.674,not_reported,not_reported,p=0.031,not_reported,"type 2 diabetes mellitus (T2DM), overweight or obese"
19427842,arm_control,control group,sham_acupuncture,Hipline (cm),physiological,not_reported,before treatment and after treatment (Day 35),mean ± SD,Before: 104.44 (6.83); After: 103.61 (6.67),53.0,-0.83 (3.86),p=0.674,not_reported,not_reported,p=0.023,not_reported,"type 2 diabetes mellitus (T2DM), overweight or obese"
19427842,arm_acupuncture,acupuncture group,verum_acupuncture,WHR,physiological,not_reported,before treatment and after treatment (Day 35),mean ± SD,Before: 0.95 (0.06); After: 0.94 (0.06),49.0,-0.01 (0.04),p=0.311,not_reported,not_reported,p=0.191,not_reported,"type 2 diabetes mellitus (T2DM), overweight or obese"
19427842,arm_control,control group,sham_acupuncture,WHR,physiological,not_reported,before treatment and after treatment (Day 35),mean ± SD,Before: 0.95 (0.06); After: 0.94 (0.06),53.0,-0.02 (0.04),p=0.311,not_reported,not_reported,p=0.003,not_reported,"type 2 diabetes mellitus (T2DM), overweight or obese"
19427842,arm_acupuncture,acupuncture group,verum_acupuncture,FPG (mmol/L),physiological,not_reported,before treatment and after treatment (Day 35),mean ± SD,Before: 7.37 (1.96); After: 6.92 (2.02),49.0,-0.44 (1.46),p=0.881,not_reported,not_reported,p=0.015,not_reported,"type 2 diabetes mellitus (T2DM), overweight or obese"
19427842,arm_control,control group,sham_acupuncture,FPG (mmol/L),physiological,not_reported,before treatment and after treatment (Day 35),mean ± SD,Before: 7.72 (2.03); After: 7.36 (2.18),53.0,-0.37 (1.52),p=0.881,not_reported,not_reported,p=0.037,not_reported,"type 2 diabetes mellitus (T2DM), overweight or obese"
19427842,arm_acupuncture,acupuncture group,verum_acupuncture,2 h PG (mmol/L),physiological,not_reported,before treatment and after treatment (Day 35),mean ± SD,Before: 14.13 (4.43); After: 12.75 (4.10),49.0,-1.38 (2.80),p=0.293,not_reported,not_reported,p=0.001,not_reported,"type 2 diabetes mellitus (T2DM), overweight or obese"
19427842,arm_control,control group,sham_acupuncture,2 h PG (mmol/L),physiological,not_reported,before treatment and after treatment (Day 35),mean ± SD,Before: 14.25 (3.29); After: 13.30 (3.91),53.0,-0.95 (3.34),p=0.293,not_reported,not_reported,p=0.103,not_reported,"type 2 diabetes mellitus (T2DM), overweight or obese"
19427842,arm_acupuncture,acupuncture group,verum_acupuncture,HbA1c (%),physiological,not_reported,before treatment and after treatment (Day 35),mean ± SD,Before: 6.87 (1.12); After: 6.68 (0.97),49.0,-0.18 (0.43),p=0.409,not_reported,not_reported,p=0.01,not_reported,"type 2 diabetes mellitus (T2DM), overweight or obese"
19427842,arm_control,control group,sham_acupuncture,HbA1c (%),physiological,not_reported,before treatment and after treatment (Day 35),mean ± SD,Before: 7.12 (1.16); After: 6.96 (1.13),53.0,-0.17 (0.52),p=0.409,not_reported,not_reported,p=0.064,not_reported,"type 2 diabetes mellitus (T2DM), overweight or obese"
19427842,arm_acupuncture,acupuncture group,verum_acupuncture,TC (mmol/L),physiological,not_reported,before treatment and after treatment (Day 35),mean ± SD,Before: 4.87 (0.95); After: 4.96 (0.93),49.0,0.09 (0.62),p=0.235,not_reported,not_reported,p=0.259,not_reported,"type 2 diabetes mellitus (T2DM), overweight or obese"
19427842,arm_control,control group,sham_acupuncture,TC (mmol/L),physiological,not_reported,before treatment and after treatment (Day 35),mean ± SD,Before: 5.16 (1.00); After: 5.09 (1.02),53.0,-0.07 (0.81),p=0.235,not_reported,not_reported,p=0.559,not_reported,"type 2 diabetes mellitus (T2DM), overweight or obese"
19427842,arm_acupuncture,acupuncture group,verum_acupuncture,TG (mmol/L),physiological,not_reported,before treatment and after treatment (Day 35),mean ± SD,Before: 2.17 (1.22); After: 1.90 (1.08),49.0,-0.26 (0.68),p=0.842,not_reported,not_reported,p=0.018,not_reported,"type 2 diabetes mellitus (T2DM), overweight or obese"
19427842,arm_control,control group,sham_acupuncture,TG (mmol/L),physiological,not_reported,before treatment and after treatment (Day 35),mean ± SD,Before: 2.42 (1.30); After: 2.19 (1.07),53.0,-0.24 (1.16),p=0.842,not_reported,not_reported,p=0.12,not_reported,"type 2 diabetes mellitus (T2DM), overweight or obese"
19427842,arm_acupuncture,acupuncture group,verum_acupuncture,HDL-c (mmol/L),physiological,not_reported,before treatment and after treatment (Day 35),mean ± SD,Before: 1.21 (0.31); After: 1.20 (0.28),49.0,-0.02 (0.15),p=0.677,not_reported,not_reported,p=0.684,not_reported,"type 2 diabetes mellitus (T2DM), overweight or obese"
19427842,arm_control,control group,sham_acupuncture,HDL-c (mmol/L),physiological,not_reported,before treatment and after treatment (Day 35),mean ± SD,Before: 1.14 (0.25); After: 1.13 (0.23),53.0,-0.01 (0.15),p=0.677,not_reported,not_reported,p=0.804,not_reported,"type 2 diabetes mellitus (T2DM), overweight or obese"
19427842,arm_acupuncture,acupuncture group,verum_acupuncture,LDL-c (mmol/L),physiological,not_reported,before treatment and after treatment (Day 35),mean ± SD,Before: 2.70 (0.81); After: 2.92 (0.78),49.0,0.22 (0.64),p=0.064,not_reported,not_reported,p=0.015,not_reported,"type 2 diabetes mellitus (T2DM), overweight or obese"
19427842,arm_control,control group,sham_acupuncture,LDL-c (mmol/L),physiological,not_reported,before treatment and after treatment (Day 35),mean ± SD,Before: 3.00 (0.75); After: 2.98 (0.82),53.0,0.00 (0.68),p=0.064,not_reported,not_reported,p=1,not_reported,"type 2 diabetes mellitus (T2DM), overweight or obese"
19427842,arm_acupuncture,acupuncture group,verum_acupuncture,ALT (U/L),physiological,not_reported,before treatment and after treatment (Day 35),mean ± SD,Before: 36.26 (31.01); After: 33.14 (28.04),49.0,-3.12 (19.50),p=0.323,not_reported,not_reported,p=0.065,not_reported,"type 2 diabetes mellitus (T2DM), overweight or obese"
19427842,arm_control,control group,sham_acupuncture,ALT (U/L),physiological,not_reported,before treatment and after treatment (Day 35),mean ± SD,Before: 34.51 (16.34); After: 32.21 (24.55),53.0,-2.3 (24.87),p=0.323,not_reported,not_reported,p=0.004,not_reported,"type 2 diabetes mellitus (T2DM), overweight or obese"
19427842,arm_acupuncture,acupuncture group,verum_acupuncture,AST (U/L),physiological,not_reported,before treatment and after treatment (Day 35),mean ± SD,Before: 26.58 (15.89); After: 25.08 (14.25),49.0,-1.5 (8.64),p=0.51,not_reported,not_reported,p=0.284,not_reported,"type 2 diabetes mellitus (T2DM), overweight or obese"
19427842,arm_control,control group,sham_acupuncture,AST (U/L),physiological,not_reported,before treatment and after treatment (Day 35),mean ± SD,Before: 25.67 (13.20); After: 24.79 (12.52),53.0,-0.88 (12.86),p=0.51,not_reported,not_reported,p=0.041,not_reported,"type 2 diabetes mellitus (T2DM), overweight or obese"
19427842,arm_acupuncture,acupuncture group,verum_acupuncture,ALP (U/L),physiological,not_reported,before treatment and after treatment (Day 35),mean ± SD,Before: 76.98 (22.90); After: 72.78 (19.74),49.0,-4.70 (8.43),p=0.43,not_reported,not_reported,p=0.002,not_reported,"type 2 diabetes mellitus (T2DM), overweight or obese"
19427842,arm_control,control group,sham_acupuncture,ALP (U/L),physiological,not_reported,before treatment and after treatment (Day 35),mean ± SD,Before: 74.47 (22.06); After: 70.83 (18.22),53.0,-3.64 (12.43),p=0.43,not_reported,not_reported,p=0.043,not_reported,"type 2 diabetes mellitus (T2DM), overweight or obese"
19427842,arm_acupuncture,acupuncture group,verum_acupuncture,GGT (U/L),physiological,not_reported,before treatment and after treatment (Day 35),mean ± SD,Before: 38.94 (23.95); After: 34.00 (23.82),49.0,-4.94 (11.02),p=0.586,not_reported,not_reported,p<0.001,not_reported,"type 2 diabetes mellitus (T2DM), overweight or obese"
19427842,arm_control,control group,sham_acupuncture,GGT (U/L),physiological,not_reported,before treatment and after treatment (Day 35),mean ± SD,Before: 42.29 (35.51); After: 40.13 (48.90),53.0,-2.16 (21.45),p=0.586,not_reported,not_reported,p=0.006,not_reported,"type 2 diabetes mellitus (T2DM), overweight or obese"
19427842,arm_acupuncture,acupuncture group,verum_acupuncture,BUN (mmol/L),physiological,not_reported,before treatment and after treatment (Day 35),mean ± SD,Before: 5.08 (1.21); After: 5.21 (1.31),49.0,0.13 (1.01),p=0.675,not_reported,not_reported,p=0.359,not_reported,"type 2 diabetes mellitus (T2DM), overweight or obese"
19427842,arm_control,control group,sham_acupuncture,BUN (mmol/L),physiological,not_reported,before treatment and after treatment (Day 35),mean ± SD,Before: 5.31 (1.11); After: 5.37 (1.33),53.0,0.06 (1.17),p=0.675,not_reported,not_reported,p=0.906,not_reported,"type 2 diabetes mellitus (T2DM), overweight or obese"
19427842,arm_acupuncture,acupuncture group,verum_acupuncture,Scr (umol/L),physiological,not_reported,before treatment and after treatment (Day 35),mean ± SD,Before: 67.77 (18.26); After: 68.33 (19.30),49.0,0.56 (5.39),p=0.542,not_reported,not_reported,p=0.438,not_reported,"type 2 diabetes mellitus (T2DM), overweight or obese"
19427842,arm_control,control group,sham_acupuncture,Scr (umol/L),physiological,not_reported,before treatment and after treatment (Day 35),mean ± SD,Before: 67.86 (14.87); After: 67.37 (14.50),53.0,-0.49 (4.65),p=0.542,not_reported,not_reported,p=0.974,not_reported,"type 2 diabetes mellitus (T2DM), overweight or obese"
19427842,arm_acupuncture,acupuncture group,verum_acupuncture,SUA (umol/L),physiological,not_reported,before treatment and after treatment (Day 35),mean ± SD,Before: 357.38 (77.65); After: 365.16 (96.18),49.0,7.78 (64.29),p=0.652,not_reported,not_reported,p=0.931,not_reported,"type 2 diabetes mellitus (T2DM), overweight or obese"
19427842,arm_control,control group,sham_acupuncture,SUA (umol/L),physiological,not_reported,before treatment and after treatment (Day 35),mean ± SD,Before: 366.75 (82.59); After: 372.15 (88.40),53.0,5.40 (88.14),p=0.652,not_reported,not_reported,p=0.496,not_reported,"type 2 diabetes mellitus (T2DM), overweight or obese"
19427842,arm_acupuncture,acupuncture group,verum_acupuncture,Liver Fat Composition (%),physiological,MRI-PDFF,before treatment and after treatment (Day 35),mean ± SD,Before: 16.29 (7.65); After: 12.98 (6.26),35.0,-3.31 (3.68),p=0.038,not_reported,not_reported,p<0.001,"74 participants (35 acupuncture, 39 control) based on voluntariness","type 2 diabetes mellitus (T2DM), overweight or obese"
19427842,arm_control,control group,sham_acupuncture,Liver Fat Composition (%),physiological,MRI-PDFF,before treatment and after treatment (Day 35),mean ± SD,Before: 16.64 (7.45); After: 15.65 (7.39),39.0,-0.99 (2.84),p=0.038,not_reported,not_reported,p=0.032,"74 participants (35 acupuncture, 39 control) based on voluntariness","type 2 diabetes mellitus (T2DM), overweight or obese"
19427842,arm_acupuncture,acupuncture group,verum_acupuncture,Pancreatic Fat Composition (%),physiological,MRI-PDFF,before treatment and after treatment (Day 35),mean ± SD,Before: 10.45 (5.03); After: 10.35 (4.45),35.0,-0.10 (3.86),p=0.463,not_reported,not_reported,p=0.412,not_reported,"type 2 diabetes mellitus (T2DM), overweight or obese"
19427842,arm_control,control group,sham_acupuncture,Pancreatic Fat Composition (%),physiological,MRI-PDFF,before treatment and after treatment (Day 35),mean ± SD,Before: 12.14 (5.75); After: 11.52 (5.30),39.0,-0.62 (4.44),p=0.463,not_reported,not_reported,p=0.295,not_reported,"type 2 diabetes mellitus (T2DM), overweight or obese"
19427842,arm_acupuncture,acupuncture group,verum_acupuncture,Psoas Fat Composition (%),physiological,MRI-PDFF,before treatment and after treatment (Day 35),mean ± SD,Before: 8.73 (4.50); After: 7.38 (3.66),35.0,-1.35 (3.66),p=0.092,not_reported,not_reported,p=0.049,not_reported,"type 2 diabetes mellitus (T2DM), overweight or obese"
19427842,arm_control,control group,sham_acupuncture,Psoas Fat Composition (%),physiological,MRI-PDFF,before treatment and after treatment (Day 35),mean ± SD,Before: 7.66 (4.25); After: 7.57 (5.51),39.0,-0.08 (4.79),p=0.092,not_reported,not_reported,p=0.758,not_reported,"type 2 diabetes mellitus (T2DM), overweight or obese"
19427842,arm_acupuncture,acupuncture group,verum_acupuncture,Body Fat Percentage (%),physiological,bioelectrical impedance analysis,before treatment and after treatment (Day 35),mean ± SD,Before: 29.14 (6.53); After: 27.68 (6.18),35.0,-1.28 (1.63),p=0.058,not_reported,not_reported,p=0.004,not_reported,"type 2 diabetes mellitus (T2DM), overweight or obese"
19427842,arm_control,control group,sham_acupuncture,Body Fat Percentage (%),physiological,bioelectrical impedance analysis,before treatment and after treatment (Day 35),mean ± SD,Before: 28.89 (5.16); After: 28.77 (5.55),39.0,-0.12 (1.74),p=0.058,not_reported,not_reported,p=0.505,not_reported,"type 2 diabetes mellitus (T2DM), overweight or obese"
19427842,arm_acupuncture,acupuncture group,verum_acupuncture,Visceral Fat Area (cm2),physiological,bioelectrical impedance analysis,before treatment and after treatment (Day 35),mean ± SD,Before: 142.95 (38.14); After: 134.00 (37.68),35.0,-8.95 (9.06),p=0.076,not_reported,not_reported,p=0.001,not_reported,"type 2 diabetes mellitus (T2DM), overweight or obese"
19427842,arm_control,control group,sham_acupuncture,Visceral Fat Area (cm2),physiological,bioelectrical impedance analysis,before treatment and after treatment (Day 35),mean ± SD,Before: 137.61 (30.24); After: 137.12 (32.69),39.0,-0.49 (12.34),p=0.076,not_reported,not_reported,p=0.326,not_reported,"type 2 diabetes mellitus (T2DM), overweight or obese"
19427842,arm_acupuncture,acupuncture group,verum_acupuncture,Body Water Percentage (%),physiological,bioelectrical impedance analysis,before treatment and after treatment (Day 35),mean ± SD,Before: 36.28 (6.22); After: 36.63 (5.97),35.0,0.35 (0.80),p=0.281,not_reported,not_reported,p=0.336,not_reported,"type 2 diabetes mellitus (T2DM), overweight or obese"
19427842,arm_control,control group,sham_acupuncture,Body Water Percentage (%),physiological,bioelectrical impedance analysis,before treatment and after treatment (Day 35),mean ± SD,Before: 37.93 (7.68); After: 36.98 (7.35),39.0,-0.95 (1.49),p=0.281,not_reported,not_reported,p=0.537,not_reported,"type 2 diabetes mellitus (T2DM), overweight or obese"
19427842,arm_acupuncture,acupuncture group,verum_acupuncture,Skeletal Muscle Mass (kg),physiological,bioelectrical impedance analysis,before treatment and after treatment (Day 35),mean ± SD,Before: 27.25 (5.12); After: 27.56 (4.91),35.0,0.31 (0.69),p=0.544,not_reported,not_reported,p=0.347,not_reported,"type 2 diabetes mellitus (T2DM), overweight or obese"
19427842,arm_control,control group,sham_acupuncture,Skeletal Muscle Mass (kg),physiological,bioelectrical impedance analysis,before treatment and after treatment (Day 35),mean ± SD,Before: 28.57 (6.27); After: 27.86 (5.98),39.0,-0.71 (1.20),p=0.544,not_reported,not_reported,p=0.875,not_reported,"type 2 diabetes mellitus (T2DM), overweight or obese"
19500677,arm_tinnitus,patients with subjective tinnitus,verum_acupuncture,Tinnitus Handicap Inventory (THI) total score,symptom_severity,Tinnitus Handicap Inventory (THI),pre-acupuncture,other,not_reported (visible in Figure 2A violin plot only),26.0,significantly decreased after acupuncture treatment,not_reported,not_reported,not_reported,p < 0.05,not_reported,subjective tinnitus
19500677,arm_tinnitus,patients with subjective tinnitus,verum_acupuncture,Tinnitus Handicap Inventory (THI) total score,symptom_severity,Tinnitus Handicap Inventory (THI),post-acupuncture,other,not_reported (visible in Figure 2A violin plot only),26.0,significantly decreased after acupuncture treatment (p < 0.05),not_reported,not_reported,not_reported,p < 0.05,not_reported,subjective tinnitus
19500677,arm_tinnitus,patients with subjective tinnitus,verum_acupuncture,Tinnitus Evaluation Questionnaire (TEQ) score,symptom_severity,Tinnitus Evaluation Questionnaire (TEQ),pre-acupuncture,other,not_reported (visible in Figure 2B violin plot only),26.0,significantly decreased after acupuncture treatment,not_reported,not_reported,not_reported,p < 0.05,not_reported,subjective tinnitus
19500677,arm_tinnitus,patients with subjective tinnitus,verum_acupuncture,Tinnitus Evaluation Questionnaire (TEQ) score,symptom_severity,Tinnitus Evaluation Questionnaire (TEQ),post-acupuncture,other,not_reported (visible in Figure 2B violin plot only),26.0,significantly decreased after acupuncture treatment (p < 0.05),not_reported,not_reported,not_reported,p < 0.05,not_reported,subjective tinnitus
19500677,arm_tinnitus,patients with subjective tinnitus,verum_acupuncture,Visual Analog Scale (VAS) score,symptom_severity,Visual Analog Scale (VAS),pre-acupuncture,other,not_reported (visible in Figure 2C violin plot only),26.0,significantly decreased after acupuncture treatment,not_reported,not_reported,not_reported,p < 0.05,not_reported,subjective tinnitus
19500677,arm_tinnitus,patients with subjective tinnitus,verum_acupuncture,Visual Analog Scale (VAS) score,symptom_severity,Visual Analog Scale (VAS),post-acupuncture,other,not_reported (visible in Figure 2C violin plot only),26.0,significantly decreased after acupuncture treatment (p < 0.05),not_reported,not_reported,not_reported,p < 0.05,not_reported,subjective tinnitus
19501656,TA,True Acupuncture (TA),verum_acupuncture,Zung self-rating anxiety scale (SAS),mood,Zung self-rating anxiety scale (SAS),Baseline,mean ± SD,49.95 ± 10.82,24.0,not_reported,p = 0.998 (vs. SA at baseline),not_reported,two-sample t-test,0.998,not_reported,Menstrual migraine without aura (MMoA)
19501656,TA,True Acupuncture (TA),verum_acupuncture,Zung self-rating anxiety scale (SAS),mood,Zung self-rating anxiety scale (SAS),4 weeks,mean ± SD,45.29 ± 7.97,24.0,not_reported,p = 0.639 (vs. SA),not_reported,two-sample t-test,0.639,not_reported,Menstrual migraine without aura (MMoA)
19501656,TA,True Acupuncture (TA),verum_acupuncture,Zung self-rating anxiety scale (SAS),mood,Zung self-rating anxiety scale (SAS),8 weeks,mean ± SD,42.52 ± 6.94,24.0,not_reported,p = 0.639 (vs. SA),not_reported,two-sample t-test,0.639,not_reported,Menstrual migraine without aura (MMoA)
19501656,TA,True Acupuncture (TA),verum_acupuncture,Zung self-rating anxiety scale (SAS),mood,Zung self-rating anxiety scale (SAS),12 weeks,mean ± SD,42.81 ± 8.28,24.0,Significant decrease from baseline; p < 0.001 (paired-t test within TA group),p = 0.460 (vs. SA at 12 weeks),not_reported,"paired-t test (within-group); two-sample t-test (between groups); repeated-measures ANOVA (pT = 0.000, pT*G = 0.641, pG = 0.521)",pa < 0.001 (within-group); pb = 0.460 (between-group at 12 weeks),not_reported,Menstrual migraine without aura (MMoA)
19501656,SA,Sham Acupuncture (SA),sham_acupuncture,Zung self-rating anxiety scale (SAS),mood,Zung self-rating anxiety scale (SAS),Baseline,mean ± SD,49.96 ± 10.72,20.0,not_reported,p = 0.998 (vs. TA at baseline),not_reported,two-sample t-test,0.998,not_reported,Menstrual migraine without aura (MMoA)
19501656,SA,Sham Acupuncture (SA),sham_acupuncture,Zung self-rating anxiety scale (SAS),mood,Zung self-rating anxiety scale (SAS),4 weeks,mean ± SD,46.68 ± 11.92,20.0,not_reported,p = 0.639 (vs. TA),not_reported,two-sample t-test,0.639,not_reported,Menstrual migraine without aura (MMoA)
19501656,SA,Sham Acupuncture (SA),sham_acupuncture,Zung self-rating anxiety scale (SAS),mood,Zung self-rating anxiety scale (SAS),8 weeks,mean ± SD,45.64 ± 10.19,20.0,not_reported,p = 0.639 (vs. TA),not_reported,two-sample t-test,0.639,not_reported,Menstrual migraine without aura (MMoA)
19501656,SA,Sham Acupuncture (SA),sham_acupuncture,Zung self-rating anxiety scale (SAS),mood,Zung self-rating anxiety scale (SAS),12 weeks,mean ± SD,45.16 ± 12.28,20.0,Significant decrease from baseline; p = 0.016 (paired-t test within SA group),p = 0.460 (vs. TA at 12 weeks),not_reported,"paired-t test (within-group); two-sample t-test (between groups); repeated-measures ANOVA (pT = 0.000, pT*G = 0.641, pG = 0.521)",pa = 0.016 (within-group); pb = 0.460 (between-group at 12 weeks),not_reported,Menstrual migraine without aura (MMoA)
19501656,TA,True Acupuncture (TA),verum_acupuncture,Zung self-rating depression scale (SDS),mood,Zung self-rating depression scale (SDS),Baseline,mean ± SD,51.19 ± 12.32,24.0,not_reported,p = 0.826 (vs. SA at baseline),not_reported,two-sample t-test,0.826,not_reported,Menstrual migraine without aura (MMoA)
19501656,TA,True Acupuncture (TA),verum_acupuncture,Zung self-rating depression scale (SDS),mood,Zung self-rating depression scale (SDS),4 weeks,mean ± SD,48.19 ± 11.90,24.0,not_reported,p = 0.990 (vs. SA),not_reported,two-sample t-test,0.990,not_reported,Menstrual migraine without aura (MMoA)
19501656,TA,True Acupuncture (TA),verum_acupuncture,Zung self-rating depression scale (SDS),mood,Zung self-rating depression scale (SDS),8 weeks,mean ± SD,46.09 ± 12.14,24.0,not_reported,p = 0.778 (vs. SA),not_reported,two-sample t-test,0.778,not_reported,Menstrual migraine without aura (MMoA)
19501656,TA,True Acupuncture (TA),verum_acupuncture,Zung self-rating depression scale (SDS),mood,Zung self-rating depression scale (SDS),12 weeks,mean ± SD,44.29 ± 12.57,24.0,Significant decrease from baseline; p = 0.003 (paired-t test within TA group),p = 0.591 (vs. SA at 12 weeks),not_reported,"paired-t test (within-group); two-sample t-test (between groups); repeated-measures ANOVA (pT = 0.000, pT*G = 0.359, pG = 0.777)",pa = 0.003 (within-group); pb = 0.591 (between-group at 12 weeks),not_reported,Menstrual migraine without aura (MMoA)
19501656,SA,Sham Acupuncture (SA),sham_acupuncture,Zung self-rating depression scale (SDS),mood,Zung self-rating depression scale (SDS),Baseline,mean ± SD,50.36 ± 12.92,20.0,not_reported,p = 0.826 (vs. TA at baseline),not_reported,two-sample t-test,0.826,not_reported,Menstrual migraine without aura (MMoA)
19501656,SA,Sham Acupuncture (SA),sham_acupuncture,Zung self-rating depression scale (SDS),mood,Zung self-rating depression scale (SDS),4 weeks,mean ± SD,48.24 ± 14.11,20.0,not_reported,p = 0.990 (vs. TA),not_reported,two-sample t-test,0.990,not_reported,Menstrual migraine without aura (MMoA)
19501656,SA,Sham Acupuncture (SA),sham_acupuncture,Zung self-rating depression scale (SDS),mood,Zung self-rating depression scale (SDS),8 weeks,mean ± SD,47.04 ± 10.45,20.0,not_reported,p = 0.778 (vs. TA),not_reported,two-sample t-test,0.778,not_reported,Menstrual migraine without aura (MMoA)
19501656,SA,Sham Acupuncture (SA),sham_acupuncture,Zung self-rating depression scale (SDS),mood,Zung self-rating depression scale (SDS),12 weeks,mean ± SD,46.20 ± 11.41,20.0,Significant decrease from baseline; p = 0.005 (paired-t test within SA group),p = 0.591 (vs. TA at 12 weeks),not_reported,"paired-t test (within-group); two-sample t-test (between groups); repeated-measures ANOVA (pT = 0.000, pT*G = 0.359, pG = 0.777)",pa = 0.005 (within-group); pb = 0.591 (between-group at 12 weeks),not_reported,Menstrual migraine without aura (MMoA)
19501656,TA,True Acupuncture (TA),verum_acupuncture,Frequency of migraine attacks (times),symptom_severity,Headache diary (frequency defined as the number of migraine separated by pain free intervals of at least 48 h),Baseline,mean ± SD,3.76 ± 2.35,24.0,not_reported,p = 0.436 (vs. SA at baseline),not_reported,two-sample t-test,0.436,not_reported,Menstrual migraine without aura (MMoA)
19501656,TA,True Acupuncture (TA),verum_acupuncture,Frequency of migraine attacks (times),symptom_severity,Headache diary,4 weeks,mean ± SD,3.44 ± 2.18,24.0,not_reported,p = 0.085 (vs. SA),not_reported,two-sample t-test,0.085,not_reported,Menstrual migraine without aura (MMoA)
19501656,TA,True Acupuncture (TA),verum_acupuncture,Frequency of migraine attacks (times),symptom_severity,Headache diary,8 weeks,mean ± SD,3.00 ± 2.04,24.0,not_reported,p = 0.424 (vs. SA),not_reported,two-sample t-test,0.424,not_reported,Menstrual migraine without aura (MMoA)
19501656,TA,True Acupuncture (TA),verum_acupuncture,Frequency of migraine attacks (times),symptom_severity,Headache diary,12 weeks,mean ± SD,2.64 ± 2.89,24.0,Significant decrease from baseline; p = 0.025 (paired-t test within TA group),p = 0.378 (vs. SA at 12 weeks),not_reported,"paired-t test (within-group); two-sample t-test (between groups); repeated-measures ANOVA (pT = 0.002, pT*G = 0.204, pG = 0.313)",pa = 0.025 (within-group); pb = 0.378 (between-group at 12 weeks),not_reported,Menstrual migraine without aura (MMoA)
19501656,SA,Sham Acupuncture (SA),sham_acupuncture,Frequency of migraine attacks (times),symptom_severity,Headache diary,Baseline,mean ± SD,3.29 ± 1.59,20.0,not_reported,p = 0.436 (vs. TA at baseline),not_reported,two-sample t-test,0.436,not_reported,Menstrual migraine without aura (MMoA)
19501656,SA,Sham Acupuncture (SA),sham_acupuncture,Frequency of migraine attacks (times),symptom_severity,Headache diary,4 weeks,mean ± SD,4.95 ± 3.58,20.0,not_reported,p = 0.085 (vs. TA),not_reported,two-sample t-test,0.085,not_reported,Menstrual migraine without aura (MMoA)
19501656,SA,Sham Acupuncture (SA),sham_acupuncture,Frequency of migraine attacks (times),symptom_severity,Headache diary,8 weeks,mean ± SD,3.62 ± 3.12,20.0,not_reported,p = 0.424 (vs. TA),not_reported,two-sample t-test,0.424,not_reported,Menstrual migraine without aura (MMoA)
19501656,SA,Sham Acupuncture (SA),sham_acupuncture,Frequency of migraine attacks (times),symptom_severity,Headache diary,12 weeks,mean ± SD,3.29 ± 1.77,20.0,Not significant; p = 0.149 (paired-t test within SA group),p = 0.378 (vs. TA at 12 weeks),not_reported,"paired-t test (within-group); two-sample t-test (between groups); repeated-measures ANOVA (pT = 0.002, pT*G = 0.204, pG = 0.313)",pa = 0.149 (within-group); pb = 0.378 (between-group at 12 weeks),not_reported,Menstrual migraine without aura (MMoA)
19501656,TA,True Acupuncture (TA),verum_acupuncture,VAS score,pain,Visual analog scale (VAS) score of 0-10,Baseline,mean ± SD,6.40 ± 1.55,24.0,not_reported,p = 0.095 (vs. SA at baseline),not_reported,two-sample t-test,0.095,not_reported,Menstrual migraine without aura (MMoA)
19501656,TA,True Acupuncture (TA),verum_acupuncture,VAS score,pain,Visual analog scale (VAS),4 weeks,mean ± SD,5.44 ± 1.63,24.0,not_reported,p = 0.266 (vs. SA),not_reported,two-sample t-test,0.266,not_reported,Menstrual migraine without aura (MMoA)
19501656,TA,True Acupuncture (TA),verum_acupuncture,VAS score,pain,Visual analog scale (VAS),8 weeks,mean ± SD,4.52 ± 2.38,24.0,not_reported,p = 0.480 (vs. SA),not_reported,two-sample t-test,0.480,not_reported,Menstrual migraine without aura (MMoA)
19501656,TA,True Acupuncture (TA),verum_acupuncture,VAS score,pain,Visual analog scale (VAS),12 weeks,mean ± SD,3.16 ± 2.24,24.0,Significant decrease from baseline; p < 0.001 (paired-t test within TA group),p = 0.782 (vs. SA at 12 weeks),not_reported,"paired-t test (within-group); two-sample t-test (between groups); repeated-measures ANOVA (pT = 0.000, pT*G = 0.590, pG = 0.346)",pa < 0.001 (within-group); pb = 0.782 (between-group at 12 weeks),not_reported,Menstrual migraine without aura (MMoA)
19501656,SA,Sham Acupuncture (SA),sham_acupuncture,VAS score,pain,Visual analog scale (VAS) score of 0-10,Baseline,mean ± SD,5.60 ± 1.57,20.0,not_reported,p = 0.095 (vs. TA at baseline),not_reported,two-sample t-test,0.095,not_reported,Menstrual migraine without aura (MMoA)
19501656,SA,Sham Acupuncture (SA),sham_acupuncture,VAS score,pain,Visual analog scale (VAS),4 weeks,mean ± SD,4.81 ± 2.16,20.0,not_reported,p = 0.266 (vs. TA),not_reported,two-sample t-test,0.266,not_reported,Menstrual migraine without aura (MMoA)
19501656,SA,Sham Acupuncture (SA),sham_acupuncture,VAS score,pain,Visual analog scale (VAS),8 weeks,mean ± SD,4.05 ± 2.06,20.0,not_reported,p = 0.480 (vs. TA),not_reported,two-sample t-test,0.480,not_reported,Menstrual migraine without aura (MMoA)
19501656,SA,Sham Acupuncture (SA),sham_acupuncture,VAS score,pain,Visual analog scale (VAS),12 weeks,mean ± SD,3.33 ± 1.90#,20.0,Significant decrease from baseline; p < 0.001 (paired-t test within SA group),p = 0.782 (vs. TA at 12 weeks),not_reported,"paired-t test (within-group); two-sample t-test (between groups); repeated-measures ANOVA (pT = 0.000, pT*G = 0.590, pG = 0.346)",pa < 0.001 (within-group); pb = 0.782 (between-group at 12 weeks),not_reported,Menstrual migraine without aura (MMoA)
19501656,TA,True Acupuncture (TA),verum_acupuncture,Intensity of the migraine,pain,Intensity of migraines on a scale of 0-3,Baseline,mean ± SD,2.00 ± 0.54,24.0,not_reported,p = 0.829 (vs. SA at baseline),not_reported,two-sample t-test,0.829,not_reported,Menstrual migraine without aura (MMoA)
19501656,TA,True Acupuncture (TA),verum_acupuncture,Intensity of the migraine,pain,Intensity of migraines on a scale of 0-3,4 weeks,mean ± SD,1.43 ± 0.926,24.0,not_reported,p = 0.019 (vs. SA),not_reported,two-sample t-test,0.019,not_reported,Menstrual migraine without aura (MMoA)
19501656,TA,True Acupuncture (TA),verum_acupuncture,Intensity of the migraine,pain,Intensity of migraines on a scale of 0-3,8 weeks,mean ± SD,1.38 ± 0.740,24.0,not_reported,p = 0.330 (vs. SA),not_reported,two-sample t-test,0.330,not_reported,Menstrual migraine without aura (MMoA)
19501656,TA,True Acupuncture (TA),verum_acupuncture,Intensity of the migraine,pain,Intensity of migraines on a scale of 0-3,12 weeks,mean ± SD,1.38 ± 0.669,24.0,Significant decrease from baseline; p = 0.006 (paired-t test within TA group),p = 0.367 (vs. SA at 12 weeks),not_reported,"paired-t test (within-group); two-sample t-test (between groups); repeated-measures ANOVA (pT = 0.000, pT*G = 0.144, pG = 0.112)",pa = 0.006 (within-group); pb = 0.367 (between-group at 12 weeks),not_reported,Menstrual migraine without aura (MMoA)
19501656,SA,Sham Acupuncture (SA),sham_acupuncture,Intensity of the migraine,pain,Intensity of migraines on a scale of 0-3,Baseline,mean ± SD,2.04 ± 0.67,20.0,not_reported,p = 0.829 (vs. TA at baseline),not_reported,two-sample t-test,0.829,not_reported,Menstrual migraine without aura (MMoA)
19501656,SA,Sham Acupuncture (SA),sham_acupuncture,Intensity of the migraine,pain,Intensity of migraines on a scale of 0-3,4 weeks,mean ± SD,1.96 ± 0.539,20.0,not_reported,p = 0.019 (vs. TA),not_reported,two-sample t-test,0.019,not_reported,Menstrual migraine without aura (MMoA)
19501656,SA,Sham Acupuncture (SA),sham_acupuncture,Intensity of the migraine,pain,Intensity of migraines on a scale of 0-3,8 weeks,mean ± SD,1.64 ± 0.995,20.0,not_reported,p = 0.330 (vs. TA),not_reported,two-sample t-test,0.330,not_reported,Menstrual migraine without aura (MMoA)
19501656,SA,Sham Acupuncture (SA),sham_acupuncture,Intensity of the migraine,pain,Intensity of migraines on a scale of 0-3,12 weeks,mean ± SD,1.60 ± 0.913,20.0,Significant decrease from baseline; p = 0.019 (paired-t test within SA group),p = 0.367 (vs. TA at 12 weeks),not_reported,"paired-t test (within-group); two-sample t-test (between groups); repeated-measures ANOVA (pT = 0.000, pT*G = 0.144, pG = 0.112)",pa = 0.019 (within-group); pb = 0.367 (between-group at 12 weeks),not_reported,Menstrual migraine without aura (MMoA)
19595739,arm_stroke,stroke patients,verum_acupuncture,Mini-Mental State Examination (MMSE),cognition,Mini-Mental State Examination (MMSE),baseline (at enrollment),other,Subject 1: 22; Subject 2: 30; Subject 3: 27; Subject 4: 29; Subject 5: 22; Subject 6: 30; Subject 7: 24; Subject 8: 30,8.0,not_reported,not_reported,not_reported,not_reported,not_reported,stroke patients,"Right hemispheric ischemic stroke (corona radiate, internal capsule, or basal ganglia infarction)"
19595739,arm_stroke,stroke patients,verum_acupuncture,National Institute of Health Stroke Scale (NIHSS),symptom_severity,National Institute of Health Stroke Scale (NIHSS),baseline (at enrollment),other,Subject 1: 14; Subject 2: 3; Subject 3: 9; Subject 4: 5; Subject 5: 8; Subject 6: 7; Subject 7: 3; Subject 8: 5,8.0,not_reported,not_reported,not_reported,not_reported,not_reported,stroke patients,"Right hemispheric ischemic stroke (corona radiate, internal capsule, or basal ganglia infarction)"
19666085,arm_TTH,TTH patients,other,Duration of TTH,symptom_severity,not_reported,Baseline (1 month before study),mean ± SD,66.63 ± 53.89,36.0,not_reported,not_reported,not_reported,not_reported,not_reported,TTH patients,Tension-type headache (TTH)
19666085,arm_TTH,TTH patients,other,Frequency of headache attacks per month,symptom_severity,headache diary,Baseline (1 month before study),median [IQR],"5(3.25, 7.75)",36.0,not_reported,not_reported,not_reported,not_reported,not_reported,TTH patients,Tension-type headache (TTH)
19666085,arm_TTH,TTH patients,other,Number of days with headache per month,symptom_severity,headache diary,Baseline (1 month before study),median [IQR],"5(4, 7.75)",36.0,not_reported,not_reported,not_reported,not_reported,not_reported,TTH patients,Tension-type headache (TTH)
19666085,arm_TTH,TTH patients,other,Headache last days per month,symptom_severity,headache diary,Baseline (1 month before study),median [IQR],"1.46 (0.83, 2.45)",36.0,not_reported,not_reported,not_reported,not_reported,not_reported,TTH patients,Tension-type headache (TTH)
19666085,arm_TTH,TTH patients,other,Maximum VAS scores,pain,Visual Analogue Scale (VAS),Baseline (1 month before study),mean ± SD,5.46 ± 1.74,36.0,not_reported,not_reported,not_reported,not_reported,not_reported,TTH patients,Tension-type headache (TTH)
19666085,arm_TTH,TTH patients,other,Average VAS scores,pain,Visual Analogue Scale (VAS),Baseline (1 month before study),mean ± SD,4.27 ± 1.21,36.0,not_reported,not_reported,not_reported,not_reported,not_reported,TTH patients,Tension-type headache (TTH)
20027574,arm_real_acu,real acupuncture group,verum_acupuncture,Change from baseline in monthly migraine days (MMDs) during wk 1 to 4,symptom_severity,monthly migraine days (MMDs),weeks 1 to 4,median [IQR],−3.0 (−5.0 to −2.0),60.0,−3.0 (−5.0 to −2.0),"median difference −1.0 (95% CI, −2.0 to 0)",not_reported,Wilcoxon rank-sum test (Mann-Whitney U); Hodges-Lehmann estimate,P = .02,intention-to-treat,Migraine without aura (MWOA)
20027574,arm_sham_acu,sham acupuncture group,sham_acupuncture,Change from baseline in monthly migraine days (MMDs) during wk 1 to 4,symptom_severity,monthly migraine days (MMDs),weeks 1 to 4,median [IQR],−3.0 (−4.0 to −1.0),60.0,−3.0 (−4.0 to −1.0),"median difference −1.0 (95% CI, −2.0 to 0)",not_reported,Wilcoxon rank-sum test (Mann-Whitney U); Hodges-Lehmann estimate,P = .02,intention-to-treat,Migraine without aura (MWOA)
20027574,arm_real_acu,real acupuncture group,verum_acupuncture,≥50% Reduction in MMDs during wk 1 to 4,responder,monthly migraine days (MMDs),weeks 1 to 4,percentage,66.7 (SE 6.1),60.0,not_reported,"OR: 1.80 (95% CI, 0.84 to 3.66)","OR: 1.80 (95% CI, 0.84 to 3.66)",logistic regression model,P = .14,intention-to-treat,Migraine without aura (MWOA)
20027574,arm_sham_acu,sham acupuncture group,sham_acupuncture,≥50% Reduction in MMDs during wk 1 to 4,responder,monthly migraine days (MMDs),weeks 1 to 4,percentage,53.3 (SE 6.5),60.0,not_reported,"OR: 1.80 (95% CI, 0.84 to 3.66)","OR: 1.80 (95% CI, 0.84 to 3.66)",logistic regression model,P = .14,intention-to-treat,Migraine without aura (MWOA)
20027574,arm_real_acu,real acupuncture group,verum_acupuncture,Change from baseline in MHDs during wk 1 to 4,symptom_severity,monthly headache days (MHDs),weeks 1 to 4,median [IQR],−4.0 (−6.0 to −2.8),60.0,−4.0 (−6.0 to −2.8),"median difference −1.0 (95% CI, −2.0 to 0)",not_reported,Wilcoxon rank-sum test (Mann-Whitney U); Hodges-Lehmann estimate,P = .01,intention-to-treat,Migraine without aura (MWOA)
20027574,arm_sham_acu,sham acupuncture group,sham_acupuncture,Change from baseline in MHDs during wk 1 to 4,symptom_severity,monthly headache days (MHDs),weeks 1 to 4,median [IQR],−3.0 (−4.0 to −1.0),60.0,−3.0 (−4.0 to −1.0),"median difference −1.0 (95% CI, −2.0 to 0)",not_reported,Wilcoxon rank-sum test (Mann-Whitney U); Hodges-Lehmann estimate,P = .01,intention-to-treat,Migraine without aura (MWOA)
20027574,arm_real_acu,real acupuncture group,verum_acupuncture,Change from baseline in monthly acute medication use days during wk 1 to 4,medication_use,monthly acute medication use days,weeks 1 to 4,median [IQR],−3.0 (−4.0 to −2.0),60.0,−3.0 (−4.0 to −2.0),"median difference −1.0 (95% CI, −2.0 to 0)",not_reported,Wilcoxon rank-sum test (Mann-Whitney U); Hodges-Lehmann estimate,P = .02,intention-to-treat,Migraine without aura (MWOA)
20027574,arm_sham_acu,sham acupuncture group,sham_acupuncture,Change from baseline in monthly acute medication use days during wk 1 to 4,medication_use,monthly acute medication use days,weeks 1 to 4,median [IQR],−2.0 (−4.0 to −1.0),60.0,−2.0 (−4.0 to −1.0),"median difference −1.0 (95% CI, −2.0 to 0)",not_reported,Wilcoxon rank-sum test (Mann-Whitney U); Hodges-Lehmann estimate,P = .02,intention-to-treat,Migraine without aura (MWOA)
20027574,arm_real_acu,real acupuncture group,verum_acupuncture,Change from baseline in VAS total score at wk 4,pain,visual analog scale (VAS); score range 0 (indicating no pain) to 10 (indicating severe pain),week 4,median [IQR],−2.0 (−4.0 to −1.0),60.0,−2.0 (−4.0 to −1.0),"median difference −1.0 (95% CI, −1.0 to 0)",not_reported,Wilcoxon rank-sum test (Mann-Whitney U); Hodges-Lehmann estimate,P = .02,intention-to-treat,Migraine without aura (MWOA)
20027574,arm_sham_acu,sham acupuncture group,sham_acupuncture,Change from baseline in VAS total score at wk 4,pain,visual analog scale (VAS); score range 0 (indicating no pain) to 10 (indicating severe pain),week 4,median [IQR],−1.0 (−2.1 to −1.0),60.0,−1.0 (−2.1 to −1.0),"median difference −1.0 (95% CI, −1.0 to 0)",not_reported,Wilcoxon rank-sum test (Mann-Whitney U); Hodges-Lehmann estimate,P = .02,intention-to-treat,Migraine without aura (MWOA)
20027574,arm_real_acu,real acupuncture group,verum_acupuncture,Change from baseline in HIT-6 total score at wk 4,function,"6-item Headache Impact Test (HIT-6); score range 36 to 78, with higher scores indicating severe headache effect",week 4,mean ± SE,−8.3 (SE 0.8),60.0,−8.3 (SE 0.8),"mean difference −2.9 (95% CI, −5.4 to −0.5)",not_reported,"independent-sample, 2-tailed t test",P = .02,intention-to-treat,Migraine without aura (MWOA)
20027574,arm_sham_acu,sham acupuncture group,sham_acupuncture,Change from baseline in HIT-6 total score at wk 4,function,"6-item Headache Impact Test (HIT-6); score range 36 to 78, with higher scores indicating severe headache effect",week 4,mean ± SE,−5.4 (SE 0.9),60.0,−5.4 (SE 0.9),"mean difference −2.9 (95% CI, −5.4 to −0.5)",not_reported,"independent-sample, 2-tailed t test",P = .02,intention-to-treat,Migraine without aura (MWOA)
20027574,arm_real_acu,real acupuncture group,verum_acupuncture,Change from baseline in MSQ RR score at wk 4,quality_of_life,"Migraine-Specific Quality of Life Questionnaire (MSQ) Role Function-Restrictive (RR) domain; score range 0 to 100, higher scores indicating superior quality of life",week 4,median [IQR],20.0 (11.4 to 27.8),60.0,20.0 (11.4 to 27.8),"median difference 8.6 (95% CI, 3.7 to 14.3)",not_reported,Wilcoxon rank-sum test (Mann-Whitney U); Hodges-Lehmann estimate,P < .001,intention-to-treat,Migraine without aura (MWOA)
20027574,arm_sham_acu,sham acupuncture group,sham_acupuncture,Change from baseline in MSQ RR score at wk 4,quality_of_life,"Migraine-Specific Quality of Life Questionnaire (MSQ) Role Function-Restrictive (RR) domain; score range 0 to 100, higher scores indicating superior quality of life",week 4,median [IQR],8.6 (2.1 to 20.7),60.0,8.6 (2.1 to 20.7),"median difference 8.6 (95% CI, 3.7 to 14.3)",not_reported,Wilcoxon rank-sum test (Mann-Whitney U); Hodges-Lehmann estimate,P < .001,intention-to-treat,Migraine without aura (MWOA)
20027574,arm_real_acu,real acupuncture group,verum_acupuncture,Change from baseline in MSQ RP score at wk 4,quality_of_life,"Migraine-Specific Quality of Life Questionnaire (MSQ) Role Function-Preventive (RP) domain; score range 0 to 100, higher scores indicating superior quality of life",week 4,median [IQR],15.0 (5.0 to 25.0),60.0,15.0 (5.0 to 25.0),"median difference 5.0 (95% CI, 0 to 10.0)",not_reported,Wilcoxon rank-sum test (Mann-Whitney U); Hodges-Lehmann estimate,P = .02,intention-to-treat,Migraine without aura (MWOA)
20027574,arm_sham_acu,sham acupuncture group,sham_acupuncture,Change from baseline in MSQ RP score at wk 4,quality_of_life,"Migraine-Specific Quality of Life Questionnaire (MSQ) Role Function-Preventive (RP) domain; score range 0 to 100, higher scores indicating superior quality of life",week 4,median [IQR],10.0 (0 to 20.0),60.0,10.0 (0 to 20.0),"median difference 5.0 (95% CI, 0 to 10.0)",not_reported,Wilcoxon rank-sum test (Mann-Whitney U); Hodges-Lehmann estimate,P = .02,intention-to-treat,Migraine without aura (MWOA)
20027574,arm_real_acu,real acupuncture group,verum_acupuncture,Change from baseline in MSQ EF score at wk 4,quality_of_life,"Migraine-Specific Quality of Life Questionnaire (MSQ) Emotional Function (EF) domain; score range 0 to 100, higher scores indicating superior quality of life",week 4,median [IQR],13.3 (6.7 to 20.0),60.0,13.3 (6.7 to 20.0),"median difference 6.7 (95% CI, 0 to 13.3)",not_reported,Wilcoxon rank-sum test (Mann-Whitney U); Hodges-Lehmann estimate,P = .001,intention-to-treat,Migraine without aura (MWOA)
20027574,arm_sham_acu,sham acupuncture group,sham_acupuncture,Change from baseline in MSQ EF score at wk 4,quality_of_life,"Migraine-Specific Quality of Life Questionnaire (MSQ) Emotional Function (EF) domain; score range 0 to 100, higher scores indicating superior quality of life",week 4,median [IQR],0 (0 to 15.0),60.0,0 (0 to 15.0),"median difference 6.7 (95% CI, 0 to 13.3)",not_reported,Wilcoxon rank-sum test (Mann-Whitney U); Hodges-Lehmann estimate,P = .001,intention-to-treat,Migraine without aura (MWOA)
20027574,arm_real_acu,real acupuncture group,verum_acupuncture,Participant satisfaction at week 4,other,not_reported,week 4,count and percentage,58 (96.7%),60.0,not_reported,58 (96.7%) vs 44 (73.3%),not_reported,not_reported,P = .01,not_reported,Migraine without aura (MWOA)
20027574,arm_sham_acu,sham acupuncture group,sham_acupuncture,Participant satisfaction at week 4,other,not_reported,week 4,count and percentage,44 (73.3%),60.0,not_reported,58 (96.7%) vs 44 (73.3%),not_reported,not_reported,P = .01,not_reported,Migraine without aura (MWOA)
20071124,contra_group,contralateral acupuncture group (contra-group),verum_acupuncture,Pain intensity (VAS),pain,visual analog scale (VAS); 0–100 mm,Baseline (pre-treatment),mean ± SD,67.92 ± 16.16,12.0,not_reported,not_reported,not_reported,two-sample independent t-test,p = 0.250 (between-group baseline comparison),not_reported,Unilateral chronic shoulder pain (CSP); left-sided shoulder pain
20071124,contra_group,contralateral acupuncture group (contra-group),verum_acupuncture,Pain intensity (VAS),pain,visual analog scale (VAS); 0–100 mm,Post-treatment,mean ± SD,47.50 ± 17.26,12.0,−20.42 ± 5.62 [95% CI: −32.79 – −8.04],not significant; p = 0.122,not_reported,paired-samples t-test (within-group); two-sample independent t-test (between-group change),p = 0.004 (within-group); p = 0.122 (between-group change comparison),not_reported,Unilateral chronic shoulder pain (CSP); left-sided shoulder pain
20071124,ipsi_group,ipsilateral acupuncture group (ipsi-group),verum_acupuncture,Pain intensity (VAS),pain,visual analog scale (VAS); 0–100 mm,Baseline (pre-treatment),mean ± SD,60.63 ± 7.29,8.0,not_reported,not_reported,not_reported,two-sample independent t-test,p = 0.250 (between-group baseline comparison),not_reported,Unilateral chronic shoulder pain (CSP); left-sided shoulder pain
20071124,ipsi_group,ipsilateral acupuncture group (ipsi-group),verum_acupuncture,Pain intensity (VAS),pain,visual analog scale (VAS); 0–100 mm,Post-treatment,mean ± SD,51.88 ± 5.30,8.0,−8.75 ± 2.27 [95% CI: −14.11 – −3.39],not significant; p = 0.122,not_reported,paired-samples t-test (within-group); two-sample independent t-test (between-group change),p = 0.006 (within-group); p = 0.122 (between-group change comparison),not_reported,Unilateral chronic shoulder pain (CSP); left-sided shoulder pain
20071124,contra_group,contralateral acupuncture group (contra-group),verum_acupuncture,Function (CMS),function,Constant–Murley score (CMS); 0–100 points,Baseline (pre-treatment),mean ± SD,50.67 ± 9.94,12.0,not_reported,not_reported,not_reported,two-sample independent t-test,p = 0.309 (between-group baseline comparison),not_reported,Unilateral chronic shoulder pain (CSP); left-sided shoulder pain
20071124,contra_group,contralateral acupuncture group (contra-group),verum_acupuncture,Function (CMS),function,Constant–Murley score (CMS); 0–100 points,Post-treatment,mean ± SD,66.33 ± 11.17,12.0,15.67 ± 3.07 [95% CI 8.90–22.43],p = 0.010 (contra-group change significantly greater than ipsi-group change),not_reported,paired-samples t-test (within-group); two-sample independent t-test (between-group change),p = 0.000 (within-group); p = 0.010 (between-group change comparison),not_reported,Unilateral chronic shoulder pain (CSP); left-sided shoulder pain
20071124,ipsi_group,ipsilateral acupuncture group (ipsi-group),verum_acupuncture,Function (CMS),function,Constant–Murley score (CMS); 0–100 points,Baseline (pre-treatment),mean ± SD,56.88 ± 16.69,8.0,not_reported,not_reported,not_reported,two-sample independent t-test,p = 0.309 (between-group baseline comparison),not_reported,Unilateral chronic shoulder pain (CSP); left-sided shoulder pain
20071124,ipsi_group,ipsilateral acupuncture group (ipsi-group),verum_acupuncture,Function (CMS),function,Constant–Murley score (CMS); 0–100 points,Post-treatment,mean ± SD,61.38 ± 18.05,8.0,4.50 ± 1.00 [95% CI: 2.24–6.87],p = 0.010 (contra-group change significantly greater than ipsi-group change),not_reported,paired-samples t-test (within-group); two-sample independent t-test (between-group change),p = 0.003 (within-group); p = 0.010 (between-group change comparison),not_reported,Unilateral chronic shoulder pain (CSP); left-sided shoulder pain
20423216,arm_LR3KI3,LR3+KI3 group,verum_acupuncture,blood pressure (BP),physiological,not_reported,after acupuncture treatment,narrative,reduced BP and improved symptoms after acupuncture treatment,,not_reported,not_reported,not_reported,not_reported,not_reported,not_reported,Hypertension (grade 1 or 2)
20573575,not_applicable,,,FMA score,function,Fugl-Meyer Assessment (FMA),Baseline (pre-treatment),mean ± SD,31.76 ± 11.11,70.0,not_reported,BBGIS vs. HC: p < 0.001,not_reported,not_reported,p < 0.001,BBGIS patients (n = 70),Bilateral basal ganglia ischemic stroke (BBGIS)
20573575,arm_IDSA,IDSA treatment group,verum_acupuncture,FMA score,function,Fugl-Meyer Assessment (FMA),Pre-treatment,mean ± SD,33.03 ± 12.23,31.0,not_reported,IDSA vs. Sham pre-treatment: P > 0.05,not_reported,not_reported,P = 0.686 (from figure caption),IDSA group,Bilateral basal ganglia ischemic stroke (BBGIS)
20573575,arm_sham,Sham IDSA group,sham_acupuncture,FMA score,function,Fugl-Meyer Assessment (FMA),Pre-treatment,mean ± SD,34.35 ± 10.8,31.0,not_reported,IDSA vs. Sham pre-treatment: P > 0.05,not_reported,not_reported,P = 0.686 (from figure caption),Sham IDSA group,Bilateral basal ganglia ischemic stroke (BBGIS)
20573575,arm_IDSA,IDSA treatment group,verum_acupuncture,FMA score,function,Fugl-Meyer Assessment (FMA),Post-treatment (4 weeks),mean ± SD,53.23 ± 13.6,31.0,not_reported,"IDSA 53.23 ± 13.6 vs. Sham 44.35 ± 11.2, p < 0.05",not_reported,not_reported,p < 0.05 (between-group); P = 0.010 (from Figure 7),IDSA group,Bilateral basal ganglia ischemic stroke (BBGIS)
20573575,arm_sham,Sham IDSA group,sham_acupuncture,FMA score,function,Fugl-Meyer Assessment (FMA),Post-treatment (4 weeks),mean ± SD,44.35 ± 11.2,31.0,not_reported,"IDSA 53.23 ± 13.6 vs. Sham 44.35 ± 11.2, p < 0.05",not_reported,not_reported,p < 0.05 (between-group); P = 0.010 (from Figure 7),Sham IDSA group,Bilateral basal ganglia ischemic stroke (BBGIS)
20573575,arm_IDSA,IDSA treatment group,verum_acupuncture,FCD change in SMA_R (ΔFCD),other,Functional connectivity density (FCD) in SMA_R,Post-treatment (4 weeks) vs. pre-treatment,mean ± SD,Δ = 0.64 ± 0.22,31.0,"Δ = 0.64 ± 0.22, p < 0.001","IDSA ΔFCD = 0.64 ± 0.22 vs. Sham 0.11 ± 0.18; ANCOVA F(1,59) = 28.6, p < 0.001",not_reported,"ANCOVA F(1,59) = 28.6",p < 0.001,IDSA group,Bilateral basal ganglia ischemic stroke (BBGIS)
20573575,arm_IDSA,IDSA treatment group,verum_acupuncture,FCD change in C8_R (ΔFCD),other,Functional connectivity density (FCD) in C8_R,Post-treatment (4 weeks) vs. pre-treatment,mean ± SD,Δ = 0.77 ± 0.91,31.0,"Δ = 0.77 ± 0.91, p < 0.05","IDSA ΔFCD = 0.77 ± 0.91 vs. Sham 0.09 ± 0.21; F(1,59) = 9.4, p = 0.038",not_reported,"ANCOVA F(1,59) = 9.4",p = 0.038,IDSA group,Bilateral basal ganglia ischemic stroke (BBGIS)
20838644,EG,electroacupuncture group,verum_acupuncture,THI scores,symptom_severity,Tinnitus Handicap Inventory (THI),Pre-treatment,mean ± SD,50.56 ± 19.91,34.0,not_reported,not_reported,not_reported,not_reported,not_reported,not_reported,Subjective tinnitus (ST)
20838644,EG,electroacupuncture group,verum_acupuncture,THI scores,symptom_severity,Tinnitus Handicap Inventory (THI),Post-treatment,mean ± SD,25.94 ± 18.18,34.0,significantly decreased post-treatment compared with pre-treatment (*p<0.05),not_reported,not_reported,"paired T-test or rank sum test (tested for normality and homogeneity of variance; if normal distribution met, paired T-test used; if not, rank sum test used)",p<0.01 (stated in abstract); p<0.05 (stated in Table 2),not_reported,Subjective tinnitus (ST)
20838644,EG,electroacupuncture group,verum_acupuncture,Average hearing threshold scores/dB HL,physiological,"pure tone audiometry; average air conduction hearing threshold (250–8,000Hz; MI44, Maico)",Pre-treatment,mean ± SD,33.74 ± 19.19,34.0,not_reported,not_reported,not_reported,not_reported,not_reported,not_reported,Subjective tinnitus (ST)
20838644,EG,electroacupuncture group,verum_acupuncture,Average hearing threshold scores/dB HL,physiological,"pure tone audiometry; average air conduction hearing threshold (250–8,000Hz; MI44, Maico)",Post-treatment,mean ± SD,25.21 ± 16.38,34.0,significantly decreased post-treatment compared with pre-treatment (*p<0.05),not_reported,not_reported,paired T-test or rank sum test,p<0.01 (stated in abstract); p<0.05 (stated in Table 2),not_reported,Subjective tinnitus (ST)
20838644,EG,electroacupuncture group,verum_acupuncture,Total effective rate of ST patients treated with electroacupuncture,responder,Tinnitus Handicap Inventory (THI),Post-treatment,percentage,total effective rate of 88.24%,34.0,not_reported,not_reported,not_reported,not_reported,not_reported,"34 ST patients treated with acupuncture: 2 cases cured, 16 cases significantly effective, 12 cases effective, 4 cases ineffective",Subjective tinnitus (ST)
20838644,EG,electroacupuncture group,verum_acupuncture,Correlation between THI score and reduction of FC value in INS-left superior frontal gyrus before treatment,symptom_severity,Tinnitus Handicap Inventory (THI),before electroacupuncture treatment,other,"r = −0.41, p = 0.017",34.0,not_reported,not_reported,r = −0.41,Pearson correlation coefficient,p = 0.017,not_reported,Subjective tinnitus (ST)
20953400,arm_mdd,MDD,verum_acupuncture,HAMD-17 score,symptom_severity,17-item Hamilton Depression Rating Scale (HAMD-17),Baseline (pre-intervention),mean ± SD,23.2 (4.0),20.0,not_reported,not_reported,not_reported,Independent samples t-test,0.000,not_reported,Major depressive disorder (MDD)
20953400,arm_hc,HC,healthy_control,HAMD-17 score,symptom_severity,17-item Hamilton Depression Rating Scale (HAMD-17),Baseline (single scan),mean ± SD,1.9 (1.5),20.0,not_reported,not_reported,not_reported,Independent samples t-test,0.000,not_reported,Major depressive disorder (MDD)
20953400,arm_mdd,MDD,verum_acupuncture,Age (years),other,not_applicable,Baseline,mean ± SD,25.6 (3.7),20.0,not_reported,not_reported,not_reported,Independent samples t-test,0.734,not_reported,Major depressive disorder (MDD)
20953400,arm_hc,HC,healthy_control,Age (years),other,not_applicable,Baseline,mean ± SD,25.1 (5.4),20.0,not_reported,not_reported,not_reported,Independent samples t-test,0.734,not_reported,Major depressive disorder (MDD)
20953400,arm_mdd,MDD,verum_acupuncture,BMI (kg/m2),physiological,not_applicable,Baseline,mean ± SD,20.4 (1.8),20.0,not_reported,not_reported,not_reported,Independent samples t-test,0.986,not_reported,Major depressive disorder (MDD)
20953400,arm_hc,HC,healthy_control,BMI (kg/m2),physiological,not_applicable,Baseline,mean ± SD,20.4 (2.7),20.0,not_reported,not_reported,not_reported,Independent samples t-test,0.986,not_reported,Major depressive disorder (MDD)
20953400,arm_mdd,MDD,verum_acupuncture,Duration of illness (months),other,not_applicable,Baseline,mean ± SD,20.5 (9.82),20.0,not_reported,not_reported,not_reported,not_reported,not_reported,not_reported,Major depressive disorder (MDD)
21080967,arm_BP_acupuncture,Bell's palsy patients receiving acupuncture,verum_acupuncture,House-Brackmann (H-B) score,symptom_severity,House-Brackmann (H-B) score,pre-treatment,count,"I: 0, II: 0, III: 0, IV: 1, V: 13, VI: 6",20.0,not_reported,not_reported,not_reported,Wilcoxon test,p < 0.01,not_reported,Bell's palsy (acute unilateral facial paralysis caused by inflammation of the facial nerve)
21080967,arm_BP_acupuncture,Bell's palsy patients receiving acupuncture,verum_acupuncture,House-Brackmann (H-B) score,symptom_severity,House-Brackmann (H-B) score,"post-treatment (after 4 weeks, 16 sessions)",count,"I: 2, II: 6, III: 3, IV: 3, V: 5, VI: 1",20.0,"significant improvement; Z = -3.88, p < 0.01",not_applicable,not_reported,Wilcoxon test,p < 0.01,not_reported,Bell's palsy (acute unilateral facial paralysis caused by inflammation of the facial nerve)
21616623,arm_real,Real acupuncture group,verum_acupuncture,Visual Analog Scale (VAS) abdominal pain severity,pain,Visual Analog Scale (VAS) 0-10,Baseline,mean ± SD,6.17(0.99),20.0,not_reported,"T = 0.94, P = 0.41 (vs. sham at baseline)",not_reported,independent t-test,0.41,not_reported,Primary dysmenorrhea (PDM)
21616623,arm_sham,Sham acupuncture group,sham_acupuncture,Visual Analog Scale (VAS) abdominal pain severity,pain,Visual Analog Scale (VAS) 0-10,Baseline,mean ± SD,5.87(1.18),15.0,not_reported,"T = 0.94, P = 0.41 (vs. real at baseline)",not_reported,independent t-test,0.41,not_reported,Primary dysmenorrhea (PDM)
21616623,arm_real,Real acupuncture group,verum_acupuncture,Visual Analog Scale (VAS) abdominal pain severity,pain,Visual Analog Scale (VAS) 0-10,Post-treatment,mean ± SD,3.35(1.49),20.0,"VAS change = 3.40(1.53); t = 9.90, P < 0.01","T = 4.03, P < 0.001 (vs. sham at post-treatment)",not_reported,paired t-test (within group); independent t-test (between groups),within group: P < 0.01; between groups: P < 0.001,not_reported,Primary dysmenorrhea (PDM)
21616623,arm_sham,Sham acupuncture group,sham_acupuncture,Visual Analog Scale (VAS) abdominal pain severity,pain,Visual Analog Scale (VAS) 0-10,Post-treatment,mean ± SD,5.39(1.38),15.0,"VAS change = 1.03(1.84); t = 2.10, P = 0.06","T = 4.03, P < 0.001 (vs. real at post-treatment)",not_reported,paired t-test (within group); independent t-test (between groups),within group: P = 0.06 (not significant); between groups: P < 0.001,not_reported,Primary dysmenorrhea (PDM)
21616623,arm_real,Real acupuncture group,verum_acupuncture,VAS change (baseline minus post-treatment),pain,Visual Analog Scale (VAS) 0-10,Post-treatment vs. baseline,mean ± SD,3.40(1.53),20.0,"t = 9.90, P < 0.01","T = 4.07, P < 0.001 (vs. sham VAS change)",not_reported,paired t-test (within group); independent t-test (between groups),within group: P < 0.01; between groups: P < 0.001,not_reported,Primary dysmenorrhea (PDM)
21616623,arm_sham,Sham acupuncture group,sham_acupuncture,VAS change (baseline minus post-treatment),pain,Visual Analog Scale (VAS) 0-10,Post-treatment vs. baseline,mean ± SD,1.03(1.84),15.0,"t = 2.10, P = 0.06","T = 4.07, P < 0.001 (vs. real VAS change)",not_reported,paired t-test (within group); independent t-test (between groups),within group: P = 0.06 (not significant); between groups: P < 0.001,not_reported,Primary dysmenorrhea (PDM)
21616623,arm_real,Real acupuncture group,verum_acupuncture,VAS change rate (%),pain,Visual Analog Scale (VAS) 0-10,Post-treatment vs. baseline,mean ± SD,50.80(22.57),20.0,not_reported,"T = 3.49, P < 0.001 (vs. sham)",not_reported,independent t-test,P < 0.001,not_reported,Primary dysmenorrhea (PDM)
21616623,arm_sham,Sham acupuncture group,sham_acupuncture,VAS change rate (%),pain,Visual Analog Scale (VAS) 0-10,Post-treatment vs. baseline,mean ± SD,19.42(36.59),15.0,not_reported,"T = 3.49, P < 0.001 (vs. real)",not_reported,independent t-test,P < 0.001,not_reported,Primary dysmenorrhea (PDM)
21616623,arm_real,Real acupuncture group,verum_acupuncture,Self-rating Anxiety Scale (SAS),mood,Self-rating Anxiety Scale (SAS),Baseline,mean ± SD,41.87(4.77),20.0,not_reported,"T = 0.66, P = 0.51",not_reported,independent t-test,0.51,not_reported,Primary dysmenorrhea (PDM)
21616623,arm_sham,Sham acupuncture group,sham_acupuncture,Self-rating Anxiety Scale (SAS),mood,Self-rating Anxiety Scale (SAS),Baseline,mean ± SD,40.46(7.82),15.0,not_reported,"T = 0.66, P = 0.51",not_reported,independent t-test,0.51,not_reported,Primary dysmenorrhea (PDM)
21616623,arm_real,Real acupuncture group,verum_acupuncture,Self-rating Depression Scale (SDS),mood,Self-rating Depression Scale (SDS),Baseline,mean ± SD,40.36(6.61),20.0,not_reported,"T = 0.17, P = 0.30",not_reported,independent t-test,0.30,not_reported,Primary dysmenorrhea (PDM)
21616623,arm_sham,Sham acupuncture group,sham_acupuncture,Self-rating Depression Scale (SDS),mood,Self-rating Depression Scale (SDS),Baseline,mean ± SD,43.33(10.17),15.0,not_reported,"T = 0.17, P = 0.30",not_reported,independent t-test,0.30,not_reported,Primary dysmenorrhea (PDM)
21616623,not_applicable,,,"Pearson correlations between duration of disease, baseline VAS, SDS, and SAS scores, and changes of the VAS scores",pain,not_reported,Baseline vs. post-treatment change,other,All P > 0.05; not significant,35.0,not_applicable,not_applicable,not_reported,Pearson correlation,all P > 0.05,not_reported,Primary dysmenorrhea (PDM)
22197696,arm_CID_crosssec,CID patients (Dataset 1),other,Pittsburgh Sleep Quality Index (PSQI),symptom_severity,Pittsburgh Sleep Quality Index (PSQI),Baseline,mean ± SD,13.09 (2.97),105.0,not_reported,not_reported,not_reported,Mann-Whitney U test,< 0.001,CID patients (Dataset 1),Chronic insomnia disorder (CID)
22197696,arm_HC_crosssec,Healthy controls (Dataset 1),healthy_control,Pittsburgh Sleep Quality Index (PSQI),symptom_severity,Pittsburgh Sleep Quality Index (PSQI),Baseline,mean ± SD,2.88 (1.77),92.0,not_reported,not_reported,not_reported,Mann-Whitney U test,< 0.001,Healthy controls (Dataset 1),Chronic insomnia disorder (CID)
22197696,arm_CID_crosssec,CID patients (Dataset 1),other,Insomnia Severity Index (ISI),symptom_severity,Insomnia Severity Index (ISI),Baseline,mean ± SD,17.03 (4.55),105.0,not_reported,not_reported,not_reported,Mann-Whitney U test,< 0.001,CID patients (Dataset 1),Chronic insomnia disorder (CID)
22197696,arm_HC_crosssec,Healthy controls (Dataset 1),healthy_control,Insomnia Severity Index (ISI),symptom_severity,Insomnia Severity Index (ISI),Baseline,mean ± SD,3.20 (3.68),92.0,not_reported,not_reported,not_reported,Mann-Whitney U test,< 0.001,Healthy controls (Dataset 1),Chronic insomnia disorder (CID)
22197696,arm_CID_crosssec,CID patients (Dataset 1),other,Self-Rating Depression Scale (SDS),mood,Self-Rating Depression Scale (SDS),Baseline,mean ± SD,51.66 (12.69),105.0,not_reported,not_reported,not_reported,not_reported,not_reported,CID patients (Dataset 1),Chronic insomnia disorder (CID)
22197696,arm_CID_crosssec,CID patients (Dataset 1),other,Self-Rating Anxiety Scale (SAS),mood,Self-Rating Anxiety Scale (SAS),Baseline,mean ± SD,53.50 (12.71),105.0,not_reported,not_reported,not_reported,not_reported,not_reported,CID patients (Dataset 1),Chronic insomnia disorder (CID)
22197696,arm_acupuncture,Acupuncture group (Dataset 2),verum_acupuncture,Pittsburgh Sleep Quality Index (PSQI),symptom_severity,Pittsburgh Sleep Quality Index (PSQI),Baseline,mean ± SD,13.30 (2.46),23.0,not_reported,not_reported,not_reported,two-sample t-test,0.28,Acupuncture group (Dataset 2),Chronic insomnia disorder (CID)
22197696,arm_acupuncture,Acupuncture group (Dataset 2),verum_acupuncture,Pittsburgh Sleep Quality Index (PSQI),symptom_severity,Pittsburgh Sleep Quality Index (PSQI),4 weeks,mean ± SD,7.35 (2.53),23.0,−5.96 (3.04),not_reported,not_reported,not_reported,not_reported,Acupuncture group (Dataset 2),Chronic insomnia disorder (CID)
22197696,arm_waitlist,Waitlist group (Dataset 2),waitlist,Pittsburgh Sleep Quality Index (PSQI),symptom_severity,Pittsburgh Sleep Quality Index (PSQI),Baseline,mean ± SD,12.48 (2.64),21.0,not_reported,not_reported,not_reported,two-sample t-test,0.28,Waitlist group (Dataset 2),Chronic insomnia disorder (CID)
22197696,arm_waitlist,Waitlist group (Dataset 2),waitlist,Pittsburgh Sleep Quality Index (PSQI),symptom_severity,Pittsburgh Sleep Quality Index (PSQI),4 weeks,mean ± SD,11.81 (2.06),21.0,−0.67 (1.91),not_reported,not_reported,Welch Two Sample t-test,0.00,Waitlist group (Dataset 2),Chronic insomnia disorder (CID)
22197696,arm_acupuncture,Acupuncture group (Dataset 2),verum_acupuncture,Insomnia Severity Index (ISI),symptom_severity,Insomnia Severity Index (ISI),Baseline,mean ± SD,17.26 (3.86),23.0,not_reported,not_reported,not_reported,two-sample t-test,0.13,Acupuncture group (Dataset 2),Chronic insomnia disorder (CID)
22197696,arm_acupuncture,Acupuncture group (Dataset 2),verum_acupuncture,Insomnia Severity Index (ISI),symptom_severity,Insomnia Severity Index (ISI),4 weeks,mean ± SD,9.22 (4.36),23.0,−8.04 (5.12),not_reported,not_reported,not_reported,not_reported,Acupuncture group (Dataset 2),Chronic insomnia disorder (CID)
22197696,arm_waitlist,Waitlist group (Dataset 2),waitlist,Insomnia Severity Index (ISI),symptom_severity,Insomnia Severity Index (ISI),Baseline,mean ± SD,15.57 (3.40),21.0,not_reported,not_reported,not_reported,two-sample t-test,0.13,Waitlist group (Dataset 2),Chronic insomnia disorder (CID)
22197696,arm_waitlist,Waitlist group (Dataset 2),waitlist,Insomnia Severity Index (ISI),symptom_severity,Insomnia Severity Index (ISI),4 weeks,mean ± SD,15.43 (4.01),21.0,−0.14 (2.73),not_reported,not_reported,Mann-Whitney U test,0.00,Waitlist group (Dataset 2),Chronic insomnia disorder (CID)
22197696,arm_acupuncture,Acupuncture group (Dataset 2),verum_acupuncture,Self-Rating Anxiety Scale (SAS),mood,Self-Rating Anxiety Scale (SAS),Baseline,mean ± SD,40.04 (7.67),23.0,not_reported,not_reported,not_reported,Mann-Whitney U test,0.16,Acupuncture group (Dataset 2),Chronic insomnia disorder (CID)
22197696,arm_acupuncture,Acupuncture group (Dataset 2),verum_acupuncture,Self-Rating Anxiety Scale (SAS),mood,Self-Rating Anxiety Scale (SAS),4 weeks,mean ± SD,34.00 (5.60),23.0,−6.04 (7.06),not_reported,not_reported,not_reported,not_reported,Acupuncture group (Dataset 2),Chronic insomnia disorder (CID)
22197696,arm_waitlist,Waitlist group (Dataset 2),waitlist,Self-Rating Anxiety Scale (SAS),mood,Self-Rating Anxiety Scale (SAS),Baseline,mean ± SD,36.29 (7.71),21.0,not_reported,not_reported,not_reported,Mann-Whitney U test,0.16,Waitlist group (Dataset 2),Chronic insomnia disorder (CID)
22197696,arm_waitlist,Waitlist group (Dataset 2),waitlist,Self-Rating Anxiety Scale (SAS),mood,Self-Rating Anxiety Scale (SAS),4 weeks,mean ± SD,37.44 (10.02),21.0,1.16 (5.89),not_reported,not_reported,two-sample t-test,0.00,Waitlist group (Dataset 2),Chronic insomnia disorder (CID)
22197696,arm_acupuncture,Acupuncture group (Dataset 2),verum_acupuncture,Self-Rating Depression Scale (SDS),mood,Self-Rating Depression Scale (SDS),Baseline,mean ± SD,41.39 (6.99),23.0,not_reported,not_reported,not_reported,two-sample t-test,0.19,Acupuncture group (Dataset 2),Chronic insomnia disorder (CID)
22197696,arm_acupuncture,Acupuncture group (Dataset 2),verum_acupuncture,Self-Rating Depression Scale (SDS),mood,Self-Rating Depression Scale (SDS),4 weeks,mean ± SD,39.22 (5.95),23.0,−2.17 (7.43),not_reported,not_reported,not_reported,not_reported,Acupuncture group (Dataset 2),Chronic insomnia disorder (CID)
22197696,arm_waitlist,Waitlist group (Dataset 2),waitlist,Self-Rating Depression Scale (SDS),mood,Self-Rating Depression Scale (SDS),Baseline,mean ± SD,38.38 (8.15),21.0,not_reported,not_reported,not_reported,two-sample t-test,0.19,Waitlist group (Dataset 2),Chronic insomnia disorder (CID)
22197696,arm_waitlist,Waitlist group (Dataset 2),waitlist,Self-Rating Depression Scale (SDS),mood,Self-Rating Depression Scale (SDS),4 weeks,mean ± SD,38.86 (8.70),21.0,0.48 (4.76),not_reported,not_reported,Welch Two Sample t-test,0.16,Waitlist group (Dataset 2),Chronic insomnia disorder (CID)
22197696,not_applicable,,,Change in PSQI score (acupuncture vs waitlist),symptom_severity,Pittsburgh Sleep Quality Index (PSQI),Baseline to 4 weeks,change_score,Acupuncture: −5.96 (3.04); Wait: −0.67 (1.91),,not_applicable,Acupuncture change significantly greater than waitlist change,not_reported,Welch Two Sample t-test,0.00,Dataset 2,Chronic insomnia disorder (CID)
22197696,not_applicable,,,Change in ISI score (acupuncture vs waitlist),symptom_severity,Insomnia Severity Index (ISI),Baseline to 4 weeks,change_score,Acupuncture: −8.04 (5.12); Wait: −0.14 (2.73),,not_applicable,Acupuncture change significantly greater than waitlist change,not_reported,Mann-Whitney U test,0.00,Dataset 2,Chronic insomnia disorder (CID)
22197696,not_applicable,,,Change in SAS score (acupuncture vs waitlist),mood,Self-Rating Anxiety Scale (SAS),Baseline to 4 weeks,change_score,Acupuncture: −6.04 (7.06); Wait: 1.16 (5.89),,not_applicable,Acupuncture change significantly greater than waitlist change,not_reported,two-sample t-test,0.00,Dataset 2,Chronic insomnia disorder (CID)
22197696,not_applicable,,,Change in SDS score (acupuncture vs waitlist),mood,Self-Rating Depression Scale (SDS),Baseline to 4 weeks,change_score,Acupuncture: −2.17 (7.43); Wait: 0.48 (4.76),,not_applicable,No significant difference between groups,not_reported,Welch Two Sample t-test,0.16,Dataset 2,Chronic insomnia disorder (CID)
22197696,arm_acupuncture,Acupuncture group (Dataset 2),verum_acupuncture,"Correlation between acupuncture-induced regional CBF changes (ΔCBF) and improvements in clinical scores (ΔPSQI, ΔISI, ΔSAS, ΔSDS)",other,"ΔPSQI, ΔISI, ΔSAS, ΔSDS",Baseline to 4 weeks,p_value_only,not_reported,23.0,not_applicable,not_applicable,not_reported,Pearson correlation,all p>0.05,Acupuncture group (Dataset 2),Chronic insomnia disorder (CID)
22800833,not_applicable,,,Anxiety before acupuncture,mood,numerical scale ranging from −5 (totally relaxed) to 5 (unbearable anxious),before acupuncture treatment in fMRI visit,mean ± SE,−1.58 ± 0.47,24.0,not_reported,not_reported,not_reported,not_reported,not_reported,24 healthy participants,Healthy volunteers (no neurological disorder)
22800833,not_applicable,,,BDI-K,mood,Korean version of Beck Depression Inventory (BDI-K),screening visit,mean ± SE,24.25 ± 0.66,24.0,not_reported,not_reported,not_reported,not_reported,not_reported,24 healthy participants,Healthy volunteers (no neurological disorder)
22800833,not_applicable,,,Perceived deqi sensation across three acupuncture doses and two modalities,sensory,numerical rating scale (0–10),after each stimulation during fMRI scanning session,other,"dose effect: χ2 = 275.2, P < 0.001; modality effect: χ2 = 10.89, P < 0.001; interaction: χ2 = 27.69, P < 0.001; SA overall: 3.81 ± 0.27, VA overall: 2.42 ± 0.23",24.0,not_reported,"SA deqi greater than VA deqi (SA: 3.81 ± 0.27, VA: 2.42 ± 0.23); significant interaction indicating dose effect greater in SA than VA",not_reported,mixed model ANOVA with random effect; Tukey's post hoc test,"dose: χ2 = 275.2, P < 0.001; modality: χ2 = 10.89, P < 0.001; interaction: χ2 = 27.69, P < 0.001","24 healthy participants, 90 trials per participant",Healthy volunteers (no neurological disorder)
22837879,arm_HC,HC group,healthy_control,MMSE score,cognition,Mini-Mental State Examination (MMSE),First (enrollment),mean ± SD,28.22 ± 0.96,41.0,not_reported,significant statistical differences compared to aMCI groups (p = 0.000),not_reported,independent sample t-test or Mann-Whitney U test,0.000,not_reported,amnestic mild cognitive impairment (aMCI)
22837879,arm_HC,HC group,healthy_control,MMSE score,cognition,Mini-Mental State Examination (MMSE),Second (post-intervention period),mean ± SD,28.29 ± 0.93,41.0,not significant (P value = 0.083),not_reported,not_reported,paired-sample t-test,0.083,not_reported,amnestic mild cognitive impairment (aMCI)
22837879,arm_HC,HC group,healthy_control,MoCA score,cognition,Montreal Cognitive Assessment (MoCA),First (enrollment),mean ± SD,27.34 ± 0.96,41.0,not_reported,significant statistical differences compared to aMCI groups (p = 0.000),not_reported,independent sample t-test or Mann-Whitney U test,0.000,not_reported,amnestic mild cognitive impairment (aMCI)
22837879,arm_HC,HC group,healthy_control,MoCA score,cognition,Montreal Cognitive Assessment (MoCA),Second (post-intervention period),mean ± SD,27.43 ± 0.98,41.0,not significant (P value = 0.103),not_reported,not_reported,paired-sample t-test,0.103,not_reported,amnestic mild cognitive impairment (aMCI)
22837879,arm_true,true-acupoint group,verum_acupuncture,MMSE score,cognition,Mini-Mental State Examination (MMSE),First (before acupuncture),mean ± SD,24.06 ± 1.41,35.0,not_reported,significant difference from HC (p = 0.000),not_reported,not_reported,0.000,not_reported,amnestic mild cognitive impairment (aMCI)
22837879,arm_true,true-acupoint group,verum_acupuncture,MMSE score,cognition,Mini-Mental State Examination (MMSE),Second (after acupuncture),mean ± SD,26.17 ± 0.82,35.0,significantly increased (P value = 0.000*),not_reported,not_reported,paired-sample t-test,0.000*,not_reported,amnestic mild cognitive impairment (aMCI)
22837879,arm_true,true-acupoint group,verum_acupuncture,MoCA score,cognition,Montreal Cognitive Assessment (MoCA),First (before acupuncture),mean ± SD,22.31 ± 2.89,35.0,not_reported,significant difference from HC (p = 0.000),not_reported,not_reported,0.000,not_reported,amnestic mild cognitive impairment (aMCI)
22837879,arm_true,true-acupoint group,verum_acupuncture,MoCA score,cognition,Montreal Cognitive Assessment (MoCA),Second (after acupuncture),mean ± SD,24.46 ± 1.74,35.0,significantly increased (P value = 0.000*),not_reported,not_reported,paired-sample t-test,0.000*,not_reported,amnestic mild cognitive impairment (aMCI)
22837879,arm_sham,sham-acupoint group,sham_acupuncture,MMSE score,cognition,Mini-Mental State Examination (MMSE),First (before acupuncture),mean ± SD,25.00 ± 1.81,15.0,not_reported,significant difference from HC (p = 0.000),not_reported,not_reported,0.000,not_reported,amnestic mild cognitive impairment (aMCI)
22837879,arm_sham,sham-acupoint group,sham_acupuncture,MMSE score,cognition,Mini-Mental State Examination (MMSE),Second (after acupuncture),mean ± SD,25.40 ± 1.40,15.0,not significant (P value = 0.054),not_reported,not_reported,paired-sample t-test,0.054,not_reported,amnestic mild cognitive impairment (aMCI)
22837879,arm_sham,sham-acupoint group,sham_acupuncture,MoCA score,cognition,Montreal Cognitive Assessment (MoCA),First (before acupuncture),mean ± SD,22.80 ± 3.12,15.0,not_reported,significant difference from HC (p = 0.000),not_reported,not_reported,0.000,not_reported,amnestic mild cognitive impairment (aMCI)
22837879,arm_sham,sham-acupoint group,sham_acupuncture,MoCA score,cognition,Montreal Cognitive Assessment (MoCA),Second (after acupuncture),mean ± SD,23.07 ± 3.01,15.0,not significant (P value = 0.104),not_reported,not_reported,paired-sample t-test,0.104,not_reported,amnestic mild cognitive impairment (aMCI)
23152865,arm_training_test,training-test set,verum_acupuncture,Symptom Index of Dyspepsia (SID),symptom_severity,Symptom Index of Dyspepsia (SID),baseline,mean ± SD,3.75 ± 1.46,89.0,not_reported,not_reported,not_reported,not_reported,not_reported,training-test set,Functional dyspepsia (FD)
23152865,arm_validation,independent validation set,verum_acupuncture,Symptom Index of Dyspepsia (SID),symptom_severity,Symptom Index of Dyspepsia (SID),baseline,mean ± SD,3.93 ± 1.63,58.0,not_reported,not_reported,not_reported,not_reported,not_reported,independent validation set,Functional dyspepsia (FD)
23152865,arm_training_test,training-test set,verum_acupuncture,Nepean Dyspepsia Symptom Index (NDSI),symptom_severity,Nepean Dyspepsia Symptom Index (NDSI),baseline,mean ± SD,44.70 ± 14.23,89.0,not_reported,not_reported,not_reported,not_reported,not_reported,training-test set,Functional dyspepsia (FD)
23152865,arm_validation,independent validation set,verum_acupuncture,Nepean Dyspepsia Symptom Index (NDSI),symptom_severity,Nepean Dyspepsia Symptom Index (NDSI),baseline,mean ± SD,46.07 ± 18.9,58.0,not_reported,not_reported,not_reported,not_reported,not_reported,independent validation set,Functional dyspepsia (FD)
23152865,arm_training_test,training-test set,verum_acupuncture,Nepean Dyspepsia Life Quality Index (NDLQI),quality_of_life,Nepean Dyspepsia Life Quality Index (NDLQI),baseline,mean ± SD,77.04 ± 9.4,89.0,not_reported,not_reported,not_reported,not_reported,not_reported,training-test set,Functional dyspepsia (FD)
23152865,arm_validation,independent validation set,verum_acupuncture,Nepean Dyspepsia Life Quality Index (NDLQI),quality_of_life,Nepean Dyspepsia Life Quality Index (NDLQI),baseline,mean ± SD,77.31 ± 10.79,58.0,not_reported,not_reported,not_reported,not_reported,not_reported,independent validation set,Functional dyspepsia (FD)
23152865,arm_training_test,training-test set,verum_acupuncture,Self-Rating Anxiety Scale (SAS),mood,Self-Rating Anxiety Scale (SAS),baseline,mean ± SD,42.25 ± 8.1,89.0,not_reported,not_reported,not_reported,not_reported,not_reported,training-test set,Functional dyspepsia (FD)
23152865,arm_validation,independent validation set,verum_acupuncture,Self-Rating Anxiety Scale (SAS),mood,Self-Rating Anxiety Scale (SAS),baseline,mean ± SD,42.79 ± 9.64,58.0,not_reported,not_reported,not_reported,not_reported,not_reported,independent validation set,Functional dyspepsia (FD)
23152865,arm_training_test,training-test set,verum_acupuncture,Self-Rating Depression Scale (SDS),mood,Self-Rating Depression Scale (SDS),baseline,mean ± SD,44.06 ± 10,89.0,not_reported,not_reported,not_reported,not_reported,not_reported,training-test set,Functional dyspepsia (FD)
23152865,arm_validation,independent validation set,verum_acupuncture,Self-Rating Depression Scale (SDS),mood,Self-Rating Depression Scale (SDS),baseline,mean ± SD,45.38 ± 11.2,58.0,not_reported,not_reported,not_reported,not_reported,not_reported,independent validation set,Functional dyspepsia (FD)
23152865,arm_training_test,training-test set,verum_acupuncture,Beck Depression Inventory (BDI),mood,Beck Depression Inventory (BDI),baseline,mean ± SD,7.88 ± 5.02,89.0,not_reported,not_reported,not_reported,not_reported,not_reported,training-test set,Functional dyspepsia (FD)
23152865,arm_validation,independent validation set,verum_acupuncture,Beck Depression Inventory (BDI),mood,Beck Depression Inventory (BDI),baseline,mean ± SD,7.05 ± 5.14,58.0,not_reported,not_reported,not_reported,not_reported,not_reported,independent validation set,Functional dyspepsia (FD)
23152865,arm_training_test,training-test set,verum_acupuncture,Duration of disease,other,not_reported,baseline,mean ± SD,42.49 ± 33.16 months,89.0,not_reported,responders had shorter disease duration than nonresponders (pFDR < .05),not_reported,two-sample t-test with gender as covariate,pFDR < .05,training-test set,Functional dyspepsia (FD)
23152865,arm_validation,independent validation set,verum_acupuncture,Duration of disease,other,not_reported,baseline,mean ± SD,33.81 ± 23.8 months,58.0,not_reported,not_reported,not_reported,not_reported,not_reported,independent validation set,Functional dyspepsia (FD)
23152865,arm_training_test,training-test set,verum_acupuncture,Acupuncture responder status,responder,not_applicable,post-treatment (after 4-week acupuncture),count,"51 responders, 38 nonresponders",89.0,not_reported,not_reported,not_reported,not_reported,not_reported,training-test set,Functional dyspepsia (FD)
23152865,arm_validation,independent validation set,verum_acupuncture,Acupuncture responder status,responder,not_applicable,post-treatment (after 4-week acupuncture),count,"35 responders, 23 nonresponders",58.0,not_reported,not_reported,not_reported,not_reported,not_reported,independent validation set,Functional dyspepsia (FD)
23152865,arm_training_test,training-test set,verum_acupuncture,Baseline SID score as predictive feature,symptom_severity,Symptom Index of Dyspepsia (SID),baseline,narrative,higher baseline SID scores in responders vs nonresponders (pFDR < .05); weight = 0.365,89.0,not_reported,responders had higher baseline SID score than nonresponders (pFDR < .05),weight = 0.365,two-sample t-test with gender as covariate,pFDR < .05,training-test set,Functional dyspepsia (FD)
23222890,arm_Lopez2013_verum,Verum ACU,verum_acupuncture,Blood perfusion changes (SPECT),physiological,SPECT blood perfusion,post one session of verum ACU,narrative,Verum ACU yielded greater changes in the perfusion patterns than sham ACU; verum ACU produced a more significant decrease in blood perfusion,18.0,verum ACU produced a more significant decrease in blood perfusion,Verum ACU yielded greater changes in the perfusion patterns than sham ACU,not_reported,not_reported,not_reported,not_reported,"Multiple (migraine, chronic low back pain, functional dyspepsia, healthy subjects) — review article covering multiple included studies"
23222890,arm_Liu2018_responder,Responder,sham_acupuncture,Alterations of migraine days,symptom_severity,not_reported,after 24 sessions of sham ACU in 8 weeks,narrative,not_reported,,not_reported,not_reported,not_reported,not_reported,not_reported,not_reported,"Multiple (migraine, chronic low back pain, functional dyspepsia, healthy subjects) — review article covering multiple included studies"
23222890,arm_Yang2020_responder,Responder,verum_acupuncture,Alterations of migraine days,symptom_severity,not_reported,after 12 sessions of ACU in 4 weeks,narrative,not_reported,,Responders achieved an increase in GMV of the L cuneus after ACU,"Alterations of migraine days were correlated with the baseline GMV of L cuneus, R MiFG/IFG, L IPL, and SPL/IPL",not_reported,not_reported,not_reported,not_reported,"Multiple (migraine, chronic low back pain, functional dyspepsia, healthy subjects) — review article covering multiple included studies"
23222890,arm_Tu2019_real,Real ACU,verum_acupuncture,Changes of pain severity,pain,not_reported,after 6 sessions of real ACU in 4 weeks,narrative,not_reported,,Changes of pain severity correlated with baseline mPFC-SN and mPFC-AG FC in the real ACU group. Changes of FC between the mPFC and insula/AG were correlated with the relief of pain severity after real treatment,not_reported,not_reported,not_reported,not_reported,not_reported,"Multiple (migraine, chronic low back pain, functional dyspepsia, healthy subjects) — review article covering multiple included studies"
23222890,arm_Tu2019_sham,sham ACU,sham_acupuncture,Changes of pain severity,pain,not_reported,after 6 sessions of sham ACU in 4 weeks,narrative,not_reported,,Baseline mPFC-dACG FC was correlated with changes in pain severity in the sham ACU group. Changes of FC between the mPFC and paraCL/SPL were correlated with the relief of pain severity after sham ACU treatment,not_reported,not_reported,not_reported,not_reported,not_reported,"Multiple (migraine, chronic low back pain, functional dyspepsia, healthy subjects) — review article covering multiple included studies"
23222890,arm_Yu2019_TR,TR (twirling-rotating manipulation),verum_acupuncture,Phase locking value (PLV) during twirling-rotating manipulation,physiological,PLV (phase locking value),during TR manipulation,narrative,PLV of TR was stronger than the baseline,30.0,PLV of TR was stronger than the baseline,six graph theory features of TR was significantly lower than that of LT,not_reported,not_reported,not_reported,not_reported,"Multiple (migraine, chronic low back pain, functional dyspepsia, healthy subjects) — review article covering multiple included studies"
23222890,arm_Yu2019_LT,LT (lifting-thrusting manipulation),verum_acupuncture,Phase locking value (PLV) during lifting-thrusting manipulation,physiological,PLV (phase locking value),during LT manipulation,narrative,PLV of LT was weaker than the baseline,30.0,PLV of LT was weaker than the baseline,six graph theory features of TR was significantly lower than that of LT,not_reported,not_reported,not_reported,not_reported,"Multiple (migraine, chronic low back pain, functional dyspepsia, healthy subjects) — review article covering multiple included studies"
23666154,arm_responders,Acupuncture responders,verum_acupuncture,Symptom Index of Dyspepsia (SID),symptom_severity,Symptom Index of Dyspepsia (SID),baseline,mean ± SD,4.49 ± 1.33,51.0,not_reported,"t = 6.816, P < 0.001",not_reported,t-test,P < 0.001,acupuncture responders (prediction analysis sample),Functional dyspepsia (FD)
23666154,arm_non_responders,Acupuncture non-responders,verum_acupuncture,Symptom Index of Dyspepsia (SID),symptom_severity,Symptom Index of Dyspepsia (SID),baseline,mean ± SD,2.76 ± 0.94,38.0,not_reported,"t = 6.816, P < 0.001",not_reported,t-test,P < 0.001,acupuncture non-responders (prediction analysis sample),Functional dyspepsia (FD)
23666154,arm_FD_acupuncture,FD patients receiving acupuncture treatment,verum_acupuncture,Acupuncture responder status,responder,SID-based responder definition,post-treatment (4 weeks),count,"51 responders, 38 non-responders",89.0,not_reported,not_reported,not_reported,not_reported,not_reported,89 FD patients included in prediction analysis,Functional dyspepsia (FD)
23666154,arm_responders,Acupuncture responders,verum_acupuncture,Duration (Month),other,disease duration in months,baseline,mean ± SD,31.71 ± 22.3,51.0,not_reported,"t = 2.378, P = 0.02",not_reported,t-test,P = 0.02,"acupuncture responders (prediction analysis sample, n=51)",Functional dyspepsia (FD)
23666154,arm_non_responders,Acupuncture non-responders,verum_acupuncture,Duration (Month),other,disease duration in months,baseline,mean ± SD,44 ± 26.4,38.0,not_reported,"t = 2.378, P = 0.02",not_reported,t-test,P = 0.02,"acupuncture non-responders (prediction analysis sample, n=38)",Functional dyspepsia (FD)
23666154,arm_responders,Acupuncture responders,verum_acupuncture,NDLQI,quality_of_life,Nepean Dyspepsia Life Quality Index (NDLQI),baseline,mean ± SD,75.69 ± 9.77,51.0,not_reported,"t = −1.578, P = 0.118",not_reported,t-test,P = 0.118,"acupuncture responders (prediction analysis sample, n=51)",Functional dyspepsia (FD)
23666154,arm_non_responders,Acupuncture non-responders,verum_acupuncture,NDLQI,quality_of_life,Nepean Dyspepsia Life Quality Index (NDLQI),baseline,mean ± SD,78.84 ± 8.67,38.0,not_reported,"t = −1.578, P = 0.118",not_reported,t-test,P = 0.118,"acupuncture non-responders (prediction analysis sample, n=38)",Functional dyspepsia (FD)
23666154,arm_responders,Acupuncture responders,verum_acupuncture,SAS,mood,Zung Self-Rating Anxiety Scale (SAS),baseline,mean ± SD,41.98 ± 8.17,51.0,not_reported,"t = −0.375, P = 0.709",not_reported,t-test,P = 0.709,"acupuncture responders (prediction analysis sample, n=51)",Functional dyspepsia (FD)
23666154,arm_non_responders,Acupuncture non-responders,verum_acupuncture,SAS,mood,Zung Self-Rating Anxiety Scale (SAS),baseline,mean ± SD,42.63 ± 8.04,38.0,not_reported,"t = −0.375, P = 0.709",not_reported,t-test,P = 0.709,"acupuncture non-responders (prediction analysis sample, n=38)",Functional dyspepsia (FD)
23666154,arm_responders,Acupuncture responders,verum_acupuncture,SDS,mood,Zung Self-Rating Depression Scale (SDS),baseline,mean ± SD,44.27 ± 10.66,51.0,not_reported,"t = 0.288, P = 0.774",not_reported,t-test,P = 0.774,"acupuncture responders (prediction analysis sample, n=51)",Functional dyspepsia (FD)
23666154,arm_non_responders,Acupuncture non-responders,verum_acupuncture,SDS,mood,Zung Self-Rating Depression Scale (SDS),baseline,mean ± SD,43.66 ± 9.04,38.0,not_reported,"t = 0.288, P = 0.774",not_reported,t-test,P = 0.774,"acupuncture non-responders (prediction analysis sample, n=38)",Functional dyspepsia (FD)
23666154,arm_responders,Acupuncture responders,verum_acupuncture,SID improvements,symptom_severity,Symptom Index of Dyspepsia (SID),post-treatment (4 weeks),mean ± SD,2.9 ± 0.97,39.0,not_reported,"t = 9.861, P < 0.001",not_reported,t-test,P < 0.001,"acupuncture responders (longitudinal analysis sample, n=39)",Functional dyspepsia (FD)
23666154,arm_non_responders,Acupuncture non-responders,verum_acupuncture,SID improvements,symptom_severity,Symptom Index of Dyspepsia (SID),post-treatment (4 weeks),mean ± SD,0.5 ± 0.95,26.0,not_reported,"t = 9.861, P < 0.001",not_reported,t-test,P < 0.001,"acupuncture non-responders (longitudinal analysis sample, n=26)",Functional dyspepsia (FD)
23666154,arm_responders,Acupuncture responders,verum_acupuncture,NDLQI improvements,quality_of_life,Nepean Dyspepsia Life Quality Index (NDLQI),post-treatment (4 weeks),mean ± SD,13.47 ± 10.69,39.0,not_reported,"t = 2.188, P = 0.022",not_reported,t-test,P = 0.022,"acupuncture responders (longitudinal analysis sample, n=39)",Functional dyspepsia (FD)
23666154,arm_non_responders,Acupuncture non-responders,verum_acupuncture,NDLQI improvements,quality_of_life,Nepean Dyspepsia Life Quality Index (NDLQI),post-treatment (4 weeks),mean ± SD,8.18 ± 7.52,26.0,not_reported,"t = 2.188, P = 0.022",not_reported,t-test,P = 0.022,"acupuncture non-responders (longitudinal analysis sample, n=26)",Functional dyspepsia (FD)
23666154,arm_responders,Acupuncture responders,verum_acupuncture,SAS improvements,mood,Zung Self-Rating Anxiety Scale (SAS),post-treatment (4 weeks),mean ± SD,8.56 ± 11.15,39.0,not_reported,"t = 1.334, P = 0.187",not_reported,t-test,P = 0.187,"acupuncture responders (longitudinal analysis sample, n=39)",Functional dyspepsia (FD)
23666154,arm_non_responders,Acupuncture non-responders,verum_acupuncture,SAS improvements,mood,Zung Self-Rating Anxiety Scale (SAS),post-treatment (4 weeks),mean ± SD,4.95 ± 9.92,26.0,not_reported,"t = 1.334, P = 0.187",not_reported,t-test,P = 0.187,"acupuncture non-responders (longitudinal analysis sample, n=26)",Functional dyspepsia (FD)
23666154,arm_responders,Acupuncture responders,verum_acupuncture,SDS improvements,mood,Zung Self-Rating Depression Scale (SDS),post-treatment (4 weeks),mean ± SD,7.7 ± 11.84,39.0,not_reported,"t = 0.529, P = 0.599",not_reported,t-test,P = 0.599,"acupuncture responders (longitudinal analysis sample, n=39)",Functional dyspepsia (FD)
23666154,arm_non_responders,Acupuncture non-responders,verum_acupuncture,SDS improvements,mood,Zung Self-Rating Depression Scale (SDS),post-treatment (4 weeks),mean ± SD,6.2 ± 10.11,26.0,not_reported,"t = 0.529, P = 0.599",not_reported,t-test,P = 0.599,"acupuncture non-responders (longitudinal analysis sample, n=26)",Functional dyspepsia (FD)
23666154,arm_responders,Acupuncture responders,verum_acupuncture,Duration (Month),other,disease duration in months,baseline,mean ± SD,32.28 ± 23.05,39.0,not_reported,"t = −2.809, P = 0.007",not_reported,t-test,P = 0.007,"acupuncture responders (longitudinal analysis sample, n=39)",Functional dyspepsia (FD)
23666154,arm_non_responders,Acupuncture non-responders,verum_acupuncture,Duration (Month),other,disease duration in months,baseline,mean ± SD,49.65 ± 26.38,26.0,not_reported,"t = −2.809, P = 0.007",not_reported,t-test,P = 0.007,"acupuncture non-responders (longitudinal analysis sample, n=26)",Functional dyspepsia (FD)
23691237,arm_left_gb34,left GB34 group,verum_acupuncture,Age,other,not_applicable,baseline,mean ± SE,54.9 ± 2.43,10.0,not_reported,P = 0.39,not_reported,t-test,0.39,not_reported,Healthy participants (no disease condition)
23691237,arm_right_gb34,right GB34 group,verum_acupuncture,Age,other,not_applicable,baseline,mean ± SE,56.58 ± 2.96,12.0,not_reported,P = 0.39,not_reported,t-test,0.39,not_reported,Healthy participants (no disease condition)
23691237,arm_left_gb34,left GB34 group,verum_acupuncture,Edinburgh Handedness Inventory,other,Edinburgh Handedness Inventory,baseline,mean ± SD,Right 95 ± 5.00%,10.0,not_reported,not_reported,not_reported,not_reported,not_reported,not_reported,Healthy participants (no disease condition)
23691237,arm_right_gb34,right GB34 group,verum_acupuncture,Edinburgh Handedness Inventory,other,Edinburgh Handedness Inventory,baseline,mean ± SD,Right 100 ± 0%,12.0,not_reported,not_reported,not_reported,not_reported,not_reported,not_reported,Healthy participants (no disease condition)
23762172,arm_PD,patients with PD,other,Unified Parkinson's Disease Rating Scale (UPDRS) motor score,symptom_severity,Unified Parkinson's Disease Rating Scale (UPDRS),after the fMRI experiment,mean ± SD,7.8 (SD = 3.9),12.0,not_reported,not_reported,not_reported,not_reported,not_reported,patients with PD,"Parkinson's disease (idiopathic, clinically definite)"
23762172,arm_PD,patients with PD,other,Hoehn and Yahr stage,symptom_severity,Hoehn and Yahr stage,baseline,narrative,"All had Hoehn and Yahr stage 1, 2, or 2.5",12.0,not_reported,not_reported,not_reported,not_reported,not_reported,patients with PD,"Parkinson's disease (idiopathic, clinically definite)"
23762172,not_applicable,,,Korean Mini-Mental State Examination,cognition,Korean Mini-Mental State Examination,after the fMRI experiment,not_reported,not_reported,,not_reported,not_reported,not_reported,not_reported,not_reported,not_reported,"Parkinson's disease (idiopathic, clinically definite)"
23762172,not_applicable,,,Beck Depression Inventory,mood,Beck Depression Inventory,after the fMRI experiment,not_reported,not_reported,,not_reported,not_reported,not_reported,not_reported,not_reported,not_reported,"Parkinson's disease (idiopathic, clinically definite)"
23762172,arm_PD,patients with PD,other,Edinburgh Handedness Inventory,other,Edinburgh Handedness Inventory,baseline,mean ± SD,99.6% (SD = 1.4),12.0,not_reported,not_reported,not_reported,not_reported,not_reported,patients with PD,"Parkinson's disease (idiopathic, clinically definite)"
23762172,arm_HC,healthy participants,healthy_control,Edinburgh Handedness Inventory,other,Edinburgh Handedness Inventory,baseline,mean ± SD,100% (SD = 0),12.0,not_reported,not_reported,not_reported,not_reported,not_reported,healthy participants,"Parkinson's disease (idiopathic, clinically definite)"
23840533,arm_group1,Group 1,verum_acupuncture,SF-MPQ score,pain,Short-Form McGill Pain Questionnaire (SF-MPQ),TP1 (before acupuncture),mean ± SD,19.55±7.55,50.0,not_reported,not_reported,not_reported,not_reported,not_reported,Group 1 (non-menstrual migraine patients),Non-menstrual migraine without aura (MWoA)
23840533,arm_group1,Group 1,verum_acupuncture,SF-MPQ score,pain,Short-Form McGill Pain Questionnaire (SF-MPQ),TP2 (after the end of all acupuncture sessions),mean ± SD,9.44±4.85,50.0,SF-MPQ scores in Group 1 at TP2 were significantly lower than that at TP1 (at baseline),not_reported,not_reported,paired t test,P<0.025 (in pairwise comparisons),Group 1 (non-menstrual migraine patients),Non-menstrual migraine without aura (MWoA)
23840533,arm_group1,Group 1,verum_acupuncture,SF-MPQ change,pain,Short-Form McGill Pain Questionnaire (SF-MPQ) change rate,TP1 to TP2,mean ± SD,0.52±0.35,50.0,not_reported,not_reported,not_reported,not_reported,not_reported,Group 1 (non-menstrual migraine patients),Non-menstrual migraine without aura (MWoA)
23840533,arm_group1,Group 1,verum_acupuncture,MIDAS score,function,Migraine Disability Assessment Questionnaire (MIDAS),TP1 (before acupuncture),mean ± SD,14.28±8.90,50.0,not_reported,not_reported,not_reported,not_reported,not_reported,Group 1 (non-menstrual migraine patients),Non-menstrual migraine without aura (MWoA)
23840533,arm_group1,Group 1,verum_acupuncture,MIDAS score,function,Migraine Disability Assessment Questionnaire (MIDAS),TP2 (after the end of all acupuncture sessions),mean ± SD,6.50±4.95,50.0,MIDAS scores in Group 1 at TP2 were significantly lower than that at TP1 (at baseline),not_reported,not_reported,paired t test,P<0.025 (in pairwise comparisons),Group 1 (non-menstrual migraine patients),Non-menstrual migraine without aura (MWoA)
23840533,arm_group1,Group 1,verum_acupuncture,MIDAS change,function,Migraine Disability Assessment Questionnaire (MIDAS) change rate,TP1 to TP2,mean ± SD,0.54±0.44,50.0,not_reported,not_reported,not_reported,not_reported,not_reported,Group 1 (non-menstrual migraine patients),Non-menstrual migraine without aura (MWoA)
23840533,arm_group1,Group 1,verum_acupuncture,Disease duration (year),other,not_reported,baseline,mean ± SD,1.20±8.19 (1–10),50.0,not_reported,not_reported,not_reported,not_reported,not_reported,Group 1 (non-menstrual migraine patients),Non-menstrual migraine without aura (MWoA)
23840533,arm_group1,Group 1,verum_acupuncture,Frequency per month (times),symptom_severity,not_reported,baseline (past 4 weeks),mean ± SD,1.46±2.55 (1–4),50.0,not_reported,not_reported,not_reported,not_reported,not_reported,Group 1 (non-menstrual migraine patients),Non-menstrual migraine without aura (MWoA)
23840533,arm_group1,Group 1,verum_acupuncture,Correlation between ALFF value of left middle occipital area and SF-MPQ score at TP1,pain,Short-Form McGill Pain Questionnaire (SF-MPQ),TP1,other,r=0.343; P=0.015,50.0,not_reported,not_reported,r=0.343,bivariate Pearson correlation analysis,P=0.015,Group 1 (non-menstrual migraine patients),Non-menstrual migraine without aura (MWoA)
23840533,arm_group1,Group 1,verum_acupuncture,Correlation between ALFF value of left middle occipital area and MIDAS score at TP1,function,Migraine Disability Assessment Questionnaire (MIDAS),TP1,other,r=0.827; P=0.0036,50.0,not_reported,not_reported,r=0.827,bivariate Pearson correlation analysis,P=0.0036 (also reported as P<0.01 in abstract),Group 1 (non-menstrual migraine patients),Non-menstrual migraine without aura (MWoA)
23840533,arm_group1,Group 1,verum_acupuncture,Correlation between DC value of right inferior temporal area and SF-MPQ score at TP1,pain,Short-Form McGill Pain Questionnaire (SF-MPQ),TP1,other,r=0.371; P=0.008,50.0,not_reported,not_reported,r=0.371,bivariate Pearson correlation analysis,P=0.008,Group 1 (non-menstrual migraine patients),Non-menstrual migraine without aura (MWoA)
23843881,arm_acupuncture,acupuncture group,verum_acupuncture,responder rate (≥50% reduction in number of migraine days),responder,headache diary,after 4 weeks of acupuncture treatment (end of week 8),count,19 responders (46%),41.0,not_reported,"responder rate in acupuncture group was significantly higher than that in sham acupuncture group (P = 0.007, Table S2)",not_reported,not_reported in main text (Table S2 referenced),P = 0.007,41 patients who underwent acupuncture treatment,Migraine without aura (MwoA)
23843881,arm_acupuncture,acupuncture group,verum_acupuncture,difference from baseline in days of migraine,pain,headache diary,week 4 of treatment (end of week 8),mean ± SD,Responders: 4.8 (3.7); Non-responders: 0.5 (2.6),41.0,not_reported as separate within-group statistic,P = 8.253 × 10−5,not_reported,independent two sample t-test,8.253 × 10−5,Responders (n = 19); Non-responders (n = 22),Migraine without aura (MwoA)
23843881,arm_acupuncture,acupuncture group,verum_acupuncture,visual analog scale (VAS),pain,"visual analog scale (VAS, 0 to 10)",baseline (end of week 4),mean ± SD,Responders: 7.7 (1.6); Non-responders: 7.2 (1.5),41.0,not_reported,P = 1.106 × 10−4 (repeated measurement analysis of variance for VAS across time),not_reported,repeated measurement analysis of variance,1.106 × 10−4,Responders (n = 19); Non-responders (n = 22),Migraine without aura (MwoA)
23843881,arm_acupuncture,acupuncture group,verum_acupuncture,visual analog scale (VAS) post-treatment,pain,"visual analog scale (VAS, 0 to 10)",week 4 of treatment (end of week 8),mean ± SD,Responders: 4.0 (2.9); Non-responders: 6.6 (1.6),41.0,Responders: P < 0.001 for post-hoc comparison of pre- vs. post-treatment values,P < 0.05 for post-hoc comparison of responders vs. non-responders in post-treatment values,not_reported,post-hoc comparison (repeated measures ANOVA),responders pre vs. post: P < 0.001; responders vs. non-responders post-treatment: P < 0.05,Responders (n = 19); Non-responders (n = 22),Migraine without aura (MwoA)
23843881,arm_acupuncture,acupuncture group,verum_acupuncture,number of people with acute medication,medication_use,headache diary,baseline (end of week 4),count,Responders: 6 (31.6%); Non-responders: 9 (40.9%),41.0,not_reported,P = 0.536,not_reported,chi-squared test,0.536,Responders (n = 19); Non-responders (n = 22),Migraine without aura (MwoA)
23843881,arm_acupuncture,acupuncture group,verum_acupuncture,number of people with acute medication,medication_use,headache diary,week 4 of treatment (end of week 8),count,Responders: 6 (31.6%); Non-responders: 9 (40.9%),41.0,not_reported,P = 0.536,not_reported,chi-squared test,0.536,Responders (n = 19); Non-responders (n = 22),Migraine without aura (MwoA)
23843881,arm_acupuncture,acupuncture group,verum_acupuncture,days of migraine,symptom_severity,headache diary,baseline (end of week 4),mean ± SD,Responders: 6.9 (5.0); Non-responders: 9.0 (7.6),41.0,not_reported,P = 0.310,not_reported,independent two sample t-test,0.310,Responders (n = 19); Non-responders (n = 22),Migraine without aura (MwoA)
23853664,acu,Acu-group,verum_acupuncture,Montreal Cognitive Assessment (MoCA),cognition,MoCA,Baseline,median [IQR],22.00 (6.00),25.0,not_reported,not_reported,not_reported,Mann–Whitney U test,0.319,not_reported,Cerebral small vessel disease cognitive impairment (CSVDCI)
23853664,con,Con-group,active_control,Montreal Cognitive Assessment (MoCA),cognition,MoCA,Baseline,median [IQR],22.00 (6.00),19.0,not_reported,not_reported,not_reported,Mann–Whitney U test,0.319,not_reported,Cerebral small vessel disease cognitive impairment (CSVDCI)
23853664,acu,Acu-group,verum_acupuncture,Symbol Digit Modalities Test (SDMT),cognition,SDMT,Baseline,median [IQR],52.00 (14.00),25.0,not_reported,not_reported,not_reported,Mann–Whitney U test,0.859,not_reported,Cerebral small vessel disease cognitive impairment (CSVDCI)
23853664,con,Con-group,active_control,Symbol Digit Modalities Test (SDMT),cognition,SDMT,Baseline,median [IQR],51.00 (10.00),19.0,not_reported,not_reported,not_reported,Mann–Whitney U test,0.859,not_reported,Cerebral small vessel disease cognitive impairment (CSVDCI)
23853664,acu,Acu-group,verum_acupuncture,Verbal Fluency Test (VFT),cognition,VFT,Baseline,median [IQR],21.00 (8.00),25.0,not_reported,not_reported,not_reported,Mann–Whitney U test,0.243,not_reported,Cerebral small vessel disease cognitive impairment (CSVDCI)
23853664,con,Con-group,active_control,Verbal Fluency Test (VFT),cognition,VFT,Baseline,median [IQR],20.00 (5.00),19.0,not_reported,not_reported,not_reported,Mann–Whitney U test,0.243,not_reported,Cerebral small vessel disease cognitive impairment (CSVDCI)
23853664,acu,Acu-group,verum_acupuncture,Digit Span Task (DST),cognition,DST,Baseline,mean ± SD,7.36 ± 1.97,25.0,not_reported,not_reported,not_reported,two-sample independent t-test,0.103,not_reported,Cerebral small vessel disease cognitive impairment (CSVDCI)
23853664,con,Con-group,active_control,Digit Span Task (DST),cognition,DST,Baseline,mean ± SD,6.47 ± 1.39,19.0,not_reported,not_reported,not_reported,two-sample independent t-test,0.103,not_reported,Cerebral small vessel disease cognitive impairment (CSVDCI)
23853664,acu,Acu-group,verum_acupuncture,Boston Naming Test (BNT),cognition,BNT,Baseline,mean ± SD,17.96 ± 2.49,25.0,not_reported,not_reported,not_reported,two-sample independent t-test,0.431,not_reported,Cerebral small vessel disease cognitive impairment (CSVDCI)
23853664,con,Con-group,active_control,Boston Naming Test (BNT),cognition,BNT,Baseline,mean ± SD,17.36 ± 2.38,19.0,not_reported,not_reported,not_reported,two-sample independent t-test,0.431,not_reported,Cerebral small vessel disease cognitive impairment (CSVDCI)
23853664,acu,Acu-group,verum_acupuncture,Montreal Cognitive Assessment (MoCA) - pre-to-post change,cognition,MoCA,Post-treatment (after 12 weeks),median [IQR],2.0 (2.0),25.0,Rank: 2.0 (2.0); Percentage: 10.53%,P = 0.015,not_reported,Mann–Whitney U test,0.015,not_reported,Cerebral small vessel disease cognitive impairment (CSVDCI)
23853664,con,Con-group,active_control,Montreal Cognitive Assessment (MoCA) - pre-to-post change,cognition,MoCA,Post-treatment (after 12 weeks),median [IQR],1.0 (2.0),19.0,Rank: 1.0 (2.0); Percentage: 6.55%,P = 0.015,not_reported,Mann–Whitney U test,0.015,not_reported,Cerebral small vessel disease cognitive impairment (CSVDCI)
23853664,acu,Acu-group,verum_acupuncture,Symbol Digit Modalities Test (SDMT) - pre-to-post change,cognition,SDMT,Post-treatment (after 12 weeks),median [IQR],4.0 (2.0),25.0,Rank: 4.0 (2.0); Percentage: 8.15%,P = 0.000,not_reported,Mann–Whitney U test,0.000,not_reported,Cerebral small vessel disease cognitive impairment (CSVDCI)
23853664,con,Con-group,active_control,Symbol Digit Modalities Test (SDMT) - pre-to-post change,cognition,SDMT,Post-treatment (after 12 weeks),median [IQR],2.0 (1.0),19.0,Rank: 2.0 (1.0); Percentage: 2.23%,P = 0.000,not_reported,Mann–Whitney U test,0.000,not_reported,Cerebral small vessel disease cognitive impairment (CSVDCI)
23853664,acu,Acu-group,verum_acupuncture,Verbal Fluency Test (VFT) - pre-to-post change,cognition,VFT,Post-treatment (after 12 weeks),median [IQR],3.0 (1.5),25.0,Rank: 3.0 (1.5); Percentage: 15.56%,P = 0.009,not_reported,Mann–Whitney U test,0.009,not_reported,Cerebral small vessel disease cognitive impairment (CSVDCI)
23853664,con,Con-group,active_control,Verbal Fluency Test (VFT) - pre-to-post change,cognition,VFT,Post-treatment (after 12 weeks),median [IQR],2.0 (2.0),19.0,Rank: 2.0 (2.0); Percentage: 9.72%,P = 0.009,not_reported,Mann–Whitney U test,0.009,not_reported,Cerebral small vessel disease cognitive impairment (CSVDCI)
23853664,acu,Acu-group,verum_acupuncture,Digit Span Task (DST) - pre-to-post change,cognition,DST,Post-treatment (after 12 weeks),median [IQR],2.0 (1.0),25.0,Rank: 2.0 (1.0); Percentage: 35.52%,P = 0.005,not_reported,Mann–Whitney U test,0.005,not_reported,Cerebral small vessel disease cognitive impairment (CSVDCI)
23853664,con,Con-group,active_control,Digit Span Task (DST) - pre-to-post change,cognition,DST,Post-treatment (after 12 weeks),median [IQR],1.0 (2.0),19.0,Rank: 1.0 (2.0); Percentage: 32.85%,P = 0.005,not_reported,Mann–Whitney U test,0.005,not_reported,Cerebral small vessel disease cognitive impairment (CSVDCI)
23853664,acu,Acu-group,verum_acupuncture,Boston Naming Test (BNT) - pre-to-post change,cognition,BNT,Post-treatment (after 12 weeks),median [IQR],2.0 (2.0),25.0,Rank: 2.0 (2.0); Percentage: 10.86%,P = 0.015,not_reported,Mann–Whitney U test,0.015,not_reported,Cerebral small vessel disease cognitive impairment (CSVDCI)
23853664,con,Con-group,active_control,Boston Naming Test (BNT) - pre-to-post change,cognition,BNT,Post-treatment (after 12 weeks),median [IQR],1.0 (2.0),19.0,Rank: 1.0 (2.0); Percentage: 7.90%,P = 0.015,not_reported,Mann–Whitney U test,0.015,not_reported,Cerebral small vessel disease cognitive impairment (CSVDCI)
24734108,arm_contra,contralateral acupuncture group (contra-group),verum_acupuncture,Visual analogue scale (VAS) for pain,pain,VAS (0–100 mm),Baseline,mean ± SD,"not_reported (stated: no significant differences in VAS between groups at baseline, all p > 0.05)",12.0,not_reported,No significant difference at baseline (p > 0.05),not_reported,independent t-test,p > 0.05,not_reported,"Chronic shoulder pain (CSP), unilateral (left-sided)"
24734108,arm_ipsi,ipsilateral acupuncture group (ipsi-group),verum_acupuncture,Visual analogue scale (VAS) for pain,pain,VAS (0–100 mm),Baseline,mean ± SD,"not_reported (stated: no significant differences in VAS between groups at baseline, all p > 0.05)",8.0,not_reported,No significant difference at baseline (p > 0.05),not_reported,independent t-test,p > 0.05,not_reported,"Chronic shoulder pain (CSP), unilateral (left-sided)"
24734108,arm_contra,contralateral acupuncture group (contra-group),verum_acupuncture,"Visual analogue scale (VAS) for pain, change from baseline",pain,VAS (0–100 mm),Post-acupuncture treatment,mean ± SD,-20.42 ± 5.62,12.0,Significantly improved (all p < 0.05),"No significant difference between contra-group and ipsi-group (p = 0.122, two-sample t-test)",not_reported,paired t-test (within group); two-sample t-test (between groups),within group: p < 0.05; between groups: p = 0.122,not_reported,"Chronic shoulder pain (CSP), unilateral (left-sided)"
24734108,arm_ipsi,ipsilateral acupuncture group (ipsi-group),verum_acupuncture,"Visual analogue scale (VAS) for pain, change from baseline",pain,VAS (0–100 mm),Post-acupuncture treatment,mean ± SD,-8.75 ± 2.27,8.0,Significantly improved (all p < 0.05),"No significant difference between contra-group and ipsi-group (p = 0.122, two-sample t-test)",not_reported,paired t-test (within group); two-sample t-test (between groups),within group: p < 0.05; between groups: p = 0.122,not_reported,"Chronic shoulder pain (CSP), unilateral (left-sided)"
24734108,arm_contra,contralateral acupuncture group (contra-group),verum_acupuncture,Constant-Murley score (CMS),function,"Constant-Murley score (CMS, 100-point scale)",Baseline,mean ± SD,"not_reported (stated: no significant differences in CMS between groups at baseline, all p > 0.05)",12.0,not_reported,No significant difference at baseline (p > 0.05),not_reported,independent t-test,p > 0.05,not_reported,"Chronic shoulder pain (CSP), unilateral (left-sided)"
24734108,arm_ipsi,ipsilateral acupuncture group (ipsi-group),verum_acupuncture,Constant-Murley score (CMS),function,"Constant-Murley score (CMS, 100-point scale)",Baseline,mean ± SD,"not_reported (stated: no significant differences in CMS between groups at baseline, all p > 0.05)",8.0,not_reported,No significant difference at baseline (p > 0.05),not_reported,independent t-test,p > 0.05,not_reported,"Chronic shoulder pain (CSP), unilateral (left-sided)"
24734108,arm_contra,contralateral acupuncture group (contra-group),verum_acupuncture,"Constant-Murley score (CMS), mean change from baseline",function,"Constant-Murley score (CMS, 100-point scale)",Post-acupuncture treatment,mean (SD),15.67 (SD 3.07),12.0,Significantly improved (all p < 0.05),"Significant treatment difference between contra-group and ipsi-group (p = 0.010, two-sample t-test)",not_reported,paired t-test (within group); two-sample t-test (between groups),within group: p < 0.05; between groups: p = 0.010,not_reported,"Chronic shoulder pain (CSP), unilateral (left-sided)"
24734108,arm_ipsi,ipsilateral acupuncture group (ipsi-group),verum_acupuncture,"Constant-Murley score (CMS), mean change from baseline",function,"Constant-Murley score (CMS, 100-point scale)",Post-acupuncture treatment,mean (SD),4.50 (SD 1.00),8.0,Significantly improved (all p < 0.05),"Significant treatment difference between contra-group and ipsi-group (p = 0.010, two-sample t-test)",not_reported,paired t-test (within group); two-sample t-test (between groups),within group: p < 0.05; between groups: p = 0.010,not_reported,"Chronic shoulder pain (CSP), unilateral (left-sided)"
24927275,arm_BP,BP group (BP patients),verum_acupuncture,H-B scale grading,symptom_severity,House–Brackmann (H-B) facial nerve grading scale,Before treatment,count,"Grade I: 0, Grade II: 4, Grade III: 22, Grade IV: 24, Grade V: 5, Grade VI: 0",55.0,not_reported,not_applicable,not_reported,not_reported,not_reported,BP group,acute Bell's palsy (BP); acute idiopathic peripheral facial paralysis
24927275,arm_BP,BP group (BP patients),verum_acupuncture,H-B scale grading,symptom_severity,House–Brackmann (H-B) facial nerve grading scale,After treatment (day 28),count,"Grade I: 27, Grade II: 23, Grade III: 3, Grade IV: 2, Grade V: 0, Grade VI: 0",55.0,"significant improvement compared to before treatment, P < 0.05",not_applicable,not_reported,not_reported,P < 0.05,BP group,acute Bell's palsy (BP); acute idiopathic peripheral facial paralysis
24927275,arm_BP,BP group (BP patients),verum_acupuncture,Sunnybrook facial nerve rating scale score,function,Sunnybrook facial nerve rating scale,Before treatment,mean ± SD,38.73 ± 10.35,55.0,not_reported,not_applicable,not_reported,not_reported,not_reported,BP group,acute Bell's palsy (BP); acute idiopathic peripheral facial paralysis
24927275,arm_BP,BP group (BP patients),verum_acupuncture,Sunnybrook facial nerve rating scale score,function,Sunnybrook facial nerve rating scale,After treatment (day 28),mean ± SD,83.22 ± 13.55,55.0,increased compared to before treatment,not_applicable,not_reported,t/Z = -24.112,0.000,BP group,acute Bell's palsy (BP); acute idiopathic peripheral facial paralysis
24927275,arm_BP,BP group (BP patients),verum_acupuncture,FDIP (facial disability index-physical function),function,Facial Disability Index (FDI) - physical function subscale,Before treatment,mean ± SD,19.47 ± 2.31,55.0,not_reported,not_applicable,not_reported,not_reported,not_reported,BP group,acute Bell's palsy (BP); acute idiopathic peripheral facial paralysis
24927275,arm_BP,BP group (BP patients),verum_acupuncture,FDIP (facial disability index-physical function),function,Facial Disability Index (FDI) - physical function subscale,After treatment (day 28),mean ± SD,24.29 ± 1.15,55.0,higher than before treatment,not_applicable,not_reported,t/Z = -16.804,0.000,BP group,acute Bell's palsy (BP); acute idiopathic peripheral facial paralysis
24927275,arm_BP,BP group (BP patients),verum_acupuncture,FDIS (facial disability index-social/wellbeing function),quality_of_life,Facial Disability Index (FDI) - social/wellbeing function subscale,Before treatment,mean ± SD,10.38 ± 1.45,55.0,not_reported,not_applicable,not_reported,not_reported,not_reported,BP group,acute Bell's palsy (BP); acute idiopathic peripheral facial paralysis
24927275,arm_BP,BP group (BP patients),verum_acupuncture,FDIS (facial disability index-social/wellbeing function),quality_of_life,Facial Disability Index (FDI) - social/wellbeing function subscale,After treatment (day 28),mean ± SD,9.82 ± 0.43,55.0,lower than before treatment,not_applicable,not_reported,t/Z = -2.566,0.010,BP group,acute Bell's palsy (BP); acute idiopathic peripheral facial paralysis
24927275,arm_BP,BP group (BP patients),verum_acupuncture,Clinical efficacy based on H-B scale,responder,House–Brackmann (H-B) facial nerve grading scale,After treatment (day 28),count,Cured (H-B Grade I): 27; Markedly effective (H-B Grade II): 23; Effective (H-B Grade III): 3; Ineffective (H-B Grades IV–VI): 2,55.0,not_reported,not_applicable,not_reported,not_reported,not_reported,BP group,acute Bell's palsy (BP); acute idiopathic peripheral facial paralysis
25024729,arm_PSA,patients with PSA,other,Listening,function,Chinese Rehabilitation Research Center for Chinese Standard Aphasia Examination (CRRCAE),baseline (clinical characteristics),mean ± SD,25 ± 9,12.0,not_reported,not_reported,not_reported,not_reported,not_reported,PSA patients with CRRCAE scores (n = 12),Post-stroke aphasia (PSA) caused by left hemisphere stroke
25024729,arm_PSA,patients with PSA,other,Repeating,function,Chinese Rehabilitation Research Center for Chinese Standard Aphasia Examination (CRRCAE),baseline (clinical characteristics),mean ± SD,20 ± 7,12.0,not_reported,not_reported,not_reported,not_reported,not_reported,PSA patients with CRRCAE scores (n = 12),Post-stroke aphasia (PSA) caused by left hemisphere stroke
25024729,arm_PSA,patients with PSA,other,Speaking,function,Chinese Rehabilitation Research Center for Chinese Standard Aphasia Examination (CRRCAE),baseline (clinical characteristics),mean ± SD,11 ± 10,12.0,not_reported,not_reported,not_reported,not_reported,not_reported,PSA patients with CRRCAE scores (n = 12),Post-stroke aphasia (PSA) caused by left hemisphere stroke
25024729,arm_PSA,patients with PSA,other,Reading aloud,function,Chinese Rehabilitation Research Center for Chinese Standard Aphasia Examination (CRRCAE),baseline (clinical characteristics),mean ± SD,17 ± 7,12.0,not_reported,not_reported,not_reported,not_reported,not_reported,PSA patients with CRRCAE scores (n = 12),Post-stroke aphasia (PSA) caused by left hemisphere stroke
25024729,arm_PSA,patients with PSA,other,Reading comprehension,function,Chinese Rehabilitation Research Center for Chinese Standard Aphasia Examination (CRRCAE),baseline (clinical characteristics),mean ± SD,21 ± 10,12.0,not_reported,not_reported,not_reported,not_reported,not_reported,PSA patients with CRRCAE scores (n = 12),Post-stroke aphasia (PSA) caused by left hemisphere stroke
25024729,arm_PSA,patients with PSA,other,Transcribing,function,Chinese Rehabilitation Research Center for Chinese Standard Aphasia Examination (CRRCAE),baseline (clinical characteristics),mean ± SD,3 ± 4,12.0,not_reported,not_reported,not_reported,not_reported,not_reported,PSA patients with CRRCAE scores (n = 12),Post-stroke aphasia (PSA) caused by left hemisphere stroke
25024729,arm_PSA,patients with PSA,other,Describing,function,Chinese Rehabilitation Research Center for Chinese Standard Aphasia Examination (CRRCAE),baseline (clinical characteristics),mean ± SD,2 ± 4,12.0,not_reported,not_reported,not_reported,not_reported,not_reported,PSA patients with CRRCAE scores (n = 12),Post-stroke aphasia (PSA) caused by left hemisphere stroke
25024729,arm_PSA,patients with PSA,other,Dictating,function,Chinese Rehabilitation Research Center for Chinese Standard Aphasia Examination (CRRCAE),baseline (clinical characteristics),mean ± SD,1 ± 2,12.0,not_reported,not_reported,not_reported,not_reported,not_reported,PSA patients with CRRCAE scores (n = 12),Post-stroke aphasia (PSA) caused by left hemisphere stroke
25024729,arm_PSA,patients with PSA,other,Calculating,function,Chinese Rehabilitation Research Center for Chinese Standard Aphasia Examination (CRRCAE),baseline (clinical characteristics),mean ± SD,3 ± 4,12.0,not_reported,not_reported,not_reported,not_reported,not_reported,PSA patients with CRRCAE scores (n = 12),Post-stroke aphasia (PSA) caused by left hemisphere stroke
25024729,arm_PSA,patients with PSA,other,BDAE,symptom_severity,Boston Diagnostic Aphasia Examination (BDAE),baseline (clinical characteristics),mean,2,16.0,not_reported,not_reported,not_reported,not_reported,not_reported,PSA patients (n = 16 analyzed neuroimaging; n for BDAE not separately specified),Post-stroke aphasia (PSA) caused by left hemisphere stroke
25206576,arm_conv,conventional acupuncture group,active_control,End Diastolic Velocity (EDV) of facial artery on affected side,physiological,Doppler ultrasound EDV (cm/s),Before Treatment,mean ± SD,7.64 ± 1.23,100.0,not_reported,"t = 0.728, P = 0.468 (vs YYHAT group pre-treatment)",not_reported,student t-test,0.468,not_reported,Peripheral facial paralysis (Bell's palsy)
25206576,arm_conv,conventional acupuncture group,active_control,End Diastolic Velocity (EDV) of facial artery on affected side,physiological,Doppler ultrasound EDV (cm/s),After Treatment (three weeks),mean ± SD,14.75 ± 2.25,100.0,significantly improved compared to pre-treatment (P < 0.05),"t = 2.025, P = 0.044 (vs YYHAT group post-treatment)",not_reported,student t-test,0.044,not_reported,Peripheral facial paralysis (Bell's palsy)
25206576,arm_yyhat,Yin-Yang Harmonizing Acupuncture Group,verum_acupuncture,End Diastolic Velocity (EDV) of facial artery on affected side,physiological,Doppler ultrasound EDV (cm/s),Before Treatment,mean ± SD,7.49 ± 1.59,102.0,not_reported,"t = 0.728, P = 0.468 (vs conventional group pre-treatment)",not_reported,student t-test,0.468,not_reported,Peripheral facial paralysis (Bell's palsy)
25206576,arm_yyhat,Yin-Yang Harmonizing Acupuncture Group,verum_acupuncture,End Diastolic Velocity (EDV) of facial artery on affected side,physiological,Doppler ultrasound EDV (cm/s),After Treatment (three weeks),mean ± SD,15.62 ± 3.68,102.0,significantly improved compared to pre-treatment (P < 0.05),"t = 2.025, P = 0.044 (vs conventional group post-treatment)",not_reported,student t-test,0.044,not_reported,Peripheral facial paralysis (Bell's palsy)
25206576,arm_conv,conventional acupuncture group,active_control,Systolic Peak Velocity (Vs) of facial artery on affected side,physiological,Doppler ultrasound Vs (cm/s),Before Treatment,mean ± SD,43.79 ± 6.31,100.0,not_reported,"t = 0.555, P = 0.579 (vs YYHAT group pre-treatment)",not_reported,student t-test,0.579,not_reported,Peripheral facial paralysis (Bell's palsy)
25206576,arm_conv,conventional acupuncture group,active_control,Systolic Peak Velocity (Vs) of facial artery on affected side,physiological,Doppler ultrasound Vs (cm/s),After Treatment (three weeks),mean ± SD,59.16 ± 6.77,100.0,significantly improved compared to pre-treatment (P < 0.05),"t = 2.371, P = 0.019 (vs YYHAT group post-treatment)",not_reported,student t-test,0.019,not_reported,Peripheral facial paralysis (Bell's palsy)
25206576,arm_yyhat,Yin-Yang Harmonizing Acupuncture Group,verum_acupuncture,Systolic Peak Velocity (Vs) of facial artery on affected side,physiological,Doppler ultrasound Vs (cm/s),Before Treatment,mean ± SD,43.27 ± 6.89,102.0,not_reported,"t = 0.555, P = 0.579 (vs conventional group pre-treatment)",not_reported,student t-test,0.579,not_reported,Peripheral facial paralysis (Bell's palsy)
25206576,arm_yyhat,Yin-Yang Harmonizing Acupuncture Group,verum_acupuncture,Systolic Peak Velocity (Vs) of facial artery on affected side,physiological,Doppler ultrasound Vs (cm/s),After Treatment (three weeks),mean ± SD,61.38 ± 6.57,102.0,significantly improved compared to pre-treatment (P < 0.05),"t = 2.371, P = 0.019 (vs conventional group post-treatment)",not_reported,student t-test,0.019,not_reported,Peripheral facial paralysis (Bell's palsy)
25206576,arm_conv,conventional acupuncture group,active_control,Resistance Index (RI) of facial artery on affected side,physiological,Doppler ultrasound RI,Before Treatment,mean ± SD,0.85 ± 0.26,100.0,not_reported,"t = 1.477, P = 0.141 (vs YYHAT group pre-treatment)",not_reported,student t-test,0.141,not_reported,Peripheral facial paralysis (Bell's palsy)
25206576,arm_conv,conventional acupuncture group,active_control,Resistance Index (RI) of facial artery on affected side,physiological,Doppler ultrasound RI,After Treatment (three weeks),mean ± SD,0.66 ± 0.12,100.0,significantly improved compared to pre-treatment (P < 0.05),"t = 0.932, P = 0.353 (vs YYHAT group post-treatment); no significant difference",not_reported,student t-test,0.353,not_reported,Peripheral facial paralysis (Bell's palsy)
25206576,arm_yyhat,Yin-Yang Harmonizing Acupuncture Group,verum_acupuncture,Resistance Index (RI) of facial artery on affected side,physiological,Doppler ultrasound RI,Before Treatment,mean ± SD,0.89 ± 0.20,102.0,not_reported,"t = 1.477, P = 0.141 (vs conventional group pre-treatment)",not_reported,student t-test,0.141,not_reported,Peripheral facial paralysis (Bell's palsy)
25206576,arm_yyhat,Yin-Yang Harmonizing Acupuncture Group,verum_acupuncture,Resistance Index (RI) of facial artery on affected side,physiological,Doppler ultrasound RI,After Treatment (three weeks),mean ± SD,0.68 ± 0.18,102.0,significantly improved compared to pre-treatment (P < 0.05),"t = 0.932, P = 0.353 (vs conventional group post-treatment); no significant difference",not_reported,student t-test,0.353,not_reported,Peripheral facial paralysis (Bell's palsy)
25206576,arm_conv,conventional acupuncture group,active_control,Facial motor function score (modified Portmann score),function,Modified Portmann score - facial motor function,After Treatment (three weeks),count,0-6: 18 (18.00%); 7-12: 24 (24.00%); 13-18: 58 (58.00%),100.0,not_reported,"χ2 = 6.350, P = 0.042",not_reported,chi-square test,0.042,not_reported,Peripheral facial paralysis (Bell's palsy)
25206576,arm_yyhat,Yin-Yang Harmonizing Acupuncture Group,verum_acupuncture,Facial motor function score (modified Portmann score),function,Modified Portmann score - facial motor function,After Treatment (three weeks),count,0-6: 7 (6.86%); 7-12: 23 (22.55%); 13-18: 72 (70.59%),102.0,not_reported,"χ2 = 6.350, P = 0.042",not_reported,chi-square test,0.042,not_reported,Peripheral facial paralysis (Bell's palsy)
25206576,arm_conv,conventional acupuncture group,active_control,Resting state facial appearance score (modified Portmann score),function,Modified Portmann score - facial resting state,After Treatment (three weeks),count,0: 23 (23.00%); 1: 39 (39.00%); 2: 38 (38.00%),100.0,not_reported,"χ2 = 9.453, P = 0.009",not_reported,chi-square test,0.009,not_reported,Peripheral facial paralysis (Bell's palsy)
25206576,arm_yyhat,Yin-Yang Harmonizing Acupuncture Group,verum_acupuncture,Resting state facial appearance score (modified Portmann score),function,Modified Portmann score - facial resting state,After Treatment (three weeks),count,0: 11 (10.78%); 1: 32 (31.37%); 2: 59 (57.84%),102.0,not_reported,"χ2 = 9.453, P = 0.009",not_reported,chi-square test,0.009,not_reported,Peripheral facial paralysis (Bell's palsy)
25206576,arm_conv,conventional acupuncture group,active_control,Therapeutic efficacy categorization,function,Modified Portmann score overall therapeutic efficacy,After three weeks of treatment,count,Clinical recovery: 16 (16.00%); Markedly effective: 34 (34.00%); Effective: 31 (31.00%); Ineffective: 19 (19.00%),100.0,not_reported,"χ2 = 12.151, P = 0.007",not_reported,chi-square test,0.007,not_reported,Peripheral facial paralysis (Bell's palsy)
25206576,arm_yyhat,Yin-Yang Harmonizing Acupuncture Group,verum_acupuncture,Therapeutic efficacy categorization,function,Modified Portmann score overall therapeutic efficacy,After three weeks of treatment,count,Clinical recovery: 36 (35.29%); Markedly effective: 33 (32.35%); Effective: 24 (23.53%); Ineffective: 9 (8.82%),102.0,not_reported,"χ2 = 12.151, P = 0.007",not_reported,chi-square test,0.007,not_reported,Peripheral facial paralysis (Bell's palsy)
25206576,arm_conv,conventional acupuncture group,active_control,SAS Score,mood,Self-Rating Anxiety Scale (SAS),Before Treatment,mean ± SD,50.27 ± 5.96,100.0,not_reported,"t = 1.111, P = 0.268 (vs YYHAT group pre-treatment)",not_reported,student t-test,0.268,not_reported,Peripheral facial paralysis (Bell's palsy)
25206576,arm_conv,conventional acupuncture group,active_control,SAS Score,mood,Self-Rating Anxiety Scale (SAS),After Treatment (three weeks),mean ± SD,42.47 ± 3.26,100.0,significantly reduced compared to pre-treatment (P < 0.05),"t = 2.299, P = 0.023 (vs YYHAT group post-treatment)",not_reported,student t-test,0.023,not_reported,Peripheral facial paralysis (Bell's palsy)
25206576,arm_yyhat,Yin-Yang Harmonizing Acupuncture Group,verum_acupuncture,SAS Score,mood,Self-Rating Anxiety Scale (SAS),Before Treatment,mean ± SD,49.39 ± 5.31,102.0,not_reported,"t = 1.111, P = 0.268 (vs conventional group pre-treatment)",not_reported,student t-test,0.268,not_reported,Peripheral facial paralysis (Bell's palsy)
25206576,arm_yyhat,Yin-Yang Harmonizing Acupuncture Group,verum_acupuncture,SAS Score,mood,Self-Rating Anxiety Scale (SAS),After Treatment (three weeks),mean ± SD,41.25 ± 4.21,102.0,significantly reduced compared to pre-treatment (P < 0.05),"t = 2.299, P = 0.023 (vs conventional group post-treatment)",not_reported,student t-test,0.023,not_reported,Peripheral facial paralysis (Bell's palsy)
25206576,arm_conv,conventional acupuncture group,active_control,SDS Score,mood,Self-Rating Depression Scale (SDS),Before Treatment,mean ± SD,50.58 ± 4.98,100.0,not_reported,"t = 1.040, P = 0.300 (vs YYHAT group pre-treatment)",not_reported,student t-test,0.300,not_reported,Peripheral facial paralysis (Bell's palsy)
25206576,arm_conv,conventional acupuncture group,active_control,SDS Score,mood,Self-Rating Depression Scale (SDS),After Treatment (three weeks),mean ± SD,40.15 ± 3.48,100.0,significantly reduced compared to pre-treatment (P < 0.05),"t = 3.332, P = 0.001 (vs YYHAT group post-treatment)",not_reported,student t-test,0.001,not_reported,Peripheral facial paralysis (Bell's palsy)
25206576,arm_yyhat,Yin-Yang Harmonizing Acupuncture Group,verum_acupuncture,SDS Score,mood,Self-Rating Depression Scale (SDS),Before Treatment,mean ± SD,49.86 ± 4.85,102.0,not_reported,"t = 1.040, P = 0.300 (vs conventional group pre-treatment)",not_reported,student t-test,0.300,not_reported,Peripheral facial paralysis (Bell's palsy)
25206576,arm_yyhat,Yin-Yang Harmonizing Acupuncture Group,verum_acupuncture,SDS Score,mood,Self-Rating Depression Scale (SDS),After Treatment (three weeks),mean ± SD,38.72 ± 2.54,102.0,significantly reduced compared to pre-treatment (P < 0.05),"t = 3.332, P = 0.001 (vs conventional group post-treatment)",not_reported,student t-test,0.001,not_reported,Peripheral facial paralysis (Bell's palsy)
25206576,arm_conv,conventional acupuncture group,active_control,Perception of Treatment Effectiveness,quality_of_life,Hospital-developed patient satisfaction questionnaire,After treatment,mean ± SD,4.76 ± 1.06,100.0,not_reported,"t = 2.347, P = 0.020",not_reported,student t-test,0.020,not_reported,Peripheral facial paralysis (Bell's palsy)
25206576,arm_yyhat,Yin-Yang Harmonizing Acupuncture Group,verum_acupuncture,Perception of Treatment Effectiveness,quality_of_life,Hospital-developed patient satisfaction questionnaire,After treatment,mean ± SD,5.12 ± 1.11,102.0,not_reported,"t = 2.347, P = 0.020",not_reported,student t-test,0.020,not_reported,Peripheral facial paralysis (Bell's palsy)
25206576,arm_conv,conventional acupuncture group,active_control,Perception of Medical Staff's Professionalism,quality_of_life,Hospital-developed patient satisfaction questionnaire,After treatment,mean ± SD,4.97 ± 0.52,100.0,not_reported,"t = 0.087, P = 0.931; no significant difference",not_reported,student t-test,0.931,not_reported,Peripheral facial paralysis (Bell's palsy)
25206576,arm_yyhat,Yin-Yang Harmonizing Acupuncture Group,verum_acupuncture,Perception of Medical Staff's Professionalism,quality_of_life,Hospital-developed patient satisfaction questionnaire,After treatment,mean ± SD,4.99 ± 2.15,102.0,not_reported,"t = 0.087, P = 0.931; no significant difference",not_reported,student t-test,0.931,not_reported,Peripheral facial paralysis (Bell's palsy)
25206576,arm_conv,conventional acupuncture group,active_control,Perception of Medical Staff's Attitude,quality_of_life,Hospital-developed patient satisfaction questionnaire,After treatment,mean ± SD,5.15 ± 0.32,100.0,not_reported,"t = 0.713, P = 0.477; no significant difference",not_reported,student t-test,0.477,not_reported,Peripheral facial paralysis (Bell's palsy)
25206576,arm_yyhat,Yin-Yang Harmonizing Acupuncture Group,verum_acupuncture,Perception of Medical Staff's Attitude,quality_of_life,Hospital-developed patient satisfaction questionnaire,After treatment,mean ± SD,5.20 ± 0.74,102.0,not_reported,"t = 0.713, P = 0.477; no significant difference",not_reported,student t-test,0.477,not_reported,Peripheral facial paralysis (Bell's palsy)
25206576,arm_conv,conventional acupuncture group,active_control,Facial motor function (baseline),function,Modified Portmann score - facial motor function,Baseline,count,0-6: 54 (54.00%); 7-12: 36 (36.00%); 13-18: 10 (10.00%),100.0,not_reported,"χ2 = 1.775, P = 0.412 (vs YYHAT group baseline)",not_reported,chi-square test,0.412,not_reported,Peripheral facial paralysis (Bell's palsy)
25206576,arm_yyhat,Yin-Yang Harmonizing Acupuncture Group,verum_acupuncture,Facial motor function (baseline),function,Modified Portmann score - facial motor function,Baseline,count,0-6: 48 (47.06%); 7-12: 46 (45.10%); 13-18: 8 (7.84%),102.0,not_reported,"χ2 = 1.775, P = 0.412 (vs conventional group baseline)",not_reported,chi-square test,0.412,not_reported,Peripheral facial paralysis (Bell's palsy)
25206576,arm_conv,conventional acupuncture group,active_control,Resting state appearance (baseline),function,Modified Portmann score - facial resting state,Baseline,count,0: 38 (38.00%); 1: 49 (49.00%); 2: 13 (13.00%),100.0,not_reported,"χ2 = 0.238, P = 0.888 (vs YYHAT group baseline)",not_reported,chi-square test,0.888,not_reported,Peripheral facial paralysis (Bell's palsy)
25206576,arm_yyhat,Yin-Yang Harmonizing Acupuncture Group,verum_acupuncture,Resting state appearance (baseline),function,Modified Portmann score - facial resting state,Baseline,count,0: 40 (39.22%); 1: 51 (50.00%); 2: 11 (10.78%),102.0,not_reported,"χ2 = 0.238, P = 0.888 (vs conventional group baseline)",not_reported,chi-square test,0.888,not_reported,Peripheral facial paralysis (Bell's palsy)
25206815,arm_cnsp,patients with CNSP,verum_acupuncture,NRS score,pain,Numerical Rating Scale (NRS),Pre-acupuncture,mean (standard error),6.07 (1.36),30.0,not_reported,not_reported,not_reported,not_reported,not_reported,patients with CNSP,Chronic neck and shoulder pain (CNSP)
25206815,arm_cnsp,patients with CNSP,verum_acupuncture,NRS score,pain,Numerical Rating Scale (NRS),Post-acupuncture,mean (standard error),1.73 (1.28),30.0,significant improvement,not_reported,not_reported,two-sample paired t-test,P < 0.001,patients with CNSP,Chronic neck and shoulder pain (CNSP)
25206815,arm_cnsp,patients with CNSP,verum_acupuncture,PCS score,symptom_severity,Pain Catastrophizing Scale (PCS),Pre-acupuncture,mean (standard error),16.47 (13.17),30.0,not_reported,not_reported,not_reported,not_reported,not_reported,patients with CNSP,Chronic neck and shoulder pain (CNSP)
25206815,arm_cnsp,patients with CNSP,verum_acupuncture,PCS score,symptom_severity,Pain Catastrophizing Scale (PCS),Post-acupuncture,mean (standard error),9.57 (8.05),30.0,significant improvement,not_reported,not_reported,two-sample paired t-test,P < 0.01,patients with CNSP,Chronic neck and shoulder pain (CNSP)
25206815,arm_cnsp,patients with CNSP,verum_acupuncture,NPQ score,function,Northwick Park Neck Pain Questionnaire (NPQ),Pre-acupuncture,mean (standard error),43.97 (13.14),30.0,not_reported,not_reported,not_reported,not_reported,not_reported,patients with CNSP,Chronic neck and shoulder pain (CNSP)
25206815,arm_cnsp,patients with CNSP,verum_acupuncture,NPQ score,function,Northwick Park Neck Pain Questionnaire (NPQ),Post-acupuncture,mean (standard error),16.44 (7.88),30.0,significant improvement,not_reported,not_reported,two-sample paired t-test,P < 0.001,patients with CNSP,Chronic neck and shoulder pain (CNSP)
25206815,arm_cnsp,patients with CNSP,verum_acupuncture,NDI score,function,Neck Disability Index (NDI),Pre-acupuncture,mean (standard error),37.47 (14.77),30.0,not_reported,not_reported,not_reported,not_reported,not_reported,patients with CNSP,Chronic neck and shoulder pain (CNSP)
25206815,arm_cnsp,patients with CNSP,verum_acupuncture,NDI score,function,Neck Disability Index (NDI),Post-acupuncture,mean (standard error),14.97 (8.39),30.0,significant improvement,not_reported,not_reported,two-sample paired t-test,P < 0.001,patients with CNSP,Chronic neck and shoulder pain (CNSP)
25206815,arm_cnsp,patients with CNSP,verum_acupuncture,MoCA score,cognition,Montreal Cognitive Assessment (MoCA),Pre-acupuncture,mean (standard error),25.93 (3.18),30.0,not_reported,"no significant group differences between patients and HCs (all P > 0.05, Bonferroni corrected)",not_reported,not_reported,"P > 0.05, Bonferroni corrected",patients with CNSP,Chronic neck and shoulder pain (CNSP)
25206815,arm_cnsp,patients with CNSP,verum_acupuncture,MoCA score,cognition,Montreal Cognitive Assessment (MoCA),Post-acupuncture,mean (standard error),26.77 (3.07),30.0,not_reported,"no significant group differences between patients and HCs (all P > 0.05, Bonferroni corrected)",not_reported,not_reported,"P > 0.05, Bonferroni corrected",patients with CNSP,Chronic neck and shoulder pain (CNSP)
25206815,arm_hc,HCs,healthy_control,MoCA score,cognition,Montreal Cognitive Assessment (MoCA),single assessment,mean (standard error),27.47 (3.00),30.0,not_reported,"no significant group differences (all P > 0.05, Bonferroni corrected)",not_reported,not_reported,"P > 0.05, Bonferroni corrected",HCs,Chronic neck and shoulder pain (CNSP)
25206815,arm_cnsp,patients with CNSP,verum_acupuncture,MMSE score,cognition,Mini-Mental State Examination (MMSE),Pre-acupuncture,mean (standard error),28.00 (1.78),30.0,not_reported,"no significant group differences between patients and HCs (all P > 0.05, Bonferroni corrected)",not_reported,not_reported,"P > 0.05, Bonferroni corrected",patients with CNSP,Chronic neck and shoulder pain (CNSP)
25206815,arm_cnsp,patients with CNSP,verum_acupuncture,MMSE score,cognition,Mini-Mental State Examination (MMSE),Post-acupuncture,mean (standard error),28.37 (1.73),30.0,not_reported,"no significant group differences between patients and HCs (all P > 0.05, Bonferroni corrected)",not_reported,not_reported,"P > 0.05, Bonferroni corrected",patients with CNSP,Chronic neck and shoulder pain (CNSP)
25206815,arm_hc,HCs,healthy_control,MMSE score,cognition,Mini-Mental State Examination (MMSE),single assessment,mean (standard error),28.70 (1.78),30.0,not_reported,"no significant group differences (all P > 0.05, Bonferroni corrected)",not_reported,not_reported,"P > 0.05, Bonferroni corrected",HCs,Chronic neck and shoulder pain (CNSP)
25206815,arm_cnsp,patients with CNSP,verum_acupuncture,HAM-A score,mood,Hamilton Anxiety Rating Scale (HAM-A),Pre-acupuncture,mean (standard error),11.77 (8.02),30.0,not_reported,not_reported,not_reported,not_reported,not_reported,patients with CNSP,Chronic neck and shoulder pain (CNSP)
25206815,arm_cnsp,patients with CNSP,verum_acupuncture,HAM-A score,mood,Hamilton Anxiety Rating Scale (HAM-A),Post-acupuncture,mean (standard error),7.80 (7.29),30.0,significant improvement,"showed no difference with HCs (t(1,58) = 1.101, P > 0.05, Bonferroni corrected)",not_reported,two-sample paired t-test,"P < 0.05, Bonferroni corrected",patients with CNSP,Chronic neck and shoulder pain (CNSP)
25206815,arm_hc,HCs,healthy_control,HAM-A score,mood,Hamilton Anxiety Rating Scale (HAM-A),single assessment,mean (standard error),5.83 (6.52),30.0,not_reported,"no difference with patients post-acupuncture (t(1,58) = 1.101, P > 0.05, Bonferroni corrected)",not_reported,not_reported,not_reported,HCs,Chronic neck and shoulder pain (CNSP)
25206815,arm_cnsp,patients with CNSP,verum_acupuncture,HAM-D score,mood,Hamilton Depression Rating Scale (HAM-D),Pre-acupuncture,mean (standard error),12.10 (9.00),30.0,not_reported,not_reported,not_reported,not_reported,not_reported,patients with CNSP,Chronic neck and shoulder pain (CNSP)
25206815,arm_cnsp,patients with CNSP,verum_acupuncture,HAM-D score,mood,Hamilton Depression Rating Scale (HAM-D),Post-acupuncture,mean (standard error),9.20 (7.61),30.0,significant improvement,"still showed significant higher HAM-D score compared to HCs (t(1,58) = 3.522, P < 0.05, Bonferroni corrected)",not_reported,two-sample paired t-test,"P < 0.05, Bonferroni corrected",patients with CNSP,Chronic neck and shoulder pain (CNSP)
25206815,arm_hc,HCs,healthy_control,HAM-D score,mood,Hamilton Depression Rating Scale (HAM-D),single assessment,mean (standard error),3.70 (3.91),30.0,not_reported,"significantly lower than patients with CNSP post-acupuncture (t(1,58) = 3.522, P < 0.05, Bonferroni corrected)",not_reported,not_reported,not_reported,HCs,Chronic neck and shoulder pain (CNSP)
25206815,arm_cnsp,patients with CNSP,verum_acupuncture,correlation between percent change of PAG-pIns FC strength and percent change of PCS score,symptom_severity,Pain Catastrophizing Scale (PCS),percent change post vs pre-acupuncture,other,"R = 0.637, P < 0.001, Bonferroni corrected",30.0,not_reported,not_reported,R = 0.637,Spearman correlation with age controlled as covariate,"P < 0.001, Bonferroni corrected",patients with CNSP,Chronic neck and shoulder pain (CNSP)
25452777,arm_stroke,post-stroke patients,other,FM-UL (lower limb section of the Fugl-Meyer Scale),function,lower limb section of the Fugl-Meyer Scale,at enrollment (descriptive/baseline),count,Patient 1: 16; Patient 2: 12; Patient 3: 14; Patient 4: 13; Patient 5: 15; Patient 6: 11; Patient 7: 10; Patient 8: 12; Patient 9: 9; Patient 10: 15,10.0,not_reported,not_reported,not_reported,not_reported,not_reported,stroke patient group,subcortical ischemic stroke (patient group); healthy volunteers (control group)
25516481,arm_stroke,stroke patients,other,Motricity Index (MI),function,Motricity Index (MI),same day as MRI (two assessments for 8 patients; one assessment for 1 patient),other,Patient 1: 0/11; Patient 2: 60/64; Patient 3: 14/14; Patient 4: 72/72; Patient 5: 23/23; Patient 6: 60/60; Patient 7: 34/34; Patient 8: 76/76; Patient 9: 76/—,9.0,not_reported,not_reported,not_reported,not_reported,not_reported,stroke patients,Ischemic stroke (stable recovery/subacute phase) with unilateral right-sided striatocapsular lesions and moderate to severe motor deficits of the contralesional upper extremity
25516481,arm_stroke,stroke patients,other,Modified Rankin Scale,function,Modified Rankin Scale,same day as MRI (two assessments for 8 patients; one for Patient 9),other,Patient 1: 4/4; Patient 2: 1/1; Patient 3: 2/2; Patient 4: 2/1; Patient 5: 4/4; Patient 6: 2/2; Patient 7: 3/3; Patient 8: 2/1; Patient 9: 2/—,9.0,not_reported,not_reported,not_reported,not_reported,not_reported,stroke patients,Ischemic stroke (stable recovery/subacute phase) with unilateral right-sided striatocapsular lesions and moderate to severe motor deficits of the contralesional upper extremity
25516481,arm_stroke,stroke patients,other,Barthel index,function,Barthel Index,same day as MRI (two assessments for 8 patients; one for Patient 9),other,Patient 1: 35/40; Patient 2: 95/95; Patient 3: 60/65; Patient 4: 90/85; Patient 5: 60/60; Patient 6: 85/85; Patient 7: 65/75; Patient 8: 90/90; Patient 9: 85/—,9.0,not_reported,not_reported,not_reported,not_reported,not_reported,stroke patients,Ischemic stroke (stable recovery/subacute phase) with unilateral right-sided striatocapsular lesions and moderate to severe motor deficits of the contralesional upper extremity
25516481,arm_stroke,stroke patients,other,NIHSS (National Institute of Health Stroke Scale),symptom_severity,NIHSS,same day as MRI (two assessments for 8 patients; one for Patient 9),other,Patient 1: 14/8; Patient 2: 3/1; Patient 3: 9/9; Patient 4: 5/2; Patient 5: 8/8; Patient 6: 7/7; Patient 7: 7/7; Patient 8: 3/2; Patient 9: 5/—,9.0,not_reported,not_reported,not_reported,not_reported,not_reported,stroke patients,Ischemic stroke (stable recovery/subacute phase) with unilateral right-sided striatocapsular lesions and moderate to severe motor deficits of the contralesional upper extremity
25516481,arm_stroke,stroke patients,other,MMSE (Mini-Mental State Examination),cognition,MMSE,same day as MRI (two assessments for 8 patients; one for Patient 9),other,Patient 1: 22/23; Patient 2: 30/30; Patient 3: 27/30; Patient 4: 29/28; Patient 5: 22/24; Patient 6: 30/30; Patient 7: 30/30; Patient 8: 24/27; Patient 9: 30/—,9.0,not_reported,not_reported,not_reported,not_reported,not_reported,stroke patients,Ischemic stroke (stable recovery/subacute phase) with unilateral right-sided striatocapsular lesions and moderate to severe motor deficits of the contralesional upper extremity
25516481,arm_stroke,stroke patients,other,Brunnstrom,function,Brunnstrom,same day as MRI (two assessments for 8 patients; one for Patient 9),other,Patient 1: I/I; Patient 2: IV/IV; Patient 3: II/II; Patient 4: II/III; Patient 5: I/I; Patient 6: V/V; Patient 7: II/II; Patient 8: V/V; Patient 9: II/—,9.0,not_reported,not_reported,not_reported,not_reported,not_reported,stroke patients,Ischemic stroke (stable recovery/subacute phase) with unilateral right-sided striatocapsular lesions and moderate to severe motor deficits of the contralesional upper extremity
25516481,arm_stroke,stroke patients,other,Modified Ashworth Scale,symptom_severity,Modified Ashworth Scale,same day as MRI (two assessments for 8 patients; one for Patient 9),other,Patient 1: 0/0; Patient 2: 1/1; Patient 3: 1/0; Patient 4: 0/1; Patient 5: 0/0; Patient 6: 2/2; Patient 7: 2/2; Patient 8: 0/0; Patient 9: 0/—,9.0,not_reported,not_reported,not_reported,not_reported,not_reported,stroke patients,Ischemic stroke (stable recovery/subacute phase) with unilateral right-sided striatocapsular lesions and moderate to severe motor deficits of the contralesional upper extremity
25516481,not_applicable,,,age comparison between patients and healthy subjects,other,not_applicable,baseline,p_value_only,no significant difference in age between the patients and the healthy subjects (P = 0.132),17.0,not_reported,P = 0.132,not_reported,not_reported,P = 0.132,stroke patients and healthy controls,Ischemic stroke (stable recovery/subacute phase) with unilateral right-sided striatocapsular lesions and moderate to severe motor deficits of the contralesional upper extremity
25525442,arm_CLBP,patients with chronic low back pain receiving ankle acupuncture,verum_acupuncture,VAS score of pain intensity before acupuncture intervention (VAS1),pain,Visual Analog Scale/Score (VAS),"immediately following rest1 (after tactile stimulation, before AA)",mean ± SD,5.68±2.07,12.0,not_reported,not_reported,not_reported,paired t-test,P<0.001,"complete-case analysis, n=12",chronic low back pain (CLBP)
25525442,arm_CLBP,patients with chronic low back pain receiving ankle acupuncture,verum_acupuncture,VAS score of pain intensity after 8-minute ankle acupuncture (VAS2),pain,Visual Analog Scale/Score (VAS),immediately following rest2 (during/after AA needle retaining),mean ± SD,3.79±1.84,12.0,"significantly decreased (T=5.38, P<0.001) after 8-minute AA compared to before the acupuncture intervention",not_reported,not_reported,paired t-test,P<0.001,"complete-case analysis, n=12",chronic low back pain (CLBP)
25525442,arm_CLBP,patients with chronic low back pain receiving ankle acupuncture,verum_acupuncture,Correlation between change of VAS score (VAS1–VAS2) and duration of pain,pain,Visual Analog Scale/Score (VAS),VAS change from VAS1 to VAS2,other,"r=−0.67, P=0.02",12.0,not_reported,not_reported,not_reported,Pearson correlation coefficient,P=0.02,"complete-case analysis, n=12",chronic low back pain (CLBP)
25538761,arm_CLBP,patients with CLBP,other,VAS pain intensity score after TSA,pain,"Visual Analog Scale (VAS, 0–10)",immediately after TSA,mean ± SD,5.64 ± 1.98,19.0,not_reported,"significantly lower after AAS compared to TSA (t = 6.10, P = 0.001)",not_reported,two-tailed paired t-test,P = 0.001,patients with CLBP,Chronic low back pain (CLBP)
25538761,arm_CLBP,patients with CLBP,other,VAS pain intensity score after AAS,pain,"Visual Analog Scale (VAS, 0–10)",immediately after AAS,mean ± SD,3.50 ± 2.23,19.0,not_reported,"significantly lower after AAS compared to TSA (t = 6.10, P = 0.001)",not_reported,two-tailed paired t-test,P = 0.001,patients with CLBP,Chronic low back pain (CLBP)
25538761,arm_HC,healthy volunteers,healthy_control,VAS pain intensity score after AAS vs TSA,pain,"Visual Analog Scale (VAS, 0–10)",immediately after AAS and TSA,narrative,All of healthy subjects were scored with VAS ≤ 1 at the two observation points,19.0,not_reported,no significant difference in VAS scores of pain after AAS in comparison to after TSA (P > 0.05),not_reported,not_reported,P > 0.05,healthy subjects,Chronic low back pain (CLBP)
25538761,arm_CLBP,patients with CLBP,other,Correlation between pain duration and VAS difference between TSA and AAS,pain,"Visual Analog Scale (VAS, 0–10)",post-treatment,other,"r = –0.52, P = 0.02",19.0,not_reported,not_reported,not_reported,Pearson correlation,P = 0.02,patients with CLBP,Chronic low back pain (CLBP)
25741269,arm_SSRIs_AIA,SSRIs + AIA,verum_acupuncture,HAMD-17 score changes at week 6 (primary outcome),symptom_severity,Hamilton Depression Rating Scale-17 (HAMD-17),week 6,mean ± SD (SE in table),-9.6 (0.8),36.0,"-9.6 (SD, 4.9)","vs SSRIs: MD -5.1 (CI, -7.8 to -2.3); vs SSRIs+SIA: MD -4.9 (CI, -7.6 to -2.2)",vs SSRIs: Cohen's d -1.04; vs SSRIs+SIA: Cohen's d -1.03,one factorial ANOVA; Bonferroni post-hoc,"P<0.001 (inter-group: F=13.19, P<0.001)",modified ITT (mITT),major depressive disorder (MDD)
25741269,arm_SSRIs_SIA,SSRIs + SIA,sham_acupuncture,HAMD-17 score changes at week 6 (primary outcome),symptom_severity,Hamilton Depression Rating Scale-17 (HAMD-17),week 6,mean ± SD (SE in table),-4.8 (0.8),37.0,"-4.8 (SD, 4.6)",not_reported,not_reported,one factorial ANOVA; Bonferroni post-hoc,P<0.001 for intra-group (†),modified ITT (mITT),major depressive disorder (MDD)
25741269,arm_SSRIs,SSRIs,medication,HAMD-17 score changes at week 6 (primary outcome),symptom_severity,Hamilton Depression Rating Scale-17 (HAMD-17),week 6,mean ± SD (SE in table),-4.6 (0.8),36.0,"-4.6 (SD, 4.7)",not_reported,not_reported,one factorial ANOVA; Bonferroni post-hoc,P<0.001 for intra-group (†),modified ITT (mITT),major depressive disorder (MDD)
25741269,arm_SSRIs_AIA,SSRIs + AIA,verum_acupuncture,HAMD-17 score changes at week 3,symptom_severity,Hamilton Depression Rating Scale-17 (HAMD-17),week 3,mean ± SE,-5.2 (0.6),36.0,"-5.2 (0.6) (intra-group significant, †)","vs SSRIs: MD -1.9 (CI, -3.9 to 0.1); vs SSRIs+SIA: MD -2.4 (CI, -4.4 to -0.4)",vs SSRIs: Cohen's d -0.53; vs SSRIs+SIA: Cohen's d -0.71,one factorial ANOVA; Bonferroni post-hoc,"F=4.70, P=0.011 (inter-group); SSRIs+AIA vs SSRIs+SIA: P<0.05 (#)",modified ITT (mITT),major depressive disorder (MDD)
25741269,arm_SSRIs_SIA,SSRIs + SIA,sham_acupuncture,HAMD-17 score changes at week 3,symptom_severity,Hamilton Depression Rating Scale-17 (HAMD-17),week 3,mean ± SE,-2.8 (0.6),37.0,"-2.8 (0.6) (intra-group significant, †)",not_reported,not_reported,not_reported,not_reported,modified ITT (mITT),major depressive disorder (MDD)
25741269,arm_SSRIs,SSRIs,medication,HAMD-17 score changes at week 3,symptom_severity,Hamilton Depression Rating Scale-17 (HAMD-17),week 3,mean ± SE,-3.3 (0.6),36.0,"-3.3 (0.6) (intra-group significant, †)",not_reported,not_reported,not_reported,not_reported,modified ITT (mITT),major depressive disorder (MDD)
25741269,arm_SSRIs_AIA,SSRIs + AIA,verum_acupuncture,HAMD-17 score changes at week 10,symptom_severity,Hamilton Depression Rating Scale-17 (HAMD-17),week 10,mean ± SE,-10.6 (0.9),36.0,"-10.6 (0.9) (intra-group significant, †)","vs SSRIs: MD -3.4 (CI, -6.5 to -0.3); vs SSRIs+SIA: MD -4.1 (CI, -7.2 to -1.0)",vs SSRIs: Cohen's d -0.65; vs SSRIs+SIA: Cohen's d -0.73,one factorial ANOVA; Bonferroni post-hoc,"F=5.84, P=0.004 (inter-group); SSRIs+AIA vs SSRIs: P<0.05 (*); SSRIs+AIA vs SSRIs+SIA: P<0.05 (#)",modified ITT (mITT),major depressive disorder (MDD)
25741269,arm_SSRIs_SIA,SSRIs + SIA,sham_acupuncture,HAMD-17 score changes at week 10,symptom_severity,Hamilton Depression Rating Scale-17 (HAMD-17),week 10,mean ± SE,-6.5 (0.9),37.0,"-6.5 (0.9) (intra-group significant, †)",not_reported,not_reported,not_reported,not_reported,modified ITT (mITT),major depressive disorder (MDD)
25741269,arm_SSRIs,SSRIs,medication,HAMD-17 score changes at week 10,symptom_severity,Hamilton Depression Rating Scale-17 (HAMD-17),week 10,mean ± SE,-7.2 (0.9),36.0,"-7.2 (0.9) (intra-group significant, †)",not_reported,not_reported,not_reported,not_reported,modified ITT (mITT),major depressive disorder (MDD)
25741269,arm_SSRIs_AIA,SSRIs + AIA,verum_acupuncture,SDS score changes at week 3,mood,Self-Rating Depression Scale (SDS) / Zung Self-Rating Depression Scale,week 3,mean ± SD,-11.1 (8.3),36.0,"-11.1 (8.3) (intra-group significant, †)","vs SSRIs: MD -7.4 (CI, -11.5 to -3.3); vs SSRIs+SIA: MD -6.2 (CI, -10.3 to -2.2)",vs SSRIs: Cohen's d -0.95; vs SSRIs+SIA: Cohen's d -0.88,one factorial ANOVA; Bonferroni post-hoc,"F=11.28, P<0.001 (inter-group); SSRIs+AIA vs SSRIs: P<0.05 (*); SSRIs+AIA vs SSRIs+SIA: P<0.05 (#)",modified ITT (mITT),major depressive disorder (MDD)
25741269,arm_SSRIs_SIA,SSRIs + SIA,sham_acupuncture,SDS score changes at week 3,mood,Self-Rating Depression Scale (SDS),week 3,mean ± SD,-4.8 (5.7),37.0,"-4.8 (5.7) (intra-group significant, †)",not_reported,not_reported,not_reported,not_reported,modified ITT (mITT),major depressive disorder (MDD)
25741269,arm_SSRIs,SSRIs,medication,SDS score changes at week 3,mood,Self-Rating Depression Scale (SDS),week 3,mean ± SD,-3.6 (7.2),36.0,"-3.6 (7.2) (intra-group significant, †)",not_reported,not_reported,not_reported,not_reported,modified ITT (mITT),major depressive disorder (MDD)
25741269,arm_SSRIs_AIA,SSRIs + AIA,verum_acupuncture,SDS score changes at week 6,mood,Self-Rating Depression Scale (SDS),week 6,mean ± SD,-17.0 (10.1),36.0,"-17.0 (10.1) (intra-group significant, †)","vs SSRIs: MD -12.3 (CI, -17.4 to -7.1); vs SSRIs+SIA: MD -10.8 (CI, -16.0 to -5.6)",vs SSRIs: Cohen's d -1.32; vs SSRIs+SIA: Cohen's d -1.15,one factorial ANOVA; Bonferroni post-hoc,"F=19.76, P<0.001 (inter-group); SSRIs+AIA vs SSRIs: P<0.05 (*); SSRIs+AIA vs SSRIs+SIA: P<0.05 (#)",modified ITT (mITT),major depressive disorder (MDD)
25741269,arm_SSRIs_SIA,SSRIs + SIA,sham_acupuncture,SDS score changes at week 6,mood,Self-Rating Depression Scale (SDS),week 6,mean ± SD,-6.2 (8.6),37.0,"-6.2 (8.6) (intra-group significant, †)",not_reported,not_reported,not_reported,not_reported,modified ITT (mITT),major depressive disorder (MDD)
25741269,arm_SSRIs,SSRIs,medication,SDS score changes at week 6,mood,Self-Rating Depression Scale (SDS),week 6,mean ± SD,-4.7 (8.4),36.0,"-4.7 (8.4) (intra-group significant, †)",not_reported,not_reported,not_reported,not_reported,modified ITT (mITT),major depressive disorder (MDD)
25741269,arm_SSRIs_AIA,SSRIs + AIA,verum_acupuncture,SDS score changes at week 10,mood,Self-Rating Depression Scale (SDS),week 10,mean ± SD,-18.5 (11.3),36.0,"-18.5 (11.3) (intra-group significant, †)","vs SSRIs: MD -10.1 (CI, -16.3 to -3.8); vs SSRIs+SIA: MD -8.3 (CI, -14.5 to -2.1)",vs SSRIs: Cohen's d -0.96; vs SSRIs+SIA: Cohen's d -0.76,one factorial ANOVA; Bonferroni post-hoc,"F=8.88, P<0.001 (inter-group); SSRIs+AIA vs SSRIs: P<0.05 (*); SSRIs+AIA vs SSRIs+SIA: P<0.05 (#)",modified ITT (mITT),major depressive disorder (MDD)
25741269,arm_SSRIs_SIA,SSRIs + SIA,sham_acupuncture,SDS score changes at week 10,mood,Self-Rating Depression Scale (SDS),week 10,mean ± SD,-10.2 (11.1),37.0,"-10.2 (11.1) (intra-group significant, †)",not_reported,not_reported,not_reported,not_reported,modified ITT (mITT),major depressive disorder (MDD)
25741269,arm_SSRIs,SSRIs,medication,SDS score changes at week 10,mood,Self-Rating Depression Scale (SDS),week 10,mean ± SD,-8.5 (10.1),36.0,"-8.5 (10.1) (intra-group significant, †)",not_reported,not_reported,not_reported,not_reported,modified ITT (mITT),major depressive disorder (MDD)
25741269,arm_SSRIs_AIA,SSRIs + AIA,verum_acupuncture,PSQI score changes at week 3,quality_of_life,Pittsburgh Sleep Quality Index (PSQI),week 3,mean ± SD,-2.0 (3.2),36.0,"-2.0 (3.2) (intra-group significant, †)","vs SSRIs: MD -0.4 (CI, -2.5 to 1.6); vs SSRIs+SIA: MD -0.9 (CI, -3.0 to 1.1)",vs SSRIs: Cohen's d -0.14; vs SSRIs+SIA: Cohen's d -0.25,one factorial ANOVA,"F=0.64, P=0.529 (inter-group, not significant)",modified ITT (mITT),major depressive disorder (MDD)
25741269,arm_SSRIs_SIA,SSRIs + SIA,sham_acupuncture,PSQI score changes at week 3,quality_of_life,Pittsburgh Sleep Quality Index (PSQI),week 3,mean ± SD,-1.1 (4.3),37.0,not significant (no † noted),not_reported,not_reported,not_reported,not_reported,modified ITT (mITT),major depressive disorder (MDD)
25741269,arm_SSRIs,SSRIs,medication,PSQI score changes at week 3,quality_of_life,Pittsburgh Sleep Quality Index (PSQI),week 3,mean ± SD,-1.6 (3.0),36.0,not significant (no † noted),not_reported,not_reported,not_reported,not_reported,modified ITT (mITT),major depressive disorder (MDD)
25741269,arm_SSRIs_AIA,SSRIs + AIA,verum_acupuncture,PSQI score changes at week 6,quality_of_life,Pittsburgh Sleep Quality Index (PSQI),week 6,mean ± SD,-4.1 (3.4),36.0,"-4.1 (3.4) (intra-group significant, †)","vs SSRIs: MD -1.4 (CI, -3.7 to 0.9); vs SSRIs+SIA: MD -1.4 (CI, -3.7 to 0.9)",vs SSRIs: Cohen's d -0.40; vs SSRIs+SIA: Cohen's d -0.33,one factorial ANOVA,"F=1.45, P=0.239 (inter-group, not significant)",modified ITT (mITT),major depressive disorder (MDD)
25741269,arm_SSRIs_SIA,SSRIs + SIA,sham_acupuncture,PSQI score changes at week 6,quality_of_life,Pittsburgh Sleep Quality Index (PSQI),week 6,mean ± SD,-2.7 (3.5),37.0,"-2.7 (3.5) (intra-group significant, †)",not_reported,not_reported,not_reported,not_reported,modified ITT (mITT),major depressive disorder (MDD)
25741269,arm_SSRIs,SSRIs,medication,PSQI score changes at week 6,quality_of_life,Pittsburgh Sleep Quality Index (PSQI),week 6,mean ± SD,-2.7 (3.5),36.0,"-2.7 (3.5) (intra-group significant, †)",not_reported,not_reported,not_reported,not_reported,modified ITT (mITT),major depressive disorder (MDD)
25741269,arm_SSRIs_AIA,SSRIs + AIA,verum_acupuncture,PSQI score changes at week 10,quality_of_life,Pittsburgh Sleep Quality Index (PSQI),week 10,mean ± SD,-4.2 (4.3),36.0,"-4.2 (4.3) (intra-group significant, †)","vs SSRIs: MD -0.4 (CI, -2.8 to 1.9); vs SSRIs+SIA: MD -0.8 (CI, -3.1 to 1.6)",vs SSRIs: Cohen's d -0.12; vs SSRIs+SIA: Cohen's d -0.17,one factorial ANOVA,"F=0.32, P=0.729 (inter-group, not significant)",modified ITT (mITT),major depressive disorder (MDD)
25741269,arm_SSRIs_SIA,SSRIs + SIA,sham_acupuncture,PSQI score changes at week 10,quality_of_life,Pittsburgh Sleep Quality Index (PSQI),week 10,mean ± SD,-3.5 (4.6),37.0,"-3.5 (4.6) (intra-group significant, †)",not_reported,not_reported,not_reported,not_reported,modified ITT (mITT),major depressive disorder (MDD)
25741269,arm_SSRIs,SSRIs,medication,PSQI score changes at week 10,quality_of_life,Pittsburgh Sleep Quality Index (PSQI),week 10,mean ± SD,-3.8 (3.4),36.0,"-3.8 (3.4) (intra-group significant, †)",not_reported,not_reported,not_reported,not_reported,modified ITT (mITT),major depressive disorder (MDD)
25741269,arm_SSRIs_AIA,SSRIs + AIA,verum_acupuncture,HAMD-17 anxiety/somatization factor score change at week 6,symptom_severity,HAMD-17 five factor scores (anxiety/somatization),week 6,not_reported,not_reported,,not_reported,significantly better than SSRIs+SIA (at the 6th week) and SSRIs group (at the 6th week),not_reported,not_reported,P<0.05,modified ITT (mITT),major depressive disorder (MDD)
25741269,arm_SSRIs_AIA,SSRIs + AIA,verum_acupuncture,HAMD-17 retardation factor score change at week 6,symptom_severity,HAMD-17 five factor scores (retardation),week 6,not_reported,not_reported,,not_reported,significantly better than SSRIs+SIA (at the 6th week) and SSRIs group (at the 6th week),not_reported,not_reported,P<0.05,modified ITT (mITT),major depressive disorder (MDD)
25741269,arm_SSRIs_AIA,SSRIs + AIA,verum_acupuncture,HAMD-17 anxiety/somatization factor score change at week 10,symptom_severity,HAMD-17 five factor scores (anxiety/somatization),week 10,not_reported,not_reported,,not_reported,significantly better than SSRIs+SIA at the 10th week,not_reported,not_reported,P<0.05,modified ITT (mITT),major depressive disorder (MDD)
25741269,arm_SSRIs_AIA,SSRIs + AIA,verum_acupuncture,HAMD-17 retardation factor score change at week 10,symptom_severity,HAMD-17 five factor scores (retardation),week 10,not_reported,not_reported,,not_reported,significantly better than SSRIs+SIA at the 10th week,not_reported,not_reported,P<0.05,modified ITT (mITT),major depressive disorder (MDD)
25741269,arm_SSRIs_AIA,SSRIs + AIA,verum_acupuncture,IA compliance rate,other,compliance rate = (actual treatment times/total treatment times) x 100%,week 6 (end of treatment),percentage,exceeding 90%,,not_reported,no statistically significant differences in IA compliance among the 3 groups,not_reported,not_reported,P<0.05 noted as no significant difference,not_reported,major depressive disorder (MDD)
25821486,AG,acupuncture group (AG) (VA+SA),verum_acupuncture,Treatment response rate — GABRB3 rs4906902 recessive model (AG/GG vs. AA),responder,VAS and WOMAC MCID-based responder definition,after 2-week intervention,percentage,AG/GG: 69.67% (23/33); AA: 38.10% (8/21),54.0,not_reported,AG/GG vs. AA: 69.67% vs. 38.10%,"OR=3.74, 95% CI: 1.18–11.83 (univariate); OR=3.85, 95% CI: 1.17–12.61 (multivariate adjusted)",chi-square test; univariate logistic regression; multivariate logistic regression (adjusted for baseline VAS and other genes),chi-square p=0.022 (recessive model); logistic regression p=0.025 (univariate); p=0.026 (multivariate),acupuncture group (AG; VA+SA combined; n=54),Knee Osteoarthritis (KOA) with chronic knee pain
25821486,SC,celecoxib (SC),medication,Treatment response rate — GABRB3 rs4906902 genetic models,responder,VAS and WOMAC MCID-based responder definition,after 2-week intervention,count,"Dominant (AA/AG vs. GG): n=25/3, responder=19/2, p=1.000; Recessive (AG/GG vs. AA): n=15/13, responder=9/12, p=0.084; Additive (AA vs. AG vs. GG): n=13/12/3, responder=12/7/2, p=0.116",28.0,not_reported,not_reported,not_reported,chi-square test; Fisher's exact test,all p>0.05,celecoxib group (SC; n=28),Knee Osteoarthritis (KOA) with chronic knee pain
25821486,PB,placebo (PB),placebo,Treatment response rate — GABRB3 rs4906902 genetic models,responder,VAS and WOMAC MCID-based responder definition,after 2-week intervention,count,"Dominant (AA/AG vs. GG): n=27/2, responder=8/1, p=0.532; Recessive (AG/GG vs. AA): n=11/18, responder=3/6, p=1.000; Additive (AA vs. AG vs. GG): n=18/9/2, responder=6/2/1, p=0.701",29.0,not_reported,not_reported,not_reported,chi-square test; Fisher's exact test,all p>0.05,placebo group (PB; n=29),Knee Osteoarthritis (KOA) with chronic knee pain
25821486,WL,waiting list (WL),waitlist,Treatment response rate — GABRB3 rs4906902 genetic models,responder,VAS and WOMAC MCID-based responder definition,after 2-week intervention,count,"Dominant (AA/AG vs. GG): n=21/6, responder=9/4, p=0.385; Recessive (AG/GG vs. AA): n=19/8, responder=10/3, p=0.678; Additive (AA vs. AG vs. GG): n=8/13/6, responder=3/6/4, p=0.695",27.0,not_reported,not_reported,not_reported,chi-square test; Fisher's exact test,all p>0.05,waiting list group (WL; n=27),Knee Osteoarthritis (KOA) with chronic knee pain
25821486,AG,acupuncture group (AG) (VA+SA),verum_acupuncture,Clinical response rate to acupuncture,responder,VAS and WOMAC MCID-based responder definition,after 2-week intervention,percentage,57.41% (31/54),54.0,not_reported,not_reported,not_reported,not_reported,not_reported,acupuncture group (AG; VA+SA combined; n=54),Knee Osteoarthritis (KOA) with chronic knee pain
25821486,AG,acupuncture group (AG) (VA+SA),verum_acupuncture,VAS pain scale improvement — responders vs. non-responders,pain,VAS (Visual Analog Scale),after 2-week intervention,narrative,significantly greater improvement in pain scales (VAS and MPQ) in responders versus non-responders (p<0.05),54.0,not_reported,significantly greater improvement in responders vs. non-responders,not_reported,not_reported,p<0.05,acupuncture group (AG; VA+SA combined; n=54),Knee Osteoarthritis (KOA) with chronic knee pain
25821486,AG,acupuncture group (AG) (VA+SA),verum_acupuncture,Changes in VAS scores — AG vs. PB,pain,VAS (Visual Analog Scale),after 2-week intervention,narrative,significant differences found between AG and PB in terms of changes in VAS scores,,not_reported,AG vs. PB: significant difference in VAS change,not_reported,Bonferroni-corrected Mann–Whitney U test,significant (exact value not reported),not_reported,Knee Osteoarthritis (KOA) with chronic knee pain
25821486,AG,acupuncture group (AG) (VA+SA),verum_acupuncture,Changes in SF-MPQ scores — AG vs. PB,pain,Short-Form McGill Pain Questionnaire (SF-MPQ),after 2-week intervention,narrative,significant differences found between AG and PB in terms of changes in SF-MPQ scores,,not_reported,AG vs. PB: significant difference in SF-MPQ change,not_reported,Bonferroni-corrected Mann–Whitney U test,significant (exact value not reported),not_reported,Knee Osteoarthritis (KOA) with chronic knee pain
25821486,AG,acupuncture group (AG) (VA+SA),verum_acupuncture,Changes in WOMAC scores — AG vs. PB,function,WOMAC (Western Ontario and McMaster Universities Osteoarthritis Index),after 2-week intervention,narrative,no significant difference between AG and PB in WOMAC scores,,not_reported,no significant difference,not_reported,Bonferroni-corrected Mann–Whitney U test,not significant (exact value not reported),not_reported,Knee Osteoarthritis (KOA) with chronic knee pain
25821486,AG,acupuncture group (AG) (VA+SA),verum_acupuncture,Changes in SF-MPQ scores — AG vs. WL,pain,Short-Form McGill Pain Questionnaire (SF-MPQ),after 2-week intervention,narrative,significant difference observed only in the SF-MPQ changes between AG and WL,,not_reported,AG vs. WL: significant difference in SF-MPQ change,not_reported,Bonferroni-corrected Mann–Whitney U test,significant (exact value not reported),not_reported,Knee Osteoarthritis (KOA) with chronic knee pain
25821486,AG,acupuncture group (AG) (VA+SA),verum_acupuncture,"Changes in VAS, WOMAC, SF-12 scores — AG vs. WL",other,VAS; WOMAC; SF-12,after 2-week intervention,narrative,"no differences between AG and WL in VAS, WOMAC, or SF-12 scores",,not_reported,no significant differences,not_reported,Bonferroni-corrected Mann–Whitney U test,not significant (exact values not reported),not_reported,Knee Osteoarthritis (KOA) with chronic knee pain
25821486,AG,acupuncture group (AG) (VA+SA),verum_acupuncture,Clinical outcomes — AG vs. SC (celecoxib),pain,VAS; WOMAC; SF-MPQ; SF-12,after 2-week intervention,narrative,no significant differences were detected between AG and SC,,not_reported,no significant differences,not_reported,Bonferroni-corrected Mann–Whitney U test,not significant (exact values not reported),not_reported,Knee Osteoarthritis (KOA) with chronic knee pain
25821486,AG,acupuncture group (AG) (VA+SA),verum_acupuncture,"No statistical significance in VA vs. SA for any outcome measures (VAS, SF-MPQ, WOMAC, and SF-12); no significant difference in treatment response rates between the two acupuncture groups",other,VAS; SF-MPQ; WOMAC; SF-12,after 2-week intervention,narrative,no statistical significance observed in the VA and SA groups for any outcome measures; no significant difference in treatment response rates,,not_reported,no significant difference between VA and SA,not_reported,not_reported,not significant (exact values not reported; in Table S3),VA (n=28) and SA (n=26),Knee Osteoarthritis (KOA) with chronic knee pain
25821486,AG,acupuncture group (AG) (VA+SA),verum_acupuncture,"No significant associations for OPRM1 rs1799971, COMT rs4680, or BDNF rs6265 in any genetic model across all intervention groups",responder,VAS and WOMAC MCID-based responder definition,after 2-week intervention,narrative,"all p>0.05 for OPRM1 rs1799971, COMT rs4680, BDNF rs6265 across AG, SC, PB, WL groups",,not_reported,not_reported,not_reported,chi-square test; logistic regression,all p>0.05,all intervention groups,Knee Osteoarthritis (KOA) with chronic knee pain
26064166,arm_A,Group A,verum_acupuncture,modified Barthel Index (MBI) score,function,modified Barthel Index (MBI),baseline (pre-treatment),mean (95% CI),"32.386 (24.613, 40.160)",11.0,not_reported,not_reported,not_reported,not_reported,0.898 (between groups at baseline),not_reported,Ischemic stroke
26064166,arm_B,Group B,usual_care,modified Barthel Index (MBI) score,function,modified Barthel Index (MBI),baseline (pre-treatment),mean (95% CI),"32.980 (26.378, 39.572)",10.0,not_reported,not_reported,not_reported,not_reported,0.898 (between groups at baseline),not_reported,Ischemic stroke
26064166,arm_A,Group A,verum_acupuncture,modified Barthel Index (MBI) score,function,modified Barthel Index (MBI),post-treatment (end of 4 weeks),mean ± SD,44.9 ± 6.4,11.0,from 32.4 ± 7.8 to 44.9 ± 6.4,P = 0.00 (significant difference between groups after treatment),not_reported,not_reported,P = 0.00,not_reported,Ischemic stroke
26064166,arm_B,Group B,usual_care,modified Barthel Index (MBI) score,function,modified Barthel Index (MBI),post-treatment (end of 4 weeks),mean ± SD,38.3 ± 7.2,10.0,from 33.00 ± 6.6 to 38.3 ± 7.2,P = 0.00 (significant difference between groups after treatment),not_reported,not_reported,P = 0.00,not_reported,Ischemic stroke
26064166,arm_A,Group A,verum_acupuncture,change degree of MBI scores (post-pre),function,modified Barthel Index (MBI),post-treatment minus pre-treatment,mean ± SD,13.0 ± 3.58,11.0,not_applicable,Group A: 13.0 ± 3.58 vs Group B: 5.275 ± 0.902; P = 0.001,not_reported,not_reported,P = 0.001,not_reported,Ischemic stroke
26064166,arm_B,Group B,usual_care,change degree of MBI scores (post-pre),function,modified Barthel Index (MBI),post-treatment minus pre-treatment,mean ± SD,5.275 ± 0.902,10.0,not_applicable,Group A: 13.0 ± 3.58 vs Group B: 5.275 ± 0.902; P = 0.001,not_reported,not_reported,P = 0.001,not_reported,Ischemic stroke
26064166,arm_A,Group A,verum_acupuncture,MMSE score,cognition,Mini-Mental State Examination (MMSE),baseline (pre-treatment),mean (95% CI),"21.000 (19.725, 22.275)",11.0,not_reported,not_reported,not_reported,not_reported,0.380 (between groups at baseline),not_reported,Ischemic stroke
26064166,arm_B,Group B,usual_care,MMSE score,cognition,Mini-Mental State Examination (MMSE),baseline (pre-treatment),mean (95% CI),"21.800 (20.262, 23.338)",10.0,not_reported,not_reported,not_reported,not_reported,0.380 (between groups at baseline),not_reported,Ischemic stroke
26064166,arm_A,Group A,verum_acupuncture,correlation between GMV increase in left middle temporal gyrus and increase in MBI score,function,modified Barthel Index (MBI),post-treatment minus pre-treatment,other,"r2 = 0.597, P = 0.005",11.0,not_applicable,not_applicable,r2 = 0.597,Pearson correlation,P = 0.005,not_reported,Ischemic stroke
26064166,arm_A,Group A,verum_acupuncture,correlation between GMV increase in left anterior cingulate cortex and increase in MBI score,function,modified Barthel Index (MBI),post-treatment minus pre-treatment,other,"r2 = 0.680, P = 0.002",11.0,not_applicable,not_applicable,r2 = 0.680,Pearson correlation,P = 0.002,not_reported,Ischemic stroke
26161117,arm_acupuncture,Acupuncture group,verum_acupuncture,VAS total score,pain,Visual Analog Scale (VAS),baseline (week 0),mean ± SD,5.38±0.22,15.0,not_reported,not_reported,not_reported,One-way ANOVA,0.731,not_reported,Knee osteoarthritis (KOA)
26161117,arm_placebo,Placebo acupuncture group,sham_acupuncture,VAS total score,pain,Visual Analog Scale (VAS),baseline (week 0),mean ± SD,5.57±1.10,15.0,not_reported,not_reported,not_reported,One-way ANOVA,0.731,not_reported,Knee osteoarthritis (KOA)
26161117,arm_waiting,Waiting for treatment group,waitlist,VAS total score,pain,Visual Analog Scale (VAS),baseline (week 0),mean ± SD,5.67±1.05,15.0,not_reported,not_reported,not_reported,One-way ANOVA,0.731,not_reported,Knee osteoarthritis (KOA)
26161117,arm_acupuncture,Acupuncture group,verum_acupuncture,VAS total score difference (before - after intervention),pain,Visual Analog Scale (VAS),change from week 0 to week 4,mean ± SD,3.39±0.26,15.0,not_reported,not_reported,not_reported,Non-parametric Kruskal-Wallis rank sum test,<0.001,not_reported,Knee osteoarthritis (KOA)
26161117,arm_placebo,Placebo acupuncture group,sham_acupuncture,VAS total score difference (before - after intervention),pain,Visual Analog Scale (VAS),change from week 0 to week 4,mean ± SD,0.84±0.22,15.0,not_reported,not_reported,not_reported,Non-parametric Kruskal-Wallis rank sum test,<0.001,not_reported,Knee osteoarthritis (KOA)
26161117,arm_waiting,Waiting for treatment group,waitlist,VAS total score difference (before - after intervention),pain,Visual Analog Scale (VAS),change from week 0 to week 4,mean ± SD,-0.05±0.04,15.0,not_reported,not_reported,not_reported,Non-parametric Kruskal-Wallis rank sum test,<0.001,not_reported,Knee osteoarthritis (KOA)
26161117,arm_acupuncture,Acupuncture group,verum_acupuncture,WOMAC total score difference (before - after intervention),symptom_severity,Western Ontario and McMaster Universities Osteoarthritis Index (WOMAC),change from week 0 to week 4,mean ± SD,29.81±15.73,15.0,not_reported,not_reported,not_reported,Non-parametric Kruskal-Wallis rank sum test,<0.001,not_reported,Knee osteoarthritis (KOA)
26161117,arm_placebo,Placebo acupuncture group,sham_acupuncture,WOMAC total score difference (before - after intervention),symptom_severity,Western Ontario and McMaster Universities Osteoarthritis Index (WOMAC),change from week 0 to week 4,mean ± SD,11.05±19.56,15.0,not_reported,not_reported,not_reported,Non-parametric Kruskal-Wallis rank sum test,<0.001,not_reported,Knee osteoarthritis (KOA)
26161117,arm_waiting,Waiting for treatment group,waitlist,WOMAC total score difference (before - after intervention),symptom_severity,Western Ontario and McMaster Universities Osteoarthritis Index (WOMAC),change from week 0 to week 4,mean ± SD,-0.43±1.545,15.0,not_reported,not_reported,not_reported,Non-parametric Kruskal-Wallis rank sum test,<0.001,not_reported,Knee osteoarthritis (KOA)
26161117,arm_acupuncture,Acupuncture group,verum_acupuncture,WOMAC pain dimension score difference (before - after intervention),pain,WOMAC pain dimension,change from week 0 to week 4,mean ± SD,7.93±4.64,15.0,not_reported,not_reported,not_reported,Non-parametric Kruskal-Wallis rank sum test,<0.001,not_reported,Knee osteoarthritis (KOA)
26161117,arm_placebo,Placebo acupuncture group,sham_acupuncture,WOMAC pain dimension score difference (before - after intervention),pain,WOMAC pain dimension,change from week 0 to week 4,mean ± SD,2.59±4.29,15.0,not_reported,not_reported,not_reported,Non-parametric Kruskal-Wallis rank sum test,<0.001,not_reported,Knee osteoarthritis (KOA)
26161117,arm_waiting,Waiting for treatment group,waitlist,WOMAC pain dimension score difference (before - after intervention),pain,WOMAC pain dimension,change from week 0 to week 4,mean ± SD,-0.10±0.60,15.0,not_reported,not_reported,not_reported,Non-parametric Kruskal-Wallis rank sum test,<0.001,not_reported,Knee osteoarthritis (KOA)
26161117,arm_acupuncture,Acupuncture group,verum_acupuncture,WOMAC rigid dimension score difference (before - after intervention),symptom_severity,WOMAC rigid dimension,change from week 0 to week 4,mean ± SD,3.09±3.42,15.0,not_reported,not_reported,not_reported,Non-parametric Kruskal-Wallis rank sum test,0.018,not_reported,Knee osteoarthritis (KOA)
26161117,arm_placebo,Placebo acupuncture group,sham_acupuncture,WOMAC rigid dimension score difference (before - after intervention),symptom_severity,WOMAC rigid dimension,change from week 0 to week 4,mean ± SD,1.60±2.81,15.0,not_reported,not_reported,not_reported,Non-parametric Kruskal-Wallis rank sum test,0.018,not_reported,Knee osteoarthritis (KOA)
26161117,arm_waiting,Waiting for treatment group,waitlist,WOMAC rigid dimension score difference (before - after intervention),symptom_severity,WOMAC rigid dimension,change from week 0 to week 4,mean ± SD,-0.19±0.78,15.0,not_reported,not_reported,not_reported,Non-parametric Kruskal-Wallis rank sum test,0.018,not_reported,Knee osteoarthritis (KOA)
26161117,arm_acupuncture,Acupuncture group,verum_acupuncture,WOMAC daily activity dimension score difference (before - after intervention),function,WOMAC daily activity dimension,change from week 0 to week 4,mean ± SD,18.79±8.89,15.0,not_reported,not_reported,not_reported,Non-parametric Kruskal-Wallis rank sum test,<0.001,not_reported,Knee osteoarthritis (KOA)
26161117,arm_placebo,Placebo acupuncture group,sham_acupuncture,WOMAC daily activity dimension score difference (before - after intervention),function,WOMAC daily activity dimension,change from week 0 to week 4,mean ± SD,6.39±16.38,15.0,not_reported,not_reported,not_reported,Non-parametric Kruskal-Wallis rank sum test,<0.001,not_reported,Knee osteoarthritis (KOA)
26161117,arm_waiting,Waiting for treatment group,waitlist,WOMAC daily activity dimension score difference (before - after intervention),function,WOMAC daily activity dimension,change from week 0 to week 4,mean ± SD,-0.02±0.084,15.0,not_reported,not_reported,not_reported,Non-parametric Kruskal-Wallis rank sum test,<0.001,not_reported,Knee osteoarthritis (KOA)
26161117,arm_acupuncture,Acupuncture group,verum_acupuncture,KOOS total score difference (before - after intervention),function,Knee Injury and Osteoarthritis Outcome Score (KOOS),change from week 0 to week 4,mean ± SD,-17.93±14.12,15.0,not_reported,not_reported,not_reported,Non-parametric Kruskal-Wallis rank sum test,<0.001,not_reported,Knee osteoarthritis (KOA)
26161117,arm_placebo,Placebo acupuncture group,sham_acupuncture,KOOS total score difference (before - after intervention),function,Knee Injury and Osteoarthritis Outcome Score (KOOS),change from week 0 to week 4,mean ± SD,-0.47±8.48,15.0,not_reported,not_reported,not_reported,Non-parametric Kruskal-Wallis rank sum test,<0.001,not_reported,Knee osteoarthritis (KOA)
26161117,arm_waiting,Waiting for treatment group,waitlist,KOOS total score difference (before - after intervention),function,Knee Injury and Osteoarthritis Outcome Score (KOOS),change from week 0 to week 4,mean ± SD,0.13±2.23,15.0,not_reported,not_reported,not_reported,Non-parametric Kruskal-Wallis rank sum test,<0.001,not_reported,Knee osteoarthritis (KOA)
26161117,arm_acupuncture,Acupuncture group,verum_acupuncture,KOOS symptom dimension score difference (before - after intervention),symptom_severity,KOOS symptom dimension,change from week 0 to week 4,mean ± SD,-2.00±2.59,15.0,not_reported,not_reported,not_reported,Non-parametric Kruskal-Wallis rank sum test,0.032,not_reported,Knee osteoarthritis (KOA)
26161117,arm_placebo,Placebo acupuncture group,sham_acupuncture,KOOS symptom dimension score difference (before - after intervention),symptom_severity,KOOS symptom dimension,change from week 0 to week 4,mean ± SD,0.13±2.67,15.0,not_reported,not_reported,not_reported,Non-parametric Kruskal-Wallis rank sum test,0.032,not_reported,Knee osteoarthritis (KOA)
26161117,arm_waiting,Waiting for treatment group,waitlist,KOOS symptom dimension score difference (before - after intervention),symptom_severity,KOOS symptom dimension,change from week 0 to week 4,mean ± SD,-0.67±0.26,15.0,not_reported,not_reported,not_reported,Non-parametric Kruskal-Wallis rank sum test,0.032,not_reported,Knee osteoarthritis (KOA)
26161117,arm_acupuncture,Acupuncture group,verum_acupuncture,KOOS rigid dimension score difference (before - after intervention),symptom_severity,KOOS rigid dimension,change from week 0 to week 4,mean ± SD,-1.00±1.25,15.0,not_reported,not_reported,not_reported,Non-parametric Kruskal-Wallis rank sum test,0.041,not_reported,Knee osteoarthritis (KOA)
26161117,arm_placebo,Placebo acupuncture group,sham_acupuncture,KOOS rigid dimension score difference (before - after intervention),symptom_severity,KOOS rigid dimension,change from week 0 to week 4,mean ± SD,-0.27±2.55,15.0,not_reported,not_reported,not_reported,Non-parametric Kruskal-Wallis rank sum test,0.041,not_reported,Knee osteoarthritis (KOA)
26161117,arm_waiting,Waiting for treatment group,waitlist,KOOS rigid dimension score difference (before - after intervention),symptom_severity,KOOS rigid dimension,change from week 0 to week 4,mean ± SD,-0.07±0.46,15.0,not_reported,not_reported,not_reported,Non-parametric Kruskal-Wallis rank sum test,0.041,not_reported,Knee osteoarthritis (KOA)
26161117,arm_acupuncture,Acupuncture group,verum_acupuncture,KOOS pain dimension score difference (before - after intervention),pain,KOOS pain dimension,change from week 0 to week 4,mean ± SD,-4.33±5.19,15.0,not_reported,not_reported,not_reported,Non-parametric Kruskal-Wallis rank sum test,0.001,not_reported,Knee osteoarthritis (KOA)
26161117,arm_placebo,Placebo acupuncture group,sham_acupuncture,KOOS pain dimension score difference (before - after intervention),pain,KOOS pain dimension,change from week 0 to week 4,mean ± SD,-0.27±2.37,15.0,not_reported,not_reported,not_reported,Non-parametric Kruskal-Wallis rank sum test,0.001,not_reported,Knee osteoarthritis (KOA)
26161117,arm_waiting,Waiting for treatment group,waitlist,KOOS pain dimension score difference (before - after intervention),pain,KOOS pain dimension,change from week 0 to week 4,mean ± SD,0.00±0.53,15.0,not_reported,not_reported,not_reported,Non-parametric Kruskal-Wallis rank sum test,0.001,not_reported,Knee osteoarthritis (KOA)
26161117,arm_acupuncture,Acupuncture group,verum_acupuncture,KOOS functional dimension score difference (before - after intervention),function,KOOS functional dimension,change from week 0 to week 4,mean ± SD,-5.67±4.55,15.0,not_reported,not_reported,not_reported,Non-parametric Kruskal-Wallis rank sum test,<0.001,not_reported,Knee osteoarthritis (KOA)
26161117,arm_placebo,Placebo acupuncture group,sham_acupuncture,KOOS functional dimension score difference (before - after intervention),function,KOOS functional dimension,change from week 0 to week 4,mean ± SD,-1.07±4.09,15.0,not_reported,not_reported,not_reported,Non-parametric Kruskal-Wallis rank sum test,<0.001,not_reported,Knee osteoarthritis (KOA)
26161117,arm_waiting,Waiting for treatment group,waitlist,KOOS functional dimension score difference (before - after intervention),function,KOOS functional dimension,change from week 0 to week 4,mean ± SD,-0.47±1.55,15.0,not_reported,not_reported,not_reported,Non-parametric Kruskal-Wallis rank sum test,<0.001,not_reported,Knee osteoarthritis (KOA)
26161117,arm_acupuncture,Acupuncture group,verum_acupuncture,KOOS higher activity dimension score difference (before - after intervention),function,KOOS higher activity dimension,change from week 0 to week 4,mean ± SD,-3.27±4.17,15.0,not_reported,not_reported,not_reported,Non-parametric Kruskal-Wallis rank sum test,0.005,not_reported,Knee osteoarthritis (KOA)
26161117,arm_placebo,Placebo acupuncture group,sham_acupuncture,KOOS higher activity dimension score difference (before - after intervention),function,KOOS higher activity dimension,change from week 0 to week 4,mean ± SD,0.67±2.77,15.0,not_reported,not_reported,not_reported,Non-parametric Kruskal-Wallis rank sum test,0.005,not_reported,Knee osteoarthritis (KOA)
26161117,arm_waiting,Waiting for treatment group,waitlist,KOOS higher activity dimension score difference (before - after intervention),function,KOOS higher activity dimension,change from week 0 to week 4,mean ± SD,0.27±1.16,15.0,not_reported,not_reported,not_reported,Non-parametric Kruskal-Wallis rank sum test,0.005,not_reported,Knee osteoarthritis (KOA)
26161117,arm_acupuncture,Acupuncture group,verum_acupuncture,KOOS Quality of Life Dimension Score difference (before - after intervention),quality_of_life,KOOS Quality of Life Dimension,change from week 0 to week 4,mean ± SD,-1.67±1.84,15.0,not_reported,not_reported,not_reported,Non-parametric Kruskal-Wallis rank sum test,0.001,not_reported,Knee osteoarthritis (KOA)
26161117,arm_placebo,Placebo acupuncture group,sham_acupuncture,KOOS Quality of Life Dimension Score difference (before - after intervention),quality_of_life,KOOS Quality of Life Dimension,change from week 0 to week 4,mean ± SD,0.33±1.84,15.0,not_reported,not_reported,not_reported,Non-parametric Kruskal-Wallis rank sum test,0.001,not_reported,Knee osteoarthritis (KOA)
26161117,arm_waiting,Waiting for treatment group,waitlist,KOOS Quality of Life Dimension Score difference (before - after intervention),quality_of_life,KOOS Quality of Life Dimension,change from week 0 to week 4,mean ± SD,0.47±1.41,15.0,not_reported,not_reported,not_reported,Non-parametric Kruskal-Wallis rank sum test,0.001,not_reported,Knee osteoarthritis (KOA)
26161117,arm_acupuncture,Acupuncture group,verum_acupuncture,AIMS2-SF total score difference (before - after intervention),quality_of_life,Arthritis quality of life measurement scale simplified scale (AIMS2-SF),change from week 0 to week 4,mean ± SD,-6.60±6.20,15.0,not_reported,not_reported,not_reported,Non-parametric Kruskal-Wallis rank sum test,0.001,not_reported,Knee osteoarthritis (KOA)
26161117,arm_placebo,Placebo acupuncture group,sham_acupuncture,AIMS2-SF total score difference (before - after intervention),quality_of_life,Arthritis quality of life measurement scale simplified scale (AIMS2-SF),change from week 0 to week 4,mean ± SD,0.33±3.83,15.0,not_reported,not_reported,not_reported,Non-parametric Kruskal-Wallis rank sum test,0.001,not_reported,Knee osteoarthritis (KOA)
26161117,arm_waiting,Waiting for treatment group,waitlist,AIMS2-SF total score difference (before - after intervention),quality_of_life,Arthritis quality of life measurement scale simplified scale (AIMS2-SF),change from week 0 to week 4,mean ± SD,-0.13±1.64,15.0,not_reported,not_reported,not_reported,Non-parametric Kruskal-Wallis rank sum test,0.001,not_reported,Knee osteoarthritis (KOA)
26161117,arm_acupuncture,Acupuncture group,verum_acupuncture,Beck anxiety inventory total score difference (before - after intervention),mood,Beck Anxiety Inventory (BAI),change from week 0 to week 4,mean ± SD,1.87±3.42,15.0,not_reported,not_reported,not_reported,Non-parametric Kruskal-Wallis rank sum test,0.032,not_reported,Knee osteoarthritis (KOA)
26161117,arm_placebo,Placebo acupuncture group,sham_acupuncture,Beck anxiety inventory total score difference (before - after intervention),mood,Beck Anxiety Inventory (BAI),change from week 0 to week 4,mean ± SD,0.73±2.40,15.0,not_reported,not_reported,not_reported,Non-parametric Kruskal-Wallis rank sum test,0.032,not_reported,Knee osteoarthritis (KOA)
26161117,arm_waiting,Waiting for treatment group,waitlist,Beck anxiety inventory total score difference (before - after intervention),mood,Beck Anxiety Inventory (BAI),change from week 0 to week 4,mean ± SD,-0.40±1.06,15.0,not_reported,not_reported,not_reported,Non-parametric Kruskal-Wallis rank sum test,0.032,not_reported,Knee osteoarthritis (KOA)
26161117,arm_acupuncture,Acupuncture group,verum_acupuncture,Beck depression inventory total score difference (before - after intervention),mood,Beck Depression Inventory (BDI),change from week 0 to week 4,mean ± SD,0.40±2.03,15.0,not_reported,not_reported,not_reported,Non-parametric Kruskal-Wallis rank sum test,0.493,not_reported,Knee osteoarthritis (KOA)
26161117,arm_placebo,Placebo acupuncture group,sham_acupuncture,Beck depression inventory total score difference (before - after intervention),mood,Beck Depression Inventory (BDI),change from week 0 to week 4,mean ± SD,0.80±2.93,15.0,not_reported,not_reported,not_reported,Non-parametric Kruskal-Wallis rank sum test,0.493,not_reported,Knee osteoarthritis (KOA)
26161117,arm_waiting,Waiting for treatment group,waitlist,Beck depression inventory total score difference (before - after intervention),mood,Beck Depression Inventory (BDI),change from week 0 to week 4,mean ± SD,-0.33±0.90,15.0,not_reported,not_reported,not_reported,Non-parametric Kruskal-Wallis rank sum test,0.493,not_reported,Knee osteoarthritis (KOA)
26467429,arm_CG,control group (CG),waitlist,PHQ-9 score,symptom_severity,Patient Health Questionnaire (PHQ-9),Baseline,mean (95% CI),14.5 (12.1 to 16.8),20.0,not_reported,-1.3 (-0.2 to 0.7),0.3,linear mixed model,p = 0.35 (between group); p < 0.0001 (within group vs baseline),intent-to-treat (ITT),Depression (DSM-V criteria)
26467429,arm_TG,treatment group (TG),verum_acupuncture,PHQ-9 score,symptom_severity,Patient Health Questionnaire (PHQ-9),Baseline,mean (95% CI),15.8 (14.3 to 17.3),40.0,not_reported,-1.3 (-0.2 to 0.7),0.3,linear mixed model,p = 0.35 (between group); p < 0.0001 (within group vs baseline),intent-to-treat (ITT),Depression (DSM-V criteria)
26467429,arm_CG,control group (CG),waitlist,PHQ-9 score,symptom_severity,Patient Health Questionnaire (PHQ-9),Week 1,mean (95% CI),14.7 (12.3 to 17.1),20.0,not_reported,3.6 (-1.1 to -0.1),-0.6,linear mixed model,p = 0.33 (between group); p < 0.0001 (within group vs baseline),intent-to-treat (ITT),Depression (DSM-V criteria)
26467429,arm_TG,treatment group (TG),verum_acupuncture,PHQ-9 score,symptom_severity,Patient Health Questionnaire (PHQ-9),Week 1,mean (95% CI),11.1 (9.6 to 12.6),40.0,not_reported,3.6 (-1.1 to -0.1),-0.6,linear mixed model,p = 0.33 (between group); p < 0.0001 (within group vs baseline),intent-to-treat (ITT),Depression (DSM-V criteria)
26467429,arm_CG,control group (CG),waitlist,PHQ-9 score,symptom_severity,Patient Health Questionnaire (PHQ-9),Week 2,mean (95% CI),12.2 (9.8 to 14.5),20.0,not_reported,2.1 (-0.8 to 0.1),-0.4,linear mixed model,p = 0.01 (between group); p < 0.0001 (within group vs baseline),intent-to-treat (ITT),Depression (DSM-V criteria)
26467429,arm_TG,treatment group (TG),verum_acupuncture,PHQ-9 score,symptom_severity,Patient Health Questionnaire (PHQ-9),Week 2,mean (95% CI),10.1 (8.6 to 11.6),40.0,not_reported,2.1 (-0.8 to 0.1),-0.4,linear mixed model,p = 0.01 (between group); p < 0.0001 (within group vs baseline),intent-to-treat (ITT),Depression (DSM-V criteria)
26467429,arm_CG,control group (CG),waitlist,PHQ-9 score,symptom_severity,Patient Health Questionnaire (PHQ-9),Week 3,mean (95% CI),11.7 (9.3 to 14.0),20.0,not_reported,3 (-1.0 to 0.03),-0.5,linear mixed model,p = 0.04 (between group); p < 0.0001 (within group vs baseline),intent-to-treat (ITT),Depression (DSM-V criteria)
26467429,arm_TG,treatment group (TG),verum_acupuncture,PHQ-9 score,symptom_severity,Patient Health Questionnaire (PHQ-9),Week 3,mean (95% CI),8.7 (14.3 to 17.3),40.0,not_reported,3 (-1.0 to 0.03),-0.5,linear mixed model,p = 0.04 (between group); p < 0.0001 (within group vs baseline),intent-to-treat (ITT),Depression (DSM-V criteria)
26467429,arm_CG,control group (CG),waitlist,HAMD-17 score,symptom_severity,17-item Hamilton Depression Rating Scale (HAMD-17),Baseline,mean ± SD,21.9 ± 5.7,20.0,not_reported,0.02 (-0.5 to 0.5),0.003,not_reported,p = 0.991,intent-to-treat (ITT),Depression (DSM-V criteria)
26467429,arm_TG,treatment group (TG),verum_acupuncture,HAMD-17 score,symptom_severity,17-item Hamilton Depression Rating Scale (HAMD-17),Baseline,mean ± SD,21.92 ± 6.97,40.0,not_reported,0.02 (-0.5 to 0.5),0.003,not_reported,p = 0.991,intent-to-treat (ITT),Depression (DSM-V criteria)
26467429,arm_CG,control group (CG),waitlist,HAMD-17 score,symptom_severity,17-item Hamilton Depression Rating Scale (HAMD-17),Week 3,mean ± SD,18.4 ± 5.5,20.0,not_reported,3.8 (-1.1 to -0.1),-0.61,not_reported,p = 0.015,intent-to-treat (ITT),Depression (DSM-V criteria)
26467429,arm_TG,treatment group (TG),verum_acupuncture,HAMD-17 score,symptom_severity,17-item Hamilton Depression Rating Scale (HAMD-17),Week 3,mean ± SD,14.6 ± 6.6,40.0,not_reported,3.8 (-1.1 to -0.1),-0.61,not_reported,p = 0.015,intent-to-treat (ITT),Depression (DSM-V criteria)
26511911,not_applicable,,,Hamilton depression scale scores,mood,Hamilton depression scale,post-tVNS treatment,narrative,Hamilton depression scale scores were significantly reduced,,significantly reduced,not_reported,not_reported,not_reported,not_reported,patients with depression treated by tVNS,"Depression; also covers anxiety, irritable bowel syndrome, stroke, Parkinson's disease, heroin addiction, spastic cerebral palsy, carpal tunnel syndrome, post-traumatic stress disorder, functional dyspepsia, aphasia, epilepsy, Wilson's disease, and primary insomnia as referenced conditions"
26511911,not_applicable,,,Symptom improvement in anxiety and depression in PTSD patients,mood,not_reported,post-electroacupuncture treatment,narrative,patients' symptoms improved after electroacupuncture treatment,,improved,not_reported,not_reported,not_reported,not_reported,patients with post-traumatic stress disorder accompanied by anxiety and depression,"Depression; also covers anxiety, irritable bowel syndrome, stroke, Parkinson's disease, heroin addiction, spastic cerebral palsy, carpal tunnel syndrome, post-traumatic stress disorder, functional dyspepsia, aphasia, epilepsy, Wilson's disease, and primary insomnia as referenced conditions"
26511911,not_applicable,,,Symptoms and depression relief in constipation-type irritable bowel syndrome patients,symptom_severity,not_reported,post-electroacupuncture and moxibustion treatment,narrative,"both electroacupuncture and moxibustion can improve symptoms and relieve depression in patients with constipation-type irritable bowel syndrome, with electroacupuncture having a more significant effect than moxibustion",,improved,electroacupuncture having a more significant effect than moxibustion,not_reported,not_reported,not_reported,patients with constipation-type irritable bowel syndrome,"Depression; also covers anxiety, irritable bowel syndrome, stroke, Parkinson's disease, heroin addiction, spastic cerebral palsy, carpal tunnel syndrome, post-traumatic stress disorder, functional dyspepsia, aphasia, epilepsy, Wilson's disease, and primary insomnia as referenced conditions"
26511911,not_applicable,,,Aphasia degree change after 8 weeks of acupuncture treatment post-stroke,function,not_reported,8 weeks post-treatment,narrative,the change in the degree of aphasia was related to the activation of Wernicke's language area; acupuncture treatment may be beneficial to the recovery of aphasia,,not_reported,not_reported,not_reported,not_reported,not_reported,patients with aphasia after stroke,"Depression; also covers anxiety, irritable bowel syndrome, stroke, Parkinson's disease, heroin addiction, spastic cerebral palsy, carpal tunnel syndrome, post-traumatic stress disorder, functional dyspepsia, aphasia, epilepsy, Wilson's disease, and primary insomnia as referenced conditions"
26839078,arm_AD,AD,other,MMSE,cognition,Mini-Mental State Examination,baseline,mean ± SD,15.92±4.32,14.0,not_reported,not_reported,not_reported,one-way analysis of variance,<0.01,not_reported,Mild Cognitive Impairment (MCI) and Alzheimer Disease (AD)
26839078,arm_MCI,MCI,other,MMSE,cognition,Mini-Mental State Examination,baseline,mean ± SD,25.37±1.30,8.0,not_reported,not_reported,not_reported,one-way analysis of variance,<0.01,not_reported,Mild Cognitive Impairment (MCI) and Alzheimer Disease (AD)
26839078,arm_NOR,NOR,healthy_control,MMSE,cognition,Mini-Mental State Examination,baseline,mean ± SD,28.00±1.41,14.0,not_reported,not_reported,not_reported,one-way analysis of variance,<0.01,not_reported,Mild Cognitive Impairment (MCI) and Alzheimer Disease (AD)
26839078,arm_AD,AD,other,AVLT(immediate),cognition,"Auditory verbal learning test, immediate recall of learning verbal",baseline,mean ± SD,11.35±3.95,14.0,not_reported,not_reported,not_reported,one-way analysis of variance,<0.01,not_reported,Mild Cognitive Impairment (MCI) and Alzheimer Disease (AD)
26839078,arm_MCI,MCI,other,AVLT(immediate),cognition,"Auditory verbal learning test, immediate recall of learning verbal",baseline,mean ± SD,14.13±3.52,8.0,not_reported,not_reported,not_reported,one-way analysis of variance,<0.01,not_reported,Mild Cognitive Impairment (MCI) and Alzheimer Disease (AD)
26839078,arm_NOR,NOR,healthy_control,AVLT(immediate),cognition,"Auditory verbal learning test, immediate recall of learning verbal",baseline,mean ± SD,26.86±5.24,14.0,not_reported,not_reported,not_reported,one-way analysis of variance,<0.01,not_reported,Mild Cognitive Impairment (MCI) and Alzheimer Disease (AD)
26839078,arm_AD,AD,other,AVLT(delayed),cognition,"Auditory verbal learning test, delayed recall of learning verbal",baseline,mean ± SD,2.64±1.59,14.0,not_reported,not_reported,not_reported,one-way analysis of variance,<0.01,not_reported,Mild Cognitive Impairment (MCI) and Alzheimer Disease (AD)
26839078,arm_MCI,MCI,other,AVLT(delayed),cognition,"Auditory verbal learning test, delayed recall of learning verbal",baseline,mean ± SD,4.37±1.59,8.0,not_reported,not_reported,not_reported,one-way analysis of variance,<0.01,not_reported,Mild Cognitive Impairment (MCI) and Alzheimer Disease (AD)
26839078,arm_NOR,NOR,healthy_control,AVLT(delayed),cognition,"Auditory verbal learning test, delayed recall of learning verbal",baseline,mean ± SD,11.07±2.76,14.0,not_reported,not_reported,not_reported,one-way analysis of variance,<0.01,not_reported,Mild Cognitive Impairment (MCI) and Alzheimer Disease (AD)
26839078,arm_AD,AD,other,AVLT(recognition),cognition,"Auditory verbal learning test, recognition of learning verbal",baseline,mean ± SD,3.35±1.55,14.0,not_reported,not_reported,not_reported,one-way analysis of variance,<0.01,not_reported,Mild Cognitive Impairment (MCI) and Alzheimer Disease (AD)
26839078,arm_MCI,MCI,other,AVLT(recognition),cognition,"Auditory verbal learning test, recognition of learning verbal",baseline,mean ± SD,7.38±3.11,8.0,not_reported,not_reported,not_reported,one-way analysis of variance,<0.01,not_reported,Mild Cognitive Impairment (MCI) and Alzheimer Disease (AD)
26839078,arm_NOR,NOR,healthy_control,AVLT(recognition),cognition,"Auditory verbal learning test, recognition of learning verbal",baseline,mean ± SD,12.71±2.09,14.0,not_reported,not_reported,not_reported,one-way analysis of variance,<0.01,not_reported,Mild Cognitive Impairment (MCI) and Alzheimer Disease (AD)
26839078,arm_AD,AD,other,CDR,cognition,Clinical Dementia Rating,baseline,other,1–2,14.0,not_reported,not_reported,not_reported,not_reported,not_reported,not_reported,Mild Cognitive Impairment (MCI) and Alzheimer Disease (AD)
26839078,arm_MCI,MCI,other,CDR,cognition,Clinical Dementia Rating,baseline,other,0.5,8.0,not_reported,not_reported,not_reported,not_reported,not_reported,not_reported,Mild Cognitive Impairment (MCI) and Alzheimer Disease (AD)
26839078,arm_NOR,NOR,healthy_control,CDR,cognition,Clinical Dementia Rating,baseline,other,0,14.0,not_reported,not_reported,not_reported,not_reported,not_reported,not_reported,Mild Cognitive Impairment (MCI) and Alzheimer Disease (AD)
26839078,arm_AD,AD,other,"Age, years",other,not_reported,baseline,mean ± SD,66.92±8.91,14.0,not_reported,not_reported,not_reported,one-way analysis of variance,0.96,not_reported,Mild Cognitive Impairment (MCI) and Alzheimer Disease (AD)
26839078,arm_MCI,MCI,other,"Age, years",other,not_reported,baseline,mean ± SD,66.37±10.96,8.0,not_reported,not_reported,not_reported,one-way analysis of variance,0.96,not_reported,Mild Cognitive Impairment (MCI) and Alzheimer Disease (AD)
26839078,arm_NOR,NOR,healthy_control,"Age, years",other,not_reported,baseline,mean ± SD,66.07±5.78,14.0,not_reported,not_reported,not_reported,one-way analysis of variance,0.96,not_reported,Mild Cognitive Impairment (MCI) and Alzheimer Disease (AD)
26839078,arm_AD,AD,other,"Education, years",other,not_reported,baseline,mean ± SD,10.07±3.38,14.0,not_reported,not_reported,not_reported,one-way analysis of variance,0.82,not_reported,Mild Cognitive Impairment (MCI) and Alzheimer Disease (AD)
26839078,arm_MCI,MCI,other,"Education, years",other,not_reported,baseline,mean ± SD,10.62±3.54,8.0,not_reported,not_reported,not_reported,one-way analysis of variance,0.82,not_reported,Mild Cognitive Impairment (MCI) and Alzheimer Disease (AD)
26839078,arm_NOR,NOR,healthy_control,"Education, years",other,not_reported,baseline,mean ± SD,11.00±4.52,14.0,not_reported,not_reported,not_reported,one-way analysis of variance,0.82,not_reported,Mild Cognitive Impairment (MCI) and Alzheimer Disease (AD)
26896073,arm_AD,AD patients,other,"Age, years",physiological,not_reported,baseline,mean ± SD,66.92 ± 8.91,14.0,not_reported,P=0.86,not_reported,one-way analysis of variance,0.86,not_reported,Alzheimer disease (AD)
26896073,arm_NC,Normal controls,healthy_control,"Age, years",physiological,not_reported,baseline,mean ± SD,66.07 ± 5.78,14.0,not_reported,P=0.86,not_reported,one-way analysis of variance,0.86,not_reported,Alzheimer disease (AD)
26896073,arm_AD,AD patients,other,"Education, years",other,not_reported,baseline,mean ± SD,10.07 ± 3.38,14.0,not_reported,P=0.61,not_reported,one-way analysis of variance,0.61,not_reported,Alzheimer disease (AD)
26896073,arm_NC,Normal controls,healthy_control,"Education, years",other,not_reported,baseline,mean ± SD,11.00 ± 4.52,14.0,not_reported,P=0.61,not_reported,one-way analysis of variance,0.61,not_reported,Alzheimer disease (AD)
26896073,arm_AD,AD patients,other,MMSE,cognition,Mini-Mental State Examination,baseline,mean ± SD,15.92 ± 4.32,14.0,not_reported,P<0.01,not_reported,one-way analysis of variance,<0.01,not_reported,Alzheimer disease (AD)
26896073,arm_NC,Normal controls,healthy_control,MMSE,cognition,Mini-Mental State Examination,baseline,mean ± SD,28.00 ± 1.41,14.0,not_reported,P<0.01,not_reported,one-way analysis of variance,<0.01,not_reported,Alzheimer disease (AD)
26896073,arm_AD,AD patients,other,AVLT(immediate),cognition,"Auditory verbal learning test, immediate recall of learning verbal",baseline,mean ± SD,11.35 ± 3.95,14.0,not_reported,P<0.01,not_reported,one-way analysis of variance,<0.01,not_reported,Alzheimer disease (AD)
26896073,arm_NC,Normal controls,healthy_control,AVLT(immediate),cognition,"Auditory verbal learning test, immediate recall of learning verbal",baseline,mean ± SD,26.86 ± 5.24,14.0,not_reported,P<0.01,not_reported,one-way analysis of variance,<0.01,not_reported,Alzheimer disease (AD)
26896073,arm_AD,AD patients,other,AVLT(delayed),cognition,"Auditory verbal learning test, delayed recall of learning verbal",baseline,mean ± SD,2.64 ± 1.59,14.0,not_reported,P<0.01,not_reported,one-way analysis of variance,<0.01,not_reported,Alzheimer disease (AD)
26896073,arm_NC,Normal controls,healthy_control,AVLT(delayed),cognition,"Auditory verbal learning test, delayed recall of learning verbal",baseline,mean ± SD,11.07 ± 2.76,14.0,not_reported,P<0.01,not_reported,one-way analysis of variance,<0.01,not_reported,Alzheimer disease (AD)
26896073,arm_AD,AD patients,other,AVLT(recognition),cognition,"Auditory verbal learning test, recognition of learning verbal",baseline,mean ± SD,3.35 ± 1.55,14.0,not_reported,P<0.01,not_reported,one-way analysis of variance,<0.01,not_reported,Alzheimer disease (AD)
26896073,arm_NC,Normal controls,healthy_control,AVLT(recognition),cognition,"Auditory verbal learning test, recognition of learning verbal",baseline,mean ± SD,12.71 ± 2.09,14.0,not_reported,P<0.01,not_reported,one-way analysis of variance,<0.01,not_reported,Alzheimer disease (AD)
26896073,arm_AD,AD patients,other,CDR,symptom_severity,Clinical Dementia Rating,baseline,other,1-2,14.0,not_reported,not_reported,not_reported,not_reported,not_reported,not_reported,Alzheimer disease (AD)
26896073,arm_NC,Normal controls,healthy_control,CDR,symptom_severity,Clinical Dementia Rating,baseline,other,0,14.0,not_reported,not_reported,not_reported,not_reported,not_reported,not_reported,Alzheimer disease (AD)
27053062,S_Acu,"single acupoints group (S-Acu group, bilateral HT-7)",verum_acupuncture,Athens Insomnia Scale (AIS) score,symptom_severity,Athens Insomnia Scale (AIS),Baseline,mean ± SD,12.40 ± 3.14,43.0,not_reported,not_reported,not_reported,not_reported,not_reported,not_reported,Primary insomnia (PI)
27053062,M_Acu,"multi-acupoints group (M-Acu group, combination of bilateral HT-7, bilateral SP-6 and single GV-20)",verum_acupuncture,Athens Insomnia Scale (AIS) score,symptom_severity,Athens Insomnia Scale (AIS),Baseline,mean ± SD,13.26 ± 4.21,43.0,not_reported,not_reported,not_reported,not_reported,not_reported,not_reported,Primary insomnia (PI)
27053062,N_Acu,"Non-acupoint group (N-Acu group, bilateral sham point at the junction point between the biceps brachii muscle and deltoid muscle)",sham_acupuncture,Athens Insomnia Scale (AIS) score,symptom_severity,Athens Insomnia Scale (AIS),Baseline,mean ± SD,13.56 ± 4.48,43.0,not_reported,not_reported,not_reported,not_reported,not_reported,not_reported,Primary insomnia (PI)
27053062,S_Acu,"single acupoints group (S-Acu group, bilateral HT-7)",verum_acupuncture,Athens Insomnia Scale (AIS) score,symptom_severity,Athens Insomnia Scale (AIS),Post-treatment (end of 5-week treatment),mean ± SD,7.00 ± 3.90,43.0,Decrease: 5.40 ± 4.63; P < 0.01 compared with baseline,not significantly different from M-Acu group (no p-value reported for this comparison),not_reported,two factorial ANOVA; one-way ANOVA; post-hoc t-tests,< 0.001 (within-group vs baseline),not_reported,Primary insomnia (PI)
27053062,M_Acu,"multi-acupoints group (M-Acu group, combination of bilateral HT-7, bilateral SP-6 and single GV-20)",verum_acupuncture,Athens Insomnia Scale (AIS) score,symptom_severity,Athens Insomnia Scale (AIS),Post-treatment (end of 5-week treatment),mean ± SD,5.91 ± 3.92,43.0,Decrease: 7.35 ± 3.85; P < 0.01 compared with baseline,Decreased AIS score of M-Acu group was significantly higher than that of N-Acu group (P = 0.026),not_reported,two factorial ANOVA; one-way ANOVA; post-hoc t-tests,< 0.001 (within-group vs baseline); P = 0.026 vs N-Acu,not_reported,Primary insomnia (PI)
27053062,N_Acu,"Non-acupoint group (N-Acu group, bilateral sham point at the junction point between the biceps brachii muscle and deltoid muscle)",sham_acupuncture,Athens Insomnia Scale (AIS) score,symptom_severity,Athens Insomnia Scale (AIS),Post-treatment (end of 5-week treatment),mean ± SD,8.88 ± 3.36,43.0,Decrease: 4.67 ± 4.52; P < 0.01 compared with baseline,reference group for comparisons,not_reported,two factorial ANOVA; one-way ANOVA; post-hoc t-tests,< 0.001 (within-group vs baseline),not_reported,Primary insomnia (PI)
27053062,S_Acu,"single acupoints group (S-Acu group, bilateral HT-7)",verum_acupuncture,Pittsburgh Sleep Quality Index (PSQI) score,symptom_severity,Pittsburgh Sleep Quality Index (PSQI),Baseline,mean ± SD,14.70 ± 2.99,43.0,not_reported,not_reported,not_reported,not_reported,not_reported,not_reported,Primary insomnia (PI)
27053062,M_Acu,"multi-acupoints group (M-Acu group, combination of bilateral HT-7, bilateral SP-6 and single GV-20)",verum_acupuncture,Pittsburgh Sleep Quality Index (PSQI) score,symptom_severity,Pittsburgh Sleep Quality Index (PSQI),Baseline,mean ± SD,14.84 ± 2.77,43.0,not_reported,not_reported,not_reported,not_reported,not_reported,not_reported,Primary insomnia (PI)
27053062,N_Acu,"Non-acupoint group (N-Acu group, bilateral sham point at the junction point between the biceps brachii muscle and deltoid muscle)",sham_acupuncture,Pittsburgh Sleep Quality Index (PSQI) score,symptom_severity,Pittsburgh Sleep Quality Index (PSQI),Baseline,mean ± SD,15.21 ± 2.95,43.0,not_reported,not_reported,not_reported,not_reported,not_reported,not_reported,Primary insomnia (PI)
27053062,S_Acu,"single acupoints group (S-Acu group, bilateral HT-7)",verum_acupuncture,Pittsburgh Sleep Quality Index (PSQI) score,symptom_severity,Pittsburgh Sleep Quality Index (PSQI),Post-treatment (end of 5-week treatment),mean ± SD,8.79 ± 3.18,43.0,Decrease: 5.91 ± 3.03; P < 0.01 compared with baseline,Decreased PSQI score of S-Acu group was significantly higher than that of N-Acu group (P = 0.009),not_reported,two factorial ANOVA; one-way ANOVA; post-hoc t-tests,< 0.001 (within-group vs baseline); P = 0.009 vs N-Acu,not_reported,Primary insomnia (PI)
27053062,M_Acu,"multi-acupoints group (M-Acu group, combination of bilateral HT-7, bilateral SP-6 and single GV-20)",verum_acupuncture,Pittsburgh Sleep Quality Index (PSQI) score,symptom_severity,Pittsburgh Sleep Quality Index (PSQI),Post-treatment (end of 5-week treatment),mean ± SD,8.49 ± 3.36,43.0,Decrease: 6.35 ± 3.39; P < 0.01 compared with baseline,Decreased PSQI score of M-Acu group was significantly higher than that of N-Acu group (P = 0.004),not_reported,two factorial ANOVA; one-way ANOVA; post-hoc t-tests,< 0.001 (within-group vs baseline); P = 0.004 vs N-Acu,not_reported,Primary insomnia (PI)
27053062,N_Acu,"Non-acupoint group (N-Acu group, bilateral sham point at the junction point between the biceps brachii muscle and deltoid muscle)",sham_acupuncture,Pittsburgh Sleep Quality Index (PSQI) score,symptom_severity,Pittsburgh Sleep Quality Index (PSQI),Post-treatment (end of 5-week treatment),mean ± SD,11.60 ± 3.54,43.0,Decrease: 3.60 ± 3.63; P < 0.01 compared with baseline,reference group for comparisons,not_reported,two factorial ANOVA; one-way ANOVA; post-hoc t-tests,< 0.001 (within-group vs baseline),not_reported,Primary insomnia (PI)
27053062,S_Acu,"single acupoints group (S-Acu group, bilateral HT-7)",verum_acupuncture,Wake after sleep onset (WASO) in minutes,physiological,Polysomnography (PSG),Baseline,mean ± SD,198.58 ± 89.64,43.0,not_reported,P = 0.448 (no significant difference at baseline among groups),not_reported,not_reported,0.448,not_reported,Primary insomnia (PI)
27053062,M_Acu,"multi-acupoints group (M-Acu group, combination of bilateral HT-7, bilateral SP-6 and single GV-20)",verum_acupuncture,Wake after sleep onset (WASO) in minutes,physiological,Polysomnography (PSG),Baseline,mean ± SD,203.57 ± 73.54,43.0,not_reported,P = 0.448 (no significant difference at baseline among groups),not_reported,not_reported,0.448,not_reported,Primary insomnia (PI)
27053062,N_Acu,"Non-acupoint group (N-Acu group, bilateral sham point at the junction point between the biceps brachii muscle and deltoid muscle)",sham_acupuncture,Wake after sleep onset (WASO) in minutes,physiological,Polysomnography (PSG),Baseline,mean ± SD,214.24 ± 68.41,43.0,not_reported,P = 0.448 (no significant difference at baseline among groups),not_reported,not_reported,0.448,not_reported,Primary insomnia (PI)
27053062,S_Acu,"single acupoints group (S-Acu group, bilateral HT-7)",verum_acupuncture,Wake after sleep onset (WASO) in minutes,physiological,Polysomnography (PSG),Post-treatment (end of 5-week treatment),mean ± SD,179.06 ± 76.58,43.0,not statistically significant change reported,significant difference among groups: P < 0.001,not_reported,two factorial ANOVA; independent two sample T-test,not_reported (within-group change not significant),not_reported,Primary insomnia (PI)
27053062,M_Acu,"multi-acupoints group (M-Acu group, combination of bilateral HT-7, bilateral SP-6 and single GV-20)",verum_acupuncture,Wake after sleep onset (WASO) in minutes,physiological,Polysomnography (PSG),Post-treatment (end of 5-week treatment),mean ± SD,154.84 ± 91.19,43.0,P < 0.01 (significant change compared with baseline),significant difference among groups: P < 0.001; decrease in M-Acu higher than S-Acu but not significant,not_reported,two factorial ANOVA; independent two sample T-test,0.004 (within-group vs baseline),not_reported,Primary insomnia (PI)
27053062,N_Acu,"Non-acupoint group (N-Acu group, bilateral sham point at the junction point between the biceps brachii muscle and deltoid muscle)",sham_acupuncture,Wake after sleep onset (WASO) in minutes,physiological,Polysomnography (PSG),Post-treatment (end of 5-week treatment),mean ± SD,228.27 ± 67.80,43.0,no significant difference found in N-Acu group after 5-weeks acupuncture,significant difference among groups: P < 0.001,not_reported,two factorial ANOVA,not_reported (within-group change not significant),not_reported,Primary insomnia (PI)
27053062,S_Acu,"single acupoints group (S-Acu group, bilateral HT-7)",verum_acupuncture,Total sleep time (TST) in minutes,physiological,Polysomnography (PSG),Baseline,mean ± SD,248.05 ± 91.77,43.0,not_reported,P = 0.271 (no significant difference at baseline),not_reported,not_reported,0.271,not_reported,Primary insomnia (PI)
27053062,M_Acu,"multi-acupoints group (M-Acu group, combination of bilateral HT-7, bilateral SP-6 and single GV-20)",verum_acupuncture,Total sleep time (TST) in minutes,physiological,Polysomnography (PSG),Baseline,mean ± SD,247.50 ± 76.03,43.0,not_reported,P = 0.271 (no significant difference at baseline),not_reported,not_reported,0.271,not_reported,Primary insomnia (PI)
27053062,N_Acu,"Non-acupoint group (N-Acu group, bilateral sham point at the junction point between the biceps brachii muscle and deltoid muscle)",sham_acupuncture,Total sleep time (TST) in minutes,physiological,Polysomnography (PSG),Baseline,mean ± SD,236.80 ± 72.25,43.0,not_reported,P = 0.271 (no significant difference at baseline),not_reported,not_reported,0.271,not_reported,Primary insomnia (PI)
27053062,S_Acu,"single acupoints group (S-Acu group, bilateral HT-7)",verum_acupuncture,Total sleep time (TST) in minutes,physiological,Polysomnography (PSG),Post-treatment (end of 5-week treatment),mean ± SD,288.25 ± 76.51,43.0,P < 0.05 compared with baseline; increase: 40.20 ± 55.48,significant difference among groups: P < 0.001; increase in M-Acu significantly higher than S-Acu (P = 0.042),not_reported,two factorial ANOVA; independent two sample T-test,0.020 (within-group vs baseline),not_reported,Primary insomnia (PI)
27053062,M_Acu,"multi-acupoints group (M-Acu group, combination of bilateral HT-7, bilateral SP-6 and single GV-20)",verum_acupuncture,Total sleep time (TST) in minutes,physiological,Polysomnography (PSG),Post-treatment (end of 5-week treatment),mean ± SD,319.90 ± 92.51,43.0,P < 0.01 compared with baseline; increase: 72.40 ± 85.74,significant difference among groups: P < 0.001; increase in M-Acu significantly higher than S-Acu (P = 0.042),not_reported,two factorial ANOVA; independent two sample T-test,< 0.001 (within-group vs baseline),not_reported,Primary insomnia (PI)
27053062,N_Acu,"Non-acupoint group (N-Acu group, bilateral sham point at the junction point between the biceps brachii muscle and deltoid muscle)",sham_acupuncture,Total sleep time (TST) in minutes,physiological,Polysomnography (PSG),Post-treatment (end of 5-week treatment),mean ± SD,247.56 ± 66.50,43.0,no significant difference found in N-Acu group after 5-weeks acupuncture,significant difference among groups: P < 0.001,not_reported,two factorial ANOVA,not_reported (within-group change not significant),not_reported,Primary insomnia (PI)
27053062,S_Acu,"single acupoints group (S-Acu group, bilateral HT-7)",verum_acupuncture,Sleep efficient (SE) in %,physiological,Polysomnography (PSG),Baseline,mean ± SD,55.44 ± 20.39,43.0,not_reported,P = 0.381 (no significant difference at baseline),not_reported,not_reported,0.381,not_reported,Primary insomnia (PI)
27053062,M_Acu,"multi-acupoints group (M-Acu group, combination of bilateral HT-7, bilateral SP-6 and single GV-20)",verum_acupuncture,Sleep efficient (SE) in %,physiological,Polysomnography (PSG),Baseline,mean ± SD,54.79 ± 16.66,43.0,not_reported,P = 0.381 (no significant difference at baseline),not_reported,not_reported,0.381,not_reported,Primary insomnia (PI)
27053062,N_Acu,"Non-acupoint group (N-Acu group, bilateral sham point at the junction point between the biceps brachii muscle and deltoid muscle)",sham_acupuncture,Sleep efficient (SE) in %,physiological,Polysomnography (PSG),Baseline,mean ± SD,52.37 ± 15.53,43.0,not_reported,P = 0.381 (no significant difference at baseline),not_reported,not_reported,0.381,not_reported,Primary insomnia (PI)
27053062,S_Acu,"single acupoints group (S-Acu group, bilateral HT-7)",verum_acupuncture,Sleep efficient (SE) in %,physiological,Polysomnography (PSG),Post-treatment (end of 5-week treatment),mean ± SD,61.70 ± 16.25,43.0,not statistically significant change reported,significant difference among groups: P < 0.001,not_reported,two factorial ANOVA; independent two sample T-test,not_reported (within-group change not significant),not_reported,Primary insomnia (PI)
27053062,M_Acu,"multi-acupoints group (M-Acu group, combination of bilateral HT-7, bilateral SP-6 and single GV-20)",verum_acupuncture,Sleep efficient (SE) in %,physiological,Polysomnography (PSG),Post-treatment (end of 5-week treatment),mean ± SD,67.34 ± 19.33,43.0,P < 0.01 compared with baseline; increase: 12.55 ± 18.65,significant difference among groups: P < 0.001,not_reported,two factorial ANOVA; independent two sample T-test,0.001 (within-group vs baseline),not_reported,Primary insomnia (PI)
27053062,N_Acu,"Non-acupoint group (N-Acu group, bilateral sham point at the junction point between the biceps brachii muscle and deltoid muscle)",sham_acupuncture,Sleep efficient (SE) in %,physiological,Polysomnography (PSG),Post-treatment (end of 5-week treatment),mean ± SD,52.06 ± 14.12,43.0,no significant difference found in N-Acu group after 5-weeks acupuncture,significant difference among groups: P < 0.001,not_reported,two factorial ANOVA,not_reported (within-group change not significant),not_reported,Primary insomnia (PI)
27053062,S_Acu,"single acupoints group (S-Acu group, bilateral HT-7)",verum_acupuncture,Arousal index (AI),physiological,Polysomnography (PSG),Baseline,mean ± SD,27.12 ± 12.72,43.0,not_reported,P = 0.055 (no significant difference at baseline),not_reported,not_reported,0.055,not_reported,Primary insomnia (PI)
27053062,M_Acu,"multi-acupoints group (M-Acu group, combination of bilateral HT-7, bilateral SP-6 and single GV-20)",verum_acupuncture,Arousal index (AI),physiological,Polysomnography (PSG),Baseline,mean ± SD,27.58 ± 10.77,43.0,not_reported,P = 0.055 (no significant difference at baseline),not_reported,not_reported,0.055,not_reported,Primary insomnia (PI)
27053062,N_Acu,"Non-acupoint group (N-Acu group, bilateral sham point at the junction point between the biceps brachii muscle and deltoid muscle)",sham_acupuncture,Arousal index (AI),physiological,Polysomnography (PSG),Baseline,mean ± SD,26.77 ± 10.34,43.0,not_reported,P = 0.055 (no significant difference at baseline),not_reported,not_reported,0.055,not_reported,Primary insomnia (PI)
27053062,S_Acu,"single acupoints group (S-Acu group, bilateral HT-7)",verum_acupuncture,Arousal index (AI),physiological,Polysomnography (PSG),Post-treatment (end of 5-week treatment),mean ± SD,21.51 ± 11.01,43.0,not statistically significant change reported,not_reported,not_reported,two factorial ANOVA,not_reported (within-group change not significant),not_reported,Primary insomnia (PI)
27053062,M_Acu,"multi-acupoints group (M-Acu group, combination of bilateral HT-7, bilateral SP-6 and single GV-20)",verum_acupuncture,Arousal index (AI),physiological,Polysomnography (PSG),Post-treatment (end of 5-week treatment),mean ± SD,21.16 ± 9.71,43.0,P < 0.01 compared with baseline,not_reported,not_reported,two factorial ANOVA,0.009 (within-group vs baseline),not_reported,Primary insomnia (PI)
27053062,N_Acu,"Non-acupoint group (N-Acu group, bilateral sham point at the junction point between the biceps brachii muscle and deltoid muscle)",sham_acupuncture,Arousal index (AI),physiological,Polysomnography (PSG),Post-treatment (end of 5-week treatment),mean ± SD,22.86 ± 11.57,43.0,no significant difference found in N-Acu group after 5-weeks acupuncture,not_reported,not_reported,two factorial ANOVA,not_reported (within-group change not significant),not_reported,Primary insomnia (PI)
27053062,S_Acu,"single acupoints group (S-Acu group, bilateral HT-7)",verum_acupuncture,Stage N1 (NREM1) in minutes,physiological,Polysomnography (PSG),Baseline,mean ± SD,40.80 ± 30.49,43.0,not_reported,P = 0.305 (no significant difference at baseline),not_reported,not_reported,0.305,not_reported,Primary insomnia (PI)
27053062,M_Acu,"multi-acupoints group (M-Acu group, combination of bilateral HT-7, bilateral SP-6 and single GV-20)",verum_acupuncture,Stage N1 (NREM1) in minutes,physiological,Polysomnography (PSG),Baseline,mean ± SD,36.94 ± 20.67,43.0,not_reported,P = 0.305 (no significant difference at baseline),not_reported,not_reported,0.305,not_reported,Primary insomnia (PI)
27053062,N_Acu,"Non-acupoint group (N-Acu group, bilateral sham point at the junction point between the biceps brachii muscle and deltoid muscle)",sham_acupuncture,Stage N1 (NREM1) in minutes,physiological,Polysomnography (PSG),Baseline,mean ± SD,37.49 ± 25.97,43.0,not_reported,P = 0.305 (no significant difference at baseline),not_reported,not_reported,0.305,not_reported,Primary insomnia (PI)
27053062,S_Acu,"single acupoints group (S-Acu group, bilateral HT-7)",verum_acupuncture,Stage N1 (NREM1) in minutes,physiological,Polysomnography (PSG),Post-treatment (end of 5-week treatment),mean ± SD,38.41 ± 22.61,43.0,not statistically significant,not_reported,not_reported,two factorial ANOVA,not_reported,not_reported,Primary insomnia (PI)
27053062,M_Acu,"multi-acupoints group (M-Acu group, combination of bilateral HT-7, bilateral SP-6 and single GV-20)",verum_acupuncture,Stage N1 (NREM1) in minutes,physiological,Polysomnography (PSG),Post-treatment (end of 5-week treatment),mean ± SD,38.27 ± 24.70,43.0,not statistically significant,not_reported,not_reported,two factorial ANOVA,not_reported,not_reported,Primary insomnia (PI)
27053062,N_Acu,"Non-acupoint group (N-Acu group, bilateral sham point at the junction point between the biceps brachii muscle and deltoid muscle)",sham_acupuncture,Stage N1 (NREM1) in minutes,physiological,Polysomnography (PSG),Post-treatment (end of 5-week treatment),mean ± SD,35.37 ± 23.34,43.0,not statistically significant,not_reported,not_reported,two factorial ANOVA,not_reported,not_reported,Primary insomnia (PI)
27053062,S_Acu,"single acupoints group (S-Acu group, bilateral HT-7)",verum_acupuncture,Stage N2 in minutes,physiological,Polysomnography (PSG),Baseline,mean ± SD,62.21 ± 49.88,43.0,not_reported,P = 0.368 (no significant difference at baseline),not_reported,not_reported,0.368,not_reported,Primary insomnia (PI)
27053062,M_Acu,"multi-acupoints group (M-Acu group, combination of bilateral HT-7, bilateral SP-6 and single GV-20)",verum_acupuncture,Stage N2 in minutes,physiological,Polysomnography (PSG),Baseline,mean ± SD,60.53 ± 63.38,43.0,not_reported,P = 0.368 (no significant difference at baseline),not_reported,not_reported,0.368,not_reported,Primary insomnia (PI)
27053062,N_Acu,"Non-acupoint group (N-Acu group, bilateral sham point at the junction point between the biceps brachii muscle and deltoid muscle)",sham_acupuncture,Stage N2 in minutes,physiological,Polysomnography (PSG),Baseline,mean ± SD,52.45 ± 53.97,43.0,not_reported,P = 0.368 (no significant difference at baseline),not_reported,not_reported,0.368,not_reported,Primary insomnia (PI)
27053062,S_Acu,"single acupoints group (S-Acu group, bilateral HT-7)",verum_acupuncture,Stage N2 in minutes,physiological,Polysomnography (PSG),Post-treatment (end of 5-week treatment),mean ± SD,60.64 ± 52.78,43.0,not statistically significant,not_reported,not_reported,two factorial ANOVA,not_reported,not_reported,Primary insomnia (PI)
27053062,M_Acu,"multi-acupoints group (M-Acu group, combination of bilateral HT-7, bilateral SP-6 and single GV-20)",verum_acupuncture,Stage N2 in minutes,physiological,Polysomnography (PSG),Post-treatment (end of 5-week treatment),mean ± SD,76.99 ± 68.21,43.0,not statistically significant,not_reported,not_reported,two factorial ANOVA,not_reported,not_reported,Primary insomnia (PI)
27053062,N_Acu,"Non-acupoint group (N-Acu group, bilateral sham point at the junction point between the biceps brachii muscle and deltoid muscle)",sham_acupuncture,Stage N2 in minutes,physiological,Polysomnography (PSG),Post-treatment (end of 5-week treatment),mean ± SD,58.77 ± 47.42,43.0,not statistically significant,not_reported,not_reported,two factorial ANOVA,not_reported,not_reported,Primary insomnia (PI)
27053062,S_Acu,"single acupoints group (S-Acu group, bilateral HT-7)",verum_acupuncture,Stage N3 in minutes,physiological,Polysomnography (PSG),Baseline,mean ± SD,74.99 ± 48.69,43.0,not_reported,P = 0.373 (no significant difference at baseline),not_reported,not_reported,0.373,not_reported,Primary insomnia (PI)
27053062,M_Acu,"multi-acupoints group (M-Acu group, combination of bilateral HT-7, bilateral SP-6 and single GV-20)",verum_acupuncture,Stage N3 in minutes,physiological,Polysomnography (PSG),Baseline,mean ± SD,66.98 ± 45.07,43.0,not_reported,P = 0.373 (no significant difference at baseline),not_reported,not_reported,0.373,not_reported,Primary insomnia (PI)
27053062,N_Acu,"Non-acupoint group (N-Acu group, bilateral sham point at the junction point between the biceps brachii muscle and deltoid muscle)",sham_acupuncture,Stage N3 in minutes,physiological,Polysomnography (PSG),Baseline,mean ± SD,69.80 ± 36.80,43.0,not_reported,P = 0.373 (no significant difference at baseline),not_reported,not_reported,0.373,not_reported,Primary insomnia (PI)
27053062,S_Acu,"single acupoints group (S-Acu group, bilateral HT-7)",verum_acupuncture,Stage N3 in minutes,physiological,Polysomnography (PSG),Post-treatment (end of 5-week treatment),mean ± SD,85.64 ± 48.11,43.0,not statistically significant change reported; increase: 10.65 ± 48.61,significant difference among groups: P = 0.001; increase in M-Acu higher than S-Acu but no significant difference,not_reported,two factorial ANOVA; independent two sample T-test,not_reported (within-group change not significant),not_reported,Primary insomnia (PI)
27053062,M_Acu,"multi-acupoints group (M-Acu group, combination of bilateral HT-7, bilateral SP-6 and single GV-20)",verum_acupuncture,Stage N3 in minutes,physiological,Polysomnography (PSG),Post-treatment (end of 5-week treatment),mean ± SD,98.26 ± 47.43,43.0,P < 0.01 compared with baseline; increase: 31.28 ± 50.45,significant difference among groups: P = 0.001,not_reported,two factorial ANOVA; independent two sample T-test,0.001 (within-group vs baseline),not_reported,Primary insomnia (PI)
27053062,N_Acu,"Non-acupoint group (N-Acu group, bilateral sham point at the junction point between the biceps brachii muscle and deltoid muscle)",sham_acupuncture,Stage N3 in minutes,physiological,Polysomnography (PSG),Post-treatment (end of 5-week treatment),mean ± SD,63.08 ± 33.05,43.0,no significant difference found in N-Acu group after 5-weeks acupuncture,significant difference among groups: P = 0.001,not_reported,two factorial ANOVA,not_reported (within-group change not significant),not_reported,Primary insomnia (PI)
27053062,S_Acu,"single acupoints group (S-Acu group, bilateral HT-7)",verum_acupuncture,Sleep stage of rapid eye movement (R) in minutes,physiological,Polysomnography (PSG),Baseline,mean ± SD,70.05 ± 45.01,43.0,not_reported,P = 0.890 (no significant difference at baseline),not_reported,not_reported,0.890,not_reported,Primary insomnia (PI)
27053062,M_Acu,"multi-acupoints group (M-Acu group, combination of bilateral HT-7, bilateral SP-6 and single GV-20)",verum_acupuncture,Sleep stage of rapid eye movement (R) in minutes,physiological,Polysomnography (PSG),Baseline,mean ± SD,83.05 ± 52.23,43.0,not_reported,P = 0.890 (no significant difference at baseline),not_reported,not_reported,0.890,not_reported,Primary insomnia (PI)
27053062,N_Acu,"Non-acupoint group (N-Acu group, bilateral sham point at the junction point between the biceps brachii muscle and deltoid muscle)",sham_acupuncture,Sleep stage of rapid eye movement (R) in minutes,physiological,Polysomnography (PSG),Baseline,mean ± SD,77.06 ± 41.47,43.0,not_reported,P = 0.890 (no significant difference at baseline),not_reported,not_reported,0.890,not_reported,Primary insomnia (PI)
27053062,S_Acu,"single acupoints group (S-Acu group, bilateral HT-7)",verum_acupuncture,Sleep stage of rapid eye movement (R) in minutes,physiological,Polysomnography (PSG),Post-treatment (end of 5-week treatment),mean ± SD,103.56 ± 44.18,43.0,P < 0.01 compared with baseline,not_reported as significant difference among groups,not_reported,two factorial ANOVA,0.001 (within-group vs baseline),not_reported,Primary insomnia (PI)
27053062,M_Acu,"multi-acupoints group (M-Acu group, combination of bilateral HT-7, bilateral SP-6 and single GV-20)",verum_acupuncture,Sleep stage of rapid eye movement (R) in minutes,physiological,Polysomnography (PSG),Post-treatment (end of 5-week treatment),mean ± SD,106.38 ± 44.79,43.0,P < 0.05 compared with baseline,not_reported as significant difference among groups,not_reported,two factorial ANOVA,0.017 (within-group vs baseline),not_reported,Primary insomnia (PI)
27053062,N_Acu,"Non-acupoint group (N-Acu group, bilateral sham point at the junction point between the biceps brachii muscle and deltoid muscle)",sham_acupuncture,Sleep stage of rapid eye movement (R) in minutes,physiological,Polysomnography (PSG),Post-treatment (end of 5-week treatment),mean ± SD,90.34 ± 42.93,43.0,no significant difference found in N-Acu group after 5-weeks acupuncture,not_reported,not_reported,two factorial ANOVA,not_reported (within-group change not significant),not_reported,Primary insomnia (PI)
27242492,arm_HC,healthy subjects,healthy_control,17-items Hamilton Depression Rating Scale (HDRS-17),symptom_severity,HDRS-17,baseline,mean ± SD,4.48 ± 3.22,29.0,not_reported,not_reported,not_reported,two sample t-test,<0.001,healthy subjects,"First-episode, drug-naïve major depressive disorder (MDD)"
27242492,arm_MDD,"patients with first-episode, drug-naïve MDD",verum_acupuncture,17-items Hamilton Depression Rating Scale (HDRS-17),symptom_severity,HDRS-17,baseline,mean ± SD,21.31 ± 2.58,29.0,not_reported,not_reported,not_reported,two sample t-test,<0.001,MDD patients,"First-episode, drug-naïve major depressive disorder (MDD)"
27242492,arm_HC,healthy subjects,healthy_control,self-rating depression scale (SDS),mood,SDS,baseline,mean ± SD,42.17 ± 7.74,29.0,not_reported,not_reported,not_reported,two sample t-test,<0.001,healthy subjects,"First-episode, drug-naïve major depressive disorder (MDD)"
27242492,arm_MDD,"patients with first-episode, drug-naïve MDD",verum_acupuncture,self-rating depression scale (SDS),mood,SDS,baseline,mean ± SD,62.72 ± 9.81,29.0,not_reported,not_reported,not_reported,two sample t-test,<0.001,MDD patients,"First-episode, drug-naïve major depressive disorder (MDD)"
27242492,arm_HC,healthy subjects,healthy_control,self rating anxiety scale (SAS),mood,SAS,baseline,mean ± SD,43.00 ± 7.59,29.0,not_reported,not_reported,not_reported,two sample t-test,<0.001,healthy subjects,"First-episode, drug-naïve major depressive disorder (MDD)"
27242492,arm_MDD,"patients with first-episode, drug-naïve MDD",verum_acupuncture,self rating anxiety scale (SAS),mood,SAS,baseline,mean ± SD,62.14 ± 8.79,29.0,not_reported,not_reported,not_reported,two sample t-test,<0.001,MDD patients,"First-episode, drug-naïve major depressive disorder (MDD)"
27242492,arm_HC,healthy subjects,healthy_control,Age (years),other,not_reported,baseline,mean ± SD,26.76 ± 1.72,29.0,not_reported,not_reported,not_reported,two sample t-test,0.138,healthy subjects,"First-episode, drug-naïve major depressive disorder (MDD)"
27242492,arm_MDD,"patients with first-episode, drug-naïve MDD",verum_acupuncture,Age (years),other,not_reported,baseline,mean ± SD,28.69 ± 6.69,29.0,not_reported,not_reported,not_reported,two sample t-test,0.138,MDD patients,"First-episode, drug-naïve major depressive disorder (MDD)"
27242492,arm_HC,healthy subjects,healthy_control,Weight (kg),other,not_reported,baseline,mean ± SD,59.55 ± 12.95,29.0,not_reported,not_reported,not_reported,two sample t-test,0.157,healthy subjects,"First-episode, drug-naïve major depressive disorder (MDD)"
27242492,arm_MDD,"patients with first-episode, drug-naïve MDD",verum_acupuncture,Weight (kg),other,not_reported,baseline,mean ± SD,55.10 ± 10.50,29.0,not_reported,not_reported,not_reported,two sample t-test,0.157,MDD patients,"First-episode, drug-naïve major depressive disorder (MDD)"
27438091,arm_RA,real acupuncture group,verum_acupuncture,VAS score before treatment (VAS-A),pain,Visual Analog Scale (VAS),before fMRI scan (pre-treatment),mean ± SD,6.20 ± 1.06,19.0,not_reported,"t = 0.69, p = 0.493 (no significant difference vs. SA group)",not_reported,t test,0.493,not_reported,Primary dysmenorrhea (PDM)
27438091,arm_SA,sham acupuncture group,sham_acupuncture,VAS score before treatment (VAS-A),pain,Visual Analog Scale (VAS),before fMRI scan (pre-treatment),mean ± SD,5.91 ± 1.22,15.0,not_reported,"t = 0.69, p = 0.493 (no significant difference vs. RA group)",not_reported,t test,0.493,not_reported,Primary dysmenorrhea (PDM)
27438091,arm_RA,real acupuncture group,verum_acupuncture,VAS score after treatment (VAS-B),pain,Visual Analog Scale (VAS),after fMRI scan (post-treatment),mean ± SD,3.65 ± 1.04,19.0,not_reported,"t = −1.89, p = 0.069 (no significant difference vs. SA group)",not_reported,t test,0.069,not_reported,Primary dysmenorrhea (PDM)
27438091,arm_SA,sham acupuncture group,sham_acupuncture,VAS score after treatment (VAS-B),pain,Visual Analog Scale (VAS),after fMRI scan (post-treatment),mean ± SD,4.45 ± 1.29,15.0,not_reported,"t = −1.89, p = 0.069 (no significant difference vs. RA group)",not_reported,t test,0.069,not_reported,Primary dysmenorrhea (PDM)
27438091,arm_RA,real acupuncture group,verum_acupuncture,VAS(B-A): change in the VAS score (post- minus pre-treatment),pain,Visual Analog Scale (VAS),post-treatment minus pre-treatment,mean ± SD,−2.55 ± 1.32,19.0,not_reported,"t = −2.33, p = 0.027 (significantly greater reduction in RA vs. SA group)",not_reported,two-sample t test,0.027,not_reported,Primary dysmenorrhea (PDM)
27438091,arm_SA,sham acupuncture group,sham_acupuncture,VAS(B-A): change in the VAS score (post- minus pre-treatment),pain,Visual Analog Scale (VAS),post-treatment minus pre-treatment,mean ± SD,−1.45 ± 1.13,15.0,not_reported,"t = −2.33, p = 0.027 (significantly greater reduction in RA vs. SA group)",not_reported,two-sample t test,0.027,not_reported,Primary dysmenorrhea (PDM)
27438091,arm_RA,real acupuncture group,verum_acupuncture,VAS(B-A)/A: ratio of the change in the VAS score [(post- minus pre-treatment)/pre-treatment],pain,Visual Analog Scale (VAS),post-treatment minus pre-treatment divided by pre-treatment,mean ± SD,−0.41 ± 0.17,19.0,not_reported,"t = −2.74, p = 0.010 (significantly greater in RA vs. SA group)",not_reported,two-sample t test,0.010,not_reported,Primary dysmenorrhea (PDM)
27438091,arm_SA,sham acupuncture group,sham_acupuncture,VAS(B-A)/A: ratio of the change in the VAS score [(post- minus pre-treatment)/pre-treatment],pain,Visual Analog Scale (VAS),post-treatment minus pre-treatment divided by pre-treatment,mean ± SD,−0.25 ± 0.17,15.0,not_reported,"t = −2.74, p = 0.010 (significantly greater in RA vs. SA group)",not_reported,two-sample t test,0.010,not_reported,Primary dysmenorrhea (PDM)
27548054,arm_patient,Patient Group,verum_acupuncture,NIHSS score,symptom_severity,National Institute of Health stroke scale (NIHSS),At time of MRI scanning (end of scanning procedure),mean ± SD,3.81 ± 3.19,63.0,not_reported,not_reported,not_reported,not_reported,not_reported,Patient Group,Ischemic stroke with motor dysfunction (hemiplegia)
27548054,arm_patient,Patient Group,verum_acupuncture,Stroke time (course of disease),other,not_reported,At time of MRI scanning,mean ± SD,27.22 ± 17.53 days,63.0,not_reported,not_reported,not_reported,not_reported,not_reported,Patient Group,Ischemic stroke with motor dysfunction (hemiplegia)
27548054,arm_C1,group C1 (within 0.5 month),verum_acupuncture,NIHSS score (subgroup C1),symptom_severity,NIHSS,At time of MRI scanning,mean ± SD,3.44 ± 2.94,16.0,not_reported,not_reported,not_reported,ANOVA,p > 0.05 (no significant different NIHSS scores among subgroup C),Subgroup C1 (within 0.5 month),Ischemic stroke with motor dysfunction (hemiplegia)
27548054,arm_C2,group C2 (0.5-1 month),verum_acupuncture,NIHSS score (subgroup C2),symptom_severity,NIHSS,At time of MRI scanning,mean ± SD,3.38 ± 3.57,24.0,not_reported,not_reported,not_reported,ANOVA,p > 0.05 (no significant different NIHSS scores among subgroup C),Subgroup C2 (0.5-1 month),Ischemic stroke with motor dysfunction (hemiplegia)
27548054,arm_C3,group C3 (1-3 months),verum_acupuncture,NIHSS score (subgroup C3),symptom_severity,NIHSS,At time of MRI scanning,mean ± SD,4.52 ± 2.92,23.0,not_reported,not_reported,not_reported,ANOVA,p > 0.05 (no significant different NIHSS scores among subgroup C),Subgroup C3 (1-3 months),Ischemic stroke with motor dysfunction (hemiplegia)
27548054,arm_Nih1,group Nih1 (NIHSS 0-1),verum_acupuncture,NIHSS score (subgroup Nih1),symptom_severity,NIHSS,At time of MRI scanning,mean ± SD,0.44 ± 0.51,18.0,not_reported,not_reported,not_reported,ANOVA,p > 0.05 (no significant different course among subgroup Nih),Subgroup Nih1 (NIHSS 0-1),Ischemic stroke with motor dysfunction (hemiplegia)
27548054,arm_Nih2,group Nih2 (NIHSS 2-4),verum_acupuncture,NIHSS score (subgroup Nih2),symptom_severity,NIHSS,At time of MRI scanning,mean ± SD,2.9 ± 0.77,21.0,not_reported,not_reported,not_reported,ANOVA,p > 0.05 (no significant different course among subgroup Nih),Subgroup Nih2 (NIHSS 2-4),Ischemic stroke with motor dysfunction (hemiplegia)
27548054,arm_Nih3,group Nih3 (NIHSS 5-15),verum_acupuncture,NIHSS score (subgroup Nih3),symptom_severity,NIHSS,At time of MRI scanning,mean ± SD,7.13 ± 2.37,24.0,not_reported,not_reported,not_reported,ANOVA,p > 0.05 (no significant different course among subgroup Nih),Subgroup Nih3 (NIHSS 5-15),Ischemic stroke with motor dysfunction (hemiplegia)
27688791,arm_HC,healthy control subjects (HCs),healthy_control,Internet Addiction Test score,symptom_severity,Internet Addiction Test (IAT),baseline,mean ± SD,29.90 ± 7.18,30.0,not_reported,"significantly lower than IA group at baseline, p < .001",not_reported,independent t test,p < .001,not_reported,Internet addiction (IA)
27688791,arm_IA,subjects with IA,verum_acupuncture,Internet Addiction Test score,symptom_severity,Internet Addiction Test (IAT),pre-treatment,mean ± SD,65.26 ± 14.36,27.0,not_reported,"significantly higher than HCs at baseline, p < .001",not_reported,independent t test,p < .001,not_reported,Internet addiction (IA)
27688791,arm_IA,subjects with IA,verum_acupuncture,Internet Addiction Test score,symptom_severity,Internet Addiction Test (IAT),post-treatment,mean ± SD,45.85 ± 12.37,27.0,"markedly decreased after 40 days of acupuncture treatment, p < .001",not_reported,not_reported,paired t test,p < .001,not_reported,Internet addiction (IA)
27688791,arm_HC,healthy control subjects (HCs),healthy_control,Age (years),other,not_applicable,baseline,mean ± SD,21.73 ± 2.08,30.0,not_reported,"no significant difference vs IA group, p > .05",not_reported,independent t test,p > .05,not_reported,Internet addiction (IA)
27688791,arm_IA,subjects with IA,verum_acupuncture,Age (years),other,not_applicable,baseline/pre-treatment,mean ± SD,22.44 ± 2.42,27.0,not_applicable,"no significant difference vs HCs, p > .05",not_reported,independent t test,p > .05,not_reported,Internet addiction (IA)
27688791,arm_HC,healthy control subjects (HCs),healthy_control,Gender (male/female),other,not_applicable,baseline,count,22/8,30.0,not_reported,"no significant difference vs IA group, p > .05",not_reported,chi-square test,p > .05,not_reported,Internet addiction (IA)
27688791,arm_IA,subjects with IA,verum_acupuncture,Gender (male/female),other,not_applicable,baseline/pre-treatment,count,20/7,27.0,not_applicable,"no significant difference vs HCs, p > .05",not_reported,chi-square test,p > .05,not_reported,Internet addiction (IA)
27693978,TATG,true acupoint treatment group (TATG),verum_acupuncture,FMA-UE (FMA for the upper extremity),function,Fugl-Meyer Assessment - Upper Extremity,before treatment,mean ± SD,41.23 ± 23.87,26.0,not_reported,not_reported,not_reported,not_reported,not_reported,not_reported,ischemic stroke with motor dysfunction
27693978,TATG,true acupoint treatment group (TATG),verum_acupuncture,FMA-UE (FMA for the upper extremity),function,Fugl-Meyer Assessment - Upper Extremity,after treatment,mean ± SD,46.42 ± 22.57,26.0,increased after treatment,no statistical difference between groups (P > 0.05),not_reported,paired samples t-test,< 0.0001,not_reported,ischemic stroke with motor dysfunction
27693978,SATG,sham acupoint treatment group (SATG),sham_acupuncture,FMA-UE (FMA for the upper extremity),function,Fugl-Meyer Assessment - Upper Extremity,before treatment,mean ± SD,45.50 ± 24.49,14.0,not_reported,not_reported,not_reported,not_reported,not_reported,not_reported,ischemic stroke with motor dysfunction
27693978,SATG,sham acupoint treatment group (SATG),sham_acupuncture,FMA-UE (FMA for the upper extremity),function,Fugl-Meyer Assessment - Upper Extremity,after treatment,mean ± SD,49.42 ± 23.39,14.0,not significant,no statistical difference between groups (P > 0.05),not_reported,paired samples t-test,0.058,not_reported,ischemic stroke with motor dysfunction
27693978,TATG,true acupoint treatment group (TATG),verum_acupuncture,FMA-LE (FMA for the lower extremity),function,Fugl-Meyer Assessment - Lower Extremity,before treatment,mean ± SD,27.50 ± 7.58,26.0,not_reported,not_reported,not_reported,not_reported,not_reported,not_reported,ischemic stroke with motor dysfunction
27693978,TATG,true acupoint treatment group (TATG),verum_acupuncture,FMA-LE (FMA for the lower extremity),function,Fugl-Meyer Assessment - Lower Extremity,after treatment,mean ± SD,30.19 ± 5.06,26.0,improved after treatment,no statistical difference between groups (P > 0.05),not_reported,paired samples t-test,< 0.0001,not_reported,ischemic stroke with motor dysfunction
27693978,SATG,sham acupoint treatment group (SATG),sham_acupuncture,FMA-LE (FMA for the lower extremity),function,Fugl-Meyer Assessment - Lower Extremity,before treatment,mean ± SD,27.64 ± 7.08,14.0,not_reported,not_reported,not_reported,not_reported,not_reported,not_reported,ischemic stroke with motor dysfunction
27693978,SATG,sham acupoint treatment group (SATG),sham_acupuncture,FMA-LE (FMA for the lower extremity),function,Fugl-Meyer Assessment - Lower Extremity,after treatment,mean ± SD,30.64 ± 4.49,14.0,improved after treatment,no statistical difference between groups (P > 0.05),not_reported,paired samples t-test,0.013,not_reported,ischemic stroke with motor dysfunction
27693978,TATG,true acupoint treatment group (TATG),verum_acupuncture,FMA (total),function,Fugl-Meyer Assessment (total),before treatment,mean ± SD,68.73 ± 37.38,26.0,not_reported,not_reported,not_reported,not_reported,not_reported,not_reported,ischemic stroke with motor dysfunction
27693978,TATG,true acupoint treatment group (TATG),verum_acupuncture,FMA (total),function,Fugl-Meyer Assessment (total),after treatment,mean ± SD,76.61 ± 25.65,26.0,improved after treatment,no statistical difference between groups (P > 0.05),not_reported,paired samples t-test,< 0.0001,not_reported,ischemic stroke with motor dysfunction
27693978,SATG,sham acupoint treatment group (SATG),sham_acupuncture,FMA (total),function,Fugl-Meyer Assessment (total),before treatment,mean ± SD,73.14 ± 30.71,14.0,not_reported,not_reported,not_reported,not_reported,not_reported,not_reported,ischemic stroke with motor dysfunction
27693978,SATG,sham acupoint treatment group (SATG),sham_acupuncture,FMA (total),function,Fugl-Meyer Assessment (total),after treatment,mean ± SD,80.07 ± 27.56,14.0,improved after treatment,no statistical difference between groups (P > 0.05),not_reported,paired samples t-test,0.016,not_reported,ischemic stroke with motor dysfunction
27693978,TATG,true acupoint treatment group (TATG),verum_acupuncture,NIHSS,symptom_severity,National Institutes of Health Stroke Scale,before treatment,mean ± SD,3.46 ± 2.42,26.0,not_reported,not_reported,not_reported,not_reported,not_reported,not_reported,ischemic stroke with motor dysfunction
27693978,TATG,true acupoint treatment group (TATG),verum_acupuncture,NIHSS,symptom_severity,National Institutes of Health Stroke Scale,after treatment,mean ± SD,2.46 ± 2.24,26.0,improved after treatment,no statistical difference between groups (P > 0.05),not_reported,paired samples t-test,< 0.0001,not_reported,ischemic stroke with motor dysfunction
27693978,SATG,sham acupoint treatment group (SATG),sham_acupuncture,NIHSS,symptom_severity,National Institutes of Health Stroke Scale,before treatment,mean ± SD,3.64 ± 3.24,14.0,not_reported,not_reported,not_reported,not_reported,not_reported,not_reported,ischemic stroke with motor dysfunction
27693978,SATG,sham acupoint treatment group (SATG),sham_acupuncture,NIHSS,symptom_severity,National Institutes of Health Stroke Scale,after treatment,mean ± SD,2.50 ± 3.05,14.0,improved after treatment,no statistical difference between groups (P > 0.05),not_reported,paired samples t-test,0.002,not_reported,ischemic stroke with motor dysfunction
27803655,arm_verum,verum acupuncture plus fluoxetine,verum_acupuncture,Montgomery-Asberg depression rating scale (MADRS),symptom_severity,Montgomery-Asberg depression rating scale (MADRS),Pre-treatment (baseline),mean ± SD,22.94 (7.36),18.0,not_reported,not_reported,not_reported,"ANCOVA; F(1,33) = 0.01, p = 0.97 (baseline comparison)",p = 0.97 (baseline between-group comparison),36 subjects who completed both scans,Major depressive disorder (MDD)
27803655,arm_verum,verum acupuncture plus fluoxetine,verum_acupuncture,Montgomery-Asberg depression rating scale (MADRS),symptom_severity,Montgomery-Asberg depression rating scale (MADRS),Post-treatment (week 8),mean ± SD,5.44 (5.37),18.0,not_reported as a single computed change score; significant improvement noted (MADRS: p < 0.001 for sham group; verum group significantly greater),"verum acupuncture group showed significantly greater clinical improvement; MADRS F(1,33) = 10.86, p < 0.01",not_reported,"ANCOVA; F(1,33) = 10.86",p < 0.01,36 subjects who completed both scans,Major depressive disorder (MDD)
27803655,arm_sham,sham acupuncture plus fluoxetine,sham_acupuncture,Montgomery-Asberg depression rating scale (MADRS),symptom_severity,Montgomery-Asberg depression rating scale (MADRS),Pre-treatment (baseline),mean ± SD,22.83 (9.17),18.0,not_reported,not_reported,not_reported,"ANCOVA; F(1,33) = 0.01, p = 0.97 (baseline comparison)",p = 0.97 (baseline between-group comparison),36 subjects who completed both scans,Major depressive disorder (MDD)
27803655,arm_sham,sham acupuncture plus fluoxetine,sham_acupuncture,Montgomery-Asberg depression rating scale (MADRS),symptom_severity,Montgomery-Asberg depression rating scale (MADRS),Post-treatment (week 8),mean ± SD,14.06 (4.39),18.0,symptoms significantly decreased after treatment; MADRS: p < 0.001,"verum acupuncture group showed significantly greater improvement than sham; MADRS F(1,33) = 10.86, p < 0.01",not_reported,ANCOVA (between-group); paired t-test (within-group implied),p < 0.001 (within sham group); p < 0.01 (between groups),36 subjects who completed both scans,Major depressive disorder (MDD)
27803655,arm_verum,verum acupuncture plus fluoxetine,verum_acupuncture,Self-Rating Depression Scale (SDS),symptom_severity,Self-Rating Depression Scale (SDS),Pre-treatment (baseline),mean ± SD,47.833 (6.46),18.0,not_reported,not_reported,not_reported,"ANCOVA; F(1,33) = 0.01, p = 0.94 (baseline comparison)",p = 0.94 (baseline between-group comparison),36 subjects who completed both scans,Major depressive disorder (MDD)
27803655,arm_verum,verum acupuncture plus fluoxetine,verum_acupuncture,Self-Rating Depression Scale (SDS),symptom_severity,Self-Rating Depression Scale (SDS),Post-treatment (week 8),mean ± SD,26.83 (6.46),18.0,not_reported as a single computed change score,"verum acupuncture group showed significantly greater clinical improvement; SDS F(1,33) = 8.21, p < 0.01",not_reported,"ANCOVA; F(1,33) = 8.21",p < 0.01,36 subjects who completed both scans,Major depressive disorder (MDD)
27803655,arm_sham,sham acupuncture plus fluoxetine,sham_acupuncture,Self-Rating Depression Scale (SDS),symptom_severity,Self-Rating Depression Scale (SDS),Pre-treatment (baseline),mean ± SD,47.44 (9.23),18.0,not_reported,not_reported,not_reported,"ANCOVA; F(1,33) = 0.01, p = 0.94 (baseline comparison)",p = 0.94 (baseline between-group comparison),36 subjects who completed both scans,Major depressive disorder (MDD)
27803655,arm_sham,sham acupuncture plus fluoxetine,sham_acupuncture,Self-Rating Depression Scale (SDS),symptom_severity,Self-Rating Depression Scale (SDS),Post-treatment (week 8),mean ± SD,34.94 (5.40),18.0,symptoms significantly decreased after treatment; SDS: p < 0.001,"verum acupuncture group showed significantly greater improvement than sham; SDS F(1,33) = 8.21, p < 0.01",not_reported,ANCOVA (between-group); paired t-test (within-group implied),p < 0.001 (within sham group); p < 0.01 (between groups),36 subjects who completed both scans,Major depressive disorder (MDD)
27803655,arm_verum,verum acupuncture plus fluoxetine,verum_acupuncture,Age,other,not_applicable,Baseline,mean ± SD,44.5 (10.47),18.0,not_applicable,"t(34) = 0.22, p = 0.83 (no significant difference)",not_reported,two sample t-test; t(34) = 0.22,p = 0.83,36 subjects who completed both scans,Major depressive disorder (MDD)
27803655,arm_sham,sham acupuncture plus fluoxetine,sham_acupuncture,Age,other,not_applicable,Baseline,mean ± SD,43.78 (9.10),18.0,not_applicable,"t(34) = 0.22, p = 0.83 (no significant difference)",not_reported,two sample t-test; t(34) = 0.22,p = 0.83,36 subjects who completed both scans,Major depressive disorder (MDD)
27803655,not_applicable,,,Correlation between rsFC increase (left amygdala - sgACC/pgACC) and MADRS score,symptom_severity,MADRS,post minus pre-treatment,p_value_only,"significantly negatively associated; p = 0.02, FDR corrected",36.0,not_applicable,not_applicable,not_reported,multiple regression analysis controlling for age effect,"p = 0.02, FDR corrected",all 36 subjects,Major depressive disorder (MDD)
27803655,not_applicable,,,Correlation between rsFC increase (left amygdala - sgACC/pgACC) and SDS score,symptom_severity,SDS,post minus pre-treatment,p_value_only,"significantly negatively associated; p = 0.01, FDR corrected",36.0,not_applicable,not_applicable,not_reported,multiple regression analysis controlling for age effect,"p = 0.01, FDR corrected",all 36 subjects,Major depressive disorder (MDD)
27812501,TA,true acupuncture (TA),verum_acupuncture,"VAS scores, mm",pain,Visual Analog Scale (VAS),Baseline,mean ± SD,58.14 (13.2),66.0,not_reported,not_reported,not_reported,not_reported,not_reported,not_reported,Chronic neck pain (CNP)
27812501,SA,sham acupuncture (SA),sham_acupuncture,"VAS scores, mm",pain,Visual Analog Scale (VAS),Baseline,mean ± SD,54.78 (13.3),31.0,not_reported,not_reported,not_reported,not_reported,0.363,not_reported,Chronic neck pain (CNP)
27812501,TA,true acupuncture (TA),verum_acupuncture,"VAS scores, mm",pain,Visual Analog Scale (VAS),Treatment-baseline (after 4 weeks),mean (95% CI),16.9 (12.15–21.61),66.0,16.9 mm (95% CI: 12.15–21.61 mm),significant difference between the two groups (p < 0.05); pT*G = 0.008,not_reported,paired t test (within-group); ANCOVA (between-group interaction),p < 0.001 (within-group); pT = 0.000; pT*G = 0.008; pG = 0.327,not_reported,Chronic neck pain (CNP)
27812501,SA,sham acupuncture (SA),sham_acupuncture,"VAS scores, mm",pain,Visual Analog Scale (VAS),Treatment-baseline (after 4 weeks),mean (95% CI),5.41 (1.85–12.68),31.0,5.41 mm (95% CI: 1.85–12.68 mm),pT*G = 0.008,not_reported,paired t test (within-group),p = 0.138 (within-group),not_reported,Chronic neck pain (CNP)
27812501,TA,true acupuncture (TA),verum_acupuncture,"Duration of each attack, h",pain,not_reported,Baseline,mean ± SD,9.03 (6.60),66.0,not_reported,not_reported,not_reported,not_reported,not_reported,not_reported,Chronic neck pain (CNP)
27812501,SA,sham acupuncture (SA),sham_acupuncture,"Duration of each attack, h",pain,not_reported,Baseline,mean ± SD,8.15 (6.04),31.0,not_reported,not_reported,not_reported,not_reported,0.532,not_reported,Chronic neck pain (CNP)
27812501,TA,true acupuncture (TA),verum_acupuncture,"Duration of each attack, h",pain,not_reported,Treatment-baseline (after 4 weeks),mean (95% CI),4.30 (2.70–5.90),66.0,4.30 h (95% CI: 2.70–5.90 h),pT*G = 0.105,not_reported,paired t test (within-group),p < 0.001 (within-group); pT = 0.000; pT*G = 0.105; pG = 0.835,not_reported,Chronic neck pain (CNP)
27812501,SA,sham acupuncture (SA),sham_acupuncture,"Duration of each attack, h",pain,not_reported,Treatment-baseline (after 4 weeks),mean (95% CI),2.06 (0.07–4.19),31.0,2.06 h (95% CI: 0.07–4.19 h),pT*G = 0.105,not_reported,paired t test (within-group),p = 0.058 (within-group),not_reported,Chronic neck pain (CNP)
27812501,TA,true acupuncture (TA),verum_acupuncture,NDI,function,Neck Disability Index (NDI),Baseline,mean ± SD,29.99 (13.73),66.0,not_reported,not_reported,not_reported,not_reported,not_reported,not_reported,Chronic neck pain (CNP)
27812501,SA,sham acupuncture (SA),sham_acupuncture,NDI,function,Neck Disability Index (NDI),Baseline,mean ± SD,27.89 (13.82),31.0,not_reported,not_reported,not_reported,not_reported,0.491,not_reported,Chronic neck pain (CNP)
27812501,TA,true acupuncture (TA),verum_acupuncture,NDI,function,Neck Disability Index (NDI),Treatment-baseline (after 4 weeks),mean (95% CI),7.99 (4.92–11.06),66.0,7.99 (95% CI: 4.92–11.06),pT*G = 0.880,not_reported,paired t test (within-group),p < 0.001 (within-group); pT = 0.000; pT*G = 0.880; pG = 0.491,not_reported,Chronic neck pain (CNP)
27812501,SA,sham acupuncture (SA),sham_acupuncture,NDI,function,Neck Disability Index (NDI),Treatment-baseline (after 4 weeks),mean (95% CI),2.97 (1.01–6.94),31.0,2.97 (95% CI: 1.01–6.94),pT*G = 0.880,not_reported,paired t test (within-group),p = 0.138 (within-group),not_reported,Chronic neck pain (CNP)
27812501,TA,true acupuncture (TA),verum_acupuncture,NPQ,pain,Northwick Park Neck Pain Questionnaire (NPQ),Baseline,mean ± SD,36.76 (15.27),66.0,not_reported,not_reported,not_reported,not_reported,not_reported,not_reported,Chronic neck pain (CNP)
27812501,SA,sham acupuncture (SA),sham_acupuncture,NPQ,pain,Northwick Park Neck Pain Questionnaire (NPQ),Baseline,mean ± SD,34.90 (12.22),31.0,not_reported,not_reported,not_reported,not_reported,0.556,not_reported,Chronic neck pain (CNP)
27812501,TA,true acupuncture (TA),verum_acupuncture,NPQ,pain,Northwick Park Neck Pain Questionnaire (NPQ),Treatment-baseline (after 4 weeks),mean (95% CI),10.82 (7.18–14.46),66.0,10.82 (95% CI: 7.18–14.46),pT*G = 0.077,not_reported,paired t test (within-group),p < 0.001 (within-group); pT = 0.000; pT*G = 0.077; pG = 0.748,not_reported,Chronic neck pain (CNP)
27812501,SA,sham acupuncture (SA),sham_acupuncture,NPQ,pain,Northwick Park Neck Pain Questionnaire (NPQ),Treatment-baseline (after 4 weeks),mean (95% CI),5.24 (0.04–10.09),31.0,5.24 (95% CI: 0.04–10.09),pT*G = 0.077,not_reported,paired t test (within-group),p = 0.035 (within-group),not_reported,Chronic neck pain (CNP)
27812501,TA,true acupuncture (TA),verum_acupuncture,MPQ,pain,McGill Pain Questionnaire (MPQ),Baseline,mean ± SD,20.01 (8.04),66.0,not_reported,not_reported,not_reported,not_reported,not_reported,not_reported,Chronic neck pain (CNP)
27812501,SA,sham acupuncture (SA),sham_acupuncture,MPQ,pain,McGill Pain Questionnaire (MPQ),Baseline,mean ± SD,19.22 (8.34),31.0,not_reported,not_reported,not_reported,not_reported,0.660,not_reported,Chronic neck pain (CNP)
27812501,TA,true acupuncture (TA),verum_acupuncture,MPQ,pain,McGill Pain Questionnaire (MPQ),Treatment-baseline (after 4 weeks),mean (95% CI),4.23 (2.17–6.28),66.0,4.23 (95% CI: 2.17–6.28),pT*G = 0.445,not_reported,paired t test (within-group),p < 0.001 (within-group); pT = 0.000; pT*G = 0.445; pG = 0.942,not_reported,Chronic neck pain (CNP)
27812501,SA,sham acupuncture (SA),sham_acupuncture,MPQ,pain,McGill Pain Questionnaire (MPQ),Treatment-baseline (after 4 weeks),mean (95% CI),2.90 (0.15–5.65),31.0,2.90 (95% CI: 0.15–5.65),pT*G = 0.445,not_reported,paired t test (within-group),p = 0.039 (within-group),not_reported,Chronic neck pain (CNP)
27812501,TA,true acupuncture (TA),verum_acupuncture,SAS,mood,Self-rating Anxiety Scale (SAS),Baseline,mean ± SD,45.83 (9.88),66.0,not_reported,not_reported,not_reported,not_reported,not_reported,not_reported,Chronic neck pain (CNP)
27812501,SA,sham acupuncture (SA),sham_acupuncture,SAS,mood,Self-rating Anxiety Scale (SAS),Baseline,mean ± SD,43.58 (11.49),31.0,not_reported,not_reported,not_reported,not_reported,0.366,not_reported,Chronic neck pain (CNP)
27812501,TA,true acupuncture (TA),verum_acupuncture,SAS,mood,Self-rating Anxiety Scale (SAS),Treatment-baseline (after 4 weeks),mean (95% CI),5.82 (3.90–7.73),66.0,5.82 (95% CI: 3.90–7.73),pT*G = 0.024,not_reported,paired t test (within-group),p < 0.001 (within-group); pT = 0.000; pT*G = 0.024; pG = 0.968,not_reported,Chronic neck pain (CNP)
27812501,SA,sham acupuncture (SA),sham_acupuncture,SAS,mood,Self-rating Anxiety Scale (SAS),Treatment-baseline (after 4 weeks),mean (95% CI),1.48 (2.33–5.29),31.0,1.48 (95% CI: 2.33–5.29),pT*G = 0.024,not_reported,paired t test (within-group),p = 0.433 (within-group),not_reported,Chronic neck pain (CNP)
27812501,TA,true acupuncture (TA),verum_acupuncture,SDS,mood,Self-rating Depression Scale (SDS),Baseline,mean ± SD,41.92 (9.62),66.0,not_reported,not_reported,not_reported,not_reported,not_reported,not_reported,Chronic neck pain (CNP)
27812501,SA,sham acupuncture (SA),sham_acupuncture,SDS,mood,Self-rating Depression Scale (SDS),Baseline,mean ± SD,44.22 (13.56),31.0,not_reported,not_reported,not_reported,not_reported,0.407,not_reported,Chronic neck pain (CNP)
27812501,TA,true acupuncture (TA),verum_acupuncture,SDS,mood,Self-rating Depression Scale (SDS),Treatment-baseline (after 4 weeks),mean (95% CI),3.67 (1.31–6.03),66.0,3.67 (95% CI: 1.31–6.03),pT*G = 0.563,not_reported,paired t test (within-group),p = 0.003 (within-group); pT = 0.007; pT*G = 0.563; pG = 0.204,not_reported,Chronic neck pain (CNP)
27812501,SA,sham acupuncture (SA),sham_acupuncture,SDS,mood,Self-rating Depression Scale (SDS),Treatment-baseline (after 4 weeks),mean (95% CI),2.39 (1.72–6.49),31.0,2.39 (95% CI: 1.72–6.49),pT*G = 0.563,not_reported,paired t test (within-group),p = 0.244 (within-group),not_reported,Chronic neck pain (CNP)
27812501,TA,true acupuncture (TA),verum_acupuncture,SF-12,quality_of_life,12-item Short Form Quality Life Scale (SF-12),Baseline,mean ± SD,31.40 (6.45),66.0,not_reported,not_reported,not_reported,not_reported,not_reported,not_reported,Chronic neck pain (CNP)
27812501,SA,sham acupuncture (SA),sham_acupuncture,SF-12,quality_of_life,12-item Short Form Quality Life Scale (SF-12),Baseline,mean ± SD,31.77 (6.11),31.0,not_reported,not_reported,not_reported,not_reported,0.794,not_reported,Chronic neck pain (CNP)
27812501,TA,true acupuncture (TA),verum_acupuncture,SF-12,quality_of_life,12-item Short Form Quality Life Scale (SF-12),Treatment-baseline (after 4 weeks),mean (95% CI),3.04 (1.61–4.46),66.0,3.04 (95% CI: 1.61–4.46),pT*G = 0.503,not_reported,paired t test (within-group),p < 0.001 (within-group); pT = 0.000; pT*G = 0.503; pG = 0.963,not_reported,Chronic neck pain (CNP)
27812501,SA,sham acupuncture (SA),sham_acupuncture,SF-12,quality_of_life,12-item Short Form Quality Life Scale (SF-12),Treatment-baseline (after 4 weeks),mean (95% CI),2.19 (0.13–4.26),31.0,2.19 (95% CI: 0.13–4.26),pT*G = 0.503,not_reported,paired t test (within-group),p = 0.038 (within-group),not_reported,Chronic neck pain (CNP)
27812501,TA,true acupuncture (TA),verum_acupuncture,Use of acute medicine (y/n),medication_use,not_reported,Baseline,count,2/64,66.0,not_reported,p = 0.959,not_reported,chi-squared test,0.154 (within-group change from baseline to treatment); 0.959 (between-group at baseline),not_reported,Chronic neck pain (CNP)
27812501,SA,sham acupuncture (SA),sham_acupuncture,Use of acute medicine (y/n),medication_use,not_reported,Baseline,count,1/30,31.0,not_reported,p = 0.959,not_reported,chi-squared test,0.313 (within-group change from baseline to treatment); 0.959 (between-group at baseline),not_reported,Chronic neck pain (CNP)
27812501,TA,true acupuncture (TA),verum_acupuncture,Use of acute medicine (y/n) during treatment 1–4 weeks,medication_use,not_reported,Treatment 1–4 weeks,count,0/66,66.0,not_reported,not_reported,not_reported,not_reported,not_reported,not_reported,Chronic neck pain (CNP)
27812501,SA,sham acupuncture (SA),sham_acupuncture,Use of acute medicine (y/n) during treatment 1–4 weeks,medication_use,not_reported,Treatment 1–4 weeks,count,0/31,31.0,not_reported,not_reported,not_reported,not_reported,not_reported,not_reported,Chronic neck pain (CNP)
27857211,EA,electro-acupuncture group (EA group),verum_acupuncture,Crohn's Disease Activity Index (CDAI),symptom_severity,Crohn's Disease Activity Index (CDAI),Baseline (day 0),mean ± SD,76.17 ± 40.11,16.0,not_reported,not_reported,not_reported,not_reported,not_reported,intention-to-treat,Crohn's disease (remission period)
27857211,EA,electro-acupuncture group (EA group),verum_acupuncture,Crohn's Disease Activity Index (CDAI),symptom_severity,Crohn's Disease Activity Index (CDAI),Post-treatment (twelve weeks),mean ± SD,48.06 ± 30.50,16.0,-28.11 ± 29.81,"Statistical value 0.333, P value 0.74 (vs Mox group change)",not_reported,not_reported,"P<0.001 (within group, compared with baseline)",intention-to-treat,Crohn's disease (remission period)
27857211,Mox,moxibustion group (Mox group),verum_acupuncture,Crohn's Disease Activity Index (CDAI),symptom_severity,Crohn's Disease Activity Index (CDAI),Baseline (day 0),mean ± SD,71.78 ± 42.93,18.0,not_reported,not_reported,not_reported,not_reported,not_reported,intention-to-treat,Crohn's disease (remission period)
27857211,Mox,moxibustion group (Mox group),verum_acupuncture,Crohn's Disease Activity Index (CDAI),symptom_severity,Crohn's Disease Activity Index (CDAI),Post-treatment (twelve weeks),mean ± SD,40.56 ± 28.53,18.0,-31.22 ± 26.14,"Statistical value 0.333, P value 0.74 (vs EA group change)",not_reported,not_reported,"P<0.001 (within group, compared with baseline)",intention-to-treat,Crohn's disease (remission period)
27857211,EA,electro-acupuncture group (EA group),verum_acupuncture,Inflammatory Bowel Disease Questionnaire (IBDQ),quality_of_life,Inflammatory Bowel Disease Questionnaire (IBDQ),Baseline (day 0),mean ± SD,170.83 ± 22.72,16.0,not_reported,not_reported,not_reported,not_reported,not_reported,intention-to-treat,Crohn's disease (remission period)
27857211,EA,electro-acupuncture group (EA group),verum_acupuncture,Inflammatory Bowel Disease Questionnaire (IBDQ),quality_of_life,Inflammatory Bowel Disease Questionnaire (IBDQ),Post-treatment (twelve weeks),mean ± SD,188.11 ± 19.54,16.0,17.28 ± 19.50,"Statistical value 0.204, P value 0.84 (vs Mox group change)",not_reported,not_reported,"P<0.01 (within group, compared with baseline)",intention-to-treat,Crohn's disease (remission period)
27857211,Mox,moxibustion group (Mox group),verum_acupuncture,Inflammatory Bowel Disease Questionnaire (IBDQ),quality_of_life,Inflammatory Bowel Disease Questionnaire (IBDQ),Baseline (day 0),mean ± SD,174.78 ± 33.10,18.0,not_reported,not_reported,not_reported,not_reported,not_reported,intention-to-treat,Crohn's disease (remission period)
27857211,Mox,moxibustion group (Mox group),verum_acupuncture,Inflammatory Bowel Disease Questionnaire (IBDQ),quality_of_life,Inflammatory Bowel Disease Questionnaire (IBDQ),Post-treatment (twelve weeks),mean ± SD,190.78 ± 21.81,18.0,16.00 ± 18.13,"Statistical value 0.204, P value 0.84 (vs EA group change)",not_reported,not_reported,"P<0.01 (within group, compared with baseline)",intention-to-treat,Crohn's disease (remission period)
28334999,EAS,electro-acupuncture stimulation (EAS) group,verum_acupuncture,HAMD-24 score,symptom_severity,24-item Hamilton Depression Rating Scale (HAMD-24),pre-treatment,mean ± SD,23.00 ± 3.01,14.0,not_reported,not_reported,not_reported,not_reported,not_reported,not_reported,First-episode major depressive disorder (MDD)
28334999,EAS,electro-acupuncture stimulation (EAS) group,verum_acupuncture,HAMD-24 score,symptom_severity,24-item Hamilton Depression Rating Scale (HAMD-24),post-treatment,mean ± SD,9.28 ± 4.59,14.0,not_reported,Post hoc analyses showed a more significant improvement in the EAS group than in the SAS group post-treatment,not_reported,Analysis of covariance; group × time interaction,"group main effect F = 3.829, P = 0.047; group × time interaction F = 4.732, P = 0.040; post hoc between groups post-treatment P < 0.05",not_reported,First-episode major depressive disorder (MDD)
28334999,SAS,sham-acupuncture stimulation (SAS) group,sham_acupuncture,HAMD-24 score,symptom_severity,24-item Hamilton Depression Rating Scale (HAMD-24),pre-treatment,mean ± SD,23.85 ± 3.57,14.0,not_reported,not_reported,not_reported,not_reported,not_reported,not_reported,First-episode major depressive disorder (MDD)
28334999,SAS,sham-acupuncture stimulation (SAS) group,sham_acupuncture,HAMD-24 score,symptom_severity,24-item Hamilton Depression Rating Scale (HAMD-24),post-treatment,mean ± SD,15.42 ± 6.40,14.0,not_reported,EAS group showed more significant improvement than SAS group post-treatment,not_reported,Analysis of covariance; group × time interaction,"group main effect F = 3.829, P = 0.047; group × time interaction F = 4.732, P = 0.040",not_reported,First-episode major depressive disorder (MDD)
28334999,EAS,electro-acupuncture stimulation (EAS) group,verum_acupuncture,HAMA-14 score,symptom_severity,14-item Hamilton Anxiety Scale (HAMA-14),pre-treatment,mean ± SD,19.28 ± 3.58,14.0,not_reported,not_reported,not_reported,not_reported,not_reported,not_reported,First-episode major depressive disorder (MDD)
28334999,EAS,electro-acupuncture stimulation (EAS) group,verum_acupuncture,HAMA-14 score,symptom_severity,14-item Hamilton Anxiety Scale (HAMA-14),post-treatment,mean ± SD,8.64 ± 4.74,14.0,not_reported,Post hoc analyses showed a more significant improvement in the EAS group than in the SAS group post-treatment,not_reported,Analysis of covariance; group × time interaction,"group main effect F = 4.327, P = 0.043; group × time interaction F = 5.103, P = 0.032; post hoc between groups post-treatment P < 0.05",not_reported,First-episode major depressive disorder (MDD)
28334999,SAS,sham-acupuncture stimulation (SAS) group,sham_acupuncture,HAMA-14 score,symptom_severity,14-item Hamilton Anxiety Scale (HAMA-14),pre-treatment,mean ± SD,19.42 ± 4.44,14.0,not_reported,not_reported,not_reported,not_reported,not_reported,not_reported,First-episode major depressive disorder (MDD)
28334999,SAS,sham-acupuncture stimulation (SAS) group,sham_acupuncture,HAMA-14 score,symptom_severity,14-item Hamilton Anxiety Scale (HAMA-14),post-treatment,mean ± SD,12.71 ± 4.89,14.0,not_reported,EAS group showed more significant improvement than SAS group post-treatment,not_reported,Analysis of covariance; group × time interaction,"group main effect F = 4.327, P = 0.043; group × time interaction F = 5.103, P = 0.032",not_reported,First-episode major depressive disorder (MDD)
28334999,EAS,electro-acupuncture stimulation (EAS) group,verum_acupuncture,Correlation between change in ALFF of left MTG and change in HAMD-24 score,symptom_severity,24-item Hamilton Depression Rating Scale (HAMD-24),change score (post minus pre),other,"r = −0.646, P = 0.013 (negative correlation)",14.0,not_reported,not_reported,r = −0.646,"partial correlation controlling for age, sex, head movement parameters and education level",P = 0.013,EAS group only,First-episode major depressive disorder (MDD)
28334999,EAS,electro-acupuncture stimulation (EAS) group,verum_acupuncture,Correlation between change in FC of left MTG and left MFG and change in HAMD-24 score,symptom_severity,24-item Hamilton Depression Rating Scale (HAMD-24),change score (post minus pre),other,"r = 0.539, P = 0.047 (positive correlation)",14.0,not_reported,not_reported,r = 0.539,"partial correlation controlling for age, sex, head movement parameters and education level",P = 0.047,EAS group only,First-episode major depressive disorder (MDD)
28400807,arm_01,Healthy participants receiving acupuncture at GV20 and GV29,verum_acupuncture,Beck Depression Inventory II (BDI-II),mood,Beck Depression Inventory II (BDI-II),Baseline (screening),mean ± SD,1.90±2.06,30.0,not_reported,not_reported,not_reported,not_reported,not_reported,not_reported,Healthy volunteers (no disease condition)
28400807,arm_01,Healthy participants receiving acupuncture at GV20 and GV29,verum_acupuncture,Self-rating Depression Scale (SDS),mood,Self-rating Depression Scale (SDS),Baseline (screening),mean ± SD,31.83±5.07,30.0,not_reported,not_reported,not_reported,not_reported,not_reported,not_reported,Healthy volunteers (no disease condition)
28400807,arm_01,Healthy participants receiving acupuncture at GV20 and GV29,verum_acupuncture,Self-rating Anxiety Scale (SAS),mood,Self-rating Anxiety Scale (SAS),Baseline (screening),mean ± SD,32.57±4.47,30.0,not_reported,not_reported,not_reported,not_reported,not_reported,not_reported,Healthy volunteers (no disease condition)
28400807,arm_01,Healthy participants receiving acupuncture at GV20 and GV29,verum_acupuncture,Pittsburgh Sleep Quality Index (PSQI),other,Pittsburgh Sleep Quality Index (PSQI),Baseline (screening),mean ± SD,4.07±1.48,30.0,not_reported,not_reported,not_reported,not_reported,not_reported,not_reported,Healthy volunteers (no disease condition)
28580293,arm_control,control group,medication,PSQI score,symptom_severity,Pittsburgh Sleep Quality Index (PSQI),before treatment,mean ± SD,"not_reported (visible in Figure 3 approximately ~15, exact numeric value not reported in text)",50.0,not_reported,no significant difference between groups at baseline (p > 0.05),not_reported,not_reported,p > 0.05,not_reported,insomnia (primary insomnia)
28580293,arm_study,study group,verum_acupuncture,PSQI score,symptom_severity,Pittsburgh Sleep Quality Index (PSQI),before treatment,mean ± SD,"not_reported (visible in Figure 3 approximately ~15, exact numeric value not reported in text)",50.0,not_reported,no significant difference between groups at baseline (p > 0.05),not_reported,not_reported,p > 0.05,not_reported,insomnia (primary insomnia)
28580293,not_applicable,,,PSQI score — within-group change (both groups),symptom_severity,Pittsburgh Sleep Quality Index (PSQI),after 28 days of treatment vs before treatment,mean ± SD,not_reported,100.0,PSQI scores of both groups were lower than those before treatment,not_applicable,95% CI: 0.998–1.732,not_reported,p < 0.001,not_reported,insomnia (primary insomnia)
28580293,arm_study,study group,verum_acupuncture,PSQI score — study group vs control group after 28 days of treatment,symptom_severity,Pittsburgh Sleep Quality Index (PSQI),after 28 days of treatment,mean ± SD,not_reported (visible in Figure 3 approximately ~5 for study group and ~10 for control group),100.0,not_reported,study group had lower PSQI score after 28 days of treatment compared with control group,95% CI: 5.848–6.582,not_reported,p < 0.001,not_reported,insomnia (primary insomnia)
28580293,arm_control,control group,medication,HAMA score,mood,Hamilton Anxiety Scale (HAMA),before treatment,mean ± SD,"not_reported (visible in Figure 4 approximately ~12, exact numeric value not reported in text)",50.0,not_reported,no significant difference between groups at baseline (p > 0.05),not_reported,not_reported,p > 0.05,not_reported,insomnia (primary insomnia)
28580293,arm_study,study group,verum_acupuncture,HAMA score,mood,Hamilton Anxiety Scale (HAMA),before treatment,mean ± SD,"not_reported (visible in Figure 4 approximately ~12, exact numeric value not reported in text)",50.0,not_reported,no significant difference between groups at baseline (p > 0.05),not_reported,not_reported,p > 0.05,not_reported,insomnia (primary insomnia)
28580293,not_applicable,,,HAMA score — within-group change (both groups),mood,Hamilton Anxiety Scale (HAMA),after 28 days of treatment vs before treatment,mean ± SD,not_reported,100.0,HAMA scores of both groups were lower than those before treatment,not_applicable,95% CI: 0.609–1.231,not_reported,p < 0.001,not_reported,insomnia (primary insomnia)
28580293,arm_study,study group,verum_acupuncture,HAMA score — study group vs control group after 28 days of treatment,mood,Hamilton Anxiety Scale (HAMA),after 28 days of treatment,mean ± SD,not_reported (visible in Figure 4 approximately ~9 for control and ~5 for study group),100.0,not_reported,study group had lower HAMA score after 28 days of treatment compared with control group,95% CI: 3.019–3.641,not_reported,p < 0.001,not_reported,insomnia (primary insomnia)
28868952,arm_AD,AD,other,MMSE scores,cognition,Mini-Mental State Examination (MMSE),baseline,mean ± SD,15.93 (4.12),14.0,not_reported,"significantly lower than NC group, p < 0.001",not_reported,independent sample t-test,<0.001,not_reported,Alzheimer's disease (AD)
28868952,arm_NC,NC,healthy_control,MMSE scores,cognition,Mini-Mental State Examination (MMSE),baseline,mean ± SD,28.00 (1.41),14.0,not_reported,"significantly higher than AD group, p < 0.001",not_reported,independent sample t-test,<0.001,not_reported,Alzheimer's disease (AD)
28868952,arm_AD,AD,other,MoCA scores,cognition,Montreal Cognitive Assessment (MoCA),baseline,mean ± SD,13.07 (4.05),14.0,not_reported,"significantly lower than NC group, p < 0.001",not_reported,independent sample t-test,<0.001,not_reported,Alzheimer's disease (AD)
28868952,arm_NC,NC,healthy_control,MoCA scores,cognition,Montreal Cognitive Assessment (MoCA),baseline,mean ± SD,26.64 (2.02),14.0,not_reported,"significantly higher than AD group, p < 0.001",not_reported,independent sample t-test,<0.001,not_reported,Alzheimer's disease (AD)
28868952,arm_AD,AD,other,AVLT scores,cognition,Auditory Verbal Learning Test (AVLT),baseline,mean ± SD,17.36 (6.28),14.0,not_reported,"significantly lower than NC group, p < 0.001",not_reported,independent sample t-test,<0.001,not_reported,Alzheimer's disease (AD)
28868952,arm_NC,NC,healthy_control,AVLT scores,cognition,Auditory Verbal Learning Test (AVLT),baseline,mean ± SD,50.64 (9.01),14.0,not_reported,"significantly higher than AD group, p < 0.001",not_reported,independent sample t-test,<0.001,not_reported,Alzheimer's disease (AD)
28868952,arm_AD,AD,other,Immediate recall (AVLT_IR),cognition,Auditory Verbal Learning Test — Immediate Recall,baseline,mean ± SD,11.36 (3.95),14.0,not_reported,"significantly lower than NC group, p < 0.001",not_reported,independent sample t-test,<0.001,not_reported,Alzheimer's disease (AD)
28868952,arm_NC,NC,healthy_control,Immediate recall (AVLT_IR),cognition,Auditory Verbal Learning Test — Immediate Recall,baseline,mean ± SD,26.86 (5.25),14.0,not_reported,"significantly higher than AD group, p < 0.001",not_reported,independent sample t-test,<0.001,not_reported,Alzheimer's disease (AD)
28868952,arm_AD,AD,other,Delayed recall (AVLT_DR),cognition,Auditory Verbal Learning Test — Delayed Recall,baseline,mean ± SD,2.64 (1.60),14.0,not_reported,"significantly lower than NC group, p < 0.001",not_reported,independent sample t-test,<0.001,not_reported,Alzheimer's disease (AD)
28868952,arm_NC,NC,healthy_control,Delayed recall (AVLT_DR),cognition,Auditory Verbal Learning Test — Delayed Recall,baseline,mean ± SD,11.07 (2.76),14.0,not_reported,"significantly higher than AD group, p < 0.001",not_reported,independent sample t-test,<0.001,not_reported,Alzheimer's disease (AD)
28868952,arm_AD,AD,other,Recognition (AVLT),cognition,Auditory Verbal Learning Test — Recognition,baseline,mean ± SD,3.36 (1.55),14.0,not_reported,"significantly lower than NC group, p < 0.001",not_reported,independent sample t-test,<0.001,not_reported,Alzheimer's disease (AD)
28868952,arm_NC,NC,healthy_control,Recognition (AVLT),cognition,Auditory Verbal Learning Test — Recognition,baseline,mean ± SD,12.71 (2.09),14.0,not_reported,"significantly higher than AD group, p < 0.001",not_reported,independent sample t-test,<0.001,not_reported,Alzheimer's disease (AD)
28868952,arm_AD,AD,other,CDR,function,Clinical Dementia Rating (CDR),baseline,count,"0.5 = 1, 1–2 = 13",14.0,not_reported,"significantly different from NC group, p < 0.001",not_reported,Chi-square test,<0.001,not_reported,Alzheimer's disease (AD)
28868952,arm_NC,NC,healthy_control,CDR,function,Clinical Dementia Rating (CDR),baseline,count,0 = 14,14.0,not_reported,"significantly different from AD group, p < 0.001",not_reported,Chi-square test,<0.001,not_reported,Alzheimer's disease (AD)
29204113,arm_ea,electro-acupuncture group,verum_acupuncture,CDAI (Crohn's disease activity index),symptom_severity,CDAI,Baseline,mean ± SD,78.28 ± 40.95,18.0,not_reported,"t = −0.484, P = 0.631 (vs moxibustion at baseline)",not_reported,independent sample t-test,0.631,ITT with last observation carried forward,Crohn's disease (CD) in remission
29204113,arm_ea,electro-acupuncture group,verum_acupuncture,CDAI (Crohn's disease activity index),symptom_severity,CDAI,Post-treatment (12 weeks),mean ± SD,51.53 ± 31.80,18.0,−26.74 ± 29.23,"T value = −0.479, P value = 0.634 (vs moxibustion post-treatment change)",not_reported,paired t-test (within group),0.000,ITT with last observation carried forward,Crohn's disease (CD) in remission
29204113,arm_moxa,moxibustion group,verum_acupuncture,CDAI (Crohn's disease activity index),symptom_severity,CDAI,Baseline,mean ± SD,71.85 ± 40.84,20.0,not_reported,"t = −0.484, P = 0.631 (vs electro-acupuncture at baseline)",not_reported,independent sample t-test,0.631,ITT with last observation carried forward,Crohn's disease (CD) in remission
29204113,arm_moxa,moxibustion group,verum_acupuncture,CDAI (Crohn's disease activity index),symptom_severity,CDAI,Post-treatment (12 weeks),mean ± SD,40.90 ± 27.78,20.0,−30.95 ± 24.83,"T value = −0.479, P value = 0.634 (vs electro-acupuncture post-treatment change)",not_reported,paired t-test (within group),0.000,ITT with last observation carried forward,Crohn's disease (CD) in remission
29204113,arm_ea,electro-acupuncture group,verum_acupuncture,IBDQ (inflammatory bowel disease questionnaire),quality_of_life,IBDQ,Baseline,mean ± SD,171.72 ± 20.17,18.0,not_reported,"t = 0.495, P = 0.623 (vs moxibustion at baseline)",not_reported,independent sample t-test,0.623,ITT with last observation carried forward,Crohn's disease (CD) in remission
29204113,arm_ea,electro-acupuncture group,verum_acupuncture,IBDQ (inflammatory bowel disease questionnaire),quality_of_life,IBDQ,Post-treatment (12 weeks),mean ± SD,187.18 ± 18.69,18.0,15.44 ± 18.02,"T value = 0.088, P value = 0.930 (vs moxibustion post-treatment change)",not_reported,paired t-test (within group),0.000,ITT with last observation carried forward,Crohn's disease (CD) in remission
29204113,arm_moxa,moxibustion group,verum_acupuncture,IBDQ (inflammatory bowel disease questionnaire),quality_of_life,IBDQ,Baseline,mean ± SD,176.10 ± 32.23,20.0,not_reported,"t = 0.495, P = 0.623 (vs electro-acupuncture at baseline)",not_reported,independent sample t-test,0.623,ITT with last observation carried forward,Crohn's disease (CD) in remission
29204113,arm_moxa,moxibustion group,verum_acupuncture,IBDQ (inflammatory bowel disease questionnaire),quality_of_life,IBDQ,Post-treatment (12 weeks),mean ± SD,192.05 ± 21.45,20.0,15.95 ± 17.28,"T value = 0.088, P value = 0.930 (vs electro-acupuncture post-treatment change)",not_reported,paired t-test (within group),0.000,ITT with last observation carried forward,Crohn's disease (CD) in remission
29204113,arm_ea,electro-acupuncture group,verum_acupuncture,HADS-A (Hospital Anxiety and Depression Scale-Anxiety),mood,HADS-A,Baseline,mean ± SD,6.33 ± 6.33,18.0,not_reported,"t = −0.894, P = 0.377",not_reported,independent sample t-test,0.377,not_reported,Crohn's disease (CD) in remission
29204113,arm_moxa,moxibustion group,verum_acupuncture,HADS-A (Hospital Anxiety and Depression Scale-Anxiety),mood,HADS-A,Baseline,mean ± SD,5.35 ± 3.62,20.0,not_reported,"t = −0.894, P = 0.377",not_reported,independent sample t-test,0.377,not_reported,Crohn's disease (CD) in remission
29204113,arm_ea,electro-acupuncture group,verum_acupuncture,HADS-D (Hospital Anxiety and Depression Scale-Depression),mood,HADS-D,Baseline,mean ± SD,5.61 ± 3.16,18.0,not_reported,"t = −1.713, P = 0.095",not_reported,independent sample t-test,0.095,not_reported,Crohn's disease (CD) in remission
29204113,arm_moxa,moxibustion group,verum_acupuncture,HADS-D (Hospital Anxiety and Depression Scale-Depression),mood,HADS-D,Baseline,mean ± SD,3.65 ± 3.82,20.0,not_reported,"t = −1.713, P = 0.095",not_reported,independent sample t-test,0.095,not_reported,Crohn's disease (CD) in remission
29325883,arm_ACU,Group A – real acupuncture (ACU) treatment,verum_acupuncture,core body temperature (CBT),physiological,"Omron electronic thermometer (MC-142L), sublingual measurement",prescan (before ACU),not_reported,not_reported,10.0,not_reported,not_reported,not_reported,not_reported,not_reported,not_reported,"overweight (BMI >18 and <30, higher WHR >0.9); classified as overweight/unfit"
29325883,arm_ACU,Group A – real acupuncture (ACU) treatment,verum_acupuncture,blood glucose (GLU),physiological,OneTouch Ultra Blood Glucose Monitoring System (Lifescan; Johnson & Johnson Company),prescan (before ACU); left index finger,not_reported,not_reported,10.0,not_reported,not_reported,not_reported,not_reported,not_reported,not_reported,"overweight (BMI >18 and <30, higher WHR >0.9); classified as overweight/unfit"
29325883,arm_ACU,Group A – real acupuncture (ACU) treatment,verum_acupuncture,hunger,physiological,standard Likert scale (0 = no hunger to 10 = starvation),prescan (before ACU),not_reported,not_reported,10.0,not_reported,not_reported,not_reported,not_reported,not_reported,not_reported,"overweight (BMI >18 and <30, higher WHR >0.9); classified as overweight/unfit"
29325883,arm_ACU,Group A – real acupuncture (ACU) treatment,verum_acupuncture,ACU-induced change in core body temperature (delta CBT),physiological,Omron electronic thermometer (MC-142L),after ACU minus before ACU,not_reported,not_reported,10.0,not_reported,not_reported,not_reported,Pearson correlation with HYP-HIPP FC change,not_reported,ACU group,"overweight (BMI >18 and <30, higher WHR >0.9); classified as overweight/unfit"
29325883,arm_ACU,Group A – real acupuncture (ACU) treatment,verum_acupuncture,ACU-induced change in blood glucose (delta GLU),physiological,OneTouch Ultra Blood Glucose Monitoring System,after ACU minus before ACU,not_reported,not_reported,10.0,not_reported,not_reported,not_reported,Pearson correlation with HYP-PUT and HYP-INS FC change,not_reported,ACU group,"overweight (BMI >18 and <30, higher WHR >0.9); classified as overweight/unfit"
29325883,arm_ACU,Group A – real acupuncture (ACU) treatment,verum_acupuncture,ACU-induced change in hunger (delta HUNGER),physiological,standard Likert scale (0 = no hunger to 10 = starvation),after ACU minus before ACU,not_reported,not_reported,10.0,not_reported,not_reported,not_reported,Pearson correlation with HYP-ACC and HYP-THALAMUS FC change,not_reported,ACU group,"overweight (BMI >18 and <30, higher WHR >0.9); classified as overweight/unfit"
29343693,arm_verum,Acupuncture with de qi,verum_acupuncture,Tissue displacement at Zusanli before de qi,physiological,"In vivo ultrasonic imaging (System FiVe, GE-Vingmed, 7.5 MHz); RF data, 2 mm window, 60% overlap; 13.2 frames/second",before de qi,mean ± SD,0.105 ± 0.027 mm,30.0,not_reported,not_reported,not_reported,not_reported,not_reported,not_reported,Healthy volunteers (no disease condition)
29343693,arm_verum,Acupuncture with de qi,verum_acupuncture,Tissue displacement at Zusanli during de qi,physiological,"In vivo ultrasonic imaging (System FiVe, GE-Vingmed, 7.5 MHz); RF data, 2 mm window, 60% overlap; 13.2 frames/second",during de qi,mean ± SD,0.167 ± 0.047 mm,30.0,increased in amplitude by up to 0.167 ± 0.047 mm during de qi stage compared with 0.105 ± 0.027 mm before de qi,not_reported,not_reported,not_reported,P < 0.01,not_reported,Healthy volunteers (no disease condition)
29343693,arm_verum,Acupuncture with de qi,verum_acupuncture,Blood flow (blood perfusion) at Hegu (LI.4) acupoint at baseline,physiological,"PeriScan PIM II LDPI (Perimed Company, Sweden); scanning laser wavelength 670 nm; maximum output power 1 mW; NR scanning pattern; pixel size 0.5 × 0.5 mm²; LDPI 2.5 imaging software",Base blood flow (before acupuncture needle stimulation),narrative,basal blood flow of the healthy subjects was low,30.0,not_reported,not_reported,not_reported,not_reported,not_reported,not_reported,Healthy volunteers (no disease condition)
29343693,arm_verum,Acupuncture with de qi,verum_acupuncture,Blood flow (blood perfusion) at Hegu (LI.4) acupoint before de qi (deep-punctured without de qi),physiological,PeriScan PIM II LDPI,"Pre-de qi (needle inserted, de qi not yet achieved)",narrative,blood flow increased transiently when the acupuncture needle was inserted into the acupoint Hegu and then reverted to baseline before de qi,30.0,significantly increased when deep-punctured but without De qi (P < 0.05),not_reported,not_reported,not_reported,P < 0.05,not_reported,Healthy volunteers (no disease condition)
29343693,arm_verum,Acupuncture with de qi,verum_acupuncture,Blood flow (blood perfusion) at Hegu (LI.4) acupoint during de qi (D1–D6),physiological,PeriScan PIM II LDPI,D1–D6 (maintained at relatively high level for up to 6 min after de qi),narrative,skin blood flow increased significantly and was maintained at a relatively high level for up to 6 min (D1–D6); increment of blood perfusion was higher (about 10%) around Hegu after de qi than that measured before de qi,30.0,skin blood flows at the acupoints were more evident than those before de qi (P < 0.01) and these changes were time-dependent,not_reported,not_reported,not_reported,P < 0.01,not_reported,Healthy volunteers (no disease condition)
29343693,arm_verum,Acupuncture with de qi,verum_acupuncture,Blood flow (blood perfusion) at Zusanli (ST.36) acupoint during de qi (D1–D6),physiological,PeriScan PIM II LDPI,D1–D6,narrative,Similar results were also found in Zusanli acupoint,30.0,similar to Hegu; skin blood flows more evident after de qi than before de qi,not_reported,not_reported,not_reported,not_reported,not_reported,Healthy volunteers (no disease condition)
29343693,arm_verum,Acupuncture with de qi,verum_acupuncture,Deep resistance (myoelectricity amplitude) at Hegu acupoint before de qi,physiological,"Viking Quest portable EMG/evoked potential systems (NICOLET, USA)",before de qi,mean ± SD,34.85 ± 12.43 uV,30.0,not_reported,not_reported,not_reported,not_reported,not_reported,not_reported,Healthy volunteers (no disease condition)
29343693,arm_verum,Acupuncture with de qi,verum_acupuncture,Deep resistance (myoelectricity amplitude) at Hegu acupoint after de qi,physiological,"Viking Quest portable EMG/evoked potential systems (NICOLET, USA)",after de qi,mean ± SD,51.98 ± 11.84 uV,30.0,increased from 34.85 ± 12.43 uV before de qi to 51.98 ± 11.84 uV after de qi,not_reported,not_reported,not_reported,P < 0.01,not_reported,Healthy volunteers (no disease condition)
29343693,arm_verum,Acupuncture with de qi,verum_acupuncture,Deep resistance (myoelectricity amplitude) at Zusanli acupoint before de qi,physiological,"Viking Quest portable EMG/evoked potential systems (NICOLET, USA)",before de qi,mean ± SD,39.38 ± 9.07 uV,30.0,not_reported,not_reported,not_reported,not_reported,not_reported,not_reported,Healthy volunteers (no disease condition)
29343693,arm_verum,Acupuncture with de qi,verum_acupuncture,Deep resistance (myoelectricity amplitude) at Zusanli acupoint after de qi,physiological,"Viking Quest portable EMG/evoked potential systems (NICOLET, USA)",after de qi,mean ± SD,55.18 ± 6.19 uV,30.0,increased from 39.38 ± 9.07 uV before de qi to 55.18 ± 6.19 uV after de qi,not_reported,not_reported,not_reported,P < 0.01,not_reported,Healthy volunteers (no disease condition)
29343693,arm_verum,Acupuncture with de qi,verum_acupuncture,Change of electroencephalogram before and after de qi in different brain regions,physiological,"Biopac Systems EEG; 12 channels; α (8–13 Hz), β (13–30 Hz), θ (4–8 Hz), δ (0.5–4 Hz) bands; 10–20 electrode placement method",before and after de qi,narrative,"in different brain regions, the change of electroencephalogram before and after de qi was not evident",30.0,not evident,not_reported,not_reported,not_reported,not_reported,not_reported,Healthy volunteers (no disease condition)
30034336,arm_all_fd,all FD patients,verum_acupuncture,NDSI score improvements,symptom_severity,Nepean Dyspepsia Symptom Index (NDSI),post-treatment,mean ± SD,23.67 ± 15.68,115.0,not_reported,not_reported,not_reported,not_reported,not_reported,all FD patients,functional dyspepsia (FD)
30034336,arm_all_fd,all FD patients,verum_acupuncture,SID score improvements,symptom_severity,Symptom Index of Dyspepsia (SID),post-treatment,median [IQR],"2 (1,3)",115.0,not_reported,not_reported,not_reported,not_reported,not_reported,all FD patients,functional dyspepsia (FD)
30034336,arm_higher_response,higher response group,verum_acupuncture,NDSI score improvements,symptom_severity,Nepean Dyspepsia Symptom Index (NDSI),post-treatment,mean ± SD,29.36 ± 13.40,66.0,not_reported,p = 0.00**,not_reported,not_reported,0.00**,higher response group,functional dyspepsia (FD)
30034336,arm_lower_response,lower response group,verum_acupuncture,NDSI score improvements,symptom_severity,Nepean Dyspepsia Symptom Index (NDSI),post-treatment,mean ± SD,15.90 ± 15.34,49.0,not_reported,p = 0.00**,not_reported,not_reported,0.00**,lower response group,functional dyspepsia (FD)
30034336,arm_higher_response,higher response group,verum_acupuncture,SID score improvements,symptom_severity,Symptom Index of Dyspepsia (SID),post-treatment,median [IQR],"3 (2,4)",66.0,not_reported,p = 0.00**,not_reported,not_reported,0.00**,higher response group,functional dyspepsia (FD)
30034336,arm_lower_response,lower response group,verum_acupuncture,SID score improvements,symptom_severity,Symptom Index of Dyspepsia (SID),post-treatment,median [IQR],"1 (0,1)",49.0,not_reported,p = 0.00**,not_reported,not_reported,0.00**,lower response group,functional dyspepsia (FD)
30034336,arm_all_fd,all FD patients,verum_acupuncture,"Correlation between mPFC (Frontal_Sup_Medial R, MNI 9, 48, 48) zfALFF change and NDSI improvement",symptom_severity,Nepean Dyspepsia Symptom Index (NDSI),post-treatment change vs baseline,other,"r = 0.20, p = 0.03",115.0,not_reported,not_reported,r = 0.20,Pearson or Spearman correlation analysis,0.03,all FD patients,functional dyspepsia (FD)
30034336,arm_higher_response,higher response group,verum_acupuncture,Correlation between mPFC rsFC changes and clinical symptom improvement values in the higher response group,symptom_severity,not_reported,post-treatment change,narrative,no correlation between the mPFC rsFC and clinical symptom improvement values in the higher response group,66.0,not_reported,not_reported,not_reported,correlation analysis,not_reported,higher response group,functional dyspepsia (FD)
30034336,arm_lower_response,lower response group,verum_acupuncture,Correlation between mPFC rsFC changes and clinical symptom improvement values in the lower response group,symptom_severity,not_reported,post-treatment change,narrative,no correlation between the mPFC rsFC and clinical symptom improvement values in the lower response group,49.0,not_reported,not_reported,not_reported,correlation analysis,not_reported,lower response group,functional dyspepsia (FD)
30105065,arm_acupuncture,Acupuncture run,verum_acupuncture,De-qi VAS index,sensory,10-point visual analogue scale (VAS); VAS index,After fMRI scanning (post-run),not_reported,not_reported,,not_reported,not_reported,not_reported,not_reported,not_reported,Subjects without sharp pain and without excessive motion,Healthy volunteers; no disease condition
30105065,arm_acupuncture,Acupuncture run,verum_acupuncture,Correlation of VAS index with number of activations/deactivations,sensory,VAS index,not_reported,p_value_only,No direct correlations shown between VAS index and number of activations or deactivations; all P > 0.05,,not_reported,not_reported,not_reported,correlation,all P > 0.05,not_reported,Healthy volunteers; no disease condition
30105065,arm_acupuncture,Acupuncture run,verum_acupuncture,Correlation of VAS index with AVER-WR-RV R-value,sensory,VAS index,not_reported,p_value_only,No direct correlations shown between VAS index and the 'AVER-WR-RV R-value'; all P > 0.05,,not_reported,not_reported,not_reported,correlation,all P > 0.05,not_reported,Healthy volunteers; no disease condition
30137262,arm_EA,electroacupuncture (EA),verum_acupuncture,widespread pain (number of body regions endorsed as painful),pain,"FM Survey Criteria Widespread Pain Index subscale (19 sites grouped into 7 regions: head, front, back, right arm, right leg, left arm, left leg)",pre-treatment,mean,pre = 5.37,19.0,not significant,not_reported,not_reported,paired-samples t-test,not significant (p not specified),fMRI subsample EA,Fibromyalgia (FM)
30137262,arm_EA,electroacupuncture (EA),verum_acupuncture,widespread pain (number of body regions endorsed as painful),pain,FM Survey Criteria Widespread Pain Index subscale (19 sites grouped into 7 regions),post-treatment,mean,post = 5.16,19.0,not significant,not_reported,not_reported,paired-samples t-test,not significant (p not specified),fMRI subsample EA,Fibromyalgia (FM)
30137262,arm_ML,mock laser (ML),sham_acupuncture,widespread pain (number of body regions endorsed as painful),pain,FM Survey Criteria Widespread Pain Index subscale (19 sites grouped into 7 regions),pre-treatment,mean,pre = 5.00,25.0,not significant,not_reported,not_reported,paired-samples t-test,not significant (p not specified),fMRI subsample ML,Fibromyalgia (FM)
30137262,arm_ML,mock laser (ML),sham_acupuncture,widespread pain (number of body regions endorsed as painful),pain,FM Survey Criteria Widespread Pain Index subscale (19 sites grouped into 7 regions),post-treatment,mean,post = 4.72,25.0,not significant,not_reported,not_reported,paired-samples t-test,not significant (p not specified),fMRI subsample ML,Fibromyalgia (FM)
30137262,arm_EA,electroacupuncture (EA),verum_acupuncture,Correlation between changes in PPTol and changes in widespread pain,pain,not_reported,post-treatment minus pre-treatment (change score),other,rho = -0.56,33.0,not_applicable,"z = -2.0, p = 0.04 (significantly stronger in EA vs ML)",rho = -0.56,Spearman correlation; Cocor for group comparison,p = 0.003,clinical sample EA (n=33),Fibromyalgia (FM)
30137262,arm_ML,mock laser (ML),sham_acupuncture,Correlation between changes in PPTol and changes in widespread pain,pain,not_reported,post-treatment minus pre-treatment (change score),other,rho = -0.01,37.0,not_applicable,"z = -2.0, p = 0.04 (significantly weaker in ML vs EA)",rho = -0.01,Spearman correlation; Cocor for group comparison,p = 0.944,clinical sample ML (n=37),Fibromyalgia (FM)
30137262,arm_EA,electroacupuncture (EA),verum_acupuncture,Correlation between changes in L S1 activation and changes in widespread pain (from scatter plot Fig. 3b),pain,not_reported,post-treatment minus pre-treatment (change score),other,EA: rho = -0.78,19.0,not_applicable,not_reported (shown in Fig. 3b),rho = -0.78 (EA); rho = 0.27 (ML),Spearman correlation,not_reported from text (from Fig. 3b),fMRI subsample,Fibromyalgia (FM)
30137262,arm_EA,electroacupuncture (EA),verum_acupuncture,Correlation between changes in R S1 activation and changes in widespread pain (from scatter plot Fig. 3b),pain,not_reported,post-treatment minus pre-treatment (change score),other,EA: rho = -0.67,19.0,not_applicable,not_reported (shown in Fig. 3b),rho = -0.67 (EA); rho = 0.37 (ML),Spearman correlation,not_reported from text (from Fig. 3b),fMRI subsample,Fibromyalgia (FM)
30137262,arm_EA,electroacupuncture (EA),verum_acupuncture,Correlation between changes in L cingulate (pMCC) activation and changes in widespread pain (from scatter plot Fig. 3b),pain,not_reported,post-treatment minus pre-treatment (change score),other,EA: rho = -0.72,19.0,not_applicable,not_reported (shown in Fig. 3b),rho = -0.72 (EA); rho = 0.32 (ML),Spearman correlation,not_reported from text (from Fig. 3b),fMRI subsample,Fibromyalgia (FM)
30137262,arm_EA,electroacupuncture (EA),verum_acupuncture,Correlation between changes in L precuneus activation and changes in widespread pain (from scatter plot Fig. 3b),pain,not_reported,post-treatment minus pre-treatment (change score),other,EA: rho = -0.85,19.0,not_applicable,not_reported (shown in Fig. 3b),rho = -0.85 (EA); rho = 0.56 (ML),Spearman correlation,not_reported from text (from Fig. 3b),fMRI subsample,Fibromyalgia (FM)
31176295,arm_acupuncture,Acupuncture manipulation,verum_acupuncture,Acupuncture behavioral deqi index,sensory,Massachusetts General Hospital Acupuncture Sensation Scale (MASS) / visual analog scale (VAS),Immediately after the experiment (post-stimulation behavioral testing),mean ± SEM,not_reported (see Figure 3),17.0,not_reported,"Acupuncture manipulation deqi index significantly larger than pre-manipulation tactile control (**p < 0.01, statistical power >0.95) and post-manipulation tactile control (**p < 0.01, statistical power >0.95); no significant difference between pre-manipulation tactile control and post-manipulation tactile control (n.s.)",not_reported,paired t-tests with FDR correction for multiple comparisons,**p < 0.01 (acupuncture vs. each tactile control); n.s. (pre-tactile vs. post-tactile),17 subjects (3 excluded due to poor fNIRS signal quality),Healthy volunteers
31636536,arm_ALBP,ALBP subjects,other,intensity of LBP before ACUP scan,pain,"10-point visual analog scale (0 = none, 1–3 = mild, 4–6 = moderate, 7–9 = strong, 10 = unbearable)",pretreatment (before ACUP functional scan),mean ± SD,5.40 (S.D. = 0.98),28.0,not_reported,not reported for pretreatment,not_reported,Wilcoxon signed-rank test,not_reported,ALBP subjects,Experimental acute low back pain (ALBP) induced by intramuscular hypertonic saline injection
31636536,arm_ALBP,ALBP subjects,other,intensity of LBP after ACUP scan,pain,"10-point visual analog scale (0 = none, 1–3 = mild, 4–6 = moderate, 7–9 = strong, 10 = unbearable)",posttreatment (after ACUP functional scan),mean ± SD,3.47 (S.D. = 0.75),28.0,not_reported,significant difference between ACUP and SHAM posttreatment pain (P = 0.043),not_reported,Wilcoxon signed-rank test,P = 0.043,ALBP subjects,Experimental acute low back pain (ALBP) induced by intramuscular hypertonic saline injection
31636536,arm_ALBP,ALBP subjects,other,intensity of LBP before SHAM scan,pain,"10-point visual analog scale (0 = none, 1–3 = mild, 4–6 = moderate, 7–9 = strong, 10 = unbearable)",pretreatment (before SHAM functional scan),mean ± SD,5.60 (S.D. = 1.24),28.0,not_reported,not reported for pretreatment,not_reported,Wilcoxon signed-rank test,not_reported,ALBP subjects,Experimental acute low back pain (ALBP) induced by intramuscular hypertonic saline injection
31636536,arm_ALBP,ALBP subjects,other,intensity of LBP after SHAM scan,pain,"10-point visual analog scale (0 = none, 1–3 = mild, 4–6 = moderate, 7–9 = strong, 10 = unbearable)",posttreatment (after SHAM functional scan),mean ± SD,4.51 (S.D. = 1.06),28.0,not_reported,significant difference between ACUP and SHAM posttreatment pain (P = 0.043),not_reported,Wilcoxon signed-rank test,P = 0.043,ALBP subjects,Experimental acute low back pain (ALBP) induced by intramuscular hypertonic saline injection
31964691,arm_FPI,female PI patients (FPIs),verum_acupuncture,Pittsburgh sleep quality index (PSQI) score,symptom_severity,Pittsburgh Sleep Quality Index (PSQI),baseline (PSQI-pre),mean ± SD,15.00 ± 3.07,18.0,not_reported,p = .494 (vs MPIs at baseline),not_reported,not_reported,.494,not_reported,Primary insomnia (PI)
31964691,arm_FPI,female PI patients (FPIs),verum_acupuncture,Pittsburgh sleep quality index (PSQI) score,symptom_severity,Pittsburgh Sleep Quality Index (PSQI),after 5-week EA treatment (PSQI-post),mean ± SD,6.33 ± 1.08,18.0,PSQI-decrease: 8.67 ± 2.66,p = .005 (vs MPIs post-treatment),not_reported,two-factorial ANOVA (within group); independent-sample t test (between group change),< .001 (comparing with PSQI-pre),not_reported,Primary insomnia (PI)
31964691,arm_MPI,male PI patients (MPIs),verum_acupuncture,Pittsburgh sleep quality index (PSQI) score,symptom_severity,Pittsburgh Sleep Quality Index (PSQI),baseline (PSQI-pre),mean ± SD,14.33 ± 1.56,12.0,not_reported,p = .494 (vs FPIs at baseline),not_reported,not_reported,.494,not_reported,Primary insomnia (PI)
31964691,arm_MPI,male PI patients (MPIs),verum_acupuncture,Pittsburgh sleep quality index (PSQI) score,symptom_severity,Pittsburgh Sleep Quality Index (PSQI),after 5-week EA treatment (PSQI-post),mean ± SD,7.58 ± 1.08,12.0,PSQI-decrease: 6.75 ± 0.87,p = .005 (vs FPIs post-treatment),not_reported,two-factorial ANOVA (within group); independent-sample t test (between group change),< .001 (comparing with PSQI-pre),not_reported,Primary insomnia (PI)
31964691,not_applicable,,,PSQI-decrease (the decrease between PSQI-pre and PSQI-post),symptom_severity,Pittsburgh Sleep Quality Index (PSQI),baseline to post-treatment change,mean ± SD,FPIs: 8.67 ± 2.66; MPIs: 6.75 ± 0.87,30.0,not_applicable,p = .023,not_reported,independent-sample t test,.023,not_reported,Primary insomnia (PI)
31964691,arm_FPI,female PI patients (FPIs),verum_acupuncture,Athens Insomnia Scale (AIS) score,symptom_severity,Athens Insomnia Scale (AIS),baseline (AIS-pre),mean ± SD,13.22 ± 3.66,18.0,not_reported,p = .286 (vs MPIs at baseline),not_reported,not_reported,.286,not_reported,Primary insomnia (PI)
31964691,arm_FPI,female PI patients (FPIs),verum_acupuncture,Athens Insomnia Scale (AIS) score,symptom_severity,Athens Insomnia Scale (AIS),after 5-week EA treatment (AIS-post),mean ± SD,2.22 ± 0.81,18.0,AIS-decrease: 11.00 ± 3.66,p = .362 (vs MPIs post-treatment),not_reported,two-factorial ANOVA (within group); independent-sample t test (between group change),< .001 (comparing with AIS-pre),not_reported,Primary insomnia (PI)
31964691,arm_MPI,male PI patients (MPIs),verum_acupuncture,Athens Insomnia Scale (AIS) score,symptom_severity,Athens Insomnia Scale (AIS),baseline (AIS-pre),mean ± SD,12.17 ± 1.53,12.0,not_reported,p = .286 (vs FPIs at baseline),not_reported,not_reported,.286,not_reported,Primary insomnia (PI)
31964691,arm_MPI,male PI patients (MPIs),verum_acupuncture,Athens Insomnia Scale (AIS) score,symptom_severity,Athens Insomnia Scale (AIS),after 5-week EA treatment (AIS-post),mean ± SD,2.50 ± 0.80,12.0,AIS-decrease: 9.67 ± 1.56,p = .362 (vs FPIs post-treatment),not_reported,two-factorial ANOVA (within group); independent-sample t test (between group change),< .001 (comparing with AIS-pre),not_reported,Primary insomnia (PI)
31964691,not_applicable,,,AIS-decrease (the decrease between AIS-pre and AIS-post),symptom_severity,Athens Insomnia Scale (AIS),baseline to post-treatment change,mean ± SD,FPIs: 11.00 ± 3.66; MPIs: 9.67 ± 1.56,30.0,not_applicable,p = .245,not_reported,independent-sample t test,.245,not_reported,Primary insomnia (PI)
31964691,arm_FPI,female PI patients (FPIs),verum_acupuncture,self-rating anxiety scale (SAS),mood,self-rating anxiety scale (SAS),baseline,mean ± SD,36.50 ± 1.98,18.0,not_reported,p = .136 (vs MPIs),not_reported,independent-sample t test,.136,not_reported,Primary insomnia (PI)
31964691,arm_MPI,male PI patients (MPIs),verum_acupuncture,self-rating anxiety scale (SAS),mood,self-rating anxiety scale (SAS),baseline,mean ± SD,37.67 ± 2.06,12.0,not_reported,p = .136 (vs FPIs),not_reported,independent-sample t test,.136,not_reported,Primary insomnia (PI)
31964691,arm_FPI,female PI patients (FPIs),verum_acupuncture,self-rating depression scale (SDS),mood,self-rating depression scale (SDS),baseline,mean ± SD,37.00 ± 2.45,18.0,not_reported,p = .140 (vs MPIs),not_reported,independent-sample t test,.140,not_reported,Primary insomnia (PI)
31964691,arm_MPI,male PI patients (MPIs),verum_acupuncture,self-rating depression scale (SDS),mood,self-rating depression scale (SDS),baseline,mean ± SD,38.17 ± 1.75,12.0,not_reported,p = .140 (vs FPIs),not_reported,independent-sample t test,.140,not_reported,Primary insomnia (PI)
31964691,arm_FPI,female PI patients (FPIs),verum_acupuncture,Age (years),other,not_reported,baseline,mean ± SD,52.88 ± 4.55,18.0,not_applicable,p = .022 (vs MPIs),not_reported,independent-sample t test,.022,not_reported,Primary insomnia (PI)
31964691,arm_MPI,male PI patients (MPIs),verum_acupuncture,Age (years),other,not_reported,baseline,mean ± SD,45.00 ± 12.70,12.0,not_applicable,p = .022 (vs FPIs),not_reported,independent-sample t test,.022,not_reported,Primary insomnia (PI)
32503194,not_applicable,,,MMSE score,cognition,Mini-Mental State Examination (MMSE),baseline (before study),mean ± SD,AD RA: 15.92±4.12; AD SA: 11.71±7.20; MCI RA: 25.38±1.30; MCI SA: 25.67±2.34; HC: 28.00±1.41,,not_reported,P <0.01,not_reported,one-way analysis of variance (ANOVA),<0.01,"AD patients, MCI patients, and HC",Alzheimer's disease (AD) and mild cognitive impairment (MCI)
32503194,not_applicable,,,AVLT score - immediate recall of learning verbal,cognition,Auditory Verbal Learning Test (AVLT) - immediate,baseline (before study),mean ± SD,AD RA: 11.36±3.95; AD SA: 7.00±5.69; MCI RA: 14.13±3.52; MCI SA: 22.50±3.02; HC: 26.86±5.25,,not_reported,P <0.01,not_reported,one-way analysis of variance (ANOVA),<0.01,"AD patients, MCI patients, and HC",Alzheimer's disease (AD) and mild cognitive impairment (MCI)
32503194,not_applicable,,,AVLT score - delayed recall of learning verbal,cognition,Auditory Verbal Learning Test (AVLT) - delayed,baseline (before study),mean ± SD,AD RA: 2.64±1.60; AD SA: 1.57±1.62; MCI RA: 4.38±1.60; MCI SA: 7.83±3.92; HC: 11.07±2.76,,not_reported,P <0.01,not_reported,one-way analysis of variance (ANOVA),<0.01,"AD patients, MCI patients, and HC",Alzheimer's disease (AD) and mild cognitive impairment (MCI)
32503194,not_applicable,,,AVLT score - recognition of learning verbal,cognition,Auditory Verbal Learning Test (AVLT) - recognition,baseline (before study),mean ± SD,AD RA: 3.36±1.55; AD SA: 4.14±3.34; MCI RA: 7.38±3.11; MCI SA: 9.17±3.19; HC: 12.71±2.09,,not_reported,P <0.01,not_reported,one-way analysis of variance (ANOVA),<0.01,"AD patients, MCI patients, and HC",Alzheimer's disease (AD) and mild cognitive impairment (MCI)
32503194,not_applicable,,,CDR,cognition,Clinical Dementia Rating (CDR),baseline (before study),other,AD RA: 1-2; AD SA: 1-2; MCI RA: 0.5; MCI SA: 0.5; HC: 0,,not_reported,P <0.01,not_reported,one-way analysis of variance (ANOVA),<0.01,"AD patients, MCI patients, and HC",Alzheimer's disease (AD) and mild cognitive impairment (MCI)
32503194,not_applicable,,,Age [years],other,not_reported,baseline,mean ± SD,AD RA: 66.93±8.91; AD SA: 71.29±4.75; MCI RA: 66.38±10.97; MCI SA: 67.83±6.01; HC: 66.07±5.78,,not_reported,P = 0.68,not_reported,one-way analysis of variance (ANOVA),0.68,"AD patients, MCI patients, and HC",Alzheimer's disease (AD) and mild cognitive impairment (MCI)
32503194,not_applicable,,,Education [years],other,not_reported,baseline,mean ± SD,AD RA: 10.07±3.38; AD SA: 8.86±6.69; MCI RA: 10.63±3.54; MCI SA: 11.00±3.16; HC: 11.00±4.52,,not_reported,P = 0.60,not_reported,one-way analysis of variance (ANOVA),0.60,"AD patients, MCI patients, and HC",Alzheimer's disease (AD) and mild cognitive impairment (MCI)
32682992,not_applicable,,,Spielberger State Anxiety Inventory - selected item: feeling calm,mood,Spielberger State Anxiety Inventory,post-imaging (after scanning session),mean,3.3,10.0,not_reported,not_reported,not_reported,not_reported,not_reported,not_reported,healthy individuals (no depression or psychiatric disorder)
32682992,not_applicable,,,Spielberger State Anxiety Inventory - selected item: secure,mood,Spielberger State Anxiety Inventory,post-imaging (after scanning session),mean,3.3,10.0,not_reported,not_reported,not_reported,not_reported,not_reported,not_reported,healthy individuals (no depression or psychiatric disorder)
32682992,not_applicable,,,Spielberger State Anxiety Inventory - selected item: relaxed,mood,Spielberger State Anxiety Inventory,post-imaging (after scanning session),mean,3.3,10.0,not_reported,not_reported,not_reported,not_reported,not_reported,not_reported,healthy individuals (no depression or psychiatric disorder)
32682992,not_applicable,,,Spielberger State Anxiety Inventory - selected item: nervous,mood,Spielberger State Anxiety Inventory,post-imaging (after scanning session),mean,1.4,10.0,not_reported,not_reported,not_reported,not_reported,not_reported,not_reported,healthy individuals (no depression or psychiatric disorder)
32682992,not_applicable,,,Spielberger State Anxiety Inventory - selected item: jittery,mood,Spielberger State Anxiety Inventory,post-imaging (after scanning session),mean,1.1,10.0,not_reported,not_reported,not_reported,not_reported,not_reported,not_reported,healthy individuals (no depression or psychiatric disorder)
32682992,not_applicable,,,Spielberger State Anxiety Inventory - selected item: worried,mood,Spielberger State Anxiety Inventory,post-imaging (after scanning session),mean,1.1,10.0,not_reported,not_reported,not_reported,not_reported,not_reported,not_reported,healthy individuals (no depression or psychiatric disorder)
32682992,not_applicable,,,Spielberger State Anxiety Inventory - selected item: overexcited and rattled,mood,Spielberger State Anxiety Inventory,post-imaging (after scanning session),mean,1.1,10.0,not_reported,not_reported,not_reported,not_reported,not_reported,not_reported,healthy individuals (no depression or psychiatric disorder)
32807158,arm_included_studies,Included acupuncture-neuroimaging studies (n=168),other,Average sample size per group across all included studies,other,not_reported,1995–2014,mean,15 participants per group,168.0,not_reported,not_reported,not_reported,not_reported,not_reported,all 168 included studies,"Multiple; includes healthy volunteers and patients with neurological, pain, psychosomatic, gastroenterological, pediatric, rheumatological, dermatological, and ophthalmological conditions"
32807158,arm_included_studies,Included acupuncture-neuroimaging studies (n=168),other,Average sample size per group for studies performed on patients,other,not_reported,1995–2014,mean,"16 participants per group; maximal 55, minimal 1",25.0,not_reported,not_reported,not_reported,not_reported,not_reported,studies performed on patients,"Multiple; includes healthy volunteers and patients with neurological, pain, psychosomatic, gastroenterological, pediatric, rheumatological, dermatological, and ophthalmological conditions"
32807158,arm_included_studies,Included acupuncture-neuroimaging studies (n=168),other,Average sample size per group for studies performed on healthy subjects,other,not_reported,1995–2014,mean,"14 per group; maximal 48, minimal 1",122.0,not_reported,not_reported,not_reported,not_reported,not_reported,studies performed on healthy subjects,"Multiple; includes healthy volunteers and patients with neurological, pain, psychosomatic, gastroenterological, pediatric, rheumatological, dermatological, and ophthalmological conditions"
32807158,arm_included_studies,Included acupuncture-neuroimaging studies (n=168),other,Number of studies performed on healthy subjects,other,not_reported,1995–2014,count,122 studies (72.78%),168.0,not_reported,not_reported,not_reported,not_reported,not_reported,all 168 included studies,"Multiple; includes healthy volunteers and patients with neurological, pain, psychosomatic, gastroenterological, pediatric, rheumatological, dermatological, and ophthalmological conditions"
32807158,arm_included_studies,Included acupuncture-neuroimaging studies (n=168),other,Number of studies performed on patients,other,not_reported,1995–2014,count,25 studies,168.0,not_reported,not_reported,not_reported,not_reported,not_reported,all 168 included studies,"Multiple; includes healthy volunteers and patients with neurological, pain, psychosomatic, gastroenterological, pediatric, rheumatological, dermatological, and ophthalmological conditions"
32807158,arm_included_studies,Included acupuncture-neuroimaging studies (n=168),other,Number of studies recruiting both healthy subjects and patients,other,not_reported,1995–2014,count,21 studies,168.0,not_reported,not_reported,not_reported,not_reported,not_reported,all 168 included studies,"Multiple; includes healthy volunteers and patients with neurological, pain, psychosomatic, gastroenterological, pediatric, rheumatological, dermatological, and ophthalmological conditions"
32807158,arm_included_studies,Included acupuncture-neuroimaging studies (n=168),other,Average age range of healthy subjects across included studies,other,not_reported,1995–2014,mean,average age range 18.3 years old; maximal age range 62; minimal age range 3,,not_reported,not_reported,not_reported,not_reported,not_reported,100 studies that described the age range of participants,"Multiple; includes healthy volunteers and patients with neurological, pain, psychosomatic, gastroenterological, pediatric, rheumatological, dermatological, and ophthalmological conditions"
32807158,arm_included_studies,Included acupuncture-neuroimaging studies (n=168),other,Average age range of patients across included studies,other,not_reported,1995–2014,mean,average age range 29 years old; maximal age range 57; minimal age range 6,,not_reported,not_reported,not_reported,not_reported,not_reported,100 studies that described the age range of participants,"Multiple; includes healthy volunteers and patients with neurological, pain, psychosomatic, gastroenterological, pediatric, rheumatological, dermatological, and ophthalmological conditions"
32807158,arm_included_studies,Included acupuncture-neuroimaging studies (n=168),other,Gender of participants reported,other,not_reported,1995–2014,count,159 studies described gender (56.7% male and 43.3% female); 9 studies did not mention gender,168.0,not_reported,not_reported,not_reported,not_reported,not_reported,all 168 included studies,"Multiple; includes healthy volunteers and patients with neurological, pain, psychosomatic, gastroenterological, pediatric, rheumatological, dermatological, and ophthalmological conditions"
32807158,arm_included_studies,Included acupuncture-neuroimaging studies (n=168),other,Studies that described and restricted the race of participants,other,not_reported,1995–2014,count,14 studies (8.33%),168.0,not_reported,not_reported,not_reported,not_reported,not_reported,all 168 included studies,"Multiple; includes healthy volunteers and patients with neurological, pain, psychosomatic, gastroenterological, pediatric, rheumatological, dermatological, and ophthalmological conditions"
32807158,arm_included_studies,Included acupuncture-neuroimaging studies (n=168),other,Studies that asked for right-hand participants in inclusion criteria,other,not_reported,1995–2014,count,136 studies,168.0,not_reported,not_reported,not_reported,not_reported,not_reported,all 168 included studies,"Multiple; includes healthy volunteers and patients with neurological, pain, psychosomatic, gastroenterological, pediatric, rheumatological, dermatological, and ophthalmological conditions"
32807158,arm_included_studies,Included acupuncture-neuroimaging studies (n=168),other,Studies performing psychological assessment on participants,mood,"SDS, SAS, BDI, STAI",1995–2014,count,4 studies; SDS and SAS used in 2 studies; BDI used in 1 study; STAI used in 1 study,168.0,not_reported,not_reported,not_reported,not_reported,not_reported,all 168 included studies,"Multiple; includes healthy volunteers and patients with neurological, pain, psychosomatic, gastroenterological, pediatric, rheumatological, dermatological, and ophthalmological conditions"
32807158,arm_included_studies,Included acupuncture-neuroimaging studies (n=168),other,Studies describing participants as acupuncture naive,other,not_reported,1995–2014,count,73 articles described participants as acupuncture naive; 81 articles total described acupuncture experience; 44.04% of studies had acupuncture naive participants,168.0,not_reported,not_reported,not_reported,not_reported,not_reported,all 168 included studies,"Multiple; includes healthy volunteers and patients with neurological, pain, psychosomatic, gastroenterological, pediatric, rheumatological, dermatological, and ophthalmological conditions"
32807158,arm_included_studies,Included acupuncture-neuroimaging studies (n=168),other,Studies that mentioned ethical review,other,not_reported,1995–2014,count,139 studies,168.0,not_reported,not_reported,not_reported,not_reported,not_reported,all 168 included studies,"Multiple; includes healthy volunteers and patients with neurological, pain, psychosomatic, gastroenterological, pediatric, rheumatological, dermatological, and ophthalmological conditions"
32807158,arm_included_studies,Included acupuncture-neuroimaging studies (n=168),other,Studies performed with the cooperation of more than two countries,other,not_reported,1995–2014,percentage,60 studies (63.7%),168.0,not_reported,not_reported,not_reported,not_reported,not_reported,all 168 included studies,"Multiple; includes healthy volunteers and patients with neurological, pain, psychosomatic, gastroenterological, pediatric, rheumatological, dermatological, and ophthalmological conditions"
32807158,arm_included_studies,Included acupuncture-neuroimaging studies (n=168),other,Proportion of studies using manual acupuncture as intervention method (1995–2014),other,not_reported,1995–2014,percentage,66.27% (111 studies),168.0,not_reported,not_reported,not_reported,not_reported,not_reported,all 168 included studies,"Multiple; includes healthy volunteers and patients with neurological, pain, psychosomatic, gastroenterological, pediatric, rheumatological, dermatological, and ophthalmological conditions"
32807158,arm_included_studies,Included acupuncture-neuroimaging studies (n=168),other,Proportion of studies using electroacupuncture as intervention method (1995–2014),other,not_reported,1995–2014,percentage,18.93% (32 studies),168.0,not_reported,not_reported,not_reported,not_reported,not_reported,all 168 included studies,"Multiple; includes healthy volunteers and patients with neurological, pain, psychosomatic, gastroenterological, pediatric, rheumatological, dermatological, and ophthalmological conditions"
32807158,arm_included_studies,Included acupuncture-neuroimaging studies (n=168),other,Studies that described manipulation procedure of acupuncture,other,not_reported,1995–2014,count,134 articles (79.88%),168.0,not_reported,not_reported,not_reported,not_reported,not_reported,all 168 included studies,"Multiple; includes healthy volunteers and patients with neurological, pain, psychosomatic, gastroenterological, pediatric, rheumatological, dermatological, and ophthalmological conditions"
32807158,arm_included_studies,Included acupuncture-neuroimaging studies (n=168),other,Studies that mentioned the qualification of acupuncturists,other,not_reported,1995–2014,count,99 articles (59.5%),168.0,not_reported,not_reported,not_reported,not_reported,not_reported,all 168 included studies,"Multiple; includes healthy volunteers and patients with neurological, pain, psychosomatic, gastroenterological, pediatric, rheumatological, dermatological, and ophthalmological conditions"
32807158,arm_included_studies,Included acupuncture-neuroimaging studies (n=168),other,Number of studies on Stroke,other,not_reported,1995–2014,count,12 studies,,not_reported,not_reported,not_reported,not_reported,not_reported,patient studies,"Multiple; includes healthy volunteers and patients with neurological, pain, psychosomatic, gastroenterological, pediatric, rheumatological, dermatological, and ophthalmological conditions"
32807158,arm_included_studies,Included acupuncture-neuroimaging studies (n=168),other,Number of studies on Alzheimer's disease,other,not_reported,1995–2014,count,2 studies,,not_reported,not_reported,not_reported,not_reported,not_reported,patient studies,"Multiple; includes healthy volunteers and patients with neurological, pain, psychosomatic, gastroenterological, pediatric, rheumatological, dermatological, and ophthalmological conditions"
32807158,arm_included_studies,Included acupuncture-neuroimaging studies (n=168),other,Number of studies on Bell's palsy,other,not_reported,1995–2014,count,2 studies,,not_reported,not_reported,not_reported,not_reported,not_reported,patient studies,"Multiple; includes healthy volunteers and patients with neurological, pain, psychosomatic, gastroenterological, pediatric, rheumatological, dermatological, and ophthalmological conditions"
32807158,arm_included_studies,Included acupuncture-neuroimaging studies (n=168),other,Number of studies on Mild cognitive impairment,other,not_reported,1995–2014,count,2 studies,,not_reported,not_reported,not_reported,not_reported,not_reported,patient studies,"Multiple; includes healthy volunteers and patients with neurological, pain, psychosomatic, gastroenterological, pediatric, rheumatological, dermatological, and ophthalmological conditions"
32807158,arm_included_studies,Included acupuncture-neuroimaging studies (n=168),other,Number of studies on Parkinson's disease,other,not_reported,1995–2014,count,2 studies,,not_reported,not_reported,not_reported,not_reported,not_reported,patient studies,"Multiple; includes healthy volunteers and patients with neurological, pain, psychosomatic, gastroenterological, pediatric, rheumatological, dermatological, and ophthalmological conditions"
32807158,arm_included_studies,Included acupuncture-neuroimaging studies (n=168),other,Number of studies on Vascular aphasia,other,not_reported,1995–2014,count,1 study,,not_reported,not_reported,not_reported,not_reported,not_reported,patient studies,"Multiple; includes healthy volunteers and patients with neurological, pain, psychosomatic, gastroenterological, pediatric, rheumatological, dermatological, and ophthalmological conditions"
32807158,arm_included_studies,Included acupuncture-neuroimaging studies (n=168),other,Number of studies on Carpal tunnel syndrome,other,not_reported,1995–2014,count,5 studies,,not_reported,not_reported,not_reported,not_reported,not_reported,patient studies,"Multiple; includes healthy volunteers and patients with neurological, pain, psychosomatic, gastroenterological, pediatric, rheumatological, dermatological, and ophthalmological conditions"
32807158,arm_included_studies,Included acupuncture-neuroimaging studies (n=168),other,Number of studies on Migraine,other,not_reported,1995–2014,count,2 studies,,not_reported,not_reported,not_reported,not_reported,not_reported,patient studies,"Multiple; includes healthy volunteers and patients with neurological, pain, psychosomatic, gastroenterological, pediatric, rheumatological, dermatological, and ophthalmological conditions"
32807158,arm_included_studies,Included acupuncture-neuroimaging studies (n=168),other,Number of studies on Chronic low back pain,other,not_reported,1995–2014,count,1 study,,not_reported,not_reported,not_reported,not_reported,not_reported,patient studies,"Multiple; includes healthy volunteers and patients with neurological, pain, psychosomatic, gastroenterological, pediatric, rheumatological, dermatological, and ophthalmological conditions"
32807158,arm_included_studies,Included acupuncture-neuroimaging studies (n=168),other,Number of studies on Fibromyalgia,other,not_reported,1995–2014,count,1 study,,not_reported,not_reported,not_reported,not_reported,not_reported,patient studies,"Multiple; includes healthy volunteers and patients with neurological, pain, psychosomatic, gastroenterological, pediatric, rheumatological, dermatological, and ophthalmological conditions"
32807158,arm_included_studies,Included acupuncture-neuroimaging studies (n=168),other,Number of studies on Chronic knee osteoarthritis pain,other,not_reported,1995–2014,count,1 study,,not_reported,not_reported,not_reported,not_reported,not_reported,patient studies,"Multiple; includes healthy volunteers and patients with neurological, pain, psychosomatic, gastroenterological, pediatric, rheumatological, dermatological, and ophthalmological conditions"
32807158,arm_included_studies,Included acupuncture-neuroimaging studies (n=168),other,Number of studies on Musculoskeletal disease,other,not_reported,1995–2014,count,1 study,,not_reported,not_reported,not_reported,not_reported,not_reported,patient studies,"Multiple; includes healthy volunteers and patients with neurological, pain, psychosomatic, gastroenterological, pediatric, rheumatological, dermatological, and ophthalmological conditions"
32807158,arm_included_studies,Included acupuncture-neuroimaging studies (n=168),other,Number of studies on Depression,other,not_reported,1995–2014,count,2 studies,,not_reported,not_reported,not_reported,not_reported,not_reported,patient studies,"Multiple; includes healthy volunteers and patients with neurological, pain, psychosomatic, gastroenterological, pediatric, rheumatological, dermatological, and ophthalmological conditions"
32807158,arm_included_studies,Included acupuncture-neuroimaging studies (n=168),other,Number of studies on Heavy smoker,other,not_reported,1995–2014,count,1 study,,not_reported,not_reported,not_reported,not_reported,not_reported,patient studies,"Multiple; includes healthy volunteers and patients with neurological, pain, psychosomatic, gastroenterological, pediatric, rheumatological, dermatological, and ophthalmological conditions"
32807158,arm_included_studies,Included acupuncture-neuroimaging studies (n=168),other,Number of studies on Heroin addicts,other,not_reported,1995–2014,count,1 study,,not_reported,not_reported,not_reported,not_reported,not_reported,patient studies,"Multiple; includes healthy volunteers and patients with neurological, pain, psychosomatic, gastroenterological, pediatric, rheumatological, dermatological, and ophthalmological conditions"
32807158,arm_included_studies,Included acupuncture-neuroimaging studies (n=168),other,Number of studies on Functional diarrhea,other,not_reported,1995–2014,count,1 study,,not_reported,not_reported,not_reported,not_reported,not_reported,patient studies,"Multiple; includes healthy volunteers and patients with neurological, pain, psychosomatic, gastroenterological, pediatric, rheumatological, dermatological, and ophthalmological conditions"
32807158,arm_included_studies,Included acupuncture-neuroimaging studies (n=168),other,Number of studies on Irritable bowel syndrome—diarrhea,other,not_reported,1995–2014,count,2 studies,,not_reported,not_reported,not_reported,not_reported,not_reported,patient studies,"Multiple; includes healthy volunteers and patients with neurological, pain, psychosomatic, gastroenterological, pediatric, rheumatological, dermatological, and ophthalmological conditions"
32807158,arm_included_studies,Included acupuncture-neuroimaging studies (n=168),other,Number of studies on Functional dyspepsia,other,not_reported,1995–2014,count,1 study,,not_reported,not_reported,not_reported,not_reported,not_reported,patient studies,"Multiple; includes healthy volunteers and patients with neurological, pain, psychosomatic, gastroenterological, pediatric, rheumatological, dermatological, and ophthalmological conditions"
32807158,arm_included_studies,Included acupuncture-neuroimaging studies (n=168),other,Number of studies on Childhood autism,other,not_reported,1995–2014,count,1 study,,not_reported,not_reported,not_reported,not_reported,not_reported,patient studies,"Multiple; includes healthy volunteers and patients with neurological, pain, psychosomatic, gastroenterological, pediatric, rheumatological, dermatological, and ophthalmological conditions"
32807158,arm_included_studies,Included acupuncture-neuroimaging studies (n=168),other,Number of studies on Children with visual disorder,other,not_reported,1995–2014,count,1 study,,not_reported,not_reported,not_reported,not_reported,not_reported,patient studies,"Multiple; includes healthy volunteers and patients with neurological, pain, psychosomatic, gastroenterological, pediatric, rheumatological, dermatological, and ophthalmological conditions"
32807158,arm_included_studies,Included acupuncture-neuroimaging studies (n=168),other,Number of studies on Children with a severe type of cerebral palsy,other,not_reported,1995–2014,count,1 study,,not_reported,not_reported,not_reported,not_reported,not_reported,patient studies,"Multiple; includes healthy volunteers and patients with neurological, pain, psychosomatic, gastroenterological, pediatric, rheumatological, dermatological, and ophthalmological conditions"
32807158,arm_included_studies,Included acupuncture-neuroimaging studies (n=168),other,Number of studies on Rheumatoid arthritis,other,not_reported,1995–2014,count,1 study,,not_reported,not_reported,not_reported,not_reported,not_reported,patient studies,"Multiple; includes healthy volunteers and patients with neurological, pain, psychosomatic, gastroenterological, pediatric, rheumatological, dermatological, and ophthalmological conditions"
32807158,arm_included_studies,Included acupuncture-neuroimaging studies (n=168),other,Number of studies on Atopic dermatitis,other,not_reported,1995–2014,count,1 study,,not_reported,not_reported,not_reported,not_reported,not_reported,patient studies,"Multiple; includes healthy volunteers and patients with neurological, pain, psychosomatic, gastroenterological, pediatric, rheumatological, dermatological, and ophthalmological conditions"
32807158,arm_included_studies,Included acupuncture-neuroimaging studies (n=168),other,Number of studies on Myopia,other,not_reported,1995–2014,count,1 study,,not_reported,not_reported,not_reported,not_reported,not_reported,patient studies,"Multiple; includes healthy volunteers and patients with neurological, pain, psychosomatic, gastroenterological, pediatric, rheumatological, dermatological, and ophthalmological conditions"
33013312,arm_RA and arm_SA combined,,,Pittsburgh Sleep Quality Index (PSQI) score,symptom_severity,Pittsburgh Sleep Quality Index (PSQI),baseline (week 0),mean ± SD,12.69(2.83),42.0,not_reported,not_reported,not_reported,not_reported,not_reported,CID patients (cross-sectional),Chronic insomnia disorder (CID)
33013312,arm_HC,healthy controls (HCs),healthy_control,Pittsburgh Sleep Quality Index (PSQI) score,symptom_severity,Pittsburgh Sleep Quality Index (PSQI),baseline,mean ± SD,3.78(2.21),23.0,not_reported,"CID vs. HCs: F/T/X2=13.04, p<0.001",not_reported,two-sample t-test,p<0.001,HCs (cross-sectional),Chronic insomnia disorder (CID)
33013312,arm_RA and arm_SA combined,,,Self-Rating Anxiety Scale (SAS) score,mood,Self-Rating Anxiety Scale (SAS),baseline (week 0),mean ± SD,39.12(8.55),42.0,not_reported,"CID vs. HCs: F/T/X2=5.80, p<0.001",not_reported,two-sample t-test,p<0.001,CID patients (cross-sectional),Chronic insomnia disorder (CID)
33013312,arm_HC,healthy controls (HCs),healthy_control,Self-Rating Anxiety Scale (SAS) score,mood,Self-Rating Anxiety Scale (SAS),baseline,mean ± SD,27.35(6.24),23.0,not_reported,not_reported,not_reported,not_reported,not_reported,HCs (cross-sectional),Chronic insomnia disorder (CID)
33013312,arm_RA and arm_SA combined,,,Self-Rating Depression Scale (SDS) score,mood,Self-Rating Depression Scale (SDS),baseline (week 0),mean ± SD,40.69(9.15),42.0,not_reported,"CID vs. HCs: F/T/X2=4.79, p<0.001",not_reported,two-sample t-test,p<0.001,CID patients (cross-sectional),Chronic insomnia disorder (CID)
33013312,arm_HC,healthy controls (HCs),healthy_control,Self-Rating Depression Scale (SDS) score,mood,Self-Rating Depression Scale (SDS),baseline,mean ± SD,29.70(6.91),23.0,not_reported,not_reported,not_reported,not_reported,not_reported,HCs (cross-sectional),Chronic insomnia disorder (CID)
33013312,arm_RA,real acupuncture (RA),verum_acupuncture,Pittsburgh Sleep Quality Index (PSQI) score,symptom_severity,Pittsburgh Sleep Quality Index (PSQI),baseline (week 0),mean ± SD,12.95(2.60),18.0,"significant reduction following four weeks of RA treatment (t=7.17, p<0.001)","PSQI_change: F/T/X2=2.69, p=0.01 (RA vs. SA)",not_reported,paired t-test (within group); 2-way ANOVA (between groups),within group: p<0.001; between group: p=0.01,RA group (longitudinal),Chronic insomnia disorder (CID)
33013312,arm_RA,real acupuncture (RA),verum_acupuncture,Pittsburgh Sleep Quality Index (PSQI) change score,symptom_severity,Pittsburgh Sleep Quality Index (PSQI),post-treatment (week 4) vs. baseline (week 0),mean ± SD,4.61(2.73),18.0,"t=7.17, p<0.001","PSQI_change RA vs. SA: F/T/X2=2.69, p=0.01",not_reported,paired t-test (within); 2-way ANOVA (between),p<0.001 (within); p=0.01 (between),RA group (longitudinal),Chronic insomnia disorder (CID)
33013312,arm_SA,sham acupuncture (SA),sham_acupuncture,Pittsburgh Sleep Quality Index (PSQI) score,symptom_severity,Pittsburgh Sleep Quality Index (PSQI),baseline (week 0),mean ± SD,12.43(3.09),19.0,no significant change (not reported numerically),"PSQI_change: F/T/X2=2.69, p=0.01 (RA vs. SA)",not_reported,paired t-test (within); 2-way ANOVA (between),within group: not significant,SA group (longitudinal),Chronic insomnia disorder (CID)
33013312,arm_SA,sham acupuncture (SA),sham_acupuncture,Pittsburgh Sleep Quality Index (PSQI) change score,symptom_severity,Pittsburgh Sleep Quality Index (PSQI),post-treatment (week 4) vs. baseline (week 0),mean ± SD,2.16(2.81),19.0,no significant change observed,"F/T/X2=2.69, p=0.01 (RA vs. SA)",not_reported,paired t-test (within); 2-way ANOVA (between),not significant (within SA group),SA group (longitudinal),Chronic insomnia disorder (CID)
33013312,arm_RA,real acupuncture (RA),verum_acupuncture,Self-Rating Depression Scale (SDS) change score,mood,Self-Rating Depression Scale (SDS),post-treatment (week 4) vs. baseline (week 0),mean ± SD,3.56(7.52),18.0,"significant reduction: t=2.27, p=0.03","F/T/X2=1.06, p=0.30 (RA vs. SA)",not_reported,paired t-test (within); 2-way ANOVA (between),p=0.03 (within RA); p=0.30 (between),RA group (longitudinal),Chronic insomnia disorder (CID)
33013312,arm_SA,sham acupuncture (SA),sham_acupuncture,Self-Rating Depression Scale (SDS) change score,mood,Self-Rating Depression Scale (SDS),post-treatment (week 4) vs. baseline (week 0),mean ± SD,0.89(7.77),19.0,not significant,"F/T/X2=1.06, p=0.30 (RA vs. SA)",not_reported,paired t-test (within); 2-way ANOVA (between),not significant (within SA group),SA group (longitudinal),Chronic insomnia disorder (CID)
33013312,arm_RA,real acupuncture (RA),verum_acupuncture,Gastrointestinal Symptom Rating Scale (GSRS) score,symptom_severity,Gastrointestinal Symptom Rating Scale (GSRS),baseline (week 0),mean ± SD,36.22(14.35),18.0,not_reported,"F/T/X2=0.19, p=0.85 (RA vs. SA baseline)",not_reported,not_reported,p=0.85,RA group (longitudinal),Chronic insomnia disorder (CID)
33013312,arm_SA,sham acupuncture (SA),sham_acupuncture,Gastrointestinal Symptom Rating Scale (GSRS) score,symptom_severity,Gastrointestinal Symptom Rating Scale (GSRS),baseline (week 0),mean ± SD,37.05(12.55),19.0,not_reported,"F/T/X2=0.19, p=0.85 (RA vs. SA baseline)",not_reported,not_reported,p=0.85,SA group (longitudinal),Chronic insomnia disorder (CID)
33013312,arm_RA,real acupuncture (RA),verum_acupuncture,Gastrointestinal Symptom Rating Scale (GSRS) change score,symptom_severity,Gastrointestinal Symptom Rating Scale (GSRS),post-treatment (week 4) vs. baseline (week 0),mean ± SD,6.50(10.45),18.0,not_reported,"F/T/X2=1.73, p=0.09 (RA vs. SA)",not_reported,2-way ANOVA,p=0.09,RA group (longitudinal),Chronic insomnia disorder (CID)
33013312,arm_SA,sham acupuncture (SA),sham_acupuncture,Gastrointestinal Symptom Rating Scale (GSRS) change score,symptom_severity,Gastrointestinal Symptom Rating Scale (GSRS),post-treatment (week 4) vs. baseline (week 0),mean ± SD,1.58(6.52),19.0,not_reported,"F/T/X2=1.73, p=0.09 (RA vs. SA)",not_reported,2-way ANOVA,p=0.09,SA group (longitudinal),Chronic insomnia disorder (CID)
33013312,arm_RA,real acupuncture (RA),verum_acupuncture,Self-Rating Anxiety Scale (SAS) change score,mood,Self-Rating Anxiety Scale (SAS),post-treatment (week 4) vs. baseline (week 0),mean ± SD,4.28(7.99),18.0,not_reported,"F/T/X2=0.22, p=0.82 (RA vs. SA)",not_reported,2-way ANOVA,p=0.82,RA group (longitudinal),Chronic insomnia disorder (CID)
33013312,arm_SA,sham acupuncture (SA),sham_acupuncture,Self-Rating Anxiety Scale (SAS) change score,mood,Self-Rating Anxiety Scale (SAS),post-treatment (week 4) vs. baseline (week 0),mean ± SD,3.68(8.32),19.0,not_reported,"F/T/X2=0.22, p=0.82 (RA vs. SA)",not_reported,2-way ANOVA,p=0.82,SA group (longitudinal),Chronic insomnia disorder (CID)
33381165,arm_patients,Numbness Patients,verum_acupuncture,Visual Analogue Scale (VAS) for numbness,symptom_severity,Visual Analogue Scale (VAS),Baseline,mean ± SD,4.38±0.71,23.0,not_reported,not_reported,not_reported,Paired-samples t-test (for comparison with post-treatment),P<0.01,"Numbness Patients (Baseline, n=23)",Ischemic stroke sequelae with unilateral limb numbness (somatosensory dysfunction)
33381165,arm_patients,Numbness Patients,verum_acupuncture,Visual Analogue Scale (VAS) for numbness,symptom_severity,Visual Analogue Scale (VAS),4th week,mean ± SD,1.42±1.41,23.0,decreased from 4.38±0.71 to 1.42±1.41,not_reported,not_reported,Paired-samples t-test,P<0.01,"Numbness Patients (4th Week, n=23)",Ischemic stroke sequelae with unilateral limb numbness (somatosensory dysfunction)
33381165,arm_patients,Numbness Patients,verum_acupuncture,Pearson correlation between t-values of ALFF in L_SMG and VAS score,sensory,VAS,not_reported,other,"r = -0.401, P=0.007",23.0,not_reported,not_reported,r = -0.401,Pearson correlation,P=0.007,Numbness patients group,Ischemic stroke sequelae with unilateral limb numbness (somatosensory dysfunction)
33381165,arm_patients,Numbness Patients,verum_acupuncture,Pearson correlation between t-values of ALFF in L_preCG and VAS score,sensory,VAS,not_reported,other,"r = -0.350, P=0.023",23.0,not_reported,not_reported,r = -0.350,Pearson correlation,P=0.023,Numbness patients group,Ischemic stroke sequelae with unilateral limb numbness (somatosensory dysfunction)
33381165,arm_patients,Numbness Patients,verum_acupuncture,Pearson correlation between t-values of ALFF in L_PHG and VAS score,sensory,VAS,not_reported,other,"r = -0.570, P=0.000",23.0,not_reported,not_reported,r = -0.570,Pearson correlation,P=0.000,Numbness patients group,Ischemic stroke sequelae with unilateral limb numbness (somatosensory dysfunction)
33381165,arm_patients,Numbness Patients,verum_acupuncture,Pearson correlation between t-values of ALFF in R_postCG and VAS score,sensory,VAS,not_reported,other,"r = -0.368, P=0.019",23.0,not_reported,not_reported,r = -0.368,Pearson correlation,P=0.019,Numbness patients group,Ischemic stroke sequelae with unilateral limb numbness (somatosensory dysfunction)
33381165,arm_patients,Numbness Patients,verum_acupuncture,Pearson correlation between z-values of FC between R_MTG and L_SMG and VAS score,sensory,VAS,not_reported,other,"r = -0.383, P=0.009",23.0,not_reported,not_reported,r = -0.383,Pearson correlation,P=0.009,Numbness patients group,Ischemic stroke sequelae with unilateral limb numbness (somatosensory dysfunction)
33381165,arm_patients,Numbness Patients,verum_acupuncture,Pearson correlation between z-values of FC between R_MFG and cerebellum vermis 9 and VAS score,sensory,VAS,not_reported,other,"r = -0.528, P=0.000",23.0,not_reported,not_reported,r = -0.528,Pearson correlation,P=0.000,Numbness patients group,Ischemic stroke sequelae with unilateral limb numbness (somatosensory dysfunction)
33551385,arm_ACU,ACU (acupuncture treatment),verum_acupuncture,Latency time in hot plate test (% of control),pain,Hot plate test,30 min after acupuncture needles were removed,mean ± SEM (% of control); figure only,not_reported (shown in Figure 1B),5.0,not_reported,"significantly increased vs CON (F4, 20=12.42, P<0.001) and vs N-ACU (F4, 20=12.42, P<0.001)",not_reported,"one-way ANOVA with Newman-Keuls post-hoc test; F4, 20=12.42",P<0.001 vs CON; P<0.001 vs N-ACU,not_reported,Normal mice (pain threshold and brain neural activity experiments); no disease model
33551385,arm_ACU_U,ACU+U (U0126 administration followed by acupuncture treatment),verum_acupuncture,Latency time in hot plate test (% of control),pain,Hot plate test,30 min after acupuncture needles were removed,mean ± SEM (% of control); figure only,not_reported (shown in Figure 1B),5.0,not_reported,"significantly blocked acupuncture effect; ACU+U significantly lower than ACU (F4, 20=12.42, P<0.001)",not_reported,"one-way ANOVA with Newman-Keuls post-hoc test; F4, 20=12.42",P<0.001 vs ACU,not_reported,Normal mice (pain threshold and brain neural activity experiments); no disease model
33551385,arm_NACU,N-ACU (acupuncture treatment at non-acupoint on the hips),sham_acupuncture,Latency time in hot plate test (% of control),pain,Hot plate test,30 min after acupuncture needles were removed,mean ± SEM (% of control); figure only,not_reported (shown in Figure 1B),5.0,not_reported,"significantly lower than ACU (F4, 20=12.42, P<0.001)",not_reported,"one-way ANOVA with Newman-Keuls post-hoc test; F4, 20=12.42",P<0.001 vs ACU,not_reported,Normal mice (pain threshold and brain neural activity experiments); no disease model
33551385,arm_ACU,ACU (acupuncture treatment),verum_acupuncture,p-ERK/t-ERK ratio in skin tissue,physiological,Western blot (p-ERK),5 min after acupuncture treatment,mean ± SEM; figure only,not_reported (shown in Supplementary Fig. 1A),3.0,not_reported,"significantly increased vs CON (F4,10=20.04, P<0.05); decreased from 10 min later",not_reported,"one-way ANOVA; F4,10=20.04",P<0.05 vs CON,not_reported,Normal mice (pain threshold and brain neural activity experiments); no disease model
33551385,arm_ACU,ACU (acupuncture treatment),verum_acupuncture,p-HSP27/t-HSP27 ratio in skin tissue,physiological,Western blot (p-HSP27),5 min after acupuncture treatment,mean ± SEM; figure only,not_reported (shown in Supplementary Fig. 1B),3.0,not_reported,"increased vs CON (F4,10=3.107, P=0.1394); decreased from 10 min later",not_reported,"one-way ANOVA; F4,10=3.107",P=0.1394,not_reported,Normal mice (pain threshold and brain neural activity experiments); no disease model
33551385,arm_ACU,ACU (acupuncture treatment),verum_acupuncture,PRDX1 expression in skin tissue,physiological,Western blot (PRDX1),5 min after acupuncture treatment,mean ± SEM; figure only,not_reported (shown in Supplementary Fig. 1C),3.0,not_reported,"decreased vs CON (F4,10=0.8736, P=0.5513); gradually restored",not_reported,"one-way ANOVA; F4,10=0.8736",P=0.5513,not_reported,Normal mice (pain threshold and brain neural activity experiments); no disease model
33551385,arm_ACU_U,ACU+U (U0126 administration followed by acupuncture treatment),verum_acupuncture,p-ERK/t-ERK ratio in skin tissue after U0126 administration before acupuncture,physiological,Western blot (p-ERK),5 min after acupuncture treatment,mean ± SEM; figure only (Figure 1D),not_reported (shown in Figure 1D),3.0,not_reported,"significantly inhibited vs ACU (F4, 10=13.20, P<0.001)",not_reported,"one-way ANOVA; F4, 10=13.20",P<0.001 vs ACU,not_reported,Normal mice (pain threshold and brain neural activity experiments); no disease model
33551385,arm_ACU_U,ACU+U (U0126 administration followed by acupuncture treatment),verum_acupuncture,p-HSP27/t-HSP27 ratio in skin tissue after U0126 administration before acupuncture,physiological,Western blot (p-HSP27),5 min after acupuncture treatment,mean ± SEM; figure only (Figure 1E),not_reported (shown in Figure 1E),3.0,not_reported,"significantly inhibited vs ACU (F4, 10=5.027, P<0.05)",not_reported,"one-way ANOVA; F4, 10=5.027",P<0.05 vs ACU,not_reported,Normal mice (pain threshold and brain neural activity experiments); no disease model
33551385,arm_ACU_C,ACU+C (CPZ administration followed by acupuncture treatment),verum_acupuncture,p-HSP27/t-HSP27 ratio in skin tissue after CPZ administration before acupuncture,physiological,Western blot (p-HSP27),5 min after acupuncture treatment,mean ± SEM; figure only (Figure 1E),not_reported (shown in Figure 1E),3.0,not_reported,"significantly inhibited vs ACU (F4, 10=5.027, P<0.05)",not_reported,"one-way ANOVA; F4, 10=5.027",P<0.05 vs ACU,not_reported,Normal mice (pain threshold and brain neural activity experiments); no disease model
33551385,arm_ACU_D,ACU+D (DPCPX administration followed by acupuncture treatment),verum_acupuncture,p-HSP27/t-HSP27 ratio in skin tissue after DPCPX administration before acupuncture,physiological,Western blot (p-HSP27),5 min after acupuncture treatment,mean ± SEM; figure only (Figure 1E),not_reported (shown in Figure 1E),3.0,not_reported,"inhibited vs ACU (F4, 10=5.027, P=0.0545)",not_reported,"one-way ANOVA; F4, 10=5.027",P=0.0545 vs ACU,not_reported,Normal mice (pain threshold and brain neural activity experiments); no disease model
33560579,arm_pms_eas,PMS patients receiving EAS at SP6,verum_acupuncture,Age,other,not_reported,baseline,mean ± SD,21.85 ± 1.72,20.0,not_reported,not_reported,not_reported,not_reported,not_reported,PMS patients,premenstrual syndrome (PMS)
33560579,arm_pms_eas,PMS patients receiving EAS at SP6,verum_acupuncture,BMI,physiological,body mass index,baseline,mean ± SD,18.60 ± 1.71,20.0,not_reported,not_reported,not_reported,not_reported,not_reported,PMS patients,premenstrual syndrome (PMS)
33560579,arm_pms_eas,PMS patients receiving EAS at SP6,verum_acupuncture,"DRSP, follicular",symptom_severity,Daily Record of Severity of Problems (DRSP),baseline (follicular phase),mean ± SD,39.16 ± 4.15,20.0,not_reported,not_reported,not_reported,not_reported,not_reported,PMS patients,premenstrual syndrome (PMS)
33560579,arm_pms_eas,PMS patients receiving EAS at SP6,verum_acupuncture,"DRSP, luteal",symptom_severity,Daily Record of Severity of Problems (DRSP),baseline (luteal phase),mean ± SD,73.47 ± 7.84,20.0,not_reported,not_reported,not_reported,not_reported,not_reported,PMS patients,premenstrual syndrome (PMS)
33560579,arm_pms_eas,PMS patients receiving EAS at SP6,verum_acupuncture,∆DRSP (difference between follicular and luteal phases),symptom_severity,Daily Record of Severity of Problems (DRSP),baseline,mean ± SD,34.31 ± 3.69,20.0,not_reported,not_reported,not_reported,not_reported,not_reported,PMS patients,premenstrual syndrome (PMS)
33560579,arm_pms_eas,PMS patients receiving EAS at SP6,verum_acupuncture,Menophania (years),physiological,not_reported,baseline,mean ± SD,13.75 ± 1.44,20.0,not_reported,not_reported,not_reported,not_reported,not_reported,PMS patients,premenstrual syndrome (PMS)
33560579,arm_pms_eas,PMS patients receiving EAS at SP6,verum_acupuncture,Length of menstrual cycle (days),physiological,not_reported,baseline,mean ± SD,29.95 ± 1.76,20.0,not_reported,not_reported,not_reported,not_reported,not_reported,PMS patients,premenstrual syndrome (PMS)
33560579,arm_pms_eas,PMS patients receiving EAS at SP6,verum_acupuncture,Menstruation (days),physiological,not_reported,baseline,mean ± SD,5.60 ± 1.09,20.0,not_reported,not_reported,not_reported,not_reported,not_reported,PMS patients,premenstrual syndrome (PMS)
34108856,arm_01,"Healthy subjects with regular sleep (within-subject, all conditions)",verum_acupuncture,Pittsburgh Sleep Quality Index (PSQI) score,symptom_severity,Pittsburgh Sleep Quality Index,Baseline (screening),narrative,score < 5 (inclusion criterion),30.0,not_reported,not_reported,not_reported,not_reported,not_reported,not_reported,Acute sleep deprivation (24 h total SD)
34108856,arm_01,"Healthy subjects with regular sleep (within-subject, all conditions)",verum_acupuncture,Horne-Ostberg Morningness-Eveningness Questionnaire,other,Horne-Ostberg Morningness-Eveningness Questionnaire,Baseline (screening),narrative,not extreme morning or evening types (inclusion criterion),30.0,not_reported,not_reported,not_reported,not_reported,not_reported,not_reported,Acute sleep deprivation (24 h total SD)
34292206,arm_stroke,right-hemispheric subcortical stroke patients,verum_acupuncture,National Institute of Health Stroke Scale (NHISS),symptom_severity,NIHSS,at enrollment (baseline),mean ± SD,5.50 ± 3.12,20.0,not_reported,not_reported,not_reported,not_reported,not_reported,20 right-hemispheric subcortical stroke patients,Right-hemispheric subcortical ischemic stroke with left motor hemiparesis
34292206,arm_stroke,right-hemispheric subcortical stroke patients,verum_acupuncture,Fugl-Meyer Assessment-upper limbs (FMA-U),function,FMA-U,at enrollment (baseline),mean ± SD,33.20 ± 18.71,20.0,not_reported,not_reported,not_reported,not_reported,not_reported,20 right-hemispheric subcortical stroke patients,Right-hemispheric subcortical ischemic stroke with left motor hemiparesis
34292206,arm_stroke,right-hemispheric subcortical stroke patients,verum_acupuncture,Fugl-Meyer Assessment-lower limbs (FMA-L),function,FMA-L,at enrollment (baseline),mean ± SD,23.30 ± 7.94,20.0,not_reported,not_reported,not_reported,not_reported,not_reported,20 right-hemispheric subcortical stroke patients,Right-hemispheric subcortical ischemic stroke with left motor hemiparesis
34292206,not_applicable,,,Age comparison between stroke patients and healthy subjects,other,not_reported,at enrollment,mean ± SD,stroke: 61.32 ± 8.53 years; healthy: 58.86 ± 8.53 years,40.0,not_reported,no significant differences in age,not_reported,not_reported,p = 0.286,20 stroke patients and 20 healthy subjects,Right-hemispheric subcortical ischemic stroke with left motor hemiparesis
34292206,not_applicable,,,Sex comparison between stroke patients and healthy subjects,other,not_reported,at enrollment,count,stroke: 13 males; healthy: 10 males,40.0,not_reported,no significant differences in sex,not_reported,not_reported,p = 0.337,20 stroke patients and 20 healthy subjects,Right-hemispheric subcortical ischemic stroke with left motor hemiparesis
34292206,arm_stroke,right-hemispheric subcortical stroke patients,verum_acupuncture,Duration from stroke onset to MRI scan,other,not_reported,at enrollment,mean ± SD,51.65 ± 36.77 days,20.0,not_reported,not_reported,not_reported,not_reported,not_reported,20 right-hemispheric subcortical stroke patients,Right-hemispheric subcortical ischemic stroke with left motor hemiparesis
34671239,healthy_subjects,healthy subjects,healthy_control,clinical effects of acupuncture,other,not_applicable,not_applicable,narrative,Our study was not aimed at evaluating clinical effects of acupuncture.,,not_applicable,not_applicable,not_applicable,not_applicable,not_applicable,not_applicable,not_applicable
34777225,arm_acupuncture,acupuncture group,verum_acupuncture,VAS,pain,visual analog scale (VAS),before treatment (baseline),mean ± SD,5.30±1.45,20.0,not_reported,not_reported,not_reported,not_reported,not_reported,not_reported,knee osteoarthritis (KOA)
34777225,arm_tDCS,tDCS group,active_control,VAS,pain,visual analog scale (VAS),before treatment (baseline),mean ± SD,5.50±1.10,20.0,not_reported,not_reported,not_reported,not_reported,not_reported,not_reported,knee osteoarthritis (KOA)
34777225,arm_combined,combined acupuncture and tDCS group,other,VAS,pain,visual analog scale (VAS),before treatment (baseline),mean ± SD,5.30±1.22,20.0,not_reported,not_reported,not_reported,not_reported,not_reported,not_reported,knee osteoarthritis (KOA)
34777225,arm_combined,combined acupuncture and tDCS group,other,VAS,pain,visual analog scale (VAS),after two weeks of treatment,not_reported,not_reported,20.0,"significantly lower than baseline (t=11.63, P<0.001)","significantly lower than acupuncture group (F=4.672, P=0.004) and tDCS group (F=4.266, P=0.009)",not_reported,paired t-test for within-group; F-test (two-way repeated measures ANOVA with LSD pairwise) for between-group,within-group: P<0.001; vs acupuncture: P=0.004; vs tDCS: P=0.009,not_reported,knee osteoarthritis (KOA)
34777225,arm_acupuncture,acupuncture group,verum_acupuncture,VAS,pain,visual analog scale (VAS),after two weeks of treatment,not_reported,not_reported,20.0,"significantly lower than baseline (t=8.33, P<0.001)",not_reported,not_reported,paired t-test,P<0.001,not_reported,knee osteoarthritis (KOA)
34777225,arm_tDCS,tDCS group,active_control,VAS,pain,visual analog scale (VAS),after two weeks of treatment,not_reported,not_reported,20.0,"significantly lower than baseline (t=9.19, P<0.001)",not_reported,not_reported,paired t-test,P<0.001,not_reported,knee osteoarthritis (KOA)
34777225,arm_acupuncture,acupuncture group,verum_acupuncture,WOMAC,function,Western Ontario and McMaster Universities Osteoarthritis Index (WOMAC),before treatment (baseline),mean ± SD,31.95±6.80,20.0,not_reported,not_reported,not_reported,not_reported,not_reported,not_reported,knee osteoarthritis (KOA)
34777225,arm_tDCS,tDCS group,active_control,WOMAC,function,Western Ontario and McMaster Universities Osteoarthritis Index (WOMAC),before treatment (baseline),mean ± SD,34.40±5.64,20.0,not_reported,not_reported,not_reported,not_reported,not_reported,not_reported,knee osteoarthritis (KOA)
34777225,arm_combined,combined acupuncture and tDCS group,other,WOMAC,function,Western Ontario and McMaster Universities Osteoarthritis Index (WOMAC),before treatment (baseline),mean ± SD,32.45±8.96,20.0,not_reported,not_reported,not_reported,not_reported,not_reported,not_reported,knee osteoarthritis (KOA)
34777225,arm_combined,combined acupuncture and tDCS group,other,WOMAC,function,Western Ontario and McMaster Universities Osteoarthritis Index (WOMAC),after two weeks of treatment,not_reported,not_reported,20.0,"significantly lower than baseline (t=15.70, P<0.001)","significantly lower than acupuncture group (F=2.456, P=0.031) and tDCS group (F=3.284, P=0.004)",not_reported,paired t-test for within-group; F-test (two-way repeated measures ANOVA with LSD pairwise) for between-group,within-group: P<0.001; vs acupuncture: P=0.031; vs tDCS: P=0.004,not_reported,knee osteoarthritis (KOA)
34777225,arm_acupuncture,acupuncture group,verum_acupuncture,WOMAC,function,Western Ontario and McMaster Universities Osteoarthritis Index (WOMAC),after two weeks of treatment,not_reported,not_reported,20.0,"significantly lower than baseline (t=12.96, P<0.001)",not_reported,not_reported,paired t-test,P<0.001,not_reported,knee osteoarthritis (KOA)
34777225,arm_tDCS,tDCS group,active_control,WOMAC,function,Western Ontario and McMaster Universities Osteoarthritis Index (WOMAC),after two weeks of treatment,not_reported,not_reported,20.0,"significantly lower than baseline (t=13.53, P<0.001)",not_reported,not_reported,paired t-test,P<0.001,not_reported,knee osteoarthritis (KOA)
34777225,arm_acupuncture,acupuncture group,verum_acupuncture,Lequesne index,symptom_severity,Lequesne index,before treatment (baseline),mean ± SD,11.60±3.83,20.0,not_reported,not_reported,not_reported,not_reported,not_reported,not_reported,knee osteoarthritis (KOA)
34777225,arm_tDCS,tDCS group,active_control,Lequesne index,symptom_severity,Lequesne index,before treatment (baseline),mean ± SD,12.53±3.48,20.0,not_reported,not_reported,not_reported,not_reported,not_reported,not_reported,knee osteoarthritis (KOA)
34777225,arm_combined,combined acupuncture and tDCS group,other,Lequesne index,symptom_severity,Lequesne index,before treatment (baseline),mean ± SD,13.88±4.42,20.0,not_reported,not_reported,not_reported,not_reported,not_reported,not_reported,knee osteoarthritis (KOA)
34777225,arm_combined,combined acupuncture and tDCS group,other,Lequesne index,symptom_severity,Lequesne index,after two weeks of treatment,not_reported,not_reported,20.0,"significantly lower than baseline (t=10.11, P<0.001)",no significant difference compared to acupuncture group and tDCS group (P>0.05),not_reported,paired t-test for within-group; two-way repeated measures ANOVA with LSD pairwise for between-group,within-group: P<0.001; between-group: P>0.05,not_reported,knee osteoarthritis (KOA)
34777225,arm_acupuncture,acupuncture group,verum_acupuncture,Lequesne index,symptom_severity,Lequesne index,after two weeks of treatment,not_reported,not_reported,20.0,"significantly lower than baseline (t=7.650, P<0.001)",not_reported,not_reported,paired t-test,P<0.001,not_reported,knee osteoarthritis (KOA)
34777225,arm_tDCS,tDCS group,active_control,Lequesne index,symptom_severity,Lequesne index,after two weeks of treatment,not_reported,not_reported,20.0,"significantly lower than baseline (t=7.270, P<0.001)",not_reported,not_reported,paired t-test,P<0.001,not_reported,knee osteoarthritis (KOA)
34813773,arm_CTS_baseline,CTS patients at baseline,verum_acupuncture,Boston CTS questionnaire; nerve conduction studies; grip strength,symptom_severity,Boston CTS questionnaire; nerve conduction studies; grip strength,before and after 5 weeks of acupuncture treatment,narrative,"demonstrated improvement in subjective (Boston CTS questionnaire) as well as objective (nerve conduction studies, grip strength) measures",,improvement in subjective and objective measures,not_reported,not_reported,not_reported,not_reported,CTS patients,Carpal Tunnel Syndrome (CTS)
34813773,arm_CTS_baseline,CTS patients at baseline,verum_acupuncture,separation of somatotopic representations of digits 2 and 3 in contralateral SI (inter-digit separation distance),physiological,fMRI-derived somatotopic separation distance (mm),baseline,other,range approximately 0-9mm based on Figure 6 x-axis,10.0,not_reported,not_reported in this paper; described as marker of maladaptive cortical plasticity in CTS patients (Napadow et al. 2006a),not_reported,not_reported,not_reported,CTS patients at baseline,Carpal Tunnel Syndrome (CTS)
35115998,arm_KOA,patients with KOA,verum_acupuncture,VAS score (pain intensity),pain,Visual Analog Scale (VAS),pre-acupuncture,other,detailed information presented in Supplementary Table 1,15.0,not_reported,not_reported,not_reported,not_reported,not_reported,patients with KOA,Knee osteoarthritis (KOA) with chronic pain
35115998,arm_KOA,patients with KOA,verum_acupuncture,VAS score (pain intensity),pain,Visual Analog Scale (VAS),post-acupuncture,other,detailed information presented in Supplementary Table 1,15.0,not_reported,not_reported,not_reported,not_reported,not_reported,patients with KOA,Knee osteoarthritis (KOA) with chronic pain
35115998,arm_KOA,patients with KOA,verum_acupuncture,Correlation between post-acupuncture FC values between dorsal RPN and right putamen and VAS scores,pain,Visual Analog Scale (VAS),post-acupuncture,other,R=0.42,15.0,not_reported,not_reported,not_reported,partial correlation (factoring out age and sex),not_reported,patients with KOA,Knee osteoarthritis (KOA) with chronic pain
35312785,arm_MWoA,MWoA,verum_acupuncture,NRS (numerical rating scale) – maximum headache during the week,pain,Numerical Rating Scale (NRS),Baseline (before EA-C2-PNfS),median (range) and mean ± SD,Median 7 (range: 4–10); Mean ± SD 6.9 ± 1.9,11.0,not_reported,not_reported,not_reported,Wilcoxon signed-rank test,0.019,MWoA,"Migraine (migraine without aura [MWoA], migraine with aura [MWA], chronic migraine [CM])"
35312785,arm_MWoA,MWoA,verum_acupuncture,NRS (numerical rating scale) – maximum headache during the week,pain,Numerical Rating Scale (NRS),After 3 months therapy (EA-C2-PNfS),median (range) and mean ± SD,Median 4 (range: 1–10); Mean ± SD 4.2 ± 2.6,11.0,not_reported,not_reported,not_reported,Wilcoxon signed-rank test,0.019,MWoA,"Migraine (migraine without aura [MWoA], migraine with aura [MWA], chronic migraine [CM])"
35312785,arm_MWoA,MWoA,verum_acupuncture,HIT-6 (Headache Impact Test),function,Headache Impact Test (HIT-6),Baseline (before EA-C2-PNfS),median (range) and mean ± SD,Median 61 (range: 49–74); Mean ± SD 61.7 ± 6.5,11.0,not_reported,not_reported,not_reported,Wilcoxon signed-rank test,0.168,MWoA,"Migraine (migraine without aura [MWoA], migraine with aura [MWA], chronic migraine [CM])"
35312785,arm_MWoA,MWoA,verum_acupuncture,HIT-6 (Headache Impact Test),function,Headache Impact Test (HIT-6),After 3 months therapy (EA-C2-PNfS),median (range) and mean ± SD,Median 58 (range: 48–76); Mean ± SD 58.9 ± 8.2,11.0,not_reported,not_reported,not_reported,Wilcoxon signed-rank test,0.168,MWoA,"Migraine (migraine without aura [MWoA], migraine with aura [MWA], chronic migraine [CM])"
35312785,arm_MWoA,MWoA,verum_acupuncture,SDS (Self-Rating Depression Scale),mood,Self-Rating Depression Scale (SDS),Baseline (before EA-C2-PNfS),median (range) and mean ± SD,Median 46.0 (range: 31–58); Mean ± SD 45.6 ± 9.6,11.0,not_reported,not_reported,not_reported,Wilcoxon signed-rank test,0.028,MWoA,"Migraine (migraine without aura [MWoA], migraine with aura [MWA], chronic migraine [CM])"
35312785,arm_MWoA,MWoA,verum_acupuncture,SDS (Self-Rating Depression Scale),mood,Self-Rating Depression Scale (SDS),After 3 months therapy (EA-C2-PNfS),median (range) and mean ± SD,Median 45 (range: 29–54); Mean ± SD 42.2 ± 8.8,11.0,not_reported,not_reported,not_reported,Wilcoxon signed-rank test,0.028,MWoA,"Migraine (migraine without aura [MWoA], migraine with aura [MWA], chronic migraine [CM])"
35312785,arm_CM,CM,verum_acupuncture,NRS (numerical rating scale),pain,Numerical Rating Scale (NRS),Baseline (before EA-C2-PNfS),median (range) and mean ± SD,Median 7.5 (range: 5–9); Mean ± SD 7.3 ± 1.4,6.0,not_reported,not_reported,not_reported,Wilcoxon signed-rank test,0.078,CM,"Migraine (migraine without aura [MWoA], migraine with aura [MWA], chronic migraine [CM])"
35312785,arm_CM,CM,verum_acupuncture,NRS (numerical rating scale),pain,Numerical Rating Scale (NRS),After 3 months therapy (EA-C2-PNfS),median (range) and mean ± SD,Median 6 (range: 0–9); Mean ± SD 4.8 ± 3.6,6.0,not_reported,not_reported,not_reported,Wilcoxon signed-rank test,0.078,CM,"Migraine (migraine without aura [MWoA], migraine with aura [MWA], chronic migraine [CM])"
35312785,arm_CM,CM,verum_acupuncture,HIT-6 (Headache Impact Test),function,Headache Impact Test (HIT-6),Baseline (before EA-C2-PNfS),median (range) and mean ± SD,Median 64 (range: 60–74); Mean ± SD 65.7 ± 5.3,6.0,not_reported,not_reported,not_reported,Wilcoxon signed-rank test,0.293,CM,"Migraine (migraine without aura [MWoA], migraine with aura [MWA], chronic migraine [CM])"
35312785,arm_CM,CM,verum_acupuncture,HIT-6 (Headache Impact Test),function,Headache Impact Test (HIT-6),After 3 months therapy (EA-C2-PNfS),median (range) and mean ± SD,Median 65 (range: 42–70); Mean ± SD 61.3 ± 10.0,6.0,not_reported,not_reported,not_reported,Wilcoxon signed-rank test,0.293,CM,"Migraine (migraine without aura [MWoA], migraine with aura [MWA], chronic migraine [CM])"
35312785,arm_CM,CM,verum_acupuncture,SDS (Self-Rating Depression Scale),mood,Self-Rating Depression Scale (SDS),Baseline (before EA-C2-PNfS),median (range) and mean ± SD,Median 39.5 (range: 37–59); Mean ± SD 43.0 ± 8.6,6.0,not_reported,not_reported,not_reported,Wilcoxon signed-rank test,0.172,CM,"Migraine (migraine without aura [MWoA], migraine with aura [MWA], chronic migraine [CM])"
35312785,arm_CM,CM,verum_acupuncture,SDS (Self-Rating Depression Scale),mood,Self-Rating Depression Scale (SDS),After 3 months therapy (EA-C2-PNfS),median (range) and mean ± SD,Median 39.5 (range: 27–48); Mean ± SD 39.0 ± 7.0,6.0,not_reported,not_reported,not_reported,Wilcoxon signed-rank test,0.172,CM,"Migraine (migraine without aura [MWoA], migraine with aura [MWA], chronic migraine [CM])"
35312785,not_applicable,,,Responder rate (NRS decreased by more than 50% relative to baseline),responder,Numerical Rating Scale (NRS),After 3 months therapy,count,8 patients were responders,20.0,not_reported,not_reported,not_reported,not_reported,not_reported,All migraine patients (n=20),"Migraine (migraine without aura [MWoA], migraine with aura [MWA], chronic migraine [CM])"
35312785,not_applicable,,,SDS > 50 points,mood,Self-Rating Depression Scale (SDS),Before EA-C2-PNfS,count,6 patients had SDS > 50 points,20.0,not_reported,not_reported,not_reported,not_reported,not_reported,All migraine patients (n=20),"Migraine (migraine without aura [MWoA], migraine with aura [MWA], chronic migraine [CM])"
35312785,not_applicable,,,Number of severe headache days per month,symptom_severity,Headache diary,1 month before EA-C2-PNfS vs after 3 months,median (range),Median (range) 1 (0–7) before; 1 (0–2) after,10.0,did not significantly improve,not_reported,not_reported,not_reported,not_reported,"10 of 20 patients who completed diaries (MWA n=2, MWoA n=4, CM n=4)","Migraine (migraine without aura [MWoA], migraine with aura [MWA], chronic migraine [CM])"
35312785,not_applicable,,,Number of moderate/mild headache days per month,symptom_severity,Headache diary,1 month before EA-C2-PNfS vs after 3 months,median (range),Median (range) 9.5 (0–20) before; 12.5 (1–20) after,10.0,did not change significantly,not_reported,not_reported,not_reported,not_reported,10 of 20 patients who completed diaries,"Migraine (migraine without aura [MWoA], migraine with aura [MWA], chronic migraine [CM])"
35312785,not_applicable,,,Number of acute medication days per month,medication_use,Headache diary,1 month before EA-C2-PNfS vs after 3 months,median (range),Median (range) 12.25 (1–24) before; 15.5 (0–24) after,10.0,no significant change,not_reported,not_reported,not_reported,not_reported,10 of 20 patients who completed diaries,"Migraine (migraine without aura [MWoA], migraine with aura [MWA], chronic migraine [CM])"
35585920,arm_A,group A (CV12 group),verum_acupuncture,SID score,symptom_severity,Symptom Index of Dyspepsia (SID),baseline,mean ± SD,3.89 ± 1.41,18.0,not_reported,not_reported,not_reported,not_reported,not_reported,not_reported,functional dyspepsia (FD)
35585920,arm_A,group A (CV12 group),verum_acupuncture,SID score,symptom_severity,Symptom Index of Dyspepsia (SID),end of treatment,mean ± SD,1.94 ± 0.54,18.0,−1.94 ± 1.47,"F = 1.416, p = 0.243",not_reported,Wilcoxon signed-rank test (Z = −3.573),p = 0.000,not_reported,functional dyspepsia (FD)
35585920,arm_B,group B (ST36 group),verum_acupuncture,SID score,symptom_severity,Symptom Index of Dyspepsia (SID),baseline,mean ± SD,3.80 ± 1.42,15.0,not_reported,not_reported,not_reported,not_reported,not_reported,not_reported,functional dyspepsia (FD)
35585920,arm_B,group B (ST36 group),verum_acupuncture,SID score,symptom_severity,Symptom Index of Dyspepsia (SID),end of treatment,mean ± SD,1.20 ± 1.08,15.0,−2.60 ± 1.45,"F = 1.416, p = 0.243",not_reported,Wilcoxon signed-rank test (Z = −3.427),p = 0.001,not_reported,functional dyspepsia (FD)
35585920,arm_A,group A (CV12 group),verum_acupuncture,NDLQI score,quality_of_life,Nepean Dyspepsia Life Quality Index (NDLQI),baseline,mean ± SD,77.58 ± 8.41,18.0,not_reported,not_reported,not_reported,not_reported,not_reported,not_reported,functional dyspepsia (FD)
35585920,arm_A,group A (CV12 group),verum_acupuncture,NDLQI score,quality_of_life,Nepean Dyspepsia Life Quality Index (NDLQI),end of treatment,mean ± SD,89.93 ± 5.81,18.0,12.35 ± 8.32,"F = 1.224, p = 0.277",not_reported,Wilcoxon signed-rank test (Z = −3.636),p = 0.000,not_reported,functional dyspepsia (FD)
35585920,arm_B,group B (ST36 group),verum_acupuncture,NDLQI score,quality_of_life,Nepean Dyspepsia Life Quality Index (NDLQI),baseline,mean ± SD,74.60 ± 11.43,15.0,not_reported,not_reported,not_reported,not_reported,not_reported,not_reported,functional dyspepsia (FD)
35585920,arm_B,group B (ST36 group),verum_acupuncture,NDLQI score,quality_of_life,Nepean Dyspepsia Life Quality Index (NDLQI),end of treatment,mean ± SD,88.88 ± 11.56,15.0,14.28 ± 8.47,"F = 1.224, p = 0.277",not_reported,Wilcoxon signed-rank test (Z = −3.408),p = 0.001,not_reported,functional dyspepsia (FD)
35585920,arm_A,group A (CV12 group),verum_acupuncture,NDSI score,symptom_severity,Nepean Dyspepsia Symptom Index (NDSI),baseline,mean ± SD,45.67 ± 17.27,18.0,not_reported,not_reported,not_reported,not_reported,not_reported,not_reported,functional dyspepsia (FD)
35585920,arm_A,group A (CV12 group),verum_acupuncture,NDSI score,symptom_severity,Nepean Dyspepsia Symptom Index (NDSI),end of treatment,mean ± SD,20.17 ± 10.14,18.0,−25.50 ± 13.87,"F = 0.988, p = 0.328",not_reported,Wilcoxon signed-rank test (Z = −3.724),p = 0.000,not_reported,functional dyspepsia (FD)
35585920,arm_B,group B (ST36 group),verum_acupuncture,NDSI score,symptom_severity,Nepean Dyspepsia Symptom Index (NDSI),baseline,mean ± SD,41.93 ± 14.07,15.0,not_reported,not_reported,not_reported,not_reported,not_reported,not_reported,functional dyspepsia (FD)
35585920,arm_B,group B (ST36 group),verum_acupuncture,NDSI score,symptom_severity,Nepean Dyspepsia Symptom Index (NDSI),end of treatment,mean ± SD,14.00 ± 14.48,15.0,−27.93 ± 14.92,"F = 0.988, p = 0.328",not_reported,Wilcoxon signed-rank test (Z = −3.352),p = 0.001,not_reported,functional dyspepsia (FD)
35585920,arm_A,group A (CV12 group),verum_acupuncture,SAS score,mood,Self-Rating Anxiety Scale (SAS),baseline,mean ± SD,40.32 ± 7.68,18.0,not_reported,not_reported,not_reported,not_reported,not_reported,not_reported,functional dyspepsia (FD)
35585920,arm_A,group A (CV12 group),verum_acupuncture,SAS score,mood,Self-Rating Anxiety Scale (SAS),end of treatment,mean ± SD,34.72 ± 7.13,18.0,−5.60 ± 9.86,"F = 0.894, p = 0.352",not_reported,Wilcoxon signed-rank test (Z = −2.329),p = 0.020,not_reported,functional dyspepsia (FD)
35585920,arm_B,group B (ST36 group),verum_acupuncture,SAS score,mood,Self-Rating Anxiety Scale (SAS),baseline,mean ± SD,43.67 ± 9.77,15.0,not_reported,not_reported,not_reported,not_reported,not_reported,not_reported,functional dyspepsia (FD)
35585920,arm_B,group B (ST36 group),verum_acupuncture,SAS score,mood,Self-Rating Anxiety Scale (SAS),end of treatment,mean ± SD,34.00 ± 8.77,15.0,−9.67 ± 6.28,"F = 0.894, p = 0.352",not_reported,Wilcoxon signed-rank test (Z = −3.297),p = 0.001,not_reported,functional dyspepsia (FD)
35585920,arm_A,group A (CV12 group),verum_acupuncture,SDS score,mood,Self-Rating Depression Scale (SDS),baseline,mean ± SD,41.90 ± 9.11,18.0,not_reported,not_reported,not_reported,not_reported,not_reported,not_reported,functional dyspepsia (FD)
35585920,arm_A,group A (CV12 group),verum_acupuncture,SDS score,mood,Self-Rating Depression Scale (SDS),end of treatment,mean ± SD,36.04 ± 8.43,18.0,−5.86 ± 10.58,"F = 0.349, p = 0.559",not_reported,Wilcoxon signed-rank test (Z = −2.509),p = 0.012,not_reported,functional dyspepsia (FD)
35585920,arm_B,group B (ST36 group),verum_acupuncture,SDS score,mood,Self-Rating Depression Scale (SDS),baseline,mean ± SD,45.18 ± 10.29,15.0,not_reported,not_reported,not_reported,not_reported,not_reported,not_reported,functional dyspepsia (FD)
35585920,arm_B,group B (ST36 group),verum_acupuncture,SDS score,mood,Self-Rating Depression Scale (SDS),end of treatment,mean ± SD,34.67 ± 8.67,15.0,−10.52 ± 9.13,"F = 0.349, p = 0.559",not_reported,Wilcoxon signed-rank test (Z = −3.109),p = 0.002,not_reported,functional dyspepsia (FD)
35585920,not_applicable,,,Correlation between ALFF change in left postcentral gyrus and improvement of SID scores,symptom_severity,Symptom Index of Dyspepsia (SID),post-treatment change,other,"r = 0.358, p = 0.041",33.0,not_reported,not_reported,r = 0.358,Pearson's correlation analysis with age and gender as covariates (uncorrected),p = 0.041,all FD patients (both groups combined),functional dyspepsia (FD)
36067612,not_applicable,,,"itch intensity, arm, entire measurement",symptom_severity,numerical rating scale (0–10),entire measurement,p_value_only,not_reported,20.0,not_reported,"significantly lower in acupuncture than placebo, p < 0.001",not_reported,two-way ANOVA,p < 0.001,all 20 participants,experimentally induced histamine itch in healthy volunteers
36067612,not_applicable,,,"itch intensity, foot, entire measurement",symptom_severity,numerical rating scale (0–10),entire measurement,p_value_only,not_reported,20.0,not_reported,"significantly lower in acupuncture than placebo, p < 0.001",not_reported,two-way ANOVA,p < 0.001,all 20 participants,experimentally induced histamine itch in healthy volunteers
36067612,arm_acupuncture,acupuncture,verum_acupuncture,"time above scratch threshold, arm",symptom_severity,not_reported,post histamine stimulus,mean (95% CI),"21.7 (95% CI, 5.1–38.3)",20.0,not_reported,"significantly lower than placebo (71.4 [95% CI, 31.5–111.2]), p = 0.002",not_reported,not_reported,p = 0.002,not_reported,experimentally induced histamine itch in healthy volunteers
36067612,arm_placebo,placebo,sham_acupuncture,"time above scratch threshold, arm",symptom_severity,not_reported,post histamine stimulus,mean (95% CI),"71.4 (95% CI, 31.5–111.2)",20.0,not_reported,"significantly higher than acupuncture, p = 0.002",not_reported,not_reported,p = 0.002,not_reported,experimentally induced histamine itch in healthy volunteers
36067612,arm_acupuncture,acupuncture,verum_acupuncture,"time above scratch threshold, foot",symptom_severity,not_reported,post histamine stimulus,mean (95% CI),"29.3 (95% CI, 4.6–53.9)",20.0,not_reported,"significantly lower than placebo (74.3 [95% CI, 33.3–115.3]), p = 0.008",not_reported,not_reported,p = 0.008,not_reported,experimentally induced histamine itch in healthy volunteers
36067612,arm_placebo,placebo,sham_acupuncture,"time above scratch threshold, foot",symptom_severity,not_reported,post histamine stimulus,mean (95% CI),"74.3 (95% CI, 33.3–115.3)",20.0,not_reported,"significantly higher than acupuncture, p = 0.008",not_reported,not_reported,p = 0.008,not_reported,experimentally induced histamine itch in healthy volunteers
36067612,arm_acupuncture,acupuncture,verum_acupuncture,"area under the rating curve above the scratch threshold, arm",symptom_severity,not_reported,post histamine stimulus,mean (95% CI),"94.2 (95% CI, -0.3 to 188.6)",20.0,not_reported,"significantly lower than placebo (568.3 [95% CI, 155.7–980.9]), p = 0.001",not_reported,not_reported,p = 0.001,not_reported,experimentally induced histamine itch in healthy volunteers
36067612,arm_placebo,placebo,sham_acupuncture,"area under the rating curve above the scratch threshold, arm",symptom_severity,not_reported,post histamine stimulus,mean (95% CI),"568.3 (95% CI, 155.7–980.9)",20.0,not_reported,"significantly higher than acupuncture, p = 0.001",not_reported,not_reported,p = 0.001,not_reported,experimentally induced histamine itch in healthy volunteers
36067612,arm_acupuncture,acupuncture,verum_acupuncture,"area under the rating curve above the scratch threshold, foot",symptom_severity,not_reported,post histamine stimulus,mean (95% CI),"178.1 (95% CI, -64.3 to 420.5)",20.0,not_reported,"significantly lower than placebo (473.7 [95% CI, 193.2–754.2]), p = 0.008",not_reported,not_reported,p = 0.008,not_reported,experimentally induced histamine itch in healthy volunteers
36067612,arm_placebo,placebo,sham_acupuncture,"area under the rating curve above the scratch threshold, foot",symptom_severity,not_reported,post histamine stimulus,mean (95% CI),"473.7 (95% CI, 193.2–754.2)",20.0,not_reported,"significantly higher than acupuncture, p = 0.008",not_reported,not_reported,p = 0.008,not_reported,experimentally induced histamine itch in healthy volunteers
36067612,arm_acupuncture,acupuncture,verum_acupuncture,mean skin blood perfusion,physiological,"laser Doppler perfusion imaging (PIM3 system); perfusion units (PU,%)",H1 (0–5 min after histamine stimulus),mean (95% CI),"323.3 (95% CI, 221.1–425.5)",20.0,not_reported,"lower in acupuncture vs. placebo, p = 0.049",not_reported,paired sample t-test,p = 0.049,not_reported,experimentally induced histamine itch in healthy volunteers
36067612,arm_placebo,placebo,sham_acupuncture,mean skin blood perfusion,physiological,"laser Doppler perfusion imaging (PIM3 system); perfusion units (PU,%)",H1 (0–5 min after histamine stimulus),mean (95% CI),"427.9 (95% CI, 283.6–572.1)",20.0,not_reported,"higher than acupuncture, p = 0.049",not_reported,paired sample t-test,p = 0.049,not_reported,experimentally induced histamine itch in healthy volunteers
36067612,arm_acupuncture,acupuncture,verum_acupuncture,mean skin blood perfusion,physiological,"laser Doppler perfusion imaging (PIM3 system); perfusion units (PU,%)",H2 (5–10 min after histamine stimulus),mean (95% CI),"391.5 (95% CI, 223.8–559.2)",20.0,not_reported,"lower in acupuncture vs. placebo, p = 0.021",not_reported,paired sample t-test,p = 0.021,not_reported,experimentally induced histamine itch in healthy volunteers
36067612,arm_placebo,placebo,sham_acupuncture,mean skin blood perfusion,physiological,"laser Doppler perfusion imaging (PIM3 system); perfusion units (PU,%)",H2 (5–10 min after histamine stimulus),mean (95% CI),"587.1 (95% CI, 419.7–754.4)",20.0,not_reported,"higher than acupuncture, p = 0.021",not_reported,paired sample t-test,p = 0.021,not_reported,experimentally induced histamine itch in healthy volunteers
36067612,arm_acupuncture,acupuncture,verum_acupuncture,mean skin blood perfusion,physiological,"laser Doppler perfusion imaging (PIM3 system); perfusion units (PU,%)",H3 (10–15 min after histamine stimulus),mean (95% CI),"310.2 (95% CI, 166.9–453.6)",20.0,not_reported,"lower in acupuncture vs. placebo, p = 0.011",not_reported,paired sample t-test,p = 0.011,not_reported,experimentally induced histamine itch in healthy volunteers
36067612,arm_placebo,placebo,sham_acupuncture,mean skin blood perfusion,physiological,"laser Doppler perfusion imaging (PIM3 system); perfusion units (PU,%)",H3 (10–15 min after histamine stimulus),mean (95% CI),"455.2 (95% CI, 318.6–591.8)",20.0,not_reported,"higher than acupuncture, p = 0.011",not_reported,paired sample t-test,p = 0.011,not_reported,experimentally induced histamine itch in healthy volunteers
36067612,arm_acupuncture,acupuncture,verum_acupuncture,mean skin blood perfusion,physiological,"laser Doppler perfusion imaging (PIM3 system); perfusion units (PU,%)",H4 (15–20 min after histamine stimulus),not_reported,not_reported,20.0,not_reported,"lower in acupuncture vs. placebo, p = 0.022",not_reported,paired sample t-test,p = 0.022,not_reported,experimentally induced histamine itch in healthy volunteers
36067612,arm_acupuncture,acupuncture,verum_acupuncture,maximum skin blood perfusion,physiological,"laser Doppler perfusion imaging (PIM3 system); perfusion units (PU,%)",during study,mean (95% CI),"642.8 (95% CI, 436.0–849.7)",20.0,not_reported,"significantly lower than placebo (840.6 [95% CI, 631.4–1050.0]), p = 0.036",not_reported,not_reported,p = 0.036,not_reported,experimentally induced histamine itch in healthy volunteers
36067612,arm_placebo,placebo,sham_acupuncture,maximum skin blood perfusion,physiological,"laser Doppler perfusion imaging (PIM3 system); perfusion units (PU,%)",during study,mean (95% CI),"840.6 (95% CI, 631.4–1050.0)",20.0,not_reported,"significantly higher than acupuncture, p = 0.036",not_reported,not_reported,p = 0.036,not_reported,experimentally induced histamine itch in healthy volunteers
36067612,not_applicable,,,correlation of maximum itch intensity and skin blood perfusion,physiological,not_reported,not_reported,other,"r = 0.36, p = 0.02",,not_reported,not_reported,r = 0.36,Pearson's correlation,p = 0.02,not_reported,experimentally induced histamine itch in healthy volunteers
36067612,not_applicable,,,normalized high frequency (HF norm),physiological,heart rate variability (HRV),not_reported (overall comparison),narrative,no significant change between acupuncture and placebo conditions,20.0,Participants in the acupuncture condition experienced increased HF norm from baseline at H1,no significant change on normalized high frequency (HF norm) between acupuncture and placebo,not_reported,not_reported,not_reported,not_reported,experimentally induced histamine itch in healthy volunteers
36067612,not_applicable,,,normalized low frequency (LF norm),physiological,heart rate variability (HRV),not_reported,narrative,no significant change between acupuncture and placebo conditions,20.0,Participants in the acupuncture condition experienced decreased LF norm from baseline at H1,no significant change on normalized low frequency (LF norm) between acupuncture and placebo,not_reported,not_reported,not_reported,not_reported,experimentally induced histamine itch in healthy volunteers
36067612,not_applicable,,,LF/HF ratio,physiological,heart rate variability (HRV),not_reported,narrative,no significant change between acupuncture and placebo conditions,20.0,Participants in the acupuncture condition experienced decreased LF/HF ratio from baseline at H1,no significant change on LF/HF ratio between acupuncture and placebo,not_reported,not_reported,not_reported,not_reported,experimentally induced histamine itch in healthy volunteers
36067612,arm_responder,responder,other,HF norm (change from baseline),physiological,heart rate variability (HRV),A1 (0–5 min after acupuncture),mean (95% CI),"32.9 (95% CI, 3.0–62.9)",10.0,not_reported,"significantly higher in responders vs. non-responders (-1.0 [95% CI, -11.7 to 9.8]), p = 0.009",not_reported,independent sample t-test,p = 0.009,acupuncture condition,experimentally induced histamine itch in healthy volunteers
36067612,arm_nonresponder,non-responder,other,HF norm (change from baseline),physiological,heart rate variability (HRV),A1 (0–5 min after acupuncture),mean (95% CI),"-1.0 (95% CI, -11.7 to 9.8)",10.0,not_reported,"significantly lower than responders, p = 0.009",not_reported,independent sample t-test,p = 0.009,acupuncture condition,experimentally induced histamine itch in healthy volunteers
36067612,arm_responder,responder,other,HF norm (change from baseline),physiological,heart rate variability (HRV),A2 (5–10 min after acupuncture),mean (95% CI),"49.5 (95% CI, 8.7–90.3)",10.0,not_reported,"significantly higher in responders vs. non-responders (0.8 [95% CI, -10.9 to 12.5]), p = 0.035",not_reported,independent sample t-test,p = 0.035,acupuncture condition,experimentally induced histamine itch in healthy volunteers
36067612,arm_nonresponder,non-responder,other,HF norm (change from baseline),physiological,heart rate variability (HRV),A2 (5–10 min after acupuncture),mean (95% CI),"0.8 (95% CI, -10.9 to 12.5)",10.0,not_reported,"significantly lower than responders, p = 0.035",not_reported,independent sample t-test,p = 0.035,acupuncture condition,experimentally induced histamine itch in healthy volunteers
36067612,arm_responder,responder,other,HF norm (change from baseline),physiological,heart rate variability (HRV),H1 (0–5 min after histamine stimulus),mean (95% CI),"81.2 (95% CI, -22.6 to 184.9)",10.0,not_reported,"significantly higher in responders vs. non-responders (-9.9 [95% CI, -17.2 to 2.6]), p = 0.007",not_reported,independent sample t-test,p = 0.007,acupuncture condition,experimentally induced histamine itch in healthy volunteers
36067612,arm_nonresponder,non-responder,other,HF norm (change from baseline),physiological,heart rate variability (HRV),H1 (0–5 min after histamine stimulus),mean (95% CI),"-9.9 (95% CI, -17.2 to 2.6)",10.0,not_reported,"significantly lower than responders, p = 0.007",not_reported,independent sample t-test,p = 0.007,acupuncture condition,experimentally induced histamine itch in healthy volunteers
36067612,arm_responder,responder,other,HF norm (change from baseline),physiological,heart rate variability (HRV),H3 (10–15 min after histamine stimulus),mean (95% CI),"34.9 (95% CI, -24.8 to 94.7)",10.0,not_reported,"significantly higher in responders vs. non-responders (-22.1 [95% CI, -34.7 to 9.5]), p = 0.029",not_reported,independent sample t-test,p = 0.029,acupuncture condition,experimentally induced histamine itch in healthy volunteers
36067612,arm_nonresponder,non-responder,other,HF norm (change from baseline),physiological,heart rate variability (HRV),H3 (10–15 min after histamine stimulus),mean (95% CI),"-22.1 (95% CI, -34.7 to 9.5)",10.0,not_reported,"significantly lower than responders, p = 0.029",not_reported,independent sample t-test,p = 0.029,acupuncture condition,experimentally induced histamine itch in healthy volunteers
36067612,arm_responder,responder,other,LF norm (change from baseline),physiological,heart rate variability (HRV),A1 (0–5 min after acupuncture),mean (95% CI),"-16.18 (95% CI, -25.3 to 7.1)",10.0,not_reported,"significantly lower in responders vs. non-responders (7.1 [95% CI, -12.1 to 26.3]), p = 0.028",not_reported,independent sample t-test,p = 0.028,acupuncture condition,experimentally induced histamine itch in healthy volunteers
36067612,arm_nonresponder,non-responder,other,LF norm (change from baseline),physiological,heart rate variability (HRV),A1 (0–5 min after acupuncture),mean (95% CI),"7.1 (95% CI, -12.1 to 26.3)",10.0,not_reported,"significantly higher than responders, p = 0.028",not_reported,independent sample t-test,p = 0.028,acupuncture condition,experimentally induced histamine itch in healthy volunteers
36067612,arm_responder,responder,other,LF norm (change from baseline),physiological,heart rate variability (HRV),H1 (0–5 min after histamine stimulus),mean (95% CI),"-12.4 (95% CI, -27.7 to 2.9)",10.0,not_reported,"significantly lower in responders vs. non-responders (13.8 [95% CI, -2.7 to 30.2]), p = 0.015",not_reported,independent sample t-test,p = 0.015,acupuncture condition,experimentally induced histamine itch in healthy volunteers
36067612,arm_nonresponder,non-responder,other,LF norm (change from baseline),physiological,heart rate variability (HRV),H1 (0–5 min after histamine stimulus),mean (95% CI),"13.8 (95% CI, -2.7 to 30.2)",10.0,not_reported,"significantly higher than responders, p = 0.015",not_reported,independent sample t-test,p = 0.015,acupuncture condition,experimentally induced histamine itch in healthy volunteers
36067612,arm_responder,responder,other,LF norm (change from baseline),physiological,heart rate variability (HRV),H3 (10–15 min after histamine stimulus),mean (95% CI),"5.8 (95% CI, -16.4 to 28.0)",10.0,not_reported,"significantly lower in responders vs. non-responders (42.9 [95% CI, 10.1–75.7]), p = 0.023",not_reported,independent sample t-test,p = 0.023,acupuncture condition,experimentally induced histamine itch in healthy volunteers
36067612,arm_nonresponder,non-responder,other,LF norm (change from baseline),physiological,heart rate variability (HRV),H3 (10–15 min after histamine stimulus),mean (95% CI),"42.9 (95% CI, 10.1–75.7)",10.0,not_reported,"significantly higher than responders, p = 0.023",not_reported,independent sample t-test,p = 0.023,acupuncture condition,experimentally induced histamine itch in healthy volunteers
36067612,arm_responder,responder,other,LF/HF ratio (change from baseline),physiological,heart rate variability (HRV),A1 (0–5 min after acupuncture),mean (95% CI),"-31.8 (95% CI, -46.9 to 16.7)",10.0,not_reported,"significantly lower in responders vs. non-responders (22.8 [95% CI, -19.9 to 65.5]), p = 0.019",not_reported,independent sample t-test,p = 0.019,acupuncture condition,experimentally induced histamine itch in healthy volunteers
36067612,arm_nonresponder,non-responder,other,LF/HF ratio (change from baseline),physiological,heart rate variability (HRV),A1 (0–5 min after acupuncture),mean (95% CI),"22.8 (95% CI, -19.9 to 65.5)",10.0,not_reported,"significantly higher than responders, p = 0.019",not_reported,independent sample t-test,p = 0.019,acupuncture condition,experimentally induced histamine itch in healthy volunteers
36067612,arm_responder,responder,other,LF/HF ratio (change from baseline),physiological,heart rate variability (HRV),H1 (0–5 min after histamine stimulus),mean (95% CI),"-29.0 (95% CI, -58.1 to 0.0)",10.0,not_reported,"significantly lower in responders vs. non-responders (29.3 [95% CI, 2.9–55.8]), p = 0.003",not_reported,independent sample t-test,p = 0.003,acupuncture condition,experimentally induced histamine itch in healthy volunteers
36067612,arm_nonresponder,non-responder,other,LF/HF ratio (change from baseline),physiological,heart rate variability (HRV),H1 (0–5 min after histamine stimulus),mean (95% CI),"29.3 (95% CI, 2.9–55.8)",10.0,not_reported,"significantly higher than responders, p = 0.003",not_reported,independent sample t-test,p = 0.003,acupuncture condition,experimentally induced histamine itch in healthy volunteers
36067612,arm_responder,responder,other,LF/HF ratio (change from baseline),physiological,heart rate variability (HRV),H3 (10–15 min after histamine stimulus),mean (95% CI),"11.2 (95% CI, -49.9 to 72.4)",10.0,not_reported,"significantly lower in responders vs. non-responders (1127 [95% CI, 26.2–199.3]), p = 0.019",not_reported,independent sample t-test,p = 0.019,acupuncture condition,experimentally induced histamine itch in healthy volunteers
36067612,arm_nonresponder,non-responder,other,LF/HF ratio (change from baseline),physiological,heart rate variability (HRV),H3 (10–15 min after histamine stimulus),mean (95% CI),"1127 (95% CI, 26.2–199.3)",10.0,not_reported,"significantly higher than responders, p = 0.019",not_reported,independent sample t-test,p = 0.019,acupuncture condition,experimentally induced histamine itch in healthy volunteers
36102803,arm_exp,Experimental Group,verum_acupuncture,Visual Analog Scale (VAS) pain score before intervention,pain,Visual Analog Scale (VAS),before analgesic electrical stimulation modulation,mean ± SD,69 ± 6 mm,16.0,not_reported,not_reported,not_reported,not_reported,not_reported,Experimental Group,myofascial pain syndrome (MPS) / myofasciitis
36102803,arm_exp,Experimental Group,verum_acupuncture,Visual Analog Scale (VAS) pain score after intervention,pain,Visual Analog Scale (VAS),after analgesic electrical stimulation modulation,mean ± SD,21 ± 3 mm,16.0,significant difference before and after modulation (P < .001),not_reported,not_reported,not_reported,P < .001,Experimental Group,myofascial pain syndrome (MPS) / myofasciitis
36102803,arm_ctrl,Control Group,waitlist,Visual Analog Scale (VAS) pain score before rest,pain,Visual Analog Scale (VAS),before rest,mean ± SD,61 ± 3 mm,15.0,not_reported,not_reported,not_reported,not_reported,not_reported,Control Group,myofascial pain syndrome (MPS) / myofasciitis
36102803,arm_ctrl,Control Group,waitlist,Visual Analog Scale (VAS) pain score after rest,pain,Visual Analog Scale (VAS),after rest,mean ± SD,55 ± 4 mm,15.0,no significant difference in the control group,not_reported,not_reported,not_reported,not significant,Control Group,myofascial pain syndrome (MPS) / myofasciitis
36102803,not_applicable,,,VAS score comparison between groups before treatment/rest,pain,Visual Analog Scale (VAS),before treatment/rest,other,not_reported,31.0,not_reported,"t = -0.352, P = .676 (no significant difference)",not_reported,t-test,.676,both groups,myofascial pain syndrome (MPS) / myofasciitis
36102803,not_applicable,,,VAS score comparison between groups after treatment/rest,pain,Visual Analog Scale (VAS),after treatment/rest,other,not_reported,31.0,not_reported,"t = -2.956, P = .001 (significant difference)",not_reported,t-test,.001,both groups,myofascial pain syndrome (MPS) / myofasciitis
36427258,arm_EA,Electroacupuncture (EA),verum_acupuncture,BPI Severity (Short Form Brief Pain Inventory Severity subscale),pain,Short Form Brief Pain Inventory (BPI) Severity,pre-treatment,mean ± SE (from Figure 2A),approximately 5.2 (from Figure 2A; exact numeric value not reported in text),,not_reported,"no baseline difference between EA and ML (t(70)=0.85, p=0.396)",not_reported,independent samples t-test,p=0.396,not_reported,Fibromyalgia (FM)
36427258,arm_ML,Mock Laser acupuncture (ML),sham_acupuncture,BPI Severity (Short Form Brief Pain Inventory Severity subscale),pain,Short Form Brief Pain Inventory (BPI) Severity,pre-treatment,mean ± SE (from Figure 2A),approximately 4.95 (from Figure 2A; exact numeric value not reported in text),,not_reported,"no baseline difference between EA and ML (t(70)=0.85, p=0.396)",not_reported,independent samples t-test,p=0.396,not_reported,Fibromyalgia (FM)
36427258,not_applicable,,,BPI Severity (Short Form Brief Pain Inventory Severity subscale),pain,Short Form Brief Pain Inventory (BPI) Severity,pre- and post-therapy,ANOVA F-statistics and mean differences,"mean difference EA=-1.14, ML=-0.46",72.0,"significant main effect of Time (F(1, 70)=25.09, p<0.001)","significant Group x Time interaction (F(1, 70)=4.56, p=0.036); EA reduced BPI Severity to a greater extent compared to ML; no main effect of Group (F(1, 70)=0.03, p=0.861)",not_reported,"2 (Group: EA, ML) by 2 (Time: Pre, Post) mixed-design ANOVA",Group x Time interaction p=0.036; Time main effect p<0.001; Group main effect p=0.861,not_reported,Fibromyalgia (FM)
36427258,not_applicable,,,PROMIS Anxiety and Depression scales,mood,PROMIS Anxiety; PROMIS Depression,pre- and post-therapy,narrative,used as secondary clinical outcomes and to assess whether neuroimaging outcomes were influenced by these factors; detailed analysis outside scope of present manuscript; descriptive statistics reported in Supplementary Results B,,not_reported in main text,not_reported in main text,not_reported,not_reported,not_reported,not_reported,Fibromyalgia (FM)
36427258,not_applicable,,,BPI Pain Interference; American College of Rheumatology 2011 FM Survey Criteria; Pain Catastrophizing; PROMIS Physical Function; PROMIS Fatigue; PROMIS Sleep,other,BPI Pain Interference; ACR 2011 FM Survey Criteria; Pain Catastrophizing Scale; PROMIS Physical Function; PROMIS Fatigue; PROMIS Sleep,pre- and post-therapy,narrative,detailed analysis outside scope of present manuscript; descriptive statistics reported in Supplementary Results B,,not_reported in main text,not_reported in main text,not_reported,not_reported,not_reported,not_reported,Fibromyalgia (FM)
36749304,arm_real,fluoxetine + real acupuncture,verum_acupuncture,MADRS (Montgomery-Asberg Depression Rating Scale),symptom_severity,Montgomery-Asberg Depression Rating Scale (MADRS),Pretreatment (baseline),mean ± SD,22.94 (7.36),18.0,not_reported,"F(1,33) = 0.001, p = 0.97 (no significant difference at baseline)",not_reported,F test (analysis of covariance),p = 0.97,completers who underwent MRI at both timepoints,Major depressive disorder (MDD)
36749304,arm_sham,fluoxetine + sham acupuncture,sham_acupuncture,MADRS (Montgomery-Asberg Depression Rating Scale),symptom_severity,Montgomery-Asberg Depression Rating Scale (MADRS),Pretreatment (baseline),mean ± SD,22.83 (9.17),18.0,not_reported,"F(1,33) = 0.001, p = 0.97 (no significant difference at baseline)",not_reported,F test (analysis of covariance),p = 0.97,completers who underwent MRI at both timepoints,Major depressive disorder (MDD)
36749304,arm_real,fluoxetine + real acupuncture,verum_acupuncture,MADRS (Montgomery-Asberg Depression Rating Scale),symptom_severity,Montgomery-Asberg Depression Rating Scale (MADRS),Posttreatment (8 weeks),mean ± SD,5.44 (5.37),18.0,not_reported,"F(1,33) = 26.86, p < 0.01",not_reported,F test (analysis of covariance),p < 0.01,completers who underwent MRI at both timepoints,Major depressive disorder (MDD)
36749304,arm_sham,fluoxetine + sham acupuncture,sham_acupuncture,MADRS (Montgomery-Asberg Depression Rating Scale),symptom_severity,Montgomery-Asberg Depression Rating Scale (MADRS),Posttreatment (8 weeks),mean ± SD,14.06 (4.39),18.0,not_reported,"F(1,33) = 26.86, p < 0.01",not_reported,F test (analysis of covariance),p < 0.01,completers who underwent MRI at both timepoints,Major depressive disorder (MDD)
36749304,arm_real,fluoxetine + real acupuncture,verum_acupuncture,MADRS change score (post minus pre),symptom_severity,Montgomery-Asberg Depression Rating Scale (MADRS),Post minus pre (8 weeks),mean ± SD,−17.5 (7.89),18.0,not_reported,"F(1,33) = 10.86, p < 0.01",not_reported,F test (analysis of covariance),p < 0.01,completers who underwent MRI at both timepoints,Major depressive disorder (MDD)
36749304,arm_sham,fluoxetine + sham acupuncture,sham_acupuncture,MADRS change score (post minus pre),symptom_severity,Montgomery-Asberg Depression Rating Scale (MADRS),Post minus pre (8 weeks),mean ± SD,−8.78 (7.94),18.0,not_reported,"F(1,33) = 10.86, p < 0.01",not_reported,F test (analysis of covariance),p < 0.01,completers who underwent MRI at both timepoints,Major depressive disorder (MDD)
36749304,arm_real,fluoxetine + real acupuncture,verum_acupuncture,SDS (Self-rating Depression Scale),symptom_severity,Self-rating Depression Scale (SDS),Pretreatment (baseline),mean ± SD,47.83 (6.46),18.0,not_reported,"F(1,33) = 0.01, p = 0.94 (no significant difference at baseline)",not_reported,F test (analysis of covariance),p = 0.94,completers who underwent MRI at both timepoints,Major depressive disorder (MDD)
36749304,arm_sham,fluoxetine + sham acupuncture,sham_acupuncture,SDS (Self-rating Depression Scale),symptom_severity,Self-rating Depression Scale (SDS),Pretreatment (baseline),mean ± SD,47.44 (9.23),18.0,not_reported,"F(1,33) = 0.01, p = 0.94 (no significant difference at baseline)",not_reported,F test (analysis of covariance),p = 0.94,completers who underwent MRI at both timepoints,Major depressive disorder (MDD)
36749304,arm_real,fluoxetine + real acupuncture,verum_acupuncture,SDS (Self-rating Depression Scale),symptom_severity,Self-rating Depression Scale (SDS),Posttreatment (8 weeks),mean ± SD,26.83 (6.46),18.0,not_reported,"F(1,33) = 16.29, p < 0.01",not_reported,F test (analysis of covariance),p < 0.01,completers who underwent MRI at both timepoints,Major depressive disorder (MDD)
36749304,arm_sham,fluoxetine + sham acupuncture,sham_acupuncture,SDS (Self-rating Depression Scale),symptom_severity,Self-rating Depression Scale (SDS),Posttreatment (8 weeks),mean ± SD,34.94 (5.40),18.0,not_reported,"F(1,33) = 16.29, p < 0.01",not_reported,F test (analysis of covariance),p < 0.01,completers who underwent MRI at both timepoints,Major depressive disorder (MDD)
36749304,arm_real,fluoxetine + real acupuncture,verum_acupuncture,SDS change score (post minus pre),symptom_severity,Self-rating Depression Scale (SDS),Post minus pre (8 weeks),median [IQR],−21.00 (−12.5),18.0,not_reported,"F(1,33) = 8.21, p < 0.01",not_reported,F test (analysis of covariance),p < 0.01,completers who underwent MRI at both timepoints,Major depressive disorder (MDD)
36749304,arm_sham,fluoxetine + sham acupuncture,sham_acupuncture,SDS change score (post minus pre),symptom_severity,Self-rating Depression Scale (SDS),Post minus pre (8 weeks),median [IQR],−12.50 (8.65),18.0,not_reported,"F(1,33) = 8.21, p < 0.01",not_reported,F test (analysis of covariance),p < 0.01,completers who underwent MRI at both timepoints,Major depressive disorder (MDD)
36827004,arm_IBSbs,IBSbs group,verum_acupuncture,IBS Symptom Severity Score (IBS-SSS),symptom_severity,IBS-SSS,baseline (before acupuncture),mean ± SD,245.5 (100),24.0,not_reported,"p < 0.0001 (two-sample t-test, IBSbs vs IBS1st)",not_reported,two-sample t-test,< 0.0001,IBS-D patients before acupuncture,Diarrhea-dominant Irritable Bowel Syndrome (IBS-D)
36827004,arm_IBS1st,IBS1st group,verum_acupuncture,IBS Symptom Severity Score (IBS-SSS),symptom_severity,IBS-SSS,post-acupuncture (after 6 weeks),mean ± SD,91.9 (49),24.0,not_reported,"p < 0.0001 (IBSbs vs IBS1st, two-sample t-test)",not_reported,two-sample t-test,< 0.0001,IBS-D patients after acupuncture,Diarrhea-dominant Irritable Bowel Syndrome (IBS-D)
36827004,arm_IBSbs,IBSbs group,verum_acupuncture,IBS Quality of Life (IBS-QOL),quality_of_life,IBS-QOL,baseline (before acupuncture),mean ± SD,132.46 (33.1),24.0,not_reported,"p = 0.02 (IBSbs vs IBS1st, two-sample t-test)",not_reported,two-sample t-test,0.02,IBS-D patients before acupuncture,Diarrhea-dominant Irritable Bowel Syndrome (IBS-D)
36827004,arm_IBS1st,IBS1st group,verum_acupuncture,IBS Quality of Life (IBS-QOL),quality_of_life,IBS-QOL,post-acupuncture (after 6 weeks),mean ± SD,150.33 (13.6),24.0,not_reported,"p = 0.02 (IBSbs vs IBS1st, two-sample t-test)",not_reported,two-sample t-test,0.02,IBS-D patients after acupuncture,Diarrhea-dominant Irritable Bowel Syndrome (IBS-D)
36827004,arm_NC,Control group (NC),healthy_control,Hamilton Anxiety Scale (HAMA),mood,HAMA,single assessment,mean ± SD,2.48 (2.9),23.0,not_reported,"p < 0.0001 (one-way ANOVA with Bonferroni correction, all three groups)",not_reported,one-way ANOVA (Bonferroni correction),< 0.0001,Normal controls,Diarrhea-dominant Irritable Bowel Syndrome (IBS-D)
36827004,arm_IBSbs,IBSbs group,verum_acupuncture,Hamilton Anxiety Scale (HAMA),mood,HAMA,baseline (before acupuncture),mean ± SD,15.25 (7.9),24.0,not_reported,"p < 0.0001 (one-way ANOVA with Bonferroni correction, all three groups)",not_reported,one-way ANOVA (Bonferroni correction),< 0.0001,IBS-D patients before acupuncture,Diarrhea-dominant Irritable Bowel Syndrome (IBS-D)
36827004,arm_IBS1st,IBS1st group,verum_acupuncture,Hamilton Anxiety Scale (HAMA),mood,HAMA,post-acupuncture (after 6 weeks),mean ± SD,8.17 (2.9),24.0,not_reported,"p < 0.0001 (one-way ANOVA with Bonferroni correction, all three groups)",not_reported,one-way ANOVA (Bonferroni correction),< 0.0001,IBS-D patients after acupuncture,Diarrhea-dominant Irritable Bowel Syndrome (IBS-D)
36890655,arm_MCID,MCID group,other,FMA-UE,function,Fugl–Meyer Assessment upper extremity scores,Baseline,median [IQR],22.00(7.00–54.75),28.0,not_reported,"Z=−0.354, p=0.723",not_reported,Two-sample nonparametric test,0.723,not_reported,Ischemic stroke with unilateral motor pathway injury (basal ganglia and/or corona radiata)
36890655,arm_NMCID,N-MCID group,other,FMA-UE,function,Fugl–Meyer Assessment upper extremity scores,Baseline,median [IQR],33.00(11.00–53.50),21.0,not_reported,"Z=−0.354, p=0.723",not_reported,Two-sample nonparametric test,0.723,not_reported,Ischemic stroke with unilateral motor pathway injury (basal ganglia and/or corona radiata)
36890655,arm_MCID,MCID group,other,FMA-LE,function,Fugl–Meyer Assessment lower extremity scores,Baseline,median [IQR],27.00(21.00–32.00),28.0,not_reported,"Z=−1.600, p=0.110",not_reported,Two-sample nonparametric test,0.110,not_reported,Ischemic stroke with unilateral motor pathway injury (basal ganglia and/or corona radiata)
36890655,arm_NMCID,N-MCID group,other,FMA-LE,function,Fugl–Meyer Assessment lower extremity scores,Baseline,median [IQR],20.00(13.00–30.00),21.0,not_reported,"Z=−1.600, p=0.110",not_reported,Two-sample nonparametric test,0.110,not_reported,Ischemic stroke with unilateral motor pathway injury (basal ganglia and/or corona radiata)
36890655,arm_MCID,MCID group,other,FMA-total,function,Fugl–Meyer Assessment total scores,Baseline,median [IQR],48.00(27.00–84.50),28.0,not_reported,"Z=−0.455, p=0.649",not_reported,Two-sample nonparametric test,0.649,not_reported,Ischemic stroke with unilateral motor pathway injury (basal ganglia and/or corona radiata)
36890655,arm_NMCID,N-MCID group,other,FMA-total,function,Fugl–Meyer Assessment total scores,Baseline,median [IQR],55.00(25.00–79.50),21.0,not_reported,"Z=−0.455, p=0.649",not_reported,Two-sample nonparametric test,0.649,not_reported,Ischemic stroke with unilateral motor pathway injury (basal ganglia and/or corona radiata)
36890655,arm_MCID,MCID group,other,MCID for FMA,responder,Fugl–Meyer Assessment (FMA); MCID threshold: ΔFMA-UE≥5 or ΔFMA-LE≥6,2-week follow-up,count,n=28,28.0,not_reported,not_reported,not_reported,not_reported,not_reported,not_reported,Ischemic stroke with unilateral motor pathway injury (basal ganglia and/or corona radiata)
36890655,arm_NMCID,N-MCID group,other,N-MCID for FMA,responder,Fugl–Meyer Assessment (FMA); N-MCID threshold: ΔFMA-UE<5 or ΔFMA-LE<6,2-week follow-up,count,n=21,21.0,not_reported,not_reported,not_reported,not_reported,not_reported,not_reported,Ischemic stroke with unilateral motor pathway injury (basal ganglia and/or corona radiata)
36890655,arm_MCID,MCID group,other,FMA-UE,function,Fugl–Meyer Assessment upper extremity scores,Baseline (acupuncture state subsample),median [IQR],35.50(13.50–51.25),26.0,not_reported,"Z=−1.070, p=0.285",not_reported,Nonparametric test,0.285,Acupuncture state subsample,Ischemic stroke with unilateral motor pathway injury (basal ganglia and/or corona radiata)
36890655,arm_NMCID,N-MCID group,other,FMA-UE,function,Fugl–Meyer Assessment upper extremity scores,Baseline (acupuncture state subsample),median [IQR],12.00(5.00–55.00),15.0,not_reported,"Z=−1.070, p=0.285",not_reported,Nonparametric test,0.285,Acupuncture state subsample,Ischemic stroke with unilateral motor pathway injury (basal ganglia and/or corona radiata)
36890655,arm_MCID,MCID group,other,FMA-LE,function,Fugl–Meyer Assessment lower extremity scores,Baseline (acupuncture state subsample),median [IQR],28.00(17.00–31.00),26.0,not_reported,"Z=−0.976, p=0.329",not_reported,Nonparametric test,0.329,Acupuncture state subsample,Ischemic stroke with unilateral motor pathway injury (basal ganglia and/or corona radiata)
36890655,arm_NMCID,N-MCID group,other,FMA-LE,function,Fugl–Meyer Assessment lower extremity scores,Baseline (acupuncture state subsample),median [IQR],21.00(15.00–32.00),15.0,not_reported,"Z=−0.976, p=0.329",not_reported,Nonparametric test,0.329,Acupuncture state subsample,Ischemic stroke with unilateral motor pathway injury (basal ganglia and/or corona radiata)
36890655,arm_MCID,MCID group,other,FMA-Total,function,Fugl–Meyer Assessment total scores,Baseline (acupuncture state subsample),median [IQR],54.00(34.00–79.00),26.0,not_reported,"Z=−0.921, p=0.357",not_reported,Nonparametric test,0.357,Acupuncture state subsample,Ischemic stroke with unilateral motor pathway injury (basal ganglia and/or corona radiata)
36890655,arm_NMCID,N-MCID group,other,FMA-Total,function,Fugl–Meyer Assessment total scores,Baseline (acupuncture state subsample),median [IQR],30.00(21.00–87.00),15.0,not_reported,"Z=−0.921, p=0.357",not_reported,Nonparametric test,0.357,Acupuncture state subsample,Ischemic stroke with unilateral motor pathway injury (basal ganglia and/or corona radiata)
37206312,not_applicable,,,Age,other,not_applicable,baseline,mean ± SD,20.70 ± 2.34,31.0,not_reported,not_reported,not_reported,not_reported,not_reported,not_reported,Healthy volunteers
37206312,not_applicable,,,BMI,physiological,not_applicable,baseline,mean ± SD,22.02 ± 3.37,31.0,not_reported,not_reported,not_reported,not_reported,not_reported,not_reported,Healthy volunteers
37206312,not_applicable,,,MAAS (points),cognition,The Mindful Attention Awareness Scale (MAAS),baseline,mean ± SD,69.41 ± 8.23,31.0,not_reported,not_reported,not_reported,not_reported,not_reported,not_reported,Healthy volunteers
37206312,not_applicable,,,SAS (points),mood,The Self-rating Anxiety Scale (SAS),baseline,mean ± SD,32.70 ± 8.40,31.0,not_reported,not_reported,not_reported,not_reported,not_reported,not_reported,Healthy volunteers
37206312,not_applicable,,,SDS (points),mood,The Self-rating Depression Scale (SDS),baseline,mean ± SD,34.11 ± 10.04,31.0,not_reported,not_reported,not_reported,not_reported,not_reported,not_reported,Healthy volunteers
37206312,not_applicable,,,"Needling sensation comparison among ERR, LTRei, and LTRed",sensory,"Chinese version of the modified Massachusetts General Hospital Acupuncture Sensation Scale (C-MMASS); 10-point VAS for seven categories: soreness, numbness, fullness, heaviness, aching, throbbing, and other sensations",after each acupuncture manipulation,other,"F(2,60) = 2.917, p = 0.062, η2 = 0.089",31.0,not_reported,"no statistically significant differences among ERR, LTRei, and LTRed",η2 = 0.089,One-way repeated-measures analysis of variances (One-way rmANOVAs),p = 0.062,not_reported,Healthy volunteers
37383656,arm_mci,MCI patients,other,MMSE score,cognition,Mini-Mental State Examination (MMSE),baseline (subject characteristics),mean ± SD,26.4±0.9,12.0,not_reported,p<0.0001 (two sample two tailed t test),not_reported,two sample two tailed t test,p<0.0001,not_reported,mild cognitive impairment (MCI); specifically amnestic MCI
37383656,arm_hc,healthy controls,healthy_control,MMSE score,cognition,Mini-Mental State Examination (MMSE),baseline (subject characteristics),mean ± SD,29.8±0.4,12.0,not_reported,p<0.0001 (two sample two tailed t test),not_reported,two sample two tailed t test,p<0.0001,not_reported,mild cognitive impairment (MCI); specifically amnestic MCI
37383656,arm_mci,MCI patients,other,CDR,cognition,Clinical Dementia Rating (CDR),baseline (subject characteristics),other,0.5,12.0,not_reported,not_reported,not_reported,not_reported,not_reported,not_reported,mild cognitive impairment (MCI); specifically amnestic MCI
37383656,arm_hc,healthy controls,healthy_control,CDR,cognition,Clinical Dementia Rating (CDR),baseline (subject characteristics),other,0,12.0,not_reported,not_reported,not_reported,not_reported,not_reported,not_reported,mild cognitive impairment (MCI); specifically amnestic MCI
37408438,arm_MwoA,patients with MwoA,verum_acupuncture,Days with migraine,symptom_severity,headache diary,"Baseline, −4–0",mean ± SD,5.16 (1.66),37.0,not_reported,not_reported,not_reported,one-way ANOVA,<0.001 (overall ANOVA across periods),not_reported,migraine without aura (MwoA)
37408438,arm_MwoA,patients with MwoA,verum_acupuncture,Days with migraine,symptom_severity,headache diary,"Treatment, 1–6",mean ± SD,1.57 (1.21),37.0,significantly lower than at baseline (P < 0.01),not_reported,not_reported,one-way ANOVA,<0.001 (vs baseline),not_reported,migraine without aura (MwoA)
37408438,arm_MwoA,patients with MwoA,verum_acupuncture,Days with migraine,symptom_severity,headache diary,"Follow-up, 7–10",mean ± SD,1.16 (0.99),37.0,significantly lower than baseline,not_reported,not_reported,one-way ANOVA,<0.001 (vs baseline); >0.05 (vs treatment),not_reported,migraine without aura (MwoA)
37408438,arm_MwoA,patients with MwoA,verum_acupuncture,Days with migraine,symptom_severity,headache diary,"Follow-up, 11–18",mean ± SD,1.54 (0.77),37.0,significantly lower than baseline,not_reported,not_reported,one-way ANOVA,<0.001 (vs baseline); >0.05 (vs treatment),not_reported,migraine without aura (MwoA)
37408438,arm_MwoA,patients with MwoA,verum_acupuncture,Days with migraine,symptom_severity,headache diary,"Follow-up, 19–30",mean ± SD,1.44 (0.70),37.0,significantly lower than baseline,not_reported,not_reported,one-way ANOVA,<0.001 (vs baseline); >0.05 (vs treatment),not_reported,migraine without aura (MwoA)
37408438,arm_MwoA,patients with MwoA,verum_acupuncture,Average severity of headache (VAS score),pain,visual analog scale (VAS),"Baseline, −4–0",mean ± SD,7.73 (1.41),37.0,not_reported,not_reported,not_reported,one-way ANOVA,<0.001 (overall ANOVA across periods),not_reported,migraine without aura (MwoA)
37408438,arm_MwoA,patients with MwoA,verum_acupuncture,Average severity of headache (VAS score),pain,visual analog scale (VAS),"Treatment, 1–6",mean ± SD,4.08 (1.26),37.0,significantly lower than at baseline (P < 0.01),not_reported,not_reported,one-way ANOVA,<0.001 (vs baseline),not_reported,migraine without aura (MwoA)
37408438,arm_MwoA,patients with MwoA,verum_acupuncture,Average severity of headache (VAS score),pain,visual analog scale (VAS),"Follow-up, 7–10",mean ± SD,4.49 (1.48),37.0,significantly lower than baseline,not_reported,not_reported,one-way ANOVA,<0.001 (vs baseline); >0.05 (vs treatment),not_reported,migraine without aura (MwoA)
37408438,arm_MwoA,patients with MwoA,verum_acupuncture,Average severity of headache (VAS score),pain,visual analog scale (VAS),"Follow-up, 11–18",mean ± SD,4.43 (1.46),37.0,significantly lower than baseline,not_reported,not_reported,one-way ANOVA,<0.001 (vs baseline); >0.05 (vs treatment),not_reported,migraine without aura (MwoA)
37408438,arm_MwoA,patients with MwoA,verum_acupuncture,Average severity of headache (VAS score),pain,visual analog scale (VAS),"Follow-up, 19–30",mean ± SD,4.89 (1.08),37.0,significantly lower than baseline,not_reported,not_reported,one-way ANOVA,<0.001 (vs baseline); >0.05 (vs treatment),not_reported,migraine without aura (MwoA)
37408438,arm_MwoA,patients with MwoA,verum_acupuncture,"MSQ score, restrictive subscale",quality_of_life,Migraine-Specific Quality of Life Questionnaire (MSQ),"Baseline, −4–0",mean ± SD,55.14 (14.81),37.0,not_reported,not_reported,not_reported,one-way ANOVA,<0.001 (overall ANOVA across periods),not_reported,migraine without aura (MwoA)
37408438,arm_MwoA,patients with MwoA,verum_acupuncture,"MSQ score, restrictive subscale",quality_of_life,Migraine-Specific Quality of Life Questionnaire (MSQ),"Treatment, 1–6",mean ± SD,75.21 (13.15),37.0,significant improvement compared with baseline (P < 0.01),not_reported,not_reported,one-way ANOVA,<0.001 (vs baseline),not_reported,migraine without aura (MwoA)
37408438,arm_MwoA,patients with MwoA,verum_acupuncture,"MSQ score, restrictive subscale",quality_of_life,Migraine-Specific Quality of Life Questionnaire (MSQ),"Follow-up, 7–10",mean ± SD,78.61 (13.38),37.0,significantly lower than baseline,not_reported,not_reported,one-way ANOVA,<0.001 (vs baseline); >0.05 (vs treatment),not_reported,migraine without aura (MwoA)
37408438,arm_MwoA,patients with MwoA,verum_acupuncture,"MSQ score, restrictive subscale",quality_of_life,Migraine-Specific Quality of Life Questionnaire (MSQ),"Follow-up, 11–18",mean ± SD,78.07 (12.90),37.0,significantly lower than baseline,not_reported,not_reported,one-way ANOVA,<0.001 (vs baseline); >0.05 (vs treatment),not_reported,migraine without aura (MwoA)
37408438,arm_MwoA,patients with MwoA,verum_acupuncture,"MSQ score, restrictive subscale",quality_of_life,Migraine-Specific Quality of Life Questionnaire (MSQ),"Follow-up, 19–30",mean ± SD,74.29 (14.00),37.0,significantly lower than baseline,not_reported,not_reported,one-way ANOVA,<0.001 (vs baseline); >0.05 (vs treatment),not_reported,migraine without aura (MwoA)
37408438,arm_MwoA,patients with MwoA,verum_acupuncture,"MSQ score, preventive subscale",quality_of_life,Migraine-Specific Quality of Life Questionnaire (MSQ),"Baseline, −4–0",mean ± SD,61.49 (20.91),37.0,not_reported,not_reported,not_reported,one-way ANOVA,<0.001 (overall ANOVA across periods),not_reported,migraine without aura (MwoA)
37408438,arm_MwoA,patients with MwoA,verum_acupuncture,"MSQ score, preventive subscale",quality_of_life,Migraine-Specific Quality of Life Questionnaire (MSQ),"Treatment, 1–6",mean ± SD,83.38 (14.96),37.0,significant improvement compared with baseline (P < 0.01),not_reported,not_reported,one-way ANOVA,<0.001 (vs baseline),not_reported,migraine without aura (MwoA)
37408438,arm_MwoA,patients with MwoA,verum_acupuncture,"MSQ score, preventive subscale",quality_of_life,Migraine-Specific Quality of Life Questionnaire (MSQ),"Follow-up, 7–10",mean ± SD,85.68 (13.75),37.0,significantly lower than baseline,not_reported,not_reported,one-way ANOVA,<0.001 (vs baseline); >0.05 (vs treatment),not_reported,migraine without aura (MwoA)
37408438,arm_MwoA,patients with MwoA,verum_acupuncture,"MSQ score, preventive subscale",quality_of_life,Migraine-Specific Quality of Life Questionnaire (MSQ),"Follow-up, 11–18",mean ± SD,85.27 (11.30),37.0,significantly lower than baseline,not_reported,not_reported,one-way ANOVA,<0.001 (vs baseline); >0.05 (vs treatment),not_reported,migraine without aura (MwoA)
37408438,arm_MwoA,patients with MwoA,verum_acupuncture,"MSQ score, preventive subscale",quality_of_life,Migraine-Specific Quality of Life Questionnaire (MSQ),"Follow-up, 19–30",mean ± SD,80.00 (12.83),37.0,significantly lower than baseline,not_reported,not_reported,one-way ANOVA,<0.001 (vs baseline); >0.05 (vs treatment),not_reported,migraine without aura (MwoA)
37408438,arm_MwoA,patients with MwoA,verum_acupuncture,"MSQ score, emotional functional subscale",quality_of_life,Migraine-Specific Quality of Life Questionnaire (MSQ),"Baseline, −4–0",mean ± SD,62.52 (23.06),37.0,not_reported,not_reported,not_reported,one-way ANOVA,<0.001 (overall ANOVA across periods),not_reported,migraine without aura (MwoA)
37408438,arm_MwoA,patients with MwoA,verum_acupuncture,"MSQ score, emotional functional subscale",quality_of_life,Migraine-Specific Quality of Life Questionnaire (MSQ),"Treatment, 1–6",mean ± SD,83.42 (15.53),37.0,significant improvement compared with baseline (P < 0.01),not_reported,not_reported,one-way ANOVA,<0.001 (vs baseline),not_reported,migraine without aura (MwoA)
37408438,arm_MwoA,patients with MwoA,verum_acupuncture,"MSQ score, emotional functional subscale",quality_of_life,Migraine-Specific Quality of Life Questionnaire (MSQ),"Follow-up, 7–10",mean ± SD,84.32 (14.42),37.0,significantly lower than baseline,not_reported,not_reported,one-way ANOVA,<0.001 (vs baseline); >0.05 (vs treatment),not_reported,migraine without aura (MwoA)
37408438,arm_MwoA,patients with MwoA,verum_acupuncture,"MSQ score, emotional functional subscale",quality_of_life,Migraine-Specific Quality of Life Questionnaire (MSQ),"Follow-up, 11–18",mean ± SD,84.50 (13.25),37.0,significantly lower than baseline,not_reported,not_reported,one-way ANOVA,<0.001 (vs baseline); >0.05 (vs treatment),not_reported,migraine without aura (MwoA)
37408438,arm_MwoA,patients with MwoA,verum_acupuncture,"MSQ score, emotional functional subscale",quality_of_life,Migraine-Specific Quality of Life Questionnaire (MSQ),"Follow-up, 19–30",mean ± SD,83.70 (11.70),37.0,significantly lower than baseline,not_reported,not_reported,one-way ANOVA,<0.001 (vs baseline); >0.05 (vs treatment),not_reported,migraine without aura (MwoA)
37408438,arm_MwoA,patients with MwoA,verum_acupuncture,SAS score,mood,Self-Rating Anxiety Scale (SAS),"Baseline, −4–0",mean ± SD,43.76 (9.33),37.0,not_reported,not_reported,not_reported,one-way ANOVA,<0.001 (overall ANOVA across periods),not_reported,migraine without aura (MwoA)
37408438,arm_MwoA,patients with MwoA,verum_acupuncture,SAS score,mood,Self-Rating Anxiety Scale (SAS),"Treatment, 1–6",mean ± SD,39.73 (8.84),37.0,significantly improved compared with baseline (P < 0.05),not_reported,not_reported,one-way ANOVA,<0.001 (vs baseline),not_reported,migraine without aura (MwoA)
37408438,arm_MwoA,patients with MwoA,verum_acupuncture,SAS score,mood,Self-Rating Anxiety Scale (SAS),"Follow-up, 7–10",mean ± SD,39.46 (8.24),37.0,significantly lower than baseline,not_reported,not_reported,one-way ANOVA,<0.001 (vs baseline); >0.05 (vs treatment),not_reported,migraine without aura (MwoA)
37408438,arm_MwoA,patients with MwoA,verum_acupuncture,SAS score,mood,Self-Rating Anxiety Scale (SAS),"Follow-up, 11–18",mean ± SD,39.49 (8.51),37.0,significantly lower than baseline,not_reported,not_reported,one-way ANOVA,<0.001 (vs baseline); >0.05 (vs treatment),not_reported,migraine without aura (MwoA)
37408438,arm_MwoA,patients with MwoA,verum_acupuncture,SAS score,mood,Self-Rating Anxiety Scale (SAS),"Follow-up, 19–30",mean ± SD,40.97 (7.98),37.0,significantly lower than baseline,not_reported,not_reported,one-way ANOVA,<0.001 (vs baseline); >0.05 (vs treatment),not_reported,migraine without aura (MwoA)
37408438,arm_MwoA,patients with MwoA,verum_acupuncture,SDS score,mood,Self-Rating Depression Scale (SDS),"Baseline, −4–0",mean ± SD,47.38 (9.80),37.0,not_reported,not_reported,not_reported,one-way ANOVA,<0.001 (overall ANOVA across periods),not_reported,migraine without aura (MwoA)
37408438,arm_MwoA,patients with MwoA,verum_acupuncture,SDS score,mood,Self-Rating Depression Scale (SDS),"Treatment, 1–6",mean ± SD,40.38 (10.61),37.0,significantly improved compared with baseline (P < 0.05),not_reported,not_reported,one-way ANOVA,<0.001 (vs baseline),not_reported,migraine without aura (MwoA)
37408438,arm_MwoA,patients with MwoA,verum_acupuncture,SDS score,mood,Self-Rating Depression Scale (SDS),"Follow-up, 7–10",mean ± SD,41.03 (11.40),37.0,significantly lower than baseline,not_reported,not_reported,one-way ANOVA,<0.001 (vs baseline); >0.05 (vs treatment),not_reported,migraine without aura (MwoA)
37408438,arm_MwoA,patients with MwoA,verum_acupuncture,SDS score,mood,Self-Rating Depression Scale (SDS),"Follow-up, 11–18",mean ± SD,39.89 (11.03),37.0,significantly lower than baseline,not_reported,not_reported,one-way ANOVA,<0.001 (vs baseline); >0.05 (vs treatment),not_reported,migraine without aura (MwoA)
37408438,arm_MwoA,patients with MwoA,verum_acupuncture,SDS score,mood,Self-Rating Depression Scale (SDS),"Follow-up, 19–30",mean ± SD,42.70 (9.62),37.0,significantly lower than baseline,not_reported,not_reported,one-way ANOVA,<0.001 (vs baseline); >0.05 (vs treatment),not_reported,migraine without aura (MwoA)
37415858,arm_verum_acupuncture,acupuncture (verum/electroacupuncture),verum_acupuncture,ADAS-Cog scores,cognition,Alzheimer's Disease Assessment Scale-Cognitive subscale (ADAS-Cog),3 months,narrative,significantly greater reductions in ADAS-Cog scores after 3 months of acupuncture treatment compared to those receiving pharmacotherapy alone,,not_reported,significantly greater reductions compared to pharmacotherapy alone,not_reported,not_reported,not_reported,VCI patients; randomized controlled multicenter trial,"Vascular cognitive impairment (VCI), including mild cognitive impairment (MCI), vascular dementia, and related cerebrovascular cognitive disorders"
37415858,arm_verum_acupuncture,acupuncture (verum/electroacupuncture),verum_acupuncture,ADAS-Cog scores (mean change from baseline to 6 months),cognition,Alzheimer's Disease Assessment Scale-Cognitive subscale (ADAS-Cog),6 months,narrative,The mean change from baseline to 6 months further highlighted the superior benefits of acupuncture intervention,,not_reported,superior benefits of acupuncture intervention,not_reported,not_reported,not_reported,VCI patients,"Vascular cognitive impairment (VCI), including mild cognitive impairment (MCI), vascular dementia, and related cerebrovascular cognitive disorders"
37415858,arm_verum_acupuncture,acupuncture (verum/electroacupuncture),verum_acupuncture,cognitive function (general),cognition,not_reported,4–8 weeks,narrative,"cognitive improvements emerge by 4–8 weeks of treatment, with benefits persisting up to 16 weeks; the therapeutic effects appear to diminish by 32 weeks",,not_reported,not_reported,not_reported,not_reported,not_reported,VCI patients,"Vascular cognitive impairment (VCI), including mild cognitive impairment (MCI), vascular dementia, and related cerebrovascular cognitive disorders"
37415858,arm_verum_acupuncture,acupuncture (verum/electroacupuncture),verum_acupuncture,MoCA scores,cognition,Montreal Cognitive Assessment (MoCA),4 weeks,narrative,"notable increases in Fugl-Meyer assessment, Barthel index, and MoCA scores after 4 weeks of acupuncture",,notable increases after 4 weeks,not_reported,not_reported,not_reported,not_reported,VCI patients (Zeng et al study),"Vascular cognitive impairment (VCI), including mild cognitive impairment (MCI), vascular dementia, and related cerebrovascular cognitive disorders"
37415858,arm_verum_acupuncture,acupuncture (verum/electroacupuncture),verum_acupuncture,Barthel index,function,Barthel index,8 weeks,narrative,"By 8 weeks, their Barthel index and MoCA scores exceeded those of controls",,not_reported,exceeded those of controls,not_reported,not_reported,not_reported,VCI patients (Zeng et al study),"Vascular cognitive impairment (VCI), including mild cognitive impairment (MCI), vascular dementia, and related cerebrovascular cognitive disorders"
37415858,arm_verum_acupuncture,acupuncture (verum/electroacupuncture),verum_acupuncture,MoCA scores,cognition,Montreal Cognitive Assessment (MoCA),8 weeks,narrative,"By 8 weeks, their Barthel index and MoCA scores exceeded those of controls",,not_reported,exceeded those of controls,not_reported,not_reported,not_reported,VCI patients (Zeng et al study),"Vascular cognitive impairment (VCI), including mild cognitive impairment (MCI), vascular dementia, and related cerebrovascular cognitive disorders"
37415858,arm_verum_acupuncture,acupuncture (verum/electroacupuncture),verum_acupuncture,Fugl-Meyer assessment,function,Fugl-Meyer assessment,4 and 8 weeks,narrative,notable increases in Fugl-Meyer assessment after 4 and 8 weeks of acupuncture,,notable increases,not_reported,not_reported,not_reported,not_reported,VCI patients (Zeng et al study),"Vascular cognitive impairment (VCI), including mild cognitive impairment (MCI), vascular dementia, and related cerebrovascular cognitive disorders"
37415858,arm_VCI_patients,VCI patients (observational/control group in rs-fMRI studies),other,MMSE scores correlated with ReHo in superior/inferior frontal gyri,cognition,Mini-mental State Examination (MMSE),not_reported,narrative,"VCI patients exhibit significantly lower ReHo values in the superior and inferior frontal gyri, which correlate with poorer performance on cognitive assessments like Mini-mental State Examination (MMSE) and Montreal Cognitive Assessment (MoCA)",,not_reported,not_reported,not_reported,not_reported,not_reported,VCI patients,"Vascular cognitive impairment (VCI), including mild cognitive impairment (MCI), vascular dementia, and related cerebrovascular cognitive disorders"
37415858,arm_VCI_patients,VCI patients (observational/control group in rs-fMRI studies),other,MoCA scores correlated with ALFF reductions in DMN hubs,cognition,Montreal Cognitive Assessment (MoCA),not_reported,narrative,these reductions independently correlating with lower MoCA scores,31.0,not_reported,not_reported,not_reported,not_reported,not_reported,patients with vascular mild cognitive impairment (Li et al),"Vascular cognitive impairment (VCI), including mild cognitive impairment (MCI), vascular dementia, and related cerebrovascular cognitive disorders"
37415858,arm_VCI_patients,VCI patients (observational/control group in rs-fMRI studies),other,MoCA scores correlated with FC between right entorhinal cortex and frontal/precentral regions,cognition,Montreal Cognitive Assessment (MoCA),not_reported,narrative,these FC values showing positive correlations with MoCA scores,,not_reported,not_reported,not_reported,not_reported,not_reported,VCI patients,"Vascular cognitive impairment (VCI), including mild cognitive impairment (MCI), vascular dementia, and related cerebrovascular cognitive disorders"
37415858,arm_VCI_patients,VCI patients (observational/control group in rs-fMRI studies),other,insular ALFF showing a strong negative correlation with MoCA and MMSE scores,cognition,MMSE; MoCA,not_reported,narrative,insular ALFF showing a strong negative correlation with MoCA and MMSE scores,,not_reported,not_reported,not_reported,not_reported,not_reported,VCI patients (Liu et al),"Vascular cognitive impairment (VCI), including mild cognitive impairment (MCI), vascular dementia, and related cerebrovascular cognitive disorders"
37415858,arm_VCI_patients,VCI patients (observational/control group in rs-fMRI studies),other,executive function scores positively correlated with ALFF values in the left prefrontal lobe,cognition,not_reported,not_reported,narrative,executive function scores in VCI patients positively correlated with ALFF values in the left prefrontal lobe,,not_reported,not_reported,not_reported,not_reported,not_reported,VCI patients,"Vascular cognitive impairment (VCI), including mild cognitive impairment (MCI), vascular dementia, and related cerebrovascular cognitive disorders"
37415858,arm_verum_acupuncture,acupuncture (verum/electroacupuncture),verum_acupuncture,"cognitive function, functional connectivity in DMN, cerebral blood flow",cognition,not_reported,not_reported,narrative,"Acupuncture improved cognitive function, increased functional connectivity in DMN, and enhanced cerebral blood flow in VCI patients",140.0,not_reported,not_reported,not_reported,not_reported,not_reported,"VCI patients (Lin et al, ref 89, RCT n=140)","Vascular cognitive impairment (VCI), including mild cognitive impairment (MCI), vascular dementia, and related cerebrovascular cognitive disorders"
37454266,VA,verum acupuncture group,verum_acupuncture,VAS scores,pain,visual analog scale (VAS),Pre-treatment (Month 0),mean ± SD,6.18 ± 0.99,20.0,not_reported,"T = 0.65, p = 0.52",not_reported,independent sample t-test,0.52,not_reported,Primary dysmenorrhea (PDM)
37454266,VA,verum acupuncture group,verum_acupuncture,VAS scores,pain,visual analog scale (VAS),Post-treatment (Month 3),mean ± SD,3.35 ± 1.50,20.0,not_reported,not_reported,not_reported,not_reported,not_reported,not_reported,Primary dysmenorrhea (PDM)
37454266,VA,verum acupuncture group,verum_acupuncture,VAS scores post-pre change,pain,visual analog scale (VAS),Post-pre,mean ± SD,–2.83 ± 1.57,20.0,significant decrease (p < 0.05),"T = –4.21, p < 0.001",not_reported,paired samples t-test (within group); RMANOVA (between groups),< 0.001,not_reported,Primary dysmenorrhea (PDM)
37454266,SA,sham acupuncture group,sham_acupuncture,VAS scores,pain,visual analog scale (VAS),Pre-treatment (Month 0),mean ± SD,5.93 ± 1.21,14.0,not_reported,"T = 0.65, p = 0.52",not_reported,independent sample t-test,0.52,not_reported,Primary dysmenorrhea (PDM)
37454266,SA,sham acupuncture group,sham_acupuncture,VAS scores,pain,visual analog scale (VAS),Post-treatment (Month 3),mean ± SD,5.39 ± 1.39,14.0,no significant change,not_reported,not_reported,paired samples t-test,not_reported,not_reported,Primary dysmenorrhea (PDM)
37454266,SA,sham acupuncture group,sham_acupuncture,VAS scores post-pre change,pain,visual analog scale (VAS),Post-pre,mean ± SD,–0.54 ± 1.55,14.0,no significant change (p < 0.05 not met),"T = –4.21, p < 0.001",not_reported,paired samples t-test (within group); RMANOVA (between groups),< 0.001,not_reported,Primary dysmenorrhea (PDM)
37454266,VA,verum acupuncture group,verum_acupuncture,CMSS-t scores,symptom_severity,Cox Menstrual Symptom Scale-time subscale (CMSS-t),Pre-treatment (Month 0),mean ± SD,17.85 ± 8.36,20.0,not_reported,"T = –0.26, p = 0.80",not_reported,independent sample t-test,0.80,not_reported,Primary dysmenorrhea (PDM)
37454266,VA,verum acupuncture group,verum_acupuncture,CMSS-t scores,symptom_severity,Cox Menstrual Symptom Scale-time subscale (CMSS-t),Post-treatment (Month 3),mean ± SD,13.20 ± 7.05,20.0,not_reported,not_reported,not_reported,not_reported,not_reported,not_reported,Primary dysmenorrhea (PDM)
37454266,VA,verum acupuncture group,verum_acupuncture,CMSS-t scores post-pre change,symptom_severity,Cox Menstrual Symptom Scale-time subscale (CMSS-t),Post-pre,mean ± SD,–4.65 ± 6.68,20.0,significant decrease (p < 0.05),"T = –0.67, p = 0.51",not_reported,paired samples t-test (within group); RMANOVA (between groups),0.51,not_reported,Primary dysmenorrhea (PDM)
37454266,SA,sham acupuncture group,sham_acupuncture,CMSS-t scores,symptom_severity,Cox Menstrual Symptom Scale-time subscale (CMSS-t),Pre-treatment (Month 0),mean ± SD,18.50 ± 5.24,14.0,not_reported,"T = –0.26, p = 0.80",not_reported,independent sample t-test,0.80,not_reported,Primary dysmenorrhea (PDM)
37454266,SA,sham acupuncture group,sham_acupuncture,CMSS-t scores,symptom_severity,Cox Menstrual Symptom Scale-time subscale (CMSS-t),Post-treatment (Month 3),mean ± SD,15.21 ± 5.28,14.0,significant decrease (p < 0.05),not_reported,not_reported,paired samples t-test,not_reported,not_reported,Primary dysmenorrhea (PDM)
37454266,SA,sham acupuncture group,sham_acupuncture,CMSS-t scores post-pre change,symptom_severity,Cox Menstrual Symptom Scale-time subscale (CMSS-t),Post-pre,mean ± SD,–3.29 ± 4.29,14.0,significant decrease (p < 0.05),"T = –0.67, p = 0.51",not_reported,paired samples t-test (within group); RMANOVA (between groups),0.51,not_reported,Primary dysmenorrhea (PDM)
37454266,VA,verum acupuncture group,verum_acupuncture,CMSS-s scores,symptom_severity,Cox Menstrual Symptom Scale-severity subscale (CMSS-s),Pre-treatment (Month 0),mean ± SD,18.50 ± 7.74,20.0,not_reported,"T = 1.84, p = 0.07",not_reported,independent sample t-test,0.07,not_reported,Primary dysmenorrhea (PDM)
37454266,VA,verum acupuncture group,verum_acupuncture,CMSS-s scores,symptom_severity,Cox Menstrual Symptom Scale-severity subscale (CMSS-s),Post-treatment (Month 3),mean ± SD,12.88 ± 7.19,20.0,not_reported,not_reported,not_reported,not_reported,not_reported,not_reported,Primary dysmenorrhea (PDM)
37454266,VA,verum acupuncture group,verum_acupuncture,CMSS-s scores post-pre change,symptom_severity,Cox Menstrual Symptom Scale-severity subscale (CMSS-s),Post-pre,mean ± SD,–5.63 ± 7.80,20.0,significant decrease (p < 0.05),"T = –2.24, p = 0.03",not_reported,paired samples t-test (within group); RMANOVA (between groups),0.03,not_reported,Primary dysmenorrhea (PDM)
37454266,SA,sham acupuncture group,sham_acupuncture,CMSS-s scores,symptom_severity,Cox Menstrual Symptom Scale-severity subscale (CMSS-s),Pre-treatment (Month 0),mean ± SD,14.43 ± 3.34,14.0,not_reported,"T = 1.84, p = 0.07",not_reported,independent sample t-test,0.07,not_reported,Primary dysmenorrhea (PDM)
37454266,SA,sham acupuncture group,sham_acupuncture,CMSS-s scores,symptom_severity,Cox Menstrual Symptom Scale-severity subscale (CMSS-s),Post-treatment (Month 3),mean ± SD,14.50 ± 6.37,14.0,no significant change,not_reported,not_reported,paired samples t-test,not_reported,not_reported,Primary dysmenorrhea (PDM)
37454266,SA,sham acupuncture group,sham_acupuncture,CMSS-s scores post-pre change,symptom_severity,Cox Menstrual Symptom Scale-severity subscale (CMSS-s),Post-pre,mean ± SD,0.07 ± 6.49,14.0,no significant change,"T = –2.24, p = 0.03",not_reported,paired samples t-test (within group); RMANOVA (between groups),0.03,not_reported,Primary dysmenorrhea (PDM)
37454266,VA,verum acupuncture group,verum_acupuncture,SAS scores,mood,Zung Self-Rating Anxiety Scale (SAS),Pre-treatment (Month 0),mean ± SD,41.88 ± 4.77,20.0,not_reported,"T = 0.54, p = 0.59",not_reported,independent sample t-test,0.59,not_reported,Primary dysmenorrhea (PDM)
37454266,VA,verum acupuncture group,verum_acupuncture,SAS scores,mood,Zung Self-Rating Anxiety Scale (SAS),Post-treatment (Month 3),mean ± SD,35.44 ± 4.12,20.0,not_reported,not_reported,not_reported,not_reported,not_reported,not_reported,Primary dysmenorrhea (PDM)
37454266,VA,verum acupuncture group,verum_acupuncture,SAS scores post-pre change,mood,Zung Self-Rating Anxiety Scale (SAS),Post-pre,mean ± SD,–6.44 ± 4.65,20.0,significant decrease (p < 0.05),"T = –1.63, p = 0.11",not_reported,paired samples t-test (within group); RMANOVA (between groups),0.11,not_reported,Primary dysmenorrhea (PDM)
37454266,SA,sham acupuncture group,sham_acupuncture,SAS scores,mood,Zung Self-Rating Anxiety Scale (SAS),Pre-treatment (Month 0),mean ± SD,40.68 ± 8.08,14.0,not_reported,"T = 0.54, p = 0.59",not_reported,independent sample t-test,0.59,not_reported,Primary dysmenorrhea (PDM)
37454266,SA,sham acupuncture group,sham_acupuncture,SAS scores,mood,Zung Self-Rating Anxiety Scale (SAS),Post-treatment (Month 3),mean ± SD,37.38 ± 5.48,14.0,no significant change,not_reported,not_reported,paired samples t-test,not_reported,not_reported,Primary dysmenorrhea (PDM)
37454266,SA,sham acupuncture group,sham_acupuncture,SAS scores post-pre change,mood,Zung Self-Rating Anxiety Scale (SAS),Post-pre,mean ± SD,–3.30 ± 6.57,14.0,no significant change,"T = –1.63, p = 0.11",not_reported,paired samples t-test (within group); RMANOVA (between groups),0.11,not_reported,Primary dysmenorrhea (PDM)
37454266,VA,verum acupuncture group,verum_acupuncture,SDS scores,mood,Zung Self-Rating Depression Scale (SDS),Pre-treatment (Month 0),mean ± SD,40.36 ± 6.61,20.0,not_reported,"T = –1.35, p = 0.19",not_reported,independent sample t-test,0.19,not_reported,Primary dysmenorrhea (PDM)
37454266,VA,verum acupuncture group,verum_acupuncture,SDS scores,mood,Zung Self-Rating Depression Scale (SDS),Post-treatment (Month 3),mean ± SD,31.75 ± 5.34,20.0,not_reported,not_reported,not_reported,not_reported,not_reported,not_reported,Primary dysmenorrhea (PDM)
37454266,VA,verum acupuncture group,verum_acupuncture,SDS scores post-pre change,mood,Zung Self-Rating Depression Scale (SDS),Post-pre,mean ± SD,–14.96 ± 4.27,20.0,significant decrease (p < 0.05),"T = –1.36, p = 0.18",not_reported,paired samples t-test (within group); RMANOVA (between groups),0.18,not_reported,Primary dysmenorrhea (PDM)
37454266,SA,sham acupuncture group,sham_acupuncture,SDS scores,mood,Zung Self-Rating Depression Scale (SDS),Pre-treatment (Month 0),mean ± SD,44.20 ± 9.97,14.0,not_reported,"T = –1.35, p = 0.19",not_reported,independent sample t-test,0.19,not_reported,Primary dysmenorrhea (PDM)
37454266,SA,sham acupuncture group,sham_acupuncture,SDS scores,mood,Zung Self-Rating Depression Scale (SDS),Post-treatment (Month 3),mean ± SD,39.91 ± 7.26,14.0,not_reported,not_reported,not_reported,not_reported,not_reported,not_reported,Primary dysmenorrhea (PDM)
37454266,SA,sham acupuncture group,sham_acupuncture,SDS scores post-pre change,mood,Zung Self-Rating Depression Scale (SDS),Post-pre,mean ± SD,–12.27 ± 7.30,14.0,approach significant change (p = 0.05),"T = –1.36, p = 0.18",not_reported,paired samples t-test (within group); RMANOVA (between groups),0.18,not_reported,Primary dysmenorrhea (PDM)
37901421,arm_set1,Set 1 (0 J/cm2),sham_acupuncture,HF% (percentage of high-frequency power of HRV; 0.15-0.4 Hz),physiological,PPG-recorded HRV: HF%,not_reported,narrative,0 J/cm2 group exhibited no significant correlation with the HF% index,16.0,not_reported,not_reported,not_reported,Correlation analysis with FC image,not significant,not_reported,Healthy volunteers
37901421,arm_set1,Set 1 (0 J/cm2),sham_acupuncture,LF/HF ratio (ratio of low-frequency to high-frequency power of HRV),physiological,PPG-recorded HRV: LF/HF ratio,not_reported,narrative,0 J/cm2 still exhibited no significant correlation,16.0,not_reported,not_reported,not_reported,Correlation analysis with FC image,not significant,not_reported,Healthy volunteers
38027487,arm_ea,electroacupuncture group,verum_acupuncture,Water Swallow Test (WST),function,Water Swallow Test (WST),baseline (week 0),mean ± SD,3.71 ± 0.69,24.0,not_reported,not_reported,not_reported,not_reported,0.7719 (vs. control group at baseline),not_reported,post-stroke dysphagia
38027487,arm_ea,electroacupuncture group,verum_acupuncture,Water Swallow Test (WST),function,Water Swallow Test (WST),post-treatment (week 2),mean ± SD,2.21 ± 0.88,24.0,not_reported,not_reported,not_reported,paired t-test or Wilcoxon test (within group); unpaired t-test or Mann-Whitney U-test (between groups),p < 0.0001 (within group pre vs. post); p = 0.0052 (between groups post),not_reported,post-stroke dysphagia
38027487,arm_ctrl,control group,active_control,Water Swallow Test (WST),function,Water Swallow Test (WST),baseline (week 0),mean ± SD,3.63 ± 0.65,24.0,not_reported,not_reported,not_reported,not_reported,0.7719 (vs. electroacupuncture group at baseline),not_reported,post-stroke dysphagia
38027487,arm_ctrl,control group,active_control,Water Swallow Test (WST),function,Water Swallow Test (WST),post-treatment (week 2),mean ± SD,2.88 ± 0.80,24.0,not_reported,not_reported,not_reported,paired t-test or Wilcoxon test (within group),p < 0.0001 (within group pre vs. post),not_reported,post-stroke dysphagia
38027487,arm_ea,electroacupuncture group,verum_acupuncture,standardized swallowing assessment (SSA),function,standardized swallowing assessment (SSA),baseline (week 0),mean ± SD,30.42 ± 3.16,24.0,not_reported,not_reported,not_reported,not_reported,0.6755 (vs. control group at baseline),not_reported,post-stroke dysphagia
38027487,arm_ea,electroacupuncture group,verum_acupuncture,standardized swallowing assessment (SSA),function,standardized swallowing assessment (SSA),post-treatment (week 2),mean ± SD,24.38 ± 2.41,24.0,not_reported,not_reported,not_reported,paired t-test or Wilcoxon test (within group); unpaired t-test or Mann-Whitney U-test (between groups),p < 0.0001 (within group pre vs. post); p = 0.0019 (between groups post),not_reported,post-stroke dysphagia
38027487,arm_ctrl,control group,active_control,standardized swallowing assessment (SSA),function,standardized swallowing assessment (SSA),baseline (week 0),mean ± SD,30.08 ± 2.24,24.0,not_reported,not_reported,not_reported,not_reported,0.6755 (vs. electroacupuncture group at baseline),not_reported,post-stroke dysphagia
38027487,arm_ctrl,control group,active_control,standardized swallowing assessment (SSA),function,standardized swallowing assessment (SSA),post-treatment (week 2),mean ± SD,26.46 ± 1.93,24.0,not_reported,not_reported,not_reported,paired t-test or Wilcoxon test (within group),p < 0.0001 (within group pre vs. post),not_reported,post-stroke dysphagia
38027487,arm_ea,electroacupuncture group,verum_acupuncture,videofluoroscopic swallowing study (VFSS),function,videofluoroscopic swallowing study evaluation (VFSS),baseline (week 0),mean ± SD,3.21 ± 1.18,24.0,not_reported,not_reported,not_reported,not_reported,0.3271 (vs. control group at baseline),not_reported,post-stroke dysphagia
38027487,arm_ea,electroacupuncture group,verum_acupuncture,videofluoroscopic swallowing study (VFSS),function,videofluoroscopic swallowing study evaluation (VFSS),post-treatment (week 2),mean ± SD,6.38 ± 0.92,24.0,not_reported,not_reported,not_reported,paired t-test or Wilcoxon test (within group); unpaired t-test or Mann-Whitney U-test (between groups),p < 0.0001 (within group pre vs. post); p = 0.0009 (between groups post),not_reported,post-stroke dysphagia
38027487,arm_ctrl,control group,active_control,videofluoroscopic swallowing study (VFSS),function,videofluoroscopic swallowing study evaluation (VFSS),baseline (week 0),mean ± SD,3.46 ± 0.88,24.0,not_reported,not_reported,not_reported,not_reported,0.3271 (vs. electroacupuncture group at baseline),not_reported,post-stroke dysphagia
38027487,arm_ctrl,control group,active_control,videofluoroscopic swallowing study (VFSS),function,videofluoroscopic swallowing study evaluation (VFSS),post-treatment (week 2),mean ± SD,5.21 ± 1.25,24.0,not_reported,not_reported,not_reported,paired t-test or Wilcoxon test (within group),p < 0.0001 (within group pre vs. post),not_reported,post-stroke dysphagia
38027487,arm_ea,electroacupuncture group,verum_acupuncture,surface electromyography (sEMG) mean amplitude of swallowing muscle groups,physiological,surface electromyography (sEMG),baseline (week 0),mean ± SD,9.73 ± 1.84,24.0,not_reported,not_reported,not_reported,not_reported,0.7956 (vs. control group at baseline),not_reported,post-stroke dysphagia
38027487,arm_ea,electroacupuncture group,verum_acupuncture,surface electromyography (sEMG) mean amplitude of swallowing muscle groups,physiological,surface electromyography (sEMG),post-treatment (week 2),mean ± SD,12.41 ± 2.68,24.0,not_reported,not_reported,not_reported,paired t-test or Wilcoxon test (within group); unpaired t-test or Mann-Whitney U-test (between groups),p < 0.0001 (within group pre vs. post); p = 0.0403 (between groups post),not_reported,post-stroke dysphagia
38027487,arm_ctrl,control group,active_control,surface electromyography (sEMG) mean amplitude of swallowing muscle groups,physiological,surface electromyography (sEMG),baseline (week 0),mean ± SD,9.60 ± 1.67,24.0,not_reported,not_reported,not_reported,not_reported,0.7956 (vs. electroacupuncture group at baseline),not_reported,post-stroke dysphagia
38027487,arm_ctrl,control group,active_control,surface electromyography (sEMG) mean amplitude of swallowing muscle groups,physiological,surface electromyography (sEMG),post-treatment (week 2),mean ± SD,11.09 ± 1.50,24.0,not_reported,not_reported,not_reported,paired t-test or Wilcoxon test (within group),p < 0.0001 (within group pre vs. post),not_reported,post-stroke dysphagia
38034817,not_applicable,,,swallowing amplitude of the subglottis muscle group (mean amplitude values of swallowing muscle groups),physiological,surface electromyography (sEMG) root mean square values of swallowing amplitudes,after electroacupuncture,other,not_reported (group means visible in Fig. 5 but not explicitly tabulated in text),27.0,not_reported,"F = 13.7820, P < 0.0001 (one-way repeated measures ANOVA among three groups)",not_reported,one-way repeated measures ANOVA,P < 0.0001,all 27 subjects,Healthy volunteers; study aimed to reveal mechanisms relevant to post-stroke swallowing dysphagia
38034817,arm_HT5_GB20,HT5 + GB20 group,verum_acupuncture,swallowing amplitude of the subglottis muscle group,physiological,surface electromyography (sEMG) root mean square values of swallowing amplitudes,after electroacupuncture,other,not_reported (visible in Fig. 5),9.0,not_reported,"HT5 + GB20 group significantly stronger than HT5 group: t = 5.2474, P < 0.0001",not_reported,Bonferroni-t test,P < 0.0001,not_reported,Healthy volunteers; study aimed to reveal mechanisms relevant to post-stroke swallowing dysphagia
38034817,arm_GB20,GB20 group,verum_acupuncture,swallowing amplitude of the subglottis muscle group,physiological,surface electromyography (sEMG) root mean square values of swallowing amplitudes,after electroacupuncture,other,not_reported (visible in Fig. 5),9.0,not_reported,"GB20 group was stronger than the HT5 group: t = 2.7719, P < 0.05",not_reported,Bonferroni-t test,P < 0.05,not_reported,Healthy volunteers; study aimed to reveal mechanisms relevant to post-stroke swallowing dysphagia
38034817,arm_HT5_GB20,HT5 + GB20 group,verum_acupuncture,swallowing amplitude of the subglottis muscle group,physiological,surface electromyography (sEMG) root mean square values of swallowing amplitudes,after electroacupuncture,other,not_reported (visible in Fig. 5),9.0,not_reported,no statistically significant difference between the HT5 + GB20 and GB20 groups,not_reported,Bonferroni-t test,not significant,not_reported,Healthy volunteers; study aimed to reveal mechanisms relevant to post-stroke swallowing dysphagia
38336368,arm_A,Group A,verum_acupuncture,Credibility score QB (How confident are you that this treatment can alleviate your complaint?),other,0–6 Likert scale credibility rating,before scanning (before treatment),p_value_only,not_reported,,not_reported,P value (χ²) Group A vs Group C: 0.42,not_reported,χ² test,0.42,Group A and Group C only (credibility assessed only for TI groups),myopia
38336368,arm_A,Group A,verum_acupuncture,Credibility score QA (How confident would you be in recommending this treatment to a friend who suffered from the same complaint?),other,0–6 Likert scale credibility rating,after treatment,p_value_only,not_reported,,not_reported,P value (χ²) Group A vs Group C: 0.56,not_reported,χ² test,0.56,Group A and Group C only,myopia
38336368,arm_A arm_B,,,Needling sensation scores (combined RA: Groups A and B),sensory,needle sensation questionnaire (NSQ); range 0–75,after scanning,mean ± SD | mean (95% CI),Mean (SD) 13.75 (7.23); 95% CI 6.45–18.35,22.0,not_reported,RA did elicit significantly different sensations from SA,not_reported,not_reported,not_reported,Groups A and B combined as RA,myopia
38336368,arm_C arm_D,,,Needling sensation scores (combined SA: Groups C and D),sensory,needle sensation questionnaire (NSQ); range 0–75,after scanning,mean ± SD | mean (95% CI),Mean (SD) 3.97 (4.35); 95% CI 2.57–7.38,19.0,not_reported,RA did elicit significantly different sensations from SA,not_reported,not_reported,not_reported,Groups C and D combined as SA,myopia
38681626,arm_acupuncture,acupuncture group,verum_acupuncture,PSQI (Pittsburgh Sleep Quality Index),symptom_severity,Pittsburgh Sleep Quality Index (PSQI),Baseline (0 week),mean (SD),13.3 (2.5),23.0,not_reported,0.9 (−0.6 to 2.5),not_reported,linear mixed-effects model (LMM),group effect p = 0.013,not_reported,Chronic insomnia disorder (CID)
38681626,arm_acupuncture,acupuncture group,verum_acupuncture,PSQI (Pittsburgh Sleep Quality Index),symptom_severity,Pittsburgh Sleep Quality Index (PSQI),4 week (post-treatment),mean (SD),7.3 (2.5),23.0,−4.3 (−5.9 to −2.8),not_reported,not_reported,linear mixed-effects model (LMM); group × time interaction,interaction effect p < 0.001; time effect p < 0.001; post hoc within acupuncture group p < 0.001,not_reported,Chronic insomnia disorder (CID)
38681626,arm_waitlist,waitlist group,waitlist,PSQI (Pittsburgh Sleep Quality Index),symptom_severity,Pittsburgh Sleep Quality Index (PSQI),Baseline (0 week),mean (SD),12.5 (2.6),21.0,not_reported,not_reported,not_reported,not_reported,not_reported,not_reported,Chronic insomnia disorder (CID)
38681626,arm_waitlist,waitlist group,waitlist,PSQI (Pittsburgh Sleep Quality Index),symptom_severity,Pittsburgh Sleep Quality Index (PSQI),4 week,mean (SD),11.8 (2.1),21.0,non-significant (p > 0.05),not_reported,not_reported,linear mixed-effects model (LMM),p > 0.05,not_reported,Chronic insomnia disorder (CID)
38681626,arm_acupuncture,acupuncture group,verum_acupuncture,ISI (Insomnia Severity Index),symptom_severity,Insomnia Severity Index (ISI),Baseline (0 week),mean (SD),17.3 (3.9),23.0,not_reported,2.2 (−0.2 to 4.6),not_reported,linear mixed-effects model (LMM),group effect p = 0.094,not_reported,Chronic insomnia disorder (CID)
38681626,arm_acupuncture,acupuncture group,verum_acupuncture,ISI (Insomnia Severity Index),symptom_severity,Insomnia Severity Index (ISI),4 week (post-treatment),mean (SD),9.2 (4.4),23.0,−5.7 (−8.1 to −3.3),not_reported,not_reported,linear mixed-effects model (LMM); group × time interaction,interaction effect p < 0.001; time effect p < 0.001; post hoc within acupuncture group p < 0.001,not_reported,Chronic insomnia disorder (CID)
38681626,arm_waitlist,waitlist group,waitlist,ISI (Insomnia Severity Index),symptom_severity,Insomnia Severity Index (ISI),Baseline (0 week),mean (SD),15.6 (3.4),21.0,not_reported,not_reported,not_reported,not_reported,not_reported,not_reported,Chronic insomnia disorder (CID)
38681626,arm_waitlist,waitlist group,waitlist,ISI (Insomnia Severity Index),symptom_severity,Insomnia Severity Index (ISI),4 week,mean (SD),15.4 (4.0),21.0,non-significant (p > 0.05),not_reported,not_reported,linear mixed-effects model (LMM),p > 0.05,not_reported,Chronic insomnia disorder (CID)
38681626,arm_acupuncture,acupuncture group,verum_acupuncture,SAS (Self-rating Anxiety Scale),mood,Self-rating Anxiety Scale (SAS),Baseline (0 week),mean (SD),50.1 (9.6),23.0,not_reported,5.8 (−0.3 to 11.9),not_reported,linear mixed-effects model (LMM),group effect p = 0.573,not_reported,Chronic insomnia disorder (CID)
38681626,arm_acupuncture,acupuncture group,verum_acupuncture,SAS (Self-rating Anxiety Scale),mood,Self-rating Anxiety Scale (SAS),4 week (post-treatment),mean (SD),42.5 (7.0),23.0,−2.6 (−8.7 to 3.5),not_reported,not_reported,linear mixed-effects model (LMM); group × time interaction,interaction effect p = 0.001; time effect p = 0.009; within acupuncture group p = 0.001,not_reported,Chronic insomnia disorder (CID)
38681626,arm_waitlist,waitlist group,waitlist,SAS (Self-rating Anxiety Scale),mood,Self-rating Anxiety Scale (SAS),Baseline (0 week),mean (SD),45.4 (9.6),21.0,not_reported,not_reported,not_reported,not_reported,not_reported,not_reported,Chronic insomnia disorder (CID)
38681626,arm_waitlist,waitlist group,waitlist,SAS (Self-rating Anxiety Scale),mood,Self-rating Anxiety Scale (SAS),4 week,mean (SD),46.2 (12.6),21.0,non-significant (p > 0.05),not_reported,not_reported,linear mixed-effects model (LMM),p > 0.05,not_reported,Chronic insomnia disorder (CID)
38681626,arm_acupuncture,acupuncture group,verum_acupuncture,SDS (Self-Rating Depression Scale),mood,Self-Rating Depression Scale (SDS),Baseline (0 week),mean (SD),51.7 (8.7),23.0,not_reported,4.9 (−0.8 to 10.6),not_reported,linear mixed-effects model (LMM),group effect p = 0.223,not_reported,Chronic insomnia disorder (CID)
38681626,arm_acupuncture,acupuncture group,verum_acupuncture,SDS (Self-Rating Depression Scale),mood,Self-Rating Depression Scale (SDS),4 week (post-treatment),mean (SD),49.0 (7.4),23.0,1.6 (−4.2 to 7.3) [non-significant],not_reported,not_reported,linear mixed-effects model (LMM); group × time interaction,interaction effect p = 0.171; time effect p = 0.377,not_reported,Chronic insomnia disorder (CID)
38681626,arm_waitlist,waitlist group,waitlist,SDS (Self-Rating Depression Scale),mood,Self-Rating Depression Scale (SDS),Baseline (0 week),mean (SD),48.0 (10.2),21.0,not_reported,not_reported,not_reported,not_reported,not_reported,not_reported,Chronic insomnia disorder (CID)
38681626,arm_waitlist,waitlist group,waitlist,SDS (Self-Rating Depression Scale),mood,Self-Rating Depression Scale (SDS),4 week,mean (SD),48.6 (10.9),21.0,not_reported,not_reported,not_reported,not_reported,not_reported,not_reported,Chronic insomnia disorder (CID)
38681626,arm_acupuncture,acupuncture group,verum_acupuncture,TNF-α (Tumor Necrosis Factor-alpha),physiological,serum TNF-α (pg/mL); Rayto RT-6100 diagnostic instrument and enzyme-linked immunosorbent assay kits,Baseline (0 week),mean (SD),11.0 (1.8),23.0,−1.3 (−2.5 to −0.2),NA (collected only in acupuncture group),not_reported,within-group LMM with time as fixed effect,p = 0.026,acupuncture group only,Chronic insomnia disorder (CID)
38681626,arm_acupuncture,acupuncture group,verum_acupuncture,TNF-α (Tumor Necrosis Factor-alpha),physiological,serum TNF-α (pg/mL); Rayto RT-6100 diagnostic instrument and enzyme-linked immunosorbent assay kits,4 week (post-treatment),mean (SD),7.4 (2.5),23.0,−1.3 (−2.5 to −0.2),,not_reported,within-group LMM with time as fixed effect,p = 0.026,acupuncture group only,Chronic insomnia disorder (CID)
38681626,arm_acupuncture,acupuncture group,verum_acupuncture,IL-6 (Interleukin-6),physiological,serum IL-6 (pg/mL); Rayto RT-6100 diagnostic instrument and enzyme-linked immunosorbent assay kits,Baseline (0 week),mean (SD),20.1 (1.6),23.0,−1.0 (−1.6 to −0.4),NA (collected only in acupuncture group),not_reported,within-group LMM with time as fixed effect,p = 0.001,acupuncture group only,Chronic insomnia disorder (CID)
38681626,arm_acupuncture,acupuncture group,verum_acupuncture,IL-6 (Interleukin-6),physiological,serum IL-6 (pg/mL); Rayto RT-6100 diagnostic instrument and enzyme-linked immunosorbent assay kits,4 week (post-treatment),mean (SD),8.4 (0.9),23.0,−1.0 (−1.6 to −0.4),,not_reported,within-group LMM with time as fixed effect,p = 0.001,acupuncture group only,Chronic insomnia disorder (CID)
38681626,arm_acupuncture,acupuncture group,verum_acupuncture,IL-1β (Interleukin-1 beta),physiological,serum IL-1β (pg/mL); Rayto RT-6100 diagnostic instrument and enzyme-linked immunosorbent assay kits,Baseline (0 week),mean (SD),20.1 (1.6),23.0,−4.6 (−5.4 to −3.8),NA (collected only in acupuncture group),not_reported,within-group LMM with time as fixed effect,p < 0.001,acupuncture group only,Chronic insomnia disorder (CID)
38681626,arm_acupuncture,acupuncture group,verum_acupuncture,IL-1β (Interleukin-1 beta),physiological,serum IL-1β (pg/mL); Rayto RT-6100 diagnostic instrument and enzyme-linked immunosorbent assay kits,4 week (post-treatment),mean (SD),15.5 (1.3),23.0,−4.6 (−5.4 to −3.8),,not_reported,within-group LMM with time as fixed effect,p < 0.001,acupuncture group only,Chronic insomnia disorder (CID)
38681626,arm_acupuncture,acupuncture group,verum_acupuncture,CRP (C-reactive protein),physiological,serum CRP; Rayto RT-6100 diagnostic instrument and enzyme-linked immunosorbent assay kits,Baseline (0 week),mean (SD),2.0 (0.3),23.0,−0.1 (−0.3 to 0.0) [non-significant],NA (collected only in acupuncture group),not_reported,within-group LMM with time as fixed effect,p = 0.128,acupuncture group only,Chronic insomnia disorder (CID)
38681626,arm_acupuncture,acupuncture group,verum_acupuncture,CRP (C-reactive protein),physiological,serum CRP; Rayto RT-6100 diagnostic instrument and enzyme-linked immunosorbent assay kits,4 week (post-treatment),mean (SD),1.90 (0.33),23.0,−0.1 (−0.3 to 0.0) [non-significant],,not_reported,within-group LMM with time as fixed effect,p = 0.128,acupuncture group only,Chronic insomnia disorder (CID)
39089662,arm_SA,scalp acupuncture (SAs) group,verum_acupuncture,National Institutes of Health Stroke Scale (NIHSS) score,symptom_severity,NIHSS,baseline (before treatment),mean ± SD,5.0 ± 2.75,10.0,not_reported,no significant differences (p = 0.410) between SAs and PCs before first scan,not_reported,not_reported,"p = 0.410 (SAs vs PCs, pre-treatment)",not_reported,Left hemiplegia due to ischemic stroke (unilateral partial anterior circulation infarction)
39089662,arm_PC,patient control (PCs) group,usual_care,National Institutes of Health Stroke Scale (NIHSS) score,symptom_severity,NIHSS,baseline (before treatment),mean ± SD,5.9 ± 2.62,11.0,not_reported,no significant differences (p = 0.410) between SAs and PCs before first scan,not_reported,not_reported,"p = 0.410 (SAs vs PCs, pre-treatment)",not_reported,Left hemiplegia due to ischemic stroke (unilateral partial anterior circulation infarction)
39089662,arm_SA,scalp acupuncture (SAs) group,verum_acupuncture,National Institutes of Health Stroke Scale (NIHSS) score,symptom_severity,NIHSS,after 14-day treatment,not_reported,not_reported,,not_reported,significant differences found (p = 0.027) after 14-day treatment between SAs and PCs,not_reported,not_reported,p = 0.027,not_reported,Left hemiplegia due to ischemic stroke (unilateral partial anterior circulation infarction)
39089662,arm_SA,scalp acupuncture (SAs) group,verum_acupuncture,Age,other,not_applicable,baseline,mean ± SD,68.4 ± 4.5,11.0,not_reported,significant differences between SAs and PCs (p = 0.003),not_reported,not_reported,p = 0.003,not_reported,Left hemiplegia due to ischemic stroke (unilateral partial anterior circulation infarction)
39089662,arm_PC,patient control (PCs) group,usual_care,Age,other,not_applicable,baseline,mean ± SD,57.1 ± 9.8,10.0,not_reported,significant differences between SAs and PCs (p = 0.003),not_reported,not_reported,p = 0.003,not_reported,Left hemiplegia due to ischemic stroke (unilateral partial anterior circulation infarction)
39089662,arm_HC,healthy controls (HCs),healthy_control,Age,other,not_applicable,baseline,mean ± SD,57.4 ± 8.39,20.0,not_reported,no significant differences between patients and HCs (p = 0.079),not_reported,not_reported,p = 0.079,not_reported,Left hemiplegia due to ischemic stroke (unilateral partial anterior circulation infarction)
39169368,not_applicable,,,Percentage of time in the central zone (OFT),function,Open Field Test (OFT),1-day post-treatment,mean ± SEM,not_reported,10.0,not_reported,Significant difference between wildtype-control mice and untreated 3×Tg-AD mice (**P < 0.01); no significant difference between untreated and treated 3×Tg-AD mice (even EA or Non-EA treatment) (ns),not_reported,one-way ANOVA with post hoc test,WT vs 3×Tg-AD: **P < 0.01; EA vs 3×Tg-AD: ns; Non-EA vs 3×Tg-AD: ns,n = 10 in each group,Alzheimer's disease (3×Tg-AD transgenic mouse model)
39169368,not_applicable,,,Total distance traveled throughout the field (OFT),function,Open Field Test (OFT),1-day post-treatment,mean ± SEM,not_reported,10.0,not_reported,Significant difference between wildtype-control mice and untreated 3×Tg-AD mice (**P < 0.01); no significant difference between untreated and treated 3×Tg-AD mice (ns),not_reported,one-way ANOVA with post hoc test,WT vs 3×Tg-AD: **P < 0.01; EA vs 3×Tg-AD: ns; Non-EA vs 3×Tg-AD: ns,n = 10 in each group,Alzheimer's disease (3×Tg-AD transgenic mouse model)
39169368,not_applicable,,,Total time spent exploring (both objects) in ORT,cognition,Novel Object Recognition Test (NORT/ORT),2-days post-treatment,mean ± SEM,not_reported,10.0,not_reported,3×Tg-AD mice reduced vs WT (**P < 0.01); EA or Non-EA treatment did not affect it (ns),not_reported,one-way ANOVA with post hoc test,WT vs 3×Tg-AD: **P < 0.01; EA vs 3×Tg-AD: ns; Non-EA vs 3×Tg-AD: ns,n = 10 in each group,Alzheimer's disease (3×Tg-AD transgenic mouse model)
39169368,not_applicable,,,Total number of visits to both objects in ORT,cognition,Novel Object Recognition Test (NORT/ORT),2-days post-treatment,mean ± SEM,not_reported,10.0,not_reported,3×Tg-AD mice reduced vs WT (**P < 0.01); EA or Non-EA treatment did not affect it (ns),not_reported,one-way ANOVA with post hoc test,WT vs 3×Tg-AD: **P < 0.01; EA vs 3×Tg-AD: ns; Non-EA vs 3×Tg-AD: ns,n = 10 in each group,Alzheimer's disease (3×Tg-AD transgenic mouse model)
39169368,not_applicable,,,Recognition index of time during probe test,cognition,Novel Object Recognition Test (NORT/ORT) – recognition index (time),2-days post-treatment (probe test),mean ± SEM,not_reported,10.0,not_reported,Differences between untreated and EA-treated 3×Tg-AD mice were significant (**P < 0.01); Non-EA-treatment presented no difference (ns); WT vs 3×Tg-AD: **P < 0.01,not_reported,one-way ANOVA with post hoc test,WT vs 3×Tg-AD: **P < 0.01; EA vs 3×Tg-AD: **P < 0.01; Non-EA vs 3×Tg-AD: *P < 0.05 (inferred from Figure 2C); see notes,n = 10 in each group,Alzheimer's disease (3×Tg-AD transgenic mouse model)
39169368,not_applicable,,,Recognition index of number during probe test,cognition,Novel Object Recognition Test (NORT/ORT) – recognition index (number),2-days post-treatment (probe test),mean ± SEM,not_reported,10.0,not_reported,Differences between untreated and EA-treated 3×Tg-AD mice were significant (**P < 0.01); Non-EA-treatment presented no difference; WT vs 3×Tg-AD: **P < 0.01,not_reported,one-way ANOVA with post hoc test,WT vs 3×Tg-AD: **P < 0.01; EA vs 3×Tg-AD: **P < 0.01; EA vs Non-EA: **P < 0.01,n = 10 in each group,Alzheimer's disease (3×Tg-AD transgenic mouse model)
39169368,not_applicable,,,Amplitude of sEPSC of hippocampal CA1,physiological,Spontaneous excitatory postsynaptic currents (sEPSC) – amplitude (pA),post-treatment (after MRI),mean ± SEM,not_reported,5.0,not_reported,Significant differences among all groups (**P < 0.01); 3×Tg-AD mice showed significantly decreased sEPSC amplitude compared to WT; EA-treated significantly different from untreated 3×Tg-AD; Non-EA treatment does not affect it,not_reported,one-way ANOVA with post hoc test,WT vs 3×Tg-AD: **P < 0.01; EA vs 3×Tg-AD: **P < 0.01; EA vs Non-EA: **P < 0.01,n = 5 in each group,Alzheimer's disease (3×Tg-AD transgenic mouse model)
39169368,not_applicable,,,"Frequency of spontaneous firing of hippocampal CA1 (sEPSC frequency, Hz)",physiological,Spontaneous excitatory postsynaptic currents (sEPSC) – frequency (Hz),post-treatment (after MRI),mean ± SEM,not_reported,5.0,not_reported,Significant differences among all groups (**P < 0.01); EA-treated significantly different from untreated 3×Tg-AD; Non-EA treatment does not affect it,not_reported,one-way ANOVA with post hoc test,WT vs 3×Tg-AD: **P < 0.01; EA vs 3×Tg-AD: **P < 0.01; EA vs Non-EA: **P < 0.01,n = 5 in each group,Alzheimer's disease (3×Tg-AD transgenic mouse model)
39368604,VA1,Verum Acupuncture Group 1 (VA1),verum_acupuncture,Headache intensity,pain,"visual analogue scale (VAS), 0–10",Baseline,mean (95% CI),5.45 (4.54; 6.37),11.0,not_reported,not_reported,not_reported,not_reported,not_reported,subjects completed two MRI scans with completed MRI data,Migraine without aura (MwoA)
39368604,VA1,Verum Acupuncture Group 1 (VA1),verum_acupuncture,Headache intensity,pain,"visual analogue scale (VAS), 0–10",End of treatment,mean (95% CI),3.18 (2.24; 4.12),11.0,not_reported,not_reported,not_reported,Pair-t test,0.003,not_reported,Migraine without aura (MwoA)
39368604,VA2,Verum Acupuncture Group 2 (VA2),verum_acupuncture,Headache intensity,pain,"visual analogue scale (VAS), 0–10",Baseline,mean (95% CI),5.32 (4.68; 5.96),11.0,not_reported,not_reported,not_reported,not_reported,not_reported,subjects completed two MRI scans with completed MRI data,Migraine without aura (MwoA)
39368604,VA2,Verum Acupuncture Group 2 (VA2),verum_acupuncture,Headache intensity,pain,"visual analogue scale (VAS), 0–10",End of treatment,mean (95% CI),3.73 (2.82; 4.63),11.0,not_reported,not_reported,not_reported,Pair-t test,0.002,not_reported,Migraine without aura (MwoA)
39368604,VA3,Verum Acupuncture Group 3 (VA3),verum_acupuncture,Headache intensity,pain,"visual analogue scale (VAS), 0–10",Baseline,mean (95% CI),5.69 (5.12; 6.26),13.0,not_reported,not_reported,not_reported,not_reported,not_reported,subjects completed two MRI scans with completed MRI data,Migraine without aura (MwoA)
39368604,VA3,Verum Acupuncture Group 3 (VA3),verum_acupuncture,Headache intensity,pain,"visual analogue scale (VAS), 0–10",End of treatment,mean (95% CI),3.15 (2.31; 3.99),13.0,not_reported,not_reported,not_reported,Pair-t test,0.000,not_reported,Migraine without aura (MwoA)
39368604,SA,Sham Acupuncture Group (SA),sham_acupuncture,Headache intensity,pain,"visual analogue scale (VAS), 0–10",Baseline,mean (95% CI),5.18 (4.19; 6.17),11.0,not_reported,not_reported,not_reported,not_reported,not_reported,subjects completed two MRI scans with completed MRI data,Migraine without aura (MwoA)
39368604,SA,Sham Acupuncture Group (SA),sham_acupuncture,Headache intensity,pain,"visual analogue scale (VAS), 0–10",End of treatment,mean (95% CI),4.04 (3.09; 5.00),11.0,not_reported,not_reported,not_reported,Pair-t test,0.158,not_reported,Migraine without aura (MwoA)
39368604,WT,Waiting-list group (WT),waitlist,Headache intensity,pain,"visual analogue scale (VAS), 0–10",Baseline,mean (95% CI),5.66 (5.16; 6.15),16.0,not_reported,not_reported,not_reported,not_reported,not_reported,subjects completed two MRI scans with completed MRI data,Migraine without aura (MwoA)
39368604,WT,Waiting-list group (WT),waitlist,Headache intensity,pain,"visual analogue scale (VAS), 0–10",End of treatment,mean (95% CI),5.72 (4.84; 6.59),16.0,not_reported,not_reported,not_reported,Pair-t test,0.861,not_reported,Migraine without aura (MwoA)
39368604,AG,Acupuncture Group (AG) [verum + sham merged],verum_acupuncture,Headache intensity,pain,"visual analogue scale (VAS), 0–10",Baseline,mean (95% CI),5.42 (5.08; 5.77),46.0,not_reported,not_reported,not_reported,not_reported,not_reported,acupuncture group (verum + sham),Migraine without aura (MwoA)
39368604,AG,Acupuncture Group (AG) [verum + sham merged],verum_acupuncture,Headache intensity,pain,"visual analogue scale (VAS), 0–10",End of treatment,mean (95% CI),3.51 (3.10;3.93),46.0,not_reported,not_reported,not_reported,Pair-t test,0.000,acupuncture group (verum + sham),Migraine without aura (MwoA)
39368604,AG,Acupuncture Group (AG) [verum + sham merged],verum_acupuncture,Headache intensity change (End-baseline),pain,"visual analogue scale (VAS), 0–10",End-baseline,mean (95% CI),AG: −1.91 (−2.46; −1.37); WT: 0.06 (−0.68; 0.81),,not_reported,P value = 0.000 (AG vs WT),not_reported,two-sample t test,0.000,not_reported,Migraine without aura (MwoA)
39368604,VA1,Verum Acupuncture Group 1 (VA1),verum_acupuncture,Headache frequency,symptom_severity,number of migraines separated by pain free intervals of at least 48hours of headache,Baseline,mean (95% CI),5.91 (3.88; 7.93),11.0,not_reported,not_reported,not_reported,not_reported,not_reported,subjects completed two MRI scans with completed MRI data,Migraine without aura (MwoA)
39368604,VA1,Verum Acupuncture Group 1 (VA1),verum_acupuncture,Headache frequency,symptom_severity,number of migraines separated by pain free intervals of at least 48hours of headache,End of treatment,mean (95% CI),4.18 (2.60; 5.77),11.0,not_reported,not_reported,not_reported,Pair-t test,0.029,not_reported,Migraine without aura (MwoA)
39368604,VA2,Verum Acupuncture Group 2 (VA2),verum_acupuncture,Headache frequency,symptom_severity,number of migraines separated by pain free intervals of at least 48hours of headache,Baseline,mean (95% CI),7.45 (5.03; 9.88),11.0,not_reported,not_reported,not_reported,not_reported,not_reported,subjects completed two MRI scans with completed MRI data,Migraine without aura (MwoA)
39368604,VA2,Verum Acupuncture Group 2 (VA2),verum_acupuncture,Headache frequency,symptom_severity,number of migraines separated by pain free intervals of at least 48hours of headache,End of treatment,mean (95% CI),6.18 (4.13; 8.03),11.0,not_reported,not_reported,not_reported,Pair-t test,0.111,not_reported,Migraine without aura (MwoA)
39368604,VA3,Verum Acupuncture Group 3 (VA3),verum_acupuncture,Headache frequency,symptom_severity,number of migraines separated by pain free intervals of at least 48hours of headache,Baseline,mean (95% CI),5.54 (3.35; 7.72),13.0,not_reported,not_reported,not_reported,not_reported,not_reported,subjects completed two MRI scans with completed MRI data,Migraine without aura (MwoA)
39368604,VA3,Verum Acupuncture Group 3 (VA3),verum_acupuncture,Headache frequency,symptom_severity,number of migraines separated by pain free intervals of at least 48hours of headache,End of treatment,mean (95% CI),4.08 (2.40; 5.76),13.0,not_reported,not_reported,not_reported,Pair-t test,0.038,not_reported,Migraine without aura (MwoA)
39368604,SA,Sham Acupuncture Group (SA),sham_acupuncture,Headache frequency,symptom_severity,number of migraines separated by pain free intervals of at least 48hours of headache,Baseline,mean (95% CI),6.45 (4.34; 8.57),11.0,not_reported,not_reported,not_reported,not_reported,not_reported,subjects completed two MRI scans with completed MRI data,Migraine without aura (MwoA)
39368604,SA,Sham Acupuncture Group (SA),sham_acupuncture,Headache frequency,symptom_severity,number of migraines separated by pain free intervals of at least 48hours of headache,End of treatment,mean (95% CI),6.45 (3.97; 8.94),11.0,not_reported,not_reported,not_reported,Pair-t test,0.999,not_reported,Migraine without aura (MwoA)
39368604,WT,Waiting-list group (WT),waitlist,Headache frequency,symptom_severity,number of migraines separated by pain free intervals of at least 48hours of headache,Baseline,mean (95% CI),4.31 (2.91; 5.71),16.0,not_reported,not_reported,not_reported,not_reported,not_reported,subjects completed two MRI scans with completed MRI data,Migraine without aura (MwoA)
39368604,WT,Waiting-list group (WT),waitlist,Headache frequency,symptom_severity,number of migraines separated by pain free intervals of at least 48hours of headache,End of treatment,mean (95% CI),8.63 (6.14; 11.11),16.0,not_reported,not_reported,not_reported,Pair-t test,0.000,not_reported,Migraine without aura (MwoA)
39368604,AG,Acupuncture Group (AG) [verum + sham merged],verum_acupuncture,Headache frequency,symptom_severity,number of migraines separated by pain free intervals of at least 48hours of headache,Baseline,mean (95% CI),6.30 (5.31; 7.30),46.0,not_reported,not_reported,not_reported,not_reported,not_reported,acupuncture group (verum + sham),Migraine without aura (MwoA)
39368604,AG,Acupuncture Group (AG) [verum + sham merged],verum_acupuncture,Headache frequency,symptom_severity,number of migraines separated by pain free intervals of at least 48hours of headache,End of treatment,mean (95% CI),5.17 (4.27; 6.08),46.0,not_reported,not_reported,not_reported,Pair-t test,0.009,acupuncture group (verum + sham),Migraine without aura (MwoA)
39368604,AG,Acupuncture Group (AG) [verum + sham merged],verum_acupuncture,Headache frequency change (End-baseline),symptom_severity,number of migraines separated by pain free intervals of at least 48hours of headache,End-baseline,mean (95% CI),AG: −1.13 (−1.97; −0.29); WT: 4.31 (2.26; 6.37),,not_reported,P value = 0.000 (AG vs WT),not_reported,two-sample t test,0.000,not_reported,Migraine without aura (MwoA)
39368604,VA1,Verum Acupuncture Group 1 (VA1),verum_acupuncture,SAS score,mood,self-rating anxiety scale (SAS),Baseline,mean (95% CI),45.05 (39.72; 50.37),11.0,not_reported,not_reported,not_reported,not_reported,not_reported,subjects completed two MRI scans with completed MRI data,Migraine without aura (MwoA)
39368604,VA1,Verum Acupuncture Group 1 (VA1),verum_acupuncture,SAS score,mood,self-rating anxiety scale (SAS),End of treatment,mean (95% CI),39.20 (31.93; 46.48),11.0,not_reported,not_reported,not_reported,Pair-t test,0.101,not_reported,Migraine without aura (MwoA)
39368604,VA2,Verum Acupuncture Group 2 (VA2),verum_acupuncture,SAS score,mood,self-rating anxiety scale (SAS),Baseline,mean (95% CI),45.27 (39.71; 50.83),11.0,not_reported,not_reported,not_reported,not_reported,not_reported,subjects completed two MRI scans with completed MRI data,Migraine without aura (MwoA)
39368604,VA2,Verum Acupuncture Group 2 (VA2),verum_acupuncture,SAS score,mood,self-rating anxiety scale (SAS),End of treatment,mean (95% CI),41.77 (36.43; 47.11),11.0,not_reported,not_reported,not_reported,Pair-t test,0.180,not_reported,Migraine without aura (MwoA)
39368604,VA3,Verum Acupuncture Group 3 (VA3),verum_acupuncture,SAS score,mood,self-rating anxiety scale (SAS),Baseline,mean (95% CI),46.75 (40.50; 53.00),13.0,not_reported,not_reported,not_reported,not_reported,not_reported,subjects completed two MRI scans with completed MRI data,Migraine without aura (MwoA)
39368604,VA3,Verum Acupuncture Group 3 (VA3),verum_acupuncture,SAS score,mood,self-rating anxiety scale (SAS),End of treatment,mean (95% CI),37.96 (31.68; 44.25),13.0,not_reported,not_reported,not_reported,Pair-t test,0.015,not_reported,Migraine without aura (MwoA)
39368604,SA,Sham Acupuncture Group (SA),sham_acupuncture,SAS score,mood,self-rating anxiety scale (SAS),Baseline,mean (95% CI),45.68 (40.35; 51.01),11.0,not_reported,not_reported,not_reported,not_reported,not_reported,subjects completed two MRI scans with completed MRI data,Migraine without aura (MwoA)
39368604,SA,Sham Acupuncture Group (SA),sham_acupuncture,SAS score,mood,self-rating anxiety scale (SAS),End of treatment,mean (95% CI),38.02 (32.97; 43.08),11.0,not_reported,not_reported,not_reported,Pair-t test,0.081,not_reported,Migraine without aura (MwoA)
39368604,WT,Waiting-list group (WT),waitlist,SAS score,mood,self-rating anxiety scale (SAS),Baseline,mean (95% CI),46.81 (41.52; 52.11),16.0,not_reported,not_reported,not_reported,not_reported,not_reported,subjects completed two MRI scans with completed MRI data,Migraine without aura (MwoA)
39368604,WT,Waiting-list group (WT),waitlist,SAS score,mood,self-rating anxiety scale (SAS),End of treatment,mean (95% CI),41.64 (37.76; 45.52),16.0,not_reported,not_reported,not_reported,Pair-t test,0.040,not_reported,Migraine without aura (MwoA)
39368604,AG,Acupuncture Group (AG) [verum + sham merged],verum_acupuncture,SAS score,mood,self-rating anxiety scale (SAS),Baseline,mean (95% CI),45.73 (43.21; 48.26),46.0,not_reported,not_reported,not_reported,not_reported,not_reported,acupuncture group (verum + sham),Migraine without aura (MwoA)
39368604,AG,Acupuncture Group (AG) [verum + sham merged],verum_acupuncture,SAS score,mood,self-rating anxiety scale (SAS),End of treatment,mean (95% CI),39.18 (36.46; 41.91),46.0,not_reported,not_reported,not_reported,Pair-t test,0.000,acupuncture group (verum + sham),Migraine without aura (MwoA)
39368604,VA1,Verum Acupuncture Group 1 (VA1),verum_acupuncture,SDS score,mood,self-rating depression scale (SDS),Baseline,mean (95% CI),42.41 (34.55; 50.27),11.0,not_reported,not_reported,not_reported,not_reported,not_reported,subjects completed two MRI scans with completed MRI data,Migraine without aura (MwoA)
39368604,VA1,Verum Acupuncture Group 1 (VA1),verum_acupuncture,SDS score,mood,self-rating depression scale (SDS),End of treatment,mean (95% CI),41.93 (33.11; 50.75),11.0,not_reported,not_reported,not_reported,Pair-t test,0.832,not_reported,Migraine without aura (MwoA)
39368604,VA2,Verum Acupuncture Group 2 (VA2),verum_acupuncture,SDS score,mood,self-rating depression scale (SDS),Baseline,mean (95% CI),50.86 (45.14; 56.59),11.0,not_reported,not_reported,not_reported,not_reported,not_reported,subjects completed two MRI scans with completed MRI data,Migraine without aura (MwoA)
39368604,VA2,Verum Acupuncture Group 2 (VA2),verum_acupuncture,SDS score,mood,self-rating depression scale (SDS),End of treatment,mean (95% CI),43.86 (36.67; 51.05),11.0,not_reported,not_reported,not_reported,Pair-t test,0.071,not_reported,Migraine without aura (MwoA)
39368604,VA3,Verum Acupuncture Group 3 (VA3),verum_acupuncture,SDS score,mood,self-rating depression scale (SDS),Baseline,mean (95% CI),43.90 (36.43; 51.38),13.0,not_reported,not_reported,not_reported,not_reported,not_reported,subjects completed two MRI scans with completed MRI data,Migraine without aura (MwoA)
39368604,VA3,Verum Acupuncture Group 3 (VA3),verum_acupuncture,SDS score,mood,self-rating depression scale (SDS),End of treatment,mean (95% CI),38.92 (32.31; 45.53),13.0,not_reported,not_reported,not_reported,Pair-t test,0.070,not_reported,Migraine without aura (MwoA)
39368604,SA,Sham Acupuncture Group (SA),sham_acupuncture,SDS score,mood,self-rating depression scale (SDS),Baseline,mean (95% CI),44.27 (37.41; 51.14),11.0,not_reported,not_reported,not_reported,not_reported,not_reported,subjects completed two MRI scans with completed MRI data,Migraine without aura (MwoA)
39368604,SA,Sham Acupuncture Group (SA),sham_acupuncture,SDS score,mood,self-rating depression scale (SDS),End of treatment,mean (95% CI),37.34 (30.69; 43.98),11.0,not_reported,not_reported,not_reported,Pair-t test,0.118,not_reported,Migraine without aura (MwoA)
39368604,WT,Waiting-list group (WT),waitlist,SDS score,mood,self-rating depression scale (SDS),Baseline,mean (95% CI),47.34 (42.48; 52.21),16.0,not_reported,not_reported,not_reported,not_reported,not_reported,subjects completed two MRI scans with completed MRI data,Migraine without aura (MwoA)
39368604,WT,Waiting-list group (WT),waitlist,SDS score,mood,self-rating depression scale (SDS),End of treatment,mean (95% CI),41.25 (35.99; 46.51),16.0,not_reported,not_reported,not_reported,Pair-t test,0.065,not_reported,Migraine without aura (MwoA)
39368604,AG,Acupuncture Group (AG) [verum + sham merged],verum_acupuncture,SDS score,mood,self-rating depression scale (SDS),Baseline,mean (95% CI),45.30 (42.03; 48.57),46.0,not_reported,not_reported,not_reported,not_reported,not_reported,acupuncture group (verum + sham),Migraine without aura (MwoA)
39368604,AG,Acupuncture Group (AG) [verum + sham merged],verum_acupuncture,SDS score,mood,self-rating depression scale (SDS),End of treatment,mean (95% CI),40.45 (37.14; 43.75),46.0,not_reported,not_reported,not_reported,Pair-t test,0.003,acupuncture group (verum + sham),Migraine without aura (MwoA)
39468590,TAG,true acupuncture group (TAG),verum_acupuncture,UPDRS II score,function,"UPDRS II (Unified Parkinson's Disease Rating Scale, part II)",Pre-treatment,mean ± SD,12.64 ± 5.98,14.0,not_reported,not_reported,not_reported,not_reported,not_reported,not_reported,Parkinson's disease with tremor
39468590,TAG,true acupuncture group (TAG),verum_acupuncture,UPDRS II score,function,"UPDRS II (Unified Parkinson's Disease Rating Scale, part II)",Post-treatment,mean ± SD,9.00 ± 4.40,14.0,"T-value = 3.40, P = 0.005",not_reported,not_reported,paired-sample t-test,0.005,not_reported,Parkinson's disease with tremor
39468590,WG,waiting group (WG),waitlist,UPDRS II score,function,UPDRS II,Pre-treatment,mean ± SD,11.09 ± 6.58,11.0,not_reported,not_reported,not_reported,not_reported,not_reported,not_reported,Parkinson's disease with tremor
39468590,WG,waiting group (WG),waitlist,UPDRS II score,function,UPDRS II,Post-treatment,mean ± SD,12.27 ± 7.90,11.0,"T-value = -1.44, P = 0.179",not_reported,not_reported,paired-sample t-test,0.179,not_reported,Parkinson's disease with tremor
39468590,SAG,sham acupuncture group (SAG),sham_acupuncture,UPDRS II score,function,UPDRS II,Pre-treatment,mean ± SD,11.25 ± 4.58,12.0,not_reported,not_reported,not_reported,not_reported,not_reported,not_reported,Parkinson's disease with tremor
39468590,SAG,sham acupuncture group (SAG),sham_acupuncture,UPDRS II score,function,UPDRS II,Post-treatment,mean ± SD,10.33 ± 5.28,12.0,"T-value = 1.08, P = 0.303",not_reported,not_reported,paired-sample t-test,0.303,not_reported,Parkinson's disease with tremor
39468590,TAG,true acupuncture group (TAG),verum_acupuncture,UPDRS III score,symptom_severity,"UPDRS III (Unified Parkinson's Disease Rating Scale, part III)",Pre-treatment,mean ± SD,26.00 ± 15.07,14.0,not_reported,not_reported,not_reported,not_reported,not_reported,not_reported,Parkinson's disease with tremor
39468590,TAG,true acupuncture group (TAG),verum_acupuncture,UPDRS III score,symptom_severity,UPDRS III,Post-treatment,mean ± SD,21.64 ± 13.68,14.0,"T-value = 2.96, P = 0.011",not_reported,not_reported,paired-sample t-test,0.011,not_reported,Parkinson's disease with tremor
39468590,WG,waiting group (WG),waitlist,UPDRS III score,symptom_severity,UPDRS III,Pre-treatment,mean ± SD,24.36 ± 14.07,11.0,not_reported,not_reported,not_reported,not_reported,not_reported,not_reported,Parkinson's disease with tremor
39468590,WG,waiting group (WG),waitlist,UPDRS III score,symptom_severity,UPDRS III,Post-treatment,mean ± SD,26.73 ± 14.03,11.0,"T-value = -1.88, P = 0.090",not_reported,not_reported,paired-sample t-test,0.090,not_reported,Parkinson's disease with tremor
39468590,SAG,sham acupuncture group (SAG),sham_acupuncture,UPDRS III score,symptom_severity,UPDRS III,Pre-treatment,mean ± SD,19.50 ± 8.49,12.0,not_reported,not_reported,not_reported,not_reported,not_reported,not_reported,Parkinson's disease with tremor
39468590,SAG,sham acupuncture group (SAG),sham_acupuncture,UPDRS III score,symptom_severity,UPDRS III,Post-treatment,mean ± SD,19.25 ± 9.21,12.0,"T-value = 0.29, P = 0.777",not_reported,not_reported,paired-sample t-test,0.777,not_reported,Parkinson's disease with tremor
39468590,TAG,true acupuncture group (TAG),verum_acupuncture,Tremor score,symptom_severity,UPDRS III tremor score (items 20 and 21),Pre-treatment,mean ± SD,1.17 ± 0.52,14.0,not_reported,not_reported,not_reported,not_reported,not_reported,not_reported,Parkinson's disease with tremor
39468590,TAG,true acupuncture group (TAG),verum_acupuncture,Tremor score,symptom_severity,UPDRS III tremor score (items 20 and 21),Post-treatment,mean ± SD,0.85 ± 0.43,14.0,"T-value = 6.19, P = 0.000",not_reported,not_reported,paired-sample t-test,0.000,not_reported,Parkinson's disease with tremor
39468590,WG,waiting group (WG),waitlist,Tremor score,symptom_severity,UPDRS III tremor score (items 20 and 21),Pre-treatment,mean ± SD,1.12 ± 0.62,11.0,not_reported,not_reported,not_reported,not_reported,not_reported,not_reported,Parkinson's disease with tremor
39468590,WG,waiting group (WG),waitlist,Tremor score,symptom_severity,UPDRS III tremor score (items 20 and 21),Post-treatment,mean ± SD,1.31 ± 0.69,11.0,"T-value = -3.75, P = 0.004",not_reported,not_reported,paired-sample t-test,0.004,not_reported,Parkinson's disease with tremor
39468590,SAG,sham acupuncture group (SAG),sham_acupuncture,Tremor score,symptom_severity,UPDRS III tremor score (items 20 and 21),Pre-treatment,mean ± SD,0.92 ± 0.49,12.0,not_reported,not_reported,not_reported,not_reported,not_reported,not_reported,Parkinson's disease with tremor
39468590,SAG,sham acupuncture group (SAG),sham_acupuncture,Tremor score,symptom_severity,UPDRS III tremor score (items 20 and 21),Post-treatment,mean ± SD,0.90 ± 0.47,12.0,"T-value = 0.19, P = 0.851",not_reported,not_reported,paired-sample t-test,0.851,not_reported,Parkinson's disease with tremor
39468590,TAG,true acupuncture group (TAG),verum_acupuncture,Rigidity score,symptom_severity,UPDRS III rigidity score (item 22),Pre-treatment,mean ± SD,0.89 ± 0.82,14.0,not_reported,not_reported,not_reported,not_reported,not_reported,not_reported,Parkinson's disease with tremor
39468590,TAG,true acupuncture group (TAG),verum_acupuncture,Rigidity score,symptom_severity,UPDRS III rigidity score (item 22),Post-treatment,mean ± SD,0.76 ± 0.79,14.0,"T-value = 1.26, P = 0.229",not_reported,not_reported,paired-sample t-test,0.229,not_reported,Parkinson's disease with tremor
39468590,WG,waiting group (WG),waitlist,Rigidity score,symptom_severity,UPDRS III rigidity score (item 22),Pre-treatment,mean ± SD,0.71 ± 0.72,11.0,not_reported,not_reported,not_reported,not_reported,not_reported,not_reported,Parkinson's disease with tremor
39468590,WG,waiting group (WG),waitlist,Rigidity score,symptom_severity,UPDRS III rigidity score (item 22),Post-treatment,mean ± SD,0.80 ± 0.64,11.0,"T-value = -1.46, P = 0.176",not_reported,not_reported,paired-sample t-test,0.176,not_reported,Parkinson's disease with tremor
39468590,SAG,sham acupuncture group (SAG),sham_acupuncture,Rigidity score,symptom_severity,UPDRS III rigidity score (item 22),Pre-treatment,mean ± SD,0.52 ± 0.54,12.0,not_reported,not_reported,not_reported,not_reported,not_reported,not_reported,Parkinson's disease with tremor
39468590,SAG,sham acupuncture group (SAG),sham_acupuncture,Rigidity score,symptom_severity,UPDRS III rigidity score (item 22),Post-treatment,mean ± SD,0.50 ± 0.53,12.0,"T-value = 0.43, P = 0.674",not_reported,not_reported,paired-sample t-test,0.674,not_reported,Parkinson's disease with tremor
39468590,TAG,true acupuncture group (TAG),verum_acupuncture,Hypokinesia score,symptom_severity,"UPDRS III hypokinesia score (items 23, 24, 25, 26, 31)",Pre-treatment,mean ± SD,0.84 ± 0.75,14.0,not_reported,not_reported,not_reported,not_reported,not_reported,not_reported,Parkinson's disease with tremor
39468590,TAG,true acupuncture group (TAG),verum_acupuncture,Hypokinesia score,symptom_severity,"UPDRS III hypokinesia score (items 23, 24, 25, 26, 31)",Post-treatment,mean ± SD,0.71 ± 0.77,14.0,"T-value = 1.85, P = 0.087",not_reported,not_reported,paired-sample t-test,0.087,not_reported,Parkinson's disease with tremor
39468590,WG,waiting group (WG),waitlist,Hypokinesia score,symptom_severity,"UPDRS III hypokinesia score (items 23, 24, 25, 26, 31)",Pre-treatment,mean ± SD,0.85 ± 0.53,11.0,not_reported,not_reported,not_reported,not_reported,not_reported,not_reported,Parkinson's disease with tremor
39468590,WG,waiting group (WG),waitlist,Hypokinesia score,symptom_severity,"UPDRS III hypokinesia score (items 23, 24, 25, 26, 31)",Post-treatment,mean ± SD,0.91 ± 0.52,11.0,"T-value = -0.69, P = 0.506",not_reported,not_reported,paired-sample t-test,0.506,not_reported,Parkinson's disease with tremor
39468590,SAG,sham acupuncture group (SAG),sham_acupuncture,Hypokinesia score,symptom_severity,"UPDRS III hypokinesia score (items 23, 24, 25, 26, 31)",Pre-treatment,mean ± SD,0.56 ± 0.32,12.0,not_reported,not_reported,not_reported,not_reported,not_reported,not_reported,Parkinson's disease with tremor
39468590,SAG,sham acupuncture group (SAG),sham_acupuncture,Hypokinesia score,symptom_severity,"UPDRS III hypokinesia score (items 23, 24, 25, 26, 31)",Post-treatment,mean ± SD,0.58 ± 0.30,12.0,"T-value = -0.39, P = 0.701",not_reported,not_reported,paired-sample t-test,0.701,not_reported,Parkinson's disease with tremor
39468590,TAG,true acupuncture group (TAG),verum_acupuncture,PIGD score,symptom_severity,"UPDRS III postural instability/gait disorder (PIGD) score (items 27, 28, 29, 30)",Pre-treatment,mean ± SD,0.88 ± 0.45,14.0,not_reported,not_reported,not_reported,not_reported,not_reported,not_reported,Parkinson's disease with tremor
39468590,TAG,true acupuncture group (TAG),verum_acupuncture,PIGD score,symptom_severity,"UPDRS III postural instability/gait disorder (PIGD) score (items 27, 28, 29, 30)",Post-treatment,mean ± SD,0.82 ± 0.36,14.0,"T-value = 0.90, P = 0.385",not_reported,not_reported,paired-sample t-test,0.385,not_reported,Parkinson's disease with tremor
39468590,WG,waiting group (WG),waitlist,PIGD score,symptom_severity,"UPDRS III postural instability/gait disorder (PIGD) score (items 27, 28, 29, 30)",Pre-treatment,mean ± SD,0.82 ± 0.66,11.0,not_reported,not_reported,not_reported,not_reported,not_reported,not_reported,Parkinson's disease with tremor
39468590,WG,waiting group (WG),waitlist,PIGD score,symptom_severity,"UPDRS III postural instability/gait disorder (PIGD) score (items 27, 28, 29, 30)",Post-treatment,mean ± SD,0.82 ± 0.63,11.0,"T-value = 0.00, P = 1.000",not_reported,not_reported,paired-sample t-test,1.000,not_reported,Parkinson's disease with tremor
39468590,SAG,sham acupuncture group (SAG),sham_acupuncture,PIGD score,symptom_severity,"UPDRS III postural instability/gait disorder (PIGD) score (items 27, 28, 29, 30)",Pre-treatment,mean ± SD,0.79 ± 0.58,12.0,not_reported,not_reported,not_reported,not_reported,not_reported,not_reported,Parkinson's disease with tremor
39468590,SAG,sham acupuncture group (SAG),sham_acupuncture,PIGD score,symptom_severity,"UPDRS III postural instability/gait disorder (PIGD) score (items 27, 28, 29, 30)",Post-treatment,mean ± SD,0.75 ± 0.62,12.0,"T-value = 0.69, P = 0.504",not_reported,not_reported,paired-sample t-test,0.504,not_reported,Parkinson's disease with tremor
39543627,arm_MWoA,MWoA patients,verum_acupuncture,VAS scores,pain,visual analogue scale (VAS),before treatment,mean ± SD,5.5 ± 1.3,12.0,not_reported,not_reported,not_reported,not_reported,not_reported,MWoA patients,Migraine without aura (MWoA)
39543627,arm_MWoA,MWoA patients,verum_acupuncture,VAS scores,pain,visual analogue scale (VAS),after treatment,mean ± SD,2.7 ± 0.7,12.0,significant decrease (P < 0.05) after 4 weeks acupuncture treatment,not_reported,not_reported,paired t-test,P < 0.05,MWoA patients,Migraine without aura (MWoA)
39543627,arm_MWoA,MWoA patients,verum_acupuncture,Frequency of migraine attacks (times/month),symptom_severity,not_reported,before treatment,mean ± SD,4.5 ± 1.1,12.0,not_reported,not_reported,not_reported,not_reported,not_reported,MWoA patients,Migraine without aura (MWoA)
39543627,arm_MWoA,MWoA patients,verum_acupuncture,Frequency of migraine attacks (times/month),symptom_severity,not_reported,after treatment,mean ± SD,1.9 ± 0.7,12.0,significant decrease (P < 0.05) after 4 weeks acupuncture treatment,not_reported,not_reported,paired t-test,P < 0.05,MWoA patients,Migraine without aura (MWoA)
39543627,arm_MWoA,MWoA patients,verum_acupuncture,Duration of migraine attacks (days/month),symptom_severity,not_reported,before treatment,mean ± SD,6.1 ± 3.2,12.0,not_reported,not_reported,not_reported,not_reported,not_reported,MWoA patients,Migraine without aura (MWoA)
39543627,arm_MWoA,MWoA patients,verum_acupuncture,Duration of migraine attacks (days/month),symptom_severity,not_reported,after treatment,mean ± SD,4.3 ± 1.8,12.0,significant decrease (P < 0.05) after 4 weeks acupuncture treatment,not_reported,not_reported,paired t-test,P < 0.05,MWoA patients,Migraine without aura (MWoA)
39543627,arm_MWoA,MWoA patients,verum_acupuncture,Correlation between decreased FC Z-values and VAS scores before treatment,pain,visual analogue scale (VAS),before treatment,other,"R = -0.6289, P = 0.0494",12.0,not_reported,not_reported,R = -0.6289,regression/correlation,0.0494,MWoA patients,Migraine without aura (MWoA)
39543627,arm_MWoA,MWoA patients,verum_acupuncture,Correlation between increased FC Z-values and decrease of VAS scores after treatment,pain,visual analogue scale (VAS),after treatment,other,"R = -0.6633, P = 0.0370",12.0,not_reported,not_reported,R = -0.6633,regression/correlation,0.0370,MWoA patients,Migraine without aura (MWoA)
39617712,arm_tx,Treatment group (Tx),verum_acupuncture,FMA scores,function,Fugl-Meyer Assessment Scale (FMA),before treatment,mean ± SD,57.86±10.99,28.0,not_reported,not_reported,not_reported,t-test,not_reported,Tx (n=28),poststroke motor dysfunction
39617712,arm_tx,Treatment group (Tx),verum_acupuncture,FMA scores,function,Fugl-Meyer Assessment Scale (FMA),3 weeks after treatment,mean ± SD,76.54±10.60,28.0,significantly higher FMA scores postintervention compared with preintervention levels,not_reported,not_reported,t-test (paired),P<.01,Tx (n=28),poststroke motor dysfunction
39617712,arm_tx,Treatment group (Tx),verum_acupuncture,MBI scores,function,Modified Barthel Index (MBI),before treatment,mean ± SD,58.04±16.74,28.0,not_reported,not_reported,not_reported,t-test,not_reported,Tx (n=28),poststroke motor dysfunction
39617712,arm_tx,Treatment group (Tx),verum_acupuncture,MBI scores,function,Modified Barthel Index (MBI),3 weeks after treatment,mean ± SD,71.96±15.95,28.0,significantly higher MBI scores postintervention compared with preintervention levels,not_reported,not_reported,t-test (paired),P<.01,Tx (n=28),poststroke motor dysfunction
39617712,arm_tx,Treatment group (Tx),verum_acupuncture,NIHSS scores,symptom_severity,National Institute of Health Stroke Scale (NIHSS),before treatment,mean ± SD,6.36±2.08,28.0,not_reported,not_reported,not_reported,t-test,not_reported,Tx (n=28),poststroke motor dysfunction
39617712,arm_tx,Treatment group (Tx),verum_acupuncture,NIHSS scores,symptom_severity,National Institute of Health Stroke Scale (NIHSS),3 weeks after treatment,mean ± SD,3.18±1.72,28.0,significantly lower NIHSS scores postintervention compared with preintervention levels,not_reported,not_reported,t-test (paired),P<.01,Tx (n=28),poststroke motor dysfunction
39648209,arm_verum,verum acupuncture at ST36,verum_acupuncture,Whether subjects fell asleep during the experiment,other,self-report,post-experiment,narrative,"Based on self-report, no subjects fell asleep during the experiment",34.0,not_reported,not_reported,not_reported,not_reported,not_reported,not_reported,healthy (no disease condition)
39654647,not_applicable,,,Stroke type distribution across included studies,other,not_applicable,at enrollment (across included studies),count,Ischemic stroke: 134/158 (84.81%); Haemorrhagic stroke: 2/158 (1.27%); Both stroke types or not-mentioned: 22/158 (13.92%),158.0,not_reported,not_reported,not_reported,not_reported,not_reported,158 included studies,Stroke (primarily ischemic stroke; also haemorrhagic stroke)
39654647,not_applicable,,,Post-stroke dysfunction categories across included studies,function,not_applicable,at enrollment (across included studies),count,"Motor impairments: 88/158 (55.7%); Speech impairments: 11/158 (6.96%); Cognitive impairments: 8/158 (5.06%); Swallowing impairments: 4/158 (2.53%); Sensory impairments: 4/158 (2.53%); Sleep impairments: 1/158 (0.63%); Mood impairments: 1/158 (0.63%); Shoulder-hand syndrome: 1/158 (0.63%); Both impairments (motor and cognitive, motor and sensory): 9/158 (5.7%); Not-mentioned: 31/158 (19.62%)",158.0,not_reported,not_reported,not_reported,not_reported,not_reported,158 included studies,Stroke (primarily ischemic stroke; also haemorrhagic stroke)
39654647,not_applicable,,,Clinical stage distribution across included studies,other,not_applicable,at enrollment (across included studies),count,Acute period: 29/158 (18.35%); Recovery period: 44/158 (27.85%); Sequelae period: 9/158 (5.7%); Acute period to recovery period: 39/158 (24.68%); Recovery period to sequelae period: 8/158 (5.06%); Both periods: 9/158 (5.7%); Not-mentioned: 20/158 (12.66%),158.0,not_reported,not_reported,not_reported,not_reported,not_reported,158 included studies,Stroke (primarily ischemic stroke; also haemorrhagic stroke)
39654647,not_applicable,,,Location of lesions across included studies,other,not_applicable,at enrollment (across included studies),count,Mentioned: 92/158 (58.23%); Basal ganglia: 61/158 (38.51%); Internal capsule: 11/158 (6.96%); Corona radiata: 30/158 (18.99%); Not-mentioned: 66/158 (41.77%),158.0,not_reported,not_reported,not_reported,not_reported,not_reported,158 included studies,Stroke (primarily ischemic stroke; also haemorrhagic stroke)
40341810,not_applicable,,,Self-rating anxiety scale (SAS),symptom_severity,self-rating anxiety scale (SAS),baseline (screening),other,SAS scores between 50 to 60 for all volunteers,24.0,not_reported,not_reported,not_reported,not_reported,not_reported,all volunteers,anxiety disorders (ICD-10/F41)
40567885,arm_REAL,REAL,verum_acupuncture,Change in LBEpain (LBEpost – LBEpre),pain,"VAS (0–10, 11-point visual analog scale)",LBEpost – LBEpre,mean ± SD,ΔREAL: −1.02 ± 1.53,25.0,"−1.02 ± 1.53, P < 0.005",P (ΔREAL vs. ΔPHNT) = 0.67,not_reported,not_reported,P < 0.005,Analyzed REAL group (N = 25),Non-specific low back pain
40567885,arm_PHNT,PHNT,sham_acupuncture,Change in LBEpain (LBEpost – LBEpre),pain,"VAS (0–10, 11-point visual analog scale)",LBEpost – LBEpre,mean ± SD,ΔPHNT: −1.26 ± 2.20,18.0,"−1.26 ± 2.20, P < 0.01",P (ΔREAL vs. ΔPHNT) = 0.67,not_reported,not_reported,P < 0.01,Analyzed PHNT group (N = 18),Non-specific low back pain
40567885,arm_REAL,REAL,verum_acupuncture,LBEpain during LBEpre run,pain,"VAS (0–10, 11-point visual analog scale)",LBEpre,mean ± SD,4.74 ± 1.00/10,25.0,not_reported,P (REAL vs. PHNT) = 0.01,not_reported,not_reported,P (REAL) < 0.005 (significantly greater than target value 4/10),Analyzed REAL group (N = 25),Non-specific low back pain
40567885,arm_PHNT,PHNT,sham_acupuncture,LBEpain during LBEpre run,pain,"VAS (0–10, 11-point visual analog scale)",LBEpre,mean ± SD,5.54 ± 0.83,18.0,not_reported,P (REAL vs. PHNT) = 0.01,not_reported,not_reported,P (PHNT) < 0.001 (significantly greater than target value 4/10),Analyzed PHNT group (N = 18),Non-specific low back pain
40567885,arm_REAL,REAL,verum_acupuncture,Applied air pressure for pain model,physiological,mmHg,LBEpre and LBEpost (same pressure applied),mean ± SD,118.4 ± 72.4 mmHg,25.0,not_reported,P (REAL vs. PHNT) = 0.25,not_reported,not_reported,P (REAL vs. PHNT) = 0.25,Analyzed REAL group (N = 25),Non-specific low back pain
40567885,arm_PHNT,PHNT,sham_acupuncture,Applied air pressure for pain model,physiological,mmHg,LBEpre and LBEpost (same pressure applied),mean ± SD,94.4 ± 57.2 mmHg,18.0,not_reported,P (REAL vs. PHNT) = 0.25,not_reported,not_reported,P (REAL vs. PHNT) = 0.25,Analyzed PHNT group (N = 18),Non-specific low back pain
40567885,arm_REAL,REAL,verum_acupuncture,Correlation between decreased LBEpain and decreased mPFC–pINS functional connectivity,pain,Pearson's r,LBEpost vs. LBEpre,other,"r = 0.58, P < 0.01",25.0,not_reported,not_reported,r = 0.58,Pearson's r correlation,P < 0.01,Analyzed REAL group (N = 25),Non-specific low back pain
40567885,arm_PHNT,PHNT,sham_acupuncture,Correlation between decreased LBEpain and increased PCC–aINS functional connectivity,pain,Pearson's r,LBEpost vs. LBEpre,other,"r = −0.48, P < 0.05",18.0,not_reported,not_reported,r = −0.48,Pearson's r correlation,P < 0.05,Analyzed PHNT group (N = 18),Non-specific low back pain
40567885,arm_PHNT,PHNT,sham_acupuncture,Trending correlation between decreased LBEpain and decreased S1back–pINS functional connectivity,pain,Pearson's r,LBEpost vs. LBEpre,other,"r = 0.44, P = 0.07",18.0,not_reported,not_reported,r = 0.44,Pearson's r correlation,P = 0.07,Analyzed PHNT group (N = 18),Non-specific low back pain
40584525,arm_AD_real,"AD, Post-Treatment (Real Acupuncture)",verum_acupuncture,SCORAD,symptom_severity,SCORing Atopic Dermatitis scale (SCORAD),baseline vs post-treatment,mean ± SD,baseline: 31.2 ± 8.7; post-treatment: 24.5 ± 8.3,27.0,"T −4.91, P < 0.001",not_reported,not_reported,Paired or two-sample t-test,P < 0.001,AD real acupuncture group,"Atopic Dermatitis (AD), mild-moderate"
40584525,arm_AD_sham,"AD, Post-Treatment (Sham Acupuncture)",sham_acupuncture,SCORAD,symptom_severity,SCORing Atopic Dermatitis scale (SCORAD),baseline vs post-treatment,mean ± SD,post-treatment: 26.7 ± 10.6,14.0,"T −2.88, P 0.04",not_reported,not_reported,Paired or two-sample t-test,P 0.04,AD sham acupuncture group,"Atopic Dermatitis (AD), mild-moderate"
40584525,arm_AD_real,"AD, Post-Treatment (Real Acupuncture)",verum_acupuncture,EASI,symptom_severity,Eczema Area and Severity Index (EASI),baseline vs post-treatment,mean ± SD,baseline: 4.6 ± 3.4; post-treatment: 4.3 ± 3.9,27.0,"T −2.42, P 0.03",not_reported,not_reported,Paired or two-sample t-test,P 0.03,AD real acupuncture group,"Atopic Dermatitis (AD), mild-moderate"
40584525,arm_AD_sham,"AD, Post-Treatment (Sham Acupuncture)",sham_acupuncture,EASI,symptom_severity,Eczema Area and Severity Index (EASI),baseline vs post-treatment,mean ± SD,post-treatment: 4.7 ± 3.4,14.0,"T −0.03, P 0.98",not_reported,not_reported,Paired or two-sample t-test,P 0.98,AD sham acupuncture group,"Atopic Dermatitis (AD), mild-moderate"
40584525,arm_AD_real,"AD, Post-Treatment (Real Acupuncture)",verum_acupuncture,VAS (itching),symptom_severity,visual analogue scale (VAS) for itching,baseline vs post-treatment,mean ± SD,baseline: 5.5 ± 1.9; post-treatment: 3.7 ± 2.1,27.0,"T −3.89, P < 0.001",not_reported,not_reported,Paired or two-sample t-test,P < 0.001,AD real acupuncture group,"Atopic Dermatitis (AD), mild-moderate"
40584525,arm_AD_sham,"AD, Post-Treatment (Sham Acupuncture)",sham_acupuncture,VAS (itching),symptom_severity,visual analogue scale (VAS) for itching,baseline vs post-treatment,mean ± SD,post-treatment: 3.2 ± 2.1,14.0,"T −3.60, P 0.01",not_reported,not_reported,Paired or two-sample t-test,P 0.01,AD sham acupuncture group,"Atopic Dermatitis (AD), mild-moderate"
40584525,arm_AD_real,"AD, Post-Treatment (Real Acupuncture)",verum_acupuncture,VAS (insomnia),symptom_severity,visual analogue scale (VAS) for insomnia,baseline vs post-treatment,mean ± SD,baseline: 3.5 ± 2.2; post-treatment: 2.1 ± 1.9,27.0,"T −2.93, P 0.01",not_reported,not_reported,Paired or two-sample t-test,P 0.01,AD real acupuncture group,"Atopic Dermatitis (AD), mild-moderate"
40584525,arm_AD_sham,"AD, Post-Treatment (Sham Acupuncture)",sham_acupuncture,VAS (insomnia),symptom_severity,visual analogue scale (VAS) for insomnia,baseline vs post-treatment,mean ± SD,post-treatment: 2.9 ± 2.2,14.0,"T 0.04, P 0.97",not_reported,not_reported,Paired or two-sample t-test,P 0.97,AD sham acupuncture group,"Atopic Dermatitis (AD), mild-moderate"
40584525,arm_AD_real,"AD, Post-Treatment (Real Acupuncture)",verum_acupuncture,high responder vs low responder classification,responder,"SCORing Atopic Dermatitis scale (SCORAD), minimal clinically important difference",after real acupuncture treatment,count,"11 patients classified as high responders, 16 as low responders",27.0,not_reported,not_reported,not_reported,not_reported,not_reported,AD real acupuncture group,"Atopic Dermatitis (AD), mild-moderate"
40584525,not_applicable,,,Age (year),other,not_reported,baseline,mean ± SD,HC: 26.4 ± 5.3; AD: 24.3 ± 5.2,,not_reported,"AD vs HC: Z −1.60, P 0.09",not_reported,Mann–Whitney U-test,P 0.09,"HC (n=40), AD (n=41)","Atopic Dermatitis (AD), mild-moderate"
40584525,not_applicable,,,BMI (kg/m2),physiological,not_reported,baseline,mean ± SD,HC: 22.2 ± 2.7; AD: 23.5 ± 3.3,,not_reported,"AD vs HC: Z 1.76, P 0.08",not_reported,Mann–Whitney U-test,P 0.08,"HC (n=40), AD (n=41)","Atopic Dermatitis (AD), mild-moderate"
40584525,not_applicable,,,Duration of AD (year),other,not_reported,baseline,mean ± SD,AD real: 20.3 ± 8.5; AD sham: 20.5 ± 9.7,,not_reported,"AD real vs AD sham: T −0.14, P 0.89",not_reported,Paired or two-sample t-test,P 0.89,"AD real (n=27), AD sham (n=14)","Atopic Dermatitis (AD), mild-moderate"
40634927,arm_sham,sham group,sham_acupuncture,adenosine levels in cerebral cortex (peak area signal counts),physiological,LC-ESI-MS integrated chromatogram peak area,immediately after final EA session (day 5),mean (signal counts) with RSD%,"Sham: 8,506 (RSD 23.3%); ST36: 5,192 (RSD 17.9%)",6.0,not_reported,Sham > ST36 (p = 0.00897),not_reported,one-way ANOVA followed by Tukey's test (post hoc),p = 0.00897 (ST36 vs Sham),not_reported,Healthy animals (no disease model)
40634927,arm_sham,sham group,sham_acupuncture,adenosine levels in cerebral cortex (peak area signal counts),physiological,LC-ESI-MS integrated chromatogram peak area,immediately after final EA session (day 5),mean (signal counts) with RSD%,"Sham: 8,506 (RSD 23.3%); PC6: 3,640 (RSD 23.7%)",6.0,not_reported,Sham > PC6 (p = 0.0058),not_reported,one-way ANOVA followed by Tukey's test (post hoc),p = 0.0058 (PC6 vs Sham),not_reported,Healthy animals (no disease model)
40634927,arm_st36,Zusanli (ST36) group,verum_acupuncture,adenosine levels in cerebral cortex (peak area signal counts),physiological,LC-ESI-MS integrated chromatogram peak area,immediately after final EA session (day 5),mean (signal counts) with RSD%,"ST36: 5,192 (RSD 17.9%); PC6: 3,640 (RSD 23.7%)",6.0,not_reported,similar between ST36 and PC6 (p = 0.07712),not_reported,one-way ANOVA followed by Tukey's test (post hoc),p = 0.07712 (PC6 vs ST36),not_reported,Healthy animals (no disease model)
40634927,arm_st36,Zusanli (ST36) group,verum_acupuncture,adrenaline levels in cerebral cortex (peak area signal counts),physiological,LC-ESI-MS integrated chromatogram peak area,immediately after final EA session (day 5),mean (signal counts) with RSD%,"Sham: 12,562 (RSD 3.0%); ST36: 16,702 (RSD 19.1%)",6.0,not_reported,ST36 > Sham (p = 0.0178),not_reported,one-way ANOVA followed by Tukey's test (post hoc),p = 0.0178 (ST36 vs Sham),not_reported,Healthy animals (no disease model)
40634927,arm_pc6,Neiguan (PC6) group,verum_acupuncture,adrenaline levels in cerebral cortex (peak area signal counts),physiological,LC-ESI-MS integrated chromatogram peak area,immediately after final EA session (day 5),mean (signal counts) with RSD%,"Sham: 12,562 (RSD 3.0%); PC6: 10,330 (RSD 12.3%)",6.0,not_reported,PC6 < Sham (p = 0.00734),not_reported,one-way ANOVA followed by Tukey's test (post hoc),p = 0.00734 (PC6 vs Sham),not_reported,Healthy animals (no disease model)
40634927,arm_st36,Zusanli (ST36) group,verum_acupuncture,adrenaline levels in cerebral cortex (peak area signal counts),physiological,LC-ESI-MS integrated chromatogram peak area,immediately after final EA session (day 5),mean (signal counts) with RSD%,"ST36: 16,702 (RSD 19.1%); PC6: 10,330 (RSD 12.3%)",6.0,not_reported,ST36 > PC6 (p = 0.01816),not_reported,one-way ANOVA followed by Tukey's test (post hoc),p = 0.01816 (PC6 vs ST36),not_reported,Healthy animals (no disease model)
40634927,not_applicable,,,arginine levels in cerebral cortex (peak area signal counts),physiological,LC-ESI-MS integrated chromatogram peak area,immediately after final EA session (day 5),mean (signal counts) with RSD%,"Sham: 1,825,642 (RSD 16.8%); ST36: 1,723,435 (RSD 16.8%); PC6: 1,487,886 (RSD 22.7%)",18.0,not_reported,not significantly different among all three groups (ST36 vs Sham p=0.54215; PC6 vs Sham p=0.15344; PC6 vs ST36 p=0.67197),not_reported,one-way ANOVA followed by Tukey's test (post hoc),ST36 vs Sham p=0.54215; PC6 vs Sham p=0.15344; PC6 vs ST36 p=0.67197,not_reported,Healthy animals (no disease model)
40634927,arm_pc6,Neiguan (PC6) group,verum_acupuncture,GABA levels in cerebral cortex (peak area signal counts),physiological,LC-ESI-MS integrated chromatogram peak area,immediately after final EA session (day 5),mean (signal counts) with RSD%,"Sham: 36,942,871 (RSD 17.1%); PC6: 26,374,864 (RSD 18.4%)",6.0,not_reported,Sham > PC6 (p = 0.04766),not_reported,one-way ANOVA followed by Tukey's test (post hoc),p = 0.04766 (PC6 vs Sham),not_reported,Healthy animals (no disease model)
40634927,arm_st36,Zusanli (ST36) group,verum_acupuncture,GABA levels in cerebral cortex (peak area signal counts),physiological,LC-ESI-MS integrated chromatogram peak area,immediately after final EA session (day 5),mean (signal counts) with RSD%,"ST36: 34,450,560 (RSD 8.7%); PC6: 26,374,864 (RSD 18.4%)",6.0,not_reported,ST36 > PC6 (p = 0.07508),not_reported,one-way ANOVA followed by Tukey's test (post hoc),p = 0.07508 (PC6 vs ST36),not_reported,Healthy animals (no disease model)
40634927,arm_sham,sham group,sham_acupuncture,GABA levels in cerebral cortex (peak area signal counts),physiological,LC-ESI-MS integrated chromatogram peak area,immediately after final EA session (day 5),mean (signal counts) with RSD%,"Sham: 36,942,871 (RSD 17.1%); ST36: 34,450,560 (RSD 8.7%)",6.0,not_reported,similar between sham and ST36 (p = 0.31951),not_reported,one-way ANOVA followed by Tukey's test (post hoc),p = 0.31951 (ST36 vs Sham),not_reported,Healthy animals (no disease model)
40634927,not_applicable,,,glutamate levels in cerebral cortex (peak area signal counts),physiological,LC-ESI-MS integrated chromatogram peak area,immediately after final EA session (day 5),mean (signal counts) with RSD%,"Sham: 33,059,440 (RSD 22.3%); ST36: 29,231,457 (RSD 10.4%); PC6: 26,862,444 (RSD 15.4%)",18.0,not_reported,not significantly different among all three groups (ST36 vs Sham p=0.18274; PC6 vs Sham p=0.2137; PC6 vs ST36 p=0.54096),not_reported,one-way ANOVA followed by Tukey's test (post hoc),ST36 vs Sham p=0.18274; PC6 vs Sham p=0.2137; PC6 vs ST36 p=0.54096,not_reported,Healthy animals (no disease model)
40634927,arm_pc6,Neiguan (PC6) group,verum_acupuncture,glycine levels in cerebral cortex (peak area signal counts),physiological,LC-ESI-MS integrated chromatogram peak area,immediately after final EA session (day 5),mean (signal counts) with RSD%,"Sham: 21,626,500 (RSD 13.4%); PC6: 15,176,943 (RSD 16.9%)",6.0,not_reported,Sham > PC6 (p = 0.02532),not_reported,one-way ANOVA followed by Tukey's test (post hoc),p = 0.02532 (PC6 vs Sham),not_reported,Healthy animals (no disease model)
40634927,arm_st36,Zusanli (ST36) group,verum_acupuncture,glycine levels in cerebral cortex (peak area signal counts),physiological,LC-ESI-MS integrated chromatogram peak area,immediately after final EA session (day 5),mean (signal counts) with RSD%,"ST36: 21,324,986 (RSD 10.7%); PC6: 15,176,943 (RSD 16.9%)",6.0,not_reported,ST36 > PC6 (p = 0.05417),not_reported,one-way ANOVA followed by Tukey's test (post hoc),p = 0.05417 (PC6 vs ST36),not_reported,Healthy animals (no disease model)
40634927,arm_sham,sham group,sham_acupuncture,glycine levels in cerebral cortex (peak area signal counts),physiological,LC-ESI-MS integrated chromatogram peak area,immediately after final EA session (day 5),mean (signal counts) with RSD%,"Sham: 21,626,500 (RSD 13.4%); ST36: 21,324,986 (RSD 10.7%)",6.0,not_reported,similar between sham and ST36 (p = 0.8175),not_reported,one-way ANOVA followed by Tukey's test (post hoc),p = 0.8175 (ST36 vs Sham),not_reported,Healthy animals (no disease model)
40634927,not_applicable,,,adenosine levels in hippocampus (peak area signal counts),physiological,LC-ESI-MS integrated chromatogram peak area,immediately after final EA session (day 5),mean (signal counts) with RSD%,"Sham: 16,610 (RSD 20.7%); ST36: 14,344 (RSD 28.6%); PC6: 13,859 (RSD 11.5%)",18.0,not_reported,similar among all groups (ST36 vs Sham p=0.31763; PC6 vs Sham p=0.03762; PC6 vs ST36 p=0.80332),not_reported,one-way ANOVA followed by Tukey's test (post hoc),ST36 vs Sham p=0.31763; PC6 vs Sham p=0.03762; PC6 vs ST36 p=0.80332,not_reported,Healthy animals (no disease model)
40634927,arm_st36,Zusanli (ST36) group,verum_acupuncture,adrenaline levels in hippocampus (peak area signal counts),physiological,LC-ESI-MS integrated chromatogram peak area,immediately after final EA session (day 5),mean (signal counts) with RSD%,"Sham: 275,884 (RSD 21.8%); ST36: 367,814 (RSD 12.4%)",6.0,not_reported,ST36 > Sham (p = 0.01169),not_reported,one-way ANOVA followed by Tukey's test (post hoc),p = 0.01169 (ST36 vs Sham),not_reported,Healthy animals (no disease model)
40634927,arm_st36,Zusanli (ST36) group,verum_acupuncture,adrenaline levels in hippocampus (peak area signal counts),physiological,LC-ESI-MS integrated chromatogram peak area,immediately after final EA session (day 5),mean (signal counts) with RSD%,"ST36: 367,814 (RSD 12.4%); PC6: 267,383 (RSD 21.7%)",6.0,not_reported,ST36 > PC6 (p = 0.02465),not_reported,one-way ANOVA followed by Tukey's test (post hoc),p = 0.02465 (PC6 vs ST36),not_reported,Healthy animals (no disease model)
40634927,arm_pc6,Neiguan (PC6) group,verum_acupuncture,adrenaline levels in hippocampus (peak area signal counts),physiological,LC-ESI-MS integrated chromatogram peak area,immediately after final EA session (day 5),mean (signal counts) with RSD%,"Sham: 275,884 (RSD 21.8%); PC6: 267,383 (RSD 21.7%)",6.0,not_reported,similar between sham and PC6 (p = 0.62355),not_reported,one-way ANOVA followed by Tukey's test (post hoc),p = 0.62355 (PC6 vs Sham),not_reported,Healthy animals (no disease model)
40634927,arm_st36,Zusanli (ST36) group,verum_acupuncture,arginine levels in hippocampus (peak area signal counts),physiological,LC-ESI-MS integrated chromatogram peak area,immediately after final EA session (day 5),mean (signal counts) with RSD%,"Sham: 2,249,246 (RSD 8.4%); ST36: 2,952,275 (RSD 13.8%)",6.0,not_reported,ST36 > Sham (p = 0.00972),not_reported,one-way ANOVA followed by Tukey's test (post hoc),p = 0.00972 (ST36 vs Sham),not_reported,Healthy animals (no disease model)
40634927,arm_st36,Zusanli (ST36) group,verum_acupuncture,arginine levels in hippocampus (peak area signal counts),physiological,LC-ESI-MS integrated chromatogram peak area,immediately after final EA session (day 5),mean (signal counts) with RSD%,"ST36: 2,952,275 (RSD 13.8%); PC6: 2,027,722 (RSD 13.8%)",6.0,not_reported,ST36 > PC6 (p = 0.00183),not_reported,one-way ANOVA followed by Tukey's test (post hoc),p = 0.00183 (PC6 vs ST36),not_reported,Healthy animals (no disease model)
40634927,arm_pc6,Neiguan (PC6) group,verum_acupuncture,arginine levels in hippocampus (peak area signal counts),physiological,LC-ESI-MS integrated chromatogram peak area,immediately after final EA session (day 5),mean (signal counts) with RSD%,"Sham: 2,249,246 (RSD 8.4%); PC6: 2,027,722 (RSD 13.8%)",6.0,not_reported,similar between sham and PC6 (p = 0.0744),not_reported,one-way ANOVA followed by Tukey's test (post hoc),p = 0.0744 (PC6 vs Sham),not_reported,Healthy animals (no disease model)
40634927,arm_pc6,Neiguan (PC6) group,verum_acupuncture,GABA levels in hippocampus (peak area signal counts),physiological,LC-ESI-MS integrated chromatogram peak area,immediately after final EA session (day 5),mean (signal counts) with RSD%,"Sham: 5,573,497 (RSD 10.5%); PC6: 4,777,837 (RSD 6.3%)",6.0,not_reported,Sham > PC6 (p = 0.01746),not_reported,one-way ANOVA followed by Tukey's test (post hoc),p = 0.01746 (PC6 vs Sham),not_reported,Healthy animals (no disease model)
40634927,arm_st36,Zusanli (ST36) group,verum_acupuncture,GABA levels in hippocampus (peak area signal counts),physiological,LC-ESI-MS integrated chromatogram peak area,immediately after final EA session (day 5),mean (signal counts) with RSD%,"ST36: 5,485,762 (RSD 8.0%); PC6: 4,777,837 (RSD 6.3%)",6.0,not_reported,ST36 > PC6 (p = 0.02681),not_reported,one-way ANOVA followed by Tukey's test (post hoc),p = 0.02681 (PC6 vs ST36),not_reported,Healthy animals (no disease model)
40634927,arm_sham,sham group,sham_acupuncture,GABA levels in hippocampus (peak area signal counts),physiological,LC-ESI-MS integrated chromatogram peak area,immediately after final EA session (day 5),mean (signal counts) with RSD%,"Sham: 5,573,497 (RSD 10.5%); ST36: 5,485,762 (RSD 8.0%)",6.0,not_reported,similar between sham and ST36 (p = 0.65919),not_reported,one-way ANOVA followed by Tukey's test (post hoc),p = 0.65919 (ST36 vs Sham),not_reported,Healthy animals (no disease model)
40634927,arm_pc6,Neiguan (PC6) group,verum_acupuncture,glycine levels in hippocampus (peak area signal counts),physiological,LC-ESI-MS integrated chromatogram peak area,immediately after final EA session (day 5),mean (signal counts) with RSD%,"Sham: 7,692,728 (RSD 12.9%); PC6: 5,411,060 (RSD 11.7%)",6.0,not_reported,Sham > PC6 (p = 0.00327),not_reported,one-way ANOVA followed by Tukey's test (post hoc),p = 0.00327 (PC6 vs Sham),not_reported,Healthy animals (no disease model)
40634927,arm_st36,Zusanli (ST36) group,verum_acupuncture,glycine levels in hippocampus (peak area signal counts),physiological,LC-ESI-MS integrated chromatogram peak area,immediately after final EA session (day 5),mean (signal counts) with RSD%,"ST36: 9,060,471 (RSD 14.0%); PC6: 5,411,060 (RSD 11.7%)",6.0,not_reported,ST36 > PC6 (p = 0.00268),not_reported,one-way ANOVA followed by Tukey's test (post hoc),p = 0.00268 (PC6 vs ST36),not_reported,Healthy animals (no disease model)
40634927,arm_sham,sham group,sham_acupuncture,glycine levels in hippocampus (peak area signal counts),physiological,LC-ESI-MS integrated chromatogram peak area,immediately after final EA session (day 5),mean (signal counts) with RSD%,"Sham: 7,692,728 (RSD 12.9%); ST36: 9,060,471 (RSD 14.0%)",6.0,not_reported,Sham < ST36 (p = 0.01361),not_reported,one-way ANOVA followed by Tukey's test (post hoc),p = 0.01361 (ST36 vs Sham),not_reported,Healthy animals (no disease model)
40634927,arm_pc6,Neiguan (PC6) group,verum_acupuncture,glutamate levels in hippocampus (peak area signal counts),physiological,LC-ESI-MS integrated chromatogram peak area,immediately after final EA session (day 5),mean (signal counts) with RSD%,"Sham: 5,869,623 (RSD 8.5%); PC6: 4,669,993 (RSD 4.4%)",6.0,not_reported,Sham > PC6 (p = 0.00063),not_reported,one-way ANOVA followed by Tukey's test (post hoc),p = 0.00063 (PC6 vs Sham),not_reported,Healthy animals (no disease model)
40634927,arm_st36,Zusanli (ST36) group,verum_acupuncture,glutamate levels in hippocampus (peak area signal counts),physiological,LC-ESI-MS integrated chromatogram peak area,immediately after final EA session (day 5),mean (signal counts) with RSD%,"ST36: 5,457,317 (RSD 5.2%); PC6: 4,669,993 (RSD 4.4%)",6.0,not_reported,ST36 > PC6 (p = 0.00215),not_reported,one-way ANOVA followed by Tukey's test (post hoc),p = 0.00215 (PC6 vs ST36),not_reported,Healthy animals (no disease model)
40634927,arm_sham,sham group,sham_acupuncture,glutamate levels in hippocampus (peak area signal counts),physiological,LC-ESI-MS integrated chromatogram peak area,immediately after final EA session (day 5),mean (signal counts) with RSD%,"Sham: 5,869,623 (RSD 8.5%); ST36: 5,457,317 (RSD 5.2%)",6.0,not_reported,similar between sham and ST36 (p = 0.12033),not_reported,one-way ANOVA followed by Tukey's test (post hoc),p = 0.12033 (ST36 vs Sham),not_reported,Healthy animals (no disease model)
40634927,not_applicable,,,adenosine levels in hypothalamus (peak area signal counts),physiological,LC-ESI-MS integrated chromatogram peak area,immediately after final EA session (day 5),mean (signal counts) with RSD%,"Sham: 6,422 (RSD 110.5%); ST36: 5,509 (RSD 113.5%); PC6: 4,173 (RSD 38.0%)",18.0,not_reported,similar among all three groups (ST36 vs Sham p=0.10479; PC6 vs Sham p=0.50662; PC6 vs ST36 p=0.65114),not_reported,one-way ANOVA followed by Tukey's test (post hoc),ST36 vs Sham p=0.10479; PC6 vs Sham p=0.50662; PC6 vs ST36 p=0.65114,not_reported,Healthy animals (no disease model)
40634927,arm_pc6,Neiguan (PC6) group,verum_acupuncture,adrenaline levels in hypothalamus (peak area signal counts),physiological,LC-ESI-MS integrated chromatogram peak area,immediately after final EA session (day 5),mean (signal counts) with RSD%,"Sham: 28,119 (RSD 26.9%); PC6: 40,450 (RSD 31.1%)",6.0,not_reported,PC6 > Sham (p = 0.04063),not_reported,one-way ANOVA followed by Tukey's test (post hoc),p = 0.04063 (PC6 vs Sham),not_reported,Healthy animals (no disease model)
40634927,arm_pc6,Neiguan (PC6) group,verum_acupuncture,adrenaline levels in hypothalamus (peak area signal counts),physiological,LC-ESI-MS integrated chromatogram peak area,immediately after final EA session (day 5),mean (signal counts) with RSD%,"ST36: 23,656 (RSD 27.4%); PC6: 40,450 (RSD 31.1%)",6.0,not_reported,PC6 > ST36 (p = 0.00342),not_reported,one-way ANOVA followed by Tukey's test (post hoc),p = 0.00342 (PC6 vs ST36),not_reported,Healthy animals (no disease model)
40634927,arm_sham,sham group,sham_acupuncture,adrenaline levels in hypothalamus (peak area signal counts),physiological,LC-ESI-MS integrated chromatogram peak area,immediately after final EA session (day 5),mean (signal counts) with RSD%,"Sham: 28,119 (RSD 26.9%); ST36: 23,656 (RSD 27.4%)",6.0,not_reported,similar between sham and ST36 (p = 0.21463),not_reported,one-way ANOVA followed by Tukey's test (post hoc),p = 0.21463 (ST36 vs Sham),not_reported,Healthy animals (no disease model)
40634927,not_applicable,,,arginine levels in hypothalamus (peak area signal counts),physiological,LC-ESI-MS integrated chromatogram peak area,immediately after final EA session (day 5),mean (signal counts) with RSD%,"Sham: 516,814 (RSD 9.0%); ST36: 410,340 (RSD 23.0%); PC6: 493,100 (RSD 30.7%)",18.0,not_reported,similar among all three groups (ST36 vs Sham p=0.07938; PC6 vs Sham p=0.73616; PC6 vs ST36 p=0.36351),not_reported,one-way ANOVA followed by Tukey's test (post hoc),ST36 vs Sham p=0.07938; PC6 vs Sham p=0.73616; PC6 vs ST36 p=0.36351,not_reported,Healthy animals (no disease model)
40634927,not_applicable,,,GABA levels in hypothalamus (peak area signal counts),physiological,LC-ESI-MS integrated chromatogram peak area,immediately after final EA session (day 5),mean (signal counts) with RSD%,"Sham: 798,703 (RSD 18.6%); ST36: 701,097 (RSD 12.3%); PC6: 668,345 (RSD 32.0%)",18.0,not_reported,similar among all three groups (ST36 vs Sham p=0.11025; PC6 vs Sham p=0.1724; PC6 vs ST36 p=0.62593),not_reported,one-way ANOVA followed by Tukey's test (post hoc),ST36 vs Sham p=0.11025; PC6 vs Sham p=0.1724; PC6 vs ST36 p=0.62593,not_reported,Healthy animals (no disease model)
40634927,not_applicable,,,glutamate levels in hypothalamus (peak area signal counts),physiological,LC-ESI-MS integrated chromatogram peak area,immediately after final EA session (day 5),mean (signal counts) with RSD%,"Sham: 157,116 (RSD 8.3%); ST36: 112,830 (RSD 19.2%); PC6: 127,710 (RSD 39.8%)",18.0,not_reported,ST36 vs Sham p=0.0201; PC6 vs Sham p=0.22437; PC6 vs ST36 p=0.52444,not_reported,one-way ANOVA followed by Tukey's test (post hoc),ST36 vs Sham p=0.0201; PC6 vs Sham p=0.22437; PC6 vs ST36 p=0.52444,not_reported,Healthy animals (no disease model)
40634927,not_applicable,,,glycine levels in hypothalamus (peak area signal counts),physiological,LC-ESI-MS integrated chromatogram peak area,immediately after final EA session (day 5),mean (signal counts) with RSD%,"Sham: 1,384,941 (RSD 8.6%); ST36: 1,147,739 (RSD 14.4%); PC6: 1,177,702 (RSD 25.9%)",18.0,not_reported,ST36 vs Sham p=0.01504; PC6 vs Sham p=0.22313; PC6 vs ST36 p=0.80948,not_reported,one-way ANOVA followed by Tukey's test (post hoc),ST36 vs Sham p=0.01504; PC6 vs Sham p=0.22313; PC6 vs ST36 p=0.80948,not_reported,Healthy animals (no disease model)
40642213,arm_ST36,Zusanli (ST36),verum_acupuncture,Mini-Mental State Examination (MMSE),cognition,MMSE,baseline,mean ± SD,28.95 ± 1.03,19.0,not_reported,No significant difference among three groups,not_reported,Kruskal-Wallis H test,0.498,not_reported,healthy volunteers
40642213,arm_KI4,Dazhong (KI4),verum_acupuncture,Mini-Mental State Examination (MMSE),cognition,MMSE,baseline,mean ± SD,28.56 ± 1.26,16.0,not_reported,No significant difference among three groups,not_reported,Kruskal-Wallis H test,0.498,not_reported,healthy volunteers
40642213,arm_HT7,Shenmen (HT7),verum_acupuncture,Mini-Mental State Examination (MMSE),cognition,MMSE,baseline,mean ± SD,28.53 ± 1.13,16.0,not_reported,No significant difference among three groups,not_reported,Kruskal-Wallis H test,0.498,not_reported,healthy volunteers
40642213,arm_ST36,Zusanli (ST36),verum_acupuncture,Montreal Cognitive Assessment (MoCA),cognition,MoCA,baseline,mean ± SD,27.37 ± 0.96,19.0,not_reported,No significant difference among three groups,not_reported,Kruskal-Wallis H test,0.571,not_reported,healthy volunteers
40642213,arm_KI4,Dazhong (KI4),verum_acupuncture,Montreal Cognitive Assessment (MoCA),cognition,MoCA,baseline,mean ± SD,27.63 ± 0.81,16.0,not_reported,No significant difference among three groups,not_reported,Kruskal-Wallis H test,0.571,not_reported,healthy volunteers
40642213,arm_HT7,Shenmen (HT7),verum_acupuncture,Montreal Cognitive Assessment (MoCA),cognition,MoCA,baseline,mean ± SD,27.35 ± 1.06,16.0,not_reported,No significant difference among three groups,not_reported,Kruskal-Wallis H test,0.571,not_reported,healthy volunteers
40772121,arm_CSAP_all,All CSAP patients (enrolled),other,Frequency of angina attacks,symptom_severity,Frequency of angina attacks for 2 weeks,Pre-treatment,mean ± SD,5.48 ± 4.17,29.0,not_reported,not_reported,not_reported,paired t-test,0.225,All 29 patients,Chronic stable angina pectoris (CSAP)
40772121,arm_CSAP_all,All CSAP patients (enrolled),other,Frequency of angina attacks,symptom_severity,Frequency of angina attacks for 2 weeks,Post-treatment,mean ± SD,4.45 ± 3.73,29.0,"t = 1.240, p = 0.225 (not significant)",not_reported,not_reported,paired t-test,0.225,All 29 patients,Chronic stable angina pectoris (CSAP)
40772121,arm_groupA,Group A (acupoints on the meridian directly related to the Heart),verum_acupuncture,Frequency of angina attacks,symptom_severity,Frequency of angina attacks for 2 weeks,Pre-treatment,mean ± SD,5.53 ± 3.60,15.0,"t = 1.964, p = 0.049*","t = 0.689, p = 0.414",not_reported,paired t-test (within); two-sample t-test (between),0.049,Group A,Chronic stable angina pectoris (CSAP)
40772121,arm_groupA,Group A (acupoints on the meridian directly related to the Heart),verum_acupuncture,Frequency of angina attacks,symptom_severity,Frequency of angina attacks for 2 weeks,Post-treatment,mean ± SD,3.93 ± 3.26,15.0,"t = 1.964, p = 0.049*","t = 0.689, p = 0.414",not_reported,paired t-test,0.049,Group A,Chronic stable angina pectoris (CSAP)
40772121,arm_groupB,Group B (acupoints on the meridian indirectly related to the Heart),active_control,Frequency of angina attacks,symptom_severity,Frequency of angina attacks for 2 weeks,Pre-treatment,mean ± SD,5.43 ± 4.85,14.0,"t = 0.528, p = 0.598 (not significant)","t = 0.689, p = 0.414",not_reported,paired t-test,0.598,Group B,Chronic stable angina pectoris (CSAP)
40772121,arm_groupB,Group B (acupoints on the meridian indirectly related to the Heart),active_control,Frequency of angina attacks,symptom_severity,Frequency of angina attacks for 2 weeks,Post-treatment,mean ± SD,5.00 ± 4.22,14.0,"t = 0.528, p = 0.598 (not significant)","t = 0.689, p = 0.414",not_reported,paired t-test,0.598,Group B,Chronic stable angina pectoris (CSAP)
40772121,arm_CSAP_all,All CSAP patients (enrolled),other,McGill pain score,pain,McGill Pain Questionnaire,Pre-treatment,mean ± SD,10.17 ± 3.86,29.0,"t = 6.101, p < 0.001***",not_reported,not_reported,paired t-test,< 0.001,All 29 patients,Chronic stable angina pectoris (CSAP)
40772121,arm_CSAP_all,All CSAP patients (enrolled),other,McGill pain score,pain,McGill Pain Questionnaire,Post-treatment,mean ± SD,6.36 ± 2.95,29.0,"t = 6.101, p < 0.001***",not_reported,not_reported,paired t-test,< 0.001,All 29 patients,Chronic stable angina pectoris (CSAP)
40772121,arm_groupA,Group A (acupoints on the meridian directly related to the Heart),verum_acupuncture,McGill pain score,pain,McGill Pain Questionnaire,Pre-treatment,mean ± SD,10.73 ± 4.76,15.0,"t = 3.665, p = 0.003**","t = 0.363, p = 0.552",not_reported,paired t-test,0.003,Group A,Chronic stable angina pectoris (CSAP)
40772121,arm_groupA,Group A (acupoints on the meridian directly related to the Heart),verum_acupuncture,McGill pain score,pain,McGill Pain Questionnaire,Post-treatment,mean ± SD,6.87 ± 2.61,15.0,"t = 3.665, p = 0.003**","t = 0.363, p = 0.552",not_reported,paired t-test,0.003,Group A,Chronic stable angina pectoris (CSAP)
40772121,arm_groupB,Group B (acupoints on the meridian indirectly related to the Heart),active_control,McGill pain score,pain,McGill Pain Questionnaire,Pre-treatment,mean ± SD,9.57 ± 2.64,14.0,"t = 5.557, p < 0.001***","t = 0.363, p = 0.552",not_reported,paired t-test,< 0.001,Group B,Chronic stable angina pectoris (CSAP)
40772121,arm_groupB,Group B (acupoints on the meridian indirectly related to the Heart),active_control,McGill pain score,pain,McGill Pain Questionnaire,Post-treatment,mean ± SD,5.82 ± 3.28,14.0,"t = 5.557, p < 0.001***","t = 0.363, p = 0.552",not_reported,paired t-test,< 0.001,Group B,Chronic stable angina pectoris (CSAP)
40772121,arm_CSAP_all,All CSAP patients (enrolled),other,SAS score,mood,Zung Self-Rating Anxiety Scale (SAS),Pre-treatment,mean ± SD,33.15 ± 4.55,29.0,"t = 2.328, p = 0.027*",not_reported,not_reported,paired t-test,0.027,All 29 patients,Chronic stable angina pectoris (CSAP)
40772121,arm_CSAP_all,All CSAP patients (enrolled),other,SAS score,mood,Zung Self-Rating Anxiety Scale (SAS),Post-treatment,mean ± SD,31.19 ± 4.55,29.0,"t = 2.328, p = 0.027*",not_reported,not_reported,paired t-test,0.027,All 29 patients,Chronic stable angina pectoris (CSAP)
40772121,arm_groupA,Group A (acupoints on the meridian directly related to the Heart),verum_acupuncture,SAS score,mood,Zung Self-Rating Anxiety Scale (SAS),Pre-treatment,mean ± SD,33.58 ± 3.83,15.0,"t = 2.427, p = 0.029*","t = 0.024, p = 0.877",not_reported,paired t-test,0.029,Group A,Chronic stable angina pectoris (CSAP)
40772121,arm_groupA,Group A (acupoints on the meridian directly related to the Heart),verum_acupuncture,SAS score,mood,Zung Self-Rating Anxiety Scale (SAS),Post-treatment,mean ± SD,31.29 ± 4.64,15.0,"t = 2.427, p = 0.029*","t = 0.024, p = 0.877",not_reported,paired t-test,0.029,Group A,Chronic stable angina pectoris (CSAP)
40772121,arm_groupB,Group B (acupoints on the meridian indirectly related to the Heart),active_control,SAS score,mood,Zung Self-Rating Anxiety Scale (SAS),Pre-treatment,mean ± SD,32.68 ± 5.32,14.0,"t = 1.104, p = 0.290 (not significant)","t = 0.024, p = 0.877",not_reported,paired t-test,0.290,Group B,Chronic stable angina pectoris (CSAP)
40772121,arm_groupB,Group B (acupoints on the meridian indirectly related to the Heart),active_control,SAS score,mood,Zung Self-Rating Anxiety Scale (SAS),Post-treatment,mean ± SD,31.07 ± 4.62,14.0,"t = 1.104, p = 0.290 (not significant)","t = 0.024, p = 0.877",not_reported,paired t-test,0.290,Group B,Chronic stable angina pectoris (CSAP)
40772121,arm_CSAP_all,All CSAP patients (enrolled),other,SDS score,mood,Self-Rating Depression Scale (SDS),Pre-treatment,mean ± SD,31.17 ± 5.02,29.0,"t = 0.674, p = 0.506 (not significant)",not_reported,not_reported,paired t-test,0.506,All 29 patients,Chronic stable angina pectoris (CSAP)
40772121,arm_CSAP_all,All CSAP patients (enrolled),other,SDS score,mood,Self-Rating Depression Scale (SDS),Post-treatment,mean ± SD,30.52 ± 5.13,29.0,"t = 0.674, p = 0.506 (not significant)",not_reported,not_reported,paired t-test,0.506,All 29 patients,Chronic stable angina pectoris (CSAP)
40772121,arm_groupA,Group A (acupoints on the meridian directly related to the Heart),verum_acupuncture,SDS score,mood,Self-Rating Depression Scale (SDS),Pre-treatment,mean ± SD,31.93 ± 5.02,15.0,"t = 1.264, p = 0.227 (not significant)","t = 0.211, p = 0.650",not_reported,paired t-test,0.227,Group A,Chronic stable angina pectoris (CSAP)
40772121,arm_groupA,Group A (acupoints on the meridian directly related to the Heart),verum_acupuncture,SDS score,mood,Self-Rating Depression Scale (SDS),Post-treatment,mean ± SD,30.50 ± 5.51,15.0,"t = 1.264, p = 0.227 (not significant)","t = 0.211, p = 0.650",not_reported,paired t-test,0.227,Group A,Chronic stable angina pectoris (CSAP)
40772121,arm_groupB,Group B (acupoints on the meridian indirectly related to the Heart),active_control,SDS score,mood,Self-Rating Depression Scale (SDS),Pre-treatment,mean ± SD,30.36 ± 5.08,14.0,"t = −0.110, p = 0.914 (not significant)","t = 0.211, p = 0.650",not_reported,paired t-test,0.914,Group B,Chronic stable angina pectoris (CSAP)
40772121,arm_groupB,Group B (acupoints on the meridian indirectly related to the Heart),active_control,SDS score,mood,Self-Rating Depression Scale (SDS),Post-treatment,mean ± SD,30.54 ± 4.90,14.0,"t = −0.110, p = 0.914 (not significant)","t = 0.211, p = 0.650",not_reported,paired t-test,0.914,Group B,Chronic stable angina pectoris (CSAP)
40847552,arm_responders,acupuncture responders,verum_acupuncture,VAS (Visual Analog Scale),pain,Visual Analog Scale (VAS) (0-10),Baseline,median [IQR],6(5-6),48.0,not_reported,"Z = −1.740, P=0.082 (vs non-responders at baseline)",not_reported,Mann-Whitney U test,P=0.082,not_reported,Neck pain (NP)
40847552,arm_responders,acupuncture responders,verum_acupuncture,VAS (Visual Analog Scale),pain,Visual Analog Scale (VAS) (0-10),After treatment,median [IQR],3.00(2.00-3.58),48.0,significant changes in VAS scores before and after treatment,"Z = −6.373, P=0.001 (vs non-responders post-treatment)",not_reported,Mann-Whitney U test (between groups); paired samples t-test or Wilcoxon signed-rank test (within group),P=0.001,not_reported,Neck pain (NP)
40847552,arm_nonresponders,acupuncture non-responders,verum_acupuncture,VAS (Visual Analog Scale),pain,Visual Analog Scale (VAS) (0-10),Baseline,median [IQR],5(5-6),32.0,not_reported,"Z = −1.740, P=0.082 (vs responders at baseline)",not_reported,Mann-Whitney U test,P=0.082,not_reported,Neck pain (NP)
40847552,arm_nonresponders,acupuncture non-responders,verum_acupuncture,VAS (Visual Analog Scale),pain,Visual Analog Scale (VAS) (0-10),After treatment,median [IQR],5.00(4.00-5.00),32.0,significant differences in VAS scores before and after treatment,"Z = −6.373, P=0.001 (vs responders post-treatment)",not_reported,Mann-Whitney U test (between groups); paired samples t-test or Wilcoxon signed-rank test (within group),P=0.001,not_reported,Neck pain (NP)
40847552,arm_responders,acupuncture responders,verum_acupuncture,SAS (Self-Rating Anxiety Scale),mood,SAS,Baseline,median [IQR],42.50(39.06-48.44),48.0,not_reported,"Z = −0.955, P=0.340 (vs non-responders at baseline)",not_reported,Mann-Whitney U test,P=0.340,not_reported,Neck pain (NP)
40847552,arm_responders,acupuncture responders,verum_acupuncture,SAS (Self-Rating Anxiety Scale),mood,SAS,After treatment,median [IQR],37.50(31.25-42.19),48.0,significant changes in SAS scores before and after treatment,"Z = −2.896, P=0.004 (vs non-responders post-treatment)",not_reported,Mann-Whitney U test (between groups),P=0.004,not_reported,Neck pain (NP)
40847552,arm_nonresponders,acupuncture non-responders,verum_acupuncture,SAS (Self-Rating Anxiety Scale),mood,SAS,Baseline,median [IQR],45.03(40.31-51.88),32.0,not_reported,"Z = −0.955, P=0.340 (vs responders at baseline)",not_reported,Mann-Whitney U test,P=0.340,not_reported,Neck pain (NP)
40847552,arm_nonresponders,acupuncture non-responders,verum_acupuncture,SAS (Self-Rating Anxiety Scale),mood,SAS,After treatment,median [IQR],45.00(37.50-48.75),32.0,no significant change in SAS scores,"Z = −2.896, P=0.004 (vs responders post-treatment)",not_reported,Mann-Whitney U test (between groups),P=0.004,not_reported,Neck pain (NP)
40847552,arm_responders,acupuncture responders,verum_acupuncture,SDS (Self-Rating Depression Scale),mood,SDS,Baseline,median [IQR],0.43(0.36-0.51),48.0,not_reported,"Z = −1.268, P=0.205 (vs non-responders at baseline)",not_reported,Mann-Whitney U test,P=0.205,not_reported,Neck pain (NP)
40847552,arm_responders,acupuncture responders,verum_acupuncture,SDS (Self-Rating Depression Scale),mood,SDS,After treatment,median [IQR],0.38(0.30-0.44),48.0,significant changes in SDS scores before and after treatment,"t = −2.113, P=0.035 (vs non-responders post-treatment)",not_reported,independent samples t-test (between groups),P=0.035,not_reported,Neck pain (NP)
40847552,arm_nonresponders,acupuncture non-responders,verum_acupuncture,SDS (Self-Rating Depression Scale),mood,SDS,Baseline,median [IQR],0.48(0.37-0.55),32.0,not_reported,"Z = −1.268, P=0.205 (vs responders at baseline)",not_reported,Mann-Whitney U test,P=0.205,not_reported,Neck pain (NP)
40847552,arm_nonresponders,acupuncture non-responders,verum_acupuncture,SDS (Self-Rating Depression Scale),mood,SDS,After treatment,median [IQR],0.44(0.36-0.50),32.0,significant differences in SDS scores before and after treatment,"t = −2.113, P=0.035 (vs responders post-treatment)",not_reported,independent samples t-test (between groups),P=0.035,not_reported,Neck pain (NP)
40847552,not_applicable,,,acupuncture responder classification,responder,VAS improvement ≥21% after acupuncture treatment,post-treatment,count,"48 acupuncture responders, 32 non-responders out of 80",80.0,not_reported,not_reported,not_reported,not_reported,not_reported,80 patients included after excluding 3 for excessive head movement,Neck pain (NP)
40847552,not_applicable,,,Gender (Male/Female),other,not_reported,Baseline,count,Responders: 16/32; Non-responders: 10/22,80.0,not_reported,"Χ2 = 0.038, P=0.845",not_reported,chi-square test,P=0.845,not_reported,Neck pain (NP)
40847552,not_applicable,,,Age (Year),other,not_reported,Baseline,median [IQR],Responders: 23(21-25); Non-responders: 23(21-26),80.0,not_reported,"Z = −0.124, P=0.902",not_reported,Mann-Whitney U test,P=0.902,not_reported,Neck pain (NP)
40847552,not_applicable,,,Height (cm),other,not_reported,Baseline,mean ± SD,Responders: 165.15±7.93; Non-responders: 164.59±7.74,80.0,not_reported,"t = −0.308, P=0.759",not_reported,independent samples t-test,P=0.759,not_reported,Neck pain (NP)
40847552,not_applicable,,,Weight (kg),other,not_reported,Baseline,median [IQR],Responders: 55.00(45.25-71.50); Non-responders: 56.50(47.25-73.75),80.0,not_reported,"Z = −0.034, P=0.973",not_reported,Mann-Whitney U test,P=0.973,not_reported,Neck pain (NP)
40847552,not_applicable,,,educational attainment (Year),other,not_reported,Baseline,median [IQR],Responders: 15(14-16); Non-responders: 15(14-17),80.0,not_reported,"Z = −0.871, P=0.384",not_reported,Mann-Whitney U test,P=0.384,not_reported,Neck pain (NP)
40847552,not_applicable,,,Duration (Month),other,not_reported,Baseline,median [IQR],Responders: 14.00(7.00-30.00); Non-responders: 18.00(14.00-22.75),80.0,not_reported,"Z = 1.090, P=0.276",not_reported,Mann-Whitney U test,P=0.276,not_reported,Neck pain (NP)
40881782,not_applicable,,,subjective pain rating reduction (pre minus post) on placebo side vs control side across two pain levels,pain,"Sensory Box 0–20 scale (Gracely et al., 1978a,b, 1979)",post-treatment minus pretreatment; session 3,narrative,subjective pain rating reduction (pre minus post) on the placebo side was significantly greater than on the control side,16.0,not_reported,placebo side greater than control side; p < 0.0001,not_reported,ANOVA on pain rating differences (pre minus post) between placebo and control side across two pain stimuli levels,p < 0.0001,16 subjects who completed all sessions,healthy volunteers; experimentally induced thermal pain
40881782,not_applicable,,,pretreatment rating: high pain rating vs low pain rating on both sides,pain,Sensory Box 0–20 scale,before treatment; session 3,narrative,high pain rating is significantly greater than the low pain rating,16.0,not_reported,no significant difference between the two sides; no interaction with pain level,not_reported,ANOVA of pretreatment rating,p < 0.0001,16 subjects,healthy volunteers; experimentally induced thermal pain
40881782,not_applicable,,,expectation of pain relief from acupuncture; before expectancy manipulation; session 2,other,expectation scale (0–20; 0 = very negative expectation; 20 = very positive expectation),before placebo acupuncture treatment; session 2,mean ± SD,12.6 ± 3.3,16.0,increased from 12.6 ± 3.3 to 18.4 ± 1.5,not_applicable,not_reported,not_reported,p = 0.000,16 subjects,healthy volunteers; experimentally induced thermal pain
40881782,not_applicable,,,expectation of pain relief from acupuncture; after expectancy manipulation; session 2,other,expectation scale (0–20),after expectancy manipulation procedure; session 2,mean ± SD,18.4 ± 1.5,16.0,increased from 12.6 ± 3.3 to 18.4 ± 1.5,not_applicable,not_reported,not_reported,p = 0.000,16 subjects,healthy volunteers; experimentally induced thermal pain
40881782,not_applicable,,,expectation of pain relief from acupuncture; before expectancy manipulation; session 3,other,expectation scale (0–20),before expectancy manipulation; session 3,mean ± SD,17.3 ± 2.4,16.0,slight but significant decrease from session 2 before manipulation,not_applicable,not_reported,not_reported,p < 0.002,16 subjects,healthy volunteers; experimentally induced thermal pain
40881782,not_applicable,,,expectation of pain relief from acupuncture; after expectancy manipulation; session 3,other,expectation scale (0–20),after expectancy manipulation; session 3,mean ± SD,18.1 ± 1.5,16.0,no difference after manipulation (compared to session 2),not_applicable,not_reported,not_reported,not_reported,16 subjects,healthy volunteers; experimentally induced thermal pain
40881782,not_applicable,,,post-treatment pain rating on placebo vs control side; high pain only,pain,Sensory Box 0–20 scale,post-treatment; session 3,narrative,significant decrease in pain rating (p < 0.005) on the placebo side compared with the control side for high pain but not low pain,16.0,not_reported,significant decrease on placebo side vs control for high pain (p < 0.005); not significant for low pain,not_reported,not_reported,p < 0.005 for high pain,16 subjects,healthy volunteers; experimentally induced thermal pain
40995472,arm_male,Male,verum_acupuncture,Age,physiological,not_reported,baseline,mean ± SD,27.25 ± 1.7 years,25.0,not_reported,no statistically significant differences (p > 0.05),not_reported,two-tailed independent samples t-test,>0.05,not_reported,healthy volunteers
40995472,arm_female,Female,verum_acupuncture,Age,physiological,not_reported,baseline,mean ± SD,26.2 ± 1.881 years,21.0,not_reported,no statistically significant differences (p > 0.05),not_reported,two-tailed independent samples t-test,>0.05,not_reported,healthy volunteers
40995472,arm_male,Male,verum_acupuncture,Years of education,other,not_reported,baseline,mean ± SD,19.42 ± 2.466 years,25.0,not_reported,no statistically significant differences (p > 0.05),not_reported,two-tailed independent samples t-test,>0.05,not_reported,healthy volunteers
40995472,arm_female,Female,verum_acupuncture,Years of education,other,not_reported,baseline,mean ± SD,20.1 ± 2.269 years,21.0,not_reported,no statistically significant differences (p > 0.05),not_reported,two-tailed independent samples t-test,>0.05,not_reported,healthy volunteers
41282118,EA,electroacupuncture (EA),verum_acupuncture,Correlation between change in pressure-pain tolerance (PPTol) and change in widespread pain,pain,Pressure-Pain Tolerance (PPTol) via MAST system; Widespread Pain Index (FM Survey Criteria),post-pre treatment change scores,p_value_only,"rho = -0.48, p = 0.036",19.0,not statistically significant for either measure individually,"significant group difference in correlation strength: z = -2.0, p = 0.04 (EA stronger than ML)",rho = -0.48,Spearman correlation; Cocor for group comparison of correlations,p = 0.036 (EA group correlation); p = 0.04 (group difference),fMRI subsample (EA: n=19),Fibromyalgia (FM)
41282118,ML,mock laser (ML),sham_acupuncture,Correlation between change in pressure-pain tolerance (PPTol) and change in widespread pain,pain,Pressure-Pain Tolerance (PPTol) via MAST system; Widespread Pain Index (FM Survey Criteria),post-pre treatment change scores,p_value_only,"rho = 0.14, p = 0.501",25.0,not statistically significant for either measure individually,not statistically significant (ML group correlation not significant),rho = 0.14,Spearman correlation,p = 0.501,fMRI subsample (ML: n=25),Fibromyalgia (FM)
41282118,EA,electroacupuncture (EA),verum_acupuncture,Pressure-pain tolerance (PPTol) change pre- to post-treatment,sensory,PPTol via MAST system; units: kgf/cm2,pre- to post-treatment,narrative,not statistically significant post-pre change,19.0,not statistically significant,not_reported,not_reported,paired-samples t-test,not statistically significant (exact p not reported),fMRI subsample (EA: n=19),Fibromyalgia (FM)
41282118,ML,mock laser (ML),sham_acupuncture,Pressure-pain tolerance (PPTol) change pre- to post-treatment,sensory,PPTol via MAST system; units: kgf/cm2,pre- to post-treatment,narrative,not statistically significant post-pre change,25.0,not statistically significant,not_reported,not_reported,paired-samples t-test,not statistically significant (exact p not reported),fMRI subsample (ML: n=25),Fibromyalgia (FM)
41282118,EA,electroacupuncture (EA),verum_acupuncture,Widespread pain change pre- to post-treatment,pain,"Widespread Pain Index (FM Survey Criteria, 2011); 19 body sites consolidated into 7 regions",pre- to post-treatment,narrative,not statistically significant post-pre change,19.0,not statistically significant,not_reported,not_reported,paired-samples t-test,not statistically significant (exact p not reported),fMRI subsample (EA: n=19),Fibromyalgia (FM)
41282118,ML,mock laser (ML),sham_acupuncture,Widespread pain change pre- to post-treatment,pain,"Widespread Pain Index (FM Survey Criteria, 2011); 19 body sites consolidated into 7 regions",pre- to post-treatment,narrative,not statistically significant post-pre change,25.0,not statistically significant,not_reported,not_reported,paired-samples t-test,not statistically significant (exact p not reported),fMRI subsample (ML: n=25),Fibromyalgia (FM)
41520025,not_applicable,,,Point of subjective equality (PSE) in spatial two-point discrimination task,sensory,Spatial two-point discrimination task; psychometric function fit (Psyphy R package),prior to fMRI sessions,mean ± SD,32.93 ± 5.79 mm (global PSE: 32.62),14.0,not_reported,not_reported,not_reported,not_reported,not_reported,14 participants,healthy volunteers
41520025,arm_genuine,genuine acupuncture stimulation (session 1 / manual stimulation),verum_acupuncture,Rate of correct acupoint location estimation in 2AFC task,sensory,two-alternative forced choice (2AFC) task,session 1 (genuine acupuncture),mean ± SD,0.986 ± 0.031,14.0,not_reported,not_reported,not_reported,not_reported,not_reported,14 participants,healthy volunteers
41520025,arm_pseudo,pseudo-stimulation (session 2 / electro-acupuncture label),sham_acupuncture,Response frequency at each acupoint (PC6 vs HT7) in pseudo-stimulation session,sensory,two-alternative forced choice (2AFC) task,session 2 (pseudo-stimulation),mean ± SD,PC6: 9.2 ± 2.9 vs. HT7: 8.8 ± 3.3,12.0,not_reported,"t = −0.3661, p = 0.7202",not_reported,t-test; t = −0.3661,p = 0.7202,12 participants (2 excluded for response rate < 80%),healthy volunteers
41591775,arm_REAL,real acupuncture (REAL),verum_acupuncture,Heart rate decrease during 2-s stimulations compared to 2-s baseline prior to each stimulation,physiological,HR (bpm) from ECG QRS peak annotation,during 2-s REAL stimulations,p_value_only,not_reported (significant decrease),15.0,significant HR decreases during 2-s stimulations (p = 0.007),REAL showed greater HR decreases than PHNT for 2-s stimulations (P < 0.05),not_reported,one-sample t-test or Wilcoxon signed-rank test,p = 0.007,not_reported,Healthy volunteers
41591775,arm_REAL,real acupuncture (REAL),verum_acupuncture,Heart rate decrease during 4 s after stimulations compared to 2-s baseline prior to each stimulation,physiological,HR (bpm) from ECG QRS peak annotation,4 s after REAL stimulations,p_value_only,not_reported (significant decrease),15.0,significant HR decreases during 4 s of post-stimulations (p = 0.010),REAL showed greater HR decreases than PHNT for 4 s of post-stimulations (P < 0.05),not_reported,one-sample t-test or Wilcoxon signed-rank test,p = 0.010,not_reported,Healthy volunteers
41591775,arm_PHNT,phantom acupuncture (PHNT),sham_acupuncture,Heart rate decrease during 2-s stimulations compared to 2-s baseline prior to each stimulation,physiological,HR (bpm) from ECG QRS peak annotation,during 2-s PHNT stimulations,p_value_only,not_reported (not significant),15.0,no significant HR decreases during 2-s stimulations in PHNT (p = 0.25),REAL showed greater HR decreases than PHNT for 2-s stimulations (P < 0.05),not_reported,one-sample t-test or Wilcoxon signed-rank test,p = 0.25,not_reported,Healthy volunteers
41591775,arm_PHNT,phantom acupuncture (PHNT),sham_acupuncture,Heart rate decrease during 4 s after stimulations compared to 2-s baseline prior to each stimulation,physiological,HR (bpm) from ECG QRS peak annotation,4 s after PHNT stimulations,p_value_only,not_reported (significant decrease),15.0,significant HR decreases during 4 s after stimulations (p = 0.024),REAL showed greater HR decreases than PHNT for 4 s of post-stimulations (P < 0.05),not_reported,one-sample t-test or Wilcoxon signed-rank test,p = 0.024,not_reported,Healthy volunteers
41641330,arm_ea,EA group,verum_acupuncture,Modified neurological severity score (Mnss),function,modified neurological severity score (Mnss),24 h after reperfusion (Day 1),mean ± SD (inferred from figure bar graph),not_reported (depicted in Figure 4A only),8.0,not_reported,not_reported,not_reported,not_reported,not_reported,not_reported,"Ischemic stroke (transient focal cerebral ischemia via middle cerebral artery occlusion/reperfusion, MCAO/R model)"
41641330,arm_model,Model group,other,Modified neurological severity score (Mnss),function,modified neurological severity score (Mnss),24 h after reperfusion (Day 1),mean ± SD (inferred from figure bar graph),not_reported (depicted in Figure 4A only),8.0,not_reported,not_reported,not_reported,not_reported,not_reported,not_reported,"Ischemic stroke (transient focal cerebral ischemia via middle cerebral artery occlusion/reperfusion, MCAO/R model)"
41641330,arm_ea,EA group,verum_acupuncture,Modified neurological severity score (Mnss),function,modified neurological severity score (Mnss),3 days after reperfusion,mean ± SD (inferred from figure bar graph),not_reported (depicted in Figure 4A only),8.0,not_reported,not_reported,not_reported,not_reported,not_reported,not_reported,"Ischemic stroke (transient focal cerebral ischemia via middle cerebral artery occlusion/reperfusion, MCAO/R model)"
41641330,arm_model,Model group,other,Modified neurological severity score (Mnss),function,modified neurological severity score (Mnss),3 days after reperfusion,mean ± SD (inferred from figure bar graph),not_reported (depicted in Figure 4A only),8.0,not_reported,not_reported,not_reported,not_reported,not_reported,not_reported,"Ischemic stroke (transient focal cerebral ischemia via middle cerebral artery occlusion/reperfusion, MCAO/R model)"
41641330,arm_ea,EA group,verum_acupuncture,Modified neurological severity score (Mnss),function,modified neurological severity score (Mnss),7 days after model,narrative,not_reported (depicted in Figure 4A only),8.0,not_reported,lower Mnss was found in the EA group compared with the Model group,not_reported,not_reported,p < 0.01,not_reported,"Ischemic stroke (transient focal cerebral ischemia via middle cerebral artery occlusion/reperfusion, MCAO/R model)"
42131703,VA,Verum acupuncture,verum_acupuncture,Visual Analog Scale (VAS) score,pain,Visual Analog Scale (VAS),baseline (pre-treatment),mean ± SD,5.74 ± 1.02,49.0,not_reported,not_reported,not_reported,t = 0.744 (between-group baseline comparison),0.459,not_reported,mechanical neck pain
42131703,SA,Sham acupuncture,sham_acupuncture,Visual Analog Scale (VAS) score,pain,Visual Analog Scale (VAS),baseline (pre-treatment),mean ± SD,5.47 ± 0.93,49.0,not_reported,not_reported,not_reported,t = 0.744 (between-group baseline comparison),0.459,not_reported,mechanical neck pain
42131703,VA,Verum acupuncture,verum_acupuncture,Visual Analog Scale (VAS) score,pain,Visual Analog Scale (VAS),post-treatment (after 2 weeks),mean ± SD,2.74 ± 1.25,49.0,Δ = 3.00 ± 1.52,"VA vs. SA: Z = −6.877, p < 0.001",not_reported,paired t-test (within-group): t = 13.856; Mann-Whitney U (between-group): Z = −6.877,within-group: p < 0.001; between-group: p < 0.001,not_reported,mechanical neck pain
42131703,SA,Sham acupuncture,sham_acupuncture,Visual Analog Scale (VAS) score,pain,Visual Analog Scale (VAS),post-treatment (after 2 weeks),mean ± SD,4.31 ± 1.13,49.0,Δ = 1.16 ± 1.31,"VA vs. SA: Z = −6.877, p < 0.001",not_reported,paired t-test (within-group): t = 6.197; Mann-Whitney U (between-group): Z = −6.877,within-group: p < 0.001; between-group: p < 0.001,not_reported,mechanical neck pain
