pmid,arm_id,arm_label,arm_type,n_assigned,n_analyzed_neuroimaging,disease_condition,acupuncture_modality,stimulation_type,acupoints_used,anatomical_location,laterality,penetration,depth,depth_mm,manipulation,needle_type,needle_size,electrical_stim,electrical_frequency,electrical_intensity,needle_retention,needle_retention_min,session_duration,session_duration_min,n_sessions,n_sessions_numeric,treatment_period,deqi_intended,participant_instructions,treatment_rationale,practitioner_description,blinding,study_design
16407533,arm_placebo,placebo side,sham_acupuncture,,16.0,healthy volunteers; experimentally induced thermal pain,sham_needling,sham acupuncture needling,[],hand (either sham LI 4 or sham SI 3 depending on randomization group),one side of the arm (placebo side); either radial (LI) or ulnar (SI) side became placebo or control side,"retracts into its casing when pressed on the skin, similar to the action of a retractable stage knife; no skin penetration",not_reported,,needle was briefly twirled to simulate acupuncture manipulation and then left in place for 5 min before being withdrawn,"placebo acupuncture needle inserted through a small, tape-covered plastic ring; validated sham device (Streitberger and Kleinhenz, 1998)",not_reported,False,not_applicable,not_applicable,left in place for 5 min before being withdrawn,5.0,~5 min treatment,5.0,two sessions (session 2 and session 3),2.0,sessions separated by a minimum of 4 d,not_reported,"subjects were told this was a study about acupuncture analgesia; told that acupuncture would only produce an analgesic effect on the side of the arm where needles were placed (placebo side) but not on the other side of the arm where there were no needles (control side); told that if they are good responders, they would feel a difference between the treated (placebo) and untreated (control) sides","acupuncture meridian lines connect acupuncture points according to Traditional Chinese Medicine; LI meridian runs along radial side, SI meridian runs along ulnar side; acupuncture would only produce analgesic effect on the treated side",not_reported,Subjects were naive to acupuncture; sham needle was used; subjects were told the study was about acupuncture analgesia; stimulus temperature was surreptitiously decreased on placebo side during expectancy manipulation,"within-subject experimental design with three sessions (two behavioral, one fMRI)"
16407533,arm_control,control side,other,,16.0,healthy volunteers; experimentally induced thermal pain,non_acupuncture,thermal pain stimulation,[],right medial aspect of the forearm (control side),right forearm,not_applicable,not_applicable,,not_applicable,not_applicable,not_applicable,False,not_applicable,not_applicable,not_applicable,,"each stimulus presented for 10 s, including 2.5 s each for ramp up and down; minimum interstimulus interval 16 s; next stimulus began after variable time delay of 2–12 s (average, 6 s)",,one fMRI session (session 3),1.0,not_applicable,not_applicable,same as placebo side,not_applicable,not_reported,Subjects were naive to acupuncture; sham needle was used; subjects were told the study was about acupuncture analgesia; stimulus temperature was surreptitiously decreased on placebo side during expectancy manipulation,"within-subject experimental design with three sessions (two behavioral, one fMRI)"
9482939,arm_visual,Visual light stimulation,active_control,12,12.0,Healthy volunteers; no disease condition,other,visual light stimulation,[],eye,not_reported,not_applicable,not_applicable,,8-Hz checkerboard light flash,not_applicable,not_applicable,False,not_applicable,not_applicable,not_applicable,,not_reported,,not_reported,,not_reported,not_applicable,not_reported,used as reference/control for comparison with acupuncture stimulation; established fMRI visual cortex stimulation paradigm,not_reported,not_reported,Within-subject experimental study; preliminary study
9482939,arm_acupoint,Acupuncture stimulation (vision-related acupoints VA1–VA8),verum_acupuncture,12,12.0,Healthy volunteers; no disease condition,manual_acupuncture,manual acupuncture needle stimulation,"['VA1 (BL67)', 'VA2 (BL66)', 'VA3 (BL65)', 'VA8 (BL60)']","lateral aspect of the foot (VA1/BL67); vision-related acupoints on the foot (VA1–VA8, BL67–BL60)",not_reported,not_reported,not_reported,,continuously twisting the acupuncture needle for stimulation; resting for nonstimulation,acupuncture needle,not_reported,False,not_applicable,not_applicable,not_reported,,not_reported,,not_reported,,not_reported,not_reported,not_reported,VA1 (BL67) is believed to be an effective acupoint that directly treats eye-related disorders; known in oriental acupuncture literature as vision-related acupoints,not_reported,not_reported,Within-subject experimental study; preliminary study
9482939,arm_nonacupoint,Nonacupoint stimulation (control),sham_acupuncture,,,Healthy volunteers; no disease condition,sham_needling,needle stimulation at nonacupoint location,[],2–5 cm away from VA1 on the foot,not_reported,not_reported,not_reported,,not_reported,not_reported,not_reported,False,not_applicable,not_applicable,not_reported,,not_reported,,not_reported,,not_reported,not_reported,not_reported,experimental control for acupuncture stimulation specificity,not_reported,not_reported,Within-subject experimental study; preliminary study
17240066,arm_CTS_baseline,CTS patients at baseline,verum_acupuncture,13,10.0,Carpal Tunnel Syndrome (CTS),electroacupuncture,electroacupuncture and manual needling,"['TW-5 (triple-warmer 5)', 'PC-7 (pericardium 7)', 'HT-3 (heart 3)', 'PC-3 (pericardium 3)', 'SI-4 (small intestine 4)', 'LI-5 (large intestine 5)', 'LI-10 (large intestine 10)', 'LU-5 (lung 5)']","unilateral TW-5 (dorsal aspect of forearm) to PC-7 (1st wrist crease) for electroacupuncture; additional acupoints: HT-3 (medial aspect of elbow), PC-3 (medial aspect of elbow crease), SI-4 (ulnar aspect of wrist), LI-5 (radial aspect of wrist), LI-10 (lateral aspect of forearm), LU-5 (lateral aspect of elbow crease)",unilateral,insertive,not_reported,,2Hz electroacupuncture at TW-5 to PC-7 for 10 minutes; manual even needle technique at additional acupoints where a deqi response was obtained; three acupoints chosen by practitioner from six based on individual symptoms,not_reported,not_reported,True,2Hz,not_reported,not_reported,,not_reported per session; 10 minutes electroacupuncture component,,3 times per week for three weeks and 2 times per week for the remaining two weeks,13.0,5 weeks,yes; a deqi response was obtained with manual needling,not_reported,"semi-individualized approach; common acupoints used for all, additional acupoints chosen based on individual symptoms of the presenting patient",experienced practitioners,"subjects were acupuncture-naive and were not informed of a sham acupuncture condition, only that there would be 'different forms' of acupuncture during fMRI; subjects lay supine with eyes closed and vision of distal body regions blocked by volumetric head coil","cross-sectional and longitudinal fMRI study with test-retest design; CTS patients compared to healthy controls at baseline, and CTS patients retested after 5 weeks of acupuncture therapy"
17240066,arm_CTS_postacup,CTS patients after 5 weeks of acupuncture treatment,verum_acupuncture,10,10.0,Carpal Tunnel Syndrome (CTS),,,[],,,,,,,,,,,,,,,,,,,,,,,"subjects were acupuncture-naive and were not informed of a sham acupuncture condition, only that there would be 'different forms' of acupuncture during fMRI; subjects lay supine with eyes closed and vision of distal body regions blocked by volumetric head coil","cross-sectional and longitudinal fMRI study with test-retest design; CTS patients compared to healthy controls at baseline, and CTS patients retested after 5 weeks of acupuncture therapy"
17240066,arm_HC,healthy controls (HC),healthy_control,12,9.0,Carpal Tunnel Syndrome (CTS),,,[],,,,,,,,,,,,,,,,,,,,,,,"subjects were acupuncture-naive and were not informed of a sham acupuncture condition, only that there would be 'different forms' of acupuncture during fMRI; subjects lay supine with eyes closed and vision of distal body regions blocked by volumetric head coil","cross-sectional and longitudinal fMRI study with test-retest design; CTS patients compared to healthy controls at baseline, and CTS patients retested after 5 weeks of acupuncture therapy"
19559684,arm_acupuncture,Manual acupuncture,verum_acupuncture,,48.0,Healthy volunteers (no disease condition),manual_acupuncture,manual needle rotation,['LI4 (hegu)'],right hand,right,inserted,0.5-1 cm,,bilateral manual rotation of the needle of 180 degrees at 1 Hz for 2 min during two stimulation periods M1 and M2,"silver needles (Matsuka, Tokyo, Japan)",0.23 mm diameter,False,not_applicable,not_applicable,"Needle left in place during rest periods R1, R2, R3; total scan 10 min per run, duplicate runs",,approximately 25 min per acupoint (20-25 min including duplicate scans and interview),25.0,duplicate runs per acupoint in single session,2.0,single session,Yes; deqi intended; subject sensitivity and tolerance tested after insertion prior to scanning,Instructed to raise one finger if sensation reached intensity of 7-8 on scale 1-10 and raise 2 fingers in case of sharp pain,Analgesic and regulatory clinical effects; most commonly used acupoints in clinical practice,A licensed acupuncturist (JL) in clinical practice for over 25 years,Participants were blinded to the study conditions; told acupuncture was to be performed at different acupuncture points using different techniques,Within-subject experimental fMRI study with multiple acupuncture conditions and tactile stimulation comparison in healthy volunteers
19559684,arm_tactile,Tactile stimulation,active_control,,37.0,Healthy volunteers (no disease condition),non_acupuncture,gentle tapping with flexible nylon monofilament,"['LI4', 'ST36', 'LV3']","Skin over the acupoint (right LI4, ST36, LV3)",right,no penetration; superficial tapping,not_applicable,,gently tapped with matched paradigm,5.88 von Frey monofilament,not_reported,False,not_applicable,not_applicable,not_applicable,,matched paradigm (same 10 min paradigm as acupuncture),10.0,not_reported,,single session; administered before first acupuncture,Not intended; administered before first acupuncture while subject was still naive to acupuncture sensations,Participant was blinded; told acupuncture was to be performed at different acupuncture points using different techniques; tests could not be seen from supine position,Delivered as a form of conventional sensory stimulation for comparison to extract response unique to acupuncture; can be regarded as a form of 'sham acupuncture',not_reported,Participants were blinded to the study conditions; told acupuncture was to be performed at different acupuncture points using different techniques,Within-subject experimental fMRI study with multiple acupuncture conditions and tactile stimulation comparison in healthy volunteers
20423216,arm_acupuncture,Acupuncture stimulation,verum_acupuncture,15,15.0,Healthy volunteers; no disease condition,manual_acupuncture,manual acupuncture,"['BL62 (Shenmai), right foot']","BL62 is located on the lateral aspect of the foot, directly inferior to the prominence of the lateral malleolus, in the depression between the inferior border of the lateral malleolus and the calcaneus",right,inserted into the skin,10 mm,10.0,"rotated bidirectionally at two times a second (2 Hz) for 30 seconds, after which it was removed immediately","Disposable stainless steel needles (Dongbang Acupuncture Inc., Seoul, Korea)",diameter 0.25 mm; length 30 mm,False,not_applicable,not_applicable,30 seconds (needle removed immediately after manipulation),0.5,4 minutes per paradigm block,4.0,Two acupuncture stimulation blocks within one scanning session,2.0,Single scanning session,"Needles were inserted in a manner to elicit a characteristic somatosensory reaction called de qi (numbness, tingling, fullness, and/or dull ache)",Participants were told that they would get acupuncture stimulations 4 times during fMRI scanning,"BL62 is the starting point of the Yang Heel Vessel, which is related to movement, sleep, and arousal",2 licensed oriental medical doctors who had 5 years of clinical experience; order of doctors was randomized,Participants did not know which doctor was performing acupuncture/sham and were told they would get acupuncture stimulations 4 times during fMRI scanning,Within-subject repeated-measures fMRI study; all subjects measured twice in the same scanning session with a block design
20423216,arm_sham,Sham stimulation,sham_acupuncture,15,15.0,Healthy volunteers; no disease condition,sham_needling,sham acupuncture,['right BL62'],right BL62,right,no penetration; skin was stimulated by poking,not_reported,,poking the skin at 2 Hz,blunt-type needle,not_reported,False,not_applicable,not_applicable,30 seconds (same paradigm as acupuncture),0.5,4 minutes per paradigm block (same paradigm as acupuncture),4.0,Two sham stimulation blocks within one scanning session,2.0,"Single scanning session, performed after acupuncture session",not_reported,Participants were told that they would get acupuncture stimulations 4 times during fMRI scanning; did not know which doctor was performing acupuncture/sham,not_reported,2 licensed oriental medical doctors; order of doctors was randomized,Participants did not know which doctor was performing acupuncture/sham and were told they would get acupuncture stimulations 4 times during fMRI scanning,Within-subject repeated-measures fMRI study; all subjects measured twice in the same scanning session with a block design
20838644,arm_verum,verum laser,verum_acupuncture,10,10.0,healthy individuals (no depression or psychiatric disorder),laser_acupuncture,"fibreoptic infrared laser, 808 nm, 25 mW",['LR14'],LR14 is in the vicinity of the 6th intercostal space on the mid clavicular line,right LR14,non-penetrating; laser held with light touch on skin surface,not_applicable,,stably held laser applied to skin by acupuncturist; switched on/off by computer signal time-locked to MRI acquisition,not_applicable,not_applicable,False,not_applicable,not_applicable,not_applicable,,20-second blocks; 4 on-off cycles; 9 runs total per subject,,1 scanning session,1.0,single scanning session,not intended; low intensity laser does not produce skin sensation,relax and keep eyes closed during entire time in scanner,acupoints selected based on results from previous study (Quah-Smith et al. 2005) and TCM for mood disorders; LR14 lies on the liver (LR) meridian used to treat depression,acupuncturist (IQ-S),subjects blinded to verum vs placebo (laser off) stimulation due to absence of skin sensation from low-intensity laser,within-subject blocked fMRI design with randomized stimulation order
20838644,arm_placebo,placebo laser (laser off),placebo,10,10.0,healthy individuals (no depression or psychiatric disorder),other,fibreoptic infrared laser switched off,[],same locations as verum laser; laser held on skin but switched off,not_reported,non-penetrating,not_applicable,,"laser held with light touch on skin surface, switched off",not_applicable,not_applicable,False,not_applicable,not_applicable,not_applicable,,20-second blocks alternating with verum laser blocks,,embedded within single scanning session,1.0,single scanning session,not intended,relax and keep eyes closed during entire time in scanner,placebo condition to enable blinding; subjects could not differentiate laser off from laser on,acupuncturist (IQ-S),subjects blinded to verum vs placebo (laser off) stimulation due to absence of skin sensation from low-intensity laser,within-subject blocked fMRI design with randomized stimulation order
21080967,arm_genuine_HE,genuine EA paired with high expectancy (HE),verum_acupuncture,,12.0,Healthy volunteers; experimental pain paradigm,electroacupuncture,electroacupuncture,"['LI3', 'LI4']","LI 3 is located in the depression proximal to the metacarpo-phalangeal joint. LI 4 is located on the dorsum of the hand, between the 1st and 2nd metacarpal bones, in the middle of the 2nd metacarpal bone on the radial side.",right hand,needles were inserted into the skin,about 1.5 cm,15.0,"adjusted until subjective deqi sensations, but no sharp pain, was evoked; intensity gradually increased to the highest level subjects could tolerate without the sensation of sharp pain",not_reported,not_reported,True,2 Hz,gradually increased to the highest level subjects could tolerate without the sensation of sharp pain; level of current was recorded for each subject,approximately 25 minutes total; three 6.5-minute current ON and four 1.5-minute current OFF blocks; fMRI scan acquired for 23.5 minutes,25.0,approximately 25 minutes treatment; 23.5-minute fMRI scan,25.0,Sessions 2 and 3 (behavioral and fMRI),2.0,not_reported,"yes; needles adjusted until subjective deqi sensations, but no sharp pain, was evoked",not_reported,Both LI 3 and LI 4 can produce analgesic effects according to acupuncture literature,licensed acupuncturist,Not explicitly described for participants beyond sham needle use; acupuncture-naive subjects; blinding success not formally assessed in this paper,Randomized placebo-controlled study with 2x2 factorial design (treatment mode x expectancy level); new analysis of previously collected fMRI dataset
21080967,arm_genuine_LE,genuine EA paired with low expectancy (LE),verum_acupuncture,,12.0,Healthy volunteers; experimental pain paradigm,electroacupuncture,electroacupuncture,"['LI3', 'LI4']","LI 3 is located in the depression proximal to the metacarpo-phalangeal joint. LI 4 is located on the dorsum of the hand, between the 1st and 2nd metacarpal bones, in the middle of the 2nd metacarpal bone on the radial side.",right hand,needles were inserted into the skin,about 1.5 cm,15.0,"adjusted until subjective deqi sensations, but no sharp pain, was evoked; intensity gradually increased to the highest level subjects could tolerate without the sensation of sharp pain",not_reported,not_reported,True,2 Hz,gradually increased to the highest level subjects could tolerate without the sensation of sharp pain; level of current was recorded for each subject,approximately 25 minutes total; three 6.5-minute current ON and four 1.5-minute current OFF blocks,25.0,approximately 25 minutes treatment; 23.5-minute fMRI scan,25.0,Sessions 2 and 3,2.0,not_reported,"yes; needles adjusted until subjective deqi sensations, but no sharp pain, was evoked",not_reported,Both LI 3 and LI 4 can produce analgesic effects according to acupuncture literature,licensed acupuncturist,Not explicitly described for participants beyond sham needle use; acupuncture-naive subjects; blinding success not formally assessed in this paper,Randomized placebo-controlled study with 2x2 factorial design (treatment mode x expectancy level); new analysis of previously collected fMRI dataset
21080967,arm_sham_HE,sham EA paired with high expectancy (HE),sham_acupuncture,,12.0,Healthy volunteers; experimental pain paradigm,sham_needling,sham electroacupuncture,"['LI3', 'LI4']",same acupoints as genuine EA: LI3 and LI4 on the right hand,right hand,placed on the surface of the skin (non-penetrating),surface of the skin (no penetration),0.0,connected to a de-activated electroacupuncture device; no current applied,specially-designed Streitberger sham acupuncture needles,not_reported,False,not_applicable,not_applicable; de-activated device,same total scan time as genuine EA group,25.0,same total scan time as genuine EA group,25.0,Sessions 2 and 3,2.0,not_reported,not_reported,not_reported,not_reported,licensed acupuncturist,Not explicitly described for participants beyond sham needle use; acupuncture-naive subjects; blinding success not formally assessed in this paper,Randomized placebo-controlled study with 2x2 factorial design (treatment mode x expectancy level); new analysis of previously collected fMRI dataset
21080967,arm_sham_LE,sham EA paired with low expectancy (LE),sham_acupuncture,,12.0,Healthy volunteers; experimental pain paradigm,sham_needling,sham electroacupuncture,"['LI3', 'LI4']",same acupoints as genuine EA: LI3 and LI4 on the right hand,right hand,placed on the surface of the skin (non-penetrating),surface of the skin (no penetration),0.0,connected to a de-activated electroacupuncture device; no current applied,specially-designed Streitberger sham acupuncture needles,not_reported,False,not_applicable,not_applicable; de-activated device,same total scan time as genuine EA group,25.0,same total scan time as genuine EA group,25.0,Sessions 2 and 3,2.0,not_reported,not_reported,not_reported,not_reported,licensed acupuncturist,Not explicitly described for participants beyond sham needle use; acupuncture-naive subjects; blinding success not formally assessed in this paper,Randomized placebo-controlled study with 2x2 factorial design (treatment mode x expectancy level); new analysis of previously collected fMRI dataset
21794103,arm_EA,Electroacupuncture (EA),verum_acupuncture,16,16.0,Healthy volunteers,electroacupuncture,Electrical stimulation delivered via inserted acupuncture needle,"['PC-6 (pericardium-6, neiguan)']",left medial forearm,left,insertive (needle inserted into skin),not_reported,,"Needle insertion and manipulation to elicit deqi sensation, after which electrical current was delivered",not_reported,not_reported,True,2 Hz,"Set to level at which subjects indicated feeling a 'strong but not painful' sensation; delivered as monophasic rectangular, constant-current pulse (pulse width: 0.2 ms at 2 Hz) using a GRASS stimulator (S88 Dual Output Square Pulse Stimulator, Grass Telefactor, West Warwick, RI)",15 minutes,15.0,15 minutes,15.0,1,1.0,Single session,Yes; needle manipulated to elicit deqi sensation,Subjects were seated with their head in the dewar and instructed to fixate on a centrally presented '+' sign; subjects wore earplugs throughout the experiment; wore a plastic brace on their forearm to prevent fist clenching and excessive hand movement,Clinically relevant parameters (2 Hz stimulus rate and > 10 min. duration) to mimic clinical acupuncture intervention procedures; forearm acupoints chosen based on ease of access and MEG bias towards superficial brain activity,All acupuncture was performed by the same licensed acupuncturist,Participants were prevented from viewing insertion and stimulation procedures through the use of an opaque screen; participants told they would receive 'two different types' of acupuncture,Within-subject crossover experiment; healthy subjects received both EA and AP in randomized order with MEG recording
21794103,arm_AP,Acupressure (AP),verum_acupuncture,16,16.0,Healthy volunteers,other,Mechanical percussive stimulation (non-invasive tapping) using piezo-electric device,"['PC-6 (pericardium-6, neiguan)']",left medial forearm,left,non-insertive,not_reported,,AP insertion simulated using wooden toothpick with guide tube (previously validated technique); toothpick manipulated and subjects asked what sensations they felt and if there was any pain; then piezo-stimulator tip lowered over acupoint; stimulation consisted of 2 Hz mechanical pecking,"Blunt/non-insertive; wooden toothpick positioned at acupoint with guide tube (simulating needle insertion); piezo-electric cantilever beam (Piezo Bender Q-503B, Piezo Systems, Cambridge, MA) for stimulation",not_reported,False,not_applicable,not_applicable,15 minutes,15.0,15 minutes,15.0,1,1.0,Single session,Subjects asked what sensations they felt during insertion simulation,Subjects were seated with their head in the dewar and instructed to fixate on a centrally presented '+' sign; subjects wore earplugs throughout the experiment; wore a plastic brace on their forearm to prevent fist clenching and excessive hand movement,Clinically relevant parameters (2 Hz stimulus rate and > 10 min. duration) to mimic clinical acupuncture intervention procedures; AP mimics 'acupressure' or blunt non-insertive needle (Teishein needle) tapping; stimulus waveform was a single lobe from a 100 Hz half-sine wave (pulse width 5 ms),All acupuncture was performed by the same licensed acupuncturist,Participants were prevented from viewing insertion and stimulation procedures through the use of an opaque screen; participants told they would receive 'two different types' of acupuncture,Within-subject crossover experiment; healthy subjects received both EA and AP in randomized order with MEG recording
22291848,arm_CV4,Electroacupuncture at CV4 (Guanyuan),verum_acupuncture,21,20.0,Healthy volunteers; no disease condition,electroacupuncture,electroacupuncture,"['CV4', 'Guanyuan']",middle line of the abdomen; Conception Vessel; localized according to Names and Localizations of Acupoints (GB/T12346-2006),midline,inserted perpendicularly,about 2.5 cm,25.0,Two acupuncturists managed manual acupuncture using similar moderate reinforcing and reducing method,"Silver needles (Huatuo, manufactured by Suzhou Medical Appliance Manufactory, Jiangsu, China)","diameter 0.35 mm, length 40 mm",True,15 Hz; constant bidirectional square current,"3 mA ± 1.06; adjusted to participant's best tolerated magnitude without noxious (sharp) pain; Han's Acupuncture Nerve Stimulator (LH204H, Neuroscience Research Center, Peking University)",Needle retained throughout all sessions; removed after R4 (end of EA session),,5 minutes per session (EA session),5.0,1 session per acupoint,1.0,Single visit; CV4 test followed by CV12 test (or vice versa) with 10 minute interval in half of subjects,Yes; participants instructed of possible deqi sensations and asked to report deqi sensations as well as sharp pain,Participants were told to rest in the scanner before needle insertion; instructed of possible deqi sensations; asked to report deqi sensations as well as sharp pain; in supine position and unable to see acupuncture procedures,"According to classic acupuncture theories and clinical reports, CV4 has invigorating effects on the whole body and can regulate the function of the genitourinary system",Two acupuncturists,Participants were in the supine position and unable to see the acupuncture procedures; blinding of participants to condition type not explicitly described; no mention of assessor blinding,Within-subject crossover fMRI study; each participant received electroacupuncture at both CV4 and CV12 with counterbalanced order
22291848,arm_CV12,Electroacupuncture at CV12 (Zhongwan),verum_acupuncture,21,18.0,Healthy volunteers; no disease condition,electroacupuncture,electroacupuncture,"['CV12', 'Zhongwan']",middle line of the abdomen; Conception Vessel; localized according to Names and Localizations of Acupoints (GB/T12346-2006),midline,inserted perpendicularly,about 2.5 cm,25.0,Two acupuncturists managed manual acupuncture using similar moderate reinforcing and reducing method,"Silver needles (Huatuo, manufactured by Suzhou Medical Appliance Manufactory, Jiangsu, China)","diameter 0.35 mm, length 40 mm",True,15 Hz; constant bidirectional square current,"3.12 mA ± 0.78; adjusted to participant's best tolerated magnitude without noxious (sharp) pain; Han's Acupuncture Nerve Stimulator (LH204H, Neuroscience Research Center, Peking University)",Needle retained throughout all sessions; removed after R4 (end of EA session),,5 minutes per session (EA session),5.0,1 session per acupoint,1.0,Single visit; CV12 test followed by CV4 test (or vice versa) with 10 minute interval,Yes; participants instructed of possible deqi sensations and asked to report deqi sensations as well as sharp pain,Participants were told to rest in the scanner before needle insertion; instructed of possible deqi sensations; asked to report deqi sensations as well as sharp pain; in supine position and unable to see acupuncture procedures,"According to classic acupuncture theories and clinical reports, CV12 has regulatory effects on functions of the gastrointestinal system",Two acupuncturists,Participants were in the supine position and unable to see the acupuncture procedures; blinding of participants to condition type not explicitly described; no mention of assessor blinding,Within-subject crossover fMRI study; each participant received electroacupuncture at both CV4 and CV12 with counterbalanced order
22761766,arm_acup,ACUP,verum_acupuncture,9,,healthy volunteers,manual_acupuncture,manual acupuncture with rotational needle manipulation,"['ST36', 'Zusanli']",located four finger width below the lower margin of the patella and one finger width laterally from the anterior crest of the tibia,not_reported,needle inserted perpendicularly to the skin surface,15 mm,15.0,"needle manipulated rotationally with a flipping range of ±180° at a frequency of 120 flips/min for 1 min at 0 minutes, 7 minutes and 14 minutes",disposable sterile needles,"40 mm long x 0.30 mm diameter supplied by Huatuo, Suzhou Medical Application Company",False,not_applicable,not_applicable,twenty minutes per run,20.0,"total experiment lasted 57 minutes: initial rest scan 6 min, 20 min acupuncture treatment, 25-min resting period after needle removed, 6-min post-acupuncture scan",57.0,"one session per week; two sessions total (one ACUP, one SHAM) alternated each week",1.0,groups alternated each week,not_reported,instructed to remain tranquil without engaging in any mental task; asked to keep eyes closed,"ST36 is the most frequently used acupuncture point in Chinese acupuncture, especially for treating pain, hypertension, gastrointestinal and other physiological dysfunctions; emulated actual clinical practice of acupuncture in its entirety",same experienced and licensed acupuncturist on all subjects,subjects not informed of the order in which the two runs would be carried out; subjects instructed to keep eyes closed to prevent observation of procedures,within-subject crossover fMRI study; participants scanned before and after acupuncture at ST36 acupoint (ACUP) and sham point (SHAM)
22761766,arm_sham,SHAM,sham_acupuncture,9,,healthy volunteers,sham_needling,needling at nonmeridian points,[],nonmeridian points 2–3 cm away from ST36,not_reported,needle inserted perpendicularly to the skin surface,15 mm (identical to ACUP),15.0,"stimulation intensity and manipulation identical to that of ACUP group; rotational manipulation with flipping range ±180° at 120 flips/min for 1 min at 0, 7, and 14 minutes",disposable sterile needles,"40 mm long x 0.30 mm diameter supplied by Huatuo, Suzhou Medical Application Company",False,not_applicable,not_applicable,twenty minutes per run,20.0,"total experiment lasted 57 minutes: initial rest scan 6 min, 20 min sham treatment, 25-min resting period after needle removed, 6-min post-acupuncture scan",57.0,one session per week; alternated with ACUP each week,1.0,groups alternated each week,not_reported,instructed to remain tranquil without engaging in any mental task; asked to keep eyes closed,Sham point stimulation devised with needling at nonmeridian points with the same acupuncture method used in the acupoints,same experienced and licensed acupuncturist on all subjects,subjects not informed of the order in which the two runs would be carried out; subjects instructed to keep eyes closed to prevent observation of procedures,within-subject crossover fMRI study; participants scanned before and after acupuncture at ST36 acupoint (ACUP) and sham point (SHAM)
22916152,arm_AD,AD,other,14,14.0,Mild Cognitive Impairment (MCI) and Alzheimer Disease (AD),,,[],,,,,,,,,,,,,,,,,,,,,,,"fMRI post-processing was performed by a single experienced observer, unaware to whom the scans belonged","single block experimental design, within-subject fMRI study with three conditions (resting state, acupuncture stimulation, post-acupuncture resting state), three groups (MCI, AD, healthy controls)"
22916152,arm_MCI,MCI,other,8,8.0,Mild Cognitive Impairment (MCI) and Alzheimer Disease (AD),,,[],,,,,,,,,,,,,,,,,,,,,,,"fMRI post-processing was performed by a single experienced observer, unaware to whom the scans belonged","single block experimental design, within-subject fMRI study with three conditions (resting state, acupuncture stimulation, post-acupuncture resting state), three groups (MCI, AD, healthy controls)"
22916152,arm_NOR,NOR,healthy_control,14,14.0,Mild Cognitive Impairment (MCI) and Alzheimer Disease (AD),,,[],,,,,,,,,,,,,,,,,,,,,,,"fMRI post-processing was performed by a single experienced observer, unaware to whom the scans belonged","single block experimental design, within-subject fMRI study with three conditions (resting state, acupuncture stimulation, post-acupuncture resting state), three groups (MCI, AD, healthy controls)"
23152865,arm_A,Group A,verum_acupuncture,11,11.0,myopia,manual_acupuncture,manual acupuncture,['left LR3 (Taichong)'],muscle bulk between the 1st and 2nd phalangeals on the dorsum of the left foot,left,insertion into the real acupoint,approximately 10 mm,10.0,twirled manually clockwise and counterclockwise at 1 Hz with even reinforcing and reducing manipulation for 180 seconds (60 scans),"sterile, single-use silver needle",25 mm in length × 0.30 mm in diameter,False,not_applicable,not_applicable,180 seconds (60 scans),3.0,402 scans total per subject,,1,1.0,single session,not_reported,told they would receive acupuncture treatment which would surely benefit their myopia before MRI scan (treatment instruction),acupuncture treatment which would surely benefit their myopia,"Dr. Jianyang Xu, the General Hospital of the Armed Police Forces",participant-blinded,"2×2 randomized, controlled, participant-blinded cross-over factorial acupuncture trial"
23152865,arm_B,Group B,verum_acupuncture,11,11.0,myopia,manual_acupuncture,manual acupuncture,['left LR3 (Taichong)'],muscle bulk between the 1st and 2nd phalangeals on the dorsum of the left foot,left,insertion into the real acupoint,approximately 10 mm,10.0,twirled manually clockwise and counterclockwise at 1 Hz with even reinforcing and reducing manipulation for 180 seconds (60 scans),"sterile, single-use silver needle",25 mm in length × 0.30 mm in diameter,False,not_applicable,not_applicable,180 seconds (60 scans),3.0,402 scans total per subject,,1,1.0,single session,not_reported,told they were participating in an experiment to estimate a medical machine's sensitivity of detecting tactile signals (non-treatment instruction),experiment to estimate a medical machine's sensitivity of detecting tactile signals,"Dr. Jianyang Xu, the General Hospital of the Armed Police Forces",participant-blinded,"2×2 randomized, controlled, participant-blinded cross-over factorial acupuncture trial"
23152865,arm_C,Group C,sham_acupuncture,10,10.0,myopia,sham_needling,sham acupuncture at sham acupoint,[],approximately 10 mm anterior to LR3 classical site on the dorsum of the left foot,left,insertion into the sham acupoint,approximately 10 mm,10.0,twirled manually clockwise and counterclockwise at 1 Hz with even reinforcing and reducing manipulation for 180 seconds (60 scans),"sterile, single-use silver needle",25 mm in length × 0.30 mm in diameter,False,not_applicable,not_applicable,180 seconds (60 scans),3.0,402 scans total per subject,,1,1.0,single session,not_reported,told they would receive acupuncture treatment which would surely benefit their myopia before MRI scan (treatment instruction),acupuncture treatment which would surely benefit their myopia,"Dr. Jianyang Xu, the General Hospital of the Armed Police Forces",participant-blinded,"2×2 randomized, controlled, participant-blinded cross-over factorial acupuncture trial"
23152865,arm_D,Group D,sham_acupuncture,9,9.0,myopia,sham_needling,sham acupuncture at sham acupoint,[],approximately 10 mm anterior to LR3 classical site on the dorsum of the left foot,left,insertion into the sham acupoint,approximately 10 mm,10.0,twirled manually clockwise and counterclockwise at 1 Hz with even reinforcing and reducing manipulation for 180 seconds (60 scans),"sterile, single-use silver needle",25 mm in length × 0.30 mm in diameter,False,not_applicable,not_applicable,180 seconds (60 scans),3.0,402 scans total per subject,,1,1.0,single session,not_reported,told they were participating in an experiment to estimate a medical machine's sensitivity of detecting tactile signals (non-treatment instruction),experiment to estimate a medical machine's sensitivity of detecting tactile signals,"Dr. Jianyang Xu, the General Hospital of the Armed Police Forces",participant-blinded,"2×2 randomized, controlled, participant-blinded cross-over factorial acupuncture trial"
23316257,arm_acupuncture,Acupuncture run,verum_acupuncture,30,22.0,Healthy volunteers; no disease condition,manual_acupuncture,manual acupuncture,['ST36 (Zusanli)'],"ST36 on the right leg (Zusanli, located in the tibialis anterior muscle four fingerbreadths below the lower margin of the patella and one fingerbreadth lateral from the anterior crest of the tibia)",right leg,inserted perpendicularly,2-3 cm,,rotated manually clockwise and counterclockwise for one minute at a rate of 60 times per minute; balanced 'tonifying and reducing' technique,sterile disposable stainless steel acupuncture needle,"38 gauge, 0.3 mm × 40 mm",False,not_applicable,not_applicable,Needle inserted before scan started; needle retained during entire 8-minute scan; extracted after scan ended,8.0,8 minutes,8.0,1 session,1.0,single session,De-qi sensation intended; subjects quantified De-qi experience using a 10-point VAS index after scanning,Subjects instructed to keep eyes closed; told that acupuncture was to be performed with different techniques that would generate different sensations during needling,not_reported,same experienced and licensed acupuncturist,Subjects were instructed to keep their eyes closed; order of tactile stimulation and acupuncture stimulation was not given to subjects; subjects were acupuncture-naive and unable to discriminate tactile stimulation control from real acupuncture until they experienced real acupuncture,Within-subject experimental fMRI study comparing results with and without global normalization (proportional scaling) applied to the same dataset
23316257,arm_tactile,Tactile run,active_control,30,23.0,Healthy volunteers; no disease condition,other,tactile stimulation (noninvasive),['ST36 on the right leg'],ST36 on the right leg,right leg,noninvasive; monofilament tapped the skin gently,not_applicable,,tapped the skin gently at a rate of 60 times per minute,not_applicable,size 5.88 Von Frey monofilament,False,not_applicable,not_applicable,not_applicable,,8 minutes,8.0,1 session,1.0,single session,not intended; described as tactile control for nonpainful sensations,Subjects instructed to keep eyes closed; acupuncture-naive subjects unable to discriminate tactile stimulation control from real acupuncture,superficial tactile stimulus (noninvasive) employed to explore the acupuncture-specific results,same experienced and licensed acupuncturist,Subjects were instructed to keep their eyes closed; order of tactile stimulation and acupuncture stimulation was not given to subjects; subjects were acupuncture-naive and unable to discriminate tactile stimulation control from real acupuncture until they experienced real acupuncture,Within-subject experimental fMRI study comparing results with and without global normalization (proportional scaling) applied to the same dataset
23666154,arm_real,Real acupuncture,verum_acupuncture,13,13.0,Healthy volunteers,manual_acupuncture,manual acupuncture,['LI-4'],dorsum of the right hand radial to the midpoint of the second metacarpal bone,right hand,insertive,approximately 15 mm,15.0,manually twirling the needle bidirectionally approximately 180° at one Hz during the scan,nonmagnetic silver needle,"diameter 0.20 mm; length 39 mm (Asahi Industry, Inc. Kawaguchi, Japan)",False,not_applicable,not_applicable,needle inserted before initiating the fMRI scan and manipulated during stimulation blocks,,total scanning time 270 s,4.5,not_reported,,not_reported,not_reported explicitly; subjects felt de-qi sensation during acupuncture stimulation at LI-4 acupoint more frequently than at other acupoints (reported in discussion),not_reported,not_reported,A single licensed and experienced acupuncturist performed all acupuncture and tactile stimulations,not_reported,"Block-design fMRI study with two parallel groups; one group received real acupuncture with manual manipulation, the other received both sham acupuncture (noninsertive) and scrubbing stimulation"
23666154,arm_sham_scrub,Sham acupuncture and scrubbing stimulation,sham_acupuncture,13,13.0,Healthy volunteers,sham_needling,tactile stimulation / sham acupuncture,['LI-4'],LI-4 acupoint on dorsum of right hand,right hand,noninsertive,not_applicable,,gentle tapping of the skin surface continuously at approximately 4 Hz during stimulation block,not_applicable,not_applicable,False,not_applicable,not_applicable,not_applicable,,total scanning time 270 s,4.5,not_reported,,not_reported,not_reported,not_reported,not_reported,A single licensed and experienced acupuncturist performed all acupuncture and tactile stimulations,not_reported,"Block-design fMRI study with two parallel groups; one group received real acupuncture with manual manipulation, the other received both sham acupuncture (noninsertive) and scrubbing stimulation"
23691237,arm_ST36,Verum Acupuncture at ST36,verum_acupuncture,14,14.0,healthy volunteers,manual_acupuncture,manual acupuncture,"['ST36', 'Zusanli']","located four finger breadths below the lower margin of the patella and one finger breadth laterally from the anterior crest of the tibia, right leg",right leg,inserted perpendicularly into the skin surface,1.5–2.5 cm,,balanced 'tonifying and reducing' technique; twirling the needle clockwise and counter-clockwise equally; rotating the needle clockwise and counterclockwise for 1 min at a rate of 60 times per min,sterile disposable 38 gauge stainless steel acupuncture needle,0.2 mm in diameter and 40 mm in length,False,not_applicable,not_applicable,needle in for 2 min manipulation preceded by 1 min rest epoch and followed by 6 min rest,,9 min (1 min rest + 2 min needle manipulation + 6 min post-acupuncture rest),9.0,single session,1.0,single session,De-qi sensation intended; essential to the efficacy of acupuncture according to Traditional Chinese Medicine,remain relaxed without engaging in any mental tasks; eyes closed,ST36 is a commonly used acupoint for pain control in clinical practice,"experienced and licensed acupuncturist with 6 years of experience, trained to perform in the fMRI settings",participants instructed to keep eyes closed to prevent observing procedures; sham acupuncture used to reduce subjects' bias,"parallel-group, between-subjects, single-block design, combining fMRI and MEG"
23691237,arm_NAP,Sham Acupuncture at NAP (nonacupoint),sham_acupuncture,14,14.0,healthy volunteers,sham_needling,sham acupuncture,[],"nearby nonacupoint on the right leg, 2–3 cm apart from ST36",right leg,needling at non-meridian point; needle depth identical to verum,identical to verum acupuncture,,stimulation intensity and manipulation procedure all identical to those used in verum acupuncture; balanced 'tonifying and reducing' technique; rotating the needle clockwise and counterclockwise for 1 min at a rate of 60 times per min,not_reported,not_reported,False,not_applicable,not_applicable,same as verum: 2 min manipulation preceded by 1 min rest epoch and followed by 6 min rest,,9 min (1 min rest + 2 min needle manipulation + 6 min post-acupuncture rest),9.0,single session,1.0,single session,not_reported,remain relaxed without engaging in any mental tasks; eyes closed,sham acupuncture used as a control to reveal acupoint-specific response,same experienced and licensed acupuncturist with 6 years of experience,participants instructed to keep eyes closed to prevent observing procedures; sham acupuncture used to reduce subjects' bias,"parallel-group, between-subjects, single-block design, combining fMRI and MEG"
23840533,arm_MA,manual acupuncture (MA),verum_acupuncture,18,,Healthy volunteers,manual_acupuncture,manual needling with twisting,['ST-36 (Zusanli)'],"ST-36 on the left leg (Zusanli, located in the tibialis anterior muscle)",left leg,penetrating,1.5–2.5 cm,,twisting the needle at 1–2 Hz,"sterile, disposable, stainless-steel acupuncture needles, would not distort MR images",0.22 mm in diameter and 40 mm in length,False,not_applicable,not_applicable,not_reported,,5.5 min block-designed run + 5 min stimulation period (total stimulation period not separately stated as single duration),,1 session per modality,1.0,single session,deqi feelings collected; no sharp pain feeling was allowed,"keep eyes closed, minds clear, remain awake; no sharp pain feeling allowed",not_reported,same experienced and licensed acupuncturist,not_reported,"Within-subject crossover fMRI study with four sessions (MA, EA, TEAS, sensory control), randomized session order, combined block-designed and resting-state fMRI"
23840533,arm_EA,electroacupuncture (EA),verum_acupuncture,18,,Healthy volunteers,electroacupuncture,electrical pulses delivered on needles inserted into acupoints,['ST-36 (Zusanli)'],"ST-36 on the left leg (Zusanli, located in the tibialis anterior muscle); another needle shallowly inserted to a non-acupoint proximal to ST-36",left leg,penetrating (ST-36: 1.5–2.5 cm; non-acupoint: less than 1 cm),ST-36: 1.5–2.5 cm; non-acupoint: less than 1 cm,,electrical pulses delivered by HANS at 2 Hz; no manual manipulation stated,"sterile, disposable, stainless-steel acupuncture needles, would not distort MR images",0.22 mm in diameter and 40 mm in length,True,2 Hz,2.16 ± 0.20 mA,not_reported,,5.5 min block-designed run + 5 min stimulation period,,1 session per modality,1.0,single session,deqi feelings collected; no sharp pain feeling was allowed,"keep eyes closed, minds clear, remain awake; no sharp pain feeling allowed; current intensity adjusted to maximal but comfortable level",not_reported,same experienced and licensed acupuncturist,not_reported,"Within-subject crossover fMRI study with four sessions (MA, EA, TEAS, sensory control), randomized session order, combined block-designed and resting-state fMRI"
23840533,arm_TEAS,transcutaneous electrical acupoint stimulation (TEAS),verum_acupuncture,18,,Healthy volunteers,other,electrical pulses delivered on skin of acupoints via electrode,['ST-36 (Zusanli)'],"same locations as EA: ST-36 and non-acupoint proximal to ST-36, left leg",left leg,non-penetrating (transcutaneous),not_applicable,,electrical pulses delivered by HANS at 2 Hz,not_applicable (electrode slices on skin surface),not_applicable,True,2 Hz,23.73 ± 1.71 mA,not_applicable,,5.5 min block-designed run + 5 min stimulation period,,1 session per modality,1.0,single session,deqi feelings collected; no sharp pain feeling was allowed,"keep eyes closed, minds clear, remain awake; no sharp pain feeling allowed; current intensity adjusted to maximal but comfortable level",not_reported,same experienced and licensed acupuncturist,not_reported,"Within-subject crossover fMRI study with four sessions (MA, EA, TEAS, sensory control), randomized session order, combined block-designed and resting-state fMRI"
23840533,arm_SC,sensory control,active_control,18,,Healthy volunteers,non_acupuncture,manual tapping with von Frey monofilament,['ST-36'],ST-36 on the left leg,left leg,non-penetrating,not_applicable,,manual tapping with a 5.88 von Frey monofilament over ST-36 with a 1–2 Hz frequency,5.88 von Frey monofilament,5.88 von Frey monofilament,False,not_applicable,not_applicable,not_applicable,,5.5 min block-designed run + 5 min stimulation period,,1 session per modality,1.0,single session,no sharp pain feeling allowed,"keep eyes closed, minds clear, remain awake; no sharp pain feeling allowed",maneuver that has often been chosen as a control stimulation in acupuncture studies,same experienced and licensed acupuncturist,not_reported,"Within-subject crossover fMRI study with four sessions (MA, EA, TEAS, sensory control), randomized session order, combined block-designed and resting-state fMRI"
23935686,arm_review_included_studies,Included neuroimaging studies of acupuncture Deqi,other,,,"Multiple conditions reviewed including healthy subjects, chronic pain, carpal tunnel syndrome, functional dyspepsia, heroin addiction, stroke",,,[],,,,,,,,,,,,,,,,,,,,,,,not_reported,Narrative review of neuroimaging studies on acupuncture Deqi
24062782,arm_acup,acupuncture stimulation,verum_acupuncture,30,36.0,healthy subjects,manual_acupuncture,manual acupuncture,['LV3 (Taichong)'],"right dorsum of distal foot, fossa distal to the junction of the first and second metatarsal bones 2 cuns above the web of the toe",right,needle inserted at the acupoint,not_reported,,"needle was rotated approximately 180° in each direction, with even motion at the rate of 1 Hz, for two minutes during the two stimulation periods","sterile, single-use, stainless steel acupuncture needles",0.20 mm diameter,False,not_applicable,not_applicable,needle left in place during the three rest periods; total 10-minute scan,10.0,ten-minute scan,10.0,single session (some subjects had twice acupuncture stimulations for different objectives),,not_reported,Stimulation was enhanced with manipulation of the needle to elicit deqi,subjects were told that acupuncture would be performed at point using different techniques; while lying in the supine position in the scanner subjects were not able to see where the acupuncturist was working,"Stimulation was enhanced with manipulation of the needle to elicit deqi, the composite of unique sensations related to efficacy according to TCM",A licensed acupuncturist (JL) with more than 25 years of clinical acupuncture experience,Subjects were not able to see where the acupuncturist was working,Within-subject fMRI study with two stimulation types (acupuncture and tactile); data extracted from a larger project investigating brain effect of acupuncture
24062782,arm_tactile,tactile stimulation,sham_acupuncture,15,23.0,healthy subjects,sham_needling,tactile stimulation,['LV3'],skin over LV3 acupoint on the right foot,right,no needle penetration; skin tapped gently,not_reported,,The skin over the acupoint was tapped gently with a 5.88 von Frey monofilament using the same paradigm as acupuncture,5.88 von Frey monofilament,not_reported,False,not_applicable,not_applicable,same paradigm as acupuncture,,ten-minute scan (same paradigm as acupuncture),10.0,single session (some subjects had twice tactile stimulations for different objectives),,not_reported,not_reported,same as acupuncture arm,Tactile stimulation over LV3 on the right foot was used as a control for expectation and superficial sensory evaluation,not_reported,Subjects were not able to see where the acupuncturist was working,Within-subject fMRI study with two stimulation types (acupuncture and tactile); data extracted from a larger project investigating brain effect of acupuncture
24459533,arm_FD,Functional diarrhea,verum_acupuncture,18,18.0,Functional diarrhea (FD),manual_acupuncture,manual acupuncture,['ST25 (Tianshu)'],"ST25 (Tianshu), bilateral",bilateral,inserted 30–40 mm deep,30–40 mm,,"gently lifted, thrust, twisted, and rotated to achieve Deqi sensations; needles manually manipulated every 10 minutes for 10–15 seconds to maintain the sensations","sterile disposable acupuncture needles (Hwato, Suzhou, China)",40–50 mm in length and 0.3 mm in diameter,False,not_applicable,not_applicable,30 minutes,30.0,not_reported,,10 sessions total,10.0,2 weeks (5 sessions per week),"soreness, numbness, distention, and heaviness",not_reported,ST25 (Tianshu) are classical acupuncture points for diarrhea,a licensed acupuncturist,not_reported,"Prospective pre-post fMRI study with two parallel groups (FD patients and healthy controls), both receiving active acupuncture"
24459533,arm_HC,Healthy controls,healthy_control,18,18.0,Functional diarrhea (FD),manual_acupuncture,manual acupuncture,['ST25 (Tianshu)'],"ST25 (Tianshu), bilateral",bilateral,inserted 30–40 mm deep,30–40 mm,,"gently lifted, thrust, twisted, and rotated to achieve Deqi sensations; needles manually manipulated every 10 minutes for 10–15 seconds to maintain the sensations","sterile disposable acupuncture needles (Hwato, Suzhou, China)",40–50 mm in length and 0.3 mm in diameter,False,not_applicable,not_applicable,30 minutes,30.0,not_reported,,10 sessions total,10.0,2 weeks (5 sessions per week),"soreness, numbness, distention, and heaviness",not_reported,ST25 (Tianshu) are classical acupuncture points for diarrhea,a licensed acupuncturist,not_reported,"Prospective pre-post fMRI study with two parallel groups (FD patients and healthy controls), both receiving active acupuncture"
24603951,arm_AD,AD patients,other,14,14.0,Alzheimer disease (AD),manual_acupuncture,manual acupuncture,"['Tai chong (Liv3, left and right feet)', 'He gu (LI4, left and right hands)']",Tai chong: dorsum of left and right feet (first and second metatarsal cavity before integration); He gu: dorsum of left and right hands (between the first and second metacarpal and the midpoint of the second metacarpal radial side),bilateral,inserted,not_reported,,inserted and twirled,silver needle,0.30 mm in diameter and 25 mm long,False,not_applicable,not_applicable,3 minutes (during stimulation phase); needle withdrawn before post-acupuncture scan,3.0,3 minutes acupuncture stimulation followed by 10 minutes post-acupuncture fMRI,3.0,1,1.0,single session,not_reported,"remain still, keep their eyes closed and think of nothing in particular","According to traditional Chinese medicine, AD belongs to the category of dementia. He gu is the original point of the large intestine channel of hand yangming (LI4), playing an important role in dispelling wind and analgesia and restoring consciousness. Taichong is the original point of the liver channel of foot jueyin (Liv3), which functions to relieve the depressed liver and subdue the endogenous wind and sedatives. He gu and Tai chong are collectively named the Si Guan (four gates) point. Combined use of these two acupoints can harmonize yin and yang, regulate qi and blood, finally improve the cognitive ability of AD patients.",not_reported,not_reported,"single block experimental design, within-subject pre-post acupuncture fMRI, two-group comparison (AD patients vs healthy controls)"
24603951,arm_NC,Normal controls,healthy_control,14,14.0,Alzheimer disease (AD),manual_acupuncture,manual acupuncture,"['Tai chong (Liv3, left and right feet)', 'He gu (LI4, left and right hands)']",Tai chong: dorsum of left and right feet (first and second metatarsal cavity before integration); He gu: dorsum of left and right hands (between the first and second metacarpal and the midpoint of the second metacarpal radial side),bilateral,inserted,not_reported,,inserted and twirled,silver needle,0.30 mm in diameter and 25 mm long,False,not_applicable,not_applicable,3 minutes (during stimulation phase); needle withdrawn before post-acupuncture scan,3.0,3 minutes acupuncture stimulation followed by 10 minutes post-acupuncture fMRI,3.0,1,1.0,single session,not_reported,"remain still, keep their eyes closed and think of nothing in particular","According to traditional Chinese medicine, AD belongs to the category of dementia. He gu is the original point of the large intestine channel of hand yangming (LI4), playing an important role in dispelling wind and analgesia and restoring consciousness. Taichong is the original point of the liver channel of foot jueyin (Liv3), which functions to relieve the depressed liver and subdue the endogenous wind and sedatives. Combined use of these two acupoints can harmonize yin and yang, regulate qi and blood, finally improve the cognitive ability of AD patients.",not_reported,not_reported,"single block experimental design, within-subject pre-post acupuncture fMRI, two-group comparison (AD patients vs healthy controls)"
24734108,arm_stroke,stroke patients,other,9,9.0,Ischemic stroke (stable recovery/subacute phase) with unilateral right-sided striatocapsular lesions and moderate to severe motor deficits of the contralesional upper extremity,manual_acupuncture,manual acupuncture,['GB 34 (Yanglinquan)'],"GB 34 on the left leg (Yanglinquan, located in a depression anterior and inferior to the head of the fibula)",left leg,inserted vertically,2-3 cm,,needle was rotated bidirectionally to an amplitude of approximately 180° for 1 min at a rate of 120 times per min by a balanced 'tonifying and reducing' technique,sterile disposable 38-gauge sterling silver acupuncture needle,0.3 mm in diameter and 40 mm in length,False,not_applicable,not_applicable,needle removed after 1 min manipulation,1.0,1 min needle manipulation preceded by 10 seconds rest and followed by 8 min rest scanning,,one session per experiment; 8 patients underwent the experiment twice at an interval of two weeks; one patient only underwent the experiment once,,not_reported,"de qi sensations sought; subjects reported aching, pressure, soreness, heaviness, fullness, warmth, coolness, numbness, tingling, or dull or sharp pain",All subjects were not informed of the presumed acupuncture effects,GB 34 is one of the most frequently used acupoints and proved to have various efficacy in the treatments of hemiplegic stroke,same experienced and licensed acupuncturist on all subjects,Subjects were not informed of the presumed acupuncture effects; no formal blinding procedure described,"Observational fMRI study with within-subject repeated measures; stroke patients and healthy controls underwent three runs of fMRI scan (resting state before acupuncture, acupuncture run, passive finger movement); 8 patients underwent the experiment twice at an interval of two weeks"
24734108,arm_control,healthy controls,healthy_control,8,8.0,Ischemic stroke (stable recovery/subacute phase) with unilateral right-sided striatocapsular lesions and moderate to severe motor deficits of the contralesional upper extremity,manual_acupuncture,manual acupuncture,['GB 34 (Yanglinquan)'],"GB 34 on the left leg (Yanglinquan, located in a depression anterior and inferior to the head of the fibula)",left leg,inserted vertically,2-3 cm,,needle was rotated bidirectionally to an amplitude of approximately 180° for 1 min at a rate of 120 times per min by a balanced 'tonifying and reducing' technique,sterile disposable 38-gauge sterling silver acupuncture needle,0.3 mm in diameter and 40 mm in length,False,not_applicable,not_applicable,needle removed after 1 min manipulation,1.0,1 min needle manipulation preceded by 10 seconds rest and followed by 8 min rest scanning,,one session per experiment,1.0,not_reported,"de qi sensations sought; subjects reported aching, pressure, soreness, heaviness, fullness, warmth, coolness, numbness, tingling, or dull or sharp pain",All subjects were not informed of the presumed acupuncture effects,GB 34 is one of the most frequently used acupoints and proved to have various efficacy in the treatments of hemiplegic stroke,same experienced and licensed acupuncturist on all subjects,Subjects were not informed of the presumed acupuncture effects; no formal blinding procedure described,"Observational fMRI study with within-subject repeated measures; stroke patients and healthy controls underwent three runs of fMRI scan (resting state before acupuncture, acupuncture run, passive finger movement); 8 patients underwent the experiment twice at an interval of two weeks"
24734113,arm_stroke,stroke patients,verum_acupuncture,8,8.0,"Right hemispheric ischemic stroke (corona radiate, internal capsule, or basal ganglia infarction)",manual_acupuncture,manual acupuncture,['Yanglingquan (GB34)'],located in the lateral aspect of the posterior knee,left leg,vertically into GB34,2-3 cm,,rotating the needle clockwise and counterclockwise at 1 Hz with even reinforcing and reducing manipulation for 60 s,"sterile, single-use silver needle",25 mm in length and 0.30 mm in diameter,False,not_applicable,not_applicable,not_reported,,1-minute needle manipulation,1.0,one session (single administration during fMRI),1.0,single session,De-qi is believed to be essential to the therapeutic effectiveness of acupuncture and is often used as a signal to acupuncturists that the proper amount of needle stimulation is being performed,not_reported,"GB34, regarded as the meeting point of sinews and tendons according to the theory of Chinese medicine, is often used in the treatment of hemiplegia and motor dysfunction after stroke",same experienced and licensed acupuncturist,not_reported,Within-subject pre-post resting-state fMRI study with healthy controls as a comparison group; nonrepeated event-related-fMRI (NRER-fMRI) design
24734113,arm_healthy,healthy controls,healthy_control,10,10.0,"Right hemispheric ischemic stroke (corona radiate, internal capsule, or basal ganglia infarction)",manual_acupuncture,manual acupuncture,['Yanglingquan (GB34)'],located in the lateral aspect of the posterior knee,left leg,vertically into GB34,2-3 cm,,rotating the needle clockwise and counterclockwise at 1 Hz with even reinforcing and reducing manipulation for 60 s,"sterile, single-use silver needle",25 mm in length and 0.30 mm in diameter,False,not_applicable,not_applicable,not_reported,,1-minute needle manipulation,1.0,one session (single administration during fMRI),1.0,single session,De-qi is believed to be essential to the therapeutic effectiveness of acupuncture and is often used as a signal to acupuncturists that the proper amount of needle stimulation is being performed,not_reported,"GB34, regarded as the meeting point of sinews and tendons according to the theory of Chinese medicine, is often used in the treatment of hemiplegia and motor dysfunction after stroke",same experienced and licensed acupuncturist,not_reported,Within-subject pre-post resting-state fMRI study with healthy controls as a comparison group; nonrepeated event-related-fMRI (NRER-fMRI) design
24821143,arm_verum,verum acupuncture at ST36,verum_acupuncture,40,34.0,healthy (no disease condition),electroacupuncture,electroacupuncture,"['Zhusanli (ST36)', 'bilateral']",bilateral acupoints of Zhusanli (ST36),bilateral,inserted,15–20 mm,,handles of the needles were connected to an electro-acupuncture machine at frequency of 2 Hz and intensity of 2 mA; once the De-Qi sensation was elicited,"sterile and disposable acupuncture needles (Suzhou Medical Appliance Factory, China)",25 mm × 0.30 mm,True,2 Hz,2 mA,"from the time of needle-in to the time of needle-out, lasting more than 40 minutes",40.0,more than 40 minutes from the time of needle-in to the time of needle-out,40.0,one session with three runs (six blocks) of acupuncture fMRI,1.0,single session,yes; De-Qi sensation was elicited before connecting to electro-acupuncture machine,subjects were asked not to fall into sleep; asked to relax; ears plugged with cotton balls to reduce audio stimulations; asked to close their eyes and avoid any psychological activities during scanning,to investigate cumulative effects of typical clinical application of acupuncture; prolonged acupuncture stimulation suggested to investigate cumulative effects,a professional acupuncturist performed all operations of acupuncture,not_reported,within-subject repeated measures fMRI experiment with prolonged repeated acupuncture stimulation
24915066,arm_A,active acupoint group,verum_acupuncture,40,20.0,migraine without aura,manual_acupuncture,manual acupuncture,"['bilateral SJ5 (Waiguan)', 'bilateral GB20 (Fengchi)', 'bilateral GB34 (Yanglingquan)', 'bilateral GB40 (Qiuxu)']","SJ5: on the dorsal aspect of the forearm on the line connecting SJ4 and the tip of the elbow, 2 cun above the transverse crease of the wrist between the ulna and radius; GB20: in a depression between the upper portion of the sternocleidomastoid muscle and the trapezius; GB34: on the lateral aspect of the lower leg in the depression anterior and inferior to the head of the fibula; GB40: anterior and inferior to the external malleolus in a depression on the lateral side of the tendon of the extensor digitorum longus",bilateral,inserted,approximately 2.5 cm–3.5 cm,,Needles were twisted with rotation (90°<amplitude<180°) at a frequency of 1–2 Hz. Stimulation was repeated 1–3 times to acquire the de-qi sensation,"single-use stainless steel filiform needles (Hwato Needles, Sino-foreign Joint Venture Suzhou Hua Tuo Medical Instruments Co., China)",25 mm–40 mm in length and 0.25 mm–0.30 mm in diameter,False,not_applicable,not_applicable,30 minutes per session,30.0,30 minutes,30.0,"32 sessions over 8 weeks (once every other day, preferably 4 times a week)",32.0,8 weeks,"yes; de-qi sensation (soreness, numbness, heaviness, distention and dull pain at the site of needle placement) sought","patients were informed that they would receive one of two types of acupuncture treatment, which depended on different traditional Chinese acupuncture theories",active acupoints selected according to traditional classic and systematic reviews of ancient and modern literature of acupuncture for migraine upon several consensus meetings with experts based on the experience from previous study,two specialized acupuncturists with at least five years of training and three years of experience; received special training prior to the study,single-blind; two acupuncturists not blinded; investigators in charge of patient screening and randomized distribution knew group assignment but not corresponding treatment schedule; outcome assessor blinded throughout the study; patients blinded to group assignment,"single-blind, randomized controlled trial with two groups: active acupuncture group and inactive acupuncture group; resting-state fMRI conducted at baseline and end of treatment in a randomly selected subsample"
24915066,arm_B,inactive acupoint group,sham_acupuncture,40,20.0,migraine without aura,sham_needling,manual acupuncture at inactive acupoints,[],"SJ22: on the side of the head on the posterior border of the hairline of the temple at the level with the root of the auricle, posterior to the superficial temporal artery; PC7: in the middle of the transverse crease of the wrist between the tendons of the palmaris longus and flexor carpi radialis; GB37: on the lateral aspect of the lower leg 5 cun above the tip of the external malleolus on the anterior border of the fibula; SP3: proximal and inferior to the head of the 1st metatarsal-phalangeal joint in a depression at the junction of the red and white skin",bilateral,inserted,approximately 2.5 cm–3.5 cm,,Needles were twisted with rotation (90°<amplitude<180°) at a frequency of 1–2 Hz. Stimulation was repeated 1–3 times to acquire the de-qi sensation,"single-use stainless steel filiform needles (Hwato Needles, Sino-foreign Joint Venture Suzhou Hua Tuo Medical Instruments Co., China)",25 mm–40 mm in length and 0.25 mm–0.30 mm in diameter,False,not_applicable,not_applicable,30 minutes per session,30.0,30 minutes,30.0,"32 sessions over 8 weeks (once every other day, preferably 4 times a week)",32.0,8 weeks,yes; de-qi sensation sought (needling at inactive acupoints could effectively reduce bias; comparable de-qi sensations),"patients were informed that they would receive one of two types of acupuncture treatment, which depended on different traditional Chinese acupuncture theories","inactive acupoints chosen according to their anatomical locations, corresponding to Chinese meridians, proximity to verum acupoints and role in treating diseases",two specialized acupuncturists with at least five years of training and three years of experience; received special training prior to the study,single-blind; two acupuncturists not blinded; investigators in charge of patient screening and randomized distribution knew group assignment but not corresponding treatment schedule; outcome assessor blinded throughout the study; patients blinded to group assignment,"single-blind, randomized controlled trial with two groups: active acupuncture group and inactive acupuncture group; resting-state fMRI conducted at baseline and end of treatment in a randomly selected subsample"
24963329,arm_TA,True acupuncture at LR3,verum_acupuncture,15,15.0,Healthy volunteers (no disease condition),manual_acupuncture,manual_acupuncture,['LR3 (bilateral)'],bilateral LR3 localized according to Name and location of Acupoints: Chinese National Standards GB/T12346,bilateral,skin penetrating,vertically punctured at 15 mm ± 2 mm,15.0,"After removal of the tube, the needle was vertically punctured at 15 mm ± 2 mm. After developing needle sensation, twirling at an angle of 90–180° and frequency of 60–90 times/min and lifting and thrusting at a range of 0.3–0.5 cm and frequency of 60–90 times/min were conducted. After manipulating the needle for 1 min, the needle was held in place for 30 min. During the 30 min, physician repeated this manipulation for 1 min every 10 min.","Huatuo needles 0.30*(25 mm–45 mm), Suzhou Medical Supplies Co., Suzhou, China; tube needling technique",0.30*(25 mm–45 mm),False,not_applicable,not_applicable,held in place for 30 min,30.0,30 min retention plus manipulation,30.0,1,1.0,not_reported,After developing needle sensation,"Subjects were asked to pass urine and stool prior to treatment. Volunteers' eyes were masked with eyeshades, and earplugs were simultaneously worn so their audiovisual system could not be stimulated.",not_reported,same experienced physician,Volunteers were not told the order of true or sham acupuncture; volunteers' eyes were masked with eyeshades and earplugs worn,Within-subject resting-state fMRI study comparing preacupuncture and postacupuncture brain function after sham and true acupuncture at LR3
24963329,arm_SA,Sham acupuncture at LR3,sham_acupuncture,15,15.0,Healthy volunteers (no disease condition),sham_needling,sham_needling,['LR3 (bilateral)'],bilateral LR3 localized according to Name and location of Acupoints: Chinese National Standards GB/T12346,bilateral,no penetration; tip touched skin without puncturing,not_reported,,"The auxiliary part of the tube was applied to the skin, with a sham needle placed in the tube over the acupoint. The sham needle was then tapped to make its tip touch the skin without puncturing it and was maintained in place for 30 min.","sham needle (blunt, nonpenetrating); tube: DONGBANG AcuPrime, Exeter, UK",not_reported,False,not_applicable,not_applicable,maintained in place for 30 min,30.0,30 min,30.0,1,1.0,not_reported,not_reported,"Subjects were asked to pass urine and stool prior to treatment. Volunteers' eyes were masked with eyeshades, and earplugs were simultaneously worn so their audiovisual system could not be stimulated.",not_reported,same experienced physician,Volunteers were not told the order of true or sham acupuncture; volunteers' eyes were masked with eyeshades and earplugs worn,Within-subject resting-state fMRI study comparing preacupuncture and postacupuncture brain function after sham and true acupuncture at LR3
24968124,arm_mci,MCI patients,other,12,12.0,mild cognitive impairment (MCI); specifically amnestic MCI,manual_acupuncture,manual acupuncture,"['KI3 (Taixi, located in a depression between medial malleolus and heel tendon)']",located in a depression between medial malleolus and heel tendon,right leg,needle inserted vertically,1-2 cm,,balanced 'tonifying and reducing' technique; stimulation consisted of rotating the needle clockwise and counterclockwise for 1 min at a rate of 60 times per min,sterile disposable 38 gauge stainless steel acupuncture needle,0.2 mm in diameter and 40 mm in length,False,not_applicable,not_applicable,"needle inserted from beginning, resting 1 min, then manipulated for 2 min, then post-acupuncture resting state 6 min",,acupuncture run totally lasted for 9.0 minutes,9.0,one stimulation period given,1.0,single session,not_reported,participants were asked to keep their eyes closed and remain relaxed without engaging in any mental tasks,KI3 is one of the most frequently used acupoints and proved to have various efficacies in the treatments of dementia,same experienced and licensed acupuncturist on all participants,not_reported,non-repeated event-related (NRER) fMRI design; two-group comparison (MCI patients and age-matched healthy controls); within-subject comparison of pre- and post-acupuncture resting state
24968124,arm_hc,healthy controls,healthy_control,12,12.0,mild cognitive impairment (MCI); specifically amnestic MCI,manual_acupuncture,manual acupuncture,"['KI3 (Taixi, located in a depression between medial malleolus and heel tendon)']",located in a depression between medial malleolus and heel tendon,right leg,needle inserted vertically,1-2 cm,,balanced 'tonifying and reducing' technique; stimulation consisted of rotating the needle clockwise and counterclockwise for 1 min at a rate of 60 times per min,sterile disposable 38 gauge stainless steel acupuncture needle,0.2 mm in diameter and 40 mm in length,False,not_applicable,not_applicable,"needle inserted from beginning, resting 1 min, then manipulated for 2 min, then post-acupuncture resting state 6 min",,acupuncture run totally lasted for 9.0 minutes,9.0,one stimulation period given,1.0,single session,not_reported,participants were asked to keep their eyes closed and remain relaxed without engaging in any mental tasks,KI3 is one of the most frequently used acupoints and proved to have various efficacies in the treatments of dementia,same experienced and licensed acupuncturist on all participants,not_reported,non-repeated event-related (NRER) fMRI design; two-group comparison (MCI patients and age-matched healthy controls); within-subject comparison of pre- and post-acupuncture resting state
25220656,arm_PD,patients with PD,other,12,12.0,"Parkinson's disease (idiopathic, clinically definite)",manual_acupuncture,manual acupuncture,['right GB 34 (Yanglingquan)'],"on the fibular aspect of the leg, in the depression anterior and distal to the head of the fibula",right,needle manually inserted into the right GB 34,approximately 1.0 cm,10.0,blocks in which the needle was 'stimulated': needle rotated bidirectionally at 1 Hz; blocks in which the needle was 'not stimulated': needle only inserted into the skin and then left in place,not_reported,"0.25 × 40 mm, Dong Bang Acupuncture Inc. Seoul, Korea",False,not_applicable,not_applicable,not_reported,,5 minutes,5.0,1,1.0,single session,not_reported,instructed not to move their bodies and heads; instructed to rest with their eyes closed and not to move,GB 34 was chosen because it is reported that it leads to significant neuroprotective effects in PD animal models and significant improvements in patients with PD; frequently used acupoint for motor function treatment in the oriental medical field,An eastern medical doctor with more than 5 years of clinical experience,not_reported,functional magnetic resonance imaging study comparing brain activation in response to acupuncture in patients with PD and healthy participants; block design
25220656,arm_HC,healthy participants,healthy_control,12,12.0,"Parkinson's disease (idiopathic, clinically definite)",manual_acupuncture,manual acupuncture,['right GB 34 (Yanglingquan)'],"on the fibular aspect of the leg, in the depression anterior and distal to the head of the fibula",right,needle manually inserted into the right GB 34,approximately 1.0 cm,10.0,blocks in which the needle was 'stimulated': needle rotated bidirectionally at 1 Hz; blocks in which the needle was 'not stimulated': needle only inserted into the skin and then left in place,not_reported,"0.25 × 40 mm, Dong Bang Acupuncture Inc. Seoul, Korea",False,not_applicable,not_applicable,not_reported,,5 minutes,5.0,1,1.0,single session,not_reported,instructed not to move their bodies and heads; instructed to rest with their eyes closed and not to move,GB 34 was chosen because it is reported that it leads to significant neuroprotective effects in PD animal models and significant improvements in patients with PD; frequently used acupoint for motor function treatment in the oriental medical field,An eastern medical doctor with more than 5 years of clinical experience,not_reported,functional magnetic resonance imaging study comparing brain activation in response to acupuncture in patients with PD and healthy participants; block design
25228908,arm_verum,Acupuncture with de qi,verum_acupuncture,30,9.0,Healthy volunteers (no disease condition),manual_acupuncture,manual acupuncture,"['ST.36 (Zusanli)', 'LI.4 (Hegu)']","ST.36 is located in the tibialis anterior muscle, 4 fingerbreadths below the kneecap and 1 fingerbreadth lateral from the anterior crest of the tibia. LI.4 is located in the dorsal surface of the web between the thumb and the index finger.",right extremity,inserted vertically,2-3 cm,,rotated approximately 180° in each direction with even motion at the rate of one cycle per second; stimulation for 30 s at the rate of 60 times per minute with an amplitude of approximately 180° in each direction (S1–S5); 5 cycles of R-S acupuncture,"Disposable sterile stainless steel needles (KINGLI Medical Appliance Co., Ltd., Wuxi, China)",0.22 mm in diameter and 40 mm in length,False,not_applicable,not_applicable,needle kept in place for 2 min prior to needle manipulation; needle withdrawn after completion of 5 cycles of R-S acupuncture (total approximately 300 s = 5 min),,Needle in for full paradigm: 0–300 s (5 min plus initial 2 min pre-manipulation retention),,not_reported,,not_reported,"yes; sensitivity of the subject to needle manipulation was tested and adjusted to tolerance prior to procedure, aiming to elicit de qi sensation without noxious pain","subjects were instructed to lie still and keep their eyes closed during the procedure; questioned about sensations (aching, pressure, soreness, heaviness, fullness, warmth, cooling, numbness, tingling, and dull pain), sharp pain or any other sensations",These two acupoints were chosen because of their easy accessibility of de qi sensation and were most frequently used in acupuncture.,not_reported,not_reported,Within-subject experimental study in healthy adult volunteers investigating intrinsic changes in the human body after acupuncture with de qi
25452777,arm_healthy,healthy volunteer subjects,healthy_control,10,10.0,subcortical ischemic stroke (patient group); healthy volunteers (control group),manual_acupuncture,manual acupuncture,"['ST36', 'Zusanli']","tibialis anterior muscle, four fingerbreadths below the lower margin of the patella and one fingerbreadth across from the anterior crest of the tibia",left leg,inserted into the skin surface,1.0-2.0 cm,,needle inserted at a depth of 1.0-2.0 cm with a frequency of 2 Hz,stainless silver needle,0.3 mm in diameter and 40 mm in length,False,not_applicable,not_applicable,"30 sec per acupuncture block, 6 acupuncture blocks",,360 sec total (12 blocks of 30 sec each),6.0,1 session for AM condition,1.0,two sessions applied with an interval of seven days,"'De qi', a composite of unique sensations, was to be achieved through needle manipulation",instructed to lie quietly and to keep their eyes closed; foam cushions used to minimize head movement; earplugs used to reduce noise interference,"qi is strongest on the stomach meridian of Foot-Yangming between 7:00 a.m. and 9:00 a.m., which indicates that the optimum time for acupuncture at the Foot-Yangming is between 7:00 a.m. and 9:00 a.m.",same experienced and licensed acupuncturist,not_reported,Within-subject crossover fMRI study comparing acupuncture at two time periods in healthy volunteers and post-stroke patients
25452777,arm_stroke,post-stroke patients,other,10,10.0,subcortical ischemic stroke (patient group); healthy volunteers (control group),manual_acupuncture,manual acupuncture,"['ST36', 'Zusanli']","tibialis anterior muscle, four fingerbreadths below the lower margin of the patella and one fingerbreadth across from the anterior crest of the tibia",left leg,inserted into the skin surface,1.0-2.0 cm,,needle inserted at a depth of 1.0-2.0 cm with a frequency of 2 Hz,stainless silver needle,0.3 mm in diameter and 40 mm in length,False,not_applicable,not_applicable,"30 sec per acupuncture block, 6 acupuncture blocks",,360 sec total (12 blocks of 30 sec each),6.0,1 session for AM condition,1.0,two sessions applied with an interval of seven days,"'De qi', a composite of unique sensations, was to be achieved through needle manipulation",instructed to lie quietly and to keep their eyes closed; foam cushions used to minimize head movement; earplugs used to reduce noise interference,qi is strongest on the stomach meridian of Foot-Yangming between 7:00 a.m. and 9:00 a.m.,same experienced and licensed acupuncturist,not_reported,Within-subject crossover fMRI study comparing acupuncture at two time periods in healthy volunteers and post-stroke patients
25525442,arm_real,real acupoint,verum_acupuncture,21,21.0,"Healthy volunteers, no disease condition",manual_acupuncture,manual acupuncture,"['Taichong (Liv3) bilateral', 'Hegu (LI4) bilateral']","Taichong (Liv3): on the dorsum of the left and right feet, in the depression anterior to the junction of the first and second metatarsals; Hegu (LI4): on the dorsum of the left and right hands, at the midpoint on the radial side of the second metacarpal",bilateral,"yes, needle inserted",2 cm,20.0,"needles rotated continuously (±180°, 60 times per minute)",stainless nonmagnetic needles,0.3 mm in diameter and 25 mm long,False,not_applicable,not_applicable,"3 min stimulation, then needles withdrawn",3.0,"16-min total scan time; 3 min baseline, 3 min stimulation, 10 min post-needle withdrawal",16.0,single session (single block experimental design),1.0,single session,not_reported,"stay awake, hold still, keep eyes closed, and think nothing in particular","Siguan has been conventionally used for several symptoms, especially those of gastrointestinal and neurological disorders",same two skilled acupuncturists in synchrony,not_reported,"Single block experimental design, between-subjects comparison of real versus sham acupuncture"
25525442,arm_sham,sham acupoint,sham_acupuncture,10,10.0,"Healthy volunteers, no disease condition",sham_needling,manual acupuncture at sham/nonacupoint locations,[],sham acupoints located approximately 10 mm anterior to the corresponding real ones (Liv3 and LI4),bilateral (four sham points),"yes, needle inserted",2 cm,20.0,"needles rotated continuously (±180°, 60 times per minute)",stainless nonmagnetic needles,0.3 mm in diameter and 25 mm long,False,not_applicable,not_applicable,"3 min stimulation, then needles withdrawn",3.0,"16-min total scan time; 3 min baseline, 3 min stimulation, 10 min post-needle withdrawal",16.0,single session,1.0,single session,not_reported,"stay awake, hold still, keep eyes closed, and think nothing in particular",sham point design that entails needling at the same depth and with the same pattern but at a nonacupoint located 10 millimeters away from the real one,same two skilled acupuncturists in synchrony,not_reported,"Single block experimental design, between-subjects comparison of real versus sham acupuncture"
25741269,healthy_subjects,healthy subjects,healthy_control,45,,not_applicable,manual_acupuncture,complex somatosensory stimulation with acupuncture needles,['ST36 (Zusanli 䏣й䟼)'],anterior lower leg; skin area of ST36 belongs to L5 dermatome,right leg,vertically inserted into the skin,1–2 cm deep into the skin depending on the size of the respective muscle,,After 5 min the needle was stimulated (manually rotating 60–90/rpm and lift-thrusting 0.3–0.5 cm for 15 s). The 15 s stimulation was repeated after 5 min without stimulation.,"sterile, single use, individually wrapped acupuncture needles; asia-med standard, asia-med GmbH & Co. KG, Germany",0.30 × 30 mm,False,not_applicable,not_applicable,"5-min baseline, needle inserted, stimulated after 5 min and after a further 5 min, removed after a further 5 min, followed by 5 min without the needle",15.0,25.5 min,25.5,3 separate days in consecutive order,3.0,within 2 weeks and with at least 24 h interval between each measurement,not_reported,Subjects were told to sit down in a chair in the EEG room and relax with eyes open while concentrating on the point of needling.,Participants were informed: “... one acupuncture needle will be inserted into the muscle at three different points of the upper and lower leg. ...”,Chinese acupuncture physician,Participants were informed about the needle stimulation; subjects were blinded regarding the character of the different point locations and the researchers were blinded during the pre-processing of the data and during the first steps of data interpretation.,"blinded study including two series of experiments (one with EEG, one with fMRI) focusing on brain activity changes associated with complex somatosensory stimulation at one acupuncture point and two control points either close or distant to the acupuncture point"
25821486,arm_ACU,Group A – real acupuncture (ACU) treatment,verum_acupuncture,10,10.0,"overweight (BMI >18 and <30, higher WHR >0.9); classified as overweight/unfit",manual_acupuncture,manual acupuncture,"['ST 36 (Zu San Li)', 'SP 9 (Yin Ling Quan)']","ST 36 is 3 cun below ST 35 (Du Bi), which is in the depression lateral to the patellar ligament on the lower border of the patella when the knee is flexed and 1 cun lateral to the anterior crest of the tibia; SP 9: when the knee is flexed, located along the posterior border of the upper tibia",bilateral,inserted vertically to a depth of 2-3 cm,2-3 cm,,rotated in a 'tonifying and reducing' technique clockwise and counterclockwise at a rate of 60 times per minute (2 Hz) in an alternating bilateral diagonal manner at 30 sec intervals for a total of 2 min,paramagnetic,0.18 mm × 40 mm,False,not_applicable,not_applicable,21 min (scan duration with needles in),21.0,"21 min scan with needles in, plus prescan and postscan periods",21.0,single session (Experiment 1 Session I),1.0,single session,Subject was allowed to raise his right index finger if the De-qi sensations were painful; De-qi sensations evaluated post-stimulation on a standard Likert scale (0 being no sensation and 10 being the most intense sensation felt),Subject was allowed to raise his right index finger if the De-qi sensations were painful; lower legs were covered to mask the treatment choice,ST 36 and SP 9 selected as acupoints relevant to obesity/overweight treatment; acupoints affecting energy and feeding mechanisms,certified acupuncturist,The acupuncturist was the only nonblinded individual in the research group; lower legs were covered to mask the treatment choice,Randomized controlled trial; two-group parallel design with fMRI during intervention
25821486,arm_SHAM,Group B – minimal sham acupuncture treatment (min SHAM),sham_acupuncture,9,9.0,"overweight (BMI >18 and <30, higher WHR >0.9); classified as overweight/unfit",sham_needling,minimal sham acupuncture,[],SHAM acupoints located 2 cun lateral and dorsal to ST 36 and 2 cun medial to SP 9 on the same plane bilaterally,bilateral,inserted superficially and immediately removed,"superficial insertion only, immediately removed",,acupuncturist pretended to rotate needles as described for ACU procedure; no actual needle rotation performed,paramagnetic,0.18 mm × 40 mm,False,not_applicable,not_applicable,needles immediately removed after superficial insertion; pretend procedure continued for remainder of 21 min scan,,"21 min scan with pretend procedure, plus prescan and postscan periods",21.0,single session (Experiment 2 Session II),1.0,single session,not_reported,lower legs were covered to mask the treatment choice,control comparison for real acupuncture,certified acupuncturist,The acupuncturist was the only nonblinded individual in the research group; lower legs were covered to mask the treatment choice,Randomized controlled trial; two-group parallel design with fMRI during intervention
25916336,arm_MWoA,MWoA patients,verum_acupuncture,12,12.0,Migraine without aura (MWoA),manual_acupuncture,manual acupuncture,"['bilateral Sizhukong (SJ23)', 'Shuaigu (GB8)', 'Fengchi (GB20)', 'Taiyang (EX-HN5)', 'Hegu (LI4)', 'Taichong (LR3)', 'Waiguan (SJ5)', 'Yanglingquan (GB34)', 'Zulinqi (GB41)']",All acupoints were located according to the WHO standard acupuncture point locations in the Western Pacific Region,bilateral,inserted in an appropriate angle to a depth of 1.5-2.5 cm,1.5-2.5 cm,,Each acupuncture needle was twisted until the patient felt a de-qi sensation,disposable stainless steel acupuncture needles,"0.25 × 40 mm, Ande Co., Guizhou, China",False,not_applicable,not_applicable,retained for 30 min,30.0,30 min every time,30.0,5 times per week (from Monday to Friday) for 4 weeks,20.0,4 weeks,yes; each acupuncture needle was twisted until the patient felt a de-qi sensation,"all MWoA patients were told not to take any medication or preventive treatment during the whole study. In case of intolerable migraine attacks, patients could take analgesics they commonly used without the effect of migraine prevention and should record the doses and effects",The acupuncture treatment course was established according to Chinese guidelines of acupuncture for migraine patients,an independent practitioner with 7 years of clinical experience,not_reported,Longitudinal pre-post study with healthy control comparison; resting-state fMRI and DTI
25916336,arm_HC,healthy control (HC),healthy_control,12,12.0,Migraine without aura (MWoA),,,[],,,,,,,,,,,,,,,,,,,,,,,not_reported,Longitudinal pre-post study with healthy control comparison; resting-state fMRI and DTI
26161117,arm_ALBP,ALBP subjects,other,28,28.0,Experimental acute low back pain (ALBP) induced by intramuscular hypertonic saline injection,non_acupuncture,intramuscular hypertonic saline injection,[],right lower back muscle; 2 cm lateral to the spinous process of the fourth lumbar vertebra,right,vertically inserted at a depth of 1.5 cm,1.5 cm,15.0,"bolus injection (0.1 mL within 5 s) and subsequent continuous injection (0.15 mL/min); sterile hypertonic saline (10 mL, 5%); attached via a long connecting tube to a computer-controlled power injector (Spectris Solaris EP; Medrad, Inc., Warrendale, PA, USA)",indwelling needle (24 gauge),24 gauge,False,not_applicable,not_applicable,continual throughout scanning process,,6 min pain status scan (injection ongoing continually throughout subsequent scans),6.0,1,1.0,single session,not_applicable,not_reported,to induce a persistent moderate-high pain in ALBP subject,not_reported,subjects kept eyes and ears closed; subjects were purposely misguided that they would receive two different forms of acupuncture; single-blind (subjects blinded to condition type),block design fMRI study; within-subject crossover; experimental acute low back pain (ALBP) model induced by hypertonic saline injection in healthy volunteers
26211895,arm_genuine,genuine acupuncture stimulation (session 1 / manual stimulation),verum_acupuncture,14,14.0,healthy volunteers,manual_acupuncture,manual acupuncture,"['PC6', 'HT7']",left hand,left,not_reported,not_reported,,All stimulations were administered according to the beat of a 1-Hz metronome transmitted via earphones,Non-magnetic titanium sterile acupuncture needles,"40-mm-long and 0.20 mm in diameter (DongBang Acupuncture Inc.; Boryeoung, Republic of Korea)",False,not_applicable,not_applicable,not_reported,,6 seconds per stimulation period; 20 trials per session; overall time for each trial was 30 seconds,,1 session (session 1),1.0,single session within fMRI scan,not_reported,participants were told to expect manual stimulation; required to discriminate stimulated location between PC6 and HT7 using two-alternative forced choice (2AFC) task and rate intensity by pressing one of four buttons,to investigate brain response to genuine acupuncture during manipulation of bodily attention,licensed and experienced Doctor of Korean Medicine,"participants were informed session 1 was manual stimulation and session 2 was electro-acupuncture; no participant expressed suspicions about the pseudo-stimulation; order was fixed (genuine first, pseudo second)",within-subject fMRI experiment with two scanning sessions
26211895,arm_pseudo,pseudo-stimulation (session 2 / electro-acupuncture label),sham_acupuncture,14,12.0,healthy volunteers,sham_needling,no external physical stimulation applied; acupuncture needles inserted but not stimulated,"['PC6', 'HT7']",left hand,left,needles were inserted but no stimulation was given,not_reported,,no manipulation; no external physical stimulation was applied,Non-magnetic titanium sterile acupuncture needles,"40-mm-long and 0.20 mm in diameter (DongBang Acupuncture Inc.; Boryeoung, Republic of Korea)",False,not_applicable,not_applicable,not_reported,,6 seconds per stimulation period; 20 trials per session; overall time for each trial was 30 seconds,,1 session (session 2),1.0,single session within fMRI scan,not_reported,participants were informed that they would receive electrical acupuncture stimulation during the blue cross stimulus; required to discriminate stimulated location and rate intensity; genuine acupuncture session (session 1) always came first to enhance credibility of tactile perception,to retain bodily attention at the acupuncture site without actual acupuncture stimulation; to isolate bodily attention component from physical afferent stimulation,licensed and experienced Doctor of Korean Medicine,"participants were informed session 1 was manual stimulation and session 2 was electro-acupuncture; no participant expressed suspicions about the pseudo-stimulation; order was fixed (genuine first, pseudo second)",within-subject fMRI experiment with two scanning sessions
26467429,arm_KI3,KI3 group,verum_acupuncture,15,15.0,healthy volunteers,sham_needling,sham acupuncture,"['KI3', 'Taixi']",KI3 is located in the medial part of the foot at the cavity between the rear medial malleolus and the tendon of heel bone,not_reported,did not pierce the skin at KI3,not_reported,,not_reported,not_reported,"0.30 × 25-45 mm, HwaTo, Medical Supplies Co., Ltd. Suzhou",False,not_applicable,not_applicable,30 min,30.0,30 min,30.0,1,1.0,not_reported,not_reported,Volunteers wore blindfolds during acupuncture,not_reported,not_reported,all volunteers were blind to the interventions they received; volunteers wore blindfolds during acupuncture,"random, single-blind trial"
26467429,arm_nonacupoint,non-acupoint group,active_control,15,15.0,healthy volunteers,manual_acupuncture,manual acupuncture,[],"on the thighs, 2 cm medial to the midpoint of the line attaching the anterior superior iliac spine and the bottom-outer corner of the patellar tendon",not_reported,inserted to 2 cm deep,2 cm,20.0,"After Deqi, twisting (90-180°, 60-90 times/min), and lifting-thrusting (0.3-0.5 cm, 60-90 times/min) were performed for 1 min. This was repeated every 10 min for a total of 3 times over a 30-min span","HwaTo, Medical Supplies Co., Ltd. Suzhou",0.30 × 25-45 mm,False,not_applicable,not_applicable,30 min,30.0,30 min,30.0,1,1.0,not_reported,After Deqi,Volunteers wore blindfolds during acupuncture,not_reported,not_reported,all volunteers were blind to the interventions they received; volunteers wore blindfolds during acupuncture,"random, single-blind trial"
26839078,VA1,Verum Acupuncture Group 1 (VA1),verum_acupuncture,20,11.0,Migraine without aura (MwoA),manual_acupuncture,manual acupuncture,"['Yanglingquan (GB34)', 'Qiuxu (GB40)', 'Waiguan (SJ5)']",not_reported,All acupoints and non-acupoints were punctured bilaterally,penetration of 5 to 15mm,5 to 15mm,,"gently twisted, lifted, and thrust at an even amplitude, force, and speed to acquire deqi sensation",disposable stainless steel fine needles,not_reported,False,not_applicable,not_applicable,30 min each session,30.0,30 min each,30.0,20 treatments over a four-week period,20.0,four-week period: once per day for five weekdays followed by a two-day break,"yes; deqi sensation (soreness, numbness, heaviness, distention or dull pain at the site of needle placement)",not_reported,not_reported,Two licensed acupuncturists,not_reported,"Randomized controlled trial with resting-state fMRI; patients randomized to verum acupuncture, sham acupuncture, and waiting list groups; healthy controls recruited for baseline comparison"
26839078,VA2,Verum Acupuncture Group 2 (VA2),verum_acupuncture,20,11.0,Migraine without aura (MwoA),manual_acupuncture,manual acupuncture,"['Xiyangguan (GB33)', 'Diwuhui (GB42)', 'Sanyangluo (SJ8)']",not_reported,All acupoints and non-acupoints were punctured bilaterally,penetration of 5 to 15mm,5 to 15mm,,"gently twisted, lifted, and thrust at an even amplitude, force, and speed to acquire deqi sensation",disposable stainless steel fine needles,not_reported,False,not_applicable,not_applicable,30 min each session,30.0,30 min each,30.0,20 treatments over a four-week period,20.0,four-week period: once per day for five weekdays followed by a two-day break,"yes; deqi sensation (soreness, numbness, heaviness, distention or dull pain at the site of needle placement)",not_reported,not_reported,Two licensed acupuncturists,not_reported,"Randomized controlled trial with resting-state fMRI; patients randomized to verum acupuncture, sham acupuncture, and waiting list groups; healthy controls recruited for baseline comparison"
26839078,VA3,Verum Acupuncture Group 3 (VA3),verum_acupuncture,20,13.0,Migraine without aura (MwoA),manual_acupuncture,manual acupuncture,"['Zusanli (ST36)', 'Chongyang (ST42)', 'Pianli (L16)']",not_reported,All acupoints and non-acupoints were punctured bilaterally,penetration of 5 to 15mm,5 to 15mm,,"gently twisted, lifted, and thrust at an even amplitude, force, and speed to acquire deqi sensation",disposable stainless steel fine needles,not_reported,False,not_applicable,not_applicable,30 min each session,30.0,30 min each,30.0,20 treatments over a four-week period,20.0,four-week period: once per day for five weekdays followed by a two-day break,"yes; deqi sensation (soreness, numbness, heaviness, distention or dull pain at the site of needle placement)",not_reported,not_reported,Two licensed acupuncturists,not_reported,"Randomized controlled trial with resting-state fMRI; patients randomized to verum acupuncture, sham acupuncture, and waiting list groups; healthy controls recruited for baseline comparison"
26839078,SA,Sham Acupuncture Group (SA),sham_acupuncture,20,11.0,Migraine without aura (MwoA),sham_needling,sham acupuncture at non-acupoints,[],not_reported,All acupoints and non-acupoints were punctured bilaterally,penetration of 5 to 15mm,5 to 15mm,,"gently twisted, lifted, and thrust at an even amplitude, force, and speed to acquire deqi sensation",disposable stainless steel fine needles,not_reported,False,not_applicable,not_applicable,30 min each session,30.0,30 min each,30.0,20 treatments over a four-week period,20.0,four-week period: once per day for five weekdays followed by a two-day break,yes; deqi sensation acquired in all treatment groups,not_reported,not_reported,Two licensed acupuncturists,not_reported,"Randomized controlled trial with resting-state fMRI; patients randomized to verum acupuncture, sham acupuncture, and waiting list groups; healthy controls recruited for baseline comparison"
26839078,WT,Waiting-list group (WT),waitlist,20,16.0,Migraine without aura (MwoA),other,none,[],not_applicable,not_applicable,not_applicable,not_applicable,,not_applicable,not_applicable,not_applicable,False,not_applicable,not_applicable,not_applicable,,not_applicable,,not_applicable,,not_applicable,not_applicable,not_reported,not_applicable,not_applicable,not_reported,"Randomized controlled trial with resting-state fMRI; patients randomized to verum acupuncture, sham acupuncture, and waiting list groups; healthy controls recruited for baseline comparison"
26839078,HC,Healthy Controls (HC),healthy_control,46,42.0,Migraine without aura (MwoA),,,[],,,,,,,,,,,,,,,,,,,,,,,not_reported,"Randomized controlled trial with resting-state fMRI; patients randomized to verum acupuncture, sham acupuncture, and waiting list groups; healthy controls recruited for baseline comparison"
26839078,AG,Acupuncture Group (AG) [verum + sham merged],verum_acupuncture,,46.0,Migraine without aura (MwoA),,,[],,,,,,,,,,,,,,,,,,,,,,,not_reported,"Randomized controlled trial with resting-state fMRI; patients randomized to verum acupuncture, sham acupuncture, and waiting list groups; healthy controls recruited for baseline comparison"
27242492,arm_MDD,"patients with first-episode, drug-naïve MDD",verum_acupuncture,30,29.0,"First-episode, drug-naïve major depressive disorder (MDD)",electroacupuncture,electroacupuncture,"['GV20', 'Baihui']",GV20 located on the vertex of the head; a point on the Governor Vessel located on the vertex of the head,midline (vertex of head),skin penetrating,depth of needling arranging from 1.0 cm to 1.5 cm,,EAS was performed by inserting the sterile stainless steel disposable needle into GV 20 at the depth of needling arranging from 1.0 cm to 1.5 cm. Another electrode was attached to the acupuncture needle which was shallowly inserted point 1.0 cm nearby GV20.,sterile stainless steel disposable needle (Huatuo-brand),0.30 mm in diameter and 25 mm in length,True,1 Hz,2 mA,20 minutes,20.0,20 minutes,20.0,one session,1.0,single session,not_reported,"During scanning, each patient was instructed to keep eyes closed, not to think about anything and to stay awake.","According to traditional Chinese medicine theory, Baihui acupoint (GV20) is located at the highest place of the head, and GV20 is a commonly acupoint used to relief of dizziness, headache and anxiety by acupuncture stimulation, which attributes to the effect of acupuncture at GV20 on modulating vascular, endocrine, immune and/or nervous systems. GV20 was identified to be involved in the treatment of MDD.",same professional acupuncturist,not_reported,Within-subjects pre-post design with a healthy control comparison group; non-repeated event-related (NRER) paradigm
27242492,arm_HC,healthy subjects,healthy_control,29,29.0,"First-episode, drug-naïve major depressive disorder (MDD)",,,[],,,,,,,,,,,,,,,,,,,,,,,not_reported,Within-subjects pre-post design with a healthy control comparison group; non-repeated event-related (NRER) paradigm
27242911,arm_included_studies,Included acupuncture-neuroimaging studies (n=168),other,,168.0,"Multiple; includes healthy volunteers and patients with neurological, pain, psychosomatic, gastroenterological, pediatric, rheumatological, dermatological, and ophthalmological conditions",manual_acupuncture,manual_acupuncture,[],not_reported,not_reported,not_reported,not_reported,,"78.57% of manual acupuncture studies described needle manipulation including sterilization, the angle and depth of needle insertion, and the duration of retaining needle",not_reported,not_reported,False,not_applicable,not_applicable,not_reported,,not_reported,,not_reported,,not_reported,82 studies required Deqi (needle sensation) during acupuncture stimulation,not_reported,not_reported,59.5% of the studies have mentioned the qualification of acupuncturists; 79.88% of the studies have described the manipulation procedure of acupuncture,not_applicable,Systematic review / bibliometric analysis of original acupuncture-neuroimaging articles published in English from 1995 to 2014 on PubMed
27688791,arm_LR3,LR3 group,verum_acupuncture,15,14.0,"Essential hypertension (mild or moderate arterial hypertension, grade 1 or 2)",manual_acupuncture,manual acupuncture,['LR3'],"on the dorsum of the foot, in the depression anterior to the junction of the first and second metatarsal bones (Chinese National Standards GB/T12346)",not_reported,vertically punctured,15 ± 2 mm,15.0,"After developing needle sensation, twirling at an angle of 90–180° and a frequency of 60–90 times/min and lifting and thrusting at a range of 0.3–0.5 cm and a frequency of 60–90 times/min were conducted. After manipulating the needle for 1 min, the needle was held in place for 30 min. During the 30 min, the physician repeated this manipulation for 1 min every 10 min.","Huatuo acupuncture needles, Suzhou, China; sterile","0.3 mm diameter, 40 mm long",False,not_applicable,not_applicable,30 min,30.0,about 30 minutes,30.0,1 session (for instantaneous/once acupuncture),1.0,single session,After developing needle sensation,"Subjects were asked to pass urine and stool prior to treatment. The patients' eyes were masked with eyeshades, and earplugs were simultaneously worn so that their audiovisual system could not be stimulated.",not_reported,not_reported,Participants' eyes were masked with eyeshades and earplugs worn; blinding of assessors or practitioners not explicitly stated,Randomized controlled trial; complete randomized block design; two parallel arms; resting-state fMRI before and after acupuncture interventions
27688791,arm_sham,Sham group,sham_acupuncture,15,14.0,"Essential hypertension (mild or moderate arterial hypertension, grade 1 or 2)",sham_needling,manual acupuncture at sham point,[],"midpoint of the line connecting the anterior superior iliac spine and lateral border of the patella, 2 cm inside",not_reported,vertically punctured,15 ± 2 mm,15.0,"After developing needle sensation, twirling at an angle of 90–180° and a frequency of 60–90 times/min and lifting and thrusting at a range of 0.3–0.5 cm and a frequency of 60–90 times/min were conducted. After manipulating the needle for 1 min, the needle was held in place for 30 min. During the 30 min, the physician repeated this manipulation for 1 min every 10 min.","Huatuo acupuncture needles, Suzhou, China; sterile","0.3 mm diameter, 40 mm long",False,not_applicable,not_applicable,30 min,30.0,about 30 minutes,30.0,1 session (for instantaneous/once acupuncture),1.0,single session,After developing needle sensation,"Subjects were asked to pass urine and stool prior to treatment. The patients' eyes were masked with eyeshades, and earplugs were simultaneously worn so that their audiovisual system could not be stimulated.",not_reported,not_reported,Participants' eyes were masked with eyeshades and earplugs worn; blinding of assessors or practitioners not explicitly stated,Randomized controlled trial; complete randomized block design; two parallel arms; resting-state fMRI before and after acupuncture interventions
27803655,arm_ST36,ST36 (Zusanli) acupuncture point stimulation,verum_acupuncture,21,21.0,Healthy volunteers,manual_acupuncture,manual acupuncture needle stimulation,['ST36 (Zusanli)'],"Anterior aspect of the right leg, on the line connecting ST35 with ST41, 3 B-cun inferior to ST35; dermatome L5",right leg,penetrating,"1–2 cm deep into the skin depending on the size of the muscle, vertically",,needle rotating 60–90/rpm and lift-thrusting 0.3–0.5 cm; each event consisted of 3 s stimulation; inter-stimulus interval randomized from 13 to 21 s; event-related design; needle taken out after the 6 min event-related needle manipulation,"sterile, single use, individually wrapped needles; titanium, DongBang, Acupuncture, Inc., Boryeong, Korea",0.20 mm × 30 mm,False,not_applicable,not_applicable,needle was taken out after the 6 min event-related needle manipulation,6.0,6 min event-related needle manipulation,6.0,1,1.0,single session,not_reported,subjects were told to remain in the supine position with open eyes and concentrate on the sensation caused by the needle stimulation,ST36 is a classical acupuncture point; dermatome L5; locations chosen after literature screening and consensus process,acupuncture physician,Participants had no medical knowledge about acupuncture; attempt at double-blind study noted; the person applying the acupuncture stimulation knew about the meaning of the different points,"Within-subjects experimental fMRI study; re-analysis of previously published data (Nierhaus et al., 2015); randomized order of stimulation conditions"
27803655,arm_CP1,Control point 1 (CP1) – same dermatome L5,sham_acupuncture,21,21.0,Healthy volunteers,sham_needling,manual needle stimulation at non-acupuncture control point,[],"Lateral to ST36, at the middle line between Bladder meridian and Gallbladder meridian; dermatome L5; right leg",right leg,penetrating,"1–2 cm deep into the skin depending on the size of the muscle, vertically",,needle rotating 60–90/rpm and lift-thrusting 0.3–0.5 cm; each event consisted of 3 s stimulation; inter-stimulus interval randomized from 13 to 21 s; event-related design; needle taken out after the 6 min event-related needle manipulation; identical penetrating needle stimulation as performed on ST36,"sterile, single use, individually wrapped needles; titanium, DongBang, Acupuncture, Inc., Boryeong, Korea",0.20 mm × 30 mm,False,not_applicable,not_applicable,needle was taken out after the 6 min event-related needle manipulation,6.0,6 min event-related needle manipulation,6.0,1,1.0,single session,not_reported,subjects were told to remain in the supine position with open eyes and concentrate on the sensation caused by the needle stimulation,CP1 is not an acupuncture point; same dermatome L5 as ST36; locations chosen after literature screening and consensus process,acupuncture physician,Participants had no medical knowledge about acupuncture; attempt at double-blind study noted; the person applying the acupuncture stimulation knew about the meaning of the different points,"Within-subjects experimental fMRI study; re-analysis of previously published data (Nierhaus et al., 2015); randomized order of stimulation conditions"
27803655,arm_CP2,Control point 2 (CP2) – different dermatome L2,sham_acupuncture,21,21.0,Healthy volunteers,sham_needling,manual needle stimulation at non-acupuncture control point,[],2 B-cun dorsally of GB31; dermatome L2; right leg,right leg,penetrating,"1–2 cm deep into the skin depending on the size of the muscle, vertically",,needle rotating 60–90/rpm and lift-thrusting 0.3–0.5 cm; each event consisted of 3 s stimulation; inter-stimulus interval randomized from 13 to 21 s; event-related design; needle taken out after the 6 min event-related needle manipulation; identical penetrating needle stimulation as performed on ST36,"sterile, single use, individually wrapped needles; titanium, DongBang, Acupuncture, Inc., Boryeong, Korea",0.20 mm × 30 mm,False,not_applicable,not_applicable,needle was taken out after the 6 min event-related needle manipulation,6.0,6 min event-related needle manipulation,6.0,1,1.0,single session,not_reported,subjects were told to remain in the supine position with open eyes and concentrate on the sensation caused by the needle stimulation,CP2 is not an acupuncture point; different dermatome L2 from ST36; locations chosen after literature screening and consensus process,acupuncture physician,Participants had no medical knowledge about acupuncture; attempt at double-blind study noted; the person applying the acupuncture stimulation knew about the meaning of the different points,"Within-subjects experimental fMRI study; re-analysis of previously published data (Nierhaus et al., 2015); randomized order of stimulation conditions"
27812501,arm_verum,verum acupuncture plus fluoxetine,verum_acupuncture,22,18.0,Major depressive disorder (MDD),manual_acupuncture,manual acupuncture (abdominal acupuncture modality),"['Zhongwan (RN12)', 'Xiawan (RN10)', 'Qihai (RN6)', 'Guanyuan (RN4)', 'Shangqu (KL17)', 'Huaroumen (ST24)', 'Qipang (extra-point)']",abdomen,"bilateral (Shangqu KL17, Huaroumen ST24, Qipang extra-point listed bilaterally in Fig. 1)",intramuscular needle insertion through skin,15-20 mm,,needles inserted intramuscularly to a depth of 15-20 mm and were left in situ for 20 min; no further manipulation described,fine needles inserted through short plastic tubes or sheaths,0.22 mm × 40 mm,False,not_applicable,not_applicable,20 min,20.0,20 min (needle retention time); total session duration not separately reported,20.0,once a day for the first three days and subsequently once every three days for the remainder of the 8-week trial,,8 weeks,not_reported,Each participant was asked to lie in a supine position and to wear a mask over her eyes; abdomen was covered with a basket underneath a sheet during the treatment period,"Abdominal acupuncture is based on the Chinese Traditional Medicine theory that CV 8 (umbilicus) plays a crucial role in propelling and regulating the flow of Qi; prescription could harmonize zang-fu five viscera, tonify qi, and replenish blood to relieve depression",An acupuncturist with >3 years of experience performed all acupuncture treatments,Participants wore masks over their eyes during treatment; sham procedure designed to mimic verum without needle insertion; blinding level of practitioners and outcome assessors not explicitly stated,"Randomized, sham-controlled trial with two parallel arms; resting-state fMRI collected before first and last treatments"
27812501,arm_sham,sham acupuncture plus fluoxetine,sham_acupuncture,24,18.0,Major depressive disorder (MDD),sham_needling,sham needling (no needle insertion),"['Zhongwan (RN12)', 'Xiawan (RN10)', 'Qihai (RN6)', 'Guanyuan (RN4)', 'Shangqu (KL17)', 'Huaroumen (ST24)', 'Qipang (extra-point)']",abdomen (same acupoints as real acupuncture group),not_reported,no needles were inserted into the skin through the sheaths,not_applicable,,short plastic needle sheaths not containing any needles were tapped against the skin of the patient's acupoints,short plastic needle sheaths not containing any needles,not_reported,False,not_applicable,not_applicable,same duration as verum group (20 min implied),20.0,The time and frequency of the sham abdominal acupuncture treatments were exactly the same as in the verum acupuncture group,20.0,once a day for the first three days and subsequently once every three days for the remainder of the 8-week trial (same as verum group),,8 weeks,not_reported,Each patient was asked to lie in a supine position and put a mask over her eyes; abdomen was covered with a basket underneath a sheet during the 'treatment' period,not_reported,not_reported separately for sham; same acupuncturist implied,Participants wore masks over their eyes during treatment; sham procedure designed to mimic verum without needle insertion; blinding level of practitioners and outcome assessors not explicitly stated,"Randomized, sham-controlled trial with two parallel arms; resting-state fMRI collected before first and last treatments"
27857211,EA,electro-acupuncture group (EA group),verum_acupuncture,18,16.0,Crohn's disease (remission period),electroacupuncture,electrical stimulation via acupuncture needles,"['ST25 (both sides)', 'CV6', 'RN12']","ST25 (Tianshu), RN6 (Qihai) and RN12 (Zhongwan)",ST25 bilateral; CV6 and RN12 midline,inserted beneath the skin,20–25 mm beneath the skin,22.5,"needles connected to a HANS electro-acupuncture apparatus (Model LH100A TENS, Nanjing, China); two conducting ends connected to ST25 and CV6 at left-hand side, and ST25 and RN12 at right-hand side","0.30 × 40 mm needles (Hwato, Suzhou, China)",0.30 × 40 mm,True,2/100Hz,1–2 mA,30 minutes,30.0,30 minutes,30.0,"three times a week for 12 weeks, totaling up to 36 treatment sessions",36.0,12 weeks,not_reported,not_reported,"acupuncture points chosen in reference to prior research, typical for the treatment of gastrointestinal diseases",not_reported,Different groups of CD patients were assigned to different isolated rooms for treatment and were blind to the setup of the study; evaluators performing statistical analyses were blind,Randomized controlled trial; resting-state fMRI before and after 12-week treatment; comparison with healthy controls
27857211,Mox,moxibustion group (Mox group),verum_acupuncture,18,18.0,Crohn's disease (remission period),moxibustion,heat stimulation via moxa cone on herbal cake placed on acupuncture point,"['ST25 (both sides)', 'CV6', 'RN12']","ST25 (Tianshu), RN6 (Qihai) and RN12 (Zhongwan)",ST25 bilateral; CV6 and RN12 midline,not_applicable,not_applicable,,"Moxa cone placed on top of herbal cake and ignited for herbs-partitioned moxibustion on each acupuncture point every time. Herbal cake: Radix aconiti preparata, Coptis chinesis, Aucklandia Lappa, Carthamus tinctorius, Salvia miltiorrhiza and Angelica sinensis ground into fine powder, 2.8g dissolved in lukewarm water with malt sugar, shaped into herbal cake with 23mm diameter and 5mm thickness. Moxa cone: height 16mm, diameter 18mm (Han Medicine, Nanyang, China)",not_applicable,not_applicable,False,not_applicable,not_applicable,not_applicable,,not_reported,,"three times a week for 12 weeks, totaling up to 36 treatment sessions",36.0,12 weeks,not_reported,not_reported,"acupuncture points chosen in reference to prior research, typical for the treatment of gastrointestinal diseases",not_reported,Different groups of CD patients were assigned to different isolated rooms for treatment and were blind to the setup of the study; evaluators performing statistical analyses were blind,Randomized controlled trial; resting-state fMRI before and after 12-week treatment; comparison with healthy controls
27857211,HC,healthy controls (HCs),healthy_control,36,36.0,Crohn's disease (remission period),,,[],,,,,,,,,,,,,,,,,,,,,,,Different groups of CD patients were assigned to different isolated rooms for treatment and were blind to the setup of the study; evaluators performing statistical analyses were blind,Randomized controlled trial; resting-state fMRI before and after 12-week treatment; comparison with healthy controls
27857211,CD_all,CD patients (full sample at baseline),other,52,52.0,Crohn's disease (remission period),,,[],,,,,,,,,,,,,,,,,,,,,,,Different groups of CD patients were assigned to different isolated rooms for treatment and were blind to the setup of the study; evaluators performing statistical analyses were blind,Randomized controlled trial; resting-state fMRI before and after 12-week treatment; comparison with healthy controls
28053642,arm_left_gb34,left GB34 group,verum_acupuncture,10,10.0,Healthy participants (no disease condition),manual_acupuncture,manual acupuncture,"['GB34', 'Yanglingquan (left)']",on the fibular aspect of the leg in the depression anterior and distal to the head of the fibula,left,insertion into the left GB34,approximately 1.0 cm,10.0,"needle remained at rest for 1 minute, then 1 minute of bidirectional rotation at 1 Hz (one second to the left, one second to the right, for a total of 1 minute), then needle at rest for 1 minute, followed by 1 minute of bidirectional rotation again, and finally the needle was not moved for another 1 minute of rest",stainless-steel needles,"0.25 mm × 40 mm; Dong Bang Acupuncture, Inc., Seoul, Republic of Korea",False,not_applicable,not_applicable,5 minutes total paradigm,5.0,about 5 minutes,5.0,1,1.0,single session,not_reported,instructed not to move their bodies and to be particularly careful not to move their heads during the imaging procedures; instructed to rest with their eyes closed and not to move,"GB34 has been used to treat motor dysfunctions such as hemiplegia, a variety of muscle disorders, knee pain, and Parkinson's disease",experienced traditional Chinese medicine doctor,not_reported,Within-subject fMRI study comparing left versus right GB34 acupuncture stimulation in healthy volunteers using a block design with sham and verum acupuncture conditions
28053642,arm_right_gb34,right GB34 group,verum_acupuncture,12,12.0,Healthy participants (no disease condition),manual_acupuncture,manual acupuncture,"['GB34', 'Yanglingquan (right)']",on the fibular aspect of the leg in the depression anterior and distal to the head of the fibula,right,insertion into the right GB34,approximately 1.0 cm,10.0,"needle remained at rest for 1 minute, then 1 minute of bidirectional rotation at 1 Hz (one second to the left, one second to the right, for a total of 1 minute), then needle at rest for 1 minute, followed by 1 minute of bidirectional rotation again, and finally the needle was not moved for another 1 minute of rest",stainless-steel needles,"0.25 mm × 40 mm; Dong Bang Acupuncture, Inc., Seoul, Republic of Korea",False,not_applicable,not_applicable,5 minutes total paradigm,5.0,about 5 minutes,5.0,1,1.0,single session,not_reported,instructed not to move their bodies and to be particularly careful not to move their heads during the imaging procedures; instructed to rest with their eyes closed and not to move,"GB34 has been used to treat motor dysfunctions such as hemiplegia, a variety of muscle disorders, knee pain, and Parkinson's disease",experienced traditional Chinese medicine doctor,not_reported,Within-subject fMRI study comparing left versus right GB34 acupuncture stimulation in healthy volunteers using a block design with sham and verum acupuncture conditions
28334999,arm_local,verum acupuncture 'local' to the more affected hand,verum_acupuncture,28,,carpal tunnel syndrome (CTS),electroacupuncture,electroacupuncture with manual acupuncture at additional points,"['TW5', 'PC7', 'HT3 (selected by acupuncturist)', 'PC3 (selected by acupuncturist)', 'SI4 (selected by acupuncturist)', 'LI5 (selected by acupuncturist)', 'LI10 (selected by acupuncturist)', 'LU5 (selected by acupuncturist)']","forearm of the more affected hand (dorsal and ventral aspects); three additional acupoints on the more affected forearm chosen from HT3, PC3, SI4, LI5, LI10, LU5",more affected hand/forearm,insertive (penetrating) for verum needles; non-insertive for sham needle at SH1,"10-30 mm deep, depending on location",,electrodes attached to TW5 and PC7 needles for 2 Hz electrical stimulation for 20 min; manual stimulation at all locations to induce characteristic deqi acupuncture sensation,single-use disposable needles (stainless steel; Asiamed); one non-insertive Streitberger Needle (Asiamed) at SH1,"0.20-0.25 mm diameter, 20-40 mm length",True,2 Hz,current intensity set to a percept level of 'moderately strong but not painful',20 min (for electro-acupuncture component),20.0,not_reported,,16 sessions over 8 weeks,16.0,8 weeks; tapering schedule: three treatments/week for 3 weeks; two treatments/week for 2 weeks; one treatment/week for 3 weeks,yes; manual stimulation at all locations was performed to induce characteristic deqi acupuncture sensation,subjects lay supine; subjects told they 'may or may not feel electrical sensations' only applies to sham arm,"hybrid design balanced standardized acupuncture therapy with more ecologically valid individualized acupoint selection; based on protocol used in pilot study (Napadow et al., 2007b)","one of four trained, licensed acupuncturists with at least 3 years of clinical experience","subjects, study physician, and experimenters were blinded to group allocation; subjects unblinded after post-therapy MRI visit","single-centre, blinded, placebo controlled, randomized parallel-group longitudinal neuroimaging study"
28334999,arm_distal,"verum acupuncture at 'distal' body sites, contralesional to the more affected hand",verum_acupuncture,28,,carpal tunnel syndrome (CTS),electroacupuncture,electroacupuncture with manual acupuncture at additional points,"['SP6', 'LV4', 'GB34', 'KD3', 'SP5']","lower leg on the opposite side of the body to the more affected hand; SP6 and LV4 for electro-acupuncture; GB34, KD3, and SP5 for manual acupuncture",contralesional lower leg (opposite side to more affected hand),insertive (penetrating) for verum needles; non-insertive for sham needle at SH1,"10-30 mm deep, depending on location",,"electrodes attached to SP6 and LV4 needles for electrical stimulation; manual acupuncture also performed at GB34, KD3, and SP5",single-use disposable needles (stainless steel; Asiamed); one non-insertive Streitberger Needle (Asiamed) at SH1,"0.20-0.25 mm diameter, 20-40 mm length",True,2 Hz,current intensity set to a percept level of 'moderately strong but not painful',20 min (for electro-acupuncture component),20.0,not_reported,,16 sessions over 8 weeks,16.0,8 weeks; tapering schedule: three treatments/week for 3 weeks; two treatments/week for 2 weeks; one treatment/week for 3 weeks,yes; manual stimulation at all locations was performed to induce characteristic deqi acupuncture sensation,subjects lay supine,verum acupuncture at distal acupoints (i.e. no local needle-induced physiological response); contralesional to more affected hand,"one of four trained, licensed acupuncturists with at least 3 years of clinical experience","subjects, study physician, and experimenters were blinded to group allocation; subjects unblinded after post-therapy MRI visit","single-centre, blinded, placebo controlled, randomized parallel-group longitudinal neuroimaging study"
28334999,arm_sham,local sham electro-acupuncture using non-penetrating placebo needles,sham_acupuncture,23,,carpal tunnel syndrome (CTS),sham_needling,non-penetrating sham needling with inactive electro-acupuncture device,[],"non-acupoints on the ulnar aspect of the more affected forearm (SH1, SH2), radial aspect of more affected forearm (SH3), opposite lower limb (SH4, SH5)",more affected forearm and opposite lower limb,non-penetrating (non-insertive),not_reported,,"electrodes attached to SH1 and SH2 needles, electro-acupuncture device was turned on, but electrodes were not inserted into an active port on the device",non-insertive Streitberger Needles (Asiamed),not_reported,False,not_applicable,not_applicable,not_reported,,not_reported,,16 sessions over 8 weeks,16.0,8 weeks; tapering schedule: three treatments/week for 3 weeks; two treatments/week for 2 weeks; one treatment/week for 3 weeks,not intended; subjects told they 'may or may not feel electrical sensations' from this procedure,subjects told they 'may or may not feel electrical sensations' from this procedure,sham acupuncture control; non-penetrating needles at non-acupoints; device turned on but not active,"one of four trained, licensed acupuncturists with at least 3 years of clinical experience","subjects, study physician, and experimenters were blinded to group allocation; subjects unblinded after post-therapy MRI visit","single-centre, blinded, placebo controlled, randomized parallel-group longitudinal neuroimaging study"
28334999,arm_hc,healthy control subjects,healthy_control,34,34.0,carpal tunnel syndrome (CTS),,,[],,,,,,,,,,,,,,,,,,,,,,,"subjects, study physician, and experimenters were blinded to group allocation; subjects unblinded after post-therapy MRI visit","single-centre, blinded, placebo controlled, randomized parallel-group longitudinal neuroimaging study"
28443010,arm_stroke,right-hemispheric subcortical stroke patients,verum_acupuncture,20,18.0,Right-hemispheric subcortical ischemic stroke with left motor hemiparesis,manual_acupuncture,manual acupuncture,['Yanglingquan (GB34)'],"located in the lateral aspect of the posterior knee, on the left leg",left leg,inserted vertically into GB34,2–3 cm,,rotating the needle clockwise and counterclockwise at 1 Hz with even reinforcing and reducing manipulation for 60 s,"sterile, single-use silver needle",25 mm in length and 0.30 mm in diameter,False,not_applicable,not_applicable,not_reported,,1-min needle manipulation before 1-min resting epoch followed by 8-min resting scan,,one session,1.0,single session within one fMRI scanning visit,De-qi is believed to be crucial to the therapeutic effectiveness of acupuncture,not_reported,"GB34, called Yanglingquan, was not only the 'he' (meeting) point of the Gallbladder Meridian of Foot-Shao yang, but also was the influential point of tendons. GB34 was frequently chose in recovering motor function for stroke hemiplegia patients",one licensed and skilled acupuncturist,not_reported,Cross-sectional with within-subject pre/post acupuncture comparison and between-group comparison (stroke patients vs. healthy subjects); resting-state fMRI and task-evoked fMRI
28443010,arm_healthy,healthy subjects,healthy_control,20,20.0,Right-hemispheric subcortical ischemic stroke with left motor hemiparesis,manual_acupuncture,manual acupuncture,['Yanglingquan (GB34)'],"located in the lateral aspect of the posterior knee, on the left leg",left leg,inserted vertically into GB34,2–3 cm,,rotating the needle clockwise and counterclockwise at 1 Hz with even reinforcing and reducing manipulation for 60 s,"sterile, single-use silver needle",25 mm in length and 0.30 mm in diameter,False,not_applicable,not_applicable,not_reported,,1-min needle manipulation before 1-min resting epoch followed by 8-min resting scan,,one session,1.0,single session within one fMRI scanning visit,De-qi is believed to be crucial to the therapeutic effectiveness of acupuncture,not_reported,not_reported,one licensed and skilled acupuncturist,not_reported,Cross-sectional with within-subject pre/post acupuncture comparison and between-group comparison (stroke patients vs. healthy subjects); resting-state fMRI and task-evoked fMRI
28480365,arm_LR3,LR3 Group,verum_acupuncture,15,15.0,healthy volunteers (no disease condition),manual_acupuncture,manual acupuncture,"['LR3', 'Taichong']","On the dorsum of the foot, in the depression anterior to the junction of the first and second metatarsal bones (Chinese National Standards GB/T12346)",bilateral,true penetration,15±2 mm,15.0,"tube needling technique; needle handle tapped softly using a forefinger; after developing needle sensation, twirling at an angle of 90–180° and a frequency of 60–90 times/min and lifting and thrusting at a range of 0.3–0.5 cm and a frequency of 60–90 times/min were conducted; after manipulating the needle for 1 min, the needle was held in place for 30 min; during the 30 min, the physician repeated this manipulation for 1 min every 10 min",DONGBANG needles,"0.30 × (25–45 mm); DONGBANG AcuPrime, Exeter, UK",False,not_applicable,not_applicable,30 min,30.0,30 min,30.0,single session,1.0,single session,after developing needle sensation (deqi implied),subjects were asked to pass urine and stool prior to treatment; eyes masked with eyeshades; earplugs worn,to validate the acupoint specificity of LR3,physician (not further described),"volunteers' eyes were masked with eyeshades, and earplugs were simultaneously worn; blinding of participants to acupoint type implied but not explicitly described for assessors","randomized, before-after study design with three parallel groups"
28480365,arm_sham_acu,Sham acupuncture Group,sham_acupuncture,15,15.0,healthy volunteers (no disease condition),sham_needling,sham acupuncture,['LR3'],"LR3 acupoint location (On the dorsum of the foot, in the depression anterior to the junction of the first and second metatarsal bones)",bilateral,no penetration; tip touches skin without puncturing,0 mm (no puncture),0.0,"the auxiliary part of the tube was applied to the skin, with a sham needle placed in the tube over the acupoint; the sham needle was then tapped to make its tip touch the skin without puncturing it and was maintained in place for 30 min",sham needle placed in tube,not_reported,False,not_applicable,not_applicable,30 min,30.0,30 min,30.0,single session,1.0,single session,not intended (no penetration),subjects were asked to pass urine and stool prior to treatment; eyes masked with eyeshades; earplugs worn,placebo control for true acupuncture at LR3,physician (not further described),"volunteers' eyes were masked with eyeshades, and earplugs were simultaneously worn; blinding of participants to acupoint type implied but not explicitly described for assessors","randomized, before-after study design with three parallel groups"
28480365,arm_sham_acupoint,Sham acupoint Group,sham_acupuncture,15,15.0,healthy volunteers (no disease condition),manual_acupuncture,manual acupuncture at non-acupoint,[],"On the midpoint of the line connecting the anterior superior iliac spine and lateral border of the patella, 2 cm inside",bilateral,true penetration (same procedure as true acupuncture at LR3),15±2 mm (same procedure as true acupuncture at LR3),15.0,same procedure as true acupuncture at LR3 acupoint,DONGBANG needles,"0.30 × (25–45 mm); DONGBANG AcuPrime, Exeter, UK",False,not_applicable,not_applicable,30 min,30.0,30 min,30.0,single session,1.0,single session,after developing needle sensation (same as LR3 procedure),subjects were asked to pass urine and stool prior to treatment; eyes masked with eyeshades; earplugs worn,"sham acupoint control; selected from area innervated by different spinal nerves (L4-5, S1-2 via lateral popliteal nerve) to avoid influence of innervations from same neurons as LR3 (L2-4 via femoral nerve)",physician (not further described),"volunteers' eyes were masked with eyeshades, and earplugs were simultaneously worn; blinding of participants to acupoint type implied but not explicitly described for assessors","randomized, before-after study design with three parallel groups"
29204113,arm_ea,electro-acupuncture group,verum_acupuncture,32,18.0,Crohn's disease (CD) in remission,electroacupuncture,electro-acupuncture with mechanical needle insertion followed by electrical stimulation,"['ST25 (stomach, Tianshu, bilateral)', 'CV6 (conception vessel, Qihai)', 'CV12 (Zhongwan)']","bilateral ST25, CV6, CV12",bilateral ST25; CV6 and CV12 are midline,"rapidly inserted through the skin, then slowly inserted an additional 20–25 mm into the subcutaneous region",20–25 mm into the subcutaneous region,,"After achieving a Qi sensation of acupuncture, the needles were connected to a Han's Acupoint Nerve Stimulator (HANS-100). Two electrodes of the stimulators (not divided into positive and negative charge) were connected to the left ST25 and CV6, as well as the right ST25 and CV12. The two clips did not touch each other.","acupuncture needle (Hwato, Suzhou Medical Appliance Factory)",0.30 × 40 mm,True,Dense disperse waves (frequency 2/100 Hz),current intensity 1–2 mA,needles were left in place for 30 min,30.0,30 min,30.0,once every other day (3 days per week) for a total of 12 weeks (36 total sessions),36.0,12 weeks,After achieving a Qi sensation of acupuncture,not_reported,"According to our previous studies (Bao et al., 2014; Bao C. et al., 2016), four acupoints were selected for both groups",not_reported,not_reported,Randomized controlled trial; two-arm parallel group; resting-state fMRI before and after 12-week treatment
29204113,arm_moxa,moxibustion group,verum_acupuncture,33,20.0,Crohn's disease (CD) in remission,moxibustion,herb-partitioned moxibustion; warm stimulation on acupoints,"['ST25 (stomach, Tianshu, bilateral)', 'CV6 (conception vessel, Qihai)', 'CV12 (Zhongwan)']","bilateral ST25, CV6, CV12",bilateral ST25; CV6 and CV12 are midline,not_applicable,not_applicable,,"For each acupoint, two moxa-cones were burnt",not_applicable,not_applicable,False,not_applicable,not_applicable,not_applicable,,not_reported explicitly for moxibustion session duration,,36 sessions over 12 weeks,36.0,12 weeks,not_reported,not_reported,"According to our previous studies (Bao et al., 2014; Bao C. et al., 2016), four acupoints were selected for both groups. The warm stimulation is a key factor for the outcome of moxibustion treatment",not_reported,not_reported,Randomized controlled trial; two-arm parallel group; resting-state fMRI before and after 12-week treatment
29343693,real,REAL,verum_acupuncture,33,28.0,non-specific low back pain (LBP),manual_acupuncture,real acupuncture stimulation,"['bilateral SP13', 'left SP11', 'left ST36']","four acupoints: bilateral SP13, left SP11, and left ST36","bilateral SP13, left SP11, and left ST36",Needles were inserted ~2–3 cm deep into four acupoints,~2–3 cm deep,,manually by ±180° rotation of the needles at ~1Hz during 2-second duration events,"sterilized non-magnetic needles; stainless steel, DongBang Co., Korea",0.3mm×30mm,False,not_applicable,not_applicable,not_reported,,7-minute acupuncture run,7.0,one acupuncture stimulation run,1.0,scanning day,the acupuncturist manipulated them to induce a specific acupuncture sensation (de-qi) and ensure that the needles were placed correctly,"Patients lay supine inside the MRI machine, and they were told that they would receive real acupuncture treatment during this experiment.",not_reported,a licensed acupuncturist who had more than 10 years of clinical experience and was trained to work in an fMRI experimental environment/protocol,Patients were told that they would receive real acupuncture treatment during this experiment.,event-related fMRI experiment; parallel group study
29343693,phnt,PHNT,sham_acupuncture,23,19.0,non-specific low back pain (LBP),phantom_acupuncture,phantom acupuncture stimulation,"['bilateral SP13', 'left SP11', 'left ST36']",acupoints with no afferent stimulation,not_reported,The acupuncturist neither inserted nor stimulated the needles.,not_applicable,,"The acupuncturist only approached the acupoints with his hand and mimicked the stimulation without touching any body part of the patients, following the auditory cues for stimulation in the same sequence as in the REAL protocol.",not_applicable,not_applicable,False,not_applicable,not_applicable,not_applicable,,7-minute acupuncture run,7.0,one acupuncture stimulation run,1.0,scanning day,not_reported,"Patients lay supine inside the MRI machine, and they were told that they would receive real acupuncture treatment during this experiment.",not_reported,a licensed acupuncturist who had more than 10 years of clinical experience and was trained to work in an fMRI experimental environment/protocol,Patients were told that they would receive real acupuncture treatment during this experiment.,event-related fMRI experiment; parallel group study
29563830,contra_group,contralateral acupuncture group (contra-group),verum_acupuncture,12,12.0,Unilateral chronic shoulder pain (CSP); left-sided shoulder pain,manual_acupuncture,manual acupuncture,"['Tiaokou (ST 38), contralateral side']","ST 38: on the lower leg, midway between the tibiofemoral joint line (level with the popliteal crease) and the prominence of the lateral malleolus, one finger-breadth lateral to the anterior crest of the tibia","contralateral (right leg, as patients had left shoulder pain)",inserted (penetrating),10–15 mm,,"lifting, thrusting, and twirling approximately 180° to induce the deqi sensation for 30 s","Huatuo disposable acupuncture needle; Suzhou Medical Co. Ltd., Jiangsu, People's Republic of China",not_reported,False,not_applicable,not_applicable,20 min,20.0,20 min,20.0,1 session (single treatment),1.0,single day,yes; deqi sensation was induced,"patients were asked to remain seated and to relax their shoulders; during the period of manipulation, the subjects were asked to perform active mobilization of the left shoulder, in abduction, internal, and external rotation",Tiaokou (ST 38) belongs to Stomach Meridian; contralateral acupuncture at ST 38 for left shoulder pain,acupuncturist (not further described),Researchers responsible for clinical assessment were blinded to the treatment group allocation,pilot functional magnetic resonance imaging (fMRI) trial; randomized controlled trial
29563830,ipsi_group,ipsilateral acupuncture group (ipsi-group),verum_acupuncture,12,8.0,Unilateral chronic shoulder pain (CSP); left-sided shoulder pain,manual_acupuncture,manual acupuncture,"['Tiaokou (ST 38), ipsilateral (affected) side']","ST 38: on the lower leg, midway between the tibiofemoral joint line (level with the popliteal crease) and the prominence of the lateral malleolus, one finger-breadth lateral to the anterior crest of the tibia","ipsilateral (left leg, as patients had left shoulder pain)",inserted (penetrating),10–15 mm,,"lifting, thrusting, and twirling approximately 180° to induce the deqi sensation for 30 s","Huatuo disposable acupuncture needle; Suzhou Medical Co. Ltd., Jiangsu, People's Republic of China",not_reported,False,not_applicable,not_applicable,20 min,20.0,20 min,20.0,1 session (single treatment),1.0,single day,yes; deqi sensation was induced,"patients were asked to remain seated and to relax their shoulders; during the period of manipulation, the subjects were asked to perform active mobilization of the left shoulder, in abduction, internal, and external rotation",Tiaokou (ST 38) belongs to Stomach Meridian; ipsilateral acupuncture at ST 38 for left shoulder pain,acupuncturist (not further described),Researchers responsible for clinical assessment were blinded to the treatment group allocation,pilot functional magnetic resonance imaging (fMRI) trial; randomized controlled trial
29763448,arm_AD,AD patients,other,14,14.0,Alzheimer disease (AD),manual_acupuncture,manual acupuncture,"['Tai chong (Liv3) — left and right feet dorsum', 'He gu (LI4) — left and right hands dorsum']",dorsum of the left and right feet (Tai chong); dorsum of the left and right hands (He gu),bilateral,not_reported,not_reported,,not_reported,silver needle,0.30 mm in diameter and 25 mm long,False,not_applicable,not_applicable,3 minutes (duration of stimulation block),3.0,3 minutes acupuncture stimulation,3.0,1 (single session),1.0,single session,not_reported,not_reported,"The combined use of these two acupoints can harmonize yin and yang, regulate qi and blood, and finally can improve the cognitive ability of AD patients",not_reported,not_reported,Single-block experimental design with pre- and post-acupuncture resting-state fMRI in AD patients and healthy controls
29763448,arm_HC,healthy controls (HCs),healthy_control,14,14.0,Alzheimer disease (AD),,,[],,,,,,,,,,,,,,,,,,,,,,,not_reported,Single-block experimental design with pre- and post-acupuncture resting-state fMRI in AD patients and healthy controls
29904344,arm_pms_eas,PMS patients receiving EAS at SP6,verum_acupuncture,23,20.0,premenstrual syndrome (PMS),electroacupuncture,electroacupuncture,"['SP6', 'sanyinjiao']",3 cun (1 cun = 3.33 cm) directly above the tip of the medial malleoulus on the posterior border of the tibia; left leg,left leg,not_reported,not_reported,,EAS executed by inserting needle into SP6; another electrode connected to acupuncture needle superficially inserted into a point 1.0 cm away from SP6,"stainless-steel disposable needle (HuaTuo-brand, Suzhou, Jiangsu, China)",0.30 mm × 45 mm,True,not_reported,not_reported,"6 min (needle in at 6 min, needle out at 12 min per NRER paradigm figure)",6.0,6 min EAS,6.0,1 session (single EAS during scan protocol),1.0,not_reported,Deqi sensations are thought to have therapeutic effects in clinical practice; participants asked to recall Deqi sensations after fMRI scan,"keep their eyes closed, but to stay awake during the fMRI scan; after fMRI scan, asked to recall Deqi sensations and complete the VAS","According to traditional Chinese medicine (TCM), sanyinjiao (SP6) has been shown to ameliorate menstrual-related disorders, including primary dysmenorrhea and PMS; SP6 is commonly selected as the acupoint of choice for improving the physical and psychological symptoms of PMS in clinical settings","experienced and licensed acupuncturist; device type: HuaTuo-brand, SDZ-V-type, Shanghai, China",not_reported,"within-subject pre-post design; follow-up study using same patient samples as previously published manuscript (Liao et al., 2017); non-repeated event-related (NRER) paradigm"
29951105,arm_A,Group A,verum_acupuncture,11,11.0,Ischemic stroke,manual_acupuncture,not_reported,"['Baihui (GV20)', 'Fengchi (GB20)', 'Quchi (LI11)', 'Hegu (LI4)', 'Yanglingquan (GB33)', 'Zusanli (ST36)', 'Sanyinjiao (SP6)', 'Xuanzhong (GB39)']",not_reported,not_reported,not_reported,not_reported,,"gentle manipulations of thrusting, lifting, and twirling to achieve de qi (including numbness, soreness, distention, heaviness, and other sensations)",not_reported,not_reported,False,not_applicable,not_applicable,30 min,30.0,30 min,30.0,"20 sessions in all, once per day, 5 consecutive sessions, and 2 days off in a week",20.0,4 weeks,"yes; de qi including numbness, soreness, distention, heaviness, and other sensations; believed to be a crucial part of acupuncture efficacy",not_reported,"The location of the acupoints is mainly determined by the national standard of the People's Republic of China (2006), Names and Locations of Acupoints (GB/T12346-2006)",not_reported,Group assignment was unknown for patients; two blinded evaluators for clinical variables,Randomized controlled trial with two parallel groups; resting-state fMRI at baseline and post-treatment; VBM analysis
29951105,arm_B,Group B,usual_care,10,10.0,Ischemic stroke,non_acupuncture,not_applicable,[],not_applicable,not_applicable,not_applicable,not_applicable,,not_applicable,not_applicable,not_applicable,False,not_applicable,not_applicable,not_applicable,,not_reported,,not_reported,,4 weeks,not_applicable,not_reported,"Anti-platelet aggregation therapy (100 mg aspirin once per day), neuroprotective treatment (500 mg citicoline per day), and other treatments according to the clinical symptoms",not_reported,Group assignment was unknown for patients; two blinded evaluators for clinical variables,Randomized controlled trial with two parallel groups; resting-state fMRI at baseline and post-treatment; VBM analysis
30034336,TAG,true acupuncture group (TAG),verum_acupuncture,14,14.0,Parkinson's disease with tremor,manual_acupuncture,manual acupuncture with needle retention,"['DU20 (Baihui)', 'GB20 (Fengchi)', 'Chorea-Tremor Controlled Zone']","DU20 (Baihui), GB20 (Fengchi), and the Chorea-Tremor Controlled Zone located at the scalp above the front of precentral gurus, 1.5 cm before Motor Zone",bilateral and equivalent number of acupoint each time,inserted to a depth of 2.0–3.0 cm,2.0–3.0 cm,,The reinforcing-reducing method conducted by twirling was performed every 10 min within the 30-min needle retention time,stainless steel needles,not_reported,False,not_applicable,not_applicable,30-min needle retention time,30.0,not_reported,,twice weekly for 12 weeks,24.0,12 weeks,not_reported,not_reported,to alleviate tremor according to traditional Chinese medicine documents,"A single experienced acupuncturist, who was not blinded to the group assignment",Clinical evaluators remained blinded throughout the study; fMRI data analyser was blinded to the group assignment; patients were blinded during the treatment period by receiving treatment in different independent single-rooms; acupuncturist was not blinded to group assignment,"Randomized controlled trial with three parallel arms: true acupuncture group, sham acupuncture group, and waiting group"
30034336,SAG,sham acupuncture group (SAG),sham_acupuncture,14,11.0,Parkinson's disease with tremor,sham_needling,superficial sham needling at adjacent non-acupoint locations without manipulation,[],"0.5 Chinese cun next to DU20, GB20 and the Chorea-Tremor Controlled Zone",bilateral and equivalent number of acupoint each time,inserted to 0.2 cm deep,0.2 cm,2.0,no manipulation of the needle was performed during the needle retention time,not_reported,not_reported,False,not_applicable,not_applicable,not_reported,,not_reported,,twice weekly for 12 weeks,24.0,12 weeks,not_reported,not_reported,not_reported,"A single experienced acupuncturist, who was not blinded to the group assignment",Clinical evaluators remained blinded throughout the study; fMRI data analyser was blinded to the group assignment; patients were blinded during the treatment period by receiving treatment in different independent single-rooms; acupuncturist was not blinded to group assignment,"Randomized controlled trial with three parallel arms: true acupuncture group, sham acupuncture group, and waiting group"
30034336,WG,waiting group (WG),waitlist,13,10.0,Parkinson's disease with tremor,other,no acupuncture during study period,[],not_applicable,not_applicable,not_applicable,not_applicable,,not_applicable,not_applicable,not_applicable,False,not_applicable,not_applicable,not_applicable,,not_applicable,,not_applicable,,12 weeks (medication only; acupuncture effect was not evaluated),not_applicable,not_reported,not_reported,not_applicable,Clinical evaluators remained blinded throughout the study; fMRI data analyser was blinded to the group assignment; patients were blinded during the treatment period by receiving treatment in different independent single-rooms; acupuncturist was not blinded to group assignment,"Randomized controlled trial with three parallel arms: true acupuncture group, sham acupuncture group, and waiting group"
30105065,arm_AD_real,real acupuncture point group (AD patients),verum_acupuncture,14,14.0,Alzheimer's disease (AD) and mild cognitive impairment (MCI),manual_acupuncture,manual acupuncture,"['bilateral Taichong (LR3)', 'bilateral Hegu (LI4)']","Taichong (LR3): on the dorsum of the feet and in the depression anterior to the junction of the first and second metatarsals; Hegu (LI4): on the dorsum of the hands, at the midpoint on the radial side of the second metacarpal",bilateral,inserted,2 cm,20.0,"needles rotated continuously (±180°, 60 times per minute)",Stainless nonmagnetic needles,0.3 mm diameter and 25 mm long,False,not_applicable,not_applicable,three minutes (during fMRI scanning),3.0,16-minute single-block experimental design (3 min baseline + 3 min stimulation + 10 min post),16.0,single session,1.0,single session,not_reported,"stay awake, hold still, keep eyes closed, and think of nothing in particular, with hands and feet exposed for ease of acupuncture administration","Because of its curative effect on cognitive disorders, multi-acupuncture point Siguan (four gates) has been used generally in AD and MCI treatment",the same two skilled acupuncturists in synchrony,not_reported,Randomized controlled experiment with single-block fMRI design; AD and MCI patients randomly divided into real acupuncture point group and sham acupuncture point group; HC experienced only real acupuncture point stimulation
30105065,arm_AD_sham,sham acupuncture point group (AD patients),sham_acupuncture,7,7.0,Alzheimer's disease (AD) and mild cognitive impairment (MCI),sham_needling,manual acupuncture at sham points,[],four locations approximately 10 mm next to bilateral Taichong (LR3) or Hegu (LI4); sham points located 10 mm anterior to the corresponding real ones,bilateral,inserted,2 cm,20.0,"needles rotated continuously (±180°, 60 times per minute)",Stainless nonmagnetic needles,0.3 mm diameter and 25 mm long,False,not_applicable,not_applicable,three minutes (during fMRI scanning),3.0,16-minute single-block experimental design (3 min baseline + 3 min stimulation + 10 min post),16.0,single session,1.0,single session,not_reported,"stay awake, hold still, keep eyes closed, and think of nothing in particular, with hands and feet exposed for ease of acupuncture administration",not_reported,the same two skilled acupuncturists in synchrony,not_reported,Randomized controlled experiment with single-block fMRI design; AD and MCI patients randomly divided into real acupuncture point group and sham acupuncture point group; HC experienced only real acupuncture point stimulation
30105065,arm_MCI_real,real acupuncture point group (MCI patients),verum_acupuncture,8,8.0,Alzheimer's disease (AD) and mild cognitive impairment (MCI),manual_acupuncture,manual acupuncture,"['bilateral Taichong (LR3)', 'bilateral Hegu (LI4)']","Taichong (LR3): on the dorsum of the feet and in the depression anterior to the junction of the first and second metatarsals; Hegu (LI4): on the dorsum of the hands, at the midpoint on the radial side of the second metacarpal",bilateral,inserted,2 cm,20.0,"needles rotated continuously (±180°, 60 times per minute)",Stainless nonmagnetic needles,0.3 mm diameter and 25 mm long,False,not_applicable,not_applicable,three minutes (during fMRI scanning),3.0,16-minute single-block experimental design (3 min baseline + 3 min stimulation + 10 min post),16.0,single session,1.0,single session,not_reported,"stay awake, hold still, keep eyes closed, and think of nothing in particular, with hands and feet exposed for ease of acupuncture administration","Because of its curative effect on cognitive disorders, multi-acupuncture point Siguan (four gates) has been used generally in AD and MCI treatment",the same two skilled acupuncturists in synchrony,not_reported,Randomized controlled experiment with single-block fMRI design; AD and MCI patients randomly divided into real acupuncture point group and sham acupuncture point group; HC experienced only real acupuncture point stimulation
30105065,arm_MCI_sham,sham acupuncture point group (MCI patients),sham_acupuncture,6,6.0,Alzheimer's disease (AD) and mild cognitive impairment (MCI),sham_needling,manual acupuncture at sham points,[],four locations approximately 10 mm next to bilateral Taichong (LR3) or Hegu (LI4); sham points located 10 mm anterior to the corresponding real ones,bilateral,inserted,2 cm,20.0,"needles rotated continuously (±180°, 60 times per minute)",Stainless nonmagnetic needles,0.3 mm diameter and 25 mm long,False,not_applicable,not_applicable,three minutes (during fMRI scanning),3.0,16-minute single-block experimental design (3 min baseline + 3 min stimulation + 10 min post),16.0,single session,1.0,single session,not_reported,"stay awake, hold still, keep eyes closed, and think of nothing in particular, with hands and feet exposed for ease of acupuncture administration",not_reported,the same two skilled acupuncturists in synchrony,not_reported,Randomized controlled experiment with single-block fMRI design; AD and MCI patients randomly divided into real acupuncture point group and sham acupuncture point group; HC experienced only real acupuncture point stimulation
30105065,arm_HC_real,healthy control group (real acupuncture point stimulation),healthy_control,14,14.0,Alzheimer's disease (AD) and mild cognitive impairment (MCI),manual_acupuncture,manual acupuncture,"['bilateral Taichong (LR3)', 'bilateral Hegu (LI4)']","Taichong (LR3): on the dorsum of the feet and in the depression anterior to the junction of the first and second metatarsals; Hegu (LI4): on the dorsum of the hands, at the midpoint on the radial side of the second metacarpal",bilateral,inserted,2 cm,20.0,"needles rotated continuously (±180°, 60 times per minute)",Stainless nonmagnetic needles,0.3 mm diameter and 25 mm long,False,not_applicable,not_applicable,three minutes (during fMRI scanning),3.0,16-minute single-block experimental design (3 min baseline + 3 min stimulation + 10 min post),16.0,single session,1.0,single session,not_reported,"stay awake, hold still, keep eyes closed, and think of nothing in particular, with hands and feet exposed for ease of acupuncture administration",not_reported,the same two skilled acupuncturists in synchrony,not_reported,Randomized controlled experiment with single-block fMRI design; AD and MCI patients randomly divided into real acupuncture point group and sham acupuncture point group; HC experienced only real acupuncture point stimulation
30719061,arm_LR3,LR3 group,verum_acupuncture,10,10.0,Hypertension (grade 1 or 2),manual_acupuncture,manual acupuncture,['LR3 (Taichong)'],LR3 is located in the depression anterior to the junction of first and second metatarsal bones,bilateral,inserted perpendicularly,about 12.5 mm,12.5,"uniformly twisting, lifting and thrusting; manipulated for 1 min at intervals of 10 min during the treatment; all needling performed from the participants' left to the right sides","sterile acupuncture needles (HwaTo; Suzhou Medical Supplies Co., Suzhou, Jiangsu Province, China)",25.0 mm × 0.3 mm,False,not_applicable,not_applicable,30 min,30.0,30 min,30.0,once (single session),1.0,single session,"feelings like soreness, numbness, heaviness, fullness, etc.",not_reported,LR3 commonly used in clinical acupuncture treatment for hypertension,All acupuncture manipulation was performed by the same qualified and experienced doctor.,not_reported,Randomized controlled three-arm parallel-group resting-state fMRI study
30719061,arm_KI3,KI3 group,verum_acupuncture,10,10.0,Hypertension (grade 1 or 2),manual_acupuncture,manual acupuncture,['KI3 (Taixi)'],KI3 is located in the depression between the tip of the medial malleolus and the Achilles tendon,bilateral,inserted perpendicularly,about 12.5 mm,12.5,"uniformly twisting, lifting and thrusting; manipulated for 1 min at intervals of 10 min during the treatment; all needling performed from the participants' left to the right sides","sterile acupuncture needles (HwaTo; Suzhou Medical Supplies Co., Suzhou, Jiangsu Province, China)",25.0 mm × 0.3 mm,False,not_applicable,not_applicable,30 min,30.0,30 min,30.0,once (single session),1.0,single session,"feelings like soreness, numbness, heaviness, fullness, etc.",not_reported,KI3 commonly used in clinical acupuncture treatment for hypertension,All acupuncture manipulation was performed by the same qualified and experienced doctor.,not_reported,Randomized controlled three-arm parallel-group resting-state fMRI study
30719061,arm_LR3KI3,LR3+KI3 group,verum_acupuncture,10,10.0,Hypertension (grade 1 or 2),manual_acupuncture,manual acupuncture,"['LR3 (Taichong)', 'KI3 (Taixi)']",LR3: depression anterior to the junction of first and second metatarsal bones; KI3: depression between the tip of the medial malleolus and the Achilles tendon,bilateral,inserted perpendicularly,about 12.5 mm,12.5,"Needles were firstly inserted into bilateral LR3. Once the patients got acupuncture sensation, needling was manipulated at KI3 under the same procedure. All needling was performed from the participants' left to the right sides. The needle was manipulated for 1 min at intervals of 10 min during the treatment. Manipulation: uniformly twisting, lifting and thrusting.","sterile acupuncture needles (HwaTo; Suzhou Medical Supplies Co., Suzhou, Jiangsu Province, China)",25.0 mm × 0.3 mm,False,not_applicable,not_applicable,30 min,30.0,30 min,30.0,once (single session),1.0,single session,"feelings like soreness, numbness, heaviness, fullness, etc.",not_reported,LR3 and KI3 are one of the most commonly adopted paired acupoints in clinical treatment; both commonly used in clinical acupuncture treatment for hypertension,All acupuncture manipulation was performed by the same qualified and experienced doctor.,not_reported,Randomized controlled three-arm parallel-group resting-state fMRI study
30881095,arm_CLBP,patients with chronic low back pain receiving ankle acupuncture,verum_acupuncture,14,12.0,chronic low back pain (CLBP),sham_needling,tactile/non-penetrating skin stimulation,[],"ankle zone 5 of the left leg, located at the crosspoint of three-finger width above the lateral malleolus and posterior margin",left leg,no penetration; pricking the skin without penetration,not_reported,,consistently pricking the skin without penetration at the needle-insertion point for around 3 seconds; angle of 30° to the skin surface,"disposable silver acupuncture needles (0.35×40 mm; Taihe Brand, Beijing, China)",0.35×40 mm,False,not_applicable,not_applicable,not_reported,,"approximately 3 seconds for stimulation, followed by 8-minute scan",,1,1.0,single session,not intended; no characteristic needle-manipulation sensation,keep eyes closed and not think of anything in particular during scan,"Tactile stimulation was designed with the aim to control the effect of momentary sensation, as a potential confounder, upon the insertion of the needle during acupuncture manipulation",experienced acupuncturist (J. Rong) with over 20 years of clinical practice,Single-blinded,"Single-blinded, tactile-controlled, within-subject pilot study"
30914909,arm_XNKQ,XNKQ acupuncture as manual needle-stimulation on five acupuncture points,verum_acupuncture,24,24.0,Healthy volunteers (no disease condition),manual_acupuncture,manual needle-stimulation,"['PC6 (nei guan, bilateral)', 'DU26 (ren zhong, unilateral)', 'SP6 (san yin jiao, bilateral)']","PC6: 2 cun above the transverse crease of the wrist, between the tendons of radial wrist flexor and palmaris longus; DU26: at the junction of the upper 1/3 and middle 1/3 of the philtrum; SP6: 3 cun above the tip of the medial malleolus, behind the posterior border of the medial aspect of the tibia","PC6 bilateral, DU26 unilateral, SP6 bilateral",insertion with stimulation,PC6: 0.5–1.0 cun; DU26: ∼0.3–0.5 cun obliquely toward the nasal septum; SP6: ∼0.5–1.0 cun obliquely along with the medial border of the tibia,,"PC6: reducing method by lifting and thrusting with simultaneous twirling manipulation for 1 min (twirling anticlockwise with the left hand and clockwise with the right hand); DU26: bird-pecking needling until the eyes became wet or developed tears; SP6: lifting and thrusting reinforcing manipulation, thrusts with heavy strength and lifting with gentle strength for 1 min","sterile, single use, individually wrapped acupuncture needles; titanium, DongBang, Acupuncture, Inc., Boryeong, Korea",0.20 × 30 mm,False,not_applicable,not_applicable,needles were removed directly after stimulation [called 'quick needles' technique],0.0,5 min,5.0,"1 session per day, 4 sessions total across 4 days",1.0,four different days with at least 24 h in between each,deqi intended; DU26 stimulated until the eyes became wet or developed tears,"subjects were informed that they would receive acupuncture with five needles at the lower leg, the forearm, and above the upper lip on four separate days, on 2 days with stimulation of the needle and on the other two without","Xingnao Kaiqiao (XNKQ) acupuncture is a semi-standardized manual acupuncture technique developed in Tianjin, China, by Professor Shi Xuemin using a specific set of acupuncture points and strong needle-stimulation for different neuropathological conditions such as acute and chronic stroke symptoms",acupuncturist from Tianjin University of Traditional Chinese Medicine (YC) trained for 12 years and with 8 years of clinical experience; trained directly by the developer of the XNKQ acupuncture,Subjects were blinded regarding the point specificity (acupuncture points vs. non-acupuncture points). Only the subjects were blinded for the applied acupuncture conditions as well as the researchers analyzing the data during the first stages of analyses. The acupuncturist applying the manual acupuncture could not be blinded for the different conditions.,"2 × 2 factorial within-subject design, four different interventions in four different sessions (four different days with at least 24 h in between each) in a random order"
30914909,arm_pns,insertion of needles on the five XNKQ acupuncture points without stimulation,sham_acupuncture,24,24.0,Healthy volunteers (no disease condition),sham_needling,needle insertion without stimulation,"['PC6 bilaterally', 'DU26 unilaterally', 'SP6 bilaterally']",same as XNKQ acupuncture points,"PC6 bilateral, DU26 unilateral, SP6 bilateral",insertion without stimulation,not_reported,,no needle-stimulation,"sterile, single use, individually wrapped acupuncture needles; titanium, DongBang, Acupuncture, Inc., Boryeong, Korea",0.20 × 30 mm,False,not_applicable,not_applicable,not_reported,,5 min,5.0,1 session,1.0,one day within four-day protocol,not intended (no stimulation),not_reported,Control condition 1: insertion of needles without stimulation to isolate stimulation component,same acupuncturist as XNKQ,Subjects were blinded regarding the point specificity (acupuncture points vs. non-acupuncture points). Only the subjects were blinded for the applied acupuncture conditions as well as the researchers analyzing the data during the first stages of analyses. The acupuncturist applying the manual acupuncture could not be blinded for the different conditions.,"2 × 2 factorial within-subject design, four different interventions in four different sessions (four different days with at least 24 h in between each) in a random order"
30914909,arm_npws,manual needle-stimulation on five nearby non-acupuncture points,sham_acupuncture,24,24.0,Healthy volunteers (no disease condition),non_acupuncture,manual needle-stimulation,[],nearby non-acupuncture points within a radius of 2.5 cm of the respective acupuncture point; not located on a meridian or above a main nerve,"control point 1 bilateral, control point 2 unilateral, control point 3 bilateral",insertion with stimulation,not_reported,,identically to the XNKQ needle-stimulation,"sterile, single use, individually wrapped acupuncture needles; titanium, DongBang, Acupuncture, Inc., Boryeong, Korea",0.20 × 30 mm,False,not_applicable,not_applicable,not_reported,,5 min,5.0,1 session,1.0,one day within four-day protocol,not explicitly stated for control points,not_reported,Control condition 2: stimulation on non-acupuncture points to isolate point location component,same acupuncturist as XNKQ,Subjects were blinded regarding the point specificity (acupuncture points vs. non-acupuncture points). Only the subjects were blinded for the applied acupuncture conditions as well as the researchers analyzing the data during the first stages of analyses. The acupuncturist applying the manual acupuncture could not be blinded for the different conditions.,"2 × 2 factorial within-subject design, four different interventions in four different sessions (four different days with at least 24 h in between each) in a random order"
30914909,arm_npns,insertion of needles on five non-acupuncture points without stimulation,sham_acupuncture,24,24.0,Healthy volunteers (no disease condition),non_acupuncture,needle insertion without stimulation,[],same non-acupuncture points as control condition 2,"control point 1 bilateral, control point 2 unilateral, control point 3 bilateral",insertion without stimulation,not_reported,,no manual needle-stimulation,"sterile, single use, individually wrapped acupuncture needles; titanium, DongBang, Acupuncture, Inc., Boryeong, Korea",0.20 × 30 mm,False,not_applicable,not_applicable,not_reported,,5 min,5.0,1 session,1.0,one day within four-day protocol,not intended,not_reported,Control condition 3: insertion without stimulation on non-acupuncture points (double control),same acupuncturist as XNKQ,Subjects were blinded regarding the point specificity (acupuncture points vs. non-acupuncture points). Only the subjects were blinded for the applied acupuncture conditions as well as the researchers analyzing the data during the first stages of analyses. The acupuncturist applying the manual acupuncture could not be blinded for the different conditions.,"2 × 2 factorial within-subject design, four different interventions in four different sessions (four different days with at least 24 h in between each) in a random order"
30914919,arm_acupuncture,acupuncture,verum_acupuncture,20,15.0,experimentally induced histamine itch in healthy volunteers,manual_acupuncture,manual acupuncture,"['LI11', 'SP10', 'PC6', 'HT7', 'ST36']",arm and leg of the participant's non-dominant side,non-dominant side,true penetration,"LI11, 20 mm; SP10, 15 mm; PC6, 15 mm; HT7, 6 mm; ST36, 20 mm",,manipulated for 9 s repeated every 5 min over 20 min; tonifying and reducing involving bidirectional rotation (1 Hz),sterile stainless steel needles,"0.20 mm in diameter, 30 mm in length",False,not_applicable,not_applicable,20 min,20.0,20 min,20.0,1 per crossover condition,1.0,experiments separated by 7 days,not_reported,not_reported,"LI11 and SP10 are used frequently to treat itch in clinical and experimental studies. To induce activation of the PNS, HT7 and PC6 were chosen. ST36 is the most frequently used acupoint for immune regulation and anti-inflammatory effects, and reducing SNS.",The same doctor of Korean medicine with a certified license performed all acupuncture treatments,Participants blinded to treatment condition; placebo-controlled; blinding assessed with Bang's blinding index,"randomized, sham-controlled, crossover trial"
30914919,arm_placebo,placebo,sham_acupuncture,20,15.0,experimentally induced histamine itch in healthy volunteers,sham_needling,tactile stimulation,[],"arm and leg using the same meridian system, but not acknowledged as acupoints by textbooks",non-dominant side,no penetration; gentle tapping,not_applicable,,gentle tapping with a size 5.46 von Frey filament every 5 min over 20 min,not_applicable,size 5.46 von Frey filament,False,not_applicable,not_applicable,not_applicable,,20 min,20.0,1 per crossover condition,1.0,experiments separated by 7 days,not_reported,not_reported,"Placebo acupoints were on the arm and leg using the same meridian system, but not acknowledged as acupoints by textbooks.",The same doctor of Korean medicine with a certified license performed all acupuncture treatments,Participants blinded to treatment condition; placebo-controlled; blinding assessed with Bang's blinding index,"randomized, sham-controlled, crossover trial"
30914919,arm_responder,responder,other,10,,experimentally induced histamine itch in healthy volunteers,,,[],,,,,,,,,,,,,,,,,,,,,,,Participants blinded to treatment condition; placebo-controlled; blinding assessed with Bang's blinding index,"randomized, sham-controlled, crossover trial"
30914919,arm_nonresponder,non-responder,other,10,,experimentally induced histamine itch in healthy volunteers,,,[],,,,,,,,,,,,,,,,,,,,,,,Participants blinded to treatment condition; placebo-controlled; blinding assessed with Bang's blinding index,"randomized, sham-controlled, crossover trial"
31011330,arm_CM,CM patients,verum_acupuncture,35,14.0,Chronic migraine (CM) without aura,manual_acupuncture,manual acupuncture,"['SJ5 (bilateral)', 'GB20 (bilateral)', 'GB8 (bilateral)', 'ST8 (bilateral)']",not_reported,bilateral,inserted into the principal acupoints,5–15 mm,,to elicit the de qi sensation,Disposable stainless-steel acupuncture needles,0.22 × 25 mm,False,not_applicable,not_applicable,30 minutes,30.0,30 minutes,30.0,36 acupuncture treatments,36.0,thrice weekly for 3 months,yes; to elicit the de qi sensation,not_reported,Eight acupoints were selected for the standardized acupuncture protocol,not_reported,not_reported,Longitudinal pre- and postacupuncture treatment (PPAT) study with healthy control comparison group; resting-state fMRI
31011330,arm_HC,HC group,healthy_control,25,18.0,Chronic migraine (CM) without aura,,,[],,,,,,,,,,,,,,,,,,,,,,,not_reported,Longitudinal pre- and postacupuncture treatment (PPAT) study with healthy control comparison group; resting-state fMRI
31636536,arm_REAL,REAL,verum_acupuncture,33,25.0,Non-specific low back pain,manual_acupuncture,Manual acupuncture needle insertion and manipulation,"['bilateral SP13', 'left SP11', 'left ST36']","bilateral SP13, left SP11, and left ST36",bilateral SP13; left SP11; left ST36,Inserted at acupoints,2–3 cm,,"Stimulated each needle in a random order; 2 s per stimulation at 1 Hz rotation (±180°), five stimulations per acupoint, inter-stimulation interval = 7.9 ± 1.7 s",MR-compatible acupuncture needles,"diameter = 0.3 mm, length = 30 mm; DongBang Co., Seongnam, South Korea",False,not_applicable,not_applicable,not_reported,,7 min,7.0,1,1.0,Single session within one MRI visit,Manipulated using the traditional technique by an acupuncturist to induce acupuncture (deqi) sensations,Told that they would be stimulated with acupuncture needles,Acupoints chosen by a licensed and experienced acupuncturist based on their clinical effectiveness and easy access during the fMRI scanning,A licensed and experienced acupuncturist; acupuncturist who were trained for the stimulation paradigm,Not explicitly described; patients in PHNT were told they would be stimulated with real acupuncture needles; needling credibility assessed retrospectively via in-depth interview,Randomized controlled trial; parallel-group fMRI study with two continuous pain runs (LBEpre and LBEpost) before and after acupuncture stimulation
31636536,arm_PHNT,PHNT,sham_acupuncture,23,18.0,Non-specific low back pain,phantom_acupuncture,No physical needling; mimicked needling ritual with visual feedback,[],"Same acupoint locations as REAL (bilateral SP13, left SP11, left ST36) mimicked without actual needles",not_reported,"No penetration; acupuncturist mimicked the needling ritual (i.e., insertion and manipulation) without actual needles",not_applicable,,Acupuncturist pretended to stimulate the needles according to the stimulation paradigm,No needles used,not_applicable,False,not_applicable,not_applicable,not_applicable,,7 min,7.0,1,1.0,Single session within one MRI visit,No actual needling; vicarious acupuncture (deqi) sensations may be induced via visual feedback and expectation,Told that they would be stimulated with acupuncture needles (same instruction given to REAL group); told that the needles had been inserted,Procedure designed to build needling credibility based on the previous video-body link (during setup) and visual feedback (during the run) without any somatosensory needling afference,Same acupuncturist as REAL; trained for the stimulation paradigm,Not explicitly described; patients in PHNT were told they would be stimulated with real acupuncture needles; needling credibility assessed retrospectively via in-depth interview,Randomized controlled trial; parallel-group fMRI study with two continuous pain runs (LBEpre and LBEpost) before and after acupuncture stimulation
32194493,arm_acupuncture,acupuncture group,verum_acupuncture,,41.0,Migraine without aura (MwoA),manual_acupuncture,manual acupuncture with sterile disposable steel needles,"['GV20 (Baihui)', 'GV24 (Shenting)', 'bilateral GB13 (Benshen)', 'GB8 (Shuaigu)', 'GB20 (Fengchi)']",not_reported,"bilateral for GB13, GB8, GB20; midline for GV20, GV24",not_reported,not_reported,,not_reported,sterile disposable steel needles,"gauge and size: 0.25 mm × 25 mm; Hwato Needles, Suzhou, China",False,not_applicable,not_applicable,30 min per session,30.0,30 min,30.0,three acupuncture sessions each week for 4 weeks,12.0,4 weeks (week 5 to week 8),not_reported,Participants were allowed to take acute headache medication during this study and were required to record the details,The acupuncture points were selected based in accordance with information collected from a vast number of Chinese medicine reference books and the consensus of acupuncture experts based on their clinical experiences,"all treatments were performed by one acupuncturist, who was registered with the Ministry of Health of the People's Republic of China and had more than 20 years of clinical experience",not_reported in detail for the acupuncture group analyzed here; single-blinded referenced in prior study citation,Randomized controlled trial with two phases: a baseline period (week 1 to week 4) and a treatment period (week 5 to week 8); two brain imaging sessions
32194493,arm_sham,sham acupuncture group,sham_acupuncture,,,Migraine without aura (MwoA),sham_needling,not_reported in main text; described in Supplementary Materials,[],sham acupuncture points shown in Methods in Supplementary Materials,not_reported,not_reported,not_reported,,not_reported,not_reported,not_reported,,not_applicable,not_applicable,not_reported,,not_reported,,not_reported,,not_reported,not_reported,not_reported,not_reported,not_reported,not_reported in detail for the acupuncture group analyzed here; single-blinded referenced in prior study citation,Randomized controlled trial with two phases: a baseline period (week 1 to week 4) and a treatment period (week 5 to week 8); two brain imaging sessions
32377180,arm_contra,contralateral acupuncture group (contra-group),verum_acupuncture,12,12.0,"Chronic shoulder pain (CSP), unilateral (left-sided)",manual_acupuncture,Manual acupuncture,['ST 38 (Tiaokou)'],Contralateral (non-painful) side; right side ST 38,"Contralateral to pain (right side, as all patients had left-sided pain)",not_reported,not_reported,,Manual acupuncture was applied to achieve the Deqi sensation,"Single-use disposable needles (Huatuo, Suzhou Medical Co. Ltd., Jiangsu, China)",not_reported,False,not_applicable,not_applicable,20 minutes,20.0,approximately 20 minutes,20.0,a single acupuncture treatment session,1.0,One day (all procedures completed in one day),"Yes; Deqi sensation defined as a sensation of soreness, numbness, distention, or radiating that indicates effective needling","The patients were required to actively move their painful side shoulder with abduction, internal, and external rotation through the 20 minutes of acupuncture treatment","According to the ancient and modern acupuncture books recorded, the Tiaokou (ST 38) was commonly used as a crucial distal acupoint to relieve the symptoms of shoulder pain. This method is named opposite needling. It refers to acupuncture points on the right side are selected for diseases on the left side and vice versa.",not_reported,"The patients, outcome assessors, and statisticians were blinded to treatment allocation","Randomized, controlled trial using fMRI scan to evaluate the effectiveness and mechanism of a single acupuncture session contralateral or ipsilateral to the CSP"
32377180,arm_ipsi,ipsilateral acupuncture group (ipsi-group),verum_acupuncture,12,8.0,"Chronic shoulder pain (CSP), unilateral (left-sided)",manual_acupuncture,Manual acupuncture,['ST 38 (Tiaokou)'],Ipsilateral (painful) side; left side ST 38,"Ipsilateral to pain (left side, as all patients had left-sided pain)",not_reported,not_reported,,Manual acupuncture was applied to achieve the Deqi sensation,"Single-use disposable needles (Huatuo, Suzhou Medical Co. Ltd., Jiangsu, China)",not_reported,False,not_applicable,not_applicable,20 minutes,20.0,approximately 20 minutes,20.0,a single acupuncture treatment session,1.0,One day (all procedures completed in one day),"Yes; Deqi sensation defined as a sensation of soreness, numbness, distention, or radiating that indicates effective needling","The patients were required to actively move their painful side shoulder with abduction, internal, and external rotation through the 20 minutes of acupuncture treatment",not_reported,not_reported,"The patients, outcome assessors, and statisticians were blinded to treatment allocation","Randomized, controlled trial using fMRI scan to evaluate the effectiveness and mechanism of a single acupuncture session contralateral or ipsilateral to the CSP"
32612281,arm_sham,sham group,sham_acupuncture,6,,Healthy animals (no disease model),sham_needling,sham electroacupuncture (needles connected to stimulator but no stimulation delivered),"['ST36 (Zusanli)', 'ST37 (Shangjuxu)']","bilateral Zusanli (ST36) (cathode) and Shangjuxu (ST37) (anode), subcutaneously inserted",bilateral,subcutaneously inserted,subcutaneous,,no manipulation; needles connected to Trio 300 electrical stimulator but electrical stimulation was not administered,acupuncture needles,not_reported,False,not_applicable,not_applicable,20 min,20.0,20 min each day,20.0,5 consecutive days,5.0,5 consecutive days,not_reported,anesthetized with 2% isoflurane,sham control without electrical stimulation,not_reported,not_reported,Randomized controlled animal experiment (Sprague-Dawley rats) with three parallel groups
32612281,arm_st36,Zusanli (ST36) group,verum_acupuncture,6,,Healthy animals (no disease model),electroacupuncture,electroacupuncture,"['ST36 (Zusanli)', 'ST37 (Shangjuxu)']",intramuscularly at ST36 (cathode) and ST37 (anode),bilateral,intramuscularly,intramuscular,,electric stimulation of 2 Hz (constant rectangle in output mode and 150 μs in wave width); intensity sufficient to cause visible muscle twitching,acupuncture needles,not_reported,True,2 Hz,sufficient to cause visible muscle twitching,20 min,20.0,20 min each day,20.0,5 consecutive days,5.0,5 consecutive days,not_reported (animal study; visible muscle twitching used as indicator),anesthetized with 2% isoflurane,investigate point specificity of 2 Hz EA at ST36,not_reported,not_reported,Randomized controlled animal experiment (Sprague-Dawley rats) with three parallel groups
32612281,arm_pc6,Neiguan (PC6) group,verum_acupuncture,6,,Healthy animals (no disease model),electroacupuncture,electroacupuncture,"['PC6 (Neiguan)', 'PC5']",bilateral PC6 (cathode) and PC5 (anode),bilateral,intramuscularly (same procedure as ST36 group),intramuscular,,electric stimulation of 2 Hz (constant rectangle in output mode and 150 μs in wave width); intensity sufficient to cause visible muscle twitching,acupuncture needles,not_reported,True,2 Hz,sufficient to cause visible muscle twitching,20 min,20.0,20 min each day,20.0,5 consecutive days,5.0,5 consecutive days,not_reported (animal study; visible muscle twitching used as indicator),anesthetized with 2% isoflurane,investigate point specificity of 2 Hz EA at PC6,not_reported,not_reported,Randomized controlled animal experiment (Sprague-Dawley rats) with three parallel groups
32807158,S_Acu,"single acupoints group (S-Acu group, bilateral HT-7)",verum_acupuncture,43,15.0,Primary insomnia (PI),electroacupuncture,electroacupuncture,"['HT-7 (Shenmen), bilateral']",not_reported,bilateral,inserted,10 mm,10.0,"Another silver needle was inserting at a distance of 1 cm from the acupoint. The handle of these two needles were connected to an electro-acupuncture machine (Suzhou Medical Appliance Factory, China) with a frequency of 4 Hz and an intensity that maintained the De-Qi sensation",sterile and reusable acupuncture silver needles,25 × 0.35 mm,True,4 Hz,intensity that maintained the De-Qi sensation,30 min each time,30.0,30 min each time,30.0,five times per week for 5 weeks,25.0,5 weeks,intensity that maintained the De-Qi sensation,not_reported,HT-7 is the point with the highest frequency of use,acupuncturist who has been engaged in clinical acupuncture for more than 3 years,patient-assessor-blinded,"patient-assessor-blinded, randomized and sham controlled trial"
32807158,M_Acu,"multi-acupoints group (M-Acu group, combination of bilateral HT-7, bilateral SP-6 and single GV-20)",verum_acupuncture,43,15.0,Primary insomnia (PI),electroacupuncture,electroacupuncture,"['HT-7 (Shenmen), bilateral', 'SP-6 (Sanyinjiao), bilateral', 'GV-20 (Baihui), single']",not_reported,bilateral for HT-7 and SP-6; single (midline) for GV-20,inserted,10 mm for bilateral points; GV-20 at a depth of 5–8 mm,,"Another silver needle was inserting at a distance of 1 cm from the acupoint. The handle of these two needles were connected to an electro-acupuncture machine (Suzhou Medical Appliance Factory, China) with a frequency of 4 Hz and an intensity that maintained the De-Qi sensation",sterile and reusable acupuncture silver needles,25 × 0.35 mm,True,4 Hz,intensity that maintained the De-Qi sensation,30 min each time,30.0,30 min each time,30.0,five times per week for 5 weeks,25.0,5 weeks,intensity that maintained the De-Qi sensation,not_reported,SP-6 and GV-20 are often used with HT-7 as combination regimen according to the Traditional Chinese Medicine (TCM) theory and clinical experience of acupuncture therapists,acupuncturist who has been engaged in clinical acupuncture for more than 3 years,patient-assessor-blinded,"patient-assessor-blinded, randomized and sham controlled trial"
32807158,N_Acu,"Non-acupoint group (N-Acu group, bilateral sham point at the junction point between the biceps brachii muscle and deltoid muscle)",sham_acupuncture,43,15.0,Primary insomnia (PI),sham_needling,electroacupuncture,[],junction point between the biceps brachii muscle and deltoid muscle,bilateral,inserted,10 mm,10.0,"Another silver needle was inserting at a distance of 1 cm from the acupoint. The handle of these two needles were connected to an electro-acupuncture machine (Suzhou Medical Appliance Factory, China) with a frequency of 4 Hz and an intensity that maintained the De-Qi sensation",sterile and reusable acupuncture silver needles,25 × 0.35 mm,True,4 Hz,intensity that maintained the De-Qi sensation,30 min each time,30.0,30 min each time,30.0,five times per week for 5 weeks,25.0,5 weeks,intensity that maintained the De-Qi sensation,not_reported,a sham point used as control group to exclude the placebo effect of acupuncture,acupuncturist who has been engaged in clinical acupuncture for more than 3 years,patient-assessor-blinded,"patient-assessor-blinded, randomized and sham controlled trial"
33013312,arm_real,Real acupuncture group,verum_acupuncture,22,20.0,Primary dysmenorrhea (PDM),manual_acupuncture,manual acupuncture,['sanyinjiao (SP6)'],"SP6 is located on the tibial aspect of the leg, posterior to the medial border of the tibia and 3 cun (proportional bone cun), above the medial malleolus",not_reported,"yes, needle inserted 1.0-1.2 cun",1.0-1.2 cun,,"gently twisted, lifted and thrust with even amplitude, force and speed four to six times until deqi was obtained; manipulation repeated twice every 10 min for 30 s each time",stainless needles,0.25 × 40 mm,False,not_applicable,not_applicable,30 min,30.0,not_reported,,"once a day, 7 days in a session, 3 sessions over 3 menstrual cycles",21.0,3 menstrual cycles; acupuncture treatments started 7 days before the beginning of menses and did not stop until the onset of the next menstruation,"yes; soreness, numbness, distension and heaviness",not_reported,SP6 was selected based on data mining from our previous review and expert opinions,two licensed acupuncturists with over 3 years of experience,All patients and study staff were blinded to the treatment groups. Only the acupuncturist was not blinded.,"Longitudinal randomized controlled trial with two parallel arms (real and sham acupuncture), with resting-state fMRI at baseline and post-treatment"
33013312,arm_sham,Sham acupuncture group,sham_acupuncture,20,15.0,Primary dysmenorrhea (PDM),sham_needling,sham needling,[],midpoint between the stomach and gall bladder meridians in the same level of SP6 and xuanzhong (GB39),not_reported,"yes, needle inserted (similar procedure to real acupuncture)",not_reported,,no needle manipulation was performed after needle insertion,not_reported,not_reported,False,not_applicable,not_applicable,30 min,30.0,not_reported,,"once a day, 7 days in a session, 3 sessions over 3 menstrual cycles",21.0,3 menstrual cycles; acupuncture treatments started 7 days before the beginning of menses and did not stop until the onset of the next menstruation,no; deqi sensation was not obtained,not_reported,An adjacent sham acupoint located at the midpoint between the stomach and gall bladder meridians in the same level of SP6 and xuanzhong (GB39) was selected in the sham group,two licensed acupuncturists with over 3 years of experience,All patients and study staff were blinded to the treatment groups. Only the acupuncturist was not blinded.,"Longitudinal randomized controlled trial with two parallel arms (real and sham acupuncture), with resting-state fMRI at baseline and post-treatment"
33146953,arm_FPI,female PI patients (FPIs),verum_acupuncture,18,18.0,Primary insomnia (PI),electroacupuncture,electroacupuncture,['HT-7'],bilateral acupoints HT-7,bilateral,inserted,15–20 mm,,"handle of the needle was connected to an EA machine (Suzhou Medical Appliance Factory, China) with a frequency of 15 Hz and an intensity of 1 (9 V, ≤10 mA); De-Qi sensation elicited",sterile and reusable acupuncture silver needle,25 × 0.35 mm,True,15 Hz,"intensity of 1 (9 V, ≤10 mA)",30 min each time,30.0,30 min each time,30.0,five times per week for 5 weeks,25.0,5 weeks,"yes; De-Qi sensation elicited; MASS adopted to rate De-Qi sensations; sensations including soreness, numbness, heaviness, warmth, coldness, sharp pain, and dull pain were scored",not_reported,"HT-7, an acupoint proved effective and widely used in clinical treatment","professional acupuncturist, who had engaged in clinical acupuncture for more than 3 years",not_reported,Clinical trial with resting-state fMRI; within-subject pre-post design with gender-stratified comparison
33146953,arm_MPI,male PI patients (MPIs),verum_acupuncture,12,12.0,Primary insomnia (PI),electroacupuncture,electroacupuncture,['HT-7'],bilateral acupoints HT-7,bilateral,inserted,15–20 mm,,"handle of the needle was connected to an EA machine (Suzhou Medical Appliance Factory, China) with a frequency of 15 Hz and an intensity of 1 (9 V, ≤10 mA); De-Qi sensation elicited",sterile and reusable acupuncture silver needle,25 × 0.35 mm,True,15 Hz,"intensity of 1 (9 V, ≤10 mA)",30 min each time,30.0,30 min each time,30.0,five times per week for 5 weeks,25.0,5 weeks,"yes; De-Qi sensation elicited; MASS adopted to rate De-Qi sensations; sensations including soreness, numbness, heaviness, warmth, coldness, sharp pain, and dull pain were scored",not_reported,"HT-7, an acupoint proved effective and widely used in clinical treatment","professional acupuncturist, who had engaged in clinical acupuncture for more than 3 years",not_reported,Clinical trial with resting-state fMRI; within-subject pre-post design with gender-stratified comparison
33314799,arm_EA,Electroacupuncture (EA),verum_acupuncture,,,Fibromyalgia (FM),electroacupuncture,low frequency electroacupuncture,"['right side LI-11', 'right side LI-4', 'left side GB-34', 'left side SP-6', 'bilateral ST-36', 'Du-20', 'right ear shenmen', 'left LV-3']","predominantly leg acupoints; also arm, scalp, ear",right side LI-11 to LI-4; left side GB-34 to SP-6; bilateral ST-36; Du-20; right ear shenmen; left LV-3,needle insertion,not_reported,,"low intensity and frequency electrical stimulation using constant-current electro-acupuncture device (AS SUPER 4 Digital Needle Stimulator); pulse width 1 ms, frequency 2 Hz, shape biphasic rectangular; current intensity set at midpoint between sensory and pain thresholds",not_reported,not_reported,True,2 Hz,"midpoint between sensory and pain thresholds, set individually per patient per session",25 minutes per session,25.0,25 minutes,25.0,8 treatments over four weeks (twice a week),8.0,4 weeks,yes; de qi assessed via MASS after each treatment,verbal instructions standardized across all treatments (Supplementary Methods B and C); participants blindfolded and supine,"selection of acupuncture sites based on predominant FM symptoms including multisite pain; headache, gastrointestinal pain and dysfunction; disrupted sleep; and chronic fatigue","three trained acupuncturists (H.B., M.D.B., and H.S.) with board certification from the National Certification Commission for Acupuncture and Oriental Medicine","participants were blindfolded during treatments; acupuncturist informed of allocation via sealed envelope not accessible to principal investigators, study staff, or data analysts","single-center, blinded, sham controlled, randomized non-crossover longitudinal neuroimaging study"
33314799,arm_ML,Mock Laser acupuncture (ML),sham_acupuncture,,,Fibromyalgia (FM),laser_acupuncture,"mock laser; no physical contact, no somatosensory afference","['same acupoints as EA: right side LI-11, right side LI-4, left side GB-34, left side SP-6, bilateral ST-36, Du-20, right ear shenmen, left LV-3']",same acupoints as EA,same as EA,no physical contact between device and skin,not_applicable,,"laser acupuncture device (VitaLaser 650, Lhasa OMS) manually positioned approximately 1-2 cm over acupoints; no palpation prior to positioning; laser turned off during actual treatment",not_applicable,not_applicable,False,not_applicable,not_applicable,25 minutes,25.0,25 minutes,25.0,8 treatments over four weeks (twice a week),8.0,4 weeks,no; designed to generate no somatosensory afference,verbal instructions standardized across all treatments (Supplementary Methods B and C); participants blindfolded and supine; laser light demonstrated at first visit to enhance credibility; participants not informed about sham or placebo at consent,participants were led to believe that both EA and ML are viable treatments for FM; procedures constituted IRB authorized deception; all participants were fully debriefed after the final MRI visit,"three trained acupuncturists (H.B., M.D.B., and H.S.) with board certification from the National Certification Commission for Acupuncture and Oriental Medicine","participants were blindfolded during treatments; acupuncturist informed of allocation via sealed envelope not accessible to principal investigators, study staff, or data analysts","single-center, blinded, sham controlled, randomized non-crossover longitudinal neuroimaging study"
33384580,arm_NC,Control group (NC),healthy_control,25,23.0,Diarrhea-dominant Irritable Bowel Syndrome (IBS-D),,,[],,,,,,,,,,,,,,,,,,,,,,,not_reported,"Prospective study with pre-post design; IBS-D patients scanned before and after acupuncture stimulation, compared with normal controls"
33384580,arm_IBSbs,IBSbs group,verum_acupuncture,43,24.0,Diarrhea-dominant Irritable Bowel Syndrome (IBS-D),non_acupuncture,none,[],not_applicable,not_applicable,not_applicable,not_applicable,,not_applicable,not_applicable,not_applicable,False,not_applicable,not_applicable,not_applicable,,not_applicable,,not_applicable,,not_applicable,not_applicable,not_reported,not_applicable,not_applicable,not_reported,"Prospective study with pre-post design; IBS-D patients scanned before and after acupuncture stimulation, compared with normal controls"
33384580,arm_IBS1st,IBS1st group,verum_acupuncture,29,24.0,Diarrhea-dominant Irritable Bowel Syndrome (IBS-D),manual_acupuncture,"manual acupuncture with lifting, thrusting and twirling manipulation","['bilateral Bai Hui (DU20)', 'Yin Tang (EX-HN3)', 'Tai Chong (LR3)', 'Zu Sanli (ST36)', 'San Yinjiao (SP6)', 'Tian Shu (ST25)', 'Shang Juxu (ST37)']","DU20 and EX-HN3 on head; ST36, ST37, SP6 on lower limbs; ST25 on abdomen; LR3 on foot",bilateral for Bai Hui (DU20); bilateral implied for paired points,penetrating,"DU20: 0.5–0.8 cun obliquely; EX-HN3: 0.2–0.3 cun obliquely; ST36, ST37, SP6: 1 cun; ST25: 1–1.5 cun; LR3: 0.5 cun",,"lifting, thrusting and twirling; needles manipulated twice every 10 min with intermittent stimulation, intermittent stimulation lasted for 10 s",sterile acupuncture needles,diameter of 0.3 mm and a length of 40 mm,False,not_applicable,not_applicable,30 min before being pulled out in each session,30.0,30 min,30.0,every other day (up to three times a week) for 6 consecutive weeks,,6 consecutive weeks,"Yes; optimal acupuncture response named Deqi (a sensation of soreness, numbness, fullness, and heaviness, and/or adjacent muscle twitching)",not_reported,Acupuncture could modulate hypothalamus-limbic systems; gastrointestinal dysfunction caused by IBS might be associated with disorders of hypothalamus-limbic nervous systems; acupoints determined according to the point localization method issued by the World Health Organization (WHO),Acupuncturists with more than 6 years of clinical experience,not_reported,"Prospective study with pre-post design; IBS-D patients scanned before and after acupuncture stimulation, compared with normal controls"
33551385,arm_real_acu,real acupuncture stimulation with manual manipulation,verum_acupuncture,13,13.0,healthy volunteers,manual_acupuncture,manual acupuncture with bidirectional rotation,['Hegu (LI-4)'],dorsum of the right hand radial to the midpoint of the second metacarpal bone,right,inserted to a depth of approximately 15 mm,approximately 15 mm,15.0,manually rotated bidirectionally approximately 180° at 1 Hz,non-magnetic silver needle,"0.20 mm in diameter, 39-mm long; Asahi Iryouki, Saitama, Japan",False,not_applicable,not_applicable,needle inserted before beginning the fMRI scan run and rotated during stimulation blocks,,343 s total scan time,,one fMRI run,1.0,five 15-s stimulation blocks within 343-s scan,not_reported,not_reported,not_reported,a single licensed and experienced acupuncturist,not_reported,Two-group parallel study; within one group two conditions (sham acupuncture and scrubbing) were applied to the same subjects
33551385,arm_sham_scrub,sham acupuncture and palm scrubbing tactical stimulations,sham_acupuncture,13,13.0,healthy volunteers,sham_needling,tactile stimulation; gentle tapping with a 5.88 von Frey monofilament,['LI-4'],skin surface at LI-4,right,skin surface only (no penetration),skin surface,0.0,gentle tapping continuously applied at approximately 4 Hz during stimulation block,5.88 von Frey monofilament,not_reported,False,not_applicable,not_applicable,not_reported,,343 s total scan time,,one fMRI run,1.0,five 15-s stimulation blocks within 343-s scan,not_reported,not_reported,Sham stimulation has been used as a tactile stimulus in the previous studies of fMRI,a single licensed and experienced acupuncturist,not_reported,Two-group parallel study; within one group two conditions (sham acupuncture and scrubbing) were applied to the same subjects
33560579,arm_effective,effective acupuncture on the SP3 point,verum_acupuncture,15,12.0,Healthy volunteers (no disease condition),manual_acupuncture,manual acupuncture,['SP3 (Taibai)'],SP3 is located at the proximal end of the first metatarsophalangeal joint in the metatarsal region,Unilateral (right),penetrating,5–8 mm,,twisting angle was 180° ± 20°; needle was twisted for 20 s with 1-min interval (with needle retained),Tiny disposable stainless-steel needles,"0.25 × 40 mm2; Suzhou Medical Supplies Factory Co., China",False,not_applicable,not_applicable,15 min,15.0,15 min,15.0,one session per day over two days (within-subject crossover),1.0,two days,yes; effective acupuncture session was performed on the right SP3 point for 15 min after getting a significant needle reaction (Deqi),participants were asked to remain awake and to not think about anything; questioned concerning their experience during acupuncture to confirm they were relaxed,SP3 point belongs to the spleen channel according to TCM meridian and collateral theory; selected unilateral acupuncture on the right side relevant to the dominant hemisphere,same experienced acupuncturist,Sequence of acupuncture was blinded to all participants,Within-subject crossover explorative resting-state fMRI study with pseudorandom order of effective and sham acupuncture sessions
33560579,arm_sham,sham acupuncture,sham_acupuncture,15,12.0,Healthy volunteers (no disease condition),sham_needling,sham acupuncture,[],approximately 10 mm anterior to SP3 in the metatarsal region,Unilateral (right),shallow penetrating (1–3 mm depth only),1–3 mm,,same manipulation technique as the effective acupuncture session,Tiny disposable stainless-steel needles,"0.25 × 40 mm2; Suzhou Medical Supplies Factory Co., China",False,not_applicable,not_applicable,15 min,15.0,15 min,15.0,one session per day over two days (within-subject crossover),1.0,two days,no; without achieving Deqi,participants were asked to remain awake and to not think about anything; questioned concerning their experience during acupuncture to confirm they were relaxed,"sham acupuncture session used the same manipulation technique as the effective acupuncture session but depth of needling was only 1–3 mm, without achieving Deqi",same experienced acupuncturist,Sequence of acupuncture was blinded to all participants,Within-subject crossover explorative resting-state fMRI study with pseudorandom order of effective and sham acupuncture sessions
33664320,arm_CON,CON (control),healthy_control,,,Normal mice (pain threshold and brain neural activity experiments); no disease model,other,immobilization only,[],not_applicable,not_applicable,not_applicable,not_applicable,,not_applicable,not_applicable,not_applicable,False,not_applicable,not_applicable,not_applicable,,10 min,10.0,single session,1.0,single session,not_applicable,immobilized in a clear acrylic holder for 10 min to induce an equal amount of stress,to induce an equal amount of stress,not_reported,All immunohistochemistry procedures were performed blind to minimize observer bias,"Animal experimental study (mouse model); within-subject and between-group comparisons across CON, ACU, and ACU+U groups"
33664320,arm_CON_U,CON+U (U0126 administration),other,,,Normal mice (pain threshold and brain neural activity experiments); no disease model,,,[],,,,,,,,,,,,,,,,,,,,,,,All immunohistochemistry procedures were performed blind to minimize observer bias,"Animal experimental study (mouse model); within-subject and between-group comparisons across CON, ACU, and ACU+U groups"
33664320,arm_ACU,ACU (acupuncture treatment),verum_acupuncture,,,Normal mice (pain threshold and brain neural activity experiments); no disease model,manual_acupuncture,manual acupuncture with bidirectional rotation,"['GB34 (Yangneungcheon, Yanglingquan)']",depression anterior and distal to the head of the fibula,bilateral,"yes, inserted to a depth of 3 mm",3 mm,3.0,needles were turned at a rate of two spins per second for 10 s (one spin consists of 180° clockwise rotation and 180° counter-clockwise rotation) and removed 10 min later; for hot plate test: turned bi-directionally for 30 s at every 2.5 min,"acupuncture needles (Haenglim-seoweon Acuneedle Co., Gyeonggi-do, Republic of Korea)",8 mm in length and 0.18 mm in diameter,False,not_applicable,not_applicable,10 min,10.0,10 min,10.0,single session,1.0,single session,not_reported,mice were immobilized in a clear acrylic holder,GB34 is known to have an effect on motor dysfunction and pain,not_reported,All immunohistochemistry procedures were performed blind to minimize observer bias,"Animal experimental study (mouse model); within-subject and between-group comparisons across CON, ACU, and ACU+U groups"
33664320,arm_ACU_U,ACU+U (U0126 administration followed by acupuncture treatment),verum_acupuncture,,,Normal mice (pain threshold and brain neural activity experiments); no disease model,manual_acupuncture,peripheral MEK/MAPK inhibitor (U0126) injection 15 min before manual acupuncture,"['GB34 (Yangneungcheon, Yanglingquan)']",depression anterior and distal to the head of the fibula,bilateral,"yes, inserted to a depth of 3 mm",3 mm,3.0,needles were turned at a rate of two spins per second for 10 s (one spin consists of 180° clockwise rotation and 180° counter-clockwise rotation) and removed 10 min later,"acupuncture needles (Haenglim-seoweon Acuneedle Co., Gyeonggi-do, Republic of Korea)",8 mm in length and 0.18 mm in diameter,False,not_applicable,not_applicable,10 min,10.0,10 min,10.0,single session,1.0,single session,not_reported,"mice were immobilized in a clear acrylic holder; U0126 (MEK/MAPK inhibitor, 8 μg/10 μl) injected into GB34 acupoint 15 min before acupuncture treatment",to block ERK expression by acupuncture,not_reported,All immunohistochemistry procedures were performed blind to minimize observer bias,"Animal experimental study (mouse model); within-subject and between-group comparisons across CON, ACU, and ACU+U groups"
33664320,arm_ACU_C,ACU+C (CPZ administration followed by acupuncture treatment),verum_acupuncture,,,Normal mice (pain threshold and brain neural activity experiments); no disease model,,,[],,,,,,,,,,,,,,,,,,,,,,,All immunohistochemistry procedures were performed blind to minimize observer bias,"Animal experimental study (mouse model); within-subject and between-group comparisons across CON, ACU, and ACU+U groups"
33664320,arm_ACU_D,ACU+D (DPCPX administration followed by acupuncture treatment),verum_acupuncture,,,Normal mice (pain threshold and brain neural activity experiments); no disease model,,,[],,,,,,,,,,,,,,,,,,,,,,,All immunohistochemistry procedures were performed blind to minimize observer bias,"Animal experimental study (mouse model); within-subject and between-group comparisons across CON, ACU, and ACU+U groups"
33664320,arm_NACU,N-ACU (acupuncture treatment at non-acupoint on the hips),sham_acupuncture,,,Normal mice (pain threshold and brain neural activity experiments); no disease model,sham_needling,manual acupuncture at non-acupoint,[],hips,not_reported,not_reported,not_reported,,not_reported,not_reported,not_reported,False,not_applicable,not_applicable,not_reported,,not_reported,,single session,1.0,single session,not_reported,not_reported,used as negative control for acupuncture treatment,not_reported,All immunohistochemistry procedures were performed blind to minimize observer bias,"Animal experimental study (mouse model); within-subject and between-group comparisons across CON, ACU, and ACU+U groups"
33776442,arm_EA,postgraduate students with mild depression receiving electroacupuncture at GV20,verum_acupuncture,22,20.0,mild depression,electroacupuncture,electroacupuncture,['GV20 (Baihui)'],GV20 acupoint on the head (Baihui),midline,penetrating; tip bent 15° to the front to reach the aponeurosis cap,20mm,20.0,"needle handle connected to low-frequency pulse therapy instrument (Huatuo brand, Model G6805-2, Suzhou China) through a special wire; continuous wave, frequency 2Hz, current 3mA, take the endurance of the subjects as the limit",Sterile non-magnetic 14K gold needle,"0.2 × 35 mm, Huatuo, Suzhou, China",True,"2Hz, continuous wave","3mA, take the endurance of the subjects as the limit",15 minutes,15.0,EA stimulation duration 5 minutes; whole procedure lasted 40 min,40.0,single session,1.0,single session,acupuncture sensation of soreness assessed by VAS after experiment,keep their eyes closed and stay awake during the scanning process; be relaxed and breathe peacefully with their heads fixed by foam headrests to reduce active or passive movements,GV20 widely used to treat mental disorders in Traditional Chinese Medicine (TCM); single acupoint selected to clarify specificity of this acupoint,an experienced (more than 5 years) and licensed acupuncturist,not reported,"quasi-experimental, within-subject repeated-measures design"
34108856,arm_RA,real acupuncture group,verum_acupuncture,,19.0,Primary dysmenorrhea (PDM),manual_acupuncture,manual acupuncture,"['SP6', 'Sanyinjiao']",bilateral SP6,bilateral,perpendicular insertion,1–1.5 cun,,"twirling needles bidirectionally from 90° to 180° to induce the De qi sensation; needles inserted at 1, 3, 5, and 7 min, twirled at 2, 4, and 6 min (at a rate of approximately 120 times per minute), then left in place at the end of 7 min",disposable stainless steel acupuncture needles,not_reported,False,not_applicable,not_applicable,7 min total duration; needles also retained during post-acupuncture rest 2 scan,7.0,7 min,7.0,not_reported for single-session imaging; 8 weeks of real or sham acupuncture treatment,,8 weeks,yes; twirled to induce the De qi sensation,"patients instructed to keep their whole body still, especially the head; patients had not previously received acupuncture and could not distinguish which acupoints were being stimulated",acupuncture at Sanyinjiao (SP6) effectively relieves dysmenorrhea,licensed and experienced acupuncturists,"Patients, assessors, and statisticians blinded to groupings",Randomized controlled trial with task-state and resting-state fMRI
34108856,arm_SA,sham acupuncture group,sham_acupuncture,,15.0,Primary dysmenorrhea (PDM),sham_needling,sham acupuncture at non-acupoint,[],midway between SP6 and the Urinary Bladder Meridian,not_reported,perpendicular insertion,1–1.5 cun,,"twirling needles bidirectionally from 90° to 180°; needles inserted at 1, 3, 5, and 7 min, twirled at 2, 4, and 6 min (at a rate of approximately 120 times per minute), then left in place at the end of 7 min",disposable stainless steel acupuncture needles,not_reported,False,not_applicable,not_applicable,7 min total duration; needles also retained during post-acupuncture rest 2 scan,7.0,7 min,7.0,not_reported for single-session imaging; 8 weeks of real or sham acupuncture treatment,,8 weeks,not_reported,"patients instructed to keep their whole body still, especially the head; patients had not previously received acupuncture and could not distinguish which acupoints were being stimulated",non-acupoint without known clinical effects,licensed and experienced acupuncturists,"Patients, assessors, and statisticians blinded to groupings",Randomized controlled trial with task-state and resting-state fMRI
34122321,arm_MwoA,patients with MwoA,verum_acupuncture,40,34.0,migraine without aura (MwoA),electroacupuncture,acupuncture with electroacupuncture at selected points,"['Baihui (DU20)', 'Taiyang (EX-HN5)', 'bilateral Fengchi (GB20)', 'Shuaigu (GB8)', 'Xuanlu (GB5)', 'Toulinqi (GB15)', 'Hegu (LI4)', 'Taichong (LR3)']","head (DU20, EX-HN5, GB20, GB8, GB5, GB15), hand (LI4), foot (LR3)","bilateral for GB20, GB8; not_reported for other points",needle inserted to achieve the Deqi sensation,not_reported,,needles inserted to achieve the Deqi sensation; electric stimulation applied at GB20 and GB8 bilaterally,"Sterile, single-use acupuncture needles","length 25–40 mm, diameter 0.25 mm",True,2 Hz,varied from 0.1 to 1.0 mA until the patient felt comfortable,20 min per session,20.0,each lasting 20 min,20.0,12 sessions,12.0,2 sessions per week for 6 weeks,yes; needles inserted to achieve the Deqi sensation,"All patients agreed not to take any regular medications for migraine for the duration of the study. In the event of severe pain, ibuprofen (as 300-mg sustained-release capsules) was allowed as rescue medication.",Acupoints were selected according to the Chinese guidelines for acupuncture in patients with migraine and those used in previous randomized controlled trials. A migraine attack is usually unilateral and related to the circulation of the gallbladder meridian of foot Shaoyang.,Two licensed acupuncturists administered all the acupuncture treatments,not_reported,Single-arm intervention study with matched healthy controls; resting-state fMRI obtained at three timepoints in migraine group and one timepoint in healthy controls; 6 weeks acupuncture treatment followed by 24 weeks follow-up
34122321,arm_HC,healthy controls (HCs),healthy_control,16,15.0,migraine without aura (MwoA),,,[],,,,,,,,,,,,,,,,,,,,,,,not_reported,Single-arm intervention study with matched healthy controls; resting-state fMRI obtained at three timepoints in migraine group and one timepoint in healthy controls; 6 weeks acupuncture treatment followed by 24 weeks follow-up
34431029,arm_CG,control group (CG),waitlist,20,12.0,Depression (DSM-V criteria),non_acupuncture,pharmacological (antidepressants),[],not_applicable,not_applicable,not_applicable,not_applicable,,not_applicable,not_applicable,not_applicable,False,not_applicable,not_applicable,not_applicable,,not_applicable,,not_applicable,,3 weeks waiting period before receiving acupuncture,not_applicable,not_reported,wait-list control to avoid the nocebo effect,not_reported,Only the accessor was blinded throughout the whole study,Randomized controlled trial; open-label with wait-list control group
34431029,arm_TG,treatment group (TG),verum_acupuncture,50,8.0,Depression (DSM-V criteria),manual_acupuncture,manual acupuncture plus pharmacological (antidepressants),"['Taichong 太衝 (LR 3)*2', 'Ligou 蠡沟 (LR 5)*2', 'Zhongdu 中都 (LR6)*2', 'Xiguan 膝關 (LR 7)*2', 'Ququan 曲泉 (LR 8)*2', 'Zhangmen 章門 (LR13)*2', 'Qimen 期門 (LR14)*2']",bilateral lower limbs and trunk (liver meridian points),bilateral (*2 regards to acupoints on the both sides of the body),inserted through a short plastic tube,15-20 mm,,"to-and-fro rotation of the needles for 10 s after insertion, then left in situ",Needles (Huanqiu),0.25 mm × 40 mm,False,not_applicable,not_applicable,30 min,30.0,30 min needle retention per session,30.0,6 sessions (twice per week for 3 consecutive weeks),6.0,3 weeks,"De-qi sensation (a tingling, numbness, and heaviness feelings) was triggered",not_reported,Soothing liver-qi stagnation (疏肝解鬱) - TCM treatment principle 'Smoothen the Liver Qi' for LQS syndrome,An acupuncturist with >3 years of experience performed all acupuncture treatments,Only the accessor was blinded throughout the whole study,Randomized controlled trial; open-label with wait-list control group
34483822,arm_acupuncture,Acupuncture manipulation,verum_acupuncture,20,17.0,Healthy volunteers,manual_acupuncture,manual acupuncture with twirling/twisting,"['Hegu (LI-4)', 'Large intestine 4 (LI4)']",midpoint on the radial side of the second metacarpal,Random acupuncture on the right or left hand at the Hegu acupoint was conducted to avoid bias of acupuncture site,inserted to a certain depth,not_reported,,"Twirling method; twisting is mainly manipulated by the thumb to push forward with force, within a range of 90°–180°, with a frequency of 2 Hz",single-use sterile acupuncture needle,not_reported,False,not_applicable,not_applicable,Needle retained during pre-manipulation tactile control (5 min) and post-manipulation tactile control (5 min) in addition to the 2 min manipulation period,,2 min (acupuncture manipulation only),2.0,Single session,1.0,Single session experiment (~22 min total),Yes; deqi sensation was intended and evaluated as a behavioral index,Subjects were asked to keep relaxed and to keep their heads still during the experiment; subjects were asked to maintain awake and rest,The Hegu acupoint (LI-4) is considered the basic neural acupuncture unit for regulating the central nervous system according to TCM,experienced acupuncturist,not_reported,"Quasi-experimental within-subject design with five conditions (pre-acupuncture rest control, pre-manipulation tactile control, acupuncture manipulation, post-manipulation tactile control, post-acupuncture rest control)"
34671239,TA,True Acupuncture (TA),verum_acupuncture,25,,Menstrual migraine without aura (MMoA),manual_acupuncture,Manual acupuncture,"['GB20 (Fengchi)', 'GB8 (Shuaigu)', 'PC6 (Neiguan)', 'SP6 (Sanyinjiao)', 'LR3 (Taichong)']",Bilateral puncturing of acupoints,Bilateral,Penetrating,approximately 0.5-1.5 cm; GB20 punctured obliquely 0.8 to 1.2 cm toward to apex nasi; GB8 punctured horizontally 0.5 to 0.8 cm; PC6 punctured perpendicularly 0.5 to 1 cm; SP6 punctured perpendicularly 0.5 to 1.5 cm; LR3 punctured perpendicularly 0.5 to 1 cm,,Needles were twisted and rotated (90° < amplitude < 180°) at a frequency of 1-2 Hz. Stimulation was repeated one to three times to achieve the Deqi sensation,"Single-use stainless steel filiform needles (Hwato Needles, Sino-foreign Joint Venture Suzhou Hua Tuo Medical Instruments Co., China)",25-40 mm in length and 0.25-0.30 mm in diameter,False,not_applicable,not_applicable,30 min per session,30.0,30 min,30.0,27 or 27 ± 6 sessions according to changes in their menstrual cycle; 9 ± 2 times per menstrual cycle,27.0,3 menstrual cycles (28 days or 28 ± 7 days per cycle); 12 weeks total,"Yes; Deqi sensation intended (a sensation of soreness, numbness, distention, or radiating that indicates effective needling)",not_reported,Acupoints selected according to traditional classic and systematic reviews of ancient and modern literature of acupuncture for MMoA upon several consensus meetings with experts based on experiences from previous study,Two specialized acupuncturists with at least 5 years of training and 3 years of experience; implemented acupuncture therapy in both groups in turns,Not fully described; participants in SA group did not experience Deqi; blinding of outcome assessors not explicitly described,Randomized clinical trial with two parallel arms; resting-state fMRI pre- and post-treatment
34671239,SA,Sham Acupuncture (SA),sham_acupuncture,25,,Menstrual migraine without aura (MMoA),sham_needling,Sham acupuncture at non-acupoints,[],Non-acupoints; see non_acupoint_locations_exact,Bilateral (implied from Table 1),Penetrating (all sham points punctured perpendicularly 0.5 to 1 cm),0.5 to 1 cm perpendicularly for all non-acupoints,,not_reported explicitly for SA; subjects in the SA group did not experience Deqi,"Single-use stainless steel filiform needles (Hwato Needles, Sino-foreign Joint Venture Suzhou Hua Tuo Medical Instruments Co., China)",25-40 mm in length and 0.25-0.30 mm in diameter,False,not_applicable,not_applicable,30 min per session,30.0,30 min,30.0,27 or 27 ± 6 sessions according to changes in their menstrual cycle; 9 ± 2 times per menstrual cycle,27.0,3 menstrual cycles (28 days or 28 ± 7 days per cycle); 12 weeks total,No; subjects in the SA group did not experience Deqi,not_reported,Non-acupoints chosen were used in previous studies for migraine prophylaxis,Two specialized acupuncturists with at least 5 years of training and 3 years of experience; implemented acupuncture therapy in both groups in turns,Not fully described; participants in SA group did not experience Deqi; blinding of outcome assessors not explicitly described,Randomized clinical trial with two parallel arms; resting-state fMRI pre- and post-treatment
34720908,arm_IBSD,IBS-D,verum_acupuncture,74,64.0,Diarrhea-Predominant Irritable Bowel Syndrome (IBS-D),manual_acupuncture,manual acupuncture,"['Baihui (GV20)', 'Yintang (GV29)', 'Taichong (LR3)', 'Zusanli (ST36)', 'Sanyinjiao (SP6)', 'Tianshu (ST25)', 'Shangjuxu (ST37)']",not_reported,not_reported,Insertion described per acupoint,"SP6, ST36, and ST37 (25 mm), ST25 (25 to 40 mm), LR3 (15 mm), GV20, and GV29 (15 mm)",,"The twirling, lifting, and thrusting were manipulated once every 10 min, for three times",Disposable sterile needles,"30 mm × 40 mm, Hwato, Suzhou, China",False,not_applicable,not_applicable,30 min each time,30.0,30 min each time,30.0,18 times total,18.0,"6 weeks (once every other day, three times a week)","to obtain deqi sense with soreness, numbness, heaviness, and distention",not_reported,previously been reported to be effective for IBS-D patients,the same professional acupuncturist with more than 2 years of clinical experience,not_reported,Prospective observational study with pre-post comparison in IBS-D patients and cross-sectional comparison with healthy controls; resting-state fMRI
34720908,arm_HC,HCs,healthy_control,31,29.0,Diarrhea-Predominant Irritable Bowel Syndrome (IBS-D),other,none,[],not_applicable,not_applicable,not_applicable,not_applicable,,not_applicable,not_applicable,not_applicable,False,not_applicable,not_applicable,not_applicable,,not_applicable,,not_applicable,,not_applicable,not_applicable,not_reported,not_applicable,not_applicable,not_reported,Prospective observational study with pre-post comparison in IBS-D patients and cross-sectional comparison with healthy controls; resting-state fMRI
34949986,arm_CLBP,patients with CLBP,other,27,19.0,Chronic low back pain (CLBP),,,[],,,,,,,,,,,,,,,,,,,,,,,Participants were acupuncture naïve and were informed that there would be 'different forms' of acupuncture during fMRI. The needles used for AAS and TSA were identical. Locations of needle stimulation were taped with medical adhesive tape. Participants lay supine with vision of distal body regions blocked by MRI head coil. Blinding success was validated at the end of the study.,Within-subject crossover design; participants received both tactile sham acupuncture (TSA) and ankle acupuncture stimulation (AAS) in pseudo-randomized order
34949986,arm_HC,healthy volunteers,healthy_control,25,19.0,Chronic low back pain (CLBP),,,[],,,,,,,,,,,,,,,,,,,,,,,Participants were acupuncture naïve and were informed that there would be 'different forms' of acupuncture during fMRI. The needles used for AAS and TSA were identical. Locations of needle stimulation were taped with medical adhesive tape. Participants lay supine with vision of distal body regions blocked by MRI head coil. Blinding success was validated at the end of the study.,Within-subject crossover design; participants received both tactile sham acupuncture (TSA) and ankle acupuncture stimulation (AAS) in pseudo-randomized order
35048524,arm_cnsp,patients with CNSP,verum_acupuncture,30,30.0,Chronic neck and shoulder pain (CNSP),manual_acupuncture,manual acupuncture,"['GB20', 'GB21', 'S13', 'LU7', 'Jingtong', 'Jiantong', 'BL62']",not_reported,not_reported,perpendicular to the surface of the skin,20–30 mm,,"stimulate the relevant acupoints for 30 min using a comfortable strength until deqi sensation (soreness, numbness, distention, and heaviness) was obtained",not_reported,not_reported,False,not_applicable,not_applicable,30 min,30.0,about 30 mins,30.0,20 sessions,20.0,four weeks,"yes; deqi sensation (soreness, numbness, distention, and heaviness) was obtained",patients in supine position,not_reported,"trained, licensed acupuncturist with at least 5 years of clinical experience, who was blinded to this study",Clinical pain experts assessing diagnosis were blinded to the study; acupuncturist was blinded to the study; clinical psychologist conducting neuropsychological assessments was blinded to experimental procedures,Prospective pre-post within-subject neuroimaging study with matched healthy control comparison group
35048524,arm_hc,HCs,healthy_control,30,30.0,Chronic neck and shoulder pain (CNSP),,,[],,,,,,,,,,,,,,,,,,,,,,,Clinical pain experts assessing diagnosis were blinded to the study; acupuncturist was blinded to the study; clinical psychologist conducting neuropsychological assessments was blinded to experimental procedures,Prospective pre-post within-subject neuroimaging study with matched healthy control comparison group
35096130,arm_verum_ea,Electroacupuncture at bilateral uterine points (EX-CA1),verum_acupuncture,20,20.0,Healthy volunteers; no disease condition,electroacupuncture,electroacupuncture,['EX-CA1 (bilateral uterine points)'],"Less abdomen, outside the uterus",Bilateral,directly inserted into the skin for about 25 mm,about 25 mm,25.0,"After needling qi, connect the Huatuo brand electroacupuncture instrument to both uterine points",Huatuo brand disposable acupuncture needle,0.25 * 40 mm,True,"continuous wave, frequency 1 Hz",not_reported,keep the needle for 20 min,20.0,20 min,20.0,not_reported (single session implied),,not_reported,After needling qi (implies deqi was elicited),Volunteers lie flat on the treatment bed and expose their small abdomen,"Uterine acupoint (ex-ca1) has the effects of warming the uterus and regulating menstruation, promoting qi and relieving pain, raising Yang, and lifting depression. It is widely used to treat gynecological diseases such as irregular menstruation, dysmenorrhea, infertility, and uterine prolapse.",All 20 volunteers were operated by the same acupuncturist,not_reported,Within-subject pre-post design; 20 healthy female subjects underwent fMRI before and after electroacupuncture at bilateral uterine points (EX-CA1)
35115998,arm_KOA,patients with KOA,verum_acupuncture,15,15.0,Knee osteoarthritis (KOA) with chronic pain,manual_acupuncture,manual acupuncture,['EX-LE5'],not_reported,not_reported,not_reported,not_reported,,not_reported,not_reported,not_reported,False,not_applicable,not_applicable,not_reported,,6 min 50 s (task-state fMRI acquisition during stimulation),,single session,1.0,single session within MRI scanner,"When the participants received de-qi sensation (soreness, numbness, fullness, and heaviness)","lie down with their eyes closed, keep their minds relaxed, and not fall asleep during the scanning",EX-LE5 acupoint is considered effective in treating KOA,not_reported,not_reported,Within-subject pre-post design with between-group comparison (patients with KOA vs healthy controls); resting-state fMRI acquired before and after acupuncture stimulation
35115998,arm_HC,healthy controls (HC),healthy_control,15,15.0,Knee osteoarthritis (KOA) with chronic pain,manual_acupuncture,manual acupuncture,['EX-LE5'],not_reported,not_reported,not_reported,not_reported,,not_reported,not_reported,not_reported,False,not_applicable,not_applicable,not_reported,,not_reported,,single session,1.0,single session within MRI scanner,"When the participants received de-qi sensation (soreness, numbness, fullness, and heaviness)","lie down with their eyes closed, keep their minds relaxed, and not fall asleep during the scanning",EX-LE5 acupoint is considered effective in treating KOA,not_reported,not_reported,Within-subject pre-post design with between-group comparison (patients with KOA vs healthy controls); resting-state fMRI acquired before and after acupuncture stimulation
35153654,arm_tinnitus,chronic tinnitus patients,verum_acupuncture,33,17.0,chronic tinnitus,manual_acupuncture,manual_acupuncture,"['SI 19 (Tinggong)', 'GB 2 (Tinghui)', 'TE 17 (Yifeng)', 'GB 8 (Shuaigu)', 'R 2 (Ermigen)', 'GB 20 (Fengchi)', 'TE 3 (Zhongzhu)']",ipsilateral side with tinnitus,ipsilateral,not_reported,not_reported,,the acupuncturist manipulated the needle within the tolerance of the subject until the subjects obtained the deqi sensation without sharp pain,disposable sterile needle,0.35 mm in diameter and 40 mm in length,False,not_applicable,not_applicable,30 min,30.0,30 min,30.0,12 sessions,12.0,4 weeks (3 times per week),yes; deqi sensation was sought,"all patients were instructed to avoid starting other interventions; patients didn't receive other supplementary medicine, electroacupuncture, or moxibustion throughout the course of acupuncture",,specialized and licensed acupuncturists (Jun Yang and Bixiang Zha),not_reported,Resting-state fMRI study; chronic tinnitus patients measured before and after acupuncture; compared with age- and sex-matched normal subjects
35153654,arm_control,normal subjects,healthy_control,22,22.0,chronic tinnitus,,,[],,,,,,,,,,,,,,,,,,,,,,,not_reported,Resting-state fMRI study; chronic tinnitus patients measured before and after acupuncture; compared with age- and sex-matched normal subjects
35310583,G1,"the first group, which is the short-term flaccid paralysis group, and their duration was less than two months",verum_acupuncture,6,6.0,Stroke with flaccid paralysis (upper limb hemiplegia),electroacupuncture,electroacupuncture,"['Shousanli', 'Hegu', 'Quchi']",not_reported,not_reported,inserted vertically,not_reported,,"After the acupuncture needle was inserted, electrical stimulation was performed at a frequency of 2 Hz",acupuncture needles,not_reported,True,2 Hz,not_reported,not_reported,,20 minutes,20.0,one session per subject,1.0,not_reported,not_reported,not_reported,based on the theory 'treating flaccid paralysis by yangming alone' (referenced from [25]),not_reported,not_reported,"Within-subject observational/experimental study; three patient groups stratified by duration of flaccid paralysis; single session electroacupuncture with EEG recorded before, during, and after treatment"
35310583,G2,"the second group, which is the mid-term flaccid paralysis group, whose duration was 2-6 months",verum_acupuncture,6,6.0,Stroke with flaccid paralysis (upper limb hemiplegia),electroacupuncture,electroacupuncture,"['Shousanli', 'Hegu', 'Quchi']",not_reported,not_reported,inserted vertically,not_reported,,"After the acupuncture needle was inserted, electrical stimulation was performed at a frequency of 2 Hz",acupuncture needles,not_reported,True,2 Hz,not_reported,not_reported,,20 minutes,20.0,one session per subject,1.0,not_reported,not_reported,not_reported,based on the theory 'treating flaccid paralysis by yangming alone' (referenced from [25]),not_reported,not_reported,"Within-subject observational/experimental study; three patient groups stratified by duration of flaccid paralysis; single session electroacupuncture with EEG recorded before, during, and after treatment"
35310583,G3,"the third group, which is the long-term flaccid paralysis group, and their duration was more than 6 months",verum_acupuncture,6,6.0,Stroke with flaccid paralysis (upper limb hemiplegia),electroacupuncture,electroacupuncture,"['Shousanli', 'Hegu', 'Quchi']",not_reported,not_reported,inserted vertically,not_reported,,"After the acupuncture needle was inserted, electrical stimulation was performed at a frequency of 2 Hz",acupuncture needles,not_reported,True,2 Hz,not_reported,not_reported,,20 minutes,20.0,one session per subject,1.0,not_reported,not_reported,not_reported,based on the theory 'treating flaccid paralysis by yangming alone' (referenced from [25]),not_reported,not_reported,"Within-subject observational/experimental study; three patient groups stratified by duration of flaccid paralysis; single session electroacupuncture with EEG recorded before, during, and after treatment"
35312785,arm_MWoA,MWoA,verum_acupuncture,,11.0,"Migraine (migraine without aura [MWoA], migraine with aura [MWA], chronic migraine [CM])",electroacupuncture,Biphasic electrical pulse waves at 50 Hz applied subcutaneously in the bilateral occipital scalp region (C2 dermatome area),[],"bilateral occipital scalp regions (C2 dermatome area, innervated mainly by the greater occipital nerve)",bilateral,subcutaneously inserted,approximately 15 to 20 mm,15.0,Biphasic electrical pulse waves applied; intensity adjusted to just below the threshold of muscle contraction; needles not placed at any acupoints,"SEIRIN, Shizuoka, Japan","length, 50 mm; diameter, 0.18 mm",True,50 Hz,adjusted to just below the threshold of muscle contraction,15 minutes,15.0,15 minutes,15.0,once a week for 3 months,,3 months,not_reported,not_reported,Stimulates the small branches of the nerve within the subcutaneous tissue of the C2 area innervated mainly by the greater occipital nerve,An acupuncturist (SI) with 9 years of experience,Open label; no sham group,Prospective clinical study
35312785,arm_MWA,MWA,verum_acupuncture,,3.0,"Migraine (migraine without aura [MWoA], migraine with aura [MWA], chronic migraine [CM])",electroacupuncture,Biphasic electrical pulse waves at 50 Hz applied subcutaneously in the bilateral occipital scalp region (C2 dermatome area),[],"bilateral occipital scalp regions (C2 dermatome area, innervated mainly by the greater occipital nerve)",bilateral,subcutaneously inserted,approximately 15 to 20 mm,15.0,Biphasic electrical pulse waves applied; intensity adjusted to just below the threshold of muscle contraction; needles not placed at any acupoints,"SEIRIN, Shizuoka, Japan","length, 50 mm; diameter, 0.18 mm",True,50 Hz,adjusted to just below the threshold of muscle contraction,15 minutes,15.0,15 minutes,15.0,once a week for 3 months,,3 months,not_reported,not_reported,Stimulates the small branches of the nerve within the subcutaneous tissue of the C2 area innervated mainly by the greater occipital nerve,An acupuncturist (SI) with 9 years of experience,Open label; no sham group,Prospective clinical study
35312785,arm_CM,CM,verum_acupuncture,,6.0,"Migraine (migraine without aura [MWoA], migraine with aura [MWA], chronic migraine [CM])",electroacupuncture,Biphasic electrical pulse waves at 50 Hz applied subcutaneously in the bilateral occipital scalp region (C2 dermatome area),[],"bilateral occipital scalp regions (C2 dermatome area, innervated mainly by the greater occipital nerve)",bilateral,subcutaneously inserted,approximately 15 to 20 mm,15.0,Biphasic electrical pulse waves applied; intensity adjusted to just below the threshold of muscle contraction; needles not placed at any acupoints,"SEIRIN, Shizuoka, Japan","length, 50 mm; diameter, 0.18 mm",True,50 Hz,adjusted to just below the threshold of muscle contraction,15 minutes,15.0,15 minutes,15.0,once a week for 3 months,,3 months,not_reported,not_reported,Stimulates the small branches of the nerve within the subcutaneous tissue of the C2 area innervated mainly by the greater occipital nerve,An acupuncturist (SI) with 9 years of experience,Open label; no sham group,Prospective clinical study
35312785,arm_HC,Healthy Control,healthy_control,24,23.0,"Migraine (migraine without aura [MWoA], migraine with aura [MWA], chronic migraine [CM])",other,none,[],not_applicable,not_applicable,not_applicable,not_applicable,,not_applicable,not_applicable,not_applicable,False,not_applicable,not_applicable,not_applicable,,not_applicable,,not_applicable,,3-month interval,not_applicable,not_reported,not_applicable,not_applicable,Open label; no sham group,Prospective clinical study
35464313,arm_all_fd,all FD patients,verum_acupuncture,,115.0,functional dyspepsia (FD),manual_acupuncture,manual acupuncture,"['ST36', 'CV12']",not_reported,not_reported,not_reported,not_reported,,manual acupuncture,disposable sterile stainless-steel needles,25–40 × 0.25 mm,False,not_applicable,not_applicable,30 min,30.0,30 min,30.0,20 sessions,20.0,4 weeks (five sessions per week),one study used acupuncture ST36 with Deqi as the treatment group and without Deqi as the control group,not_reported,not_reported,two licensed acupuncturists with experience of over 3 years,not_reported for this secondary analysis; original trials had controlled designs,secondary data analysis of two randomized controlled neuroimaging trials
35464313,arm_higher_response,higher response group,verum_acupuncture,,66.0,functional dyspepsia (FD),,,[],,,,,,,,,,,,,,,,,,,,,,,not_reported for this secondary analysis; original trials had controlled designs,secondary data analysis of two randomized controlled neuroimaging trials
35464313,arm_lower_response,lower response group,verum_acupuncture,,49.0,functional dyspepsia (FD),,,[],,,,,,,,,,,,,,,,,,,,,,,not_reported for this secondary analysis; original trials had controlled designs,secondary data analysis of two randomized controlled neuroimaging trials
35557556,arm_groupA,Group A (acupoints on the meridian directly related to the Heart),verum_acupuncture,15,15.0,Chronic stable angina pectoris (CSAP),manual_acupuncture,manual acupuncture,"['bilateral Neiguan (PC6)', 'bilateral Tongli (HT5)']",not_reported,bilateral,needles were inserted into the acupoints 5–15 mm perpendicularly,5–15 mm perpendicularly,,"lifted and thrusted the needles with an amplitude of 3–5 mm, twirled the needles in 90–180° to achieve deqi sensation; needles manipulated every 10 min for 2 times, with each time taking 10–15 s",1.5 cun filiform acupuncture needles,"diameter 0.25 mm, length 40 mm",False,not_applicable,not_applicable,30 min,30.0,30 min,30.0,10 acupuncture treatments (5 consecutive days per week for 2 weeks),10.0,2 weeks,"yes, to achieve deqi sensation",not_reported,acupoints on the meridian directly related to the Heart,One licensed acupuncturist with more than 5 years of clinical experience,not_reported,Randomized controlled trial with parallel groups; resting-state fMRI study with 2-week baseline phase and 2-week treatment phase
35557556,arm_groupB,Group B (acupoints on the meridian indirectly related to the Heart),active_control,15,14.0,Chronic stable angina pectoris (CSAP),manual_acupuncture,manual acupuncture,"['bilateral Yangxi (LI5)', 'bilateral Pianli (LI6)']",not_reported,bilateral,needles were inserted into the acupoints 5–15 mm perpendicularly,5–15 mm perpendicularly,,"lifted and thrusted the needles with an amplitude of 3–5 mm, twirled the needles in 90–180° to achieve deqi sensation; needles manipulated every 10 min for 2 times, with each time taking 10–15 s",1.5 cun filiform acupuncture needles,"diameter 0.25 mm, length 40 mm",False,not_applicable,not_applicable,30 min,30.0,30 min,30.0,10 acupuncture treatments (5 consecutive days per week for 2 weeks),10.0,2 weeks,"yes, to achieve deqi sensation",not_reported,acupoints on the meridian indirectly related to the Heart,One licensed acupuncturist with more than 5 years of clinical experience,not_reported,Randomized controlled trial with parallel groups; resting-state fMRI study with 2-week baseline phase and 2-week treatment phase
35557556,arm_HS,Healthy subjects (HS),healthy_control,65,65.0,Chronic stable angina pectoris (CSAP),,,[],,,,,,,,,,,,,,,,,,,,,,,not_reported,Randomized controlled trial with parallel groups; resting-state fMRI study with 2-week baseline phase and 2-week treatment phase
35557556,arm_CSAP_all,All CSAP patients (enrolled),other,37,37.0,Chronic stable angina pectoris (CSAP),,,[],,,,,,,,,,,,,,,,,,,,,,,not_reported,Randomized controlled trial with parallel groups; resting-state fMRI study with 2-week baseline phase and 2-week treatment phase
35585920,arm_A,group A (CV12 group),verum_acupuncture,19,18.0,functional dyspepsia (FD),manual_acupuncture,manual acupuncture,['Zhongwan (CV12)'],"on the anterior median line of the upper abdomen, 4 cun above the navel",midline,not_reported,not_reported,,"not_reported (see Yin et al., 2017 for protocol)",disposable sterile filiform needles,25–40 × 0.25 mm,False,not_applicable,not_applicable,not_reported,,not_reported,,five acupuncture treatments per week for 4 weeks,20.0,4 weeks,not_reported,not_reported,He-Mu point combination; Zhongwan (CV12) is among the most commonly used acupoints for treating gastrointestinal diseases,two licensed acupuncturists with more than 6 years of clinical experience and who had received specialized acupuncture training in the selection of acupoints and standard acupuncture operating procedures,Patients were blinded to the group assignment; researchers blinded until completion of statistical analysis,randomized controlled neuroimaging trial
35585920,arm_B,group B (ST36 group),verum_acupuncture,19,15.0,functional dyspepsia (FD),manual_acupuncture,manual acupuncture,['Zusanli (ST36)'],"on the anterior lateral side of the shank, 3 cun below Dubi (ST35), one horizontally placed finger distance lateral to the anterior border of the tibia",not_reported,not_reported,not_reported,,"not_reported (see Yin et al., 2017 for protocol)",disposable sterile filiform needles,25–40 × 0.25 mm,False,not_applicable,not_applicable,not_reported,,not_reported,,five acupuncture treatments per week for 4 weeks,20.0,4 weeks,not_reported,not_reported,He-Mu point combination; Zusanli (ST36) is among the most commonly used acupoints for treating gastrointestinal diseases,two licensed acupuncturists with more than 6 years of clinical experience and who had received specialized acupuncture training in the selection of acupoints and standard acupuncture operating procedures,Patients were blinded to the group assignment; researchers blinded until completion of statistical analysis,randomized controlled neuroimaging trial
35734477,arm_patient,Patient Group,verum_acupuncture,,63.0,Ischemic stroke with motor dysfunction (hemiplegia),manual_acupuncture,manual acupuncture,['Yanglingquan (GB34)'],"On the outside of the lower leg, in the middle of the concavity of the anterior and inferior parts of the fibula head",Affected side,Vertically inserted,1.5–2 Cun (about 25–40 mm depending on the height and weight of a participant),,Mild reinforcing–reducing method at a frequency of 1 Hz for 1 min,Disposable sterile silver needles,φ0.40 × 40 mm,False,not_applicable,not_applicable,Needle remaining inside the leg during 8-min post-stimulation phase; removed and disposed of after acupuncture scanning,,10 s post-onset resting phase + 1 min manual stimulation + 8 min post-stimulation phase,,1 (single session during fMRI scanning),1.0,Single session on day of scanning,not_reported,Close eyes without engaging in any mental task; kept awake during whole scanning procedure,"GB34 is the He-Sea point of the gall bladder meridian (Foot-Shaoyang), the confluence point of tendons; one of the main points in post-stroke acupuncture approaches; most commonly used acupoint to study mechanism of acupuncture stimulation in stroke based on fMRI",not_reported,not_reported,"Single-center cross-sectional fMRI study with within-subject multiple scan conditions (resting state, motor task, acupuncture task) in two groups (post-stroke inpatient patients and healthy controls)"
35734477,arm_control,Control Group,healthy_control,,42.0,Ischemic stroke with motor dysfunction (hemiplegia),manual_acupuncture,manual acupuncture,['Yanglingquan (GB34)'],"On the outside of the lower leg, in the middle of the concavity of the anterior and inferior parts of the fibula head",Left side,Vertically inserted,1.5–2 Cun (about 25–40 mm depending on the height and weight of a participant),,Mild reinforcing–reducing method at a frequency of 1 Hz for 1 min,Disposable sterile silver needles,φ0.40 × 40 mm,False,not_applicable,not_applicable,Needle remaining inside the leg during 8-min post-stimulation phase; removed and disposed of after acupuncture scanning,,10 s post-onset resting phase + 1 min manual stimulation + 8 min post-stimulation phase,,1 (single session during fMRI scanning),1.0,Single session on day of scanning,not_reported,Close eyes without engaging in any mental task; kept awake during whole scanning procedure,not_reported,not_reported,not_reported,"Single-center cross-sectional fMRI study with within-subject multiple scan conditions (resting state, motor task, acupuncture task) in two groups (post-stroke inpatient patients and healthy controls)"
35734477,arm_C1,group C1 (within 0.5 month),verum_acupuncture,,16.0,Ischemic stroke with motor dysfunction (hemiplegia),,,[],,,,,,,,,,,,,,,,,,,,,,,not_reported,"Single-center cross-sectional fMRI study with within-subject multiple scan conditions (resting state, motor task, acupuncture task) in two groups (post-stroke inpatient patients and healthy controls)"
35734477,arm_C2,group C2 (0.5-1 month),verum_acupuncture,,24.0,Ischemic stroke with motor dysfunction (hemiplegia),,,[],,,,,,,,,,,,,,,,,,,,,,,not_reported,"Single-center cross-sectional fMRI study with within-subject multiple scan conditions (resting state, motor task, acupuncture task) in two groups (post-stroke inpatient patients and healthy controls)"
35734477,arm_C3,group C3 (1-3 months),verum_acupuncture,,23.0,Ischemic stroke with motor dysfunction (hemiplegia),,,[],,,,,,,,,,,,,,,,,,,,,,,not_reported,"Single-center cross-sectional fMRI study with within-subject multiple scan conditions (resting state, motor task, acupuncture task) in two groups (post-stroke inpatient patients and healthy controls)"
35734477,arm_Nih1,group Nih1 (NIHSS 0-1),verum_acupuncture,,18.0,Ischemic stroke with motor dysfunction (hemiplegia),,,[],,,,,,,,,,,,,,,,,,,,,,,not_reported,"Single-center cross-sectional fMRI study with within-subject multiple scan conditions (resting state, motor task, acupuncture task) in two groups (post-stroke inpatient patients and healthy controls)"
35734477,arm_Nih2,group Nih2 (NIHSS 2-4),verum_acupuncture,,21.0,Ischemic stroke with motor dysfunction (hemiplegia),,,[],,,,,,,,,,,,,,,,,,,,,,,not_reported,"Single-center cross-sectional fMRI study with within-subject multiple scan conditions (resting state, motor task, acupuncture task) in two groups (post-stroke inpatient patients and healthy controls)"
35734477,arm_Nih3,group Nih3 (NIHSS 5-15),verum_acupuncture,,24.0,Ischemic stroke with motor dysfunction (hemiplegia),,,[],,,,,,,,,,,,,,,,,,,,,,,not_reported,"Single-center cross-sectional fMRI study with within-subject multiple scan conditions (resting state, motor task, acupuncture task) in two groups (post-stroke inpatient patients and healthy controls)"
35832324,arm_neiguan,group of acupuncture at Neiguan,verum_acupuncture,12,12.0,anxiety disorders (ICD-10/F41),manual_acupuncture,manual acupuncture,['Neiguan (PC6)'],left side of the limb; pericardium channel,left side,directly stabbed 0.3 inches after routine alcohol disinfection,0.3 inches,,lifting and twisting technique; amplitude of twisting mastered at about 180°–360°; amplitude of lifting and inserting is 3–5 minutes; frequency is 120–160 times/minute,not_reported,40 mm × 0.40 mm,False,not_applicable,not_applicable,15 minutes after obtaining Qi,15.0,not_reported,,single session,1.0,single session,"De-Qi sensation should be elicited, which includes soreness, numbness, swelling, and pain; needle retained for 15 minutes after the status of De-Qi is obtained",not_reported,"Neiguan (PC6 point) is a puncture point belonging to the pericardium channel; used to calm the mind, soothe the nerves, regulate qi, and relieve pain",acupuncturist who has been practicing for at least 10 years,single-blind; both groups did not know their grouping until the needling was performed,"randomized, single-blind design"
35832324,arm_nonacupoint,group of acupuncture at non-acupoint,sham_acupuncture,12,12.0,anxiety disorders (ICD-10/F41),sham_needling,manual acupuncture at non-acupoint,[],2-cm to the left of Neiguan point,not_reported,not_reported,not_reported,,not_reported,not_reported,40 mm × 0.40 mm,False,not_applicable,not_applicable,retained for 15 minutes,15.0,not_reported,,single session,1.0,single session,not_reported,not_reported,not_reported,acupuncturist who has been practicing for at least 10 years,single-blind; both groups did not know their grouping until the needling was performed,"randomized, single-blind design"
35959405,arm_01,"Healthy subjects with regular sleep (within-subject, all conditions)",verum_acupuncture,30,30.0,Acute sleep deprivation (24 h total SD),manual_acupuncture,manual_acupuncture,"['HT7 (Shenmen), bilateral']",located on the palmar ulnar end of the transverse crease of the wrist and on the radial aspect of the tendon of the ulnar flexor,bilateral,vertically into bilateral HT7s,20-30 mm,25.0,rotating the needle clockwise and counterclockwise at 1 Hz with even reinforcing and reducing manipulation for 60 s,"sterile, single-use silver needles",0.5 mm in diameter and 40 mm in length,False,not_applicable,not_applicable,not_reported,,60-s acupuncture manipulation followed by 490-s resting-state scan,1.0,1 (single session),1.0,Single session on day 2 after 24 h SD,not_reported,not_reported,HT7 (Shenmen) is one of the most frequently used acupoints in improving sleep quality and cognitive impairments; recent clinical studies have revealed that acupuncture at HT7 had a beneficial effect on sleep disorders among Chinese people,the same two licensed and skilled acupuncturists,not_reported,Within-subject repeated measures; all subjects underwent resting-state fMRI during rested wakefulness (RW) state and after 24 h of total sleep deprivation; the scan after 24 h of total SD included two resting-state fMRI sessions before and after needling at Shenmen (HT7)
35965072,arm_FD_acupuncture,FD patients receiving acupuncture treatment,verum_acupuncture,100,89.0,Functional dyspepsia (FD),manual_acupuncture,manual acupuncture,"['Zhongwan (CV 12)', 'Weishu (BL 21)', 'Zusanli (ST 36)']",not_reported,not_reported,not_reported,not_reported,,details in Supplementary 1,not_reported,not_reported,False,not_applicable,not_applicable,not_reported,,not_reported,,20 sessions,20.0,"four weeks (once per day for 5 days continuously each week, with 2 days intervals to the next week)",not_reported,not_reported,not_reported,not_reported,not_reported,Prediction analysis based on data from two randomized controlled trials; machine learning study using pre-treatment functional brain network features
35965072,arm_responders,Acupuncture responders,verum_acupuncture,,39.0,Functional dyspepsia (FD),,,[],,,,,,,,,,,,,,,,,,,,,,,not_reported,Prediction analysis based on data from two randomized controlled trials; machine learning study using pre-treatment functional brain network features
35965072,arm_non_responders,Acupuncture non-responders,verum_acupuncture,,26.0,Functional dyspepsia (FD),,,[],,,,,,,,,,,,,,,,,,,,,,,not_reported,Prediction analysis based on data from two randomized controlled trials; machine learning study using pre-treatment functional brain network features
35968386,arm_WT,WT,healthy_control,10,10.0,Alzheimer's disease (3×Tg-AD transgenic mouse model),other,none,[],not_applicable,not_applicable,not_applicable,not_applicable,,not_applicable,not_applicable,not_applicable,False,not_applicable,not_applicable,not_applicable,,fixed in the same way for 30 min,30.0,"5 consecutive days weekly, 4 weeks",20.0,4 weeks,not_applicable,not_reported,not_applicable,not_reported,Data analysis was performed by an experimenter blind to group information,"Randomized controlled animal study using 3×Tg-AD transgenic mice and age-matched wildtype controls; four groups: EA-treated, Non-acupoint EA-treated, untreated 3×Tg-AD, wildtype control"
35968386,arm_3xTgAD,3×Tg AD,other,10,10.0,Alzheimer's disease (3×Tg-AD transgenic mouse model),other,none,[],not_applicable,not_applicable,not_applicable,not_applicable,,not_applicable,not_applicable,not_applicable,False,not_applicable,not_applicable,not_applicable,,fixed in the same way for 30 min,30.0,"5 consecutive days weekly, 4 weeks",20.0,4 weeks,not_applicable,not_reported,not_applicable,not_reported,Data analysis was performed by an experimenter blind to group information,"Randomized controlled animal study using 3×Tg-AD transgenic mice and age-matched wildtype controls; four groups: EA-treated, Non-acupoint EA-treated, untreated 3×Tg-AD, wildtype control"
35968386,arm_EA,EA,verum_acupuncture,10,10.0,Alzheimer's disease (3×Tg-AD transgenic mouse model),electroacupuncture,electroacupuncture,"['DU20 (Baihui)', 'DU24 (Shenting)']","DU20: midline of the head, approximately midway on the line connecting the apices of the auricles; DU24: 2 mm directly above the midpoint of the mouse's eyes",midline,inserted approximately 2–3 mm depth in each site,2–3 mm,,disperse-dense-mode stimulation,stainless steel acupuncture needle,0.25 × 13 mm,True,1/20 Hz,1 mA,30 min,30.0,30 min daily,30.0,"5 consecutive days weekly, 4 weeks",20.0,4 weeks,not_reported,"Before stimulation was initiated, the torso of the mice was fixed to restrict excessive mobility","According to the TCM theory, EA at DU20 and DU24 could enhance brain function and improve cognitive function",not_reported,Data analysis was performed by an experimenter blind to group information,"Randomized controlled animal study using 3×Tg-AD transgenic mice and age-matched wildtype controls; four groups: EA-treated, Non-acupoint EA-treated, untreated 3×Tg-AD, wildtype control"
35968386,arm_NonEA,Non-EA,sham_acupuncture,10,10.0,Alzheimer's disease (3×Tg-AD transgenic mouse model),sham_needling,electroacupuncture at non-acupoints,[],"bilateral non-acupoints located at the bilateral hypochondrium, 2 cm above the posterior superior iliac spine and 3 cm lateral to the spine",bilateral,inserted approximately 2–3 mm depth in each site,2–3 mm,,disperse-dense-mode stimulation,0.25 × 13 mm stainless steel acupuncture needle,0.25 × 13 mm,True,not_reported,not_reported,30 min,30.0,30 min daily,30.0,"5 consecutive days weekly, 4 weeks",20.0,4 weeks,not_reported,"Before stimulation was initiated, the torso of the mice was fixed to restrict excessive mobility","EA stimulation was applied at non-acupoints for acupoint control, which were chosen to avoid the DU meridian and nearby acupoints",not_reported,Data analysis was performed by an experimenter blind to group information,"Randomized controlled animal study using 3×Tg-AD transgenic mice and age-matched wildtype controls; four groups: EA-treated, Non-acupoint EA-treated, untreated 3×Tg-AD, wildtype control"
36051643,VA,verum acupuncture group,verum_acupuncture,22,20.0,Primary dysmenorrhea (PDM),manual_acupuncture,manual acupuncture,['bilateral SP6'],bilateral SP6 (Sanyinjiao),bilateral,"subcutaneous, 5–15 mm",5–15 mm subcutaneously,,gently manipulating to obtain deqi sensation,not_reported,not_reported,False,not_applicable,not_applicable,"30 min, needles retained without any manipulation",30.0,30 min,30.0,"once a day, three menstrual cycles, beginning 5–7 days before menstruation and ending until the onset of menstruation",,three menstrual cycles,"required to obtain deqi sensation (a complex phenomenon including soreness, numbness, heaviness, swelling, or dull pain achieved by pricking the needle 5–15 mm subcutaneously and gently manipulating)",not_reported,bilateral SP6 were known to alleviate PDM well,qualified practitioners who had undergone extensive clinical and operational training,not_reported,"Two-arm, randomized rs-fMRI clinical trial"
36051643,SA,sham acupuncture group,sham_acupuncture,19,14.0,Primary dysmenorrhea (PDM),sham_needling,sham acupuncture,[],bilaterally at the midpoint between SP6 and the Bladder meridian,bilateral,not_reported,not_reported,,not_reported,not_reported,not_reported,False,not_applicable,not_applicable,"30 min, needles retained without any manipulation",30.0,30 min,30.0,"once a day, three menstrual cycles, beginning 5–7 days before menstruation and ending until the onset of menstruation",,three menstrual cycles,not_reported,not_reported,SA acupoints were located bilaterally at the midpoint between SP6 and the Bladder meridian without known clinical effects,qualified practitioners who had undergone extensive clinical and operational training,not_reported,"Two-arm, randomized rs-fMRI clinical trial"
36102803,arm_exp,Experimental Group,verum_acupuncture,16,16.0,myofascial pain syndrome (MPS) / myofasciitis,electroacupuncture,transcutaneous electrical nerve stimulation (TENS) combined with wrist-ankle acupuncture,"[""upper 5th area of the participant's left wrist (located in the middle of the palm surface between the two most prominent palmar longus tendons and the flexor carpi radialis tendons)""]",upper 5th area above the participant's left wrist,left wrist,not_reported,not_reported,,2 Hz and 100 Hz pulses are sequentially output every 1 minute,not_reported,not_reported,True,2 Hz and 100 Hz pulses sequentially output every 1 minute,0-100V; participants adjust until they can withstand the maximum intensity without feeling pain,removed after about 5 minutes,5.0,300 seconds (about 5 minutes),5.0,1,1.0,single session during the experiment,not_reported,participants adjust the parameter settings through the intelligent terminal until they can withstand the maximum intensity without feeling pain,determined by the mechanism of wrist-ankle acupuncture acupoints and meridians; applies electrical pulses to specific parts of the wrist or ankle to treat pain throughout the body,Chinese medicine expert stood on the left side of the participant,double-blind; both researchers and participants were blinded,"double-blind, randomized, controlled clinical trial"
36102803,arm_ctrl,Control Group,waitlist,15,15.0,myofascial pain syndrome (MPS) / myofasciitis,other,no stimulation; rest only,[],not_applicable,not_applicable,not_applicable,not_applicable,,not_applicable,not_applicable,not_applicable,False,not_applicable,not_applicable,not_applicable,,300 seconds,5.0,1,1.0,single experimental session,not_applicable,not_reported,not_applicable,not_applicable,double-blind; both researchers and participants were blinded,"double-blind, randomized, controlled clinical trial"
36530615,arm_PSA,patients with PSA,other,19,16.0,Post-stroke aphasia (PSA) caused by left hemisphere stroke,electroacupuncture,electroacupuncture,"['Tongli (HT5)', 'Xuanzhong (GB39)']","HT5: radially to the flexor carpi ulnaris tendon on the anteromedial side of the forearm, 33 mm proximal to the palmar wrist crease. GB39: 100 mm above the external malleolus tip, on the anterior fibula border.",both sides (bilateral),not_reported,HT5: 10 to 30 mm; GB39: 33 mm,,EA technique; Han's acupoint nerve stimulator (model LH202H),sterile silver acupuncture needles,0.40 × 40-mm,True,2 Hz,2 mA,not_reported,,6 min total scan (12 blocks of 30 s each),6.0,1 session (single scan),1.0,single session during fMRI acquisition,"All participants reported their experience ('Deqi') with acupuncture stimulation. Deqi featured aching, pressure, heaviness, fullness, and numbness among other feelings.",not_reported,Tongli (HT5) and Xuanzhong (GB39) are important language-implicated acupoints used in Chinese medicine. They are commonly used in PSA rehabilitation therapy because they are tailored to language-processing systems.,A professional acupuncturist performed acupuncture.,not_reported,Task-based fMRI study with block design; two-group (PSA patients vs. healthy controls) within-subject comparison of EA stimulation vs. rest at baseline
36530615,arm_HC,healthy controls (HCs),healthy_control,16,16.0,Post-stroke aphasia (PSA) caused by left hemisphere stroke,electroacupuncture,electroacupuncture,"['Tongli (HT5)', 'Xuanzhong (GB39)']","HT5: radially to the flexor carpi ulnaris tendon on the anteromedial side of the forearm, 33 mm proximal to the palmar wrist crease. GB39: 100 mm above the external malleolus tip, on the anterior fibula border.",both sides (bilateral),not_reported,HT5: 10 to 30 mm; GB39: 33 mm,,EA technique; Han's acupoint nerve stimulator (model LH202H),sterile silver acupuncture needles,0.40 × 40-mm,True,2 Hz,2 mA,not_reported,,6 min total scan (12 blocks of 30 s each),6.0,1 session (single scan),1.0,single session during fMRI acquisition,"All participants reported their experience ('Deqi') with acupuncture stimulation. Deqi featured aching, pressure, heaviness, fullness, and numbness among other feelings.",not_reported,Tongli (HT5) and Xuanzhong (GB39) are important language-implicated acupoints used in Chinese medicine.,A professional acupuncturist performed acupuncture.,not_reported,Task-based fMRI study with block design; two-group (PSA patients vs. healthy controls) within-subject comparison of EA stimulation vs. rest at baseline
36530635,arm_tinnitus,patients with subjective tinnitus,verum_acupuncture,26,26.0,subjective tinnitus,manual_acupuncture,manual acupuncture with deqi manipulation,"['SI19', 'TE17', 'GB12', 'GB8', 'TE3', 'TE5', 'GV20', 'GV26', 'GV15']","acupoints on the affected side of tinnitus (SI19, TE17, GB12, GB8), distal bilateral acupoints (TE3, TE5) and the Governor Vessel acupoints (GV20, GV26, GV15)","affected side for SI19, TE17, GB12, GB8; bilateral for TE3, TE5; midline for GV20, GV26, GV15",not_reported,1.5–3 cm,,"the acupuncturist manipulated the needle for obtaining the deqi sensation (acid, numbness, swelling and pain); SI19 was needle-inserted into with the mouth open",sterile and disposable needles,"length 40 mm, width 0.35 mm",False,not_applicable,not_applicable,30 min,30.0,30 min needle retention,30.0,10 times,10.0,once every other day,"yes; deqi sensation (acid, numbness, swelling and pain)",not_reported,"acupoints on the affected side of tinnitus, distal bilateral acupoints and the Governor Vessel acupoints were selected","Professor Yang Jun, the National Famous Doctor of Traditional Chinese Medicine, an honorary title for TCM expert in China",not_reported,case-control study
36530635,arm_HC,healthy controls (HC),healthy_control,26,26.0,subjective tinnitus,,,[],,,,,,,,,,,,,,,,,,,,,,,not_reported,case-control study
36744205,arm_patients,Numbness Patients,verum_acupuncture,24,23.0,Ischemic stroke sequelae with unilateral limb numbness (somatosensory dysfunction),manual_acupuncture,manual acupuncture,"['Baihui (GV20)', 'Sishencong (EX-HN1)', 'Shuigou (GV26)', 'Quchi (LI11) (affected side)', 'Zusanli (ST36) (affected side)']",GV20: median line of head; EX-HN1: located around GV20; GV26: upper part of philtrum; LI11: lateral side of elbow striae (affected side); ST36: lateral shinbone (affected side),"LI11 and ST36 on affected side; GV20, EX-HN1, GV26 midline",penetrating,GV20 and EX-HN1: 1.5 inches deep at 15-30 degrees above scalp surface; GV26: 5-10 mm towards the nose; LI11 and ST36: 20-30 mm obliquely downward toward the hand and foot,,needle sheath was twirled and rotated to induce Deqi,"sterile, single-use silver needle",40mm in length and 0.30mm in diameter,False,not_applicable,not_applicable,20 mins each time,20.0,20 mins each time,20.0,three times per week for 4 weeks,12.0,4 weeks,"Yes; Deqi (a sensation of soreness, numbness, distention, or radiating that is regarded to signify effective needling) was intended",not_reported,"According to Traditional Chinese Medicine theory, the acupuncture therapy is effective for treating post-stroke limb numbness.",not_reported,not_reported,Prospective observational study with pre-post acupuncture intervention and healthy control comparison using resting-state fMRI
36744205,arm_hc,Healthy Controls,healthy_control,14,14.0,Ischemic stroke sequelae with unilateral limb numbness (somatosensory dysfunction),,,[],,,,,,,,,,,,,,,,,,,,,,,not_reported,Prospective observational study with pre-post acupuncture intervention and healthy control comparison using resting-state fMRI
36890655,arm_VA,verum acupuncture (VA),verum_acupuncture,36,28.0,Knee osteoarthritis (KOA) with knee pain,manual_acupuncture,manual acupuncture,"['Yanglingquan (GB34)', 'Yinlingquan (SP9)', 'Dubi (ST35)', 'Neixiyan (EX-LE4)']",knee area; acupoints and non-acupoints used in this study were adjacent and located in the knee area,All acupoints and non-acupoints on both sides of the body were pierced,penetrating,between 0.5 cun and 1.5 cun,,The locations in the VA group were gently manipulated to induce a specific acupuncture sensation (deqi),"disposable stainless-steel needles (Hwato, China)",0.25 mm to 40 mm in length,False,not_applicable,not_applicable,30 min per session,30.0,30 min,30.0,Ten sessions,10.0,two successive weeks,yes; gently manipulated to induce a specific acupuncture sensation (deqi),not_reported,not_reported,Two trained and licensed acupuncturists conducted all acupuncture treatments,Celecoxib and placebo groups were double-blinded to treatment; subjects of verum acupuncture and sham acupuncture were kept single-blinded,Randomized controlled trial with five patient groups and a healthy control group; clinical and fMRI datasets collected from two simultaneous trials
36890655,arm_SA,sham acupuncture (SA),sham_acupuncture,36,32.0,Knee osteoarthritis (KOA) with knee pain,sham_needling,manual acupuncture at non-acupoints,[],knee area; acupoints and non-acupoints used in this study were adjacent and located in the knee area,All acupoints and non-acupoints on both sides of the body were pierced,penetrating (puncturing non-acupoints),between 0.5 cun and 1.5 cun,,The locations in the SA groups were gently manipulated to induce a specific acupuncture sensation (deqi),"disposable stainless-steel needles (Hwato, China)",0.25 mm to 40 mm in length,False,not_applicable,not_applicable,30 min per session,30.0,30 min,30.0,Ten sessions,10.0,two successive weeks,yes; gently manipulated to induce a specific acupuncture sensation (deqi),not_reported,not_reported,Two trained and licensed acupuncturists conducted all acupuncture treatments,Celecoxib and placebo groups were double-blinded to treatment; subjects of verum acupuncture and sham acupuncture were kept single-blinded,Randomized controlled trial with five patient groups and a healthy control group; clinical and fMRI datasets collected from two simultaneous trials
36890655,arm_SC,celecoxib (SC),medication,36,29.0,Knee osteoarthritis (KOA) with knee pain,non_acupuncture,oral pharmacological intervention,[],not_applicable,not_applicable,not_applicable,not_applicable,,not_applicable,not_applicable,not_applicable,False,not_applicable,not_applicable,not_applicable,,not_applicable,,not_applicable (continuous daily dosing),,2 weeks,not_applicable,not_reported,"selective COX-2 inhibitor; approval number J20030098; produced by Pfizer Pharmaceutical Co. Ltd. in Beijing, China",not_reported,Celecoxib and placebo groups were double-blinded to treatment; subjects of verum acupuncture and sham acupuncture were kept single-blinded,Randomized controlled trial with five patient groups and a healthy control group; clinical and fMRI datasets collected from two simultaneous trials
36890655,arm_PB,placebo (PB),placebo,36,30.0,Knee osteoarthritis (KOA) with knee pain,non_acupuncture,oral placebo intervention,[],not_applicable,not_applicable,not_applicable,not_applicable,,not_applicable,not_applicable,not_applicable,False,not_applicable,not_applicable,not_applicable,,not_applicable,,not_applicable (continuous daily dosing),,2 weeks,not_applicable,not_reported,same appearance as celecoxib capsules; double-blinded,not_reported,Celecoxib and placebo groups were double-blinded to treatment; subjects of verum acupuncture and sham acupuncture were kept single-blinded,Randomized controlled trial with five patient groups and a healthy control group; clinical and fMRI datasets collected from two simultaneous trials
36890655,arm_WL,waiting list (WL),waitlist,36,30.0,Knee osteoarthritis (KOA) with knee pain,non_acupuncture,no treatment,[],not_applicable,not_applicable,not_applicable,not_applicable,,not_applicable,not_applicable,not_applicable,False,not_applicable,not_applicable,not_applicable,,not_applicable,,not_applicable,,2 weeks,not_applicable,"informed that after 2 weeks, they would receive ten sessions of acupuncture or 2 weeks of celecoxib for free",waitlist control,not_applicable,Celecoxib and placebo groups were double-blinded to treatment; subjects of verum acupuncture and sham acupuncture were kept single-blinded,Randomized controlled trial with five patient groups and a healthy control group; clinical and fMRI datasets collected from two simultaneous trials
36890655,arm_HC,healthy controls (HCs),healthy_control,41,36.0,Knee osteoarthritis (KOA) with knee pain,,,[],,,,,,,,,,,,,,,,,,,,,,,Celecoxib and placebo groups were double-blinded to treatment; subjects of verum acupuncture and sham acupuncture were kept single-blinded,Randomized controlled trial with five patient groups and a healthy control group; clinical and fMRI datasets collected from two simultaneous trials
36890655,arm_AG,acupuncture group (AG) (verum + sham),verum_acupuncture,72,60.0,Knee osteoarthritis (KOA) with knee pain,,,[],,,,,,,,,,,,,,,,,,,,,,,Celecoxib and placebo groups were double-blinded to treatment; subjects of verum acupuncture and sham acupuncture were kept single-blinded,Randomized controlled trial with five patient groups and a healthy control group; clinical and fMRI datasets collected from two simultaneous trials
36922926,acu,Acu-group,verum_acupuncture,30,25.0,Cerebral small vessel disease cognitive impairment (CSVDCI),manual_acupuncture,manual acupuncture,"['Shenting (GV24)', 'Baihui (GV20)']","Shenting: on the head, 0.5 inch straight up from the middle of the front hairline. Baihui: located at the intersection of the median line at the top of the head and the line connecting the tips of the two ears.",not_reported,not_reported,not_reported,,"With the thumb and forefinger holding the needle handle, the doctor alternately twists the needle body clockwise and counterclockwise to make it rotate quickly (180–300 times/min), and continues twisting for 2–3 min. After this, twist once every 10 min (following Deqi), and keep the needle for 40 min.",not_reported,not_reported,False,not_applicable,not_applicable,40 min,40.0,approximately 40 min,40.0,"once a day, for five days a week over a total of 12 weeks",60.0,12 weeks,Yes; manipulation continued following Deqi,not_reported,"Various ancient and modern acupuncture publications showed the Shenting (GV24) and Baihui (GV20) are vital distal acupoints associated with the cure of dementia, dizziness, headache, among other brain diseases.","Yang Xiaoyan, an associate chief physician who practices acupuncture for more than 10 years","The researcher responsible for randomization was not allowed to participate in the recruitment screening, outcome assessment and statistical analysis. Cognitive assessors were blinded to group assignment (implied by separate personnel). Full participant/assessor blinding details not fully reported.",Randomized controlled trial using fMRI scans to assess the effect and mechanisms of acupuncture treatment on CSVDCI
36922926,con,Con-group,active_control,30,19.0,Cerebral small vessel disease cognitive impairment (CSVDCI),non_acupuncture,pharmacological and cognitive rehabilitation,[],not_applicable,not_applicable,not_applicable,not_applicable,,not_applicable,not_applicable,not_applicable,False,not_applicable,not_applicable,not_applicable,,not_reported,,not_reported,,12 weeks,not_applicable,not_reported,"Conventional treatment included donepezil tablets to improve cognition, aspirin to anti-platelet aggregation, atorvastatin calcium tablets to regulate lipid levels, in addition to blood pressure and blood glucose control according to the patient's underlying disease, and each patient participated in modern cognitive rehabilitation training.",not_reported,"The researcher responsible for randomization was not allowed to participate in the recruitment screening, outcome assessment and statistical analysis. Cognitive assessors were blinded to group assignment (implied by separate personnel). Full participant/assessor blinding details not fully reported.",Randomized controlled trial using fMRI scans to assess the effect and mechanisms of acupuncture treatment on CSVDCI
37206312,arm_ERR,even reinforcing-reducing manipulation with lifting-thrusting (ERR),verum_acupuncture,,31.0,Healthy volunteers,manual_acupuncture,manual acupuncture with lifting-thrusting manipulation,"['Quchi (LI11, left side)']","Quchi (LI11, left side)",left side,"yes, perpendicular insertion",15 mm,15.0,Lifted and thrusted with even force and speed with a frequency of 1~1.5 Hz and an amplitude of 3~5 mm,disposable sterile needles,0.25 × 40 mm,False,not_applicable,not_applicable,not_reported,,1 min 30 s (acupuncture manipulation duration),1.5,1 session per manipulation type,1.0,3 days total (each manipulation separated by 1 day washout),"needle was inserted, followed by lifting and thrusting to elicit the needling sensation","Participants were instructed to stay awake, keep their heads still, and pay attention to the needling sensation throughout the whole scan",The even reinforcing-reducing manipulation with lifting-thrusting (ERR) is usually used for clinical treatment and treating for complicated excessiveness and deficiency syndromes or balanced excessiveness and deficiency syndromes by lifting and thrusting with even force and amplitude,The same licensed acupuncturist with over 5 years of practical experience,not_reported,"Randomized crossover within-subject design; 35 healthy participants received ERR, LTRei, and LTRed in a randomized order, each separated by a 1 day washout"
37206312,arm_LTRei,lifting-thrusting reinforcing manipulation (LTRei),verum_acupuncture,,31.0,Healthy volunteers,manual_acupuncture,manual acupuncture with lifting-thrusting manipulation,"['Quchi (LI11, left side)']","Quchi (LI11, left side)",left side,"yes, perpendicular insertion",15 mm,15.0,"Conducted with heavy thrust and gentle lift, a lower frequency (<1 Hz), and an amplitude of 3~5 mm",disposable sterile needles,0.25 × 40 mm,False,not_applicable,not_applicable,not_reported,,1 min 30 s (acupuncture manipulation duration),1.5,1 session per manipulation type,1.0,3 days total (each manipulation separated by 1 day washout),"needle was inserted, followed by lifting and thrusting to elicit the needling sensation","Participants were instructed to stay awake, keep their heads still, and pay attention to the needling sensation throughout the whole scan",The lifting-thrusting reinforcing manipulation (LTRei) is used for strengthening the body's resistance and treating deficiency syndromes by thrusting heavily and lifting gently with a low frequency,The same licensed acupuncturist with over 5 years of practical experience,not_reported,"Randomized crossover within-subject design; 35 healthy participants received ERR, LTRei, and LTRed in a randomized order, each separated by a 1 day washout"
37206312,arm_LTRed,lifting-thrusting reducing manipulation (LTRed),verum_acupuncture,,31.0,Healthy volunteers,manual_acupuncture,manual acupuncture with lifting-thrusting manipulation,"['Quchi (LI11, left side)']","Quchi (LI11, left side)",left side,"yes, perpendicular insertion",15 mm,15.0,"Performed with heavy lift and gentle thrust, a higher frequency (>1.5 Hz), and an amplitude of 3~5 mm",disposable sterile needles,0.25 × 40 mm,False,not_applicable,not_applicable,not_reported,,1 min 30 s (acupuncture manipulation duration),1.5,1 session per manipulation type,1.0,3 days total (each manipulation separated by 1 day washout),"needle was inserted, followed by lifting and thrusting to elicit the needling sensation","Participants were instructed to stay awake, keep their heads still, and pay attention to the needling sensation throughout the whole scan",The lifting-thrusting reducing manipulation (LTRed) is adopted for eliminating the pathogenic factors and relieving excess syndrome by lifting heavily and thrusting gently with a high frequency,The same licensed acupuncturist with over 5 years of practical experience,not_reported,"Randomized crossover within-subject design; 35 healthy participants received ERR, LTRei, and LTRed in a randomized order, each separated by a 1 day washout"
37274194,arm_MCID,MCID group,other,28,26.0,Ischemic stroke with unilateral motor pathway injury (basal ganglia and/or corona radiata),manual_acupuncture,manual acupuncture,['Yanglingquan (GB 34)'],"Outside of the lower leg, in the middle of the concavity of the anterior and inferior parts of the fibula head",Affected side in patients,Vertically inserted,1–1.5 Cun (about 15–25 mm depending on the height and weight of a participant),,Mild reinforcing-reducing method at the frequency of 1 Hz for 1 min,Disposable sterile silver needles,φ0.40×40 mm,False,not_applicable,not_applicable,8 min post-stimulation phase with needle remaining inside the leg,8.0,9 min 10 s (total acupuncture state scan),,Single session (during MRI),1.0,Single MRI session on day of enrollment,not_reported,Keep eyes closed and stay awake without performing any cognitive tasks,not_reported,not_reported,not_reported,Prospective observational neuroimaging study with machine learning classification; patients grouped by MCID of FMA over 2 weeks; healthy controls included for comparison
37274194,arm_NMCID,N-MCID group,other,21,15.0,Ischemic stroke with unilateral motor pathway injury (basal ganglia and/or corona radiata),manual_acupuncture,manual acupuncture,['Yanglingquan (GB 34)'],"Outside of the lower leg, in the middle of the concavity of the anterior and inferior parts of the fibula head",Affected side in patients,Vertically inserted,1–1.5 Cun (about 15–25 mm depending on the height and weight of a participant),,Mild reinforcing-reducing method at the frequency of 1 Hz for 1 min,Disposable sterile silver needles,φ0.40×40 mm,False,not_applicable,not_applicable,8 min post-stimulation phase with needle remaining inside the leg,8.0,9 min 10 s (total acupuncture state scan),,Single session (during MRI),1.0,Single MRI session on day of enrollment,not_reported,Keep eyes closed and stay awake without performing any cognitive tasks,not_reported,not_reported,not_reported,Prospective observational neuroimaging study with machine learning classification; patients grouped by MCID of FMA over 2 weeks; healthy controls included for comparison
37274194,arm_HC,HC,healthy_control,26,26.0,Ischemic stroke with unilateral motor pathway injury (basal ganglia and/or corona radiata),manual_acupuncture,manual acupuncture,['Yanglingquan (GB 34)'],"Outside of the lower leg, in the middle of the concavity of the anterior and inferior parts of the fibula head",Left side in HC,Vertically inserted,1–1.5 Cun (about 15–25 mm depending on the height and weight of a participant),,Mild reinforcing-reducing method at the frequency of 1 Hz for 1 min,Disposable sterile silver needles,φ0.40×40 mm,False,not_applicable,not_applicable,8 min post-stimulation phase with needle remaining inside the leg,8.0,9 min 10 s (total acupuncture state scan),,Single session (during MRI),1.0,Single MRI session on day of enrollment,not_reported,Keep eyes closed and stay awake without performing any cognitive tasks,not_reported,not_reported,not_reported,Prospective observational neuroimaging study with machine learning classification; patients grouped by MCID of FMA over 2 weeks; healthy controls included for comparison
37305743,arm_SA,scalp acupuncture (SAs) group,verum_acupuncture,10,10.0,Left hemiplegia due to ischemic stroke (unilateral partial anterior circulation infarction),scalp_acupuncture,manual acupuncture,"['MS6 (anterior oblique line of vertex temporal, right side)']",right anterior oblique line of vertex temporal,right,inserted at angles of almost 15° with respect to the epicranial aponeurosis,to a certain depth into the scalp,,"needles were twisted at a frequency of 200 turns per min, causing a deqi sensation; twist the needles every 10 min for 30 min",stainless steel needles,0.25 × 40 mm,False,not_applicable,not_applicable,30 min,30.0,30 min,30.0,once a day for 5 consecutive days as a course of treatment; total 14 days,,14 days,"yes, causing a deqi sensation",not_reported,"According to the traditional Chinese medical theory, the head is where the IQ and the meridian merge. Scalp acupuncture can improve the excitability of the central nervous system, effectively improve cerebral hemodynamics and brain tissue metabolism, and then promote the recovery of motor function of patients.",not_reported,not_reported,Randomized controlled trial with matched healthy controls; resting-state fMRI; two-arm patient comparison plus healthy control group
37305743,arm_PC,patient control (PCs) group,usual_care,11,11.0,Left hemiplegia due to ischemic stroke (unilateral partial anterior circulation infarction),non_acupuncture,not_reported,[],not_applicable,not_applicable,not_applicable,not_applicable,,not_applicable,not_applicable,not_applicable,False,not_applicable,not_applicable,not_applicable,,not_reported,,not_reported,,14 days,not_applicable,not_reported,"blood pressure-lowering treatment, lipid-lowering and stabilizing agents, and anti-platelet",not_reported,not_reported,Randomized controlled trial with matched healthy controls; resting-state fMRI; two-arm patient comparison plus healthy control group
37305743,arm_HC,healthy controls (HCs),healthy_control,20,20.0,Left hemiplegia due to ischemic stroke (unilateral partial anterior circulation infarction),,,[],,,,,,,,,,,,,,,,,,,,,,,not_reported,Randomized controlled trial with matched healthy controls; resting-state fMRI; two-arm patient comparison plus healthy control group
37383656,TATG,true acupoint treatment group (TATG),verum_acupuncture,36,26.0,ischemic stroke with motor dysfunction,manual_acupuncture,manual acupuncture,"['bilateral Hegu (LI4)', 'bilateral Quchi (LI11)', 'bilateral Neiguan (PC6)', 'bilateral Zusanli (ST36)', 'bilateral Yanglingquan (GB34)', 'bilateral Sanyinjiao (SP6)']",bilateral upper and lower extremities,bilateral,inserted vertically into the skin,20-30 mm,,twirling and lifting conducted on all needles to allow patients to obtain De qi,Ande brand disposable acupuncture needles,0.25 × 40 mm,False,not_applicable,not_applicable,30 minutes,30.0,not_reported,,five treatment sessions per week for 2 weeks (10 sessions in total),10.0,2 weeks,"yes; De qi, a combination of sensations including soreness, dullness, numbness, heaviness, and other feelings",not_reported,"Shou Zu Shi Er Zhen has the effect of harmonizing qi and blood, balancing yin and yang, harmonizing the spleen and stomach, and regulating body constituent and spirit",not_reported,patients and assessors blinded for group allocation,"single-center, randomised controlled neuroimaging study"
37383656,SATG,sham acupoint treatment group (SATG),sham_acupuncture,17,14.0,ischemic stroke with motor dysfunction,sham_needling,sham acupuncture,[],20mm beside the true acupoints,not_reported,not_reported,not_reported,,not_reported; De qi sensations avoided in the manipulation in the SATG group,Ande brand disposable acupuncture needles,0.25 × 40 mm,False,not_applicable,not_applicable,30 minutes,30.0,not_reported,,five treatment sessions per week for 2 weeks (10 sessions in total),10.0,2 weeks,no; De qi sensations avoided,not_reported,not_reported,not_reported,patients and assessors blinded for group allocation,"single-center, randomised controlled neuroimaging study"
37408438,TA,true acupuncture (TA),verum_acupuncture,66,64.0,Chronic neck pain (CNP),manual_acupuncture,Manual acupuncture,"['Tianliao point (SJ15)', 'Jianwaishu point (SI14)', 'Jianzhongshu point (SI15)', 'Dazhu point (BL11)', 'Jugu point (LI16)']","Five sensitive acupuncture points with the largest absolute value of changes in the pressure pain threshold, selected from 15 candidate acupoints: Jianjing (GB21), Jianzhongshu (SI15), Wangu (GB12), Fengchi (GB20), Tianzhu (BL10), Dazhui (DU14), Dazhu (BL11), Jianwaishu (SI14), Tianliao (SJ15), Jugu (LI16), Tianzong (SI11), Shousanli (LI10), Lieque (LU7), Zhongzhu (SJ3), and Houxi (SI3)",not_reported,Penetrating,approximately 0.5–1.5 cm,,Rotating or lifting–thrusting manipulation was performed for Deqi sensation after needle insertion,"single-use stainless steel filiform needles (Hwato Needles, Sino-foreign Joint Venture Suzhou Hua Tuo Medical Instruments Co.)",25–40 mm in length and 0.25–0.30 mm in diameter,False,not_applicable,not_applicable,30 min per session,30.0,30 min,30.0,12 sessions total (3 times weekly for 4 weeks),12.0,4 weeks,"Yes; Deqi sensation (a sensation of soreness, numbness, distention, or radiation that indicated effective needling) intended","None of the patients were allowed to receive any sustained-release or prophylactic analgesics. For intolerable neck pain, patients were allowed to receive analgesic medications (such as non-steroidal anti-inflammatory drugs) or effective analgesic medications, which they considered as rescue medications.",Acupoints determined by data mined from the literature and expert consensus on the treatment of CNP; five most sensitive acupoints selected by detecting individualized tenderness threshold,Two specialized acupuncturists with at least 5 years of training and 3 years of experience,"Patients blinded to group assignments; acupuncturists not blinded (due to nature of interventions); outcome assessors, data collectors, and statisticians blinded to treatment allocation",Randomized neuroimaging trial
37408438,SA,sham acupuncture (SA),sham_acupuncture,33,28.0,Chronic neck pain (CNP),sham_needling,Shallow needling at non-acupoints,[],Five non-acupoints selected based on previous studies,not_reported,Shallow penetration (2 mm depth),2 mm,2.0,without manual stimulation,"single-use stainless steel filiform needles (Hwato Needles, Sino-foreign Joint Venture Suzhou Hua Tuo Medical Instruments Co.)",25–40 mm in length and 0.25–0.30 mm in diameter,False,not_applicable,not_applicable,30 min per session,30.0,30 min,30.0,12 sessions total (3 times weekly for 4 weeks),12.0,4 weeks,No; no manual stimulation to yield the Deqi sensation,"None of the patients were allowed to receive any sustained-release or prophylactic analgesics. For intolerable neck pain, patients were allowed to receive analgesic medications (such as non-steroidal anti-inflammatory drugs) or effective analgesic medications, which they considered as rescue medications.",Non-acupoints used as control to explore the specificity of acupoints,Two specialized acupuncturists with at least 5 years of training and 3 years of experience,"Patients blinded to group assignments; acupuncturists not blinded (due to nature of interventions); outcome assessors, data collectors, and statisticians blinded to treatment allocation",Randomized neuroimaging trial
37415858,arm_REAL,real acupuncture (REAL),verum_acupuncture,25,15.0,Healthy volunteers,manual_acupuncture,manual acupuncture needling with rotation,['left ST36 (Zusanli)'],left ST36 (Zusanli),left,inserted into the acupoint (ST36) before the MRI scan started,not_reported,,manually performed 24 or 22 needle stimulations by rotating the needle at approximately 1 Hz for 2 s; inter-stimulation interval between stimulations: 17.0 ± 2.2 s for the 24 stimulations; 19.0 ± 2.9 s for the 22 stimulations,"MRI-compatible titanium needle (DongBang Co., Korea)",0.3 mm x 30 mm,False,not_applicable,not_applicable,needle inserted before scan started and removed after completion of scan; scan duration 420 s,7.0,420 s fMRI scan,7.0,1 session per condition (crossover),1.0,single session crossover,not_reported,"Participants watched the video stream for the needle stimulation at their left leg, which was visual information for the therapeutic context (i.e., contextual manipulation)",contextual manipulation with somatosensory stimulation,a licensed acupuncturist,Participants in PHNT condition were given contextual manipulation to induce needling credibility; blinding of participants to sham condition was assessed via structural interviews; no mention of experimenter blinding,Crossover within-subject fMRI experiment with two conditions (REAL and PHNT); participants randomly and evenly assigned to REAL-PHNT or PHNT-REAL order
37415858,arm_PHNT,phantom acupuncture (PHNT),sham_acupuncture,25,15.0,Healthy volunteers,phantom_acupuncture,contextual manipulation only; no needle insertion,[],left ST36 (Zusanli) — acupuncturist mimicked procedures at this location but needle was not inserted,left,needle was not inserted into the acupoint (ST36),not_applicable,,The acupuncturist mimicked the acupuncture procedures of needle insertion and rotation in synchronizing with the acupuncturist's action in the video clip during the PHNT session,not_reported (no needle insertion),not_applicable,False,not_applicable,not_applicable,not_applicable,,420 s fMRI scan,7.0,1 session per condition (crossover),1.0,single session crossover,not intended; needling credibility was induced via contextual manipulation,"PHNT was performed identically to REAL from the participant's point of view, except that the needle was not inserted into the acupoint (ST36). To ensure participants' needling credibility without needling insertion, we played the recorded video clip from the participant's REAL session or the best-matched participant's REAL session",only contextual manipulation; PHNT led to visual afferent and needling credibility without somatosensory afferents by displaying a video for needling stimulation with verbal instruction inducing a context of acupuncture treatment,a licensed acupuncturist (mimicking procedures),Participants in PHNT condition were given contextual manipulation to induce needling credibility; blinding of participants to sham condition was assessed via structural interviews; no mention of experimenter blinding,Crossover within-subject fMRI experiment with two conditions (REAL and PHNT); participants randomly and evenly assigned to REAL-PHNT or PHNT-REAL order
37584456,arm_training_test,training-test set,verum_acupuncture,100,89.0,Functional dyspepsia (FD),manual_acupuncture,not_reported,"['Zusanli (ST 36)', 'Weishu (BL 21)', 'Zhongwan (CV 12)']",not_reported,not_reported,not_reported,not_reported,,not_reported,not_reported,not_reported,False,not_applicable,not_applicable,not_reported,,not_reported,,20 sessions,20.0,4 weeks,not_reported,not_reported,stimulated acupoints were disease-related and proven to be effective,not_reported,not_reported for the prediction study itself; source trials were randomized controlled,Prediction model development and validation study using retrospectively and prospectively gathered data from randomized controlled neuroimaging trials; machine learning-based prediction using clinical and resting-state fMRI features
37584456,arm_validation,independent validation set,verum_acupuncture,60,58.0,Functional dyspepsia (FD),manual_acupuncture,not_reported,"['Zusanli (ST 36)', 'Weishu (BL 21)', 'Zhongwan (CV 12)']",not_reported,not_reported,not_reported,not_reported,,not_reported,not_reported,not_reported,False,not_applicable,not_applicable,not_reported,,not_reported,,20 sessions,20.0,4 weeks,not_reported,not_reported,stimulated acupoints were disease-related and proven to be effective,not_reported,not_reported for the prediction study itself; source trials were randomized controlled,Prediction model development and validation study using retrospectively and prospectively gathered data from randomized controlled neuroimaging trials; machine learning-based prediction using clinical and resting-state fMRI features
37721727,arm_HC,healthy control subjects (HCs),healthy_control,30,30.0,Internet addiction (IA),non_acupuncture,none,[],not_applicable,not_applicable,not_applicable,not_applicable,,not_applicable,not_applicable,not_applicable,False,not_applicable,not_applicable,not_applicable,,not_applicable,,not_applicable,,not_applicable,not_applicable,not_reported,not_applicable,not_applicable,not_reported,Pre-post intervention study with healthy control comparison group; resting-state fMRI collected before and after acupuncture treatment in the IA group; HCs received one fMRI scan after enrollment with no treatment
37721727,arm_IA,subjects with IA,verum_acupuncture,30,27.0,Internet addiction (IA),manual_acupuncture,acupuncture with needle insertion and deqi elicitation,"['Sishenchong (EX-HN1)', 'Baihui (DU-20)', 'bilateral Sanyinjiao (SP-6)', 'Neiguan (PC-6)', 'Taichong (LR-3)', 'Shenmen (HT-7)', 'Xuanzhong (GB-39)', 'Hegu (LI-4)']",not_reported,bilateral Sanyinjiao specified; others not specified as unilateral or bilateral in text,inserted into the selected acupoints,the depths of needle insertion are shown in Table S1,,needles were lifted and thrust until the individuals felt deqi,"stainless-steel needles (0.30 × 40 mm, Hwato)","0.30 × 40 mm, Hwato",False,not_applicable,not_applicable,needles were left in the acupoints for 30 min,30.0,30 min each,30.0,20 sessions,20.0,40-day course; once every 2 days,"needles were lifted and thrust until the individuals felt deqi (a complex and mixed feeling including numbness, distention, soreness, or dull pain at the needling acupoints)",participants were required not to receive any other medical interventions during the research,not_reported,two licensed acupuncturists,not_reported,Pre-post intervention study with healthy control comparison group; resting-state fMRI collected before and after acupuncture treatment in the IA group; HCs received one fMRI scan after enrollment with no treatment
37804240,arm_SA,Somatic Acupuncture (SA),verum_acupuncture,25,24.0,Healthy volunteers (no neurological disorder),manual_acupuncture,manual acupuncture needle insertion with no manipulation,['ST36'],lateral anterior side of leg,left ST36,penetrated,approximately 1.0 cm ± 0.5 cm,10.0,needle was grasped by the practitioner without rotating manipulation,"nonmagnetic titanium sterile acupuncture needles (DongBang Acupuncture, Boryeoung, Republic of Korea)","40 mm in length, 0.20 mm in diameter",False,not_applicable,not_applicable,needle inserted before scanning began and retained throughout session; stimulation presented for 6 s per trial,,6 s stimulation per trial; five runs of 18 trials each (90 trials total),,one fMRI session,1.0,single session,yes — deqi sensation was briefed and trained prior to scanning; depth adjusted to elicit deqi of 4–5 on 0–10 scale at high dose,Participants were instructed to focus on their bodily sensations as indicated by the screen displaying 'Direct acupuncture to the body',not_reported,licensed Traditional Korean Medicine Doctor (DY); researcher (DY) manually rotated the needle using audio-guided cues from MRI-audible headphones,not_reported,Within-subject crossover fMRI experiment with six experimental conditions (three dose levels × two acupuncture modalities)
37804240,arm_VA,Visual Acupuncture (VA),other,25,24.0,Healthy volunteers (no neurological disorder),visual_acupuncture,"visual presentation of acupuncture — prerecorded video, no somatic stimulation",['ST36'],lateral anterior side of leg (shown in video),not_reported,"not penetrated (visual only, no somatosensory input)",not_applicable,,prerecorded video displaying no rotating manipulation (control),not_reported,not_reported,False,not_applicable,not_applicable,video displayed for 6 s per trial,,6 s stimulation per trial,,one fMRI session,1.0,single session,participants were asked to imagine that they were receiving the same acupuncture stimulation on their body while watching the video,participants were asked to imagine that they were receiving the same acupuncture stimulation on their body while watching a video of acupuncture on the screen,not_reported,prerecorded videos featuring the same practitioner (DY),not_reported,Within-subject crossover fMRI experiment with six experimental conditions (three dose levels × two acupuncture modalities)
37901421,arm_set1,Set 1 (0 J/cm2),sham_acupuncture,16,16.0,Healthy volunteers,laser_acupuncture,"Gallium-aluminum-arsenide (GaAlAs) infrared laser RJ laser (Handylaser Trion; Reimers and Janssen GmbH, Winden, Germany), 810 nm, pulsed wave at Bahr 2: 1199 Hz for central/middle tissue layer","['PC6 (Neiguan)', 'bilateral PC6']","Two inches above the transverse crease of the wrist, about 5 cm or the width of three fingers, between the palmaris longus muscle and the flexor carpi radialis tendon",Bilateral,Contact (non-penetrating laser),not_applicable,,not_reported,not_applicable,Probe Size 4 mm,False,not_applicable,not_applicable,not_applicable,,20 s per point,,Single session,1.0,Single session within one study visit,not_reported,not_reported,PC6 selected as the stimulation intervention point; bilateral stimulation,Qualified LA expert practitioner who has received extensive training in traditional Chinese medicine (TCM) and traditional acupuncture with 8 years and has over two years of clinical experience in LA,not_reported,"Randomized controlled pilot study with 1 control group and 2 experimental groups, each group comprising varying ED of LA; between-subject design with pre/post resting-state fMRI"
37901421,arm_set2,Set 2 (7.96 J/cm2),verum_acupuncture,18,18.0,Healthy volunteers,laser_acupuncture,"Gallium-aluminum-arsenide (GaAlAs) infrared laser RJ laser (Handylaser Trion; Reimers and Janssen GmbH, Winden, Germany), 810 nm, pulsed wave at Bahr 2: 1199 Hz for central/middle tissue layer","['PC6 (Neiguan)', 'bilateral PC6']","Two inches above the transverse crease of the wrist, about 5 cm or the width of three fingers, between the palmaris longus muscle and the flexor carpi radialis tendon",Bilateral,Contact (non-penetrating laser),not_applicable,,not_reported,not_applicable,Probe Size 4 mm,False,not_applicable,not_applicable,not_applicable,,20 s per point; Single Joule: 1 J per point; Total Joule: 2 J bilateral,,Single session,1.0,Single session within one study visit,not_reported,not_reported,PC6 selected as the stimulation intervention point; bilateral stimulation,Qualified LA expert practitioner who has received extensive training in traditional Chinese medicine (TCM) and traditional acupuncture with 8 years and has over two years of clinical experience in LA,not_reported,"Randomized controlled pilot study with 1 control group and 2 experimental groups, each group comprising varying ED of LA; between-subject design with pre/post resting-state fMRI"
37901421,arm_set3,Set 3 (23.87 J/cm2),verum_acupuncture,17,17.0,Healthy volunteers,laser_acupuncture,"Gallium-aluminum-arsenide (GaAlAs) infrared laser RJ laser (Handylaser Trion; Reimers and Janssen GmbH, Winden, Germany), 810 nm, pulsed wave at Bahr 2: 1199 Hz for central/middle tissue layer","['PC6 (Neiguan)', 'bilateral PC6']","Two inches above the transverse crease of the wrist, about 5 cm or the width of three fingers, between the palmaris longus muscle and the flexor carpi radialis tendon",Bilateral,Contact (non-penetrating laser),not_applicable,,not_reported,not_applicable,Probe Size 4 mm,False,not_applicable,not_applicable,not_applicable,,60 s per point; Single Joule: 3 J per point; Total Joule: 6 J bilateral,,Single session,1.0,Single session within one study visit,not_reported,not_reported,PC6 selected as the stimulation intervention point; bilateral stimulation,Qualified LA expert practitioner who has received extensive training in traditional Chinese medicine (TCM) and traditional acupuncture with 8 years and has over two years of clinical experience in LA,not_reported,"Randomized controlled pilot study with 1 control group and 2 experimental groups, each group comprising varying ED of LA; between-subject design with pre/post resting-state fMRI"
38027487,arm_ea,electroacupuncture group,verum_acupuncture,25,24.0,post-stroke dysphagia,electroacupuncture,electroacupuncture plus conventional swallowing rehabilitation,"['GB20', 'HT5']","GB20: neck, below the occipital bone, between the sternocleidomastoid and trapezius muscles; HT5: palmar side of the forearm, at the radial edge of the ulnar flexor carpi radialis tendon",bilateral GB20 and HT5,GB20: oblique insertion; HT5: direct insertion,GB20: 1 cun toward the throat; HT5: 0.5 cun,,"flat tonic and flat diarrhea method; after obtaining Qi, electroacupuncture device connected",disposable sterile stainless-steel needles,GB20: 1.5 cun milli-needle; HT5: 1 cun milli-needle,True,"10 Hz, continuous wave","0.2 to 0.6 mA, tolerated by the patients",30 min,30.0,30 min,30.0,12 treatments,12.0,"once a day, 6 times a week, for two weeks",yes; 'after obtaining Qi',patient was seated in the upright position,"based on awakening the mind and dispelling the wind, opening the orifice, and facilitating the pharynx; combined with the principle of 'taking acupoints from the near part' and 'where the meridians pass, the main treatment reaches'","same acupuncturist, at least 5 years of acupuncture experience",single-blind; outcome assessors blinded; patients and acupuncturists not blinded,single-blind randomized controlled study
38027487,arm_ctrl,control group,active_control,25,24.0,post-stroke dysphagia,non_acupuncture,conventional swallowing rehabilitation (no acupuncture),[],not_reported,not_reported,not_applicable,not_applicable,,not_applicable,not_applicable,not_applicable,False,not_applicable,not_applicable,not_applicable,,30 min each time,30.0,12 sessions,12.0,six times a week for two weeks,not_applicable,not_reported,"traditional dysphagia treatments such as sensory stimulation, tongue retraction exercises, and oropharyngeal muscle strengthening exercises",same physiotherapist performed traditional dysphagia treatments,single-blind; outcome assessors blinded; patients and acupuncturists not blinded,single-blind randomized controlled study
38034817,arm_HT5,HT5 group,verum_acupuncture,9,9.0,Healthy volunteers; study aimed to reveal mechanisms relevant to post-stroke swallowing dysphagia,electroacupuncture,electroacupuncture,['HT5'],"HT5 on both sides (palmar side of the forearm, at the radial edge of the ulnar carpal flexor tendon)",bilateral,0.5 cun directly (main needle); 0.5 cun directly at the proximal end 0.2 cun close to the main needle (assistant needle for energization),0.5 cun,,stabbing to obtain Qi,milli-needle,1 cun,True,"10 Hz, continuous wave","0.2–0.6 mA, enough to produce sensation in subjects",30 min,30.0,30 min,30.0,not_reported,,not_reported,obtain Qi,"Stay calm throughout the test, follow the movements as indicated, report any signs of discomfort; not to swallow, cough or vocalize at will","HT5 acupoint can clear the heart and help the tongue, treating tongue stiffness and speech; stimulates linguopharyngeal swallowing muscles",not_reported,not_reported,Three-group parallel randomized controlled trial with healthy subjects undergoing electroacupuncture at different acupoints
38034817,arm_GB20,GB20 group,verum_acupuncture,9,9.0,Healthy volunteers; study aimed to reveal mechanisms relevant to post-stroke swallowing dysphagia,electroacupuncture,electroacupuncture,['GB20'],"GB20 on both sides (in the collar, below the occipital bone, between the sternocleidomastoid and trapezius muscles)",bilateral,obliquely 1 cun in the direction of the pharynx (main needle); 0.5 cun directly 0.2 cun from the proximal end of the main needle (assistant needle for energization only),1 cun oblique in direction of pharynx,,stabbing obliquely to obtain Qi,milli-needle,1.5 cun,True,"10 Hz, continuous wave","0.2–0.6 mA, enough to produce sensation in subjects",30 min,30.0,30 min,30.0,not_reported,,not_reported,obtain Qi,"Stay calm throughout the test, follow the movements as indicated, report any signs of discomfort; not to swallow, cough or vocalize at will",GB20 point is a key point for dispersing all internal and external winds; acupuncture may dispel the winds and open the orifice to assist the throat; activates swallowing-related cerebral cortex,not_reported,not_reported,Three-group parallel randomized controlled trial with healthy subjects undergoing electroacupuncture at different acupoints
38034817,arm_HT5_GB20,HT5 + GB20 group,verum_acupuncture,9,9.0,Healthy volunteers; study aimed to reveal mechanisms relevant to post-stroke swallowing dysphagia,electroacupuncture,electroacupuncture,"['HT5', 'GB20']",HT5 and GB20 on both sides,bilateral,same as respective single-point groups; two needles on the same side were linked,not_reported (same as respective single-point groups),,acupuncture to obtain Qi; the two needles on the same side were linked,not_reported (same as respective single-point groups),not_reported (same as respective single-point groups),True,"10 Hz, continuous wave","0.2–0.6 mA, enough to produce sensation in subjects",30 min,30.0,30 min,30.0,not_reported,,not_reported,obtain Qi,"Stay calm throughout the test, follow the movements as indicated, report any signs of discomfort; not to swallow, cough or vocalize at will",The combination of the HT5 acupoints and the GB20 acupoints can treat post-stroke dysphagia from both central and peripheral perspectives; when two acupoints are electroacupunctured their effects superimpose resulting in more substantial central and peripheral activation impact,not_reported,not_reported,Three-group parallel randomized controlled trial with healthy subjects undergoing electroacupuncture at different acupoints
38245739,arm_group1,Group 1,verum_acupuncture,50,50.0,Non-menstrual migraine without aura (MWoA),electroacupuncture,electroacupuncture with manual needle insertion,"['Baihui (DU20)', 'Shuaigu (GB8)', 'Xuanlu (GB5)', 'Touwei (ST8)']",DU20 and GB8 are the main points; GB5 and ST8 is the matching point,Electric stimulation was applied at DU20 and GB8 on the affected side,inserted with the purpose to achieve the Deqi sensation,not_reported,,Sterile single-use acupuncture needle with a length of 25–40 mm and a diameter of 0.25 mm were inserted with the purpose to achieve the Deqi sensation. Electric stimulation was applied at DU20 and GB8 on the affected side. The anode and cathode of each pair of electroacupuncture were respectively connected with the needle handle on the same side of the acupoint.,Disposable stainless steel acupuncture needles (Huatuo brand); Sterile single-use acupuncture needle,"0.35×40 mm (Huatuo brand); 25–40 mm length, 0.25 mm diameter (sterile single-use)",True,2 Hz,0.1 to 1.0 mA until the patient felt comfortable,20 min,20.0,each lasting 20 min,20.0,8 sessions,8.0,"4 weeks, with 2 sessions per week",yes; inserted with the purpose to achieve the Deqi sensation,All patients agreed not to take any regular medications for migraine for the duration of the study.,Acupoints were located according to the national standards for acupoint location (GB 12346-90); selected according to the principle of main points+syndrome differentiation,All acupuncture procedures were performed by the same acupuncturist with over 3 years of experience.,not_reported,"Prospective clinical trial with pre-post acupuncture design and healthy control comparison group; resting-state fMRI at two timepoints in patients, one timepoint in controls"
38245739,arm_group2,Group 2,healthy_control,50,50.0,Non-menstrual migraine without aura (MWoA),other,none,[],not_applicable,not_applicable,not_applicable,not_applicable,,not_applicable,not_applicable,not_applicable,False,not_applicable,not_applicable,not_applicable,,not_applicable,,not_applicable,,not_applicable,not_applicable,not_reported,not_applicable,not_applicable,not_reported,"Prospective clinical trial with pre-post acupuncture design and healthy control comparison group; resting-state fMRI at two timepoints in patients, one timepoint in controls"
38249582,arm_1min,1-min group,verum_acupuncture,10,10.0,Ischemic stroke with motor dysfunction,manual_acupuncture,Manual acupuncture twirling/rotating manipulation,"['Dazhui (GV14)', 'Zhiyang (GV9)', 'Mingmen (GV4)']",Governor Meridian,not_reported,not_reported,not_reported,,"The acupuncturist held the needle handle with the thumb and forefinger and rotated the needle body in an alternating clockwise and counterclockwise manner, the twist frequency was 120 times per minute and the angle was about 180°. Three acupoints were manipulated one by one in sequence after the needle produced the Deqi sensation. Each acupoint received continuous manipulation for 1-min. The needles had been pulled out immediately after the manipulation was completed.",not_reported,not_reported,False,not_applicable,not_applicable,Needles pulled out immediately after manipulation was completed,0.0,Total manipulation time: 3 min (3 acupoints × 1 min each),3.0,one acupuncture session,1.0,Single session,"Three acupoints were manipulated one by one in sequence after the needle produced the Deqi sensation (a soreness, numbness, and heaviness sensation)",not_reported,Governor Meridian is closely connected to the brain in Chinese medical theory and is frequently employed in the treatment of neuropsychiatric diseases,attending acupuncturist named Sifeng Feng,Outcome measurement completed by an independent evaluator who did not know what manipulation each participant received; group assignment concealed from participants,"Pilot study, randomized, three-group parallel design"
38249582,arm_2min,2-min group,verum_acupuncture,10,10.0,Ischemic stroke with motor dysfunction,manual_acupuncture,Manual acupuncture twirling/rotating manipulation,"['Dazhui (GV14)', 'Zhiyang (GV9)', 'Mingmen (GV4)']",Governor Meridian,not_reported,not_reported,not_reported,,"The acupuncturist held the needle handle with the thumb and forefinger and rotated the needle body in an alternating clockwise and counterclockwise manner, the twist frequency was 120 times per minute and the angle was about 180°. Three acupoints were manipulated one by one in sequence after the needle produced the Deqi sensation. Each acupoint received continuous manipulation for 2-min. The needles had been pulled out immediately after the manipulation was completed.",not_reported,not_reported,False,not_applicable,not_applicable,Needles pulled out immediately after manipulation was completed,0.0,Total manipulation time: 6 min (3 acupoints × 2 min each),6.0,one acupuncture session,1.0,Single session,"Three acupoints were manipulated one by one in sequence after the needle produced the Deqi sensation (a soreness, numbness, and heaviness sensation)",not_reported,Governor Meridian is closely connected to the brain in Chinese medical theory and is frequently employed in the treatment of neuropsychiatric diseases,attending acupuncturist named Sifeng Feng,Outcome measurement completed by an independent evaluator who did not know what manipulation each participant received; group assignment concealed from participants,"Pilot study, randomized, three-group parallel design"
38249582,arm_3min,3-min group,verum_acupuncture,10,10.0,Ischemic stroke with motor dysfunction,manual_acupuncture,Manual acupuncture twirling/rotating manipulation,"['Dazhui (GV14)', 'Zhiyang (GV9)', 'Mingmen (GV4)']",Governor Meridian,not_reported,not_reported,not_reported,,"The acupuncturist held the needle handle with the thumb and forefinger and rotated the needle body in an alternating clockwise and counterclockwise manner, the twist frequency was 120 times per minute and the angle was about 180°. Three acupoints were manipulated one by one in sequence after the needle produced the Deqi sensation. Each acupoint received continuous manipulation for 3-min. The needles had been pulled out immediately after the manipulation was completed.",not_reported,not_reported,False,not_applicable,not_applicable,Needles pulled out immediately after manipulation was completed,0.0,Total manipulation time: 9 min (3 acupoints × 3 min each),9.0,one acupuncture session,1.0,Single session,"Three acupoints were manipulated one by one in sequence after the needle produced the Deqi sensation (a soreness, numbness, and heaviness sensation)",not_reported,Governor Meridian is closely connected to the brain in Chinese medical theory and is frequently employed in the treatment of neuropsychiatric diseases,attending acupuncturist named Sifeng Feng,Outcome measurement completed by an independent evaluator who did not know what manipulation each participant received; group assignment concealed from participants,"Pilot study, randomized, three-group parallel design"
38585348,EG,electroacupuncture group,verum_acupuncture,34,34.0,Subjective tinnitus (ST),electroacupuncture,electroacupuncture,"['SI19 (Tinggong)', 'GB11 (Touqiaoyin)', 'TE17 (Yifeng)', 'GV20 (Baihui)', 'GV15 (Yamen)', 'GV14 (Dazhui)', 'SJ13 (Zhongzhu)']","acupoints on the affected side of SI19, GB11, TE17, SJ13 and the acupoints on the governor vessel of GV20, GV15, GV14","acupoints on the affected side (SI19, GB11, TE17, SJ13); governor vessel (GV20, GV15, GV14)",penetrating,"SI19: 30–40mm; GV15: 25mm–30mm; GB11, TE17: 20mm–30mm; GV20, SJ13: 20mm; GV14: 20mm–30mm",,"SI19: needled with open mouth toward inner ear until ear had slight electrical shock sensation without twisting needle; GV15: needled with needle tip toward lower jaw with mouth closed, nose pinched and air blown until patient felt local pain and distension; GB11, TE17: obliquely punctured with needle tip toward ear until ear had slight electrical shock sensation; GV20, SJ13: obliquely needled until achieving de qi needling sensation (soreness, numbness, distention, heaviness, and other sensations); GV14: obliquely upward needled with needle sensation radiating around",disposable sterile acupuncture needles,0.35×40mm,True,density wave of 2/50Hz,current intensity was determined by the patient's tolerance,30min,30.0,30min needle retention,30.0,10 sessions total,10.0,"3 treatments per week, once every other day, 10 sessions total","yes; de qi needling sensation (a composite of sensations including soreness, numbness, distention, heaviness, and other sensations), which is believed to be an essential component of acupuncture efficacy",not_reported,"based on the clinical treatment experience of ST of Professor Yang Jun, the National Celebrated Traditional Chinese Medicine Expert in China, with the main treatment principle of 'Ningshen Tongqiao (Calming the mind and clearing the orifices), Tongjing Huoluo (Expediting channel and activating meridian)'; based on the possible pathogenic factors of ST 'qi and blood stagnation, spirit and auditive orifice blockage' in TCM and 'insufficient blood supply, nerve damage, immune inflammation' in modern biomedicine",performed by Professor Yang in the acupuncture department of Anhui Provincial Hospital of Traditional Chinese Medicine,not_reported,"Non-randomized pre-post clinical study with matched healthy control group; EG received electroacupuncture treatment, CG received no intervention"
38585348,CG,control group,healthy_control,34,34.0,Subjective tinnitus (ST),other,none,[],not_applicable,not_applicable,not_applicable,not_applicable,,not_applicable,not_applicable,not_applicable,False,not_applicable,not_applicable,not_applicable,,not_applicable,,not_applicable,,not_applicable,not_applicable,not_reported,not_applicable,not_applicable,not_reported,"Non-randomized pre-post clinical study with matched healthy control group; EG received electroacupuncture treatment, CG received no intervention"
38651018,arm_AD_real,"AD, Post-Treatment (Real Acupuncture)",verum_acupuncture,27,27.0,"Atopic Dermatitis (AD), mild-moderate",manual_acupuncture,manual acupuncture,[],not_reported,not_reported,not_reported,not_reported,,not_reported,not_reported,not_reported,False,not_applicable,not_applicable,not_reported,,15 minutes/session,15.0,8 sessions,8.0,not_reported,not_reported,not_reported,not_reported,not_reported,participant- and assessor-blind,"Randomized, participant- and assessor-blind, sham-controlled trial with neuroimaging component"
38651018,arm_AD_sham,"AD, Post-Treatment (Sham Acupuncture)",sham_acupuncture,14,14.0,"Atopic Dermatitis (AD), mild-moderate",sham_needling,sham acupuncture,[],not_reported,not_reported,not_reported,not_reported,,not_reported,not_reported,not_reported,False,not_applicable,not_applicable,not_reported,,15 minutes/session,15.0,8 sessions,8.0,not_reported,not_reported,not_reported,not_reported,not_reported,participant- and assessor-blind,"Randomized, participant- and assessor-blind, sham-controlled trial with neuroimaging component"
38651018,arm_AD_baseline,AD Baseline,other,41,41.0,"Atopic Dermatitis (AD), mild-moderate",,,[],,,,,,,,,,,,,,,,,,,,,,,participant- and assessor-blind,"Randomized, participant- and assessor-blind, sham-controlled trial with neuroimaging component"
38651018,arm_HC,Healthy Controls,healthy_control,40,40.0,"Atopic Dermatitis (AD), mild-moderate",,,[],,,,,,,,,,,,,,,,,,,,,,,participant- and assessor-blind,"Randomized, participant- and assessor-blind, sham-controlled trial with neuroimaging component"
38651018,arm_AD_high_responder,high responders,verum_acupuncture,,11.0,"Atopic Dermatitis (AD), mild-moderate",,,[],,,,,,,,,,,,,,,,,,,,,,,participant- and assessor-blind,"Randomized, participant- and assessor-blind, sham-controlled trial with neuroimaging component"
38651018,arm_AD_low_responder,low responders,verum_acupuncture,,16.0,"Atopic Dermatitis (AD), mild-moderate",,,[],,,,,,,,,,,,,,,,,,,,,,,participant- and assessor-blind,"Randomized, participant- and assessor-blind, sham-controlled trial with neuroimaging component"
38681626,EAS,electro-acupuncture stimulation (EAS) group,verum_acupuncture,14,14.0,First-episode major depressive disorder (MDD),electroacupuncture,electroacupuncture,"['Bai hui (DU20)', 'Si Shen Cong (EX-HN1)', 'Tai Yang (EX-HN5)', 'Yin Tang (EX-HN3)', 'He Gu (LI4)']",not_reported,not_reported,not_reported,not_reported,,Electrodes connected to needle handles of four acupuncture points after acupuncture,not_reported,not_reported,True,continuous wave with a pulse frequency of 1HZ,amplitude based on the patient's feeling of jumping at the needle tip and tolerable,30 min/time,30.0,30 min/time,30.0,18 times in total,18.0,"6 weeks (3 times one week, every other day)",not_reported,not_reported,Acupuncture points for depression based on the meridian theory of traditional Chinese medicine and clinical practice,not_reported,Not explicitly described beyond sham procedure; no formal blinding assessment reported,Randomized controlled trial with two parallel arms (electro-acupuncture stimulation vs sham-acupuncture stimulation); resting-state fMRI pre- and post-treatment
38681626,SAS,sham-acupuncture stimulation (SAS) group,sham_acupuncture,14,14.0,First-episode major depressive disorder (MDD),sham_needling,sham needling,"['Bai hui (DU20)', 'Si Shen Cong (EX-HN1)', 'Tai Yang (EX-HN5)', 'Yin Tang (EX-HN3)', 'He Gu (LI4)']",superficial area of the same five acupoints,not_reported,superficial area (needles put in the superficial area of the same five acupoints),superficial,,No manipulation was performed during the entire treatment,not_reported,not_reported,False,not_applicable,not_applicable,30 min/time,30.0,30 min/time,30.0,18 times in total,18.0,"6 weeks (3 times one week, every other day)",not DE Qi was obtained from the acupuncture points,not_reported,not_reported,not_reported,Not explicitly described beyond sham procedure; no formal blinding assessment reported,Randomized controlled trial with two parallel arms (electro-acupuncture stimulation vs sham-acupuncture stimulation); resting-state fMRI pre- and post-treatment
39089662,AG,acupuncture group (AG),verum_acupuncture,30,25.0,chronic sciatica (chronic neuropathic pain),manual_acupuncture,manual acupuncture,"['BL25 (bilateral, obligatory)', 'BL26 (bilateral, obligatory)', 'GB30 (unilateral, adjunct)', 'GB31 (unilateral, adjunct)', 'GB33 (unilateral, adjunct)', 'GB34 (unilateral, adjunct)', 'GB39 (unilateral, adjunct)', 'BL36 (unilateral, adjunct)', 'BL40 (unilateral, adjunct)', 'BL54 (unilateral, adjunct)', 'BL57 (unilateral, adjunct)', 'BL60 (unilateral, adjunct)']",bilateral BL25 and BL26 as obligatory acupoints; 5 unilateral acupoints selected as adjunct acupoints based on specific syndrome,"bilateral for obligatory acupoints; unilateral (affected side) for BL25, BL26, GB30, and BL54 on affected side for deep needling; other acupoints with standard needles",skin penetrating,"approximately 40 to 50 mm for BL25, BL26, GB30, and BL54 on affected side; not specified for others",,"Twirling, lifting, and thrusting manipulations were performed to achieve 'de qi' sensation",disposable stainless-steel needles,".30 × 75 mm for BL25, BL26, GB30, and BL54 on affected side; .30 × 40 mm for other acupoints",False,not_applicable,not_applicable,30 minutes per session,30.0,30 minutes,30.0,10 sessions over 4 weeks,10.0,"4 weeks; 3 sessions per week in first 2 weeks, 2 sessions per week in remaining weeks","yes; soreness, numbness, distension, or heaviness",not_reported,semistandardized acupuncture based on specific syndrome (Taiyang Meridian Syndrome or Shaoyang Meridian Syndrome),licensed acupuncturists with at least 3 years of treatment experience,patients blinded to group assignments; acupuncturists not blinded; other researchers blinded to treatment allocation,exploratory study; randomized controlled trial with two parallel arms (acupuncture group and sham acupuncture group); multicenter
39089662,SG,sham acupuncture group (SG),sham_acupuncture,30,25.0,chronic sciatica (chronic neuropathic pain),sham_needling,sham acupuncture,[],7 non-acupoints (NAs) localized away from the relative meridians,not_reported,no penetration into the skin for most NAs; penetrating operation for NA5,no penetration for most NAs; 25 to 40 mm for NA5,,no manipulations performed for sham acupuncture intervention,blunt-tipped needles for most NAs; conventional acupuncture needle for NA5,.30 × 25 mm (blunt-tipped) for most NAs; conventional acupuncture needle (size not specified) for NA5,False,not_applicable,not_applicable,30 minutes per session,30.0,30 minutes,30.0,10 sessions over 4 weeks,10.0,"4 weeks; 3 sessions per week in first 2 weeks, 2 sessions per week in remaining weeks",no attempt to induce 'de qi' sensation,not_reported,not_reported,licensed acupuncturists with at least 3 years of treatment experience,patients blinded to group assignments; acupuncturists not blinded; other researchers blinded to treatment allocation,exploratory study; randomized controlled trial with two parallel arms (acupuncture group and sham acupuncture group); multicenter
39368604,arm_real,fluoxetine + real acupuncture,verum_acupuncture,22,18.0,Major depressive disorder (MDD),manual_acupuncture,manual acupuncture,"['CV8 (umbilicus)', 'Zhongwan (RN12)', 'Xiawan (RN10)', 'Qihai (RN6)', 'Guanyuan (RN4)', 'Shangqu (KL17)', 'Huamen (ST24)', 'Qipang (extra-point)']",Abdomen,not_reported,needle inserted into the muscle,15–20 mm,,not_reported,fine needle,0.2 mm × 40 mm,False,not_applicable,not_applicable,20 min,20.0,20 min,20.0,once a day for the first 3 days and then once every 3 days for the rest of the 8-week trial,,8 weeks,The advantage of abdominal acupuncture is that it results in only mild sensation,each participant was asked to lie on her back with a mask over her eyes; abdomen was covered with a sheet during treatment,"Abdominal acupoints were selected based on traditional Chinese medicine theory. CV8 (umbilicus) was selected as the main acupoint because it plays a critical role in promoting and regulating airflow. Other acupoints selected because they are near important meridians and easily communicate with the five Zang and six Fu organs through channels such as meridians, blood vessels, thoracic meridians, and belt meridians. This acupuncture prescription can coordinate qi stagnation in the five Zang organs, replenish qi and blood, and thereby relieve depressive disorder.",acupuncturist with more than 3 years of experience,Participants wore a blindfold and mask during treatment; not explicitly stated whether outcome assessors or investigators were blinded,"Blinded, randomized, controlled study; two parallel arms, both receiving oral fluoxetine plus either real or sham abdominal acupuncture; resting-state fMRI acquired at pre- and post-treatment"
39368604,arm_sham,fluoxetine + sham acupuncture,sham_acupuncture,24,18.0,Major depressive disorder (MDD),sham_needling,sham acupuncture,"['CV8 (umbilicus)', 'Zhongwan (RN12)', 'Xiawan (RN10)', 'Qihai (RN6)', 'Guanyuan (RN4)', 'Shangqu (KL17)', 'Huamen (ST24)', 'Qipang (extra-point)']",Abdomen (same acupoints as real group),not_reported,needle was not inserted into the skin through the sheath,not_applicable,,"acupuncturist used only the short plastic needle sheath, not containing the needle, to tap the skin at the acupoint",not_applicable (no needle used),not_applicable,False,not_applicable,not_applicable,same duration as real group (20 min implied),20.0,same timing and frequency as real group,20.0,same as real group: once a day for the first 3 days and then once every 3 days for the rest of the 8-week trial,,8 weeks,not_reported,each subject was required to be in the supine position with a blindfold and a mask; patient's abdomen was covered with a sterile blanket under a sheet during the treatment period,not_reported,"acupuncturist (same as real group, implied)",Participants wore a blindfold and mask during treatment; not explicitly stated whether outcome assessors or investigators were blinded,"Blinded, randomized, controlled study; two parallel arms, both receiving oral fluoxetine plus either real or sham abdominal acupuncture; resting-state fMRI acquired at pre- and post-treatment"
39468590,arm_acupuncture,acupuncture group,verum_acupuncture,59,,"type 2 diabetes mellitus (T2DM), overweight or obese",electroacupuncture,electroacupuncture at selected points; manual acupuncture at remaining points,"['Renying (ST9, level with the tip of and 1.5 cun lateral to the laryngeal prominence)', 'Shuitu (ST10, 1 cun down from ST9, on the anterior border of sternocleidomastoideus muscle)', 'Liangmen (ST21, 4 cun above the midline of the umbilicus, 2 cun lateral to the anterior midline of the abdomen)', 'Tianshu (ST25, 2 cun lateral to the midline of the umbilicus)', 'Guilai (ST29, 4 cun below the midline of the umbilicus, 2 cun lateral to the anterior midline of the abdomen)', 'Zusanli (ST36, 3 cun below the lateral depression of patellar ligament, one finger width lateral from the anterior crest of the tibia)', 'Fenglung (ST40, 8 cun superior to the tip of the external malleolus, two finger width lateral from the anterior crest of the tibia)', 'Neiting (ST44, Proximal to the web margin between the 2nd and 3rd toes, at the junction posterior to the toe web of the red and white skin)']",Foot Yang Ming stomach channel acupoints,not_reported,approximately 30 to 40 mm into the skin,approximately 30 to 40 mm,35.0,"needles in ST25, ST29, ST36, and ST40 connected to electro-stimulator (G6805-2 A, Shanghai Huayi Medicinal Instruments Co., Ltd, Shanghai, China) producing electrical stimulation with a continuous 1 Hz wave for 10 min",disposable acupuncture needles,"45 mm in length and 0.3 mm in diameter, Suzhou Medical Appliance Factory, Jiangsu Province, China",True,continuous 1 Hz wave,not_reported,needles left for 30 min,30.0,30 min,30.0,"once every 2 days, 15 times in total",15.0,1 month,not_reported,not_reported,"According to the theory of channels of Traditional Chinese Medicine, Foot Yang Ming stomach channel acupoints were chosen referring to previous systematic reviews and consultations with specialists",professional acupuncturist with a Chinese medicine practitioner license from the Ministry of Health of the People's Republic of China,"single-blind; participants, data collection staff, and data analysts blinded to treatment assignments; acupuncturist aware of group assignments prior to treatment",single-blind randomized clinical trial with sham acupuncture control
39468590,arm_control,control group,sham_acupuncture,59,,"type 2 diabetes mellitus (T2DM), overweight or obese",sham_needling,superficial needling without electrical stimulation,"['ST9 (Renying)', 'ST10 (Shuitu)', 'ST21 (Liangmen)', 'ST25 (Tianshu)', 'ST29 (Guilai)', 'ST36 (Zusanli)', 'ST40 (Fenglung)', 'ST44 (Neiting)']",same acupoints as authentic group,not_reported,needles were penetrated only 2-3 mm into the skin,2-3 mm,2.5,"needles in ST25, ST29, ST36, and ST40 were connected to the electro-stimulator without electrical stimulation",not_reported,not_reported,False,not_applicable,not_applicable,needles left for 30 min,30.0,30 min,30.0,"once every 2 days, 15 times in total",15.0,1 month,not_reported,not_reported,not_reported,same professional acupuncturist,"single-blind; participants, data collection staff, and data analysts blinded to treatment assignments; acupuncturist aware of group assignments prior to treatment",single-blind randomized clinical trial with sham acupuncture control
39499594,arm_rest,resting state,other,20,20.0,healthy volunteers,non_acupuncture,no stimulation,[],not_applicable,not_applicable,not_applicable,not_applicable,,not_applicable,not_applicable,not_applicable,False,not_applicable,not_applicable,not_applicable,,10 minutes resting state; 20 seconds selected for analysis,10.0,1,1.0,not_reported,not_applicable,close their eyes and minimize physical activity to eliminate interference as much as possible,not_applicable,not_applicable,not_reported,within-subject experimental study recording EEG during resting state and two acupuncture manipulation conditions
39499594,arm_LT,lifting-thrusting (LT) manipulation,verum_acupuncture,20,20.0,healthy volunteers,manual_acupuncture,manual acupuncture,['ST36'],"lower limb, one finger's breadth from the anterior crest of the tibia, 3 centimeters below the right or left knee joint",right ST36,insertion into acupoint,10 mm,10.0,"the needle was vertically lifted and thrusted at an appropriate depth, frequency of 150 times/min",not_reported,not_reported,False,not_applicable,not_applicable,"not_reported explicitly; manipulation performed for 1 minute, then needle removed",3.0,first 2 minutes post-insertion then LT manipulation for 1 minute; median 20 seconds selected for analysis,3.0,1,1.0,single session,needle inserted till 'qi' was felt to arrive and the subject had some needling sensations,close their eyes and minimize physical activity,peripheral nerve stimulation with acupuncture; ST36 widely used in traditional Chinese medicine for its ability to regulate brain function as well as the stomach and spleen,specialist acupuncturist,not_reported,within-subject experimental study recording EEG during resting state and two acupuncture manipulation conditions
39499594,arm_TR,twirling-rotating (TR) manipulation,verum_acupuncture,20,20.0,healthy volunteers,manual_acupuncture,manual acupuncture,['ST36'],"lower limb, one finger's breadth from the anterior crest of the tibia, 3 centimeters below the right or left knee joint",right ST36,insertion into acupoint,10 mm,10.0,"the needle was horizontally rotated at an appropriate force, frequency of 150 times/min",not_reported,not_reported,False,not_applicable,not_applicable,"not_reported explicitly; manipulation performed for 1 minute, then needle removed",3.0,first 2 minutes post-insertion then TR manipulation for 1 minute; median 20 seconds selected for analysis,3.0,1,1.0,single session,needle inserted till 'qi' was felt to arrive and the subject had some needling sensations,close their eyes and minimize physical activity,peripheral nerve stimulation with acupuncture; ST36 widely used in traditional Chinese medicine for its ability to regulate brain function as well as the stomach and spleen,specialist acupuncturist,not_reported,within-subject experimental study recording EEG during resting state and two acupuncture manipulation conditions
39543627,arm_RA,real acupuncture (RA),verum_acupuncture,23,18.0,Chronic insomnia disorder (CID),manual_acupuncture,manual acupuncture,"['Baihui (DU20)', 'Zhongwan (RN12)', 'Zusanli (ST36)']",not_reported,not_reported,yes,0.5 to 1.5 cun (1 cun = 25 mm),,"gently twisted, lifted, and pushed the needles with consistent amplitude, force, and speed to induce the Deqi sensation",disposable stainless-steel needles,not_reported,False,not_applicable,not_applicable,30 min after patient reported Deqi,30.0,not_reported,,20 sessions,20.0,"four-week treatment duration, with five consecutive daily sessions per week followed by two days off","yes; Deqi refers to the subjective feelings of soreness, numbness, heaviness, and distension experienced by the patient, as well as the sensations of heaviness, astringency, and tightness felt by the acupuncturist",not_reported,According to traditional acupuncture practices and several clinical studies; DU20 is a commonly used acupoint to improve sleep; RN12 and ST36 are commonly used to regulate gastrointestinal function; ST36 can regulate not only GI symptoms but also sleep; selected according to a previous similar study on disharmony of stomach theory,two licensed acupuncturists,"Grouping information was blind for CID patients, recruiting researchers, and statisticians. Acupuncturists were not blinded.",Two-experiment study: a cross-sectional and a longitudinal experiment. The longitudinal experiment was a randomized controlled trial.
39543627,arm_SA,sham acupuncture (SA),sham_acupuncture,22,19.0,Chronic insomnia disorder (CID),sham_needling,shallow needle insertion at non-acupoints,[],"non-acupoints located near the real acupoints (2 cm lateral to DU20, RN12, and ST36), which were not part of any known meridian or traditional acupoint",not_reported,"yes, shallow",2–3 mm,2.5,"After the needle was inserted into the skin, no needle manipulation was performed",not_reported,not_reported,False,not_applicable,not_applicable,30 min,30.0,not_reported,,20 sessions,20.0,"four-week treatment duration, with five consecutive daily sessions per week followed by two days off",not reported; no manipulation performed,not_reported,"Referring to a previous study [33], the SA group adopted the operation method of shallow needle insertion (depth of 2–3 mm) at non-acupoints.",two licensed acupuncturists,"Grouping information was blind for CID patients, recruiting researchers, and statisticians. Acupuncturists were not blinded.",Two-experiment study: a cross-sectional and a longitudinal experiment. The longitudinal experiment was a randomized controlled trial.
39543627,arm_HC,healthy controls (HCs),healthy_control,25,23.0,Chronic insomnia disorder (CID),,,[],,,,,,,,,,,,,,,,,,,,,,,"Grouping information was blind for CID patients, recruiting researchers, and statisticians. Acupuncturists were not blinded.",Two-experiment study: a cross-sectional and a longitudinal experiment. The longitudinal experiment was a randomized controlled trial.
39648209,arm_SSRIs,SSRIs,medication,40,,major depressive disorder (MDD),non_acupuncture,pharmacological,[],not_applicable,not_applicable,not_applicable,not_applicable,,not_applicable,not_applicable,not_applicable,False,not_applicable,not_applicable,not_applicable,,not_reported,,continuous daily dosing,,at least 6 weeks prior to inclusion; stabilized throughout the trial,not_applicable,keep medication diaries,first-line treatment for MDD; promotes neuroplasticity or increases 5-HT levels,psychiatrist,"Participants, outcome assessors and statisticians were blinded to group allocation; acupuncturists were not blinded. For the MRI study, randomization and blinding were not applicable.","multicenter, prospective, randomized controlled trial (RCT) with nested fMRI substudy (non-repeated event-related [NRER] paradigm)"
39648209,arm_SSRIs_SIA,SSRIs + SIA,sham_acupuncture,40,,major depressive disorder (MDD),non_acupuncture,pharmacological,[],not_applicable,not_applicable,not_applicable,not_applicable,,not_applicable,not_applicable,not_applicable,False,not_applicable,not_applicable,not_applicable,,not_reported,,continuous daily dosing,,stabilized throughout the trial,not_applicable,keep medication diaries,same as SSRIs arm,psychiatrist,"Participants, outcome assessors and statisticians were blinded to group allocation; acupuncturists were not blinded. For the MRI study, randomization and blinding were not applicable.","multicenter, prospective, randomized controlled trial (RCT) with nested fMRI substudy (non-repeated event-related [NRER] paradigm)"
39648209,arm_SSRIs_AIA,SSRIs + AIA,verum_acupuncture,40,,major depressive disorder (MDD),intradermal_acupuncture,intradermal acupuncture,"['Shenmen (HT7)', 'Neiguan (PC6)', 'Sanyinjiao (SP6)', 'Taichong (LR3)']","Shenmen (HT7), Neiguan (PC6), Sanyinjiao (SP6) and Taichong (LR3) bilaterally",bilateral,intradermal (needle body present),intradermal,,"patients instructed to press each acupoint 3-4 times a day for 1 min at 4-h intervals, with as much stimulation as could be tolerated","SEIRIN Co., Japan",not_reported,False,not_applicable,not_applicable,once every 72 h and then removed with 1 day of break,,not_reported,,10 times,10.0,approximately 6 weeks,not_reported,"press each acupoint 3-4 times a day for 1 min at 4-h intervals, with as much stimulation as could be tolerated","selected based on previous research; acupoints Shenmen (HT7), Neiguan (PC6), Sanyinjiao (SP6) and Taichong (LR3) selected bilaterally according to previous research",not_reported for RCT; two standardized trained acupuncturists for MRI substudy,"Participants, outcome assessors and statisticians were blinded to group allocation; acupuncturists were not blinded. For the MRI study, randomization and blinding were not applicable.","multicenter, prospective, randomized controlled trial (RCT) with nested fMRI substudy (non-repeated event-related [NRER] paradigm)"
39648209,arm_HC,healthy controls (HCs),healthy_control,20,20.0,major depressive disorder (MDD),,,[],,,,,,,,,,,,,,,,,,,,,,,"Participants, outcome assessors and statisticians were blinded to group allocation; acupuncturists were not blinded. For the MRI study, randomization and blinding were not applicable.","multicenter, prospective, randomized controlled trial (RCT) with nested fMRI substudy (non-repeated event-related [NRER] paradigm)"
39648209,arm_MDD_MRI,MDD patients (MRI substudy),verum_acupuncture,20,15.0,major depressive disorder (MDD),intradermal_acupuncture,intradermal acupuncture,"['PC6', 'HT7', 'SP6', 'LR3']","PC6, HT7, SP6, and LR3, from right to left (all taken bilaterally)",bilateral,intradermal,intradermal,,stimulation frequency of 60 times per minute,"SEIRIN Co., Japan",not_reported,False,not_applicable,not_applicable,not_reported,,"8 minutes of continuous AIA stimulation (1 min per acupoint, order: PC6, HT7, SP6, LR3)",8.0,1 session (before second MRI scan),1.0,single session,not_reported,"lie flat and relaxed, keep eyes closed but stay awake",consistent with the trial acupoints; NRER paradigm to explore sustained effects,two standardized trained acupuncturists,"Participants, outcome assessors and statisticians were blinded to group allocation; acupuncturists were not blinded. For the MRI study, randomization and blinding were not applicable.","multicenter, prospective, randomized controlled trial (RCT) with nested fMRI substudy (non-repeated event-related [NRER] paradigm)"
39654647,arm_verum_acu,Experimental group (acupuncture therapy alone or in combination with other conventional therapies),verum_acupuncture,,,Stroke (primarily ischemic stroke; also haemorrhagic stroke),unclear,not_reported,[],not_reported,not_reported,not_reported,not_reported,,not_reported,not_reported,not_reported,,not_applicable,not_applicable,not_reported,,not_reported,,not_reported,,not_reported,not_reported,not_reported,not_reported,not_reported,not_applicable (review article),Systematic review and evidence mapping of neuroimaging studies on acupuncture for stroke treatment using MRI
39654647,arm_sham_acu,Sham acupuncture (SA) / placebo acupuncture,sham_acupuncture,,,Stroke (primarily ischemic stroke; also haemorrhagic stroke),sham_needling,not_reported,[],non-acupoints,not_reported,not_reported,not_reported,,not_reported,not_reported,not_reported,,not_applicable,not_applicable,not_reported,,not_reported,,not_reported,,not_reported,De-qi avoided (two studies emphasizing that non-meridian points should be avoided De-qi),not_reported,not_reported,not_reported,not_applicable (review article),Systematic review and evidence mapping of neuroimaging studies on acupuncture for stroke treatment using MRI
39654647,arm_other_therapy,"Control group: no treatment, drugs, Chinese medicine, rehabilitation therapy, or other therapies",active_control,,,Stroke (primarily ischemic stroke; also haemorrhagic stroke),,,[],,,,,,,,,,,,,,,,,,,,,,,not_applicable (review article),Systematic review and evidence mapping of neuroimaging studies on acupuncture for stroke treatment using MRI
39654647,arm_healthy_control,Healthy control (HC),healthy_control,,,Stroke (primarily ischemic stroke; also haemorrhagic stroke),,,[],,,,,,,,,,,,,,,,,,,,,,,not_applicable (review article),Systematic review and evidence mapping of neuroimaging studies on acupuncture for stroke treatment using MRI
39877657,arm_AD,AD,other,14,13.0,Alzheimer's disease (AD),manual_acupuncture,manual acupuncture,"['bilateral Taichong (LIV3, located on the dorsum of the left and right feet)', 'bilateral Hegu (LI4, located on the dorsum of the left and right hands)']",bilateral feet (LIV3) and bilateral hands (LI4),bilateral,not_reported,not_reported,,manual acupuncture,not_reported,not_reported,False,not_applicable,not_applicable,3 min,3.0,3 min,3.0,1,1.0,single session,not_reported,not_reported,"LIV3 and LI4 are collectively known as Si Guan (The Four Gates) or Four Bars, which are thought to promote the circulation of Qi and blood throughout the body and have a calming effect. Source points (Yuan points) refer to the places where the Yuan Qi resides, surfaces, and lingers, which are hubs for internal and external energies gathering and transforming.",not_reported,not_reported,"Resting-state fMRI study with pre- and post-acupuncture scans in AD patients and normal controls, plus a separate dataset of 100 healthy participants for RSC connectivity mapping"
39877657,arm_NC,NC,healthy_control,14,14.0,Alzheimer's disease (AD),manual_acupuncture,manual acupuncture,"['bilateral Taichong (LIV3, located on the dorsum of the left and right feet)', 'bilateral Hegu (LI4, located on the dorsum of the left and right hands)']",bilateral feet (LIV3) and bilateral hands (LI4),bilateral,not_reported,not_reported,,manual acupuncture,not_reported,not_reported,False,not_applicable,not_applicable,3 min,3.0,3 min,3.0,1,1.0,single session,not_reported,not_reported,"LIV3 and LI4 are collectively known as Si Guan (The Four Gates) or Four Bars, which are thought to promote the circulation of Qi and blood throughout the body and have a calming effect.",not_reported,not_reported,"Resting-state fMRI study with pre- and post-acupuncture scans in AD patients and normal controls, plus a separate dataset of 100 healthy participants for RSC connectivity mapping"
39877657,arm_healthy100,100 healthy participants,healthy_control,100,100.0,Alzheimer's disease (AD),,,[],,,,,,,,,,,,,,,,,,,,,,,not_reported,"Resting-state fMRI study with pre- and post-acupuncture scans in AD patients and normal controls, plus a separate dataset of 100 healthy participants for RSC connectivity mapping"
40022556,arm_CID_crosssec,CID patients (Dataset 1),other,108,105.0,Chronic insomnia disorder (CID),,,[],,,,,,,,,,,,,,,,,,,,,,,"Throughout the study, outcome assessors, data collectors, and statisticians remained blinded to the group assignments",Two-dataset study: (1) cross-sectional case-control neuroimaging study (Dataset 1); (2) randomized longitudinal neuroimaging study with acupuncture treatment or waitlist control (Dataset 2)
40022556,arm_HC_crosssec,Healthy controls (Dataset 1),healthy_control,96,92.0,Chronic insomnia disorder (CID),,,[],,,,,,,,,,,,,,,,,,,,,,,"Throughout the study, outcome assessors, data collectors, and statisticians remained blinded to the group assignments",Two-dataset study: (1) cross-sectional case-control neuroimaging study (Dataset 1); (2) randomized longitudinal neuroimaging study with acupuncture treatment or waitlist control (Dataset 2)
40022556,arm_acupuncture,Acupuncture group (Dataset 2),verum_acupuncture,24,23.0,Chronic insomnia disorder (CID),manual_acupuncture,manual acupuncture with needles,"['Baihui (GV20)', 'Sishencong', 'Anmian', 'Shenmen (HT7)', 'Neiguan (PC6)', 'Sanyinjiao (SP6)']",not_reported,not_reported,needle insertion to elicit Deqi sensation,not_reported,,"lifting, thrusting, twirling, and rotating the needle to elicit the 'Deqi' sensation",disposable stainless-steel needles,0.30×25 mm/0.30×40 mm,False,not_applicable,not_applicable,30 min per session,30.0,30 min,30.0,20 sessions over 4 weeks (five sessions weekly),20.0,4 weeks,"yes; characterized by feelings of pain, heaviness, numbness, swelling, or radiation indicating effective treatment",not_reported,"Points selected based on traditional clinical theory, practices, and existing evidence suggesting synergistic effect in improving insomnia symptoms",two licensed acupuncturists with more than 3 years of experience,"Throughout the study, outcome assessors, data collectors, and statisticians remained blinded to the group assignments",Two-dataset study: (1) cross-sectional case-control neuroimaging study (Dataset 1); (2) randomized longitudinal neuroimaging study with acupuncture treatment or waitlist control (Dataset 2)
40022556,arm_waitlist,Waitlist group (Dataset 2),waitlist,24,21.0,Chronic insomnia disorder (CID),other,no treatment during observation period,[],not_applicable,not_applicable,not_applicable,not_applicable,,not_applicable,not_applicable,not_applicable,False,not_applicable,not_applicable,not_applicable,,not_applicable,,not_applicable,,4 weeks observational period,not_applicable,Patients in the waitlist group did not receive acupuncture but were informed that they would be provided with 20 sessions of acupuncture treatment without charge after the completion of the full observational period,not_reported,not_applicable,"Throughout the study, outcome assessors, data collectors, and statisticians remained blinded to the group assignments",Two-dataset study: (1) cross-sectional case-control neuroimaging study (Dataset 1); (2) randomized longitudinal neuroimaging study with acupuncture treatment or waitlist control (Dataset 2)
40584525,arm_HC,HC group,healthy_control,41,41.0,amnestic mild cognitive impairment (aMCI),,,[],,,,,,,,,,,,,,,,,,,,,,,not_reported,Non-randomized controlled trial with pre-post design and healthy control comparison group
40584525,arm_true,true-acupoint group,verum_acupuncture,35,35.0,amnestic mild cognitive impairment (aMCI),manual_acupuncture,manual acupuncture,"['Bilateral Shenmen (HT7)', 'Taixi (KI3)', 'Feiyang (BL58)', 'Taibai (SP3)', 'Fenglong (ST40)', 'Fengchi (GB20)', 'Quchi (LI11)', 'Taichong (LR3)', 'Baihui (GV20)', 'Dazhui (GV14)', 'Danzhong (CV17)', 'Guanyuan (CV4)']",not_reported,Bilateral for paired points,"yes, needle quickly inserted vertically",approximately 0.5 cun,,"reinforcing-reducing manipulation was applied, needle twirling was carried out. Duration of needle twirling was 60 s. Twirling angle was controlled within the range of 180° ± 20°, and the frequency was 60–90 times per minute",disposable Huatuo-brand stainless steel flat-handle acupuncture needle,0.30 × 40 mm,False,not_applicable,not_applicable,retaining the needles for 40 min,40.0,"needling every 10 min, retaining the needles for 40 min",40.0,"once a day, 6 days of treatment + 1 day of rest, 4 weeks as one course, starting the second course after an interval of 2 weeks; two courses of treatment",,"two courses of treatment (4 weeks as one course, starting the second course after an interval of 2 weeks)","subject would experience the deqi sensations such as soreness, numbness, distension, and heaviness. After achieving deqi, the needle was retained for 40 min",patient was seated,"based on the theory of host-guest Yuanluo point pairing, this technique has been widely applied in the field of cognitive impairment with significant efficacy",acupuncturist who has more than 10 years of professional experience,not_reported,Non-randomized controlled trial with pre-post design and healthy control comparison group
40584525,arm_sham,sham-acupoint group,sham_acupuncture,15,15.0,amnestic mild cognitive impairment (aMCI),sham_needling,sham acupuncture,[],"0.5 cun away from the actual acupoints to be needled, bypassing the acupoints",not_reported,not_reported,not_reported,,acupuncture intervention measures and the protocol are all consistent with those of the true-acupoint group,not_reported,not_reported,False,not_applicable,not_applicable,same as true-acupoint group: retaining the needles for 40 min,40.0,same as true-acupoint group,40.0,same as true-acupoint group,,same as true-acupoint group: two courses of treatment,not_reported,not_reported,"to rule out the brain effects caused by the pain of acupuncture, so as to accurately evaluate the effect of acupuncture at the acupoints",acupuncturist who has more than 10 years of professional experience,not_reported,Non-randomized controlled trial with pre-post design and healthy control comparison group
40634927,AG,acupuncture group (AG),verum_acupuncture,30,27.0,knee osteoarthritis (KOA),manual_acupuncture,manual acupuncture with needle insertion and manipulation to achieve de qi,"['dubi (ST35)', 'neixiyan (EX-LE4)', 'ququan (LR8)', 'xiyangguan (GB33)', 'xuehai (SP10)', 'sanyinjiao (SP6)', 'taixi (KI3)', 'an ashi point (the point where the patient feels most pain)']",knee region and lower limb acupoints,not_reported,inserted into acupoints through the adhesive pad,not_reported,,Acupuncturists manually stimulated the needles to achieve de qi,single-use acupuncture needles,"0.25×40 mm or 0.25×25 mm, Guizhou Andi Pharmaceutical Machinery, Ltd., Guizhou, China",False,not_applicable,not_applicable,30 min per session,30.0,30 min,30.0,12 sessions,12.0,"4 weeks, with 3 sessions per week",yes; de qi required,not_reported,not_reported,registered acupuncturists with more than 5 years of experience,"Acupuncturists were not blinded to the allocation for successfully performing acupuncture treatment. However, they were not allowed to discuss the intervention type with patients. The patients, MRI operators, outcome evaluators, and statisticians were all blinded to group assignment.","three-armed, randomized controlled trial"
40634927,SG,sham acupuncture group (SG),sham_acupuncture,30,25.0,knee osteoarthritis (KOA),sham_needling,non-insertive sham needling on non-acupoints,[],non-acupoints on the lower limb (see Fig. 1B),not_reported,Sham needles did not penetrate the skin,no penetration,0.0,not_reported,"sham needles with blunt tips (0.25×40 mm or 0.25×25 mm, Hwato, China)","0.25×40 mm or 0.25×25 mm, Hwato, China",False,not_applicable,not_applicable,30 min per session,30.0,30 min,30.0,12 sessions,12.0,"4 weeks, with 3 sessions per week",Sham needles did not penetrate the skin and did not require the 'De Qi' sensation,not_reported,not_reported,registered acupuncturists with more than 5 years of experience,"Acupuncturists were not blinded to the allocation for successfully performing acupuncture treatment. However, they were not allowed to discuss the intervention type with patients. The patients, MRI operators, outcome evaluators, and statisticians were all blinded to group assignment.","three-armed, randomized controlled trial"
40634927,WG,waiting list group (WG),waitlist,30,22.0,knee osteoarthritis (KOA),non_acupuncture,no treatment,[],not_applicable,not_applicable,not_applicable,not_applicable,,not_applicable,not_applicable,not_applicable,False,not_applicable,not_applicable,not_applicable,,not_applicable,,"0 (no treatment during 4 weeks); after 4 weeks of observation, patients will receive 12 sessions of acupuncture treatment as free compensation",0.0,4 weeks observation with no treatment,not_applicable,not_reported,not_reported,not_applicable,"Acupuncturists were not blinded to the allocation for successfully performing acupuncture treatment. However, they were not allowed to discuss the intervention type with patients. The patients, MRI operators, outcome evaluators, and statisticians were all blinded to group assignment.","three-armed, randomized controlled trial"
40642213,arm_HT7,Shenmen (HT7),verum_acupuncture,18,16.0,healthy volunteers,manual_acupuncture,manual acupuncture,"['HT7', 'Shenmen']",located according to the guidelines from the National Standard of the People's Republic of China (GB/T 12346-2006),bilaterally,inserted,0.3 to 0.5 cun,,rotated until the deqi sensation was elicited before scan; during scan on phase: rotated at a frequency of 90–120 rotations per minute with a 90–180° for 20s; off phase: needle remained in place with no further manipulation for 20s,"Non-magnetic acupuncture needles (1/1.5 cun, No. 0Cr19Ni9N) from Suzhou Acupuncture Equipment Co., Ltd. (HuanQiu brand)","1/1.5 cun, No. 0Cr19Ni9N",False,not_applicable,not_applicable,needle retained during off phases; total scan duration 6 min,6.0,6 min per acupoint scan; 30 min rest between sessions,6.0,one session per acupoint (each participant received two acupoints),1.0,single session,yes; needles were inserted and rotated until the deqi sensation was elicited; only fMRI data from sessions where participants reported deqi were included in the analysis,eyes closed throughout each scan; remain awake and as still as possible,not_reported,All acupuncture manipulations were performed by the same licensed acupuncturist (WXX),not_reported,task-based fMRI study with between-subjects comparison of three acupoint groups; within-subject block design during acupuncture
40642213,arm_ST36,Zusanli (ST36),verum_acupuncture,19,19.0,healthy volunteers,manual_acupuncture,manual acupuncture,"['ST36', 'Zusanli']",located according to the guidelines from the National Standard of the People's Republic of China (GB/T 12346-2006),bilaterally,inserted,1 cun,,rotated until the deqi sensation was elicited before scan; during scan on phase: rotated at a frequency of 90–120 rotations per minute with a 90–180° for 20s; off phase: needle remained in place with no further manipulation for 20s,"Non-magnetic acupuncture needles (1/1.5 cun, No. 0Cr19Ni9N) from Suzhou Acupuncture Equipment Co., Ltd. (HuanQiu brand)","1/1.5 cun, No. 0Cr19Ni9N",False,not_applicable,not_applicable,needle retained during off phases; total scan duration 6 min,6.0,6 min per acupoint scan; 30 min rest between sessions,6.0,one session per acupoint (each participant received two acupoints),1.0,single session,yes; needles were inserted and rotated until the deqi sensation was elicited; only fMRI data from sessions where participants reported deqi were included in the analysis,eyes closed throughout each scan; remain awake and as still as possible,not_reported,All acupuncture manipulations were performed by the same licensed acupuncturist (WXX),not_reported,task-based fMRI study with between-subjects comparison of three acupoint groups; within-subject block design during acupuncture
40642213,arm_KI4,Dazhong (KI4),verum_acupuncture,17,16.0,healthy volunteers,manual_acupuncture,manual acupuncture,"['KI4', 'Dazhong']",located according to the guidelines from the National Standard of the People's Republic of China (GB/T 12346-2006),bilaterally,inserted,0.3 to 0.5 cun,,rotated until the deqi sensation was elicited before scan; during scan on phase: rotated at a frequency of 90–120 rotations per minute with a 90–180° for 20s; off phase: needle remained in place with no further manipulation for 20s,"Non-magnetic acupuncture needles (1/1.5 cun, No. 0Cr19Ni9N) from Suzhou Acupuncture Equipment Co., Ltd. (HuanQiu brand)","1/1.5 cun, No. 0Cr19Ni9N",False,not_applicable,not_applicable,needle retained during off phases; total scan duration 6 min,6.0,6 min per acupoint scan; 30 min rest between sessions,6.0,one session per acupoint (each participant received two acupoints),1.0,single session,yes; needles were inserted and rotated until the deqi sensation was elicited; only fMRI data from sessions where participants reported deqi were included in the analysis,eyes closed throughout each scan; remain awake and as still as possible,not_reported,All acupuncture manipulations were performed by the same licensed acupuncturist (WXX),not_reported,task-based fMRI study with between-subjects comparison of three acupoint groups; within-subject block design during acupuncture
40660313,arm_acupuncture,acupuncture group,verum_acupuncture,21,10.0,knee osteoarthritis (KOA),manual_acupuncture,manual acupuncture,"['Xiyangguan', 'Zusanli', 'Yanglingquan', 'Xuehai', 'Liangqiu', 'Neixiyan', 'Dubi', 'Shenshu', 'Ganshu', 'Ashi points']",affected side; acupoints selected on the affected side; Shenshu and Ganshu (back),affected side,not_reported,not_reported,,"lifting-thrusting and twirling manipulation applied to Shenshu, Ganshu, Xiyangguan, Zusanli, and Yanglingquan for tonifying treatment; lifting-thrusting and twirling manipulation applied to Liangqiu, Xuehai, Neixiyan, Dubi, and Ashi points for reducing treatment; needles manipulated once every 5 min during retention to maintain the needling sensation","sterile filiform needles, Huatuo brand",0.35×40 mm,False,not_applicable,not_applicable,20 min,20.0,20 min needle retention; needles manipulated once every 5 min,20.0,"once a day, five days a week, lasting for two weeks",10.0,two weeks,"After the acupoints obtained qi, the needles were retained for 20 min",patient's feelings were monitored during the operation,"based on the 'Clinical Practice Guidelines for Integrated Traditional Chinese and Western Medicine in Knee Osteoarthritis' and clinical experience; comprehensive curative effects of tonifying the liver and kidney, dredging the meridians and relieving pain, and lubricating the joints",not_reported,evaluators were blinded throughout the process; therapists and subjects opened the envelopes and implemented the intervention protocol in the presence of each other,"single-center, randomized controlled trial; three-group parallel design"
40660313,arm_tDCS,tDCS group,active_control,21,10.0,knee osteoarthritis (KOA),non_acupuncture,transcranial direct current stimulation,[],M1-supraorbital region (SO) mode; anode placed on the primary motor cortex opposite the affected knee M1 area corresponding to C3/C4; cathode placed on the SO opposite the anode,contralateral to affected knee,not_applicable,not_applicable,,A 30-s ramp-up/ramp-down mode was used to adjust the current to 2 mA; tolerance of the patient was monitored throughout the process; electrodes fixed with elastic bandages,not_applicable,not_applicable,True,not_applicable,2 mA,not_applicable,,20 min,20.0,"once a day, five days a week, lasting for two weeks",10.0,two weeks,not_applicable,not_reported,"M1-supraorbital region (SO) mode recommended by the European Chapter of the International Federation of Clinical Neurophysiology; electrode positioning as per the international 10/20 electroencephalogram system; IS300A transcranial direct-current stimulation device manufactured by Sichuan Intelligent Electronics Industrial Co., Ltd.",not_reported,evaluators were blinded throughout the process; therapists and subjects opened the envelopes and implemented the intervention protocol in the presence of each other,"single-center, randomized controlled trial; three-group parallel design"
40660313,arm_combined,combined acupuncture and tDCS group,other,21,10.0,knee osteoarthritis (KOA),manual_acupuncture,transcranial direct current stimulation combined with manual acupuncture,"['Xiyangguan', 'Zusanli', 'Yanglingquan', 'Xuehai', 'Liangqiu', 'Neixiyan', 'Dubi', 'Shenshu', 'Ganshu', 'Ashi points']","acupuncture on affected side; tDCS anode on contralateral M1 (C3/C4), cathode on contralateral SO",acupuncture on affected side; tDCS contralateral to affected knee,not_reported,not_reported,,"The acupuncture treatment was conducted simultaneously during tDCS, and both the treatment method and operation parameters were the same as those described above","sterile filiform needles, Huatuo brand",0.35×40 mm,True,not_applicable,2 mA (tDCS),20 min (concurrent with tDCS),20.0,20 min,20.0,"once a day, five days a week, lasting for two weeks",10.0,two weeks,"After the acupoints obtained qi, the needles were retained for 20 min",not_reported,combined therapy has analgesic effects superior to those of single therapy; unique closed-loop regulation mode of 'central-peripheral-central',not_reported,evaluators were blinded throughout the process; therapists and subjects opened the envelopes and implemented the intervention protocol in the presence of each other,"single-center, randomized controlled trial; three-group parallel design"
40772121,arm_acupuncture,Acupuncture group,verum_acupuncture,15,15.0,Knee osteoarthritis (KOA),manual_acupuncture,manual acupuncture with flat-supplement and flat-purgation techniques to 'deqi',"['Dubi (ST35)', 'Neixiyan (EX-LE4)', 'Yanglingquan (GB34)', 'Yinlingquan (SP9)', 'two ashi acupoints (the point where the patient feels most pain) of knee joint']",knee joint area,not_reported,vertically pierced,21~26mm,,flat-supplement and flat-purgation techniques to 'deqi'; repeat the needle every 10 minutes,not_reported,not_reported,False,not_applicable,not_applicable,30 minutes,30.0,30 minutes,30.0,"4 courses of acupuncture intervention, totaling 20 sessions",20.0,4 weeks,yes; flat-supplement and flat-purgation techniques to 'deqi',Patient was asked to lie flat and maintain a comfortable position; skin disinfected with complexed iodine,Specific positioning refers to the positioning standard of the People's Republic of China national GB/T123446-2006 'Name and Location of acupointscin 2006',not_reported,"Doctors, evaluators, and subjects were blinded to grouping status; single treatment room for blind evaluation; efficacy evaluated by third party; statisticians remained blinded to group allocation and treatment assignments","Randomized controlled trial with neuroimaging; resting-state fMRI study comparing KOA patients and healthy subjects at baseline, and three intervention arms post-treatment"
40772121,arm_placebo,Placebo acupuncture group,sham_acupuncture,15,15.0,Knee osteoarthritis (KOA),sham_needling,sham needling at non-acupoint locations without further injection or manual operation after skin puncture,[],"stimulation points located 1 cm away from the lateral median line of lower limbs at positions corresponding to ST35, EX-LE4, GB34, SP9, and two ashi points",not_reported,skin puncture (penetrating),not_reported,,leave the needle for 30 min without further injection or manual operation after skin puncture,"sterile needle (Global brand, Suzhou, China)","0.30 mm in diameter, 20 mm length",False,not_applicable,not_applicable,30 min,30.0,30 min,30.0,"4 courses of acupuncture intervention, amounting to 20 sessions",20.0,4 weeks,"no; 'to minimize the effect of comfort acupuncture, acupuncturists are required to use a sterile needle to leave the needle for 30 min without further injection or manual operation after skin puncture'",not_reported,not_reported,not_reported,"Doctors, evaluators, and subjects were blinded to grouping status; single treatment room for blind evaluation; efficacy evaluated by third party; statisticians remained blinded to group allocation and treatment assignments","Randomized controlled trial with neuroimaging; resting-state fMRI study comparing KOA patients and healthy subjects at baseline, and three intervention arms post-treatment"
40772121,arm_waiting,Waiting for treatment group,waitlist,15,15.0,Knee osteoarthritis (KOA),other,no intervention,[],not_applicable,not_applicable,not_applicable,not_applicable,,not_applicable,not_applicable,not_applicable,False,not_applicable,not_applicable,not_applicable,,not_applicable,,no intervention within 4 weeks; received 20 free acupuncture treatments after the trial,,4 weeks,not_applicable,not_applicable,not_applicable,not_applicable,"Doctors, evaluators, and subjects were blinded to grouping status; single treatment room for blind evaluation; efficacy evaluated by third party; statisticians remained blinded to group allocation and treatment assignments","Randomized controlled trial with neuroimaging; resting-state fMRI study comparing KOA patients and healthy subjects at baseline, and three intervention arms post-treatment"
40772121,arm_healthy,Healthy subjects,healthy_control,15,15.0,Knee osteoarthritis (KOA),,,[],,,,,,,,,,,,,,,,,,,,,,,"Doctors, evaluators, and subjects were blinded to grouping status; single treatment room for blind evaluation; efficacy evaluated by third party; statisticians remained blinded to group allocation and treatment assignments","Randomized controlled trial with neuroimaging; resting-state fMRI study comparing KOA patients and healthy subjects at baseline, and three intervention arms post-treatment"
40800108,arm_verum_acupuncture,acupuncture (verum/electroacupuncture),verum_acupuncture,,,"Vascular cognitive impairment (VCI), including mild cognitive impairment (MCI), vascular dementia, and related cerebrovascular cognitive disorders",electroacupuncture,electroacupuncture,[],not_reported,not_reported,not_reported,not_reported,,not_reported,not_reported,not_reported,True,not_reported,not_reported,not_reported,,not_reported,,not_reported,,not_reported,not_reported,not_reported,"Acupuncture exerts its therapeutic effects by amplifying localized stimuli through specific acupoints, which are then transmitted via the body's meridian system to regulate systemic networks.",not_reported,not_applicable,narrative review / synthesis of existing rs-fMRI and acupuncture literature for VCI
40800108,arm_pharmacotherapy,pharmacotherapy alone / conventional therapies,medication,,,"Vascular cognitive impairment (VCI), including mild cognitive impairment (MCI), vascular dementia, and related cerebrovascular cognitive disorders",,,[],,,,,,,,,,,,,,,,,,,,,,,not_applicable,narrative review / synthesis of existing rs-fMRI and acupuncture literature for VCI
40800108,arm_VCI_patients,VCI patients (observational/control group in rs-fMRI studies),other,,,"Vascular cognitive impairment (VCI), including mild cognitive impairment (MCI), vascular dementia, and related cerebrovascular cognitive disorders",,,[],,,,,,,,,,,,,,,,,,,,,,,not_applicable,narrative review / synthesis of existing rs-fMRI and acupuncture literature for VCI
40800108,arm_healthy_controls,healthy controls,healthy_control,,,"Vascular cognitive impairment (VCI), including mild cognitive impairment (MCI), vascular dementia, and related cerebrovascular cognitive disorders",,,[],,,,,,,,,,,,,,,,,,,,,,,not_applicable,narrative review / synthesis of existing rs-fMRI and acupuncture literature for VCI
40800108,arm_MCI_patients,mild cognitive impairment (MCI) patients,other,,,"Vascular cognitive impairment (VCI), including mild cognitive impairment (MCI), vascular dementia, and related cerebrovascular cognitive disorders",,,[],,,,,,,,,,,,,,,,,,,,,,,not_applicable,narrative review / synthesis of existing rs-fMRI and acupuncture literature for VCI
40847552,arm_responders,acupuncture responders,verum_acupuncture,,48.0,Neck pain (NP),manual_acupuncture,manual acupuncture with Deqi intention,[],neck area,not_reported,penetrating,determined based on the patient's treatment site,,"The insertion depth and direction were determined based on the patient's treatment site, with the aim of achieving the Deqi sensation. The needles were then retained for 30min.",single-use sterile needles,"0.30 × 40mm, Huatuo Medical Instrument Co., Ltd., China",False,not_applicable,not_applicable,30min,30.0,not_reported,,"three acupuncture sessions weekly, totaling six treatments over a two-week period",6.0,two-week period,"yes, with the aim of achieving the Deqi sensation",not_reported,"Ashi points selected in the neck area, identified using a handheld pressure pain tester",not_reported,not_reported,Prospective cohort study with machine learning prediction model and longitudinal fMRI analysis; clinical data and functional magnetic resonance imaging scans collected pre- and post-treatment
40847552,arm_nonresponders,acupuncture non-responders,verum_acupuncture,,32.0,Neck pain (NP),manual_acupuncture,manual acupuncture with Deqi intention,[],neck area,not_reported,penetrating,determined based on the patient's treatment site,,"The insertion depth and direction were determined based on the patient's treatment site, with the aim of achieving the Deqi sensation. The needles were then retained for 30min.",single-use sterile needles,"0.30 × 40mm, Huatuo Medical Instrument Co., Ltd., China",False,not_applicable,not_applicable,30min,30.0,not_reported,,"three acupuncture sessions weekly, totaling six treatments over a two-week period",6.0,two-week period,"yes, with the aim of achieving the Deqi sensation",not_reported,"Ashi points selected in the neck area, identified using a handheld pressure pain tester",not_reported,not_reported,Prospective cohort study with machine learning prediction model and longitudinal fMRI analysis; clinical data and functional magnetic resonance imaging scans collected pre- and post-treatment
40881782,arm_IDSA,IDSA treatment group,verum_acupuncture,35,31.0,Bilateral basal ganglia ischemic stroke (BBGIS),scalp_acupuncture,Manual scalp acupuncture combined with active limb movement,"['MS6 (anterior oblique line of the vertex-temporal)', 'Qianding (DU 21) to Xuanli (GB 6) direction']","Bilaterally on the scalp, targeting the anterior oblique line of the vertex-temporal (MS6) acupoint; needles inserted at the upper 1/5 and middle 2/5 positions",Bilateral,Yes; needles inserted into sheath aponeurosis,Inserted until reaching the sheath aponeurosis,,"Needles rotated at 200 revolutions per minute to induce a tolerable sensation of soreness and swelling; alternately manipulated for 3 min each, with 5-min intervals between rotations",Stainless steel needles,0.3 × 40 mm,False,not_applicable,not_applicable,not_reported explicitly; needles retained during active movement period,,not_reported explicitly,,not_reported explicitly,,4 weeks,Yes; tolerable sensation of soreness and swelling (Deqi sensation),"During needle retention, patients were encouraged to perform active movements of the affected limb or walking exercises",IDSA emphasizes dynamic sensorimotor integration by requiring patients to perform targeted limb movements or walking exercises during needle manipulation; 200 rpm rotation speed selected based on previous optimization studies demonstrating this frequency optimally elicits Deqi sensation while maintaining patient comfort during dynamic movement tasks,not_reported,Sham IDSA used blunt needles without skin penetration to mimic the procedure; blinding details for assessors not explicitly reported,Randomized controlled trial; parallel-group design
40881782,arm_sham,Sham IDSA group,sham_acupuncture,35,31.0,Bilateral basal ganglia ischemic stroke (BBGIS),sham_needling,Sham scalp acupuncture with blunt needle,['MS6 (same acupoints as IDSA group)'],Same acupoints as IDSA group,not_reported,No; blunt needle did not penetrate the skin,No skin penetration,,Manipulation techniques were identical to IDSA group,Blunt needle device,not_reported,False,not_applicable,not_applicable,not_reported,,not_reported explicitly,,not_reported explicitly,,4 weeks,not_reported,Patients were also encouraged to perform active movements or walking exercises during the retention period,Used to mimic the IDSA procedure as sham control,not_reported,Sham IDSA used blunt needles without skin penetration to mimic the procedure; blinding details for assessors not explicitly reported,Randomized controlled trial; parallel-group design
40881782,arm_HC,Healthy controls (HCs),healthy_control,40,35.0,Bilateral basal ganglia ischemic stroke (BBGIS),,,[],,,,,,,,,,,,,,,,,,,,,,,Sham IDSA used blunt needles without skin penetration to mimic the procedure; blinding details for assessors not explicitly reported,Randomized controlled trial; parallel-group design
40950284,arm_conv,conventional acupuncture group,active_control,100,,Peripheral facial paralysis (Bell's palsy),non_acupuncture,pharmacological,[],not_applicable,not_applicable,not_applicable,not_applicable,,not_applicable,not_applicable,not_applicable,False,not_applicable,not_applicable,not_applicable,,not_reported,,not_reported,,Two weeks (medications); five days then taper (prednisone),not_applicable,not_reported,not_reported,not_reported,not_reported,Retrospective analysis
40950284,arm_yyhat,Yin-Yang Harmonizing Acupuncture Group,verum_acupuncture,102,,Peripheral facial paralysis (Bell's palsy),non_acupuncture,pharmacological,[],not_applicable,not_applicable,not_applicable,not_applicable,,not_applicable,not_applicable,not_applicable,False,not_applicable,not_applicable,not_applicable,,not_reported,,not_reported,,Two weeks (medications); five days then taper (prednisone),not_applicable,not_reported,not_reported,not_reported,not_reported,Retrospective analysis
40963943,arm_TTH,TTH patients,other,36,36.0,Tension-type headache (TTH),intradermal_acupuncture,intradermal needle pressing,"['bilateral Hegu (LI4)', 'bilateral Taichong (LR3)']","Hegu (LI4): dorsum of the hand, midway between the 1st and 2nd metacarpal bones, approximately in the middle of the 2nd metacarpal bone on the radial side. Taichong (LR3): dorsum of the foot, in the depression distal to the junction of the 1st and 2nd metatarsal bones.",bilateral,intradermal,pressing depth 8–10 mm for LI4 and 5–8 mm for LR3,,"Each acupoint was pressed 10 times in the order of the left Hegu (LI4), the left Taichong (LR3), the right Taichong (LR3), and the right Hegu (LI4)",HUANQIU disposable press needles; registration number 20162270591,0.25 × 1.30 mm,False,not_applicable,not_applicable,Four intradermal needles were preserved in the four acupoints while the 6-min acupuncture state fMRI scan was proceeding,6.0,6-min acupuncture state fMRI scan,6.0,single session (one acupuncture-state scan),1.0,not_reported,not_reported,"After the fMRI scan, participants were acquired to recall the needling sensations experienced during the acupuncture stimulation fMRI in time, which included sensations associated with the category of Deqi (soreness, numbness, distension, heaviness, or other special sensations) and the sensation with the category of acute pain.",not_reported,acupuncturist,not_reported,Cross-sectional neuroimaging study with within-subject comparison (resting-state vs. acupuncture-state fMRI); two-group design (TTH patients vs. healthy controls)
40963943,arm_HC,HCs (healthy controls),healthy_control,36,36.0,Tension-type headache (TTH),intradermal_acupuncture,intradermal needle pressing,"['bilateral Hegu (LI4)', 'bilateral Taichong (LR3)']","Hegu (LI4): dorsum of the hand, midway between the 1st and 2nd metacarpal bones, approximately in the middle of the 2nd metacarpal bone on the radial side. Taichong (LR3): dorsum of the foot, in the depression distal to the junction of the 1st and 2nd metatarsal bones.",bilateral,intradermal,pressing depth 8–10 mm for LI4 and 5–8 mm for LR3,,"Each acupoint was pressed 10 times in the order of the left Hegu (LI4), the left Taichong (LR3), the right Taichong (LR3), and the right Hegu (LI4)",HUANQIU disposable press needles; registration number 20162270591,0.25 × 1.30 mm,False,not_applicable,not_applicable,Four intradermal needles were preserved in the four acupoints while the 6-min acupuncture state fMRI scan was proceeding,6.0,6-min acupuncture state fMRI scan,6.0,single session (one acupuncture-state scan),1.0,not_reported,not_reported,"After the fMRI scan, participants were acquired to recall the needling sensations experienced during the acupuncture stimulation fMRI in time, which included sensations associated with the category of Deqi (soreness, numbness, distension, heaviness, or other special sensations) and the sensation with the category of acute pain.",not_reported,acupuncturist,not_reported,Cross-sectional neuroimaging study with within-subject comparison (resting-state vs. acupuncture-state fMRI); two-group design (TTH patients vs. healthy controls)
40963943,arm_TTH_pain,TTH patients with acute pain sensation,other,,23.0,Tension-type headache (TTH),,,[],,,,,,,,,,,,,,,,,,,,,,,not_reported,Cross-sectional neuroimaging study with within-subject comparison (resting-state vs. acupuncture-state fMRI); two-group design (TTH patients vs. healthy controls)
40963943,arm_TTH_deqi,TTH patients with composite Deqi sensation,other,,10.0,Tension-type headache (TTH),,,[],,,,,,,,,,,,,,,,,,,,,,,not_reported,Cross-sectional neuroimaging study with within-subject comparison (resting-state vs. acupuncture-state fMRI); two-group design (TTH patients vs. healthy controls)
40963943,arm_HC_pain,HCs with acute pain sensation,healthy_control,,21.0,Tension-type headache (TTH),,,[],,,,,,,,,,,,,,,,,,,,,,,not_reported,Cross-sectional neuroimaging study with within-subject comparison (resting-state vs. acupuncture-state fMRI); two-group design (TTH patients vs. healthy controls)
40963943,arm_HC_deqi,HCs with composite Deqi sensation,healthy_control,,11.0,Tension-type headache (TTH),,,[],,,,,,,,,,,,,,,,,,,,,,,not_reported,Cross-sectional neuroimaging study with within-subject comparison (resting-state vs. acupuncture-state fMRI); two-group design (TTH patients vs. healthy controls)
40974865,BC_HF,breast cancer patients experiencing hot flashes (BC-HF),verum_acupuncture,25,20.0,Breast cancer with hot flashes (vasomotor symptoms),manual_acupuncture,manual acupuncture (semi-standardized),"[""standard points depending on patients' preferred positions; up to four additional acupuncture points chosen based on subjects' other presenting symptoms (e.g., sleeping); specific acupoints listed in Supplementary eTable 1""]",not_reported,not_reported,not_reported,not_reported,,weekly assessments by acupuncturists adjusted the point prescriptions according to the participants' symptoms and side effects,fine needles (details in supplementary materials),not_reported,False,not_applicable,not_applicable,not_reported,,not_reported,,10 sessions,10.0,"5 weeks, with two sessions per week",not_reported,not_reported,"semi-standardized treatment manual, consistent with the literature [6,14], based on decisions from acupuncture experts; flexibility of selecting point prescription based on the patient's main symptoms that models the process occurring in clinical practice",acupuncturists (based on decisions from acupuncture experts),All analyses were blinded; analysts were unaware of group assignments,Randomized controlled neuroimaging trial with acupuncture intervention
40974865,BC_NF,breast cancer patients without hot flashes (BC-NF),active_control,35,35.0,Breast cancer with hot flashes (vasomotor symptoms),,,[],,,,,,,,,,,,,,,,,,,,,,,All analyses were blinded; analysts were unaware of group assignments,Randomized controlled neuroimaging trial with acupuncture intervention
40974865,NC,healthy controls (HC),healthy_control,30,30.0,Breast cancer with hot flashes (vasomotor symptoms),,,[],,,,,,,,,,,,,,,,,,,,,,,All analyses were blinded; analysts were unaware of group assignments,Randomized controlled neuroimaging trial with acupuncture intervention
40995472,arm_female,Female,verum_acupuncture,25,21.0,healthy volunteers,manual_acupuncture,manual acupuncture with needle twisting,"['LR3', 'Taichong']",depression before the junction of the first and second metatarsal bones on the dorsal side of the left foot,left,straight needle insertion,15 mm ± 2 mm,15.0,twisting angle controlled at (180 ± 5)° with frequency set at (60 ± 5) times/min for 30 s during task state; no torsion during baseline state,Hua Tuo acupuncture needles,0.25 mm × 25 mm,False,not_applicable,not_applicable,needle retained throughout 380 s scan (alternating task and baseline epochs),,total scan time for each run was 380 s,,single session,1.0,single session,Experimentation began once needle sensation had been produced,Subjects were informed prior to scanning that different sensations may occur during acupuncture process with feelings scored from 0 to 10 using MASS scale,LR3 was selected based on the World Health Organization (WHO) acupuncture point positioning metered,professional acupuncturist,not_reported,"task-based fMRI study with block-design acupuncture task, within-session task vs. baseline comparison, stratified by gender"
40995472,arm_male,Male,verum_acupuncture,30,25.0,healthy volunteers,manual_acupuncture,manual acupuncture with needle twisting,"['LR3', 'Taichong']",depression before the junction of the first and second metatarsal bones on the dorsal side of the left foot,left,straight needle insertion,15 mm ± 2 mm,15.0,twisting angle controlled at (180 ± 5)° with frequency set at (60 ± 5) times/min for 30 s during task state; no torsion during baseline state,Hua Tuo acupuncture needles,0.25 mm × 25 mm,False,not_applicable,not_applicable,needle retained throughout 380 s scan (alternating task and baseline epochs),,total scan time for each run was 380 s,,single session,1.0,single session,Experimentation began once needle sensation had been produced,Subjects were informed prior to scanning that different sensations may occur during acupuncture process with feelings scored from 0 to 10 using MASS scale,LR3 was selected based on the World Health Organization (WHO) acupuncture point positioning metered,professional acupuncturist,not_reported,"task-based fMRI study with block-design acupuncture task, within-session task vs. baseline comparison, stratified by gender"
41022570,arm_01,Healthy participants receiving acupuncture at GV20 and GV29,verum_acupuncture,30,30.0,Healthy volunteers (no disease condition),manual_acupuncture,manual acupuncture,"['Baihui (GV20)', 'Yintang (GV29)']","GV20: located at the intersection of the midline of the top of the head and the line connecting the tips of the two ears, and the front hairline is 5 inches straight up. GV29: at the midpoint of the line connecting the two eyebrows.",not_reported,needle insertion into acupoint,GV20: inserted 0.5-0.8 cun posteriorly; GV29: inserted 0.5-0.8 cun from top to bottom,,"combination of even reinforcing and reducing techniques, with light to moderate stimulation to produce De Qi sensation (sourness, numbness, distention, and pain). GV20 point was needled directly upward at the midpoint of the anterior hairline, 5 cun in length, and then inserted 0.5-0.8 cun posteriorly. GV29 point was needled by pinching and inserting the needle 0.5-0.8 cun from top to bottom in the middle of the forehead between the eyebrows.","custom-made pure silver acupuncture needle; 0.40mm×25mm silver acupuncture needles produced by Suzhou Medical Supplies Co., Ltd.",0.40mm×25mm,False,not_applicable,not_applicable,20 minutes (during fMRI scan),20.0,Total protocol 60 minutes (three 20-minute phases),60.0,1,1.0,Single session,"Yes; De Qi sensation described as sourness, numbness, distention, and pain, which is considered an effective acupuncture response","Participants were placed in a supine position with the acupuncture site fully exposed. Subjects were instructed to relax, wear special earplugs to reduce noise interference, lie flat on the examination bed in a supine position, and place their hands on their sides naturally.","GV20 and GV29 are frequently used as a combination to enhance brain function; GV20 is believed to have a nourishing and tonifying effect on the brain; GV29 acupoint is believed to have the effects of nourishing the brain, replenishing the Yuan Qi (primordial energy), and regulating emotional well-being.",All procedures were performed by licensed acupuncturists with more than 5 years of experience.,not_reported,"Within-subject repeated measures resting-state fMRI study with three scan phases (pre-needle insertion, during needle retention, post-needle removal)"
41069516,arm_BP,BP group (BP patients),verum_acupuncture,55,55.0,acute Bell's palsy (BP); acute idiopathic peripheral facial paralysis,manual_acupuncture,manual acupuncture with needle retention,"['EX-HN16 (Qianzheng)', 'SJ17 (Yifeng)', 'ST2 (Sibai)', 'GB14 (Yangbai)', 'EX-HN4 (Yuyao)', 'SI18 (Quanliao)', 'ST6 (Jiache)', 'ST4 (Dicang)', 'ST8 (Touwei)', 'bilateral LI4 (Hegu)']",acupoints on the affected side (face) and bilateral LI4 (Hegu) on the hands,affected side for facial acupoints; bilateral for LI4 (Hegu),skin penetration; needles inserted to specified depths,ST2: 10–15 mm perpendicularly; GB14: 20–25 mm toward EX-HN4 region; ST8: 10–15 mm horizontally in upward direction; SI18: 10–15 mm obliquely toward anterior aspect of lower root of ear on affected side; SJ17: 12–20 mm perpendicularly; SI18 (second mention): 12–20 mm perpendicularly; ST6 and ST4: 15–20 mm bidirectionally; LI4: 12–20 mm perpendicularly,,needle manipulated until Deqi achieved; needles retained for 30 min,"Disposable acupuncture needles (Wujiang Yunlong Medical Equipment Co., Ltd., Su Jizhun 20142200226)",0.25 mm × 25–40 mm,False,not_applicable,not_applicable,30 min,30.0,30 min,30.0,"three times per week (Wednesday, Friday, and Sunday) until day 28 of the disease course",,"until the 28th day from the onset of symptoms; if cured within 28-day period, treatment concluded early; if not, treatment continued beyond that point","Yes; Deqi defined as simultaneous occurrence of: (1) needle sensations reported by the patient (e.g., soreness, numbness, distension, heaviness) and (2) a tight, rough sensation under the needle perceived by the acupuncturist (i.e., 'needle sensation')",not_reported,"In accordance with the guidelines outlined in Acupuncture (Liang and Wang, 2016)","all acupuncture procedures were carried out by the same practitioner, who had more than 3 years of clinical experience",outcome assessors were blinded to group allocation and treatment status; fMRI data analysts were blinded to group allocation and time points during preprocessing and statistical analysis; blinding of acupuncturists was not feasible,experimental intervention; pre-post single-arm acupuncture group with healthy control comparison; resting-state fMRI collected before and after treatment in BP patients; single scan in healthy controls
41069516,arm_HC,HC group (healthy control group),healthy_control,48,48.0,acute Bell's palsy (BP); acute idiopathic peripheral facial paralysis,,,[],,,,,,,,,,,,,,,,,,,,,,,outcome assessors were blinded to group allocation and treatment status; fMRI data analysts were blinded to group allocation and time points during preprocessing and statistical analysis; blinding of acupuncturists was not feasible,experimental intervention; pre-post single-arm acupuncture group with healthy control comparison; resting-state fMRI collected before and after treatment in BP patients; single scan in healthy controls
41310834,arm_acupuncture,acupuncture group,verum_acupuncture,24,23.0,Chronic insomnia disorder (CID),manual_acupuncture,manual acupuncture,"['Baihui (GV20)', 'Sishencong', 'Anmian', 'Shenmen (HT7)', 'Neiguan (PC6)', 'Sanyinjiao (SP6)']",bilateral stimulation for all except GV20 and Sishencong,"bilateral for Anmian, HT7, PC6, SP6; midline/single for GV20 and Sishencong",not_reported,not_reported,,"lifting, thrusting, twirling, and rotating",Disposable stainless-steel needles,"0.30 mm in diameter, 25 mm and 40 mm in length",False,not_applicable,not_applicable,approximately 30 min,30.0,approximately 30 min,30.0,20 sessions,20.0,four weeks,"yes; 'Deqi' sensation (characterized by sensations of pain, heaviness, numbness, swelling, or radiation) was induced through needle manipulation techniques",not_reported,not_reported,"two trained, licensed acupuncturists with over three years of clinical experience",not explicitly described; no sham arm included; participants in waitlist group received no treatment,"randomized, neuroimaging-based, controlled trial"
41310834,arm_waitlist,waitlist group,waitlist,24,21.0,Chronic insomnia disorder (CID),other,none,[],not_applicable,not_applicable,not_applicable,not_applicable,,not_applicable,not_applicable,not_applicable,False,not_applicable,not_applicable,not_applicable,,not_applicable,,not_applicable,,four weeks (no treatment),not_applicable,not_reported,not_reported,not_applicable,not explicitly described; no sham arm included; participants in waitlist group received no treatment,"randomized, neuroimaging-based, controlled trial"
41351443,AG,acupuncture group (AG),verum_acupuncture,36,35.0,Subjective cognitive decline (SCD),electroacupuncture,acupuncture with electroacupuncture,"['Baihui (DU20)', 'Shenting (DU24)', 'Fengfu (DU16)', 'Fengchi (GB20)', 'Danzhong (RN17)', 'Zhongwan (RN12)', 'Qihai (RN6)', 'Neiguan (PC6)', 'Tongli (HT5)', 'Xuehai (SP10)', 'Zusanli (ST36)', 'Zhaohai (KI6)', 'Xinshu (BL15)', 'Yixi (BL45)']",not_reported,not_reported,not_reported,not_reported,,"required to achieve de-qi (feeling of soreness, numbness, heaviness)","Disposable needles (Hwato, Suzhou, Jiangsu, China)",not_reported,True,dilatational wave of 2-100 Hz,current intensity of 0.1 to 1 mA,20 minutes,20.0,20 minutes,20.0,24 sessions,24.0,12 weeks (twice a week),"yes; de-qi (feeling of soreness, numbness, heaviness) required",not_reported,not_reported,acupuncturists (not blinded),"Except for the acupuncturists who could not be blinded due to the nature of the intervention, both the patients and the evaluators were blinded to the group allocation. Participants were separated by cubicles to avoid communication.","Secondary analysis of a 12-week randomized, sham acupuncture-controlled trial based on multi-model magnetic resonance imaging (MRI) data"
41351443,SG,sham acupuncture group (SG),sham_acupuncture,36,31.0,Subjective cognitive decline (SCD),sham_needling,sham acupuncture,[],sham acupoints away from any acupoints or meridians,not_reported,blunt-tip sham needles inserted into the adhesive pads rather than the skin,not_reported,,Procedures and other treatment settings for the SG were similar to those for the AG,blunt-tip sham needles,not_reported,False,not_applicable; the electro-acupuncture apparatus did not have any electricity output,not_applicable; the electro-acupuncture apparatus did not have any electricity output,20 minutes (similar to AG),20.0,20 minutes,20.0,24 sessions,24.0,12 weeks (twice a week),not_reported,participants were separated by cubicles to avoid communication,not_reported,acupuncturists (not blinded),"Except for the acupuncturists who could not be blinded due to the nature of the intervention, both the patients and the evaluators were blinded to the group allocation. Participants were separated by cubicles to avoid communication.","Secondary analysis of a 12-week randomized, sham acupuncture-controlled trial based on multi-model magnetic resonance imaging (MRI) data"
41520025,arm_EA,electroacupuncture (EA),verum_acupuncture,not_reported,19.0,Fibromyalgia (FM),electroacupuncture,electrical stimulation delivered via acupuncture needles,"['right LI-11 (lateral elbow)', 'LI-4 (dorsum of hand)', 'left GB-34 (lateral knee)', 'SP-6 (medial lower leg)', 'bilateral ST-36 (anterior lower leg)']","right LI-11 to LI-4, left GB-34 to SP-6, bilateral ST-36","right LI-11/LI-4, left GB-34/SP-6, bilateral ST-36",needle insertion,not_reported,,"electrical stimulation via low-frequency EA device with pulse width, frequency, and intensity individualized to each participant, based on their sensory and pain thresholds",not_reported,not_reported,True,low-frequency,individualized based on sensory and pain thresholds,Sessions lasted 25 min,25.0,25 min,25.0,eight treatment sessions,8.0,twice weekly over four weeks,not_reported,both groups wore blindfolds during treatment and received identical verbal instructions and treatment durations,"Acupoints selected based on their clinical relevance to common FM symptoms, such as multisite pain, headaches, gastrointestinal dysfunction, disrupted sleep, and chronic fatigue; electrostimulation targeted central pain pathways thought to modulate widespread pain",not_reported,blinded; both groups wore blindfolds during treatment and received identical verbal instructions and treatment durations,"single-site, blinded, sham-controlled, randomized, non-crossover longitudinal neuroimaging trial; secondary analysis of data from the trial"
41520025,arm_ML,mock laser (ML),sham_acupuncture,not_reported,25.0,Fibromyalgia (FM),laser_acupuncture,inactive laser device; no therapeutic laser energy emitted; no somatosensory stimulation,"['same acupoints as in the EA group: right LI-11, LI-4, left GB-34, SP-6, bilateral ST-36']",same acupoints as EA group,same as EA group,no needle insertion; laser device positioned over acupoints,not_applicable,,none; device was inactive and emitted no therapeutic laser energy,not_applicable,not_applicable,False,not_applicable,not_applicable,not_reported,,identical treatment durations to EA group,25.0,eight treatment sessions,8.0,twice weekly over four weeks,not intended; no somatosensory stimulation,participants were told they would receive acupoint stimulation using a laser device; both groups wore blindfolds during treatment and received identical verbal instructions and treatment durations; authorized deception approved by University of Michigan IRB; participants fully debriefed after the study,"mimicked the appearance and procedure of real treatment while lacking any somatosensory stimulation, serving as a sham control for all EA analyses",not_reported,blinded; both groups wore blindfolds during treatment and received identical verbal instructions and treatment durations,"single-site, blinded, sham-controlled, randomized, non-crossover longitudinal neuroimaging trial; secondary analysis of data from the trial"
41591775,arm_real_acu,real acupuncture group,verum_acupuncture,60,59.0,Migraine without aura (MWOA),manual_acupuncture,manual acupuncture with deqi,"['Baihui (GV20)', 'Fengfu (GV16)', 'bilateral Fengchi (GB20)', 'bilateral Taiyang (EX-HN5)', 'bilateral Hegu (LI4)']","Baihui (GV20), Fengfu (GV16), bilateral Fengchi (GB20), bilateral Taiyang (EX-HN5), bilateral Hegu (LI4)","bilateral for Fengchi, Taiyang, Hegu; midline for Baihui and Fengfu",not_reported,not_reported,,"Twirling, lifting, and thrusting aimed to elicit deqi (distention, numbness, soreness, or radiating sensations)",Single-use Hwato needles,25-40 mm length; 0.25-0.30 mm diameter,False,not_applicable,not_applicable,30 minutes,30.0,30 minutes,30.0,12 sessions,12.0,"4 weeks (3 sessions per week, ideally every other weekday)","yes; deqi sensation (distention, numbness, soreness, or radiating sensations) was intended","Treatments were delivered individually, with standardized instructions for maintaining consistency",Acupoint prescriptions followed those used in prior studies,Acupuncturists had at least 5 years of clinical experience,"Single-blinded; participants, outcome assessors, and statistical analysts were blinded to group assignments",Single-blinded randomized clinical trial
41591775,arm_sham_acu,sham acupuncture group,sham_acupuncture,60,53.0,Migraine without aura (MWOA),sham_needling,superficial needling at sham acupoints without deqi,[],sham acupoints not on recognized meridians (see eFigure 2 and eTable 3 in Supplement 3),not_reported,superficial needling,superficial,,Manipulation matched real acupuncture but omitted deqi,not_reported,not_reported,False,not_applicable,not_applicable,30 minutes,30.0,30 minutes,30.0,12 sessions,12.0,4 weeks (3 sessions per week),no; deqi was omitted,"Treatments were delivered individually, with standardized instructions for maintaining consistency",Sham acupoints chosen based on prior work to minimize physiological effects and because they were not located on recognized meridians,not_reported,"Single-blinded; participants, outcome assessors, and statistical analysts were blinded to group assignments",Single-blinded randomized clinical trial
41601526,arm_ST36,ST36 (Zusanli) acupuncture,verum_acupuncture,,513.0,Healthy participants; implications discussed for migraine and stroke,manual_acupuncture,"not_reported (mix of manual acupuncture, electroacupuncture, moxibustion across included studies)","['ST36', 'Zusanli']",ST36 (Zusanli); innervated by the deep peroneal nerve (L4-L5),not_reported,not_reported,not_reported,,not_reported,not_reported,not_reported,,not_applicable,not_applicable,not_reported,,not_reported,,not_reported,,not_reported,not_reported,not_reported,"ST36 modulates gastrointestinal function and chronic fatigue, and is key in treating Yangming migraine",not_reported,not_reported,Systematic review with functional connectivity network mapping (FCNM) meta-analysis; integrates activation coordinates from included fMRI studies in healthy controls with large-scale resting-state connectome datasets
41601526,arm_GB34,GB34 (Yanglingquan) acupuncture,verum_acupuncture,,112.0,Healthy participants; implications discussed for migraine and stroke,manual_acupuncture,not_reported (mix across included studies),"['GB34', 'Yanglingquan']",GB34 (Yanglingquan); supplied by the common peroneal nerve (L5-S2),not_reported,not_reported,not_reported,,not_reported,not_reported,not_reported,,not_applicable,not_applicable,not_reported,,not_reported,,not_reported,,not_reported,not_reported,not_reported,GB34 focuses on post-stroke motor recovery and Shaoyang migraine,not_reported,not_reported,Systematic review with functional connectivity network mapping (FCNM) meta-analysis; integrates activation coordinates from included fMRI studies in healthy controls with large-scale resting-state connectome datasets
41601526,arm_SLIM,Southwest University Longitudinal Imaging Multimodal (SLIM) discovery dataset,healthy_control,,573.0,Healthy participants; implications discussed for migraine and stroke,,,[],,,,,,,,,,,,,,,,,,,,,,,not_reported,Systematic review with functional connectivity network mapping (FCNM) meta-analysis; integrates activation coordinates from included fMRI studies in healthy controls with large-scale resting-state connectome datasets
41601526,arm_FCP,"1,000 Functional Connectomes Project (FCP) of Cambridge Buckner database (replication dataset)",healthy_control,,,Healthy participants; implications discussed for migraine and stroke,,,[],,,,,,,,,,,,,,,,,,,,,,,not_reported,Systematic review with functional connectivity network mapping (FCNM) meta-analysis; integrates activation coordinates from included fMRI studies in healthy controls with large-scale resting-state connectome datasets
41602988,arm_BP_acupuncture,Bell's palsy patients receiving acupuncture,verum_acupuncture,30,20.0,Bell's palsy (acute unilateral facial paralysis caused by inflammation of the facial nerve),manual_acupuncture,manual acupuncture with deqi elicitation at bilateral LI4,"['ipsilateral Yangbai (GB14)', 'ipsilateral Yuyao (EX-HN4)', 'ipsilateral Taiyang (EX-HN5)', 'ipsilateral Cuanzhu (BL2)', 'ipsilateral Yingxiang (LI20)', 'ipsilateral Jiache (ST6)', 'ipsilateral Xiaguan (ST7)', 'ipsilateral Dicang (ST4)', 'ipsilateral Quanliao (SI18)', 'bilateral Hegu (LI4)']",ipsilateral facial points and bilateral LI4,ipsilateral facial acupoints and bilateral Hegu (LI4),"GB14, EX-HN4, and EX-HN5 were inserted horizontally; BL2, LI20, ST6, ST7, ST4, SI18, and LI4 were inserted perpendicularly",not_reported,,"After insertion at bilateral LI4, manual stimulation (lifting-thrusting and twirling) was applied to elicit the characteristic 'deqi' sensation. Needle manipulation was standardized across sessions to ensure consistency of stimulation intensity.","Disposable acupuncture needles; Jaichen, Jianshu, China",0.25*40 mm,False,not_applicable,not_applicable,not_reported,,not_reported,,"4 treatment sessions per week for 4 consecutive weeks, 16 sessions in total",16.0,4 consecutive weeks,"yes; deqi sensation described as numbness, distention, or heaviness was elicited at bilateral LI4",not_reported,not_reported,senior chief physician with over 30 years of clinical experience specializing in the treatment of facial palsy,not_reported,Longitudinal within-subject resting-state fMRI study; pre-treatment and post-treatment scans in Bell's palsy patients receiving acupuncture
41641330,arm_sham,Sham group,healthy_control,8,8.0,"Ischemic stroke (transient focal cerebral ischemia via middle cerebral artery occlusion/reperfusion, MCAO/R model)",other,not_applicable,[],not_applicable,not_applicable,not_applicable,not_applicable,,not_applicable,not_applicable,not_applicable,False,not_applicable,not_applicable,not_applicable,,not_reported,,not_reported,,not_reported,not_applicable,not_applicable (animal study),not_applicable,not_reported,Neurological deficit scores assessed by an observer blinded to the experimental groups,Randomized controlled animal experiment (rat model); three-group parallel design with pre-post intervention resting-state fMRI
41641330,arm_model,Model group,other,8,8.0,"Ischemic stroke (transient focal cerebral ischemia via middle cerebral artery occlusion/reperfusion, MCAO/R model)",other,not_applicable,[],not_applicable,not_applicable,not_applicable,not_applicable,,not_applicable,not_applicable,not_applicable,False,not_applicable,not_applicable,not_applicable,,not_reported,,not_reported,,not_reported,not_applicable,not_applicable (animal study),not_applicable,not_reported,Neurological deficit scores assessed by an observer blinded to the experimental groups,Randomized controlled animal experiment (rat model); three-group parallel design with pre-post intervention resting-state fMRI
41641330,arm_ea,EA group,verum_acupuncture,8,8.0,"Ischemic stroke (transient focal cerebral ischemia via middle cerebral artery occlusion/reperfusion, MCAO/R model)",electroacupuncture,electroacupuncture,['Baihui (GV20)'],"GV20 (Baihui); one electrode at GV20, other electrode attached to tail",not_reported,not_reported,not_reported,,"needle placed at GV20, connected to one electrode of an SDZ-II EA stimulator; the other electrode was attached to the tail to complete the circuit",fine needle,"0.25 mm in diameter, 13 mm in length",True,2/15 Hz sparse-dense wave,2 mA (producing visible twitching of the limb musculature),30 min per session,30.0,30 min/day,30.0,5 days,5.0,1-week treatment (5 days),not_reported,not_applicable (animal study),"Numerous preclinical studies have demonstrated that EA at GV20 can improve neurobehavioral outcomes of rodent stroke models, reduce infarct volume, and promote neurogenesis and angiogenesis",not_reported,Neurological deficit scores assessed by an observer blinded to the experimental groups,Randomized controlled animal experiment (rat model); three-group parallel design with pre-post intervention resting-state fMRI
41657421,arm_control,control group,medication,50,50.0,insomnia (primary insomnia),non_acupuncture,oral medication,[],not_applicable,not_applicable,not_applicable,not_applicable,,not_applicable,not_applicable,not_applicable,False,not_applicable,not_applicable,not_applicable,,not_reported,,not_reported,,28 days,not_applicable,"took alprazolam orally, with a dosage of 0.5–0.8 mg each time, 30 min before going to bed",conventional Western medicine treatment for insomnia,not_reported,"outcome assessors blinded; individuals responsible for collecting and analyzing fMRI data, as well as those scoring the PSQI and HAMA, were not involved in the treatment allocation process and were unaware of which group each patient belonged to; patients and acupuncturists not blinded",randomized controlled design; open-label trial without sham acupuncture
41657421,arm_study,study group,verum_acupuncture,50,50.0,insomnia (primary insomnia),electroacupuncture,electroacupuncture plus oral medication,"['Baihui acupoint', 'Yintang acupoint', 'Neiguan acupoint']",not_reported,not_reported,not_reported,not_reported,,electric acupuncture using the Yingdi pulse acupuncture therapy instrument; continuous-wave stimulation,not_reported,not_reported,True,2 Hz (continuous-wave stimulation),adjusted to a level that elicited a mild but noticeable deqi sensation without causing any discomfort or pain,not_reported,,30-min treatment session,30.0,once a day for a total of 28 days,28.0,28 days,"intensity was adjusted to a level that elicited a mild but noticeable deqi sensation (a characteristic sensation of acupuncture, often described as a dull ache, numbness, or tingling) in the patients without causing any discomfort or pain",not_reported,acupuncture points have a clear effect on the treatment of insomnia; Baihui acupoint-Yintang acupoint-Neiguan acupoint combined with conventional Western medicine treatment,licensed practitioners with a minimum of 5 years of clinical experience in acupuncture; undergone formal training in traditional Chinese medicine acupuncture techniques and had also received specific training on the use of acupuncture therapy instrument; all acupuncturists participated in a standardized training session prior to the start of the study,"outcome assessors blinded; individuals responsible for collecting and analyzing fMRI data, as well as those scoring the PSQI and HAMA, were not involved in the treatment allocation process and were unaware of which group each patient belonged to; patients and acupuncturists not blinded",randomized controlled design; open-label trial without sham acupuncture
41834818,arm_tx,Treatment group (Tx),verum_acupuncture,30,28.0,poststroke motor dysfunction,scalp_acupuncture,low-frequency electrical stimulation via acupuncture needles,['motor area on the affected hemisphere'],Scalp: upper motor point located 0.5 cm posterior to the midpoint of the front and back midlines; lower motor point at the intersection of the line connecting the glabella and the external occipital protuberance and the front edge of the hairline at the temples,affected hemisphere,inserted horizontally until deqi was achieved,not_reported,,"inserted horizontally until deqi was achieved, then connected to low-frequency acupoint electrical stimulation device","single-use sterile acupuncture needles, specification: 0.30×40 mm; Suzhou Pharmaceutical Supplies Factory Co., LTD.",0.30×40 mm,True,2 Hz,1.5 mA,30 minutes per session,30.0,30 minutes,30.0,once daily for 6 sessions per week over 3 weeks,18.0,3 weeks,yes; deqi was achieved before connecting to device,not_reported,"Integrated electrophysiological techniques with Traditional Chinese Medicine meridian theory; stimulates acupoints using preset parameters, inducing programmed muscle movements to create a 'noninvasive acupuncture' regulatory model",not_reported,not_reported,case-control study
41834818,arm_hc,healthy controls (HCs),healthy_control,20,20.0,poststroke motor dysfunction,other,not_applicable,[],not_applicable,not_applicable,not_applicable,not_applicable,,not_applicable,not_applicable,not_applicable,False,not_applicable,not_applicable,not_applicable,,not_applicable,,not_applicable,,not_applicable,not_applicable,not_applicable,not_applicable,not_applicable,not_reported,case-control study
41999225,VA,verum acupuncture (VA),verum_acupuncture,36,,Knee Osteoarthritis (KOA) with chronic knee pain,manual_acupuncture,manual acupuncture,['four standard acupoints on the knee joint'],knee joint,not_reported,not_reported,12–38 mm,,needle manipulation for Deqi sensation induction; standardized procedures performed by experienced physicians,disposable sterile needles,0.25×40 mm,False,not_applicable,not_applicable,not_reported,,not_reported,,10 sessions over 2 weeks,10.0,2 weeks,yes; requiring needle manipulation for Deqi sensation induction,instructed to refrain from using other therapeutic interventions during the study period,four standard acupoints on the knee joint,experienced physicians,"Participant-investigator double-blinding for SC/PB group; single-blinding for VA/SA group; triple assurance via standardized participant operational procedures, independent evaluators for data collection, and third-party statistical analysis","Randomized controlled neuroimaging transcriptomics study; five-arm parallel-group RCT with 2-week run-in period and 2-week intervention period; centralized randomization, 1:1:1:1:1 ratio"
41999225,SA,sham acupuncture (SA),sham_acupuncture,36,,Knee Osteoarthritis (KOA) with chronic knee pain,sham_needling,sham acupuncture,[],knee joint,not_reported,not_reported,12–38 mm,,standardized procedures performed by experienced physicians; needle manipulation performed,disposable sterile needles,0.25×40 mm,False,not_applicable,not_applicable,not_reported,,not_reported,,10 sessions over 2 weeks,10.0,2 weeks,requiring needle manipulation for Deqi sensation induction (same as VA per paper description),instructed to refrain from using other therapeutic interventions during the study period,four non-acupoints on the knee joint,experienced physicians,"Participant-investigator double-blinding for SC/PB group; single-blinding for VA/SA group; triple assurance via standardized participant operational procedures, independent evaluators for data collection, and third-party statistical analysis","Randomized controlled neuroimaging transcriptomics study; five-arm parallel-group RCT with 2-week run-in period and 2-week intervention period; centralized randomization, 1:1:1:1:1 ratio"
41999225,SC,celecoxib (SC),medication,36,,Knee Osteoarthritis (KOA) with chronic knee pain,non_acupuncture,oral medication,[],not_applicable,not_applicable,not_applicable,not_applicable,,not_applicable,not_applicable,not_applicable,False,not_applicable,not_applicable,not_applicable,,not_applicable,,oral medication for 14 days,,14 days,not_applicable,instructed to refrain from using other therapeutic interventions during the study period,selective COX-2 inhibitor; primarily exerts analgesic effects through peripheral mechanisms by reducing prostaglandin synthesis at sites of inflammation in the knee joint,not_reported,"Participant-investigator double-blinding for SC/PB group; single-blinding for VA/SA group; triple assurance via standardized participant operational procedures, independent evaluators for data collection, and third-party statistical analysis","Randomized controlled neuroimaging transcriptomics study; five-arm parallel-group RCT with 2-week run-in period and 2-week intervention period; centralized randomization, 1:1:1:1:1 ratio"
41999225,PB,placebo (PB),placebo,36,,Knee Osteoarthritis (KOA) with chronic knee pain,non_acupuncture,oral placebo,[],not_applicable,not_applicable,not_applicable,not_applicable,,not_applicable,not_applicable,not_applicable,False,not_applicable,not_applicable,not_applicable,,not_applicable,,oral medication for 14 days,,14 days,not_applicable,instructed to refrain from using other therapeutic interventions during the study period,matched placebo,not_reported,"Participant-investigator double-blinding for SC/PB group; single-blinding for VA/SA group; triple assurance via standardized participant operational procedures, independent evaluators for data collection, and third-party statistical analysis","Randomized controlled neuroimaging transcriptomics study; five-arm parallel-group RCT with 2-week run-in period and 2-week intervention period; centralized randomization, 1:1:1:1:1 ratio"
41999225,WL,waiting list (WL),waitlist,36,,Knee Osteoarthritis (KOA) with chronic knee pain,non_acupuncture,no intervention,[],not_applicable,not_applicable,not_applicable,not_applicable,,not_applicable,not_applicable,not_applicable,False,not_applicable,not_applicable,not_applicable,,not_applicable,,no intervention,,2 weeks,not_applicable,not_reported,waiting list control; no therapeutic intervention,not_applicable,"Participant-investigator double-blinding for SC/PB group; single-blinding for VA/SA group; triple assurance via standardized participant operational procedures, independent evaluators for data collection, and third-party statistical analysis","Randomized controlled neuroimaging transcriptomics study; five-arm parallel-group RCT with 2-week run-in period and 2-week intervention period; centralized randomization, 1:1:1:1:1 ratio"
41999225,AG,acupuncture group (AG) (VA+SA),verum_acupuncture,,,Knee Osteoarthritis (KOA) with chronic knee pain,,,[],,,,,,,,,,,,,,,,,,,,,,,"Participant-investigator double-blinding for SC/PB group; single-blinding for VA/SA group; triple assurance via standardized participant operational procedures, independent evaluators for data collection, and third-party statistical analysis","Randomized controlled neuroimaging transcriptomics study; five-arm parallel-group RCT with 2-week run-in period and 2-week intervention period; centralized randomization, 1:1:1:1:1 ratio"
42077350,arm_mdd,MDD,verum_acupuncture,20,20.0,Major depressive disorder (MDD),intradermal_acupuncture,Intradermal needling with manual pressing stimulation,"['PC6', 'HT7', 'SP6', 'LR3']","PC6, HT7, SP6, LR3 bilaterally","Bilateral; stimulated in the following order: left PC6, right PC6, left HT7, right HT7, left SP6, right SP6, left LR3, right LR3",Intradermal (press needle),not_reported,,Manual pressing stimulation applied for 1 min on each side at an approximate rhythm of 60 presses per minute; each acupoint received 2 min of stimulation in total,Qingling intradermal needles,0.20 × 1.2 mm,False,not_applicable,not_applicable,not_reported,,8 min of continuous IA stimulation (total across all 8 acupoint sides),8.0,Single session (one session before the second MRI scan),1.0,Single session,not_reported,"Lie flat and relaxed, keep eyes closed but stay awake","Selection of acupoints (PC6, HT7, SP6, and LR3) was based on a previous data mining study on acupuncture treatment for MDD, which identified these acupoints as commonly used and clinically relevant for emotional regulation",Two standardized trained acupuncturists,Not reported for the neuroimaging substudy,Single-center neuroimaging substudy embedded within a multicenter randomized controlled trial; within-subject pre-post design for MDD patients; healthy controls scanned once for group comparison
42077350,arm_hc,HC,healthy_control,20,20.0,Major depressive disorder (MDD),,,[],,,,,,,,,,,,,,,,,,,,,,,Not reported for the neuroimaging substudy,Single-center neuroimaging substudy embedded within a multicenter randomized controlled trial; within-subject pre-post design for MDD patients; healthy controls scanned once for group comparison
42131703,VA,Verum acupuncture,verum_acupuncture,50,49.0,mechanical neck pain,manual_acupuncture,manual acupuncture,['four sites with lowest PPT values selected as acupuncture points; five body regions with the highest frequency of pain and the greatest acupoint sensitivity were selected for PPT detection; specific acupoint names not reported'],cervical tender points; four sites with the lowest pressure pain threshold (PPT) values selected from five body regions,not_reported,perpendicular or oblique needling,depth adjusted per anatomical site,,"rotational manipulation (180° amplitude, 2 Hz frequency) for 1 min to elicit deqi sensation; manual stimulation reapplied for 1 min at 10-min intervals using identical manipulation parameters",not_reported,not_reported,False,not_applicable,not_applicable,30 min,30.0,not_reported,,twice a week for 2 weeks,4.0,2 weeks,yes; deqi sensation (characteristic needling sensation) intended,not_reported,"based on classic TCM principle of 'taking pain as the acupoint (Yi Tong Wei Shu)'; tender points represent pain-sensitized loci of cervical myofascial injury; PPT measured using digital algometer (Model FPX25), probe applied perpendicular to skin, pressure at constant rate of 1 kg/cm2/s until subject reported pain",licensed acupuncturists with at least 3 years of experience in acupuncture who completed standardized clinical trial protocol training,"patients, outcome assessors, data collectors, and statisticians remained blinded to group assignment","single-center, randomized, sham-acupuncture controlled trial"
42131703,SA,Sham acupuncture,sham_acupuncture,50,49.0,mechanical neck pain,sham_needling,sham needling at non-acupoints,[],non-acupoint locations: sham point 1 at midpoint between the tip of the elbow and the axillae; sham point 2 in the middle of the line connecting the insertion of the deltoid muscle (LI 14) and the acromion,not_reported,inserted at an oblique angle of 15° relative to the skin surface to a depth of 2–3 mm,2–3 mm,2.5,no manipulation performed to elicit the deqi sensation,not_reported,not_reported,False,not_applicable,not_applicable,30 min,30.0,not_reported,,twice a week for 2 weeks,4.0,2 weeks,no; no manipulation was performed to elicit the deqi sensation,not_reported,sham points previously validated and confirmed not to elicit specific physiological effects,licensed acupuncturists with at least 3 years of experience in acupuncture who completed standardized clinical trial protocol training,"patients, outcome assessors, data collectors, and statisticians remained blinded to group assignment","single-center, randomized, sham-acupuncture controlled trial"
