pmid,raw_type,std_type,raw_value,parsed_value,t_value,n,status
41351443,t,t,4.81,4.81,4.81,66.0,converted
41351443,t,t,4.96,4.96,4.96,66.0,converted
41351443,t,t,5.01,5.01,5.01,66.0,converted
41351443,t,t,5.27,5.27,5.27,66.0,converted
41351443,t,t,5.26,5.26,5.26,66.0,converted
41351443,t,t,6.98,6.98,6.98,66.0,converted
41351443,t,t,4.99,4.99,4.99,66.0,converted
41351443,t,t,5.0,5.0,5.0,66.0,converted
41351443,t,t,5.11,5.11,5.11,66.0,converted
41351443,t,t,5.37,5.37,5.37,66.0,converted
41351443,t,t,5.03,5.03,5.03,66.0,converted
41351443,t,t,6.4,6.4,6.4,66.0,converted
39468590,t,t,4.1,4.1,4.1,118.0,converted
39468590,t,t,4.3,4.3,4.3,118.0,converted
39468590,t,t,4.0,4.0,4.0,118.0,converted
39468590,t,t,4.2,4.2,4.2,118.0,converted
39468590,t,t,3.9,3.9,3.9,118.0,converted
39468590,t,t,6.3,6.3,6.3,118.0,converted
39468590,t,t,6.5,6.5,6.5,118.0,converted
21080967,Z score,z,Inf,,,48.0,failed
21080967,Z score,z,5.44,5.44,6.489491928547785,48.0,converted
21080967,Z score,z,5.16,5.16,6.046123303782003,48.0,converted
21080967,Z score,z,4.12,4.12,4.559620916760505,48.0,converted
21080967,Z,z,not_reported,,,48.0,failed
21080967,Z,z,5.52,5.52,6.620103684358719,48.0,converted
21080967,Z,z,5.39,5.39,6.408771059812288,48.0,converted
21080967,Z,z,5.44,5.44,6.489491928547785,48.0,converted
21080967,Z,z,5.45,5.45,6.505719566913797,48.0,converted
21080967,Z,z,5.37,5.37,6.376675692941407,48.0,converted
21080967,Z,z,5.16,5.16,6.046123303782003,48.0,converted
21080967,Z,z,4.12,4.12,4.559620916760505,48.0,converted
40634927,Z,z,2.86,2.86,2.953911976763166,74.0,converted
40634927,Z,z,3.56,3.56,3.736475887860944,74.0,converted
40634927,Z,z,2.68,2.68,2.758207530824766,74.0,converted
40634927,Z,z,4.34,4.34,4.657883987607143,74.0,converted
40634927,Z,z,2.82,2.82,2.9102452606684683,74.0,converted
40634927,Z,z,3.62,3.62,3.8053416412229017,74.0,converted
40634927,Z,z,3.31,3.31,3.4527407189501846,74.0,converted
40634927,Z,z,3.52,3.52,3.690734920752324,74.0,converted
40634927,Z,z,3.66,3.66,3.8514244484261932,74.0,converted
40634927,Z,z,4.41,4.41,4.743595542376319,74.0,converted
40634927,Z,z,3.31,3.31,3.4527407189501846,74.0,converted
40634927,Z,z,3.58,3.58,3.7593969953840323,74.0,converted
40634927,Z,z,3.89,3.89,4.119178689293419,74.0,converted
40634927,Z,z,3.16,3.16,3.2848488928654263,74.0,converted
40634927,Z,z,3.52,3.52,3.690734920752324,74.0,converted
40634927,Z,z,4.03,4.03,4.284585993540326,74.0,converted
40634927,Z,z,4.4,4.4,4.731317783986072,74.0,converted
40634927,Z,z,3.61,3.61,3.7938426016904385,74.0,converted
40634927,Z,z,3.29,3.29,3.4302566601448587,74.0,converted
40634927,Z,z,3.28,3.28,3.419026162307086,74.0,converted
40634927,Z,z,3.74,3.74,3.944012226110081,74.0,converted
40634927,Z,z,3.37,3.37,3.5203794371855097,74.0,converted
40634927,Z,z,3.15,3.15,3.27371566740429,74.0,converted
39089662,p,p_value,4.11,4.11,4.11,50.0,converted
39089662,p,p_value,6.05,6.05,6.05,50.0,converted
39089662,p,p_value,6.06,6.06,6.06,50.0,converted
39089662,p,p_value,7.1,7.1,7.1,50.0,converted
36530635,Z,z,3.89,3.89,4.227563495421087,52.0,converted
36530635,Z,z,3.89,3.89,4.227563495421087,52.0,converted
36530635,Z,z,3.89,3.89,4.227563495421087,52.0,converted
36530635,Z,z,2.33,2.33,2.407254922309223,52.0,converted
36530635,Z,z,3.89,3.89,4.227563495421087,52.0,converted
36530635,Z,z,3.62,3.62,3.8922470157057325,52.0,converted
36530635,Z,z,3.89,3.89,4.227563495421087,52.0,converted
36530635,Z,z,3.89,3.89,4.227563495421087,52.0,converted
36530635,Z,z,3.89,3.89,4.227563495421087,52.0,converted
36530635,Z,z,3.89,3.89,4.227563495421087,52.0,converted
36530635,Z,z,3.89,3.89,4.227563495421087,52.0,converted
36530635,Z,z,2.39,2.39,2.472838114231639,52.0,converted
36530635,Z,z,3.89,3.89,4.227563495421087,52.0,converted
36530635,Z,z,3.89,3.89,4.227563495421087,52.0,converted
36530635,Z,z,3.89,3.89,4.227563495421087,52.0,converted
36530635,Z,z,3.89,3.89,4.227563495421087,52.0,converted
36530635,Z,z,3.89,3.89,4.227563495421087,52.0,converted
36530635,Z,z,-2.99,-2.99,-3.1456454040394566,52.0,converted
36530635,Z,z,3.89,3.89,4.227563495421087,52.0,converted
36530635,Z,z,3.89,3.89,4.227563495421087,52.0,converted
36530635,Z,z,2.85,2.85,2.9856732129227126,52.0,converted
36530635,Z,z,2.8,2.8,2.929007008565403,52.0,converted
36530635,Z,z,2.84,2.84,2.974320739114719,52.0,converted
36530635,Z,z,2.98,2.98,3.134153307863482,52.0,converted
36530635,Z,z,2.94,2.94,3.0882869833599442,52.0,converted
29343693,Peak (z-score),z,5.57,5.57,6.731987745898324,47.0,converted
29343693,Peak (z-score),z,5.39,5.39,6.434908263323127,47.0,converted
29343693,Peak (z-score),z,5.24,5.24,6.194387411612386,47.0,converted
29343693,Peak (z-score),z,5.11,5.11,5.990848381527109,47.0,converted
29343693,Peak (z-score),z,5.10,5.1,5.975374204085616,47.0,converted
29343693,Peak (z-score),z,5.09,5.09,5.959925670501586,47.0,converted
29343693,Peak (z-score),z,4.96,4.96,5.7613880976650655,47.0,converted
29343693,Peak (z-score),z,4.83,4.83,5.566978081256828,47.0,converted
29343693,Peak (z-score),z,4.77,4.77,5.4785912724137775,47.0,converted
29343693,Peak (z-score),z,4.77,4.77,5.4785912724137775,47.0,converted
29343693,Peak (z-score),z,4.64,4.64,5.289884573244221,47.0,converted
29343693,Peak (z-score),z,4.62,4.62,5.261184293693191,47.0,converted
29343693,Peak (z-score),z,4.43,4.43,4.992766975186848,47.0,converted
29343693,Peak (z-score),z,4.37,4.37,4.909545474658855,47.0,converted
29343693,Peak (z-score),z,4.32,4.32,4.840739537773162,47.0,converted
29343693,Peak (z-score),z,4.28,4.28,4.786045326917584,47.0,converted
29343693,Peak (z-score),z,4.23,4.23,4.71810838577315,47.0,converted
29343693,Peak (z-score),z,4.17,4.17,4.6372045449075845,47.0,converted
29343693,Peak (z-score),z,4.14,4.14,4.597002170222168,47.0,converted
29343693,Peak (z-score),z,4.11,4.11,4.556963737534447,47.0,converted
29343693,Peak (z-score),z,4.07,4.07,4.503831077881355,47.0,converted
29343693,Peak (z-score),z,3.97,3.97,4.37223300638914,47.0,converted
29343693,Peak (z-score),z,3.90,3.9,4.281136046565308,47.0,converted
29343693,Peak (z-score),z,3.87,3.87,4.242345722120853,47.0,converted
29343693,Peak (z-score),z,3.86,3.86,4.229448653157743,47.0,converted
29343693,Peak (z-score),z,3.82,3.82,4.178023924532452,47.0,converted
29343693,Peak (z-score),z,3.80,3.8,4.152408828916796,47.0,converted
29343693,Peak (z-score),z,3.67,3.67,3.987453920221966,47.0,converted
29343693,Peak (z-score),z,3.59,3.59,3.8872344404628896,47.0,converted
29343693,Peak (z-score),z,3.48,3.48,3.750974199972243,47.0,converted
29343693,Peak (z-score),z,3.45,3.45,3.714113350746533,47.0,converted
29343693,Peak (z-score),z,3.41,3.41,3.6651615492319327,47.0,converted
29343693,Peak (z-score),z,3.08,3.08,3.2694158477563424,47.0,converted
29343693,Peak (z-score),z,3.00,3.0,3.175526070612928,47.0,converted
29343693,Peak (z-score),z,2.85,2.85,3.001474494786329,47.0,converted
29343693,Peak (z-score),z,2.80,2.8,2.944011838847353,47.0,converted
29343693,Peak (z-score),z,4.67,4.67,5.333098794972179,47.0,converted
29343693,Peak (z-score),z,3.35,3.35,3.5921466910656035,47.0,converted
29343693,Peak (z-score),z,3.27,3.27,3.4955459528740134,47.0,converted
29343693,t,t,-4.36,-4.36,-4.36,47.0,converted
29343693,t,t,-3.99,-3.99,-3.99,47.0,converted
29343693,t,t,-4.69,-4.69,-4.69,47.0,converted
29343693,t,t,-3.59,-3.59,-3.59,47.0,converted
29343693,t,t,-3.71,-3.71,-3.71,47.0,converted
29343693,t,t,-5.39,-5.39,-5.39,47.0,converted
29343693,t,t,-4.96,-4.96,-4.96,47.0,converted
29343693,t,t,-4.23,-4.23,-4.23,47.0,converted
29343693,t,t,-4.53,-4.53,-4.53,47.0,converted
29343693,t,t,-4.59,-4.59,-4.59,47.0,converted
29343693,t,t,-6.36,-6.36,-6.36,47.0,converted
29343693,t,t,-7.85,-7.85,-7.85,47.0,converted
29343693,t,t,-7.85,-7.85,-7.85,47.0,converted
29343693,t,t,-4.93,-4.93,-4.93,47.0,converted
29343693,t,t,-9.06,-9.06,-9.06,47.0,converted
29343693,t,t,-7.18,-7.18,-7.18,47.0,converted
29343693,t,t,-8.9,-8.9,-8.9,47.0,converted
29343693,t,t,-4.77,-4.77,-4.77,47.0,converted
29343693,t,t,-6.11,-6.11,-6.11,47.0,converted
29343693,t,t,-4.44,-4.44,-4.44,47.0,converted
29343693,t,t,-3.44,-3.44,-3.44,47.0,converted
29343693,t,t,-7.19,-7.19,-7.19,47.0,converted
29343693,t,t,-4.77,-4.77,-4.77,47.0,converted
29343693,t,t,-3.51,-3.51,-3.51,47.0,converted
29343693,t,t,-3.93,-3.93,-3.93,47.0,converted
29343693,t,t,-5.74,-5.74,-5.74,47.0,converted
29343693,t,t,-3.5,-3.5,-3.5,47.0,converted
29343693,t,t,-13.0,-13.0,-13.0,47.0,converted
29343693,t,t,-4.2,-4.2,-4.2,47.0,converted
29343693,t,t,-5.76,-5.76,-5.76,47.0,converted
29343693,t,t,-8.15,-8.15,-8.15,47.0,converted
29343693,t,t,-4.17,-4.17,-4.17,47.0,converted
29343693,t,t,-4.9,-4.9,-4.9,47.0,converted
29343693,t,t,-4.9,-4.9,-4.9,47.0,converted
29343693,t,t,-4.6,-4.6,-4.6,47.0,converted
29343693,t,t,-7.14,-7.14,-7.14,47.0,converted
29343693,t,t,-3.45,-3.45,-3.45,47.0,converted
29343693,t,t,-3.95,-3.95,-3.95,47.0,converted
29343693,t,t,-6.5,-6.5,-6.5,47.0,converted
29343693,t,t,-5.46,-5.46,-5.46,47.0,converted
29343693,t,t,-5.85,-5.85,-5.85,47.0,converted
29343693,t,t,-5.85,-5.85,-5.85,47.0,converted
29343693,t,t,-3.88,-3.88,-3.88,47.0,converted
29343693,t,t,-3.97,-3.97,-3.97,47.0,converted
29343693,t,t,-4.75,-4.75,-4.75,47.0,converted
29343693,t,t,-3.97,-3.97,-3.97,47.0,converted
29343693,t,t,-5.87,-5.87,-5.87,47.0,converted
29343693,t,t,-7.46,-7.46,-7.46,47.0,converted
29343693,t,t,-6.06,-6.06,-6.06,47.0,converted
29343693,t,t,-5.7,-5.7,-5.7,47.0,converted
29343693,t,t,-8.83,-8.83,-8.83,47.0,converted
29343693,t,t,-8.7,-8.7,-8.7,47.0,converted
29343693,t,t,-7.47,-7.47,-7.47,47.0,converted
29343693,t,t,-5.85,-5.85,-5.85,47.0,converted
29343693,t,t,-3.4,-3.4,-3.4,47.0,converted
29343693,t,t,-3.6,-3.6,-3.6,47.0,converted
29343693,t,t,-4.17,-4.17,-4.17,47.0,converted
29343693,Z,z,5.57,5.57,6.731987745898324,47.0,converted
29343693,Z,z,5.39,5.39,6.434908263323127,47.0,converted
29343693,Z,z,5.24,5.24,6.194387411612386,47.0,converted
29343693,Z,z,5.11,5.11,5.990848381527109,47.0,converted
29343693,Z,z,5.1,5.1,5.975374204085616,47.0,converted
29343693,Z,z,5.09,5.09,5.959925670501586,47.0,converted
29343693,Z,z,4.96,4.96,5.7613880976650655,47.0,converted
29343693,Z,z,4.83,4.83,5.566978081256828,47.0,converted
29343693,Z,z,4.77,4.77,5.4785912724137775,47.0,converted
29343693,Z,z,4.77,4.77,5.4785912724137775,47.0,converted
29343693,Z,z,4.64,4.64,5.289884573244221,47.0,converted
29343693,Z,z,4.62,4.62,5.261184293693191,47.0,converted
29343693,Z,z,4.43,4.43,4.992766975186848,47.0,converted
29343693,Z,z,4.37,4.37,4.909545474658855,47.0,converted
29343693,Z,z,4.32,4.32,4.840739537773162,47.0,converted
29343693,Z,z,4.28,4.28,4.786045326917584,47.0,converted
29343693,Z,z,4.23,4.23,4.71810838577315,47.0,converted
29343693,Z,z,4.17,4.17,4.6372045449075845,47.0,converted
29343693,Z,z,4.14,4.14,4.597002170222168,47.0,converted
29343693,Z,z,4.11,4.11,4.556963737534447,47.0,converted
29343693,Z,z,4.07,4.07,4.503831077881355,47.0,converted
29343693,Z,z,3.97,3.97,4.37223300638914,47.0,converted
29343693,Z,z,3.9,3.9,4.281136046565308,47.0,converted
29343693,Z,z,3.87,3.87,4.242345722120853,47.0,converted
29343693,Z,z,3.86,3.86,4.229448653157743,47.0,converted
29343693,Z,z,3.82,3.82,4.178023924532452,47.0,converted
29343693,Z,z,3.8,3.8,4.152408828916796,47.0,converted
29343693,Z,z,3.67,3.67,3.987453920221966,47.0,converted
29343693,Z,z,3.59,3.59,3.8872344404628896,47.0,converted
29343693,Z,z,3.48,3.48,3.750974199972243,47.0,converted
29343693,Z,z,3.45,3.45,3.714113350746533,47.0,converted
29343693,Z,z,3.41,3.41,3.6651615492319327,47.0,converted
29343693,Z,z,3.08,3.08,3.2694158477563424,47.0,converted
29343693,Z,z,3.0,3.0,3.175526070612928,47.0,converted
29343693,Z,z,2.85,2.85,3.001474494786329,47.0,converted
29343693,Z,z,2.8,2.8,2.944011838847353,47.0,converted
29343693,Z,z,4.67,4.67,5.333098794972179,47.0,converted
29343693,Z,z,3.35,3.35,3.5921466910656035,47.0,converted
29343693,Z,z,3.27,3.27,3.4955459528740134,47.0,converted
35048524,t,t,4.52,4.52,4.52,60.0,converted
40022556,t,t,13.51,13.51,13.51,197.0,converted
40022556,t,t,13.13,13.13,13.13,197.0,converted
40022556,t,t,13.24,13.24,13.24,197.0,converted
40022556,t,t,13.02,13.02,13.02,197.0,converted
24062782,t,t,-4.01,-4.01,-4.01,59.0,converted
24062782,t,t,-2.86,-2.86,-2.86,59.0,converted
24062782,t,t,3.31,3.31,3.31,59.0,converted
24062782,t,t,3.71,3.71,3.71,59.0,converted
24062782,t,t,3.36,3.36,3.36,59.0,converted
24062782,t,t,3.2,3.2,3.2,59.0,converted
24062782,t,t,3.55,3.55,3.55,59.0,converted
24062782,t,t,3.18,3.18,3.18,59.0,converted
24062782,t,t,-4.53,-4.53,-4.53,59.0,converted
24062782,t,t,3.01,3.01,3.01,59.0,converted
24062782,t,t,-5.38,-5.38,-5.38,59.0,converted
24062782,t,t,3.38,3.38,3.38,59.0,converted
24062782,t,t,4.07,4.07,4.07,59.0,converted
24062782,t,t,3.28,3.28,3.28,59.0,converted
39648209,t,t,22.48,22.48,22.48,35.0,converted
39648209,t,t,16.14,16.14,16.14,35.0,converted
39648209,t,t,17.84,17.84,17.84,35.0,converted
39648209,t,t,15.99,15.99,15.99,35.0,converted
39648209,t,t,14.62,14.62,14.62,35.0,converted
39648209,t,t,10.79,10.79,10.79,35.0,converted
39648209,t,t,-11.41,-11.41,-11.41,35.0,converted
39648209,t,t,20.91,20.91,20.91,35.0,converted
39648209,t,t,21.03,21.03,21.03,35.0,converted
39648209,t,t,17.67,17.67,17.67,35.0,converted
39648209,t,t,16.18,16.18,16.18,35.0,converted
39648209,t,t,12.3,12.3,12.3,35.0,converted
39648209,t,t,11.15,11.15,11.15,35.0,converted
39648209,t,t,11.9,11.9,11.9,35.0,converted
39648209,t,t,-13.62,-13.62,-13.62,35.0,converted
39648209,t,t,11.1,11.1,11.1,35.0,converted
39648209,t,t,9.89,9.89,9.89,35.0,converted
39648209,t,t,10.35,10.35,10.35,35.0,converted
39648209,t,t,16.29,16.29,16.29,35.0,converted
39648209,t,t,10.29,10.29,10.29,35.0,converted
24963329,t,t,2.579,2.579,2.579,15.0,converted
24963329,t,t,3.877,3.877,3.877,15.0,converted
24963329,t,t,3.382,3.382,3.382,15.0,converted
24963329,t,t,4.358,4.358,4.358,15.0,converted
25228908,Z,z,5.57,5.57,26.850106085388862,9.0,converted
25228908,Z,z,5.39,5.39,23.184333874889088,9.0,converted
25228908,Z,z,5.24,5.24,20.57878607194125,9.0,converted
25228908,Z,z,5.11,5.11,18.600271919962125,9.0,converted
25228908,Z,z,5.1,5.1,18.457763453410152,9.0,converted
25228908,Z,z,5.09,5.09,18.316566174601334,9.0,converted
25228908,Z,z,4.96,4.96,16.59424363908359,9.0,converted
25228908,Z,z,4.83,4.83,15.063458097017142,9.0,converted
25228908,Z,z,4.77,4.77,14.414708539359856,9.0,converted
25228908,Z,z,4.77,4.77,14.414708539359856,9.0,converted
25228908,Z,z,4.64,4.64,13.121205236325007,9.0,converted
25228908,Z,z,4.62,4.62,12.934878065311446,9.0,converted
25228908,Z,z,4.43,4.43,11.315102527128861,9.0,converted
25228908,Z,z,4.37,4.37,10.855236752455724,9.0,converted
25228908,Z,z,4.32,4.32,10.489131102954211,9.0,converted
25228908,Z,z,4.28,4.28,10.206907135955667,9.0,converted
25228908,Z,z,4.23,4.23,9.86685307415799,9.0,converted
25228908,Z,z,4.17,4.17,9.47655937699411,9.0,converted
25228908,Z,z,4.14,4.14,9.288357396366681,9.0,converted
25228908,Z,z,4.11,4.11,9.104607740909838,9.0,converted
25228908,Z,z,4.07,4.07,8.86631338778563,9.0,converted
25228908,Z,z,3.97,3.97,8.302323563639671,9.0,converted
25228908,Z,z,3.9,3.9,7.932759343064053,9.0,converted
25228908,Z,z,3.87,3.87,7.780338961036934,9.0,converted
25228908,Z,z,3.86,3.86,7.730299925850293,9.0,converted
25228908,Z,z,3.82,3.82,7.533886465052257,9.0,converted
25228908,Z,z,3.8,3.8,7.437876165950053,9.0,converted
25228908,Z,z,3.67,3.67,6.847439756908216,9.0,converted
25228908,Z,z,3.59,3.59,6.511060699279156,9.0,converted
25228908,Z,z,3.48,3.48,6.078897609247402,9.0,converted
25228908,Z,z,3.45,3.45,5.966732390602681,9.0,converted
25228908,Z,z,3.41,3.41,5.820771020711346,9.0,converted
25228908,Z,z,3.08,3.08,4.755600442154956,9.0,converted
25228908,Z,z,3.0,3.0,4.529973678733427,9.0,converted
25228908,Z,z,2.85,2.85,4.135832378941291,9.0,converted
25228908,Z,z,2.8,2.8,4.012159211899471,9.0,converted
25228908,Z,z,4.67,4.67,13.406817665591038,9.0,converted
25228908,Z,z,3.35,3.35,5.609226301939722,9.0,converted
25228908,Z,z,3.27,3.27,5.34023780339361,9.0,converted
29951105,t,t,10.425,10.425,10.425,21.0,converted
29951105,t,t,12.005,12.005,12.005,21.0,converted
29951105,t,t,6.0288,6.0288,6.0288,21.0,converted
35464313,t,t,4.42,4.42,4.42,115.0,converted
35464313,t,t,4.65,4.65,4.65,115.0,converted
35464313,t,t,4.42,4.42,4.42,115.0,converted
35464313,t,t,-5.7,-5.7,-5.7,115.0,converted
35464313,t,t,3.89,3.89,3.89,115.0,converted
35464313,t,t,4.38,4.38,4.38,115.0,converted
26161117,Peak Z-score,z,-3.60,-3.6,-4.1471543110833196,28.0,converted
26161117,Peak Z-score,z,-3.46,-3.46,-3.94453556525379,28.0,converted
26161117,Peak Z-score,z,-3.01,-3.01,-3.328904093188616,28.0,converted
26161117,Peak Z-score,z,4.19,4.19,5.0706051319526795,28.0,converted
26161117,Peak Z-score,z,4.01,4.01,4.77591933816789,28.0,converted
26161117,Peak Z-score,z,3.69,3.69,4.280496644606372,28.0,converted
26161117,Peak Z-score,z,3.44,3.44,3.91604903541934,28.0,converted
26161117,Peak Z-score,z,3.23,3.23,3.6234785222266686,28.0,converted
26161117,Peak Z-score,z,5.67,5.67,8.091587212160542,28.0,converted
26161117,Peak Z-score,z,4.57,4.57,5.736006541659491,28.0,converted
26161117,Peak Z-score,z,3.58,3.58,4.117856930449149,28.0,converted
26161117,Peak Z-score,z,4.43,4.43,5.483580920479467,28.0,converted
26161117,Peak Z-score,z,3.01,3.01,3.328904093188616,28.0,converted
26161117,Peak Z-score,z,4.88,4.88,6.32849244884722,28.0,converted
26161117,Peak Z-score,z,3.45,3.45,3.9302782909525176,28.0,converted
26161117,Peak Z-score,z,3.03,3.03,3.3552116648897816,28.0,converted
26161117,Peak Z-score,z,3.23,3.23,3.6234785222266686,28.0,converted
26161117,Peak Z-score,z,4.75,4.75,6.074128485306697,28.0,converted
26161117,Peak Z-score,z,3.89,3.89,4.586060260908857,28.0,converted
26161117,Peak Z-score,z,3.76,3.76,4.385957132981756,28.0,converted
26161117,Peak Z-score,z,3.35,3.35,3.7892250430964194,28.0,converted
26161117,Peak Z-score,z,3.45,3.45,3.9302782909525176,28.0,converted
26161117,Peak Z-score,z,3.25,3.25,3.6508448265126,28.0,converted
26161117,Peak Z-score,z,3.24,3.24,3.637148993611487,28.0,converted
26161117,Z,z,-3.6,-3.6,-4.1471543110833196,28.0,converted
26161117,Z,z,-3.46,-3.46,-3.94453556525379,28.0,converted
26161117,Z,z,-3.01,-3.01,-3.328904093188616,28.0,converted
26161117,Z,z,4.19,4.19,5.0706051319526795,28.0,converted
26161117,Z,z,4.01,4.01,4.77591933816789,28.0,converted
26161117,Z,z,3.69,3.69,4.280496644606372,28.0,converted
26161117,Z,z,3.44,3.44,3.91604903541934,28.0,converted
26161117,Z,z,3.23,3.23,3.6234785222266686,28.0,converted
26161117,Z,z,5.67,5.67,8.091587212160542,28.0,converted
26161117,Z,z,4.57,4.57,5.736006541659491,28.0,converted
26161117,Z,z,3.58,3.58,4.117856930449149,28.0,converted
26161117,Z,z,4.43,4.43,5.483580920479467,28.0,converted
26161117,Z,z,3.01,3.01,3.328904093188616,28.0,converted
26161117,Z,z,4.88,4.88,6.32849244884722,28.0,converted
26161117,Z,z,3.45,3.45,3.9302782909525176,28.0,converted
26161117,Z,z,3.03,3.03,3.3552116648897816,28.0,converted
26161117,Z,z,3.23,3.23,3.6234785222266686,28.0,converted
26161117,Z,z,4.75,4.75,6.074128485306697,28.0,converted
26161117,Z,z,3.89,3.89,4.586060260908857,28.0,converted
26161117,Z,z,3.76,3.76,4.385957132981756,28.0,converted
26161117,Z,z,3.35,3.35,3.7892250430964194,28.0,converted
26161117,Z,z,3.45,3.45,3.9302782909525176,28.0,converted
26161117,Z,z,3.25,3.25,3.6508448265126,28.0,converted
26161117,Z,z,3.24,3.24,3.637148993611487,28.0,converted
26161117,Z,z,4.19,4.19,5.0706051319526795,28.0,converted
26161117,Z,z,4.01,4.01,4.77591933816789,28.0,converted
26161117,Z,z,3.69,3.69,4.280496644606372,28.0,converted
26161117,Z,z,3.44,3.44,3.91604903541934,28.0,converted
26161117,Z,z,3.23,3.23,3.6234785222266686,28.0,converted
26161117,Z,z,5.67,5.67,8.091587212160542,28.0,converted
26161117,Z,z,4.57,4.57,5.736006541659491,28.0,converted
26161117,Z,z,3.58,3.58,4.117856930449149,28.0,converted
26161117,Z,z,4.43,4.43,5.483580920479467,28.0,converted
26161117,Z,z,3.01,3.01,3.328904093188616,28.0,converted
26161117,Z,z,4.88,4.88,6.32849244884722,28.0,converted
26161117,Z,z,3.45,3.45,3.9302782909525176,28.0,converted
26161117,Z,z,3.03,3.03,3.3552116648897816,28.0,converted
26161117,Z,z,3.23,3.23,3.6234785222266686,28.0,converted
26161117,Z,z,4.75,4.75,6.074128485306697,28.0,converted
26161117,Z,z,3.89,3.89,4.586060260908857,28.0,converted
26161117,Z,z,3.76,3.76,4.385957132981756,28.0,converted
26161117,Z,z,3.35,3.35,3.7892250430964194,28.0,converted
26161117,Z,z,3.45,3.45,3.9302782909525176,28.0,converted
26161117,Z,z,3.25,3.25,3.6508448265126,28.0,converted
26161117,Z,z,3.24,3.24,3.637148993611487,28.0,converted
25741269,T-value,t,22.48,22.48,22.48,45.0,converted
25741269,T-value,t,16.14,16.14,16.14,45.0,converted
25741269,T-value,t,17.84,17.84,17.84,45.0,converted
25741269,T-value,t,15.99,15.99,15.99,45.0,converted
25741269,T-value,t,−15.45,-15.45,-15.45,45.0,converted
25741269,T-value,t,−13.00,-13.0,-13.0,45.0,converted
25741269,T-value,t,14.62,14.62,14.62,45.0,converted
25741269,T-value,t,−11.76,-11.76,-11.76,45.0,converted
25741269,T-value,t,−12.98,-12.98,-12.98,45.0,converted
25741269,T-value,t,−10.91,-10.91,-10.91,45.0,converted
25741269,T-value,t,−11.23,-11.23,-11.23,45.0,converted
25741269,T-value,t,−11.06,-11.06,-11.06,45.0,converted
25741269,T-value,t,−11.85,-11.85,-11.85,45.0,converted
25741269,T-value,t,−16.07,-16.07,-16.07,45.0,converted
25741269,T-value,t,−10.36,-10.36,-10.36,45.0,converted
25741269,T-value,t,−10.44,-10.44,-10.44,45.0,converted
25741269,T-value,t,−10.93,-10.93,-10.93,45.0,converted
25741269,T-value,t,−10.97,-10.97,-10.97,45.0,converted
25741269,T-value,t,−10.66,-10.66,-10.66,45.0,converted
25741269,T-value,t,−11.23,-11.23,-11.23,45.0,converted
25741269,T-value,t,−9.83,-9.83,-9.83,45.0,converted
25741269,T-value,t,10.79,10.79,10.79,45.0,converted
25741269,T-value,t,−10.19,-10.19,-10.19,45.0,converted
25741269,T-value,t,−9.99,-9.99,-9.99,45.0,converted
25741269,T-value,t,−10.66,-10.66,-10.66,45.0,converted
25741269,T-value,t,−10.97,-10.97,-10.97,45.0,converted
25741269,T-value,t,−10.02,-10.02,-10.02,45.0,converted
25741269,T-value,t,−11.41,-11.41,-11.41,45.0,converted
25741269,T-value,t,20.91,20.91,20.91,45.0,converted
25741269,T-value,t,21.03,21.03,21.03,45.0,converted
25741269,T-value,t,−14.44,-14.44,-14.44,45.0,converted
25741269,T-value,t,17.67,17.67,17.67,45.0,converted
25741269,T-value,t,−11.90,-11.9,-11.9,45.0,converted
25741269,T-value,t,16.18,16.18,16.18,45.0,converted
25741269,T-value,t,−12.76,-12.76,-12.76,45.0,converted
25741269,T-value,t,−12.81,-12.81,-12.81,45.0,converted
25741269,T-value,t,−11.26,-11.26,-11.26,45.0,converted
25741269,T-value,t,−12.50,-12.5,-12.5,45.0,converted
25741269,T-value,t,12.30,12.3,12.3,45.0,converted
25741269,T-value,t,11.15,11.15,11.15,45.0,converted
25741269,T-value,t,−11.80,-11.8,-11.8,45.0,converted
25741269,T-value,t,−11.43,-11.43,-11.43,45.0,converted
25741269,T-value,t,11.90,11.9,11.9,45.0,converted
25741269,T-value,t,−10.74,-10.74,-10.74,45.0,converted
25741269,T-value,t,−13.62,-13.62,-13.62,45.0,converted
25741269,T-value,t,−12.91,-12.91,-12.91,45.0,converted
25741269,T-value,t,−11.13,-11.13,-11.13,45.0,converted
25741269,T-value,t,11.10,11.1,11.1,45.0,converted
25741269,T-value,t,9.89,9.89,9.89,45.0,converted
25741269,T-value,t,10.35,10.35,10.35,45.0,converted
25741269,T-value,t,−11.96,-11.96,-11.96,45.0,converted
25741269,T-value,t,−11.38,-11.38,-11.38,45.0,converted
25741269,T-value,t,−10.99,-10.99,-10.99,45.0,converted
25741269,T-value,t,10.20,10.2,10.2,45.0,converted
25741269,T-value,t,−11.34,-11.34,-11.34,45.0,converted
25741269,T-value,t,16.29,16.29,16.29,45.0,converted
25741269,T-value,t,10.29,10.29,10.29,45.0,converted
25741269,T-value,t,83.81,83.81,83.81,45.0,converted
25741269,T-value,t,28.31,28.31,28.31,45.0,converted
25741269,T-value,t,29.27,29.27,29.27,45.0,converted
25741269,T-value,t,18.80,18.8,18.8,45.0,converted
25741269,T-value,t,14.60,14.6,14.6,45.0,converted
25741269,T-value,t,−16.54,-16.54,-16.54,45.0,converted
25741269,T-value,t,−11.78,-11.78,-11.78,45.0,converted
25741269,T-value,t,14.49,14.49,14.49,45.0,converted
25741269,T-value,t,13.05,13.05,13.05,45.0,converted
25741269,T-value,t,14.46,14.46,14.46,45.0,converted
25741269,T-value,t,12.99,12.99,12.99,45.0,converted
25741269,T-value,t,18.09,18.09,18.09,45.0,converted
25741269,T-value,t,12.75,12.75,12.75,45.0,converted
25741269,T-value,t,−13.82,-13.82,-13.82,45.0,converted
25741269,T-value,t,12.08,12.08,12.08,45.0,converted
25741269,T-value,t,−13.15,-13.15,-13.15,45.0,converted
25741269,T-value,t,−10.71,-10.71,-10.71,45.0,converted
25741269,T-value,t,−14.02,-14.02,-14.02,45.0,converted
25741269,T-value,t,−10.46,-10.46,-10.46,45.0,converted
25741269,T-value,t,15.10,15.1,15.1,45.0,converted
25741269,T-value,t,11.21,11.21,11.21,45.0,converted
25741269,T-value,t,13.20,13.2,13.2,45.0,converted
25741269,T-value,t,10.50,10.5,10.5,45.0,converted
25741269,T-value,t,−9.79,-9.79,-9.79,45.0,converted
25741269,T-value,t,−9.76,-9.76,-9.76,45.0,converted
25741269,T-value,t,11.33,11.33,11.33,45.0,converted
25741269,T-value,t,79.22,79.22,79.22,45.0,converted
25741269,T-value,t,35.20,35.2,35.2,45.0,converted
25741269,T-value,t,24.16,24.16,24.16,45.0,converted
25741269,T-value,t,22.23,22.23,22.23,45.0,converted
25741269,T-value,t,17.17,17.17,17.17,45.0,converted
25741269,T-value,t,14.47,14.47,14.47,45.0,converted
25741269,T-value,t,22.08,22.08,22.08,45.0,converted
25741269,T-value,t,16.87,16.87,16.87,45.0,converted
25741269,T-value,t,14.16,14.16,14.16,45.0,converted
25741269,T-value,t,20.29,20.29,20.29,45.0,converted
25741269,T-value,t,11.41,11.41,11.41,45.0,converted
25741269,T-value,t,14.04,14.04,14.04,45.0,converted
25741269,T-value,t,15.10,15.1,15.1,45.0,converted
25741269,T-value,t,14.41,14.41,14.41,45.0,converted
25741269,T-value,t,11.02,11.02,11.02,45.0,converted
25741269,T-value,t,10.74,10.74,10.74,45.0,converted
25741269,T-value,t,12.39,12.39,12.39,45.0,converted
25741269,T-value,t,10.67,10.67,10.67,45.0,converted
25741269,T-value,t,10.72,10.72,10.72,45.0,converted
25741269,T-value,t,−11.89,-11.89,-11.89,45.0,converted
25741269,T-value,t,10.80,10.8,10.8,45.0,converted
25741269,T-value,t,10.10,10.1,10.1,45.0,converted
25741269,t,t,22.48,22.48,22.48,45.0,converted
25741269,t,t,16.14,16.14,16.14,45.0,converted
25741269,t,t,17.84,17.84,17.84,45.0,converted
25741269,t,t,15.99,15.99,15.99,45.0,converted
25741269,t,t,14.62,14.62,14.62,45.0,converted
25741269,t,t,10.79,10.79,10.79,45.0,converted
25741269,t,t,20.91,20.91,20.91,45.0,converted
25741269,t,t,21.03,21.03,21.03,45.0,converted
25741269,t,t,17.67,17.67,17.67,45.0,converted
25741269,t,t,16.18,16.18,16.18,45.0,converted
25741269,t,t,12.3,12.3,12.3,45.0,converted
25741269,t,t,11.15,11.15,11.15,45.0,converted
25741269,t,t,11.9,11.9,11.9,45.0,converted
25741269,t,t,9.89,9.89,9.89,45.0,converted
25741269,t,t,11.1,11.1,11.1,45.0,converted
25741269,t,t,10.35,10.35,10.35,45.0,converted
25741269,t,t,10.2,10.2,10.2,45.0,converted
25741269,t,t,16.29,16.29,16.29,45.0,converted
25741269,t,t,10.29,10.29,10.29,45.0,converted
25741269,t,t,83.81,83.81,83.81,45.0,converted
25741269,t,t,28.31,28.31,28.31,45.0,converted
25741269,t,t,29.27,29.27,29.27,45.0,converted
25741269,t,t,18.8,18.8,18.8,45.0,converted
25741269,t,t,14.6,14.6,14.6,45.0,converted
25741269,t,t,14.49,14.49,14.49,45.0,converted
25741269,t,t,13.05,13.05,13.05,45.0,converted
25741269,t,t,14.46,14.46,14.46,45.0,converted
25741269,t,t,12.99,12.99,12.99,45.0,converted
25741269,t,t,18.09,18.09,18.09,45.0,converted
25741269,t,t,12.75,12.75,12.75,45.0,converted
25741269,t,t,12.08,12.08,12.08,45.0,converted
25741269,t,t,11.21,11.21,11.21,45.0,converted
25741269,t,t,13.2,13.2,13.2,45.0,converted
25741269,t,t,10.5,10.5,10.5,45.0,converted
25741269,t,t,11.33,11.33,11.33,45.0,converted
25741269,t,t,79.22,79.22,79.22,45.0,converted
25741269,t,t,35.2,35.2,35.2,45.0,converted
25741269,t,t,24.16,24.16,24.16,45.0,converted
25741269,t,t,22.23,22.23,22.23,45.0,converted
25741269,t,t,17.17,17.17,17.17,45.0,converted
25741269,t,t,14.47,14.47,14.47,45.0,converted
25741269,t,t,22.08,22.08,22.08,45.0,converted
25741269,t,t,16.87,16.87,16.87,45.0,converted
25741269,t,t,14.16,14.16,14.16,45.0,converted
25741269,t,t,20.29,20.29,20.29,45.0,converted
25741269,t,t,11.41,11.41,11.41,45.0,converted
25741269,t,t,14.04,14.04,14.04,45.0,converted
25741269,t,t,15.1,15.1,15.1,45.0,converted
25741269,t,t,14.41,14.41,14.41,45.0,converted
25741269,t,t,11.02,11.02,11.02,45.0,converted
25741269,t,t,10.74,10.74,10.74,45.0,converted
25741269,t,t,12.39,12.39,12.39,45.0,converted
25741269,t,t,10.67,10.67,10.67,45.0,converted
25741269,t,t,10.72,10.72,10.72,45.0,converted
25741269,t,t,10.8,10.8,10.8,45.0,converted
25741269,t,t,10.1,10.1,10.1,45.0,converted
30105065,T value,t,4.50,4.5,4.5,49.0,converted
30105065,T value,t,4.17,4.17,4.17,49.0,converted
30105065,T value,t,4.21,4.21,4.21,49.0,converted
30105065,T value,t,4.19,4.19,4.19,49.0,converted
30105065,T value,t,3.95,3.95,3.95,49.0,converted
30105065,T value,t,3.78,3.78,3.78,49.0,converted
30105065,T value,t,4.50,4.5,4.5,49.0,converted
30105065,T value,t,7.02,7.02,7.02,49.0,converted
30105065,T value,t,5.75,5.75,5.75,49.0,converted
30105065,t,t,4.5,4.5,4.5,49.0,converted
30105065,t,t,4.17,4.17,4.17,49.0,converted
30105065,t,t,4.21,4.21,4.21,49.0,converted
30105065,t,t,4.19,4.19,4.19,49.0,converted
30105065,t,t,3.95,3.95,3.95,49.0,converted
30105065,t,t,3.78,3.78,3.78,49.0,converted
30105065,t,t,4.5,4.5,4.5,49.0,converted
30105065,t,t,7.02,7.02,7.02,49.0,converted
30105065,t,t,5.75,5.75,5.75,49.0,converted
25525442,t-value,t,8.17,8.17,8.17,31.0,converted
25525442,t-value,t,6.23,6.23,6.23,31.0,converted
25525442,t-value,t,6.84,6.84,6.84,31.0,converted
25525442,t-value,t,4.82,4.82,4.82,31.0,converted
25525442,t-value,t,4.56,4.56,4.56,31.0,converted
25525442,t-value,t,5.36,5.36,5.36,31.0,converted
25525442,t,t,8.17,8.17,8.17,31.0,converted
25525442,t,t,6.23,6.23,6.23,31.0,converted
25525442,t,t,6.84,6.84,6.84,31.0,converted
25525442,t,t,4.82,4.82,4.82,31.0,converted
25525442,t,t,4.56,4.56,4.56,31.0,converted
25525442,t,t,5.36,5.36,5.36,31.0,converted
26211895,z-score (cluster peak),z,6.72,6.72,32.455463438353924,12.0,converted
26211895,z-score (cluster peak),z,6.58,6.58,29.483698649425296,12.0,converted
26211895,z-score (cluster peak),z,6.27,6.27,23.984053136871726,12.0,converted
26211895,z-score (cluster peak),z,5.97,5.97,19.795763202134623,12.0,converted
26211895,z-score (cluster peak),z,5.61,5.61,15.876648316687131,12.0,converted
26211895,z-score (cluster peak),z,5.59,5.59,15.687882872236667,12.0,converted
26211895,z-score (cluster peak),z,5.29,5.29,13.1577031045204,12.0,converted
26211895,z-score (cluster peak),z,5.01,5.01,11.228624954428035,12.0,converted
26211895,z-score (cluster peak),z,4.77,4.77,9.840105622620104,12.0,converted
26211895,z-score (cluster peak),z,4.73,4.73,9.629070763204401,12.0,converted
26211895,z-score (cluster peak),z,3.86,3.86,6.1152681923954155,12.0,converted
26211895,z-score (cluster peak),z,3.71,3.71,5.667933581825152,12.0,converted
26211895,z-score (cluster peak),z,2.44,2.44,2.9438961303844766,12.0,converted
26211895,Z,z,6.72,6.72,32.455463438353924,12.0,converted
26211895,Z,z,6.58,6.58,29.483698649425296,12.0,converted
26211895,Z,z,6.27,6.27,23.984053136871726,12.0,converted
26211895,Z,z,5.97,5.97,19.795763202134623,12.0,converted
26211895,Z,z,5.61,5.61,15.876648316687131,12.0,converted
26211895,Z,z,5.59,5.59,15.687882872236667,12.0,converted
26211895,Z,z,5.29,5.29,13.1577031045204,12.0,converted
26211895,Z,z,5.01,5.01,11.228624954428035,12.0,converted
26211895,Z,z,4.77,4.77,9.840105622620104,12.0,converted
26211895,Z,z,4.73,4.73,9.629070763204401,12.0,converted
26211895,Z,z,3.86,3.86,6.1152681923954155,12.0,converted
26211895,Z,z,3.71,3.71,5.667933581825152,12.0,converted
26211895,Z,z,2.44,2.44,2.9438961303844766,12.0,converted
26211895,Z,z,4.78,4.78,9.893718910728955,12.0,converted
26211895,Z,z,4.51,4.51,8.559460264495042,12.0,converted
26211895,Z,z,4.46,4.46,8.336172732455363,12.0,converted
26211895,Z,z,4.29,4.29,7.625862806745168,12.0,converted
26211895,Z,z,4.19,4.19,7.240504049811172,12.0,converted
26211895,Z,z,4.06,4.06,6.771957947140438,12.0,converted
26211895,Z,z,3.53,3.53,5.175863146903428,12.0,converted
26211895,Z,z,3.47,3.47,5.021671706026858,12.0,converted
26211895,Z,z,3.05,3.05,4.059495332143139,12.0,converted
26211895,Z,z,6.72,6.72,32.455463438353924,12.0,converted
26211895,Z,z,6.58,6.58,29.483698649425296,12.0,converted
26211895,Z,z,6.27,6.27,23.984053136871726,12.0,converted
26211895,Z,z,5.97,5.97,19.795763202134623,12.0,converted
26211895,Z,z,5.61,5.61,15.876648316687131,12.0,converted
26211895,Z,z,5.59,5.59,15.687882872236667,12.0,converted
26211895,Z,z,5.29,5.29,13.1577031045204,12.0,converted
26211895,Z,z,5.01,5.01,11.228624954428035,12.0,converted
26211895,Z,z,4.77,4.77,9.840105622620104,12.0,converted
26211895,Z,z,4.73,4.73,9.629070763204401,12.0,converted
26211895,Z,z,3.86,3.86,6.1152681923954155,12.0,converted
26211895,Z,z,3.71,3.71,5.667933581825152,12.0,converted
26211895,Z,z,2.44,2.44,2.9438961303844766,12.0,converted
23840533,t,t,7.09,7.09,7.09,18.0,converted
23840533,t,t,7.19,7.19,7.19,18.0,converted
23840533,t,t,6.62,6.62,6.62,18.0,converted
23840533,t,t,4.90,4.9,4.9,18.0,converted
23840533,t,t,6.49,6.49,6.49,18.0,converted
23840533,t,t,4.47,4.47,4.47,18.0,converted
23840533,t,t,5.46,5.46,5.46,18.0,converted
23840533,t,t,5.23,5.23,5.23,18.0,converted
23840533,t,t,8.20,8.2,8.2,18.0,converted
23840533,t,t,8.06,8.06,8.06,18.0,converted
23840533,t,t,-5.77,-5.77,-5.77,18.0,converted
23840533,t,t,-5.34,-5.34,-5.34,18.0,converted
23840533,t,t,-5.64,-5.64,-5.64,18.0,converted
23840533,t,t,-4.50,-4.5,-4.5,18.0,converted
23840533,t,t,6.83,6.83,6.83,18.0,converted
23840533,t,t,7.28,7.28,7.28,18.0,converted
23840533,t,t,6.51,6.51,6.51,18.0,converted
23840533,t,t,8.26,8.26,8.26,18.0,converted
23840533,t,t,7.48,7.48,7.48,18.0,converted
23840533,t,t,-7.22,-7.22,-7.22,18.0,converted
23840533,t,t,-6.89,-6.89,-6.89,18.0,converted
23840533,t,t,7.09,7.09,7.09,18.0,converted
23840533,t,t,7.19,7.19,7.19,18.0,converted
23840533,t,t,6.62,6.62,6.62,18.0,converted
23840533,t,t,4.9,4.9,4.9,18.0,converted
23840533,t,t,6.49,6.49,6.49,18.0,converted
23840533,t,t,4.47,4.47,4.47,18.0,converted
23840533,t,t,5.46,5.46,5.46,18.0,converted
23840533,t,t,5.23,5.23,5.23,18.0,converted
23840533,t,t,8.2,8.2,8.2,18.0,converted
23840533,t,t,8.06,8.06,8.06,18.0,converted
23840533,t,t,5.06,5.06,5.06,18.0,converted
23840533,t,t,6.83,6.83,6.83,18.0,converted
23840533,t,t,7.28,7.28,7.28,18.0,converted
23840533,t,t,6.51,6.51,6.51,18.0,converted
23840533,t,t,8.26,8.26,8.26,18.0,converted
23840533,t,t,7.48,7.48,7.48,18.0,converted
23840533,t,t,7.09,7.09,7.09,18.0,converted
23840533,t,t,7.19,7.19,7.19,18.0,converted
23840533,t,t,6.62,6.62,6.62,18.0,converted
23840533,t,t,4.9,4.9,4.9,18.0,converted
23840533,t,t,6.49,6.49,6.49,18.0,converted
23840533,t,t,4.47,4.47,4.47,18.0,converted
23840533,t,t,5.46,5.46,5.46,18.0,converted
23840533,t,t,5.23,5.23,5.23,18.0,converted
23840533,t,t,8.2,8.2,8.2,18.0,converted
23840533,t,t,8.06,8.06,8.06,18.0,converted
23840533,t,t,5.06,5.06,5.06,18.0,converted
23840533,t,t,6.83,6.83,6.83,18.0,converted
23840533,t,t,7.28,7.28,7.28,18.0,converted
23840533,t,t,6.51,6.51,6.51,18.0,converted
23840533,t,t,8.26,8.26,8.26,18.0,converted
23840533,t,t,7.48,7.48,7.48,18.0,converted
41351443,F,F,4.68,4.68,2.1633307652783933,66.0,converted
41351443,F,F,3.35,3.35,1.8303005217723127,66.0,converted
41351443,F,F,3.0,3.0,1.7320508075688772,66.0,converted
41351443,F,F,3.49,3.49,1.8681541692269406,66.0,converted
41351443,F,F,3.35,3.35,1.8303005217723127,66.0,converted
41351443,F,F,3.56,3.56,1.8867962264113207,66.0,converted
40974865,t,t,2.92,2.92,2.92,85.0,converted
40974865,t,t,3.37,3.37,3.37,85.0,converted
40974865,t,t,4.2,4.2,4.2,85.0,converted
40974865,t,t,3.04,3.04,3.04,85.0,converted
40974865,t,t,3.82,3.82,3.82,85.0,converted
40974865,t,t,3.35,3.35,3.35,85.0,converted
40974865,t,t,3.69,3.69,3.69,85.0,converted
40974865,t,t,3.34,3.34,3.34,85.0,converted
40974865,t,t,3.25,3.25,3.25,85.0,converted
40974865,t,t,3.71,3.71,3.71,85.0,converted
40974865,t,t,3.69,3.69,3.69,85.0,converted
40974865,t,t,3.35,3.35,3.35,85.0,converted
40974865,t,t,3.16,3.16,3.16,85.0,converted
40974865,t,t,2.98,2.98,2.98,85.0,converted
40974865,t,t,3.3,3.3,3.3,85.0,converted
40974865,t,t,3.04,3.04,3.04,85.0,converted
40974865,t,t,2.97,2.97,2.97,85.0,converted
21080967,Z score,z,4.79,4.79,5.490484800325254,48.0,converted
21080967,Z score,z,3.94,3.94,4.323835604266244,48.0,converted
21080967,Z score,z,4.20,4.2,4.666221302441801,48.0,converted
28480365,Peak intensity (t-value),t,-3.3825,-3.3825,-3.3825,45.0,converted
28480365,Peak intensity (t-value),t,-3.9104,-3.9104,-3.9104,45.0,converted
28480365,Peak intensity (t-value),t,-3.2984,-3.2984,-3.2984,45.0,converted
28480365,Peak intensity (t-value),t,3.5757,3.5757,3.5757,45.0,converted
28480365,Peak intensity (t-value),t,4.3823,4.3823,4.3823,45.0,converted
28480365,Peak intensity (t-value),t,4.6498,4.6498,4.6498,45.0,converted
28480365,Peak intensity (t-value),t,4.3066,4.3066,4.3066,45.0,converted
28480365,Z,z,2.54,2.54,2.6546830657921925,45.0,converted
28480365,Z,z,2.45,2.45,2.553714877180985,45.0,converted
28480365,Z,z,3.04,3.04,3.2313359775597177,45.0,converted
28480365,Z,z,3.16,3.16,3.3741403348306473,45.0,converted
28480365,Z,z,2.78,2.78,2.9279825485540214,45.0,converted
28480365,Z,z,3.09,3.09,3.290613669178938,45.0,converted
28480365,Z,z,2.81,2.81,2.962582912591128,45.0,converted
28480365,Z,z,3.42,3.42,3.6901763273243566,45.0,converted
28480365,Z,z,2.41,2.41,2.509090851475517,45.0,converted
28480365,Z,z,2.39,2.39,2.4868353011881243,45.0,converted
28480365,Z,z,2.65,2.65,2.7791909378232718,45.0,converted
28480365,Z,z,2.46,2.46,2.5648946801741985,45.0,converted
28480365,Z,z,2.88,2.88,3.0437153058664976,45.0,converted
28480365,Z,z,2.83,2.83,2.9857062872308315,45.0,converted
28480365,Z,z,2.8,2.8,2.9510382152523267,45.0,converted
28480365,Z,z,3.62,3.62,3.939959297167912,45.0,converted
28480365,Z,z,2.53,2.53,2.6434250545390805,45.0,converted
28480365,Z,z,3.65,3.65,3.977961116019239,45.0,converted
28480365,Z,z,3.01,3.01,3.195919821249055,45.0,converted
28480365,Z,z,2.54,2.54,2.6546830657921925,45.0,converted
28480365,Z,z,2.55,2.55,2.6659510654935175,45.0,converted
28480365,Z,z,2.47,2.47,2.5760840949246915,45.0,converted
28480365,Z,z,3.94,3.94,4.35300307546006,45.0,converted
28480365,Z,z,3.11,3.11,3.3144137641583007,45.0,converted
28480365,Z,z,3.29,3.29,3.530985488533816,45.0,converted
28480365,Z,z,2.6,2.6,2.7224425583120113,45.0,converted
28480365,Z,z,2.94,2.94,3.113711677404334,45.0,converted
28480365,Z,z,2.52,2.52,2.6321769842946092,45.0,converted
28480365,Z,z,2.54,2.54,2.6546830657921925,45.0,converted
28480365,Z,z,3.76,3.76,4.118547789310544,45.0,converted
28480365,Z,z,3.25,3.25,3.4824813820558926,45.0,converted
28480365,Z,z,2.92,2.92,3.0903322030055875,45.0,converted
28480365,Z,z,2.89,2.89,3.055351902759862,45.0,converted
28480365,Z,z,3.25,3.25,3.4824813820558926,45.0,converted
28480365,Z,z,2.56,2.56,2.6772291011851173,45.0,converted
28480365,Z,z,2.92,2.92,3.0903322030055875,45.0,converted
28480365,Z,z,3.34,3.34,3.591928302041646,45.0,converted
28480365,Z,z,2.69,2.69,2.8247786617335415,45.0,converted
28480365,Z,z,2.68,2.68,2.813365784243639,45.0,converted
28480365,Z,z,2.51,2.51,2.620938807721164,45.0,converted
28480365,Z,z,2.69,2.69,2.8247786617335415,45.0,converted
28480365,Z,z,2.91,2.91,3.07866029979529,45.0,converted
40634927,F value,F,20.473,20.473,4.5247099354544265,74.0,converted
40634927,Z,z,4.04,4.04,4.296474052476269,74.0,converted
40634927,Z,z,3.43,3.43,3.588302750752319,74.0,converted
40634927,Z,z,3.51,3.51,3.6793206006313137,74.0,converted
40634927,Z,z,3.75,3.75,3.955625865568811,74.0,converted
40634927,Z,z,3.78,3.78,3.9905210710367225,74.0,converted
40634927,Z,z,3.25,3.25,3.3853804572862494,74.0,converted
40634927,Z,z,3.46,3.46,3.6223730662738336,74.0,converted
40634927,Z,z,3.65,3.65,3.8398906894333056,74.0,converted
40634927,Z,z,3.36,3.36,3.509086720468541,74.0,converted
40634927,Z,z,3.43,3.43,3.588302750752319,74.0,converted
40634927,Z,z,3.24,3.24,3.3741803915580117,74.0,converted
40634927,Z,z,3.69,3.69,3.886078374498172,74.0,converted
40634927,Z,z,3.85,3.85,4.072263833572089,74.0,converted
40634927,Z,z,4.2,4.2,4.488056626938882,74.0,converted
40634927,Z,z,5.0,5.0,5.4889898047494485,74.0,converted
40634927,Z,z,3.75,3.75,3.955625865568811,74.0,converted
40634927,Z,z,3.78,3.78,3.9905210710367225,74.0,converted
40634927,Z,z,3.42,3.42,3.576962172531261,74.0,converted
40634927,Z,z,3.67,3.67,3.8629669622074103,74.0,converted
40634927,Z,z,2.98,2.98,3.0855436164447037,74.0,converted
40634927,Z,z,3.31,3.31,3.4527407189501846,74.0,converted
40634927,Z,z,3.52,3.52,3.690734920752324,74.0,converted
40634927,Z,z,3.94,3.94,4.17803536152641,74.0,converted
40634927,Z,z,3.13,3.13,3.2514710537728915,74.0,converted
40634927,Z,z,3.49,3.49,3.6565168611918946,74.0,converted
19559684,t*,t,-16.0,-16.0,-16.0,48.0,converted
19559684,t*,t,-17.5,-17.5,-17.5,48.0,converted
19559684,t*,t,-19.3,-19.3,-19.3,48.0,converted
19559684,t*,t,-22.3,-22.3,-22.3,48.0,converted
19559684,t*,t,-6.5,-6.5,-6.5,48.0,converted
19559684,t*,t,-9.6,-9.6,-9.6,48.0,converted
19559684,t*,t,-10.9,-10.9,-10.9,48.0,converted
19559684,t*,t,-10.3,-10.3,-10.3,48.0,converted
19559684,t*,t,-14.6,-14.6,-14.6,48.0,converted
19559684,t*,t,-10.2,-10.2,-10.2,48.0,converted
19559684,t*,t,-14.0,-14.0,-14.0,48.0,converted
19559684,t*,t,-21.1,-21.1,-21.1,48.0,converted
19559684,t*,t,-11.5,-11.5,-11.5,48.0,converted
19559684,t*,t,-19.3,-19.3,-19.3,48.0,converted
19559684,t*,t,-22.7,-22.7,-22.7,48.0,converted
19559684,t*,t,-22.1,-22.1,-22.1,48.0,converted
19559684,t*,t,-24.4,-24.4,-24.4,48.0,converted
19559684,t*,t,-23.9,-23.9,-23.9,48.0,converted
19559684,t*,t,-5.2,-5.2,-5.2,48.0,converted
19559684,t*,t,-4.8,-4.8,-4.8,48.0,converted
19559684,t*,t,-11.8,-11.8,-11.8,48.0,converted
19559684,t*,t,-10.6,-10.6,-10.6,48.0,converted
19559684,t*,t,-8.14,-8.14,-8.14,48.0,converted
19559684,t*,t,-7.84,-7.84,-7.84,48.0,converted
19559684,t*,t,-13.4,-13.4,-13.4,48.0,converted
19559684,t*,t,-15.1,-15.1,-15.1,48.0,converted
19559684,t*,t,-9.2,-9.2,-9.2,48.0,converted
19559684,t*,t,-13.0,-13.0,-13.0,48.0,converted
19559684,t*,t,-9.28,-9.28,-9.28,48.0,converted
19559684,t*,t,6.3,6.3,6.3,48.0,converted
19559684,t*,t,11.62,11.62,11.62,48.0,converted
19559684,t*,t,7.85,7.85,7.85,48.0,converted
19559684,t*,t,5.15,5.15,5.15,48.0,converted
19559684,t*,t,14.66,14.66,14.66,48.0,converted
19559684,t*,t,4.30,4.3,4.3,48.0,converted
19559684,t*,t,6.33,6.33,6.33,48.0,converted
19559684,t*,t,6.76,6.76,6.76,48.0,converted
19559684,t*,t,5.29,5.29,5.29,48.0,converted
19559684,t*,t,5.00,5.0,5.0,48.0,converted
19559684,t,t,-11.5,-11.5,-11.5,48.0,converted
19559684,t,t,-10.9,-10.9,-10.9,48.0,converted
19559684,t,t,-6.6,-6.6,-6.6,48.0,converted
19559684,t,t,-6.2,-6.2,-6.2,48.0,converted
19559684,t,t,-4.6,-4.6,-4.6,48.0,converted
19559684,t,t,-4.6,-4.6,-4.6,48.0,converted
19559684,t,t,-6.7,-6.7,-6.7,48.0,converted
19559684,t,t,-5.0,-5.0,-5.0,48.0,converted
19559684,t,t,-6.0,-6.0,-6.0,48.0,converted
19559684,t,t,-7.2,-7.2,-7.2,48.0,converted
19559684,t,t,-11.6,-11.6,-11.6,48.0,converted
19559684,t,t,-13.8,-13.8,-13.8,48.0,converted
19559684,t,t,-13.4,-13.4,-13.4,48.0,converted
19559684,t,t,-17.8,-17.8,-17.8,48.0,converted
19559684,t,t,-16.5,-16.5,-16.5,48.0,converted
19559684,t,t,-17.6,-17.6,-17.6,48.0,converted
19559684,t,t,-10.9,-10.9,-10.9,48.0,converted
19559684,t,t,-6.5,-6.5,-6.5,48.0,converted
19559684,t,t,-6.0,-6.0,-6.0,48.0,converted
19559684,t,t,-8.1,-8.1,-8.1,48.0,converted
19559684,t,t,-8.48,-8.48,-8.48,48.0,converted
19559684,t,t,-7.8,-7.8,-7.8,48.0,converted
19559684,t,t,-7.8,-7.8,-7.8,48.0,converted
19559684,t,t,-9.1,-9.1,-9.1,48.0,converted
19559684,t,t,-4.1,-4.1,-4.1,48.0,converted
19559684,t,t,10.8,10.8,10.8,48.0,converted
19559684,t,t,16.2,16.2,16.2,48.0,converted
19559684,t,t,7.6,7.6,7.6,48.0,converted
19559684,t,t,3.6,3.6,3.6,48.0,converted
36530635,Z,z,2.1,2.1,2.1583299777598146,52.0,converted
36530635,Z,z,2.12,2.12,2.1798266484216122,52.0,converted
36530635,Z,z,2.12,2.12,2.1798266484216122,52.0,converted
36530635,Z,z,3.89,3.89,4.227563495421087,52.0,converted
36530635,Z,z,3.89,3.89,4.227563495421087,52.0,converted
36530635,Z,z,3.89,3.89,4.227563495421087,52.0,converted
36530635,Z,z,3.89,3.89,4.227563495421087,52.0,converted
36530635,Z,z,3.32,3.32,3.530919637983672,52.0,converted
36530635,Z,z,2.98,2.98,3.134153307863482,52.0,converted
36530635,Z,z,2.12,2.12,2.1798266484216122,52.0,converted
36530635,Z,z,2.07,2.07,2.1261357975539585,52.0,converted
36530635,Z,z,3.62,3.62,3.8922470157057325,52.0,converted
36530635,Z,z,2.12,2.12,2.1798266484216122,52.0,converted
36530635,Z,z,3.89,3.89,4.227563495421087,52.0,converted
36530635,Z,z,3.89,3.89,4.227563495421087,52.0,converted
36530635,Z,z,-2.28,-2.28,-2.352812702566476,52.0,converted
36530635,Z,z,-3.48,-3.48,-3.72222947246211,52.0,converted
36530635,Z,z,-3.23,-3.23,-3.424643194237014,52.0,converted
36530635,Z,z,-3.89,-3.89,-4.227563495421087,52.0,converted
36530635,Z,z,-2.7,-2.7,-2.8163814047807976,52.0,converted
36530635,Z,z,-3.05,-3.05,-3.214815611998476,52.0,converted
36530635,Z,z,-3.32,-3.32,-3.530919637983672,52.0,converted
26467429,peak intensity,t,4.3743,4.3743,4.3743,30.0,converted
26467429,peak intensity,t,6.5696,6.5696,6.5696,30.0,converted
26467429,peak intensity,t,-4.104,-4.104,-4.104,30.0,converted
26467429,peak intensity,t,-3.3641,-3.3641,-3.3641,30.0,converted
26467429,peak intensity,t,5.6462,5.6462,5.6462,30.0,converted
26467429,peak intensity,t,-3.8456,-3.8456,-3.8456,30.0,converted
29343693,Peak (z-score),z,4.53,4.53,5.133096369071837,47.0,converted
29343693,Peak (z-score),z,4.26,4.26,4.758813524155367,47.0,converted
29343693,Peak (z-score),z,3.81,3.81,4.165208321958817,47.0,converted
29343693,Peak (z-score),z,3.76,3.76,4.101370737374249,47.0,converted
29343693,Peak (z-score),z,3.63,3.63,3.937223867857962,47.0,converted
29343693,Peak (z-score),z,3.36,3.36,3.604281839795324,47.0,converted
29343693,Peak (z-score),z,4.13,4.13,4.58363789927059,47.0,converted
29343693,Peak (z-score),z,4.05,4.05,4.477371525684466,47.0,converted
29343693,Peak (z-score),z,3.64,3.64,3.949758677115271,47.0,converted
29343693,Peak (z-score),z,3.48,3.48,3.750974199972243,47.0,converted
29343693,Peak (z-score),z,3.02,3.02,3.198927555177895,47.0,converted
29343693,Peak (z-score),z,4.25,4.25,4.7452262050206935,47.0,converted
29343693,Peak (z-score),z,4.01,4.01,4.424663363193491,47.0,converted
29343693,Peak (z-score),z,3.73,3.73,4.0632583531794015,47.0,converted
29343693,Peak (z-score),z,3.23,3.23,3.447560335452446,47.0,converted
29343693,Peak (z-score),z,3.82,3.82,4.178023924532452,47.0,converted
29343693,Peak (z-score),z,3.31,3.31,3.543740269960287,47.0,converted
29343693,Peak (z-score),z,3.89,3.89,4.268189356699816,47.0,converted
29343693,Peak (z-score),z,3.67,3.67,3.987453920221966,47.0,converted
29343693,Peak (z-score),z,3.53,3.53,3.8126933964395247,47.0,converted
29343693,Peak (z-score),z,3.63,3.63,3.937223867857962,47.0,converted
40881782,F,F,"F(1,59) = 28.6",28.6,5.347896782848375,97.0,converted
40881782,F,F,"F(1,59) = 9.4",9.4,3.0659419433511785,97.0,converted
38585348,p,p_value,not_reported,,,68.0,failed
38585348,p,p_value,not_reported,,,68.0,failed
38585348,p,p_value,not_reported,,,68.0,failed
38585348,p,p_value,not_reported,,,68.0,failed
38585348,p,p_value,not_reported,,,68.0,failed
38585348,p,p_value,not_reported,,,68.0,failed
32194493,Z,z,3.63,3.63,3.988514110888133,41.0,converted
32194493,Z,z,4.23,4.23,4.8016864184350645,41.0,converted
32194493,Z,z,2.42,2.42,2.5309524980872298,41.0,converted
32194493,Z,z,4.05,4.05,4.549967656777843,41.0,converted
32194493,Z,z,2.94,2.94,3.1325761998640402,41.0,converted
32194493,Z,z,3.13,3.13,3.3610244041289783,41.0,converted
32194493,Z,z,3.56,3.56,3.898164707837162,41.0,converted
32194493,Z,z,3.77,3.77,4.1718753097230685,41.0,converted
32194493,Z,z,3.01,3.01,3.2161558857861157,41.0,converted
32194493,Z,z,3.46,3.46,3.770570599021021,41.0,converted
32194493,Z,z,2.72,2.72,2.874083295240375,41.0,converted
32194493,Z,z,3.38,3.38,3.669704140949398,41.0,converted
32194493,Z,z,4.43,4.43,5.090025476571685,41.0,converted
32194493,Z,z,3.15,3.15,3.385370327144968,41.0,converted
32194493,Z,z,3.98,3.98,4.45395691593488,41.0,converted
32194493,Z,z,2.64,2.64,2.781574912475841,41.0,converted
32194493,Z,z,4.27,4.27,4.85860513938419,41.0,converted
32194493,Z,z,2.84,2.84,3.0143120013704077,41.0,converted
30881095,T-value,t,-4.11,-4.11,-4.11,12.0,converted
30881095,T-value,t,3.57,3.57,3.57,12.0,converted
30881095,T-value,t,3.66,3.66,3.66,12.0,converted
30881095,T-value,t,2.40,2.4,2.4,12.0,converted
30881095,T-value,t,-4.11,-4.11,-4.11,12.0,converted
30881095,t,t,-4.11,-4.11,-4.11,12.0,converted
30881095,t,t,3.57,3.57,3.57,12.0,converted
30881095,t,t,3.66,3.66,3.66,12.0,converted
30881095,t,t,2.4,2.4,2.4,12.0,converted
30881095,t,t,-4.11,-4.11,-4.11,12.0,converted
36922926,t-value,t,4.00158,4.00158,4.00158,44.0,converted
36922926,t-value,t,4.14463,4.14463,4.14463,44.0,converted
36922926,t-value,t,4.08554,4.08554,4.08554,44.0,converted
36922926,t-value,t,3.94765,3.94765,3.94765,44.0,converted
36922926,t-value,t,3.78277,3.78277,3.78277,44.0,converted
36922926,t-value,t,3.35485,3.35485,3.35485,44.0,converted
36922926,t-value,t,3.83540,3.8354,3.8354,44.0,converted
36922926,t-value,t,3.88859,3.88859,3.88859,44.0,converted
36922926,t-value,t,3.53786,3.53786,3.53786,44.0,converted
36922926,t,t,4.00158,4.00158,4.00158,44.0,converted
36922926,t,t,4.14463,4.14463,4.14463,44.0,converted
36922926,t,t,4.08554,4.08554,4.08554,44.0,converted
36922926,t,t,3.94765,3.94765,3.94765,44.0,converted
36922926,t,t,3.78277,3.78277,3.78277,44.0,converted
36922926,t,t,3.35485,3.35485,3.35485,44.0,converted
36922926,t,t,3.8354,3.8354,3.8354,44.0,converted
36922926,t,t,3.88859,3.88859,3.88859,44.0,converted
36922926,t,t,3.53786,3.53786,3.53786,44.0,converted
36922926,t,t,4.00158,4.00158,4.00158,44.0,converted
36922926,t,t,4.14463,4.14463,4.14463,44.0,converted
36922926,t,t,4.08554,4.08554,4.08554,44.0,converted
36922926,t,t,3.94765,3.94765,3.94765,44.0,converted
36922926,t,t,3.78277,3.78277,3.78277,44.0,converted
36922926,t,t,3.35485,3.35485,3.35485,44.0,converted
36922926,t,t,3.8354,3.8354,3.8354,44.0,converted
36922926,t,t,3.88859,3.88859,3.88859,44.0,converted
36922926,t,t,3.53786,3.53786,3.53786,44.0,converted
34949986,t-value,t,4.99,4.99,4.99,38.0,converted
34949986,t-value,t,-5.48,-5.48,-5.48,38.0,converted
34949986,t-value,t,-5.31,-5.31,-5.31,38.0,converted
34949986,t-value,t,5.21,5.21,5.21,38.0,converted
34949986,t-value,t,4.88,4.88,4.88,38.0,converted
34949986,t-value,t,-5.71,-5.71,-5.71,38.0,converted
34949986,t-value,t,-5.35,-5.35,-5.35,38.0,converted
34949986,t-value,t,5.06,5.06,5.06,38.0,converted
34949986,t-value,t,-5.06,-5.06,-5.06,38.0,converted
34949986,t-value,t,5.12,5.12,5.12,38.0,converted
34949986,t-value,t,5.19,5.19,5.19,38.0,converted
34949986,t-value,t,-5.44,-5.44,-5.44,38.0,converted
34949986,t-value,t,-4.84,-4.84,-4.84,38.0,converted
34949986,t-value,t,6.10,6.1,6.1,38.0,converted
34949986,t-value,t,4.18,4.18,4.18,38.0,converted
34949986,t-value,t,-4.75,-4.75,-4.75,38.0,converted
34949986,t-value,t,-4.58,-4.58,-4.58,38.0,converted
34949986,t-value,t,5.16,5.16,5.16,38.0,converted
34949986,t-value,t,-5.43,-5.43,-5.43,38.0,converted
34949986,t-value,t,-5.12,-5.12,-5.12,38.0,converted
34949986,t-value,t,-4.68,-4.68,-4.68,38.0,converted
34949986,t,t,4.99,4.99,4.99,38.0,converted
34949986,t,t,-5.48,-5.48,-5.48,38.0,converted
34949986,t,t,-5.31,-5.31,-5.31,38.0,converted
34949986,t,t,5.21,5.21,5.21,38.0,converted
34949986,t,t,4.88,4.88,4.88,38.0,converted
34949986,t,t,-5.71,-5.71,-5.71,38.0,converted
34949986,t,t,-5.35,-5.35,-5.35,38.0,converted
34949986,t,t,5.06,5.06,5.06,38.0,converted
34949986,t,t,-5.06,-5.06,-5.06,38.0,converted
34949986,t,t,5.12,5.12,5.12,38.0,converted
34949986,t,t,5.19,5.19,5.19,38.0,converted
34949986,t,t,-5.44,-5.44,-5.44,38.0,converted
34949986,t,t,-4.84,-4.84,-4.84,38.0,converted
34949986,t,t,6.1,6.1,6.1,38.0,converted
34949986,t,t,4.18,4.18,4.18,38.0,converted
34949986,t,t,-4.75,-4.75,-4.75,38.0,converted
34949986,t,t,-4.58,-4.58,-4.58,38.0,converted
34949986,t,t,5.16,5.16,5.16,38.0,converted
34949986,t,t,-5.43,-5.43,-5.43,38.0,converted
34949986,t,t,-5.12,-5.12,-5.12,38.0,converted
34949986,t,t,-4.68,-4.68,-4.68,38.0,converted
35734477,t,t,4.7498,4.7498,4.7498,105.0,converted
35734477,t,t,4.6052,4.6052,4.6052,105.0,converted
35734477,t,t,3.7494,3.7494,3.7494,105.0,converted
35734477,t,t,4.6556,4.6556,4.6556,105.0,converted
35734477,t,t,4.5514,4.5514,4.5514,105.0,converted
35734477,t,t,4.1554,4.1554,4.1554,105.0,converted
35734477,t,t,3.9505,3.9505,3.9505,105.0,converted
35734477,t,t,4.4965,4.4965,4.4965,105.0,converted
35734477,t,t,5.0682,5.0682,5.0682,105.0,converted
35734477,t,t,4.07,4.07,4.07,105.0,converted
35734477,t,t,4.618,4.618,4.618,105.0,converted
35734477,t,t,4.1944,4.1944,4.1944,105.0,converted
39648209,t,t,9.42,9.42,9.42,35.0,converted
39648209,t,t,8.68,8.68,8.68,35.0,converted
39648209,t,t,7.64,7.64,7.64,35.0,converted
39648209,t,t,8.7,8.7,8.7,35.0,converted
39648209,t,t,7.12,7.12,7.12,35.0,converted
39648209,t,t,7.06,7.06,7.06,35.0,converted
39648209,t,t,11.15,11.15,11.15,35.0,converted
39648209,t,t,9.78,9.78,9.78,35.0,converted
39648209,t,t,9.27,9.27,9.27,35.0,converted
39648209,t,t,9.08,9.08,9.08,35.0,converted
39648209,t,t,7.72,7.72,7.72,35.0,converted
39648209,t,t,8.77,8.77,8.77,35.0,converted
39648209,t,t,9.7,9.7,9.7,35.0,converted
39648209,t,t,8.92,8.92,8.92,35.0,converted
39648209,t,t,6.89,6.89,6.89,35.0,converted
24963329,T,t,-5.6675,-5.6675,-5.6675,15.0,converted
24963329,T,t,-4.0397,-4.0397,-4.0397,15.0,converted
24963329,T,t,5.21,5.21,5.21,15.0,converted
24963329,T,t,-6.5849,-6.5849,-6.5849,15.0,converted
24963329,T,t,-4.8703,-4.8703,-4.8703,15.0,converted
34108856,Peak Z Score,z,-3.29,-3.29,-3.6211175625266443,34.0,converted
34108856,Peak Z Score,z,3.29,3.29,3.6211175625266443,34.0,converted
34108856,Peak Z Score,z,3.33,3.33,3.673271563934167,34.0,converted
34108856,Peak Z Score,z,3.89,3.89,4.440203750313595,34.0,converted
34108856,Peak Z Score,z,3.27,3.27,3.5951603335460947,34.0,converted
34108856,Peak Z Score,z,-3.03,-3.03,-3.2896308401358727,34.0,converted
33560579,T (peak intensity),t,-5.907,-5.907,-5.907,12.0,converted
33560579,T (peak intensity),t,-4.5086,-4.5086,-4.5086,12.0,converted
33560579,T (peak intensity),t,-4.9444,-4.9444,-4.9444,12.0,converted
33560579,T (peak intensity),t,9.1426,9.1426,9.1426,12.0,converted
33560579,T (peak intensity),t,-5.6877,-5.6877,-5.6877,12.0,converted
33560579,T (peak intensity),t,-5.2453,-5.2453,-5.2453,12.0,converted
33560579,T (peak intensity),t,-4.7231,-4.7231,-4.7231,12.0,converted
33560579,T (peak intensity),t,-4.9198,-4.9198,-4.9198,12.0,converted
33560579,t,t,2.849,2.849,2.849,12.0,converted
33560579,t,t,4.369,4.369,4.369,12.0,converted
33560579,t,t,4.385,4.385,4.385,12.0,converted
33560579,t,t,2.1443,2.1443,2.1443,12.0,converted
33560579,t,t,2.1783,2.1783,2.1783,12.0,converted
33560579,t,t,3.4609,3.4609,3.4609,12.0,converted
33560579,t,t,3.5988,3.5988,3.5988,12.0,converted
33560579,t,t,2.119,2.119,2.119,12.0,converted
33560579,t,t,3.63,3.63,3.63,12.0,converted
33560579,t,t,3.559,3.559,3.559,12.0,converted
33560579,t,t,3.35,3.35,3.35,12.0,converted
33560579,t,t,3.075,3.075,3.075,12.0,converted
33560579,t,t,3.23,3.23,3.23,12.0,converted
33560579,t,t,2.39,2.39,2.39,12.0,converted
33560579,t,t,2.67,2.67,2.67,12.0,converted
33560579,t,t,2.75,2.75,2.75,12.0,converted
33560579,t,t,3.46,3.46,3.46,12.0,converted
33560579,t,t,4.33,4.33,4.33,12.0,converted
33560579,t,t,2.75,2.75,2.75,12.0,converted
33560579,t,t,2.35,2.35,2.35,12.0,converted
33560579,t,t,4.09,4.09,4.09,12.0,converted
33560579,t,t,2.82,2.82,2.82,12.0,converted
33560579,t,t,3.6,3.6,3.6,12.0,converted
33560579,t,t,not_reported,,,12.0,failed
34431029,t,t,6.5696,6.5696,6.5696,20.0,converted
34431029,t,t,5.6462,5.6462,5.6462,20.0,converted
34431029,t,t,4.1072,4.1072,4.1072,20.0,converted
34431029,t,t,4.437,4.437,4.437,20.0,converted
34431029,t,t,3.9934,3.9934,3.9934,20.0,converted
34431029,t,t,4.0215,4.0215,4.0215,20.0,converted
34431029,t,t,4.1024,4.1024,4.1024,20.0,converted
34431029,t,t,4.7741,4.7741,4.7741,20.0,converted
34431029,t,t,4.7063,4.7063,4.7063,20.0,converted
34431029,t,t,4.9814,4.9814,4.9814,20.0,converted
34431029,t,t,6.5767,6.5767,6.5767,20.0,converted
34431029,t,t,5.4515,5.4515,5.4515,20.0,converted
34431029,t,t,5.1418,5.1418,5.1418,20.0,converted
25228908,Z,z,4.53,4.53,12.134949979678016,9.0,converted
25228908,Z,z,4.26,4.26,10.069221997275212,9.0,converted
25228908,Z,z,3.81,3.81,7.4857011618290334,9.0,converted
25228908,Z,z,3.76,3.76,7.250111834348378,9.0,converted
25228908,Z,z,3.63,3.63,6.676816617262824,9.0,converted
25228908,Z,z,3.36,3.36,5.643884130547224,9.0,converted
25228908,Z,z,4.13,4.13,9.226619212768268,9.0,converted
25228908,Z,z,4.05,4.05,8.749957406227349,9.0,converted
25228908,Z,z,3.64,3.64,6.71900897511712,9.0,converted
25228908,Z,z,3.48,3.48,6.078897609247402,9.0,converted
25228908,Z,z,3.02,3.02,4.585323291063224,9.0,converted
25228908,Z,z,4.25,4.25,10.001216626998449,9.0,converted
25228908,Z,z,4.01,4.01,8.522650750591025,9.0,converted
25228908,Z,z,3.73,3.73,7.112908775557585,9.0,converted
25228908,Z,z,3.23,3.23,5.2110461249217455,9.0,converted
25228908,Z,z,3.82,3.82,7.533886465052257,9.0,converted
25228908,Z,z,3.31,3.31,5.472921267671194,9.0,converted
25228908,Z,z,3.89,3.89,7.881564999894692,9.0,converted
25228908,Z,z,3.67,3.67,6.847439756908216,9.0,converted
25228908,Z,z,3.53,3.53,6.271164699394986,9.0,converted
25228908,Z,z,3.63,3.63,6.676816617262824,9.0,converted
25228908,Z,z,-4.39,-4.39,-11.00597782329985,9.0,converted
25228908,Z,z,-4.16,-4.16,-9.41332261140794,9.0,converted
25228908,Z,z,-3.8,-3.8,-7.437876165950053,9.0,converted
25228908,Z,z,-3.48,-3.48,-6.078897609247402,9.0,converted
25228908,Z,z,-3.36,-3.36,-5.643884130547224,9.0,converted
25228908,Z,z,-3.33,-3.33,-5.540612777062437,9.0,converted
25228908,Z,z,-3.32,-3.32,-5.506652822110062,9.0,converted
25228908,Z,z,-3.6,-3.6,-6.552053251739329,9.0,converted
25228908,Z,z,-3.53,-3.53,-6.271164699394986,9.0,converted
25228908,Z,z,-3.45,-3.45,-5.966732390602681,9.0,converted
25228908,Z,z,-3.34,-3.34,-5.5748032307121305,9.0,converted
25228908,Z,z,-4.25,-4.25,-10.001216626998449,9.0,converted
25228908,Z,z,-3.63,-3.63,-6.676816617262824,9.0,converted
25228908,Z,z,-4.03,-4.03,-8.635414753106236,9.0,converted
25228908,Z,z,-4.04,-4.04,-8.692461598014056,9.0,converted
25228908,Z,z,-3.8,-3.8,-7.437876165950053,9.0,converted
25228908,Z,z,-3.53,-3.53,-6.271164699394986,9.0,converted
25228908,Z,z,-3.27,-3.27,-5.34023780339361,9.0,converted
25228908,Z,z,-3.09,-3.09,-4.7846134420241855,9.0,converted
25228908,Z,z,-3.8,-3.8,-7.437876165950053,9.0,converted
25228908,Z,z,-3.29,-3.29,-5.406135069752402,9.0,converted
25228908,Z,z,-3.18,-3.18,-5.0542771574558305,9.0,converted
25228908,Z,z,-3.02,-3.02,-4.585323291063224,9.0,converted
27812501,Z-value,z,3.64,3.64,4.0599040563047115,36.0,converted
27812501,Z-value,z,3.74,3.74,4.195952943269423,36.0,converted
27812501,Z,z,3.64,3.64,4.0599040563047115,36.0,converted
27812501,Z,z,3.74,3.74,4.195952943269423,36.0,converted
29951105,t,t,15.064,15.064,15.064,21.0,converted
29951105,t,t,8.1928,8.1928,8.1928,21.0,converted
32807158,t-value,t,-5.12,-5.12,-5.12,45.0,converted
32807158,t-value,t,-6.93,-6.93,-6.93,45.0,converted
32807158,t-value,t,4.51,4.51,4.51,45.0,converted
32807158,t-value,t,4.56,4.56,4.56,45.0,converted
35464313,t,t,4.68,4.68,4.68,115.0,converted
35464313,t,t,6.28,6.28,6.28,115.0,converted
35464313,t,t,-3.96,-3.96,-3.96,115.0,converted
35464313,t,t,4.13,4.13,4.13,115.0,converted
35464313,t,t,3.96,3.96,3.96,115.0,converted
35464313,t,t,3.98,3.98,3.98,115.0,converted
35464313,t,t,5.36,5.36,5.36,115.0,converted
35464313,t,t,4.18,4.18,4.18,115.0,converted
35464313,t,t,5.12,5.12,5.12,115.0,converted
35464313,t,t,3.68,3.68,3.68,115.0,converted
35464313,t,t,-3.99,-3.99,-3.99,115.0,converted
35464313,t,t,-5.0,-5.0,-5.0,115.0,converted
35464313,t,t,-4.57,-4.57,-4.57,115.0,converted
35464313,t,t,3.95,3.95,3.95,115.0,converted
35464313,t,t,-4.24,-4.24,-4.24,115.0,converted
23316257,t-value,t,3.91,3.91,3.91,22.0,converted
23316257,t-value,t,4.11,4.11,4.11,22.0,converted
23316257,t-value,t,3.73,3.73,3.73,22.0,converted
23316257,t-value,t,3.97,3.97,3.97,22.0,converted
23316257,t-value,t,3.77,3.77,3.77,22.0,converted
39543627,Peak Z Score,z,3.57,3.57,3.77463063979332,65.0,converted
39543627,Peak Z Score,z,3.45,3.45,3.63509931530857,65.0,converted
39543627,Peak Z Score,z,4.45,4.45,4.845479228968568,65.0,converted
26161117,Peak Z-score,z,-3.75,-3.75,-4.370795423136813,28.0,converted
26161117,Peak Z-score,z,-3.45,-3.45,-3.9302782909525176,28.0,converted
26161117,Peak Z-score,z,3.79,3.79,4.431637087922305,28.0,converted
26161117,Peak Z-score,z,3.54,3.54,4.0596183962490775,28.0,converted
26161117,Peak Z-score,z,-3.34,-3.34,-3.775268824312906,28.0,converted
26161117,Peak Z-score,z,-3.57,-3.57,-4.103252976176661,28.0,converted
26161117,Peak Z-score,z,-4.46,-4.46,-5.536927978714154,28.0,converted
26161117,Peak Z-score,z,-3.89,-3.89,-4.586060260908857,28.0,converted
26161117,Peak Z-score,z,-3.65,-3.65,-4.220926216022805,28.0,converted
26161117,Peak Z-score,z,-2.79,-2.79,-3.04531789979021,28.0,converted
26161117,Peak Z-score,z,-4.01,-4.01,-4.77591933816789,28.0,converted
26161117,Peak Z-score,z,-2.58,-2.58,-2.7838234493408867,28.0,converted
26161117,Peak Z-score,z,-4.34,-4.34,-5.325891907976293,28.0,converted
26161117,Peak Z-score,z,-3.78,-3.78,-4.41637781529801,28.0,converted
26161117,Peak Z-score,z,-3.89,-3.89,-4.586060260908857,28.0,converted
26161117,Peak Z-score,z,-4.09,-4.09,-4.905379614708361,28.0,converted
26161117,Peak Z-score,z,-3.75,-3.75,-4.370795423136813,28.0,converted
26161117,Peak Z-score,z,-4.06,-4.06,-4.856554239839484,28.0,converted
26161117,Peak Z-score,z,-3.06,-3.06,-3.394845129668153,28.0,converted
26161117,Peak Z-score,z,-3.78,-3.78,-4.41637781529801,28.0,converted
26161117,Peak Z-score,z,-4.31,-4.31,-5.274095379996111,28.0,converted
26161117,Peak Z-score,z,-4.76,-4.76,-6.093383566125904,28.0,converted
26161117,Peak Z-score,z,-4.32,-4.32,-5.29131901245609,28.0,converted
26161117,Peak Z-score,z,-3.54,-3.54,-4.0596183962490775,28.0,converted
26161117,Z,z,-3.75,-3.75,-4.370795423136813,28.0,converted
26161117,Z,z,-3.45,-3.45,-3.9302782909525176,28.0,converted
26161117,Z,z,3.79,3.79,4.431637087922305,28.0,converted
26161117,Z,z,3.54,3.54,4.0596183962490775,28.0,converted
26161117,Z,z,-3.34,-3.34,-3.775268824312906,28.0,converted
26161117,Z,z,-3.57,-3.57,-4.103252976176661,28.0,converted
26161117,Z,z,-4.46,-4.46,-5.536927978714154,28.0,converted
26161117,Z,z,-3.89,-3.89,-4.586060260908857,28.0,converted
26161117,Z,z,-3.65,-3.65,-4.220926216022805,28.0,converted
26161117,Z,z,-2.79,-2.79,-3.04531789979021,28.0,converted
26161117,Z,z,-4.01,-4.01,-4.77591933816789,28.0,converted
26161117,Z,z,-2.58,-2.58,-2.7838234493408867,28.0,converted
26161117,Z,z,-4.34,-4.34,-5.325891907976293,28.0,converted
26161117,Z,z,-3.78,-3.78,-4.41637781529801,28.0,converted
26161117,Z,z,-3.89,-3.89,-4.586060260908857,28.0,converted
26161117,Z,z,-4.09,-4.09,-4.905379614708361,28.0,converted
26161117,Z,z,-3.75,-3.75,-4.370795423136813,28.0,converted
26161117,Z,z,-4.06,-4.06,-4.856554239839484,28.0,converted
26161117,Z,z,-3.06,-3.06,-3.394845129668153,28.0,converted
26161117,Z,z,-3.78,-3.78,-4.41637781529801,28.0,converted
26161117,Z,z,-4.31,-4.31,-5.274095379996111,28.0,converted
26161117,Z,z,-4.76,-4.76,-6.093383566125904,28.0,converted
26161117,Z,z,-4.32,-4.32,-5.29131901245609,28.0,converted
26161117,Z,z,-3.54,-3.54,-4.0596183962490775,28.0,converted
25741269,T-value,t,9.42,9.42,9.42,45.0,converted
25741269,T-value,t,8.68,8.68,8.68,45.0,converted
25741269,T-value,t,7.64,7.64,7.64,45.0,converted
25741269,T-value,t,−7.59,-7.59,-7.59,45.0,converted
25741269,T-value,t,8.70,8.7,8.7,45.0,converted
25741269,T-value,t,−7.67,-7.67,-7.67,45.0,converted
25741269,T-value,t,−7.10,-7.1,-7.1,45.0,converted
25741269,T-value,t,−8.26,-8.26,-8.26,45.0,converted
25741269,T-value,t,−6.42,-6.42,-6.42,45.0,converted
25741269,T-value,t,7.12,7.12,7.12,45.0,converted
25741269,T-value,t,−6.44,-6.44,-6.44,45.0,converted
25741269,T-value,t,7.06,7.06,7.06,45.0,converted
25741269,T-value,t,11.15,11.15,11.15,45.0,converted
25741269,T-value,t,9.78,9.78,9.78,45.0,converted
25741269,T-value,t,−9.68,-9.68,-9.68,45.0,converted
25741269,T-value,t,9.27,9.27,9.27,45.0,converted
25741269,T-value,t,−7.96,-7.96,-7.96,45.0,converted
25741269,T-value,t,−9.01,-9.01,-9.01,45.0,converted
25741269,T-value,t,−8.23,-8.23,-8.23,45.0,converted
25741269,T-value,t,9.08,9.08,9.08,45.0,converted
25741269,T-value,t,−7.42,-7.42,-7.42,45.0,converted
25741269,T-value,t,7.72,7.72,7.72,45.0,converted
25741269,T-value,t,−6.85,-6.85,-6.85,45.0,converted
25741269,T-value,t,8.77,8.77,8.77,45.0,converted
25741269,T-value,t,−6.62,-6.62,-6.62,45.0,converted
25741269,T-value,t,−6.95,-6.95,-6.95,45.0,converted
25741269,T-value,t,−6.47,-6.47,-6.47,45.0,converted
25741269,T-value,t,9.70,9.7,9.7,45.0,converted
25741269,T-value,t,−6.85,-6.85,-6.85,45.0,converted
25741269,T-value,t,8.92,8.92,8.92,45.0,converted
25741269,T-value,t,−8.67,-8.67,-8.67,45.0,converted
25741269,T-value,t,−7.25,-7.25,-7.25,45.0,converted
25741269,T-value,t,−6.59,-6.59,-6.59,45.0,converted
25741269,T-value,t,−5.81,-5.81,-5.81,45.0,converted
25741269,T-value,t,6.89,6.89,6.89,45.0,converted
25741269,T-value,t,−6.48,-6.48,-6.48,45.0,converted
25741269,T-value,t,6.51,6.51,6.51,45.0,converted
25741269,T-value,t,7.93,7.93,7.93,45.0,converted
25741269,T-value,t,7.61,7.61,7.61,45.0,converted
25741269,T-value,t,−8.90,-8.9,-8.9,45.0,converted
25741269,T-value,t,−7.58,-7.58,-7.58,45.0,converted
25741269,T-value,t,6.42,6.42,6.42,45.0,converted
25741269,T-value,t,−7.01,-7.01,-7.01,45.0,converted
25741269,T-value,t,6.27,6.27,6.27,45.0,converted
39368604,Peak z value,z,3.70,3.7,4.141270304738968,36.0,converted
39368604,Peak z value,z,3.87,3.87,4.376173044504732,36.0,converted
39368604,Peak z value,z,3.44,3.44,3.794149560045125,36.0,converted
39368604,Peak z value,z,3.55,3.55,3.9392957372611073,36.0,converted
39368604,Peak z value,z,3.40,3.4,3.7419658533080904,36.0,converted
39368604,Peak z value,z,3.83,3.83,4.320305829694514,36.0,converted
39368604,Peak z value,z,3.88,3.88,4.3901985918538955,36.0,converted
39368604,Peak z value,z,3.79,3.79,4.264809938456418,36.0,converted
39368604,Peak z value,z,3.34,3.34,3.664269310593458,36.0,converted
39368604,Peak z value,z,3.27,3.27,3.574480265124248,36.0,converted
39368604,Z,z,3.7,3.7,4.141270304738968,36.0,converted
39368604,Z,z,3.87,3.87,4.376173044504732,36.0,converted
39368604,Z,z,3.44,3.44,3.794149560045125,36.0,converted
39368604,Z,z,3.55,3.55,3.9392957372611073,36.0,converted
39368604,Z,z,3.4,3.4,3.7419658533080904,36.0,converted
39368604,Z,z,3.83,3.83,4.320305829694514,36.0,converted
39368604,Z,z,3.88,3.88,4.3901985918538955,36.0,converted
39368604,Z,z,3.79,3.79,4.264809938456418,36.0,converted
39368604,Z,z,3.34,3.34,3.664269310593458,36.0,converted
39368604,Z,z,3.27,3.27,3.574480265124248,36.0,converted
30914909,T value,t,−4.01,-4.01,-4.01,24.0,converted
30914909,T value (Tmax),t,−4.68,-4.68,-4.68,24.0,converted
30914909,Tmax,t,−3.71,-3.71,-3.71,24.0,converted
30914909,Tmax,t,−3.57,-3.57,-3.57,24.0,converted
30914909,Tmax,t,−3.48,-3.48,-3.48,24.0,converted
30914909,Tmax,t,−3.42,-3.42,-3.42,24.0,converted
30914909,Tmax,t,−3.80,-3.8,-3.8,24.0,converted
30914909,Tmax,t,−3.13,-3.13,-3.13,24.0,converted
30914909,Tmax,t,−5.06,-5.06,-5.06,24.0,converted
30914909,Tmax,t,−2.94,-2.94,-2.94,24.0,converted
30914909,Tmax,t,−2.74,-2.74,-2.74,24.0,converted
30914909,Tmax,t,−6.00,-6.0,-6.0,24.0,converted
30914909,Tmax,t,−6.05,-6.05,-6.05,24.0,converted
30914909,Tmax,t,−7.04,-7.04,-7.04,24.0,converted
25525442,t-value,t,3.30,3.3,3.3,31.0,converted
25525442,t-value,t,3.18,3.18,3.18,31.0,converted
25525442,t-value,t,2.68,2.68,2.68,31.0,converted
25525442,t-value,t,3.14,3.14,3.14,31.0,converted
25525442,t-value,t,3.12,3.12,3.12,31.0,converted
25525442,t-value,t,3.53,3.53,3.53,31.0,converted
25525442,t-value,t,3.08,3.08,3.08,31.0,converted
25525442,t-value,t,3.05,3.05,3.05,31.0,converted
25525442,t-value,t,3.17,3.17,3.17,31.0,converted
26839078,Z,z,4.04,4.04,4.21815991721014,104.0,converted
26839078,Z,z,3.91,3.91,4.071789289898769,104.0,converted
26839078,Z,z,4.15,4.15,4.34289216671447,104.0,converted
26839078,Z,z,4.04,4.04,4.21815991721014,104.0,converted
26839078,Z,z,3.91,3.91,4.071789289898769,104.0,converted
26839078,Z,z,4.15,4.15,4.34289216671447,104.0,converted
23152865,Z,z,2.91,2.91,3.0969587678106234,41.0,converted
23152865,Z,z,2.49,2.49,2.610117180123828,41.0,converted
23152865,Z,z,3.04,3.04,3.2521820924216582,41.0,converted
23152865,Z,z,4.04,4.04,4.536188957927571,41.0,converted
23152865,Z,z,2.64,2.64,2.781574912475841,41.0,converted
23152865,Z,z,2.79,2.79,2.9556645996334336,41.0,converted
23152865,Z,z,3.72,3.72,4.105972881743205,41.0,converted
23152865,Z,z,2.91,2.91,3.0969587678106234,41.0,converted
23152865,Z,z,2.49,2.49,2.610117180123828,41.0,converted
23152865,Z,z,3.04,3.04,3.2521820924216582,41.0,converted
23152865,Z,z,4.04,4.04,4.536188957927571,41.0,converted
23152865,Z,z,2.64,2.64,2.781574912475841,41.0,converted
23152865,Z,z,2.79,2.79,2.9556645996334336,41.0,converted
23152865,Z,z,3.72,3.72,4.105972881743205,41.0,converted
27803655,T-value,t,"4,35",4.35,4.35,21.0,converted
27803655,T-value,t,"4,30",4.3,4.3,21.0,converted
27803655,T-value,t,"−3,65",-3.65,-3.65,21.0,converted
27803655,T-value,t,"−3,87",-3.87,-3.87,21.0,converted
27803655,T-value,t,"4,70",4.7,4.7,21.0,converted
27803655,T-value,t,"3,93",3.93,3.93,21.0,converted
27803655,T-value,t,"−3,59",-3.59,-3.59,21.0,converted
27803655,T-value,t,"4,42",4.42,4.42,21.0,converted
27803655,T-value,t,"4,19",4.19,4.19,21.0,converted
27803655,T-value,t,"−3,76",-3.76,-3.76,21.0,converted
27803655,T-value,t,"5,12",5.12,5.12,21.0,converted
27803655,T-value,t,"−3,92",-3.92,-3.92,21.0,converted
27803655,T-value,t,"4,12",4.12,4.12,21.0,converted
27803655,T-value,t,"3,99",3.99,3.99,21.0,converted
27803655,T-value,t,"−3,29",-3.29,-3.29,21.0,converted
27803655,t,t,4.35,4.35,4.35,21.0,converted
27803655,t,t,4.3,4.3,4.3,21.0,converted
27803655,t,t,-3.65,-3.65,-3.65,21.0,converted
27803655,t,t,-3.87,-3.87,-3.87,21.0,converted
27803655,t,t,4.7,4.7,4.7,21.0,converted
27803655,t,t,3.93,3.93,3.93,21.0,converted
27803655,t,t,-3.59,-3.59,-3.59,21.0,converted
27803655,t,t,4.42,4.42,4.42,21.0,converted
27803655,t,t,4.19,4.19,4.19,21.0,converted
27803655,t,t,-3.76,-3.76,-3.76,21.0,converted
27803655,t,t,5.12,5.12,5.12,21.0,converted
27803655,t,t,-3.92,-3.92,-3.92,21.0,converted
27803655,t,t,4.12,4.12,4.12,21.0,converted
27803655,t,t,3.99,3.99,3.99,21.0,converted
27803655,t,t,-3.29,-3.29,-3.29,21.0,converted
30034336,Peak intensity,t,4.68,4.68,4.68,35.0,converted
30034336,Peak intensity,t,6.28,6.28,6.28,35.0,converted
30034336,Peak intensity,t,-3.96,-3.96,-3.96,35.0,converted
30034336,Peak intensity,t,4.13,4.13,4.13,35.0,converted
30034336,Peak intensity,t,3.96,3.96,3.96,35.0,converted
30034336,Peak intensity,t,3.98,3.98,3.98,35.0,converted
30034336,Peak intensity,t,5.36,5.36,5.36,35.0,converted
30034336,Peak intensity,t,4.18,4.18,4.18,35.0,converted
30034336,Peak intensity,t,5.12,5.12,5.12,35.0,converted
30034336,Peak intensity,t,3.68,3.68,3.68,35.0,converted
30034336,Peak intensity,t,-3.99,-3.99,-3.99,35.0,converted
30034336,Peak intensity,t,-5.00,-5.0,-5.0,35.0,converted
30034336,Peak intensity,t,-4.57,-4.57,-4.57,35.0,converted
30034336,Peak intensity,t,3.95,3.95,3.95,35.0,converted
30034336,Peak intensity,t,-4.24,-4.24,-4.24,35.0,converted
30034336,t,t,4.68,4.68,4.68,35.0,converted
30034336,t,t,6.28,6.28,6.28,35.0,converted
30034336,t,t,-3.96,-3.96,-3.96,35.0,converted
30034336,t,t,4.13,4.13,4.13,35.0,converted
30034336,t,t,3.96,3.96,3.96,35.0,converted
30034336,t,t,3.98,3.98,3.98,35.0,converted
30034336,t,t,5.36,5.36,5.36,35.0,converted
30034336,t,t,4.18,4.18,4.18,35.0,converted
30034336,t,t,5.12,5.12,5.12,35.0,converted
30034336,t,t,3.68,3.68,3.68,35.0,converted
30034336,t,t,-3.99,-3.99,-3.99,35.0,converted
30034336,t,t,-5.0,-5.0,-5.0,35.0,converted
30034336,t,t,-4.57,-4.57,-4.57,35.0,converted
30034336,t,t,3.95,3.95,3.95,35.0,converted
30034336,t,t,-4.24,-4.24,-4.24,35.0,converted
37901421,t-max,t,4.76,4.76,4.76,51.0,converted
37901421,t-max,t,3.96,3.96,3.96,51.0,converted
37901421,t-max,t,4.36,4.36,4.36,51.0,converted
37901421,t,t,4.76,4.76,4.76,51.0,converted
37901421,t,t,3.96,3.96,3.96,51.0,converted
37901421,t,t,4.36,4.36,4.36,51.0,converted
26211895,z-score (cluster peak),z,7.53,7.53,58.61330010574524,12.0,converted
26211895,z-score (cluster peak),z,5.91,5.91,19.06741692601903,12.0,converted
26211895,z-score (cluster peak),z,5.37,5.37,13.780802991470784,12.0,converted
26211895,z-score (cluster peak),z,4.93,4.93,10.741211831671947,12.0,converted
26211895,Z,z,7.53,7.53,58.61330010574524,12.0,converted
26211895,Z,z,5.91,5.91,19.06741692601903,12.0,converted
26211895,Z,z,5.37,5.37,13.780802991470784,12.0,converted
26211895,Z,z,4.93,4.93,10.741211831671947,12.0,converted
26211895,Z,z,3.67,3.67,5.554566886525751,12.0,converted
26211895,Z,z,3.46,3.46,4.996421975811312,12.0,converted
26211895,Z,z,3.42,3.42,4.896670923112979,12.0,converted
41351443,t,t,4.85,4.85,4.85,66.0,converted
41351443,t,t,6.07,6.07,6.07,66.0,converted
41351443,t,t,4.53,4.53,4.53,66.0,converted
41351443,t,t,5.99,5.99,5.99,66.0,converted
41351443,t,t,6.62,6.62,6.62,66.0,converted
41351443,t,t,8.2,8.2,8.2,66.0,converted
41351443,t,t,5.65,5.65,5.65,66.0,converted
41351443,t,t,6.17,6.17,6.17,66.0,converted
41351443,t,t,10.15,10.15,10.15,66.0,converted
41351443,t,t,6.96,6.96,6.96,66.0,converted
41351443,t,t,6.97,6.97,6.97,66.0,converted
41351443,t,t,9.78,9.78,9.78,66.0,converted
41351443,t,t,7.23,7.23,7.23,66.0,converted
41351443,t,t,5.6,5.6,5.6,66.0,converted
41351443,t,t,6.49,6.49,6.49,66.0,converted
41351443,t,t,3.23,3.23,3.23,66.0,converted
41351443,t,t,5.61,5.61,5.61,66.0,converted
41351443,t,t,6.95,6.95,6.95,66.0,converted
41351443,t,t,7.9,7.9,7.9,66.0,converted
41351443,t,t,5.8,5.8,5.8,66.0,converted
41351443,t,t,5.27,5.27,5.27,66.0,converted
41351443,t,t,9.06,9.06,9.06,66.0,converted
41351443,t,t,5.47,5.47,5.47,66.0,converted
41351443,t,t,8.35,8.35,8.35,66.0,converted
41351443,t,t,5.68,5.68,5.68,66.0,converted
41351443,t,t,8.13,8.13,8.13,66.0,converted
41351443,t,t,4.52,4.52,4.52,66.0,converted
41351443,t,t,5.09,5.09,5.09,66.0,converted
41351443,t,t,4.08,4.08,4.08,66.0,converted
41351443,t,t,5.64,5.64,5.64,66.0,converted
41351443,t,t,6.01,6.01,6.01,66.0,converted
41351443,t,t,7.91,7.91,7.91,66.0,converted
41351443,t,t,5.81,5.81,5.81,66.0,converted
41351443,t,t,5.07,5.07,5.07,66.0,converted
41351443,t,t,6.63,6.63,6.63,66.0,converted
41351443,t,t,4.29,4.29,4.29,66.0,converted
41351443,t,t,8.55,8.55,8.55,66.0,converted
41351443,t,t,6.35,6.35,6.35,66.0,converted
39468590,t,t,8.8,8.8,8.8,118.0,converted
39468590,t,t,9.6,9.6,9.6,118.0,converted
39468590,t,t,4.8,4.8,4.8,118.0,converted
39468590,t,t,5.3,5.3,5.3,118.0,converted
39468590,t,t,5.2,5.2,5.2,118.0,converted
39468590,t,t,5.4,5.4,5.4,118.0,converted
39468590,t,t,5.6,5.6,5.6,118.0,converted
39468590,t,t,5.8,5.8,5.8,118.0,converted
39468590,t,t,6.4,6.4,6.4,118.0,converted
39468590,t,t,5.4,5.4,5.4,118.0,converted
39468590,t,t,5.6,5.6,5.6,118.0,converted
39468590,t,t,4.2,4.2,4.2,118.0,converted
39468590,t,t,4.5,4.5,4.5,118.0,converted
39468590,t,t,4.8,4.8,4.8,118.0,converted
39468590,t,t,6.1,6.1,6.1,118.0,converted
39468590,t,t,6.3,6.3,6.3,118.0,converted
21080967,Z score,z,Inf,,,48.0,failed
21080967,Z score,z,5.18,5.18,6.077109183901237,48.0,converted
21080967,Z score,z,4.69,4.69,5.345729508722159,48.0,converted
21080967,Z score,z,4.06,4.06,4.480411002401888,48.0,converted
21080967,Z score,z,4.01,4.01,4.4148764048934455,48.0,converted
21080967,Z score,z,3.95,3.95,4.336791568204917,48.0,converted
21080967,Z score,z,3.66,3.66,3.967531723300805,48.0,converted
21080967,Z score,z,3.65,3.65,3.9550288871649664,48.0,converted
21080967,Z score,z,3.6,3.6,3.89273491261122,48.0,converted
40963943,T value,t,8.30,8.3,8.3,72.0,converted
40963943,T value,t,11.62,11.62,11.62,72.0,converted
40963943,T value,t,7.97,7.97,7.97,72.0,converted
40963943,T value,t,6.94,6.94,6.94,72.0,converted
40963943,T value,t,7.17,7.17,7.17,72.0,converted
40963943,T value,t,6.82,6.82,6.82,72.0,converted
40963943,T value,t,7.96,7.96,7.96,72.0,converted
40963943,T value,t,7.23,7.23,7.23,72.0,converted
40963943,T value,t,9.73,9.73,9.73,72.0,converted
40963943,T value,t,10.73,10.73,10.73,72.0,converted
40963943,T value,t,7.01,7.01,7.01,72.0,converted
40963943,T value,t,10.20,10.2,10.2,72.0,converted
40963943,T value,t,6.26,6.26,6.26,72.0,converted
40634927,Z,z,4.53,4.53,4.891810344707061,74.0,converted
40634927,Z,z,3.16,3.16,3.2848488928654263,74.0,converted
40634927,Z,z,2.82,2.82,2.9102452606684683,74.0,converted
40634927,Z,z,3.22,3.22,3.3518028461120033,74.0,converted
40634927,Z,z,4.17,4.17,4.451934963922872,74.0,converted
40634927,Z,z,3.43,3.43,3.588302750752319,74.0,converted
40634927,Z,z,3.54,3.54,3.7135886082289637,74.0,converted
40634927,Z,z,3.19,3.19,3.3182925747505743,74.0,converted
40634927,Z,z,2.93,2.93,3.0305802851618915,74.0,converted
40634927,Z,z,3.02,3.02,3.129636995232917,74.0,converted
40634927,Z,z,3.73,3.73,3.9324075835905083,74.0,converted
40634927,Z,z,3.72,3.72,3.9208119075482,74.0,converted
40634927,Z,z,3.43,3.43,3.588302750752319,74.0,converted
40634927,Z,z,2.64,2.64,2.714988703933362,74.0,converted
40634927,Z,z,3.34,3.34,3.486524888778094,74.0,converted
40634927,Z,z,4.2,4.2,4.488056626938882,74.0,converted
40634927,Z,z,3.57,3.57,3.74793219837011,74.0,converted
40634927,Z,z,2.75,2.75,2.8340739982593446,74.0,converted
40634927,Z,z,2.83,2.83,2.921152270493978,74.0,converted
33776442,mean difference ReHo value,unknown,0.428±0.123,0.428,,20.0,failed
33776442,mean difference ReHo value,unknown,0.463±0.123,0.463,,20.0,failed
33776442,mean difference ReHo value,unknown,0.426±0.097,0.426,,20.0,failed
33776442,NR,unknown,not_reported,,,20.0,failed
33776442,NR,unknown,not_reported,,,20.0,failed
33776442,NR,unknown,not_reported,,,20.0,failed
33776442,NR,unknown,not_reported,,,20.0,failed
33776442,NR,unknown,not_reported,,,20.0,failed
33776442,NR,unknown,not_reported,,,20.0,failed
33776442,NR,unknown,not_reported,,,20.0,failed
33776442,NR,unknown,not_reported,,,20.0,failed
19559684,t,t,6.3,6.3,6.3,48.0,converted
19559684,t,t,11.62,11.62,11.62,48.0,converted
19559684,t,t,7.85,7.85,7.85,48.0,converted
19559684,t,t,5.15,5.15,5.15,48.0,converted
19559684,t,t,14.66,14.66,14.66,48.0,converted
19559684,t,t,4.3,4.3,4.3,48.0,converted
19559684,t,t,6.33,6.33,6.33,48.0,converted
19559684,t,t,6.76,6.76,6.76,48.0,converted
19559684,t,t,5.29,5.29,5.29,48.0,converted
19559684,t,t,5.0,5.0,5.0,48.0,converted
39089662,p,p_value,7.83,7.83,7.83,50.0,converted
39089662,p,p_value,5.37,5.37,5.37,50.0,converted
39089662,p,p_value,5.1,5.1,5.1,50.0,converted
39089662,p,p_value,4.33,4.33,4.33,50.0,converted
39089662,p,p_value,6.6,6.6,6.6,50.0,converted
39089662,p,p_value,4.93,4.93,4.93,50.0,converted
39089662,p,p_value,4.73,4.73,4.73,50.0,converted
39089662,p,p_value,6.1,6.1,6.1,50.0,converted
39089662,p,p_value,5.69,5.69,5.69,50.0,converted
39089662,p,p_value,5.05,5.05,5.05,50.0,converted
39089662,p,p_value,9.7,9.7,9.7,50.0,converted
39089662,p,p_value,8.59,8.59,8.59,50.0,converted
39089662,p,p_value,11.94,11.94,11.94,50.0,converted
39089662,p,p_value,9.11,9.11,9.11,50.0,converted
39089662,p,p_value,4.9,4.9,4.9,50.0,converted
39089662,p,p_value,8.09,8.09,8.09,50.0,converted
39089662,p,p_value,7.26,7.26,7.26,50.0,converted
39089662,p,p_value,4.9,4.9,4.9,50.0,converted
39089662,p,p_value,10.39,10.39,10.39,50.0,converted
39089662,p,p_value,6.74,6.74,6.74,50.0,converted
39089662,p,p_value,4.14,4.14,4.14,50.0,converted
39089662,p,p_value,7.86,7.86,7.86,50.0,converted
39089662,p,p_value,5.9,5.9,5.9,50.0,converted
39089662,p,p_value,5.81,5.81,5.81,50.0,converted
39089662,p,p_value,6.62,6.62,6.62,50.0,converted
39089662,p,p_value,7.57,7.57,7.57,50.0,converted
39089662,p,p_value,9.69,9.69,9.69,50.0,converted
39089662,p,p_value,8.2,8.2,8.2,50.0,converted
39089662,p,p_value,6.72,6.72,6.72,50.0,converted
39089662,p,p_value,8.69,8.69,8.69,50.0,converted
39089662,p,p_value,8.51,8.51,8.51,50.0,converted
39089662,p,p_value,8.83,8.83,8.83,50.0,converted
39089662,p,p_value,6.79,6.79,6.79,50.0,converted
39089662,p,p_value,7.21,7.21,7.21,50.0,converted
39089662,p,p_value,9.27,9.27,9.27,50.0,converted
39089662,p,p_value,15.45,15.45,15.45,50.0,converted
39089662,p,p_value,4.36,4.36,4.36,50.0,converted
39089662,p,p_value,9.34,9.34,9.34,50.0,converted
39089662,p,p_value,10.44,10.44,10.44,50.0,converted
39089662,p,p_value,7.94,7.94,7.94,50.0,converted
39089662,p,p_value,7.03,7.03,7.03,50.0,converted
39089662,p,p_value,4.03,4.03,4.03,50.0,converted
39089662,p,p_value,4.01,4.01,4.01,50.0,converted
39089662,p,p_value,4.87,4.87,4.87,50.0,converted
39089662,p,p_value,4.45,4.45,4.45,50.0,converted
39089662,p,p_value,8.66,8.66,8.66,50.0,converted
39089662,p,p_value,9.53,9.53,9.53,50.0,converted
39089662,p,p_value,4.68,4.68,4.68,50.0,converted
39089662,p,p_value,7.78,7.78,7.78,50.0,converted
39089662,p,p_value,7.57,7.57,7.57,50.0,converted
36530635,Z,z,3.54,3.54,3.794786084724571,52.0,converted
36530635,Z,z,3.89,3.89,4.227563495421087,52.0,converted
36530635,Z,z,3.62,3.62,3.8922470157057325,52.0,converted
36530635,Z,z,3.89,3.89,4.227563495421087,52.0,converted
36530635,Z,z,3.89,3.89,4.227563495421087,52.0,converted
36530635,Z,z,2.32,2.32,2.3963513496706494,52.0,converted
36530635,Z,z,3.89,3.89,4.227563495421087,52.0,converted
36530635,Z,z,3.89,3.89,4.227563495421087,52.0,converted
36530635,Z,z,3.89,3.89,4.227563495421087,52.0,converted
36530635,Z,z,3.43,3.43,3.6621101794018855,52.0,converted
36530635,Z,z,3.89,3.89,4.227563495421087,52.0,converted
36530635,Z,z,3.89,3.89,4.227563495421087,52.0,converted
36530635,Z,z,3.89,3.89,4.227563495421087,52.0,converted
36530635,Z,z,2.08,2.08,2.1368604625085803,52.0,converted
36530635,Z,z,3.89,3.89,4.227563495421087,52.0,converted
36530635,Z,z,2.78,2.78,2.9064072625509683,52.0,converted
36530635,Z,z,2.98,2.98,3.134153307863482,52.0,converted
36530635,Z,z,2.35,2.35,2.429085024232178,52.0,converted
36530635,Z,z,2.89,2.89,3.031180521752814,52.0,converted
36530635,Z,z,3.89,3.89,4.227563495421087,52.0,converted
29343693,Peak (z-score),z,6.91,6.91,9.297109721946137,47.0,converted
29343693,Peak (z-score),z,6.81,6.81,9.080394225639232,47.0,converted
29343693,Peak (z-score),z,6.62,6.62,8.681244726021335,47.0,converted
29343693,Peak (z-score),z,6.58,6.58,8.599240260677574,47.0,converted
29343693,Peak (z-score),z,6.41,6.41,8.258233863544312,47.0,converted
29343693,Peak (z-score),z,6.33,6.33,8.10183151726516,47.0,converted
29343693,Peak (z-score),z,6.26,6.26,7.96703969655794,47.0,converted
29343693,Peak (z-score),z,6.01,6.01,7.500637740276356,47.0,converted
29343693,Peak (z-score),z,6.00,6.0,7.482450970703919,47.0,converted
29343693,Peak (z-score),z,5.96,5.96,7.4100526331069965,47.0,converted
29343693,Peak (z-score),z,5.77,5.77,7.073574869207066,47.0,converted
29343693,Peak (z-score),z,5.75,5.75,7.038848606933743,47.0,converted
29343693,Peak (z-score),z,5.63,5.63,6.833157741089215,47.0,converted
29343693,Peak (z-score),z,5.53,5.53,6.665146089740125,47.0,converted
29343693,Peak (z-score),z,5.48,5.48,6.582263007665206,47.0,converted
29343693,Peak (z-score),z,5.47,5.47,6.565774568111556,47.0,converted
29343693,Peak (z-score),z,5.36,5.36,6.386304069256635,47.0,converted
29343693,Peak (z-score),z,4.97,4.97,5.776511281261137,47.0,converted
29343693,Peak (z-score),z,4.96,4.96,5.7613880976650655,47.0,converted
29343693,Peak (z-score),z,4.88,4.88,5.641274596834885,47.0,converted
29343693,Peak (z-score),z,4.62,4.62,5.261184293693191,47.0,converted
29343693,Peak (z-score),z,4.27,4.27,4.77241987502256,47.0,converted
29343693,Peak (z-score),z,4.08,4.08,4.517087449899639,47.0,converted
29343693,Peak (z-score),z,3.54,3.54,3.8250804079029472,47.0,converted
29343693,Peak (z-score),z,4.63,4.63,5.275523564960158,47.0,converted
29343693,Peak (z-score),z,4.69,4.69,5.362018385765011,47.0,converted
29343693,t,t,-3.51,-3.51,-3.51,47.0,converted
29343693,t,t,-4.06,-4.06,-4.06,47.0,converted
29343693,t,t,-4.48,-4.48,-4.48,47.0,converted
29343693,t,t,-5.79,-5.79,-5.79,47.0,converted
29343693,t,t,-3.63,-3.63,-3.63,47.0,converted
29343693,t,t,-5.51,-5.51,-5.51,47.0,converted
29343693,t,t,-4.95,-4.95,-4.95,47.0,converted
29343693,t,t,-4.8,-4.8,-4.8,47.0,converted
29343693,t,t,-3.59,-3.59,-3.59,47.0,converted
29343693,t,t,-3.98,-3.98,-3.98,47.0,converted
29343693,t,t,-5.9,-5.9,-5.9,47.0,converted
29343693,t,t,-7.04,-7.04,-7.04,47.0,converted
29343693,t,t,-6.1,-6.1,-6.1,47.0,converted
29343693,t,t,-4.96,-4.96,-4.96,47.0,converted
29343693,t,t,-5.63,-5.63,-5.63,47.0,converted
29343693,t,t,-5.66,-5.66,-5.66,47.0,converted
29343693,t,t,-6.88,-6.88,-6.88,47.0,converted
29343693,t,t,-8.64,-8.64,-8.64,47.0,converted
29343693,t,t,-7.53,-7.53,-7.53,47.0,converted
29343693,t,t,-7.48,-7.48,-7.48,47.0,converted
29343693,t,t,-8.2,-8.2,-8.2,47.0,converted
29343693,t,t,-4.09,-4.09,-4.09,47.0,converted
29343693,t,t,-15.04,-15.04,-15.04,47.0,converted
29343693,t,t,-7.28,-7.28,-7.28,47.0,converted
29343693,t,t,-3.98,-3.98,-3.98,47.0,converted
29343693,t,t,-8.14,-8.14,-8.14,47.0,converted
29343693,t,t,-7.4,-7.4,-7.4,47.0,converted
29343693,t,t,-3.94,-3.94,-3.94,47.0,converted
29343693,t,t,-4.01,-4.01,-4.01,47.0,converted
29343693,t,t,-3.77,-3.77,-3.77,47.0,converted
29343693,t,t,-5.06,-5.06,-5.06,47.0,converted
29343693,t,t,-3.93,-3.93,-3.93,47.0,converted
29343693,t,t,-5.62,-5.62,-5.62,47.0,converted
29343693,t,t,-8.65,-8.65,-8.65,47.0,converted
29343693,t,t,-3.56,-3.56,-3.56,47.0,converted
29343693,t,t,-4.8,-4.8,-4.8,47.0,converted
29343693,t,t,-5.04,-5.04,-5.04,47.0,converted
29343693,t,t,-4.38,-4.38,-4.38,47.0,converted
29343693,t,t,-5.7,-5.7,-5.7,47.0,converted
29343693,t,t,-10.18,-10.18,-10.18,47.0,converted
29343693,t,t,-3.66,-3.66,-3.66,47.0,converted
29343693,t,t,-3.66,-3.66,-3.66,47.0,converted
29343693,t,t,-4.48,-4.48,-4.48,47.0,converted
29343693,t,t,-1.1,-1.1,-1.1,47.0,converted
29343693,t,t,-3.66,-3.66,-3.66,47.0,converted
29343693,t,t,-3.42,-3.42,-3.42,47.0,converted
32194493,Z,z,5.2,5.2,6.298713459046228,41.0,converted
32194493,Z,z,3.5,3.5,3.821403456716202,41.0,converted
32194493,Z,z,3.58,3.58,3.9238905573472436,41.0,converted
32194493,Z,z,4.79,4.79,5.634257591946967,41.0,converted
32194493,Z,z,4.31,4.31,4.915892685405776,41.0,converted
32194493,Z,z,3.18,3.18,3.4219996355918796,41.0,converted
32194493,Z,z,4.64,4.64,5.4033468117289,41.0,converted
32194493,Z,z,2.74,2.74,2.897330683704518,41.0,converted
32194493,Z,z,4.02,4.02,4.508694764958939,41.0,converted
32194493,Z,z,3.79,3.79,4.198368569958356,41.0,converted
32194493,Z,z,4.02,4.02,4.508694764958939,41.0,converted
32194493,Z,z,4.0,4.0,4.4812843007754575,41.0,converted
32194493,Z,z,2.96,2.96,3.1563881339640876,41.0,converted
32194493,Z,z,4.47,4.47,5.148845904164072,41.0,converted
32194493,Z,z,3.07,3.07,3.2883344734217514,41.0,converted
32194493,Z,z,4.41,4.41,5.060762637615165,41.0,converted
32194493,Z,z,3.0,3.0,3.2041749043180494,41.0,converted
32194493,Z,z,3.23,3.23,3.4833471731590255,41.0,converted
32194493,Z,z,4.18,4.18,4.7310481387297365,41.0,converted
32194493,Z,z,3.63,3.63,3.988514110888133,41.0,converted
32194493,Z,z,3.69,3.69,4.066655216314377,41.0,converted
32194493,Z,z,2.51,2.51,2.632832794311123,41.0,converted
32194493,Z,z,6.53,6.53,8.881764074048387,41.0,converted
32194493,Z,z,4.0,4.0,4.4812843007754575,41.0,converted
32194493,Z,z,4.6,4.6,5.342792545457246,41.0,converted
32194493,Z,z,4.8,4.8,5.649872232247335,41.0,converted
32194493,Z,z,5.3,5.3,6.468802647189707,41.0,converted
32194493,Z,z,4.8,4.8,5.649872232247335,41.0,converted
32194493,Z,z,3.74,3.74,4.132277532777494,41.0,converted
32194493,Z,z,3.1,3.1,3.3246146868389213,41.0,converted
32194493,Z,z,3.95,3.95,4.413120201784849,41.0,converted
32194493,Z,z,5.6,5.6,6.999937091673508,41.0,converted
32194493,Z,z,3.96,3.96,4.426711965061181,41.0,converted
32194493,Z,z,3.79,3.79,4.198368569958356,41.0,converted
32194493,Z,z,6.34,6.34,8.464495069606075,41.0,converted
32194493,Z,z,4.4,4.4,5.046167736733251,41.0,converted
32194493,Z,z,5.3,5.3,6.468802647189707,41.0,converted
32194493,Z,z,6.3,6.3,8.37898354620821,41.0,converted
32194493,Z,z,4.83,4.83,5.696885548935459,41.0,converted
32194493,Z,z,5.4,5.4,6.642283661840531,41.0,converted
32194493,Z,z,7.05,7.05,10.12672305562686,41.0,converted
32194493,Z,z,4.77,4.77,5.603112377887702,41.0,converted
32194493,Z,z,3.65,3.65,4.014488610522076,41.0,converted
20423216,t value,t,3.76,3.76,3.76,15.0,converted
20423216,t value,t,4.62,4.62,4.62,15.0,converted
20423216,t value,t,4.13,4.13,4.13,15.0,converted
20423216,t value,t,6.24,6.24,6.24,15.0,converted
20423216,t value,t,4.72,4.72,4.72,15.0,converted
20423216,t value,t,6.58,6.58,6.58,15.0,converted
20423216,t value,t,6.44,6.44,6.44,15.0,converted
20423216,t value,t,5.64,5.64,5.64,15.0,converted
20423216,t value,t,5.4,5.4,5.4,15.0,converted
20423216,t value,t,3.25,3.25,3.25,15.0,converted
20423216,t value,t,3.77,3.77,3.77,15.0,converted
20423216,t value,t,4.41,4.41,4.41,15.0,converted
35048524,t,t,5.31,5.31,5.31,60.0,converted
35048524,t,t,5.43,5.43,5.43,60.0,converted
35048524,t,t,4.42,4.42,4.42,60.0,converted
35048524,t,t,4.28,4.28,4.28,60.0,converted
35048524,t,t,3.85,3.85,3.85,60.0,converted
35048524,t,t,4.06,4.06,4.06,60.0,converted
35048524,t,t,4.15,4.15,4.15,60.0,converted
35048524,t,t,3.46,3.46,3.46,60.0,converted
36530615,F,F,-4.03,-4.03,-4.03,32.0,converted
36530615,F,F,-3.35,-3.35,-3.35,32.0,converted
36530615,F,F,-4.01,-4.01,-4.01,32.0,converted
36530615,F,F,-4.03,-4.03,-4.03,32.0,converted
36530615,F,F,-4.03,-4.03,-4.03,32.0,converted
36530615,F,F,-3.35,-3.35,-3.35,32.0,converted
36530615,F,F,-4.01,-4.01,-4.01,32.0,converted
36530615,F,F,-4.01,-4.01,-4.01,32.0,converted
40022556,t,t,19.46,19.46,19.46,197.0,converted
40022556,t,t,15.94,15.94,15.94,197.0,converted
40022556,t,t,16.38,16.38,16.38,197.0,converted
40022556,t,t,18.91,18.91,18.91,197.0,converted
40022556,t,t,6.05,6.05,6.05,197.0,converted
40022556,t,t,9.53,9.53,9.53,197.0,converted
40022556,t,t,10.07,10.07,10.07,197.0,converted
40022556,t,t,8.62,8.62,8.62,197.0,converted
40022556,t,t,7.6,7.6,7.6,197.0,converted
40022556,t,t,15.31,15.31,15.31,197.0,converted
40022556,t,t,17.04,17.04,17.04,197.0,converted
40022556,t,t,24.27,24.27,24.27,197.0,converted
40022556,t,t,20.52,20.52,20.52,197.0,converted
40022556,t,t,15.27,15.27,15.27,197.0,converted
40022556,t,t,16.31,16.31,16.31,197.0,converted
40022556,t,t,17.85,17.85,17.85,197.0,converted
40022556,t,t,20.81,20.81,20.81,197.0,converted
40022556,t,t,8.18,8.18,8.18,197.0,converted
24062782,t,t,-4.40,-4.4,-4.4,59.0,converted
24062782,t,t,-4.65,-4.65,-4.65,59.0,converted
24062782,t,t,5.01,5.01,5.01,59.0,converted
24062782,t,t,-4.19,-4.19,-4.19,59.0,converted
24062782,t,t,-4.97,-4.97,-4.97,59.0,converted
24062782,t,t,-3.71,-3.71,-3.71,59.0,converted
24062782,t,t,-3.17,-3.17,-3.17,59.0,converted
24062782,t,t,-5.01,-5.01,-5.01,59.0,converted
24062782,t,t,-3.94,-3.94,-3.94,59.0,converted
24062782,t,t,-4.65,-4.65,-4.65,59.0,converted
24062782,t,t,-3.40,-3.4,-3.4,59.0,converted
24062782,t,t,3.85,3.85,3.85,59.0,converted
24062782,t,t,-3.28,-3.28,-3.28,59.0,converted
24062782,t,t,-3.26,-3.26,-3.26,59.0,converted
24062782,t,t,-3.25,-3.25,-3.25,59.0,converted
24062782,t,t,4.14,4.14,4.14,59.0,converted
24062782,t,t,3.10,3.1,3.1,59.0,converted
24062782,t,t,-3.69,-3.69,-3.69,59.0,converted
24062782,t,t,-3.34,-3.34,-3.34,59.0,converted
24062782,t,t,2.85,2.85,2.85,59.0,converted
24062782,t,t,-3.73,-3.73,-3.73,59.0,converted
24062782,t,t,4.16,4.16,4.16,59.0,converted
24062782,t,t,2.82,2.82,2.82,59.0,converted
24062782,t,t,-4.92,-4.92,-4.92,59.0,converted
24062782,t,t,-4.94,-4.94,-4.94,59.0,converted
24062782,t,t,-3.04,-3.04,-3.04,59.0,converted
24062782,t,t,-5.19,-5.19,-5.19,59.0,converted
24062782,t,t,-2.72,-2.72,-2.72,59.0,converted
24062782,t,t,-3.37,-3.37,-3.37,59.0,converted
24062782,t,t,-3.27,-3.27,-3.27,59.0,converted
24062782,t,t,-4.09,-4.09,-4.09,59.0,converted
24062782,t,t,-3.98,-3.98,-3.98,59.0,converted
24062782,t,t,-4.21,-4.21,-4.21,59.0,converted
24062782,t,t,-3.65,-3.65,-3.65,59.0,converted
24062782,t,t,-5.17,-5.17,-5.17,59.0,converted
24062782,t,t,-3.64,-3.64,-3.64,59.0,converted
24062782,t,t,-2.79,-2.79,-2.79,59.0,converted
24062782,t,t,3.09,3.09,3.09,59.0,converted
24062782,t,t,3.09,3.09,3.09,59.0,converted
24062782,t,t,4.48,4.48,4.48,59.0,converted
24062782,t,t,-3.93,-3.93,-3.93,59.0,converted
24062782,t,t,3.83,3.83,3.83,59.0,converted
24062782,t,t,-3.48,-3.48,-3.48,59.0,converted
24062782,t,t,-3.00,-3.0,-3.0,59.0,converted
39648209,t,t,30.51,30.51,30.51,35.0,converted
39648209,t,t,28.78,28.78,28.78,35.0,converted
39648209,t,t,26.74,26.74,26.74,35.0,converted
39648209,t,t,17.73,17.73,17.73,35.0,converted
39648209,t,t,18.36,18.36,18.36,35.0,converted
39648209,t,t,14.25,14.25,14.25,35.0,converted
39648209,t,t,14.47,14.47,14.47,35.0,converted
39648209,t,t,16.03,16.03,16.03,35.0,converted
39648209,t,t,12.63,12.63,12.63,35.0,converted
39648209,t,t,11.88,11.88,11.88,35.0,converted
39648209,t,t,12.27,12.27,12.27,35.0,converted
39648209,t,t,12.34,12.34,12.34,35.0,converted
39648209,t,t,13.77,13.77,13.77,35.0,converted
39648209,t,t,10.72,10.72,10.72,35.0,converted
39648209,t,t,10.72,10.72,10.72,35.0,converted
39648209,t,t,11.23,11.23,11.23,35.0,converted
39648209,t,t,10.15,10.15,10.15,35.0,converted
39648209,t,t,14.42,14.42,14.42,35.0,converted
24963329,t,t,4.799,4.799,4.799,15.0,converted
24963329,t,t,4.799,4.799,4.799,15.0,converted
24963329,t,t,3.481,3.481,3.481,15.0,converted
24963329,t,t,3.481,3.481,3.481,15.0,converted
24963329,t,t,3.836,3.836,3.836,15.0,converted
24963329,t,t,3.836,3.836,3.836,15.0,converted
24963329,t,t,4.638,4.638,4.638,15.0,converted
24963329,t,t,4.638,4.638,4.638,15.0,converted
24963329,t,t,4.638,4.638,4.638,15.0,converted
24963329,t,t,4.293,4.293,4.293,15.0,converted
24963329,t,t,7.57,7.57,7.57,15.0,converted
24963329,t,t,7.57,7.57,7.57,15.0,converted
24963329,t,t,7.57,7.57,7.57,15.0,converted
24963329,t,t,7.57,7.57,7.57,15.0,converted
24963329,t,t,9.005,9.005,9.005,15.0,converted
24963329,t,t,9.005,9.005,9.005,15.0,converted
24963329,t,t,9.005,9.005,9.005,15.0,converted
24963329,t,t,9.005,9.005,9.005,15.0,converted
24963329,t,t,4.795,4.795,4.795,15.0,converted
24963329,t,t,4.256,4.256,4.256,15.0,converted
24963329,t,t,7.627,7.627,7.627,15.0,converted
25228908,Z score,z,3.93,3.93,8.088712509780164,9.0,converted
25228908,Z score,z,3.71,3.71,7.023115799135235,9.0,converted
25228908,Z score,z,3.02,3.02,4.585323291063224,9.0,converted
25228908,Z score,z,3.22,3.22,5.179279063828763,9.0,converted
25228908,Z score,z,3.06,3.06,4.698123930120091,9.0,converted
25228908,Z score,z,2.91,2.91,4.289190068672254,9.0,converted
25228908,Z score,z,2.86,2.86,4.1610103132099585,9.0,converted
25228908,Z score,z,2.57,2.57,3.4869910787226623,9.0,converted
25228908,Z score,z,2.37,2.37,3.0810916302295115,9.0,converted
25228908,Z score,z,2.74,2.74,3.8684579700804007,9.0,converted
25228908,Z score,z,2.74,2.74,3.8684579700804007,9.0,converted
25228908,Z score,z,2.68,2.68,3.729639482407525,9.0,converted
25228908,Z score,z,2.62,2.62,3.595451001853609,9.0,converted
25228908,Z score,z,2.59,2.59,3.5300177414625122,9.0,converted
25228908,Z score,z,2.55,2.55,3.4444311033806247,9.0,converted
25228908,Z score,z,2.46,2.46,3.2584709178221174,9.0,converted
25228908,Z score,z,2.44,2.44,3.2183355993409615,9.0,converted
25228908,Z score,z,2.42,2.42,3.1786164148095937,9.0,converted
25228908,Z,z,6.91,6.91,91.65877539277821,9.0,converted
25228908,Z,z,6.81,6.81,82.92931100564584,9.0,converted
25228908,Z,z,6.62,6.62,68.83002089457685,9.0,converted
25228908,Z,z,6.58,6.58,66.22401222332849,9.0,converted
25228908,Z,z,6.41,6.41,56.342957600459656,9.0,converted
25228908,Z,z,6.33,6.33,52.288935008371745,9.0,converted
25228908,Z,z,6.26,6.26,49.016708257057054,9.0,converted
25228908,Z,z,6.01,6.01,39.125406226919445,9.0,converted
25228908,Z,z,6.0,6.0,38.78102713440625,9.0,converted
25228908,Z,z,5.96,5.96,37.438554361895086,9.0,converted
25228908,Z,z,5.77,5.77,31.761574731918476,9.0,converted
25228908,Z,z,5.75,5.75,31.225157204816448,9.0,converted
25228908,Z,z,5.63,5.63,28.22255064318391,9.0,converted
25228908,Z,z,5.53,5.53,25.97910454455819,9.0,converted
25228908,Z,z,5.48,5.48,24.937148677519296,9.0,converted
25228908,Z,z,5.47,5.47,24.734771571890548,9.0,converted
25228908,Z,z,5.36,5.36,22.63301096196159,9.0,converted
25228908,Z,z,4.97,4.97,16.719597052403135,9.0,converted
25228908,Z,z,4.96,4.96,16.59424363908359,9.0,converted
25228908,Z,z,4.88,4.88,15.631176969532998,9.0,converted
25228908,Z,z,4.62,4.62,12.934878065311446,9.0,converted
25228908,Z,z,4.27,4.27,10.137783666785115,9.0,converted
25228908,Z,z,4.08,4.08,8.92518241414487,9.0,converted
25228908,Z,z,3.54,3.54,6.310439332821333,9.0,converted
25228908,Z,z,4.63,4.63,13.027639052414422,9.0,converted
25228908,Z,z,4.69,4.69,13.601405165464769,9.0,converted
25228908,Z,z,5.57,5.57,26.850106085388862,9.0,converted
25228908,Z,z,5.24,5.24,20.57878607194125,9.0,converted
25228908,Z,z,5.09,5.09,18.316566174601334,9.0,converted
25228908,Z,z,4.91,4.91,15.984215162050408,9.0,converted
25228908,Z,z,4.87,4.87,15.515593976475573,9.0,converted
25228908,Z,z,4.77,4.77,14.414708539359856,9.0,converted
25228908,Z,z,4.65,4.65,13.215584840895293,9.0,converted
25228908,Z,z,4.64,4.64,13.121205236325007,9.0,converted
25228908,Z,z,4.62,4.62,12.934878065311446,9.0,converted
25228908,Z,z,4.36,4.36,10.780799574002229,9.0,converted
25228908,Z,z,4.24,4.24,9.933762114006615,9.0,converted
25228908,Z,z,3.82,3.82,7.533886465052257,9.0,converted
25228908,Z,z,3.69,3.69,6.934634264002645,9.0,converted
25228908,Z,z,3.53,3.53,6.271164699394986,9.0,converted
25228908,Z,z,3.49,3.49,6.116811950380235,9.0,converted
25228908,Z,z,3.48,3.48,6.078897609247402,9.0,converted
25228908,Z,z,3.4,3.4,5.784906559867441,9.0,converted
25228908,Z,z,3.19,3.19,5.085221416356653,9.0,converted
39877657,t,t,9.94,9.94,9.94,27.0,converted
39877657,t,t,9.94,9.94,9.94,27.0,converted
39877657,t,t,9.94,9.94,9.94,27.0,converted
39877657,t,t,7.91,7.91,7.91,27.0,converted
39877657,t,t,7.91,7.91,7.91,27.0,converted
39877657,t,t,6.43,6.43,6.43,27.0,converted
39877657,t,t,6.43,6.43,6.43,27.0,converted
39877657,t,t,6.32,6.32,6.32,27.0,converted
39877657,t,t,6.28,6.28,6.28,27.0,converted
39877657,t,t,6.05,6.05,6.05,27.0,converted
39877657,t,t,6.05,6.05,6.05,27.0,converted
39877657,t,t,5.85,5.85,5.85,27.0,converted
39877657,t,t,5.6,5.6,5.6,27.0,converted
39877657,t,t,5.6,5.6,5.6,27.0,converted
39877657,t,t,5.6,5.6,5.6,27.0,converted
39877657,t,t,5.6,5.6,5.6,27.0,converted
39877657,t,t,5.52,5.52,5.52,27.0,converted
39877657,t,t,5.31,5.31,5.31,27.0,converted
39877657,t,t,4.69,4.69,4.69,27.0,converted
39877657,t,t,4.69,4.69,4.69,27.0,converted
39877657,t,t,8.23,8.23,8.23,27.0,converted
39877657,t,t,8.23,8.23,8.23,27.0,converted
39877657,t,t,4.97,4.97,4.97,27.0,converted
39877657,t,t,4.8,4.8,4.8,27.0,converted
39877657,t,t,4.8,4.8,4.8,27.0,converted
39877657,t,t,4.8,4.8,4.8,27.0,converted
39877657,t,t,4.77,4.77,4.77,27.0,converted
39877657,t,t,4.77,4.77,4.77,27.0,converted
39877657,t,t,4.44,4.44,4.44,27.0,converted
39877657,t,t,3.97,3.97,3.97,27.0,converted
39877657,t,t,3.97,3.97,3.97,27.0,converted
39877657,t,t,4.15,4.15,4.15,27.0,converted
39877657,t,t,4.68,4.68,4.68,27.0,converted
39877657,t,t,4.64,4.64,4.64,27.0,converted
39877657,t,t,4.47,4.47,4.47,27.0,converted
39877657,t,t,4.47,4.47,4.47,27.0,converted
39877657,t,t,4.37,4.37,4.37,27.0,converted
39877657,t,t,4.37,4.37,4.37,27.0,converted
39877657,t,t,4.0,4.0,4.0,27.0,converted
39877657,t,t,4.0,4.0,4.0,27.0,converted
39877657,t,t,4.0,4.0,4.0,27.0,converted
39877657,t,t,3.99,3.99,3.99,27.0,converted
39877657,t,t,3.53,3.53,3.53,27.0,converted
39877657,t,t,3.5,3.5,3.5,27.0,converted
39877657,t,t,3.5,3.5,3.5,27.0,converted
39877657,t,t,3.5,3.5,3.5,27.0,converted
29951105,t,t,5.644,5.644,5.644,21.0,converted
29951105,t,t,6.9909,6.9909,6.9909,21.0,converted
29951105,t,t,7.117,7.117,7.117,21.0,converted
29951105,t,t,7.0511,7.0511,7.0511,21.0,converted
29951105,t,t,9.6493,9.6493,9.6493,21.0,converted
35464313,t,t,4.12,4.12,4.12,115.0,converted
35464313,t,t,-5.3,-5.3,-5.3,115.0,converted
35464313,t,t,5.1,5.1,5.1,115.0,converted
35464313,t,t,4.31,4.31,4.31,115.0,converted
35464313,t,t,4.55,4.55,4.55,115.0,converted
35464313,t,t,5.51,5.51,5.51,115.0,converted
35464313,t,t,4.29,4.29,4.29,115.0,converted
35464313,t,t,4.14,4.14,4.14,115.0,converted
35464313,t,t,-4.77,-4.77,-4.77,115.0,converted
35464313,t,t,-4.04,-4.04,-4.04,115.0,converted
35464313,t,t,-3.95,-3.95,-3.95,115.0,converted
35464313,t,t,-5.47,-5.47,-5.47,115.0,converted
35464313,t,t,4.54,4.54,4.54,115.0,converted
35464313,t,t,4.82,4.82,4.82,115.0,converted
35464313,t,t,3.25,3.25,3.25,115.0,converted
35464313,t,t,2.94,2.94,2.94,115.0,converted
35464313,t,t,3.54,3.54,3.54,115.0,converted
23316257,t-value,t,5.57,5.57,5.57,22.0,converted
23316257,t-value,t,5.97,5.97,5.97,22.0,converted
23316257,t-value,t,7.2,7.2,7.2,22.0,converted
23316257,t-value,t,6.4,6.4,6.4,22.0,converted
23316257,t-value,t,6.3,6.3,6.3,22.0,converted
23316257,t-value,t,6.6,6.6,6.6,22.0,converted
23316257,t-value,t,7.91,7.91,7.91,22.0,converted
23316257,t-value,t,6.05,6.05,6.05,22.0,converted
23316257,t-value,t,7.46,7.46,7.46,22.0,converted
23316257,t-value,t,8.14,8.14,8.14,22.0,converted
23316257,t-value,t,7.13,7.13,7.13,22.0,converted
23316257,t-value,t,6.68,6.68,6.68,22.0,converted
23316257,t-value,t,6.4,6.4,6.4,22.0,converted
23316257,t-value,t,7.21,7.21,7.21,22.0,converted
23316257,t-value,t,6.09,6.09,6.09,22.0,converted
23316257,t-value,t,6.57,6.57,6.57,22.0,converted
23316257,t-value,t,6.51,6.51,6.51,22.0,converted
23316257,t-value,t,8.19,8.19,8.19,22.0,converted
23316257,t-value,t,7.37,7.37,7.37,22.0,converted
23316257,t-value,t,6.81,6.81,6.81,22.0,converted
23316257,t-value,t,6.48,6.48,6.48,22.0,converted
26161117,Peak Z-score,z,-3.51,-3.51,-4.0162468596097725,28.0,converted
26161117,Peak Z-score,z,-2.56,-2.56,-2.7593531097957977,28.0,converted
26161117,Peak Z-score,z,-3.01,-3.01,-3.328904093188616,28.0,converted
26161117,Peak Z-score,z,-3.26,-3.26,-3.6645661426124354,28.0,converted
26161117,Peak Z-score,z,3.81,3.81,4.462254251163233,28.0,converted
26161117,Peak Z-score,z,6.16,6.16,9.418263181706536,28.0,converted
26161117,Peak Z-score,z,-3.26,-3.26,-3.6645661426124354,28.0,converted
26161117,Peak Z-score,z,-3.02,-3.02,-3.3420464800280842,28.0,converted
26161117,Peak Z-score,z,-2.56,-2.56,-2.7593531097957977,28.0,converted
26161117,Peak Z-score,z,-3.98,-3.98,-4.727975449433073,28.0,converted
26161117,Peak Z-score,z,4.87,4.87,6.308609398319144,28.0,converted
26161117,Peak Z-score,z,3.97,3.97,4.7120660014432465,28.0,converted
26161117,Peak Z-score,z,-3.28,-3.28,-3.6920857134839187,28.0,converted
26161117,Peak Z-score,z,-3.00,-3.0,-3.3157843927859503,28.0,converted
26161117,Peak Z-score,z,-2.56,-2.56,-2.7593531097957977,28.0,converted
26161117,Peak Z-score,z,3.98,3.98,4.727975449433073,28.0,converted
26161117,Peak Z-score,z,2.54,2.54,2.7349549985086283,28.0,converted
26161117,Peak Z-score,z,-4.00,-4.0,-4.759901953219569,28.0,converted
26161117,Peak Z-score,z,-3.89,-3.89,-4.586060260908857,28.0,converted
26161117,Peak Z-score,z,-3.42,-3.42,-3.8876740549387785,28.0,converted
26161117,Peak Z-score,z,-3.23,-3.23,-3.6234785222266686,28.0,converted
26161117,Z,z,-3.51,-3.51,-4.0162468596097725,28.0,converted
26161117,Z,z,-2.56,-2.56,-2.7593531097957977,28.0,converted
26161117,Z,z,-3.01,-3.01,-3.328904093188616,28.0,converted
26161117,Z,z,-3.26,-3.26,-3.6645661426124354,28.0,converted
26161117,Z,z,3.81,3.81,4.462254251163233,28.0,converted
26161117,Z,z,6.16,6.16,9.418263181706536,28.0,converted
26161117,Z,z,-3.26,-3.26,-3.6645661426124354,28.0,converted
26161117,Z,z,-3.02,-3.02,-3.3420464800280842,28.0,converted
26161117,Z,z,-2.56,-2.56,-2.7593531097957977,28.0,converted
26161117,Z,z,-3.98,-3.98,-4.727975449433073,28.0,converted
26161117,Z,z,4.87,4.87,6.308609398319144,28.0,converted
26161117,Z,z,3.97,3.97,4.7120660014432465,28.0,converted
26161117,Z,z,-3.28,-3.28,-3.6920857134839187,28.0,converted
26161117,Z,z,-3.0,-3.0,-3.3157843927859503,28.0,converted
26161117,Z,z,-2.56,-2.56,-2.7593531097957977,28.0,converted
26161117,Z,z,3.98,3.98,4.727975449433073,28.0,converted
26161117,Z,z,2.54,2.54,2.7349549985086283,28.0,converted
26161117,Z,z,-4.0,-4.0,-4.759901953219569,28.0,converted
26161117,Z,z,-3.89,-3.89,-4.586060260908857,28.0,converted
26161117,Z,z,-3.42,-3.42,-3.8876740549387785,28.0,converted
26161117,Z,z,-3.23,-3.23,-3.6234785222266686,28.0,converted
25741269,T-value,t,30.51,30.51,30.51,45.0,converted
25741269,T-value,t,28.78,28.78,28.78,45.0,converted
25741269,T-value,t,−21.57,-21.57,-21.57,45.0,converted
25741269,T-value,t,−20.61,-20.61,-20.61,45.0,converted
25741269,T-value,t,26.74,26.74,26.74,45.0,converted
25741269,T-value,t,−17.50,-17.5,-17.5,45.0,converted
25741269,T-value,t,−20.18,-20.18,-20.18,45.0,converted
25741269,T-value,t,−15.54,-15.54,-15.54,45.0,converted
25741269,T-value,t,−13.85,-13.85,-13.85,45.0,converted
25741269,T-value,t,17.73,17.73,17.73,45.0,converted
25741269,T-value,t,18.36,18.36,18.36,45.0,converted
25741269,T-value,t,−12.48,-12.48,-12.48,45.0,converted
25741269,T-value,t,−12.92,-12.92,-12.92,45.0,converted
25741269,T-value,t,−13.34,-13.34,-13.34,45.0,converted
25741269,T-value,t,−12.88,-12.88,-12.88,45.0,converted
25741269,T-value,t,14.25,14.25,14.25,45.0,converted
25741269,T-value,t,14.47,14.47,14.47,45.0,converted
25741269,T-value,t,16.03,16.03,16.03,45.0,converted
25741269,T-value,t,−12.63,-12.63,-12.63,45.0,converted
25741269,T-value,t,−18.25,-18.25,-18.25,45.0,converted
25741269,T-value,t,−14.97,-14.97,-14.97,45.0,converted
25741269,T-value,t,−15.75,-15.75,-15.75,45.0,converted
25741269,T-value,t,−12.41,-12.41,-12.41,45.0,converted
25741269,T-value,t,−12.86,-12.86,-12.86,45.0,converted
25741269,T-value,t,−13.52,-13.52,-13.52,45.0,converted
25741269,T-value,t,−11.45,-11.45,-11.45,45.0,converted
25741269,T-value,t,−12.22,-12.22,-12.22,45.0,converted
25741269,T-value,t,−11.33,-11.33,-11.33,45.0,converted
25741269,T-value,t,11.88,11.88,11.88,45.0,converted
25741269,T-value,t,−12.64,-12.64,-12.64,45.0,converted
25741269,T-value,t,−13.95,-13.95,-13.95,45.0,converted
25741269,T-value,t,12.27,12.27,12.27,45.0,converted
25741269,T-value,t,12.34,12.34,12.34,45.0,converted
25741269,T-value,t,13.77,13.77,13.77,45.0,converted
25741269,T-value,t,−11.22,-11.22,-11.22,45.0,converted
25741269,T-value,t,−10.85,-10.85,-10.85,45.0,converted
25741269,T-value,t,10.72,10.72,10.72,45.0,converted
25741269,T-value,t,−14.91,-14.91,-14.91,45.0,converted
25741269,T-value,t,−11.66,-11.66,-11.66,45.0,converted
25741269,T-value,t,−11.00,-11.0,-11.0,45.0,converted
25741269,T-value,t,−10.40,-10.4,-10.4,45.0,converted
25741269,T-value,t,−10.39,-10.39,-10.39,45.0,converted
25741269,T-value,t,11.49,11.49,11.49,45.0,converted
25741269,T-value,t,11.23,11.23,11.23,45.0,converted
25741269,T-value,t,−10.70,-10.7,-10.7,45.0,converted
25741269,T-value,t,−12.31,-12.31,-12.31,45.0,converted
25741269,T-value,t,10.72,10.72,10.72,45.0,converted
25741269,T-value,t,−12.13,-12.13,-12.13,45.0,converted
25741269,T-value,t,14.42,14.42,14.42,45.0,converted
25741269,T-value,t,10.15,10.15,10.15,45.0,converted
25741269,T-value,t,−10.86,-10.86,-10.86,45.0,converted
25741269,T-value,t,−10.01,-10.01,-10.01,45.0,converted
25741269,T-value,t,66.37,66.37,66.37,45.0,converted
25741269,T-value,t,28.07,28.07,28.07,45.0,converted
25741269,T-value,t,24.14,24.14,24.14,45.0,converted
25741269,T-value,t,17.59,17.59,17.59,45.0,converted
25741269,T-value,t,16.94,16.94,16.94,45.0,converted
25741269,T-value,t,15.56,15.56,15.56,45.0,converted
25741269,T-value,t,17.26,17.26,17.26,45.0,converted
25741269,T-value,t,−14.47,-14.47,-14.47,45.0,converted
25741269,T-value,t,−12.90,-12.9,-12.9,45.0,converted
25741269,T-value,t,12.54,12.54,12.54,45.0,converted
25741269,T-value,t,13.11,13.11,13.11,45.0,converted
25741269,T-value,t,−14.94,-14.94,-14.94,45.0,converted
25741269,T-value,t,11.93,11.93,11.93,45.0,converted
25741269,T-value,t,−11.76,-11.76,-11.76,45.0,converted
25741269,T-value,t,11.39,11.39,11.39,45.0,converted
25741269,T-value,t,10.10,10.1,10.1,45.0,converted
25741269,T-value,t,−11.11,-11.11,-11.11,45.0,converted
25741269,T-value,t,14.61,14.61,14.61,45.0,converted
25741269,T-value,t,−10.89,-10.89,-10.89,45.0,converted
25741269,T-value,t,11.49,11.49,11.49,45.0,converted
25741269,T-value,t,9.90,9.9,9.9,45.0,converted
25741269,T-value,t,10.55,10.55,10.55,45.0,converted
25741269,T-value,t,9.99,9.99,9.99,45.0,converted
25741269,T-value,t,13.06,13.06,13.06,45.0,converted
25741269,T-value,t,10.22,10.22,10.22,45.0,converted
25741269,T-value,t,11.69,11.69,11.69,45.0,converted
25741269,T-value,t,11.42,11.42,11.42,45.0,converted
30105065,T value,t,5.54,5.54,5.54,49.0,converted
30105065,T value,t,4.69,4.69,4.69,49.0,converted
30105065,T value,t,4.87,4.87,4.87,49.0,converted
30105065,T value,t,4.55,4.55,4.55,49.0,converted
30105065,T value,t,4.23,4.23,4.23,49.0,converted
30105065,T value,t,4.09,4.09,4.09,49.0,converted
30105065,T value,t,3.43,3.43,3.43,49.0,converted
30105065,T value,t,3.40,3.4,3.4,49.0,converted
30105065,T value,t,3.15,3.15,3.15,49.0,converted
30105065,T value,t,9.26,9.26,9.26,49.0,converted
30105065,T value,t,5.71,5.71,5.71,49.0,converted
30105065,T value,t,5.36,5.36,5.36,49.0,converted
30105065,T value,t,4.85,4.85,4.85,49.0,converted
30105065,T value,t,4.80,4.8,4.8,49.0,converted
30105065,T value,t,4.50,4.5,4.5,49.0,converted
30105065,T value,t,7.04,7.04,7.04,49.0,converted
30105065,T value,t,5.95,5.95,5.95,49.0,converted
30105065,T value,t,5.80,5.8,5.8,49.0,converted
30105065,T value,t,5.44,5.44,5.44,49.0,converted
30105065,T value,t,5.18,5.18,5.18,49.0,converted
30105065,T value,t,4.88,4.88,4.88,49.0,converted
30105065,T value,t,4.83,4.83,4.83,49.0,converted
30105065,T value,t,4.05,4.05,4.05,49.0,converted
30105065,T value,t,3.34,3.34,3.34,49.0,converted
30105065,T value,t,3.88,3.88,3.88,49.0,converted
25525442,t-value,t,5.54,5.54,5.54,31.0,converted
25525442,t-value,t,5.39,5.39,5.39,31.0,converted
25525442,t-value,t,4.53,4.53,4.53,31.0,converted
25525442,t-value,t,4.55,4.55,4.55,31.0,converted
25525442,t-value,t,4.29,4.29,4.29,31.0,converted
25525442,t-value,t,4.19,4.19,4.19,31.0,converted
25525442,t-value,t,4.77,4.77,4.77,31.0,converted
25525442,t-value,t,4.26,4.26,4.26,31.0,converted
25525442,t-value,t,3.35,3.35,3.35,31.0,converted
25525442,t-value,t,4.06,4.06,4.06,31.0,converted
25525442,t-value,t,3.88,3.88,3.88,31.0,converted
25525442,t-value,t,4.34,4.34,4.34,31.0,converted
25525442,t-value,t,4.47,4.47,4.47,31.0,converted
25525442,t-value,t,3.66,3.66,3.66,31.0,converted
24821143,Peak z Value,z,3.81,3.81,4.326113765524929,34.0,converted
24821143,Peak z Value,z,4.21,4.21,4.913647568448572,34.0,converted
24821143,Peak z Value,z,4.43,4.43,5.256432759137536,34.0,converted
24821143,Peak z Value,z,4.16,4.16,4.8377803085177575,34.0,converted
24821143,Peak z Value,z,4.69,4.69,5.681823282194285,34.0,converted
24821143,Peak z Value,z,4.17,4.17,4.852895510371196,34.0,converted
24821143,Peak z Value,z,3.99,3.99,4.585144517397602,34.0,converted
24821143,Peak z Value,z,4.34,4.34,5.114391569890953,34.0,converted
24821143,Peak z Value,z,4.05,4.05,4.673393230884039,34.0,converted
24821143,Peak z Value,z,4.42,4.42,5.240522969091734,34.0,converted
24821143,Peak z Value,z,3.80,3.8,4.311965847808561,34.0,converted
24821143,Peak z Value,z,3.54,3.54,3.9525339790132903,34.0,converted
24821143,Peak z Value,z,3.97,3.97,4.555944717220221,34.0,converted
24821143,Peak z Value,z,4.41,4.41,5.224645344926244,34.0,converted
24821143,Peak z Value,z,3.93,3.93,4.497864364072614,34.0,converted
24821143,Peak z Value,z,4.59,4.59,5.515473912903285,34.0,converted
24821143,Peak z Value,z,3.61,3.61,4.047754964447563,34.0,converted
24821143,Peak z Value,z,4.08,4.08,4.717888481359089,34.0,converted
24821143,Peak z Value,z,3.84,3.84,4.368707558296225,34.0,converted
40995472,F-value,F,6.2024,6.2024,2.490461804565571,46.0,converted
40995472,F-value,F,9.6608,9.6608,3.108182748809986,46.0,converted
40995472,F-value,F,8.6439,8.6439,2.94005101996547,46.0,converted
40995472,F-value,F,10.8782,10.8782,3.298211636629766,46.0,converted
40995472,F-value,F,8.1561,8.1561,2.855888653291651,46.0,converted
40995472,F-value,F,6.9088,6.9088,2.628459624951466,46.0,converted
40995472,F,F,6.2024,6.2024,2.490461804565571,46.0,converted
40995472,F,F,9.6608,9.6608,3.108182748809986,46.0,converted
40995472,F,F,8.6439,8.6439,2.94005101996547,46.0,converted
40995472,F,F,10.8782,10.8782,3.298211636629766,46.0,converted
40995472,F,F,8.1561,8.1561,2.855888653291651,46.0,converted
40995472,F,F,6.9088,6.9088,2.628459624951466,46.0,converted
26211895,z-score (cluster peak),z,8.36,8.36,114.60911991462434,12.0,converted
26211895,z-score (cluster peak),z,7.57,7.57,60.44620261118102,12.0,converted
26211895,z-score (cluster peak),z,7.45,7.45,55.137807873769674,12.0,converted
26211895,z-score (cluster peak),z,6.61,6.61,30.092239912206562,12.0,converted
26211895,z-score (cluster peak),z,5.13,5.13,12.010524389478931,12.0,converted
26211895,z-score (cluster peak),z,5.06,5.06,11.54674708184499,12.0,converted
26211895,z-score (cluster peak),z,4.97,4.97,10.981678639298032,12.0,converted
26211895,Z,z,8.36,8.36,114.60911991462434,12.0,converted
26211895,Z,z,7.57,7.57,60.44620261118102,12.0,converted
26211895,Z,z,7.45,7.45,55.137807873769674,12.0,converted
26211895,Z,z,6.61,6.61,30.092239912206562,12.0,converted
26211895,Z,z,5.13,5.13,12.010524389478931,12.0,converted
26211895,Z,z,5.06,5.06,11.54674708184499,12.0,converted
26211895,Z,z,4.97,4.97,10.981678639298032,12.0,converted
26211895,Z,z,6.25,6.25,23.67352682946348,12.0,converted
26211895,Z,z,5.83,5.83,18.146022556432683,12.0,converted
26211895,Z,z,5.78,5.78,17.597468296914123,12.0,converted
26211895,Z,z,5.68,5.68,16.559364591289302,12.0,converted
26211895,Z,z,5.22,5.22,12.640234365290944,12.0,converted
26211895,Z,z,4.9,4.9,10.564989108405456,12.0,converted
26211895,Z,z,4.33,4.33,7.7865132676917295,12.0,converted
26211895,Z,z,4.26,4.26,7.507859133011705,12.0,converted
26211895,Z,z,3.86,3.86,6.1152681923954155,12.0,converted
26211895,Z,z,3.81,3.81,5.962121603477212,12.0,converted
26211895,Z,z,3.46,3.46,4.996421975811312,12.0,converted
26211895,Z,z,3.05,3.05,4.059495332143139,12.0,converted
23840533,t,t,6.23,6.23,6.23,18.0,converted
23840533,t,t,8.48,8.48,8.48,18.0,converted
23840533,t,t,6.38,6.38,6.38,18.0,converted
23840533,t,t,6.81,6.81,6.81,18.0,converted
23840533,t,t,4.68,4.68,4.68,18.0,converted
23840533,t,t,6.52,6.52,6.52,18.0,converted
23840533,t,t,6.64,6.64,6.64,18.0,converted
23840533,t,t,7.87,7.87,7.87,18.0,converted
23840533,t,t,5.26,5.26,5.26,18.0,converted
23840533,t,t,6.01,6.01,6.01,18.0,converted
23840533,t,t,5.00,5.0,5.0,18.0,converted
23840533,t,t,5.52,5.52,5.52,18.0,converted
23840533,t,t,5.07,5.07,5.07,18.0,converted
23840533,t,t,5.73,5.73,5.73,18.0,converted
23840533,t,t,4.69,4.69,4.69,18.0,converted
23840533,t,t,6.36,6.36,6.36,18.0,converted
23840533,t,t,5.27,5.27,5.27,18.0,converted
23840533,t,t,-5.82,-5.82,-5.82,18.0,converted
23840533,t,t,-5.37,-5.37,-5.37,18.0,converted
23840533,t,t,-5.45,-5.45,-5.45,18.0,converted
23840533,t,t,6.23,6.23,6.23,18.0,converted
23840533,t,t,8.48,8.48,8.48,18.0,converted
23840533,t,t,6.38,6.38,6.38,18.0,converted
23840533,t,t,6.81,6.81,6.81,18.0,converted
23840533,t,t,4.68,4.68,4.68,18.0,converted
23840533,t,t,6.52,6.52,6.52,18.0,converted
23840533,t,t,6.64,6.64,6.64,18.0,converted
23840533,t,t,7.87,7.87,7.87,18.0,converted
23840533,t,t,5.26,5.26,5.26,18.0,converted
23840533,t,t,6.01,6.01,6.01,18.0,converted
23840533,t,t,5.0,5.0,5.0,18.0,converted
23840533,t,t,5.52,5.52,5.52,18.0,converted
23840533,t,t,5.07,5.07,5.07,18.0,converted
23840533,t,t,5.73,5.73,5.73,18.0,converted
23840533,t,t,4.69,4.69,4.69,18.0,converted
23840533,t,t,6.36,6.36,6.36,18.0,converted
23840533,t,t,5.27,5.27,5.27,18.0,converted
24915066,t value,t,3.47,3.47,3.47,40.0,converted
24915066,t value,t,3.69,3.69,3.69,40.0,converted
24915066,t value,t,-4.43,-4.43,-4.43,40.0,converted
24915066,t,t,3.47,3.47,3.47,40.0,converted
24915066,t,t,3.69,3.69,3.69,40.0,converted
24915066,t,t,3.47,3.47,3.47,40.0,converted
24915066,t,t,-4.43,-4.43,-4.43,40.0,converted
24915066,t,t,3.69,3.69,3.69,40.0,converted
27688791,Peak intensity (t-value),t,-5.4482,-5.4482,-5.4482,28.0,converted
27688791,Peak intensity (t-value),t,-5.5452,-5.5452,-5.5452,28.0,converted
27688791,Peak intensity (t-value),t,-5.256,-5.256,-5.256,28.0,converted
27688791,Peak intensity (t-value),t,-5.9429,-5.9429,-5.9429,28.0,converted
27688791,Peak intensity (t-value),t,-5.1067,-5.1067,-5.1067,28.0,converted
27688791,Peak intensity (t-value),t,-4.683,-4.683,-4.683,28.0,converted
27688791,t,t,-5.4482,-5.4482,-5.4482,28.0,converted
27688791,t,t,-5.5452,-5.5452,-5.5452,28.0,converted
27688791,t,t,-5.256,-5.256,-5.256,28.0,converted
27688791,t,t,-5.9429,-5.9429,-5.9429,28.0,converted
27688791,t,t,-5.1067,-5.1067,-5.1067,28.0,converted
27688791,t,t,-4.683,-4.683,-4.683,28.0,converted
27688791,t,t,-5.4482,-5.4482,-5.4482,28.0,converted
27688791,t,t,-5.5452,-5.5452,-5.5452,28.0,converted
27688791,t,t,-5.256,-5.256,-5.256,28.0,converted
27688791,t,t,-5.9429,-5.9429,-5.9429,28.0,converted
27688791,t,t,-5.1067,-5.1067,-5.1067,28.0,converted
27688791,t,t,-4.683,-4.683,-4.683,28.0,converted
28334999,Z,z,3.21,3.21,3.360066074830877,65.0,converted
28334999,Z,z,4.19,4.19,4.519612967155114,65.0,converted
28334999,Z,z,3.57,3.57,3.77463063979332,65.0,converted
28334999,Z,z,3.5,3.5,3.6930683096465584,65.0,converted
28334999,Z,z,3.38,3.38,3.5543392205585476,65.0,converted
28334999,Z,z,3.33,3.33,3.4969308134265753,65.0,converted
28334999,Z,z,3.05,3.05,3.1795082250247266,65.0,converted
28334999,Z,z,3.02,3.02,3.1458893620020465,65.0,converted
28334999,Z,z,2.98,2.98,3.101176555766872,65.0,converted
28334999,Z,z,2.96,2.96,3.0788677273046345,65.0,converted
28334999,Z,z,2.86,2.86,2.9677892289447474,65.0,converted
28334999,Z,z,2.81,2.81,2.912534358534572,65.0,converted
28334999,Z,z,3.54,3.54,3.7396167626533874,65.0,converted
28334999,Z,z,3.43,3.43,3.611978203004525,65.0,converted
28334999,Z,z,3.28,3.28,3.439748738268492,65.0,converted
28334999,Z,z,3.21,3.21,3.360066074830877,65.0,converted
28334999,Z,z,3.12,3.12,3.258238335804856,65.0,converted
28334999,Z,z,4.36,4.36,4.7316992326008736,65.0,converted
28334999,Z,z,4.28,4.28,4.631441155986888,65.0,converted
28334999,Z,z,4.22,4.22,4.556777556822146,65.0,converted
28334999,Z,z,4.03,4.03,4.3232335313380155,65.0,converted
28334999,Z,z,4.0,4.0,4.286747553613781,65.0,converted
28334999,Z,z,3.94,3.94,4.21408434581919,65.0,converted
28334999,Z,z,3.6,3.6,3.8097334642528784,65.0,converted
28334999,Z,z,3.52,3.52,3.71632312232602,65.0,converted
28334999,Z,z,3.39,3.39,3.5658484345247112,65.0,converted
28334999,Z,z,3.05,3.05,3.1795082250247266,65.0,converted
28334999,Z,z,3.04,3.04,3.168293848859334,65.0,converted
34671239,Peak t value,t,4.22,4.22,4.22,50.0,converted
34671239,Peak t value,t,3.15,3.15,3.15,50.0,converted
34671239,Peak t value,t,3.70,3.7,3.7,50.0,converted
34671239,t,t,4.22,4.22,4.22,50.0,converted
34671239,t,t,3.15,3.15,3.15,50.0,converted
34671239,t,t,3.7,3.7,3.7,50.0,converted
34671239,t,t,4.22,4.22,4.22,50.0,converted
34671239,t,t,3.15,3.15,3.15,50.0,converted
34671239,t,t,3.7,3.7,3.7,50.0,converted
26467429,peak intensity,t,4.6955,4.6955,4.6955,30.0,converted
26467429,peak intensity,t,4.4098,4.4098,4.4098,30.0,converted
26467429,peak intensity,t,-3.9934,-3.9934,-3.9934,30.0,converted
26467429,peak intensity,t,-4.0215,-4.0215,-4.0215,30.0,converted
26467429,peak intensity,t,-4.1024,-4.1024,-4.1024,30.0,converted
26467429,peak intensity,t,5.9415,5.9415,5.9415,30.0,converted
26467429,peak intensity,t,-4.7741,-4.7741,-4.7741,30.0,converted
26467429,peak intensity,t,-4.9814,-4.9814,-4.9814,30.0,converted
26467429,peak intensity,t,-3.936,-3.936,-3.936,30.0,converted
26467429,peak intensity,t,4.1131,4.1131,4.1131,30.0,converted
26467429,peak intensity,t,-5.4515,-5.4515,-5.4515,30.0,converted
26467429,peak intensity,t,-5.1418,-5.1418,-5.1418,30.0,converted
24734108,t,t,5.64,5.64,5.64,17.0,converted
24734108,t,t,4.13,4.13,4.13,17.0,converted
24734108,t,t,5.87,5.87,5.87,17.0,converted
24734108,t,t,5.36,5.36,5.36,17.0,converted
24734108,t,t,4.79,4.79,4.79,17.0,converted
24734108,t,t,3.36,3.36,3.36,17.0,converted
24734108,t,t,3.51,3.51,3.51,17.0,converted
24734108,t,t,4.99,4.99,4.99,17.0,converted
24734108,t,t,3.99,3.99,3.99,17.0,converted
40584525,T,t,-5.2059,-5.2059,-5.2059,91.0,converted
40584525,T,t,-4.1024,-4.1024,-4.1024,91.0,converted
40584525,T,t,-5.0104,-5.0104,-5.0104,91.0,converted
40584525,T,t,-8.0401,-8.0401,-8.0401,91.0,converted
24963329,T,t,4.5274,4.5274,4.5274,15.0,converted
24963329,T,t,-6.5548,-6.5548,-6.5548,15.0,converted
24963329,T,t,-5.514,-5.514,-5.514,15.0,converted
24963329,T,t,5.3984,5.3984,5.3984,15.0,converted
24963329,T,t,5.4237,5.4237,5.4237,15.0,converted
24963329,t,t,not_reported,,,15.0,failed
24963329,t,t,-6.5548,-6.5548,-6.5548,15.0,converted
24963329,t,t,-5.514,-5.514,-5.514,15.0,converted
24963329,t,t,5.3984,5.3984,5.3984,15.0,converted
24963329,t,t,5.4237,5.4237,5.4237,15.0,converted
24963329,t,t,4.5274,4.5274,4.5274,15.0,converted
34431029,t,t,4.6955,4.6955,4.6955,20.0,converted
34431029,t,t,4.4098,4.4098,4.4098,20.0,converted
34431029,t,t,5.9415,5.9415,5.9415,20.0,converted
34431029,t,t,4.1131,4.1131,4.1131,20.0,converted
40772121,t,t,3.00,3.0,3.0,60.0,converted
40772121,t,t,2.77,2.77,2.77,60.0,converted
40772121,t,t,3.0,3.0,3.0,60.0,converted
40772121,t,t,2.77,2.77,2.77,60.0,converted
27812501,Z-value,z,3.53,3.53,3.91272316828856,36.0,converted
27812501,Z,z,3.53,3.53,3.91272316828856,36.0,converted
32807158,t-value,t,4.63,4.63,4.63,45.0,converted
32807158,t-value,t,5.38,5.38,5.38,45.0,converted
32807158,t-value,t,4.16,4.16,4.16,45.0,converted
32807158,t-value,t,4.49,4.49,4.49,45.0,converted
32807158,t-value,t,4.44,4.44,4.44,45.0,converted
32807158,t-value,t,5.09,5.09,5.09,45.0,converted
32807158,t,t,4.63,4.63,4.63,45.0,converted
32807158,t,t,5.38,5.38,5.38,45.0,converted
32807158,t,t,4.16,4.16,4.16,45.0,converted
32807158,t,t,4.49,4.49,4.49,45.0,converted
32807158,t,t,4.44,4.44,4.44,45.0,converted
32807158,t,t,5.09,5.09,5.09,45.0,converted
39543627,Peak Z Score,z,6.11,6.11,7.173299412281835,65.0,converted
39543627,Peak Z Score,z,4.93,4.93,5.471286817997955,65.0,converted
39543627,Peak Z Score,z,5.04,5.04,5.619536489129125,65.0,converted
39543627,Z,z,6.11,6.11,7.173299412281835,65.0,converted
39543627,Z,z,4.93,4.93,5.471286817997955,65.0,converted
39543627,Z,z,5.04,5.04,5.619536489129125,65.0,converted
39543627,Z,z,-4.53,-4.53,-4.9475206729656716,65.0,converted
25741269,T-value,t,−7.12,-7.12,-7.12,45.0,converted
25741269,T-value,t,−8.11,-8.11,-8.11,45.0,converted
25741269,T-value,t,6.59,6.59,6.59,45.0,converted
25741269,T-value,t,−8.11,-8.11,-8.11,45.0,converted
25741269,T-value,t,6.85,6.85,6.85,45.0,converted
25741269,t,t,-7.12,-7.12,-7.12,45.0,converted
25741269,t,t,-8.11,-8.11,-8.11,45.0,converted
25741269,t,t,6.59,6.59,6.59,45.0,converted
25741269,t,t,-8.11,-8.11,-8.11,45.0,converted
25741269,t,t,6.85,6.85,6.85,45.0,converted
35832324,T Value,t,4.9968,4.9968,4.9968,24.0,converted
35832324,T Value,t,5.1529,5.1529,5.1529,24.0,converted
35832324,t,t,4.9968,4.9968,4.9968,24.0,converted
35832324,t,t,5.1529,5.1529,5.1529,24.0,converted
35832324,t,t,-3.7076,-3.7076,-3.7076,24.0,converted
35832324,t,t,4.9968,4.9968,4.9968,24.0,converted
35832324,t,t,5.1529,5.1529,5.1529,24.0,converted
36051643,Z-score,z,3.66,3.66,4.116454795798531,34.0,converted
36051643,Z,z,3.66,3.66,4.116454795798531,34.0,converted
36051643,Z,z,3.66,3.66,4.116454795798531,34.0,converted
16407533,Z score,z,3.21,3.21,3.9956402486375366,16.0,converted
16407533,Z score,z,4.19,4.19,6.090040156726988,16.0,converted
16407533,Z score,z,3.57,3.57,4.676095649878726,16.0,converted
16407533,Z score,z,3.50,3.5,4.536820607225636,16.0,converted
16407533,Z score,z,3.38,3.38,4.306157644550633,16.0,converted
16407533,Z score,z,3.33,3.33,4.21291972279976,16.0,converted
16407533,Z score,z,3.05,3.05,3.719255744312318,16.0,converted
16407533,Z score,z,3.02,3.02,3.669022778000462,16.0,converted
16407533,Z score,z,2.98,2.98,3.6027895294896215,16.0,converted
16407533,Z score,z,2.96,2.96,3.56998586789041,16.0,converted
16407533,Z score,z,2.86,2.86,3.4089949633376997,16.0,converted
16407533,Z score,z,2.81,2.81,3.330325791190202,16.0,converted
16407533,Z score,z,3.54,3.54,4.6159661427209,16.0,converted
16407533,Z score,z,3.43,3.43,4.401060272023369,16.0,converted
16407533,Z score,z,3.28,3.28,4.121295762016606,16.0,converted
16407533,Z score,z,3.21,3.21,3.9956402486375366,16.0,converted
16407533,Z score,z,3.12,3.12,3.8383810229391644,16.0,converted
16407533,Z score,z,4.36,4.36,6.545492931485406,16.0,converted
16407533,Z score,z,4.28,4.28,6.32697086408494,16.0,converted
16407533,Z score,z,4.22,4.22,6.16799976698551,16.0,converted
16407533,Z score,z,4.03,4.03,5.690564357040824,16.0,converted
16407533,Z score,z,4,4.0,5.618583148662343,16.0,converted
16407533,Z score,z,3.94,3.94,5.477246277436835,16.0,converted
16407533,Z score,z,3.60,3.6,4.7368992279953845,16.0,converted
16407533,Z score,z,3.52,3.52,4.5762481510651964,16.0,converted
16407533,Z score,z,3.39,3.39,4.325003342194958,16.0,converted
16407533,Z score,z,3.05,3.05,3.719255744312318,16.0,converted
16407533,Z score,z,3.04,3.04,3.7024576119006025,16.0,converted
16407533,Z,z,3.21,3.21,3.9956402486375366,16.0,converted
16407533,Z,z,4.19,4.19,6.090040156726988,16.0,converted
16407533,Z,z,3.57,3.57,4.676095649878726,16.0,converted
16407533,Z,z,3.5,3.5,4.536820607225636,16.0,converted
16407533,Z,z,3.38,3.38,4.306157644550633,16.0,converted
16407533,Z,z,3.33,3.33,4.21291972279976,16.0,converted
16407533,Z,z,3.05,3.05,3.719255744312318,16.0,converted
16407533,Z,z,3.02,3.02,3.669022778000462,16.0,converted
16407533,Z,z,2.98,2.98,3.6027895294896215,16.0,converted
16407533,Z,z,2.96,2.96,3.56998586789041,16.0,converted
16407533,Z,z,2.86,2.86,3.4089949633376997,16.0,converted
16407533,Z,z,2.81,2.81,3.330325791190202,16.0,converted
16407533,Z,z,3.54,3.54,4.6159661427209,16.0,converted
16407533,Z,z,3.43,3.43,4.401060272023369,16.0,converted
16407533,Z,z,3.28,3.28,4.121295762016606,16.0,converted
16407533,Z,z,3.21,3.21,3.9956402486375366,16.0,converted
16407533,Z,z,3.12,3.12,3.8383810229391644,16.0,converted
16407533,Z,z,4.36,4.36,6.545492931485406,16.0,converted
16407533,Z,z,4.28,4.28,6.32697086408494,16.0,converted
16407533,Z,z,4.22,4.22,6.16799976698551,16.0,converted
16407533,Z,z,4.03,4.03,5.690564357040824,16.0,converted
16407533,Z,z,4.0,4.0,5.618583148662343,16.0,converted
16407533,Z,z,3.94,3.94,5.477246277436835,16.0,converted
16407533,Z,z,3.6,3.6,4.7368992279953845,16.0,converted
16407533,Z,z,3.52,3.52,4.5762481510651964,16.0,converted
16407533,Z,z,3.39,3.39,4.325003342194958,16.0,converted
16407533,Z,z,3.05,3.05,3.719255744312318,16.0,converted
16407533,Z,z,3.04,3.04,3.7024576119006025,16.0,converted
16407533,NR,unknown,not_reported,,,16.0,failed
16407533,NR,unknown,not_reported,,,16.0,failed
42131703,T-value,t,4.362,4.362,4.362,98.0,converted
24915066,t value,t,3.52,3.52,3.52,40.0,converted
24915066,t value,t,3.86,3.86,3.86,40.0,converted
24915066,t value,t,-3.78,-3.78,-3.78,40.0,converted
24915066,t value,t,-3.78,-3.78,-3.78,40.0,converted
24915066,t value,t,-3.84,-3.84,-3.84,40.0,converted
24915066,t value,t,3.26,3.26,3.26,40.0,converted
24915066,t value,t,4.04,4.04,4.04,40.0,converted
24915066,t value,t,3.95,3.95,3.95,40.0,converted
24915066,t value,t,2.89,2.89,2.89,40.0,converted
24915066,t value,t,3.05,3.05,3.05,40.0,converted
24915066,t value,t,3.34,3.34,3.34,40.0,converted
24915066,t value,t,-3.37,-3.37,-3.37,40.0,converted
24915066,t value,t,-4.47,-4.47,-4.47,40.0,converted
24915066,t value,t,not_reported,,,40.0,failed
24915066,t value,t,2.9,2.9,2.9,40.0,converted
24915066,t value,t,3.78,3.78,3.78,40.0,converted
24915066,t value,t,4.76,4.76,4.76,40.0,converted
24915066,t value,t,5.38,5.38,5.38,40.0,converted
24915066,t value,t,3.56,3.56,3.56,40.0,converted
24915066,t value,t,4.2,4.2,4.2,40.0,converted
24915066,t value,t,-3.29,-3.29,-3.29,40.0,converted
24915066,t value,t,3.71,3.71,3.71,40.0,converted
24915066,t value,t,3.94,3.94,3.94,40.0,converted
24915066,t value,t,2.84,2.84,2.84,40.0,converted
24915066,t value,t,3.55,3.55,3.55,40.0,converted
24915066,t value,t,-3.94,-3.94,-3.94,40.0,converted
24915066,t value,t,-4.21,-4.21,-4.21,40.0,converted
24915066,t value,t,-3.67,-3.67,-3.67,40.0,converted
24915066,t value,t,-3.11,-3.11,-3.11,40.0,converted
24915066,t value,t,-3.72,-3.72,-3.72,40.0,converted
24915066,t value,t,-4.58,-4.58,-4.58,40.0,converted
24915066,t value,t,3.89,3.89,3.89,40.0,converted
24915066,t value,t,3.61,3.61,3.61,40.0,converted
24915066,t value,t,3.96,3.96,3.96,40.0,converted
24915066,t,t,3.52,3.52,3.52,40.0,converted
24915066,t,t,3.86,3.86,3.86,40.0,converted
24915066,t,t,3.26,3.26,3.26,40.0,converted
24915066,t,t,4.04,4.04,4.04,40.0,converted
24915066,t,t,3.95,3.95,3.95,40.0,converted
24915066,t,t,2.89,2.89,2.89,40.0,converted
24915066,t,t,3.05,3.05,3.05,40.0,converted
24915066,t,t,3.34,3.34,3.34,40.0,converted
24915066,t,t,2.9,2.9,2.9,40.0,converted
24915066,t,t,3.78,3.78,3.78,40.0,converted
24915066,t,t,4.76,4.76,4.76,40.0,converted
24915066,t,t,5.38,5.38,5.38,40.0,converted
24915066,t,t,3.71,3.71,3.71,40.0,converted
24915066,t,t,3.94,3.94,3.94,40.0,converted
24915066,t,t,2.84,2.84,2.84,40.0,converted
24915066,t,t,3.55,3.55,3.55,40.0,converted
24915066,t,t,3.89,3.89,3.89,40.0,converted
24915066,t,t,3.61,3.61,3.61,40.0,converted
24915066,t,t,3.96,3.96,3.96,40.0,converted
30719061,T value (peak intensity),t,-5.251,-5.251,-5.251,30.0,converted
30719061,T value (peak intensity),t,6.5749,6.5749,6.5749,30.0,converted
30719061,T value (peak intensity),t,5.1571,5.1571,5.1571,30.0,converted
30719061,T value (peak intensity),t,7.2998,7.2998,7.2998,30.0,converted
30719061,t,t,6.5749,6.5749,6.5749,30.0,converted
30719061,t,t,-5.5874,-5.5874,-5.5874,30.0,converted
30719061,t,t,5.1571,5.1571,5.1571,30.0,converted
30719061,t,t,7.2998,7.2998,7.2998,30.0,converted
28480365,Peak intensity (t-value),t,-4.3844,-4.3844,-4.3844,45.0,converted
28480365,Peak intensity (t-value),t,-4.0361,-4.0361,-4.0361,45.0,converted
28480365,Peak intensity (t-value),t,-5.7516,-5.7516,-5.7516,45.0,converted
28480365,Peak intensity (t-value),t,-3.7757,-3.7757,-3.7757,45.0,converted
27688791,Peak intensity (t-value),t,-5.5292,-5.5292,-5.5292,28.0,converted
27688791,Peak intensity (t-value),t,5.7772,5.7772,5.7772,28.0,converted
27688791,Peak intensity (t-value),t,5.1657,5.1657,5.1657,28.0,converted
27688791,Peak intensity (t-value),t,4.6882,4.6882,4.6882,28.0,converted
27688791,Peak intensity (t-value),t,-5.2389,-5.2389,-5.2389,28.0,converted
27688791,Peak intensity (t-value),t,5.4445,5.4445,5.4445,28.0,converted
27688791,Peak intensity (t-value),t,-5.64,-5.64,-5.64,28.0,converted
27688791,Peak intensity (t-value),t,5.253,5.253,5.253,28.0,converted
27688791,Peak intensity (t-value),t,4.5799,4.5799,4.5799,28.0,converted
27688791,Peak intensity (t-value),t,6.6073,6.6073,6.6073,28.0,converted
27688791,Peak intensity (t-value),t,6.1613,6.1613,6.1613,28.0,converted
27688791,Peak intensity (t-value),t,8.8247,8.8247,8.8247,28.0,converted
27688791,Peak intensity (t-value),t,8.7245,8.7245,8.7245,28.0,converted
27688791,Peak intensity (t-value),t,5.4087,5.4087,5.4087,28.0,converted
27688791,Peak intensity (t-value),t,5.045,5.045,5.045,28.0,converted
27688791,Peak intensity (t-value),t,6.5397,6.5397,6.5397,28.0,converted
27688791,Peak intensity (t-value),t,6.8551,6.8551,6.8551,28.0,converted
27688791,Peak intensity (t-value),t,5.2198,5.2198,5.2198,28.0,converted
27688791,Peak intensity (t-value),t,5.0709,5.0709,5.0709,28.0,converted
27688791,t,t,-5.5292,-5.5292,-5.5292,28.0,converted
27688791,t,t,5.7772,5.7772,5.7772,28.0,converted
27688791,t,t,5.1657,5.1657,5.1657,28.0,converted
27688791,t,t,4.6882,4.6882,4.6882,28.0,converted
27688791,t,t,-5.2389,-5.2389,-5.2389,28.0,converted
27688791,t,t,5.4445,5.4445,5.4445,28.0,converted
27688791,t,t,-5.64,-5.64,-5.64,28.0,converted
27688791,t,t,5.253,5.253,5.253,28.0,converted
27688791,t,t,4.5799,4.5799,4.5799,28.0,converted
27688791,t,t,6.6073,6.6073,6.6073,28.0,converted
27688791,t,t,6.1613,6.1613,6.1613,28.0,converted
27688791,t,t,8.8247,8.8247,8.8247,28.0,converted
27688791,t,t,8.7245,8.7245,8.7245,28.0,converted
27688791,t,t,5.4087,5.4087,5.4087,28.0,converted
27688791,t,t,5.045,5.045,5.045,28.0,converted
27688791,t,t,6.5397,6.5397,6.5397,28.0,converted
27688791,t,t,6.8551,6.8551,6.8551,28.0,converted
27688791,t,t,5.2198,5.2198,5.2198,28.0,converted
27688791,t,t,5.0709,5.0709,5.0709,28.0,converted
29563830,t,t,5.3138,5.3138,5.3138,20.0,converted
29563830,t,t,4.9075,4.9075,4.9075,20.0,converted
29563830,t,t,4.3645,4.3645,4.3645,20.0,converted
29563830,t,t,-5.4010,-5.401,-5.401,20.0,converted
29563830,t,t,-5.2592,-5.2592,-5.2592,20.0,converted
29563830,t,t,-4.6164,-4.6164,-4.6164,20.0,converted
29563830,t,t,4.8663,4.8663,4.8663,20.0,converted
29563830,t,t,-6.4421,-6.4421,-6.4421,20.0,converted
29563830,t,t,-6.7245,-6.7245,-6.7245,20.0,converted
29563830,t,t,-5.1631,-5.1631,-5.1631,20.0,converted
29563830,t,t,5.3138,5.3138,5.3138,20.0,converted
29563830,t,t,4.9075,4.9075,4.9075,20.0,converted
29563830,t,t,4.3645,4.3645,4.3645,20.0,converted
29563830,t,t,4.8663,4.8663,4.8663,20.0,converted
33776442,mean difference ReHo value,unknown,0.712±0.123,0.712,,20.0,failed
33776442,mean difference ReHo value,unknown,0.638±0.123,0.638,,20.0,failed
33776442,mean difference ReHo value,unknown,0.565±0.097,0.565,,20.0,failed
33776442,NR,unknown,not_reported,,,20.0,failed
33776442,NR,unknown,not_reported,,,20.0,failed
33776442,NR,unknown,not_reported,,,20.0,failed
33776442,NR,unknown,not_reported,,,20.0,failed
33776442,NR,unknown,not_reported,,,20.0,failed
33776442,NR,unknown,not_reported,,,20.0,failed
33776442,NR,unknown,not_reported,,,20.0,failed
33776442,NR,unknown,not_reported,,,20.0,failed
34671239,Peak t value,t,3.75,3.75,3.75,50.0,converted
34671239,Peak t value,t,4.67,4.67,4.67,50.0,converted
34671239,Peak t value,t,6.62,6.62,6.62,50.0,converted
34671239,Peak t value,t,3.47,3.47,3.47,50.0,converted
34671239,t,t,3.75,3.75,3.75,50.0,converted
34671239,t,t,-4.84,-4.84,-4.84,50.0,converted
34671239,t,t,-3.98,-3.98,-3.98,50.0,converted
34671239,t,t,4.67,4.67,4.67,50.0,converted
34671239,t,t,6.62,6.62,6.62,50.0,converted
34671239,t,t,3.47,3.47,3.47,50.0,converted
34671239,t,t,-3.25,-3.25,-3.25,50.0,converted
34671239,t,t,3.75,3.75,3.75,50.0,converted
34671239,t,t,-4.84,-4.84,-4.84,50.0,converted
34671239,t,t,-3.98,-3.98,-3.98,50.0,converted
29763448,Maximum Z,z,6.12,6.12,9.30191999692709,28.0,converted
36530635,T-value (Peak intensity),t,-6.185,-6.185,-6.185,52.0,converted
36530635,T-value (Peak intensity),t,-4.976,-4.976,-4.976,52.0,converted
24734113,t-value,t,5.84,5.84,5.84,18.0,converted
24734113,t-value,t,6.07,6.07,6.07,18.0,converted
24734113,t-value,t,6.45,6.45,6.45,18.0,converted
24734113,t-value,t,5.63,5.63,5.63,18.0,converted
36890655,Z,z,4.98,4.98,5.161034811247801,185.0,converted
36890655,Z,z,4.64,4.64,4.7867352362105065,185.0,converted
36890655,Z,z,3.95,3.95,4.041423496945957,185.0,converted
36890655,Z,z,4.98,4.98,5.161034811247801,185.0,converted
36890655,Z,z,4.64,4.64,4.7867352362105065,185.0,converted
36890655,Z,z,3.95,3.95,4.041423496945957,185.0,converted
36890655,Z,z,4.98,4.98,5.161034811247801,185.0,converted
36890655,Z,z,4.64,4.64,4.7867352362105065,185.0,converted
36890655,Z,z,3.95,3.95,4.041423496945957,185.0,converted
36890655,Z,z,4.98,4.98,5.161034811247801,185.0,converted
36890655,Z,z,4.64,4.64,4.7867352362105065,185.0,converted
36890655,Z,z,3.95,3.95,4.041423496945957,185.0,converted
26467429,peak intensity,t,4.1072,4.1072,4.1072,30.0,converted
26467429,peak intensity,t,4.437,4.437,4.437,30.0,converted
26467429,peak intensity,t,4.7063,4.7063,4.7063,30.0,converted
26467429,peak intensity,t,6.0951,6.0951,6.0951,30.0,converted
26467429,peak intensity,t,-7.4947,-7.4947,-7.4947,30.0,converted
38249582,T-value,t,-29.98,-29.98,-29.98,30.0,converted
38249582,T-value,t,35.41,35.41,35.41,30.0,converted
38249582,T-value,t,11.52,11.52,11.52,30.0,converted
38249582,t,t,-29.98,-29.98,-29.98,30.0,converted
38249582,t,t,35.41,35.41,35.41,30.0,converted
38249582,t,t,11.52,11.52,11.52,30.0,converted
40881782,t,t,−16.12,-16.12,-16.12,97.0,converted
40881782,t,t,−14.79,-14.79,-14.79,97.0,converted
22291848,T,t,4.8,4.8,4.8,21.0,converted
22291848,T,t,5.9,5.9,5.9,21.0,converted
22291848,T,t,4.3,4.3,4.3,21.0,converted
22291848,T,t,5.32,5.32,5.32,21.0,converted
22291848,T,t,2.8,2.8,2.8,21.0,converted
22291848,T,t,3,3.0,3.0,21.0,converted
22291848,T,t,2.1,2.1,2.1,21.0,converted
22291848,T,t,2.76,2.76,2.76,21.0,converted
22291848,T,t,3.5,3.5,3.5,21.0,converted
22291848,T,t,2.01,2.01,2.01,21.0,converted
22291848,T,t,2.14,2.14,2.14,21.0,converted
22291848,T,t,1.88,1.88,1.88,21.0,converted
22291848,T,t,2.8,2.8,2.8,21.0,converted
22291848,T,t,2.67,2.67,2.67,21.0,converted
22291848,T,t,2.7,2.7,2.7,21.0,converted
22291848,T,t,3.7,3.7,3.7,21.0,converted
22291848,T,t,4.5,4.5,4.5,21.0,converted
22291848,T,t,3.32,3.32,3.32,21.0,converted
22291848,T,t,3.09,3.09,3.09,21.0,converted
22291848,T,t,3.8,3.8,3.8,21.0,converted
22291848,T,t,4.54,4.54,4.54,21.0,converted
22291848,T,t,2.8,2.8,2.8,21.0,converted
22291848,T,t,2.34,2.34,2.34,21.0,converted
22291848,T,t,3.8,3.8,3.8,21.0,converted
22291848,T,t,2.34,2.34,2.34,21.0,converted
22291848,T,t,3.24,3.24,3.24,21.0,converted
22291848,T,t,2.49,2.49,2.49,21.0,converted
22291848,T,t,2.6,2.6,2.6,21.0,converted
22291848,T,t,2.46,2.46,2.46,21.0,converted
22291848,T,t,2.71,2.71,2.71,21.0,converted
22291848,t,t,4.8,4.8,4.8,21.0,converted
22291848,t,t,5.9,5.9,5.9,21.0,converted
22291848,t,t,5.67,5.67,5.67,21.0,converted
22291848,t,t,4.3,4.3,4.3,21.0,converted
22291848,t,t,5.32,5.32,5.32,21.0,converted
22291848,t,t,2.8,2.8,2.8,21.0,converted
22291848,t,t,3.0,3.0,3.0,21.0,converted
22291848,t,t,2.1,2.1,2.1,21.0,converted
22291848,t,t,2.76,2.76,2.76,21.0,converted
22291848,t,t,3.5,3.5,3.5,21.0,converted
22291848,t,t,2.01,2.01,2.01,21.0,converted
22291848,t,t,3.5,3.5,3.5,21.0,converted
22291848,t,t,2.14,2.14,2.14,21.0,converted
22291848,t,t,1.88,1.88,1.88,21.0,converted
22291848,t,t,2.8,2.8,2.8,21.0,converted
22291848,t,t,2.67,2.67,2.67,21.0,converted
22291848,t,t,2.7,2.7,2.7,21.0,converted
22291848,t,t,3.7,3.7,3.7,21.0,converted
22291848,t,t,4.5,4.5,4.5,21.0,converted
22291848,t,t,3.32,3.32,3.32,21.0,converted
22291848,t,t,3.09,3.09,3.09,21.0,converted
22291848,t,t,3.8,3.8,3.8,21.0,converted
22291848,t,t,4.54,4.54,4.54,21.0,converted
22291848,t,t,2.8,2.8,2.8,21.0,converted
22291848,t,t,2.34,2.34,2.34,21.0,converted
22291848,t,t,3.8,3.8,3.8,21.0,converted
22291848,t,t,2.5,2.5,2.5,21.0,converted
22291848,t,t,3.24,3.24,3.24,21.0,converted
22291848,t,t,2.49,2.49,2.49,21.0,converted
22291848,t,t,2.6,2.6,2.6,21.0,converted
22291848,t,t,2.6,2.6,2.6,21.0,converted
22291848,t,t,2.46,2.46,2.46,21.0,converted
22291848,t,t,2.71,2.71,2.71,21.0,converted
38585348,T-value (Peak intensity),t,-4.419,-4.419,-4.419,68.0,converted
38585348,T-value (Peak intensity),t,-4.324,-4.324,-4.324,68.0,converted
38585348,T-value (Peak intensity),t,-4.388,-4.388,-4.388,68.0,converted
24734108,t,t,5.11,5.11,5.11,17.0,converted
24734108,t,t,4.9,4.9,4.9,17.0,converted
24734108,t,t,4.49,4.49,4.49,17.0,converted
24734108,t,t,3.56,3.56,3.56,17.0,converted
24734108,t,t,3.62,3.62,3.62,17.0,converted
24734108,t,t,3.62,3.62,3.62,17.0,converted
42077350,Peak intensity,t,15.257,15.257,15.257,40.0,converted
42077350,Peak intensity,t,13.422,13.422,13.422,40.0,converted
42077350,Peak intensity,t,15.705,15.705,15.705,40.0,converted
42077350,Peak intensity,t,7.089,7.089,7.089,40.0,converted
42077350,Peak intensity,t,10.071,10.071,10.071,40.0,converted
42077350,Peak intensity,t,7.058,7.058,7.058,40.0,converted
42077350,Peak intensity,t,8.854,8.854,8.854,40.0,converted
42077350,Peak intensity,t,7.492,7.492,7.492,40.0,converted
42077350,Peak intensity,t,7.270,7.27,7.27,40.0,converted
42077350,Peak intensity,t,8.561,8.561,8.561,40.0,converted
42077350,Peak intensity,t,8.383,8.383,8.383,40.0,converted
42077350,t,t,15.257,15.257,15.257,40.0,converted
42077350,t,t,13.422,13.422,13.422,40.0,converted
42077350,t,t,15.705,15.705,15.705,40.0,converted
42077350,t,t,7.089,7.089,7.089,40.0,converted
42077350,t,t,10.071,10.071,10.071,40.0,converted
42077350,t,t,7.058,7.058,7.058,40.0,converted
42077350,t,t,8.854,8.854,8.854,40.0,converted
42077350,t,t,7.492,7.492,7.492,40.0,converted
42077350,t,t,7.27,7.27,7.27,40.0,converted
42077350,t,t,8.561,8.561,8.561,40.0,converted
42077350,t,t,8.383,8.383,8.383,40.0,converted
32377180,t value,t,6.52,6.52,6.52,20.0,converted
32377180,t,t,6.52,6.52,6.52,20.0,converted
32377180,t,t,6.52,6.52,6.52,20.0,converted
35048524,not_reported,unknown,not_reported,,,60.0,failed
41069516,t,t,-3.266,-3.266,-3.266,103.0,converted
41069516,t,t,4.084,4.084,4.084,103.0,converted
41069516,t,t,-3.480,-3.48,-3.48,103.0,converted
41069516,t,t,-3.480,-3.48,-3.48,103.0,converted
41069516,t,t,6.228,6.228,6.228,103.0,converted
41069516,t,t,4.442,4.442,4.442,103.0,converted
41069516,t,t,4.924,4.924,4.924,103.0,converted
36922926,t-value,t,6.3066,6.3066,6.3066,44.0,converted
36922926,t-value,t,4.3959,4.3959,4.3959,44.0,converted
36922926,t,t,6.3066,6.3066,6.3066,44.0,converted
36922926,t,t,4.3959,4.3959,4.3959,44.0,converted
36922926,t,t,6.3066,6.3066,6.3066,44.0,converted
36922926,t,t,4.3959,4.3959,4.3959,44.0,converted
40584525,T,t,-7.2924,-7.2924,-7.2924,91.0,converted
40584525,T,t,-7.0452,-7.0452,-7.0452,91.0,converted
40584525,T,t,-9.2162,-9.2162,-9.2162,91.0,converted
40584525,T,t,-7.4269,-7.4269,-7.4269,91.0,converted
40584525,T,t,-7.9108,-7.9108,-7.9108,91.0,converted
40584525,T,t,-6.7492,-6.7492,-6.7492,91.0,converted
40584525,T,t,-9.2777,-9.2777,-9.2777,91.0,converted
40584525,T,t,-10.3278,-10.3278,-10.3278,91.0,converted
40584525,T,t,-9.3451,-9.3451,-9.3451,91.0,converted
40584525,T,t,-10.1931,-10.1931,-10.1931,91.0,converted
40584525,T,t,-8.3223,-8.3223,-8.3223,91.0,converted
40584525,T,t,-7.1474,-7.1474,-7.1474,91.0,converted
40584525,T,t,5.6666,5.6666,5.6666,91.0,converted
41602988,Peak Z score,z,4.21,4.21,5.605414128169048,20.0,converted
41602988,Peak Z score,z,5.09,5.09,7.788663632590224,20.0,converted
41602988,Peak z score,z,6.22,6.22,12.01115939292393,20.0,converted
41602988,Peak z score,z,-5.16,-5.16,-7.995713019923452,20.0,converted
41602988,Peak z score,z,-4.65,-4.65,-6.608777560768997,20.0,converted
41602988,Peak z score,z,-4.28,-4.28,-5.754899142752917,20.0,converted
41602988,Peak z score,z,-4.54,-4.54,-6.343033127862005,20.0,converted
41602988,Peak z score,z,-4.78,-4.78,-6.93704735720791,20.0,converted
41602988,Peak z score,z,-4.99,-4.99,-7.502672076569077,20.0,converted
41602988,Peak z score,z,-4.78,-4.78,-6.93704735720791,20.0,converted
41602988,Peak z score,z,-5.34,-5.34,-8.55581065537273,20.0,converted
41602988,Z,z,4.21,4.21,5.605414128169048,20.0,converted
41602988,Z,z,5.09,5.09,7.788663632590224,20.0,converted
41602988,Z,z,6.22,6.22,12.01115939292393,20.0,converted
41602988,Z,z,-5.16,-5.16,-7.995713019923452,20.0,converted
41602988,Z,z,-4.65,-4.65,-6.608777560768997,20.0,converted
41602988,Z,z,-4.28,-4.28,-5.754899142752917,20.0,converted
41602988,Z,z,-4.54,-4.54,-6.343033127862005,20.0,converted
41602988,Z,z,-4.78,-4.78,-6.93704735720791,20.0,converted
41602988,Z,z,-4.99,-4.99,-7.502672076569077,20.0,converted
41602988,Z,z,-4.78,-4.78,-6.93704735720791,20.0,converted
41602988,Z,z,-5.34,-5.34,-8.55581065537273,20.0,converted
38245739,T,t,-2.92,-2.92,-2.92,100.0,converted
38245739,T,t,-3.27,-3.27,-3.27,100.0,converted
38245739,T,t,-3.09,-3.09,-3.09,100.0,converted
38245739,T,t,-3.89,-3.89,-3.89,100.0,converted
38245739,T,t,-3.68,-3.68,-3.68,100.0,converted
38245739,T,t,-3.53,-3.53,-3.53,100.0,converted
38245739,t,t,-2.92,-2.92,-2.92,100.0,converted
38245739,t,t,-3.27,-3.27,-3.27,100.0,converted
38245739,t,t,-3.09,-3.09,-3.09,100.0,converted
38245739,t,t,-3.89,-3.89,-3.89,100.0,converted
38245739,t,t,-3.68,-3.68,-3.68,100.0,converted
38245739,t,t,-3.53,-3.53,-3.53,100.0,converted
38245739,t,t,-2.92,-2.92,-2.92,100.0,converted
38245739,t,t,-3.27,-3.27,-3.27,100.0,converted
38245739,t,t,-3.09,-3.09,-3.09,100.0,converted
38245739,t,t,-3.89,-3.89,-3.89,100.0,converted
38245739,t,t,-3.68,-3.68,-3.68,100.0,converted
38245739,t,t,-3.53,-3.53,-3.53,100.0,converted
27242492,T-Value,t,-3.96,-3.96,-3.96,58.0,converted
27242492,T-Value,t,-4.78,-4.78,-4.78,58.0,converted
27242492,T-Value,t,-3.96,-3.96,-3.96,58.0,converted
27242492,T-Value,t,-3.82,-3.82,-3.82,58.0,converted
27242492,T-Value,t,3.75,3.75,3.75,58.0,converted
27242492,T-Value,t,4.1,4.1,4.1,58.0,converted
27242492,t,t,-3.96,-3.96,-3.96,58.0,converted
27242492,t,t,-4.78,-4.78,-4.78,58.0,converted
27242492,t,t,-3.96,-3.96,-3.96,58.0,converted
27242492,t,t,-3.82,-3.82,-3.82,58.0,converted
27242492,t,t,3.75,3.75,3.75,58.0,converted
27242492,t,t,4.1,4.1,4.1,58.0,converted
24963329,T,t,-6.2209,-6.2209,-6.2209,15.0,converted
24963329,T,t,-3.8911,-3.8911,-3.8911,15.0,converted
24963329,T,t,-4.4085,-4.4085,-4.4085,15.0,converted
24963329,T,t,4.3696,4.3696,4.3696,15.0,converted
24963329,T,t,6.1186,6.1186,6.1186,15.0,converted
24963329,T,t,5.6813,5.6813,5.6813,15.0,converted
34431029,t,t,4.1072,4.1072,4.1072,20.0,converted
34431029,t,t,4.437,4.437,4.437,20.0,converted
34431029,t,t,4.7063,4.7063,4.7063,20.0,converted
34431029,t,t,6.0951,6.0951,6.0951,20.0,converted
40772121,t,t,2.16,2.16,2.16,60.0,converted
40772121,t,t,3.05,3.05,3.05,60.0,converted
40772121,t,t,2.99,2.99,2.99,60.0,converted
40772121,t,t,2.94,2.94,2.94,60.0,converted
40772121,t,t,2.67,2.67,2.67,60.0,converted
40772121,t,t,2.55,2.55,2.55,60.0,converted
40772121,t,t,3.31,3.31,3.31,60.0,converted
40772121,t,t,3.33,3.33,3.33,60.0,converted
40772121,t,t,2.27,2.27,2.27,60.0,converted
40772121,t,t,2.16,2.16,2.16,60.0,converted
40772121,t,t,3.05,3.05,3.05,60.0,converted
40772121,t,t,2.99,2.99,2.99,60.0,converted
40772121,t,t,2.94,2.94,2.94,60.0,converted
40772121,t,t,2.67,2.67,2.67,60.0,converted
40772121,t,t,2.55,2.55,2.55,60.0,converted
40772121,t,t,3.31,3.31,3.31,60.0,converted
40772121,t,t,3.33,3.33,3.33,60.0,converted
40772121,t,t,2.27,2.27,2.27,60.0,converted
27857211,t value,t,3.35,3.35,3.35,70.0,converted
27857211,t value,t,3.31,3.31,3.31,70.0,converted
27857211,t value,t,3.89,3.89,3.89,70.0,converted
27857211,t value,t,3.82,3.82,3.82,70.0,converted
27857211,t value,t,5.07,5.07,5.07,70.0,converted
27857211,t value,t,4.87,4.87,4.87,70.0,converted
27857211,t value,t,3.14,3.14,3.14,70.0,converted
27857211,t value,t,4.77,4.77,4.77,70.0,converted
27857211,t value,t,3.64,3.64,3.64,70.0,converted
27857211,t value,t,3.20,3.2,3.2,70.0,converted
27857211,t value,t,4.57,4.57,4.57,70.0,converted
27857211,t value,t,5.18,5.18,5.18,70.0,converted
27857211,t value,t,4.29,4.29,4.29,70.0,converted
27857211,t value,t,3.95,3.95,3.95,70.0,converted
27857211,t value,t,3.13,3.13,3.13,70.0,converted
27857211,t value,t,3.38,3.38,3.38,70.0,converted
27857211,t value,t,5.21,5.21,5.21,70.0,converted
27857211,t value,t,6.29,6.29,6.29,70.0,converted
27857211,t value,t,3.64,3.64,3.64,70.0,converted
27857211,t value,t,4.68,4.68,4.68,70.0,converted
27857211,t value,t,3.71,3.71,3.71,70.0,converted
27857211,t value,t,3.58,3.58,3.58,70.0,converted
27857211,t value,t,3.14,3.14,3.14,70.0,converted
27857211,t value,t,3.39,3.39,3.39,70.0,converted
27857211,t value,t,3.35,3.35,3.35,70.0,converted
27857211,t value,t,3.12,3.12,3.12,70.0,converted
27857211,t value,t,3.69,3.69,3.69,70.0,converted
27857211,t value,t,3.68,3.68,3.68,70.0,converted
27857211,t value,t,3.47,3.47,3.47,70.0,converted
27857211,t value,t,3.36,3.36,3.36,70.0,converted
27857211,t value,t,3.01,3.01,3.01,70.0,converted
27857211,t value,t,3.16,3.16,3.16,70.0,converted
27857211,t value,t,3.80,3.8,3.8,70.0,converted
27857211,t value,t,3.80,3.8,3.8,70.0,converted
27857211,t value,t,4.49,4.49,4.49,70.0,converted
27857211,t value,t,3.46,3.46,3.46,70.0,converted
27857211,t value,t,3.38,3.38,3.38,70.0,converted
27857211,t value,t,4.23,4.23,4.23,70.0,converted
27857211,t value,t,3.37,3.37,3.37,70.0,converted
27857211,t value,t,4.22,4.22,4.22,70.0,converted
27857211,t value,t,3.98,3.98,3.98,70.0,converted
27857211,t value,t,3.47,3.47,3.47,70.0,converted
27857211,t value,t,4.01,4.01,4.01,70.0,converted
27857211,t value,t,4.18,4.18,4.18,70.0,converted
27857211,t,t,3.35,3.35,3.35,70.0,converted
27857211,t,t,3.31,3.31,3.31,70.0,converted
27857211,t,t,3.89,3.89,3.89,70.0,converted
27857211,t,t,3.82,3.82,3.82,70.0,converted
27857211,t,t,5.07,5.07,5.07,70.0,converted
27857211,t,t,4.87,4.87,4.87,70.0,converted
27857211,t,t,3.14,3.14,3.14,70.0,converted
27857211,t,t,4.77,4.77,4.77,70.0,converted
27857211,t,t,3.64,3.64,3.64,70.0,converted
27857211,t,t,3.2,3.2,3.2,70.0,converted
27857211,t,t,4.57,4.57,4.57,70.0,converted
27857211,t,t,5.18,5.18,5.18,70.0,converted
27857211,t,t,4.29,4.29,4.29,70.0,converted
27857211,t,t,3.95,3.95,3.95,70.0,converted
27857211,t,t,3.13,3.13,3.13,70.0,converted
27857211,t,t,3.38,3.38,3.38,70.0,converted
27857211,t,t,5.21,5.21,5.21,70.0,converted
27857211,t,t,6.29,6.29,6.29,70.0,converted
27857211,t,t,3.64,3.64,3.64,70.0,converted
27857211,t,t,3.71,3.71,3.71,70.0,converted
27857211,t,t,3.58,3.58,3.58,70.0,converted
27857211,t,t,3.14,3.14,3.14,70.0,converted
27857211,t,t,3.39,3.39,3.39,70.0,converted
27857211,t,t,3.35,3.35,3.35,70.0,converted
27857211,t,t,3.12,3.12,3.12,70.0,converted
27857211,t,t,3.69,3.69,3.69,70.0,converted
27857211,t,t,3.68,3.68,3.68,70.0,converted
27857211,t,t,3.47,3.47,3.47,70.0,converted
27857211,t,t,3.01,3.01,3.01,70.0,converted
27857211,t,t,3.16,3.16,3.16,70.0,converted
27857211,t,t,3.36,3.36,3.36,70.0,converted
27857211,t,t,-3.08,-3.08,-3.08,70.0,converted
27857211,t,t,3.8,3.8,3.8,70.0,converted
27857211,t,t,3.8,3.8,3.8,70.0,converted
27857211,t,t,4.49,4.49,4.49,70.0,converted
27857211,t,t,3.46,3.46,3.46,70.0,converted
27857211,t,t,4.23,4.23,4.23,70.0,converted
27857211,t,t,3.37,3.37,3.37,70.0,converted
27857211,t,t,4.22,4.22,4.22,70.0,converted
27857211,t,t,3.98,3.98,3.98,70.0,converted
27857211,t,t,3.47,3.47,3.47,70.0,converted
27857211,t,t,4.01,4.01,4.01,70.0,converted
27857211,t,t,4.18,4.18,4.18,70.0,converted
27812501,Z-value,z,3.78,3.78,4.250993266765527,36.0,converted
27812501,Z-value,z,3.86,3.86,4.362171091770958,36.0,converted
27812501,Z,z,3.78,3.78,4.250993266765527,36.0,converted
27812501,Z,z,3.86,3.86,4.362171091770958,36.0,converted
39877657,T,t,3.70,3.7,3.7,27.0,converted
39877657,T,t,4.37,4.37,4.37,27.0,converted
39877657,T,t,3.42,3.42,3.42,27.0,converted
39877657,T,t,3.99,3.99,3.99,27.0,converted
39877657,T,t,3.12,3.12,3.12,27.0,converted
29951105,t value,t,7.00,7.0,7.0,21.0,converted
29951105,t value,t,7.13,7.13,7.13,21.0,converted
29951105,t value,t,6.98,6.98,6.98,21.0,converted
29951105,t value,t,6.44,6.44,6.44,21.0,converted
29951105,t value,t,6.18,6.18,6.18,21.0,converted
32807158,t-value,t,5.75,5.75,5.75,45.0,converted
32807158,t-value,t,5.30,5.3,5.3,45.0,converted
32807158,t-value,t,5.09,5.09,5.09,45.0,converted
32807158,t-value,t,5.25,5.25,5.25,45.0,converted
32807158,t-value,t,6.46,6.46,6.46,45.0,converted
32807158,t-value,t,5.55,5.55,5.55,45.0,converted
32807158,t-value,t,5.22,5.22,5.22,45.0,converted
32807158,t-value,t,7.72,7.72,7.72,45.0,converted
32807158,t-value,t,6.02,6.02,6.02,45.0,converted
32807158,t-value,t,5.52,5.52,5.52,45.0,converted
32807158,t-value,t,4.56,4.56,4.56,45.0,converted
32807158,t-value,t,6.59,6.59,6.59,45.0,converted
32807158,t-value,t,6.00,6.0,6.0,45.0,converted
32807158,t-value,t,5.03,5.03,5.03,45.0,converted
32807158,t-value,t,5.70,5.7,5.7,45.0,converted
32807158,t-value,t,6.82,6.82,6.82,45.0,converted
32807158,t-value,t,4.96,4.96,4.96,45.0,converted
32807158,t-value,t,6.12,6.12,6.12,45.0,converted
32807158,t-value,t,6.67,6.67,6.67,45.0,converted
32807158,t-value,t,5.09,5.09,5.09,45.0,converted
32807158,t-value,t,5.69,5.69,5.69,45.0,converted
32807158,t-value,t,7.60,7.6,7.6,45.0,converted
32807158,t-value,t,4.93,4.93,4.93,45.0,converted
32807158,t-value,t,5.64,5.64,5.64,45.0,converted
32807158,t-value,t,6.00,6.0,6.0,45.0,converted
32807158,t-value,t,5.65,5.65,5.65,45.0,converted
32807158,t-value,t,5.02,5.02,5.02,45.0,converted
24603951,T-score,t,4.04,4.04,4.04,28.0,converted
24603951,T-score,t,3.11,3.11,3.11,28.0,converted
24603951,T-score,t,4.69,4.69,4.69,28.0,converted
24603951,T-score,t,4.62,4.62,4.62,28.0,converted
24603951,T-score,t,4.33,4.33,4.33,28.0,converted
24603951,T-score,t,4.23,4.23,4.23,28.0,converted
24603951,T-score,t,4.14,4.14,4.14,28.0,converted
24603951,T-score,t,4.20,4.2,4.2,28.0,converted
24603951,T-score,t,3.71,3.71,3.71,28.0,converted
24603951,T-score,t,3.47,3.47,3.47,28.0,converted
24603951,T-score,t,3.42,3.42,3.42,28.0,converted
24603951,t,t,4.04,4.04,4.04,28.0,converted
24603951,t,t,3.11,3.11,3.11,28.0,converted
24603951,t,t,4.69,4.69,4.69,28.0,converted
24603951,t,t,4.62,4.62,4.62,28.0,converted
24603951,t,t,4.33,4.33,4.33,28.0,converted
24603951,t,t,4.23,4.23,4.23,28.0,converted
24603951,t,t,4.14,4.14,4.14,28.0,converted
24603951,t,t,4.2,4.2,4.2,28.0,converted
24603951,t,t,3.71,3.71,3.71,28.0,converted
24603951,t,t,3.47,3.47,3.47,28.0,converted
24603951,t,t,3.42,3.42,3.42,28.0,converted
33146953,t,t,6.90,6.9,6.9,30.0,converted
33146953,t,t,5.59,5.59,5.59,30.0,converted
33146953,t,t,5.94,5.94,5.94,30.0,converted
33146953,t,t,4.68,4.68,4.68,30.0,converted
33146953,t,t,5.49,5.49,5.49,30.0,converted
33146953,t,t,5.79,5.79,5.79,30.0,converted
33146953,t,t,4.52,4.52,4.52,30.0,converted
33146953,t,t,6.26,6.26,6.26,30.0,converted
33146953,t,t,4.63,4.63,4.63,30.0,converted
33146953,t,t,4.79,4.79,4.79,30.0,converted
33146953,t,t,5.56,5.56,5.56,30.0,converted
33146953,t,t,4.63,4.63,4.63,30.0,converted
33146953,t,t,5.00,5.0,5.0,30.0,converted
33146953,t,t,5.17,5.17,5.17,30.0,converted
35464313,T value,t,3.62,3.62,3.62,115.0,converted
35464313,T value,t,3.30,3.3,3.3,115.0,converted
35464313,T value,t,4.01,4.01,4.01,115.0,converted
35464313,T value,t,3.91,3.91,3.91,115.0,converted
35464313,T value,t,-4.80,-4.8,-4.8,115.0,converted
35464313,T value,t,-3.92,-3.92,-3.92,115.0,converted
35464313,T value,t,4.10,4.1,4.1,115.0,converted
35464313,T value,t,3.95,3.95,3.95,115.0,converted
35464313,T value,t,-3.50,-3.5,-3.5,115.0,converted
35464313,T value,t,-3.30,-3.3,-3.3,115.0,converted
35464313,T value,t,-3.15,-3.15,-3.15,115.0,converted
35464313,T value,t,3.87,3.87,3.87,115.0,converted
35464313,T value,t,3.51,3.51,3.51,115.0,converted
35464313,T value,t,-4.08,-4.08,-4.08,115.0,converted
35464313,T value,t,-3.06,-3.06,-3.06,115.0,converted
35464313,T value,t,-3.40,-3.4,-3.4,115.0,converted
35464313,T value,t,-4.01,-4.01,-4.01,115.0,converted
35464313,T value,t,-3.75,-3.75,-3.75,115.0,converted
35464313,T value,t,-4.45,-4.45,-4.45,115.0,converted
35464313,T value,t,-5.03,-5.03,-5.03,115.0,converted
35464313,T value,t,-4.79,-4.79,-4.79,115.0,converted
35464313,T value,t,4.09,4.09,4.09,115.0,converted
35464313,T value,t,3.995,3.995,3.995,115.0,converted
39543627,Peak Z Score,z,4.59,4.59,5.024623769578032,65.0,converted
39543627,Z,z,4.59,4.59,5.024623769578032,65.0,converted
39543627,Z,z,-4.86,-4.86,-5.377925037635693,65.0,converted
39543627,Z,z,-4.22,-4.22,-4.556777556822146,65.0,converted
36744205,T Score,t,5.3,5.3,5.3,23.0,converted
36744205,T Score,t,5.1,5.1,5.1,23.0,converted
36744205,T Score,t,3.98,3.98,3.98,23.0,converted
36744205,T Score,t,3.32,3.32,3.32,23.0,converted
36744205,T Score,t,4.59,4.59,4.59,23.0,converted
36744205,T Score,t,4.33,4.33,4.33,23.0,converted
36744205,T Score,t,5.40,5.4,5.4,23.0,converted
36744205,T Score,t,4.65,4.65,4.65,23.0,converted
28443010,t score,t,3.2028,3.2028,3.2028,38.0,converted
28443010,t,t,3.2028,3.2028,3.2028,38.0,converted
25741269,T-value,t,−7.73,-7.73,-7.73,45.0,converted
25741269,T-value,t,7.12,7.12,7.12,45.0,converted
25741269,T-value,t,−7.35,-7.35,-7.35,45.0,converted
25741269,T-value,t,5.82,5.82,5.82,45.0,converted
25741269,T-value,t,6.84,6.84,6.84,45.0,converted
25741269,T-value,t,6.72,6.72,6.72,45.0,converted
35585920,T,t,6.70,6.7,6.7,33.0,converted
35585920,T,t,5.00,5.0,5.0,33.0,converted
35585920,T,t,6.37,6.37,6.37,33.0,converted
35585920,t,t,6.7,6.7,6.7,33.0,converted
35585920,t,t,5.0,5.0,5.0,33.0,converted
35585920,t,t,6.37,6.37,6.37,33.0,converted
29904344,T-Value,t,5.92,5.92,5.92,20.0,converted
29904344,T-Value,t,4.78,4.78,4.78,20.0,converted
29904344,T-Value,t,3.95,3.95,3.95,20.0,converted
29904344,T-Value,t,4.13,4.13,4.13,20.0,converted
29904344,T-Value,t,4.74,4.74,4.74,20.0,converted
29904344,T-Value,t,3.82,3.82,3.82,20.0,converted
29904344,t,t,5.92,5.92,5.92,20.0,converted
29904344,t,t,4.78,4.78,4.78,20.0,converted
29904344,t,t,3.95,3.95,3.95,20.0,converted
29904344,t,t,4.13,4.13,4.13,20.0,converted
29904344,t,t,4.74,4.74,4.74,20.0,converted
29904344,t,t,3.82,3.82,3.82,20.0,converted
26839078,Z,z,3.51,3.51,3.6280384590600727,104.0,converted
26839078,Z,z,3.18,3.18,3.2688051358003563,104.0,converted
26839078,Z,z,3.63,3.63,3.7601591040475695,104.0,converted
26839078,Z,z,4.29,4.29,4.50285432669821,104.0,converted
26839078,Z,z,3.31,3.31,3.409629431221419,104.0,converted
26839078,Z,z,3.51,3.51,3.6280384590600727,104.0,converted
26839078,Z,z,3.18,3.18,3.2688051358003563,104.0,converted
26839078,Z,z,3.63,3.63,3.7601591040475695,104.0,converted
26839078,Z,z,4.29,4.29,4.50285432669821,104.0,converted
26839078,Z,z,3.31,3.31,3.409629431221419,104.0,converted
35832324,T Value,t,6.9661,6.9661,6.9661,24.0,converted
35832324,T Value,t,4.9743,4.9743,4.9743,24.0,converted
35832324,T value,t,5.1684,5.1684,5.1684,24.0,converted
35832324,T value,t,6.7581,6.7581,6.7581,24.0,converted
35832324,T value,t,5.8714,5.8714,5.8714,24.0,converted
35832324,T value,t,5.2142,5.2142,5.2142,24.0,converted
35832324,T value,t,5.5803,5.5803,5.5803,24.0,converted
35832324,T value,t,7.261,7.261,7.261,24.0,converted
35832324,T value,t,6.0216,6.0216,6.0216,24.0,converted
35832324,T value,t,5.9519,5.9519,5.9519,24.0,converted
35832324,T value,t,9.7371,9.7371,9.7371,24.0,converted
35832324,t,t,6.9661,6.9661,6.9661,24.0,converted
35832324,NR,unknown,not_reported,,,24.0,failed
35832324,t,t,4.9743,4.9743,4.9743,24.0,converted
35832324,t,t,-5.5733,-5.5733,-5.5733,24.0,converted
35832324,t,t,-8.0823,-8.0823,-8.0823,24.0,converted
35832324,NR,unknown,not_reported,,,24.0,failed
35832324,t,t,5.1684,5.1684,5.1684,24.0,converted
35832324,t,t,6.7581,6.7581,6.7581,24.0,converted
35832324,t,t,5.8714,5.8714,5.8714,24.0,converted
35832324,t,t,5.2142,5.2142,5.2142,24.0,converted
35832324,t,t,5.5803,5.5803,5.5803,24.0,converted
35832324,t,t,7.261,7.261,7.261,24.0,converted
35832324,t,t,6.0216,6.0216,6.0216,24.0,converted
35832324,NR,unknown,not_reported,,,24.0,failed
35832324,t,t,5.9519,5.9519,5.9519,24.0,converted
35832324,NR,unknown,not_reported,,,24.0,failed
35832324,t,t,-5.2652,-5.2652,-5.2652,24.0,converted
35832324,t,t,9.7371,9.7371,9.7371,24.0,converted
37305743,T,t,4.34,4.34,4.34,41.0,converted
37305743,T,t,4.99,4.99,4.99,41.0,converted
37305743,t,t,4.34,4.34,4.34,41.0,converted
37305743,t,t,4.99,4.99,4.99,41.0,converted
37305743,t,t,6.12,6.12,6.12,41.0,converted
37305743,t,t,5.95,5.95,5.95,41.0,converted
37305743,t,t,4.47,4.47,4.47,41.0,converted
24968124,Z-score,z,3.31,3.31,3.820721810178348,24.0,converted
24968124,Z-score,z,3.84,3.84,4.651048912402956,24.0,converted
24968124,Z-score,z,5.85,5.85,9.247267770816842,24.0,converted
24968124,Z-score,z,3.23,3.23,3.7040452020051706,24.0,converted
24968124,Z-score,z,3.08,3.08,3.490649686674075,24.0,converted
24968124,Z-score,z,3.97,3.97,4.871931438266446,24.0,converted
24968124,Z-score,z,3.48,3.48,4.0757429075230425,24.0,converted
24968124,Z,z,3.31,3.31,3.820721810178348,24.0,converted
24968124,Z,z,3.84,3.84,4.651048912402956,24.0,converted
24968124,Z,z,5.85,5.85,9.247267770816842,24.0,converted
24968124,Z,z,3.23,3.23,3.7040452020051706,24.0,converted
24968124,Z,z,3.08,3.08,3.490649686674075,24.0,converted
24968124,Z,z,3.97,3.97,4.871931438266446,24.0,converted
24968124,Z,z,3.48,3.48,4.0757429075230425,24.0,converted
36051643,Z-score,z,3.36,3.36,3.7125994747135347,34.0,converted
36051643,Z-score,z,3.73,3.73,4.213619803536033,34.0,converted
36051643,Z-score,z,3.63,3.63,4.0751655251444205,34.0,converted
36051643,Z-score,z,3.46,3.46,3.8450407994459277,34.0,converted
36051643,Z-score,z,3.30,3.3,3.634125986837788,34.0,converted
36051643,Z-score,z,4.07,4.07,4.703028950134957,34.0,converted
36051643,Z-score,z,3.05,3.05,3.3146865067274702,34.0,converted
36051643,Z-score,z,4.09,4.09,4.7327759487929,34.0,converted
36051643,Z-score,z,3.76,3.76,4.255621428988553,34.0,converted
36051643,Z,z,3.36,3.36,3.7125994747135347,34.0,converted
36051643,Z,z,3.73,3.73,4.213619803536033,34.0,converted
36051643,Z,z,3.63,3.63,4.0751655251444205,34.0,converted
36051643,Z,z,3.46,3.46,3.8450407994459277,34.0,converted
36051643,Z,z,3.3,3.3,3.634125986837788,34.0,converted
36051643,Z,z,4.07,4.07,4.703028950134957,34.0,converted
36051643,Z,z,3.05,3.05,3.3146865067274702,34.0,converted
36051643,Z,z,4.09,4.09,4.7327759487929,34.0,converted
36051643,Z,z,3.76,3.76,4.255621428988553,34.0,converted
34122321,F-value,F,3.805,3.805,1.950640920313116,49.0,converted
34122321,F-value,F,3.7857,3.7857,1.9456875391490793,49.0,converted
34122321,T-value,t,4.7578,4.7578,4.7578,49.0,converted
34122321,T-value,t,4.848,4.848,4.848,49.0,converted
34122321,T-value,t,3.9827,3.9827,3.9827,49.0,converted
34122321,F,F,3.805,3.805,1.950640920313116,49.0,converted
34122321,F,F,3.7857,3.7857,1.9456875391490793,49.0,converted
34122321,t,t,4.7578,4.7578,4.7578,49.0,converted
34122321,t,t,4.848,4.848,4.848,49.0,converted
34122321,t,t,3.9827,3.9827,3.9827,49.0,converted
23840533,t,t,5.91,5.91,5.91,18.0,converted
23840533,t,t,4.82,4.82,4.82,18.0,converted
23840533,t,t,5.89,5.89,5.89,18.0,converted
23840533,t,t,6.08,6.08,6.08,18.0,converted
23840533,t,t,5.84,5.84,5.84,18.0,converted
23840533,t,t,4.87,4.87,4.87,18.0,converted
23840533,t,t,5.40,5.4,5.4,18.0,converted
23840533,t,t,5.29,5.29,5.29,18.0,converted
23840533,t,t,6.09,6.09,6.09,18.0,converted
23840533,t,t,5.17,5.17,5.17,18.0,converted
23840533,t,t,4.91,4.91,4.91,18.0,converted
23840533,t,t,7.88,7.88,7.88,18.0,converted
23840533,t,t,5.57,5.57,5.57,18.0,converted
23840533,t,t,4.14,4.14,4.14,18.0,converted
23840533,t,t,5.91,5.91,5.91,18.0,converted
23840533,t,t,4.82,4.82,4.82,18.0,converted
23840533,t,t,5.89,5.89,5.89,18.0,converted
23840533,t,t,6.08,6.08,6.08,18.0,converted
23840533,t,t,5.84,5.84,5.84,18.0,converted
23840533,t,t,4.87,4.87,4.87,18.0,converted
23840533,t,t,5.4,5.4,5.4,18.0,converted
23840533,t,t,5.29,5.29,5.29,18.0,converted
23840533,t,t,6.09,6.09,6.09,18.0,converted
23840533,t,t,5.17,5.17,5.17,18.0,converted
23840533,t,t,4.91,4.91,4.91,18.0,converted
23840533,t,t,7.88,7.88,7.88,18.0,converted
23840533,t,t,5.57,5.57,5.57,18.0,converted
23840533,t,t,4.14,4.14,4.14,18.0,converted
41351443,Interaction T value,t,2.652,2.652,2.652,66.0,converted
41351443,Interaction T value,t,-3.281,-3.281,-3.281,66.0,converted
41351443,Interaction T value (nodal efficiency) / Interaction T value (betweenness),t,0.859 / -1.016,0.859,0.859,66.0,converted
41351443,Interaction T value (nodal efficiency) / Interaction T value (betweenness),t,1.130 / 0.287,1.13,1.13,66.0,converted
41351443,Interaction T value (nodal efficiency) / Interaction T value (betweenness),t,0.978 / -0.085,0.978,0.978,66.0,converted
41351443,Interaction T value (nodal efficiency) / Interaction T value (betweenness),t,1.770 / -1.954,1.77,1.77,66.0,converted
41351443,Interaction T value (nodal efficiency) / Interaction T value (betweenness),t,1.441 / -1.950,1.441,1.441,66.0,converted
41351443,Interaction T value (nodal efficiency) / Interaction T value (betweenness),t,1.797 / -0.254,1.797,1.797,66.0,converted
41351443,Interaction T value (nodal efficiency) / Interaction T value (betweenness),t,1.282 / -0.206,1.282,1.282,66.0,converted
39468590,Peak t Score,t,20.79,20.79,20.79,118.0,converted
39468590,Peak t Score,t,17.12,17.12,17.12,118.0,converted
39468590,Peak t Score,t,22.60,22.6,22.6,118.0,converted
39468590,Peak t Score,t,18.64,18.64,18.64,118.0,converted
21080967,Z score,z,3.60,3.6,3.89273491261122,48.0,converted
21080967,Z,z,2.88,2.88,3.032527291702522,48.0,converted
21080967,Z,z,3.14,3.14,3.3357417185218523,48.0,converted
21080967,Z,z,3.17,3.17,3.371236010555384,48.0,converted
21080967,Z,z,2.83,2.83,2.97507957608242,48.0,converted
21080967,Z,z,4.8,4.8,5.50508185195562,48.0,converted
21080967,Z,z,3.66,3.66,3.967531723300805,48.0,converted
21080967,Z,z,3.37,3.37,3.6107375193559323,48.0,converted
21080967,Z,z,-3.66,-3.66,-3.967531723300805,48.0,converted
21080967,Z,z,3.96,3.96,4.349764051290823,48.0,converted
21080967,Z,z,-3.55,-3.55,-3.8308028182296936,48.0,converted
21080967,Z,z,2.85,2.85,2.9980266376993976,48.0,converted
30719061,T value (peak intensity),t,-4.3329,-4.3329,-4.3329,30.0,converted
30719061,T value (peak intensity),t,-3.5879,-3.5879,-3.5879,30.0,converted
30719061,T value (peak intensity),t,4.7685,4.7685,4.7685,30.0,converted
30719061,T value (peak intensity),t,4.1843,4.1843,4.1843,30.0,converted
30719061,T value (peak intensity),t,-3.941,-3.941,-3.941,30.0,converted
30719061,t,t,-4.3329,-4.3329,-4.3329,30.0,converted
30719061,t,t,-3.5879,-3.5879,-3.5879,30.0,converted
30719061,t,t,4.7685,4.7685,4.7685,30.0,converted
30719061,t,t,-3.941,-3.941,-3.941,30.0,converted
30719061,t,t,4.1843,4.1843,4.1843,30.0,converted
29563830,peak intensity (t-value),t,4.8894,4.8894,4.8894,20.0,converted
29563830,t,t,4.8894,4.8894,4.8894,20.0,converted
29563830,t,t,4.8894,4.8894,4.8894,20.0,converted
40634927,F value,F,14.989,14.989,-3.871562991867755,74.0,converted
40634927,F value,F,20.202,20.202,-4.494663502421511,74.0,converted
28334999,TFCE,unknown,not_reported,,,65.0,failed
28334999,TFCE,unknown,not_reported,,,65.0,failed
28334999,TFCE,unknown,not_reported,,,65.0,failed
28334999,TFCE,unknown,not_reported,,,65.0,failed
29763448,Maximum Z,z,-5.41,-5.41,-7.4658547201776795,28.0,converted
29763448,Maximum Z,z,-4.93,-4.93,-6.428720930634443,28.0,converted
29763448,Maximum Z,z,4.98,4.98,6.530327539543306,28.0,converted
29763448,Maximum Z,z,5.23,5.23,7.0601646906282545,28.0,converted
29763448,Maximum Z,z,5.53,5.53,7.748549531413374,28.0,converted
29763448,Maximum Z,z,4.87,4.87,6.308609398319144,28.0,converted
29763448,Maximum Z,z,4.71,4.71,5.997613938719083,28.0,converted
39089662,F value,F,13.4166,13.4166,3.6628677289795766,50.0,converted
39089662,F value,F,14.8101,14.8101,3.848389273449348,50.0,converted
36530635,T-value (Peak intensity),t,-5.599,-5.599,-5.599,52.0,converted
36530635,T-value (Peak intensity),t,-4.818,-4.818,-4.818,52.0,converted
36530635,T-value (Peak intensity),t,-5.255,-5.255,-5.255,52.0,converted
36530635,T-value (Peak intensity),t,-4.995,-4.995,-4.995,52.0,converted
24734113,t-value,t,4.17,4.17,4.17,18.0,converted
24734113,t-value,t,4.32,4.32,4.32,18.0,converted
24734113,t-value,t,4.55,4.55,4.55,18.0,converted
24734113,t-value,t,4.16,4.16,4.16,18.0,converted
24734113,t-value,t,4.10,4.1,4.1,18.0,converted
24734113,t-value,t,4.22,4.22,4.22,18.0,converted
24734113,t-value,t,5.28,5.28,5.28,18.0,converted
24734113,t-value,t,5.10,5.1,5.1,18.0,converted
24734113,t-value,t,4.60,4.6,4.6,18.0,converted
24734113,t-value,t,5.49,5.49,5.49,18.0,converted
24734113,t-value,t,4.78,4.78,4.78,18.0,converted
24734113,t-value,t,4.84,4.84,4.84,18.0,converted
24734113,t-value,t,4.52,4.52,4.52,18.0,converted
24734113,t-value,t,7.48,7.48,7.48,18.0,converted
24734113,t-value,t,4.82,4.82,4.82,18.0,converted
24734113,t-value,t,4.49,4.49,4.49,18.0,converted
24734113,t-value,t,4.97,4.97,4.97,18.0,converted
24734113,t-value,t,4.86,4.86,4.86,18.0,converted
36890655,Z,z,3.60,3.6,3.6698470159211465,185.0,converted
36890655,Z,z,3.05,3.05,3.0934871024043242,185.0,converted
36890655,Z,z,4.32,4.32,4.438834790846287,185.0,converted
36890655,Z,z,3.40,3.4,3.459254923872432,185.0,converted
36890655,Z,z,4.10,4.1,4.201939200021662,185.0,converted
36890655,Z,z,3.91,3.91,3.9987516776795022,185.0,converted
36890655,Z,z,4.43,4.43,4.557968215540802,185.0,converted
36890655,Z,z,3.55,3.55,3.6170852926566486,185.0,converted
36890655,Z,z,3.6,3.6,3.6698470159211465,185.0,converted
36890655,Z,z,3.05,3.05,3.0934871024043242,185.0,converted
36890655,Z,z,4.32,4.32,4.438834790846287,185.0,converted
36890655,Z,z,3.4,3.4,3.459254923872432,185.0,converted
36890655,Z,z,4.1,4.1,4.201939200021662,185.0,converted
36890655,Z,z,3.91,3.91,3.9987516776795022,185.0,converted
36890655,Z,z,4.43,4.43,4.557968215540802,185.0,converted
36890655,Z,z,3.55,3.55,3.6170852926566486,185.0,converted
26467429,peak intensity,t,4.1072,4.1072,4.1072,30.0,converted
26467429,peak intensity,t,-4.6955,-4.6955,-4.6955,30.0,converted
26467429,peak intensity,t,-4.4098,-4.4098,-4.4098,30.0,converted
26467429,peak intensity,t,4.437,4.437,4.437,30.0,converted
26467429,peak intensity,t,3.9934,3.9934,3.9934,30.0,converted
26467429,peak intensity,t,4.0215,4.0215,4.0215,30.0,converted
26467429,peak intensity,t,4.1024,4.1024,4.1024,30.0,converted
26467429,peak intensity,t,-5.9415,-5.9415,-5.9415,30.0,converted
26467429,peak intensity,t,4.7741,4.7741,4.7741,30.0,converted
26467429,peak intensity,t,4.7063,4.7063,4.7063,30.0,converted
26467429,peak intensity,t,4.9814,4.9814,4.9814,30.0,converted
26467429,peak intensity,t,6.5767,6.5767,6.5767,30.0,converted
26467429,peak intensity,t,-4.1131,-4.1131,-4.1131,30.0,converted
26467429,peak intensity,t,5.4515,5.4515,5.4515,30.0,converted
26467429,peak intensity,t,5.1418,5.1418,5.1418,30.0,converted
26467429,peak intensity,t,-7.4947,-7.4947,-7.4947,30.0,converted
38249582,T-value,t,-7.77,-7.77,-7.77,30.0,converted
38249582,T-value,t,6.8,6.8,6.8,30.0,converted
38249582,T-value,t,9.84,9.84,9.84,30.0,converted
38249582,T-value,t,-7.87,-7.87,-7.87,30.0,converted
38249582,T-value,t,-8.31,-8.31,-8.31,30.0,converted
38249582,t,t,-7.77,-7.77,-7.77,30.0,converted
38249582,t,t,6.8,6.8,6.8,30.0,converted
38249582,t,t,9.84,9.84,9.84,30.0,converted
38249582,t,t,-7.87,-7.87,-7.87,30.0,converted
38249582,t,t,-8.31,-8.31,-8.31,30.0,converted
40881782,t-score,t,-5.9459,-5.9459,-5.9459,97.0,converted
40881782,t-score,t,-4.752,-4.752,-4.752,97.0,converted
40881782,t-score,t,-5.1443,-5.1443,-5.1443,97.0,converted
40881782,t-score,t,-3.4251,-3.4251,-3.4251,97.0,converted
40881782,t-score,t,-3.477,-3.477,-3.477,97.0,converted
40881782,t-score,t,6.4716,6.4716,6.4716,97.0,converted
40881782,t-score,t,3.8338,3.8338,3.8338,97.0,converted
40881782,t-score,t,5.5745,5.5745,5.5745,97.0,converted
40881782,t-score,t,3.8364,3.8364,3.8364,97.0,converted
40881782,t,t,-5.9459,-5.9459,-5.9459,97.0,converted
40881782,t,t,6.4716,6.4716,6.4716,97.0,converted
40881782,t,t,3.8338,3.8338,3.8338,97.0,converted
40881782,t,t,-3.4251,-3.4251,-3.4251,97.0,converted
40881782,t,t,5.5745,5.5745,5.5745,97.0,converted
40881782,t,t,-3.477,-3.477,-3.477,97.0,converted
40881782,t,t,-4.752,-4.752,-4.752,97.0,converted
40881782,t,t,3.8364,3.8364,3.8364,97.0,converted
40881782,t,t,-5.1443,-5.1443,-5.1443,97.0,converted
22291848,T,t,2.5,2.5,2.5,21.0,converted
22291848,T,t,2.6,2.6,2.6,21.0,converted
22291848,t,t,2.34,2.34,2.34,21.0,converted
22291848,t,t,2.46,2.46,2.46,21.0,converted
22291848,t,t,2.71,2.71,2.71,21.0,converted
22291848,t,t,2.6,2.6,2.6,21.0,converted
38585348,T-value (Peak intensity),t,-4.611,-4.611,-4.611,68.0,converted
38585348,T-value (Peak intensity),t,-4.559,-4.559,-4.559,68.0,converted
38585348,T-value (Peak intensity),t,-5.252,-5.252,-5.252,68.0,converted
38585348,T-value (Peak intensity),t,-5.270,-5.27,-5.27,68.0,converted
38585348,T-value (Peak intensity),t,-4.515,-4.515,-4.515,68.0,converted
32377180,t value,t,5.57,5.57,5.57,20.0,converted
32377180,t,t,5.57,5.57,5.57,20.0,converted
35048524,not_reported,unknown,not_reported,,,60.0,failed
35048524,not_reported,unknown,not_reported,,,60.0,failed
35048524,not_reported,unknown,not_reported,,,60.0,failed
35048524,not_reported,unknown,not_reported,,,60.0,failed
35048524,not_reported,unknown,not_reported,,,60.0,failed
35048524,not_reported,unknown,not_reported,,,60.0,failed
35048524,not_reported,unknown,not_reported,,,60.0,failed
35048524,not_reported,unknown,not_reported,,,60.0,failed
41069516,t,t,5.679,5.679,5.679,103.0,converted
41069516,t,t,4.981,4.981,4.981,103.0,converted
41069516,t,t,5.319,5.319,5.319,103.0,converted
41069516,t,t,-3.205,-3.205,-3.205,103.0,converted
41069516,t,t,4.245,4.245,4.245,103.0,converted
41069516,t,t,5.367,5.367,5.367,103.0,converted
41069516,t,t,5.004,5.004,5.004,103.0,converted
41069516,t,t,6.335,6.335,6.335,103.0,converted
41069516,t,t,6.776,6.776,6.776,103.0,converted
41069516,t,t,-3.393,-3.393,-3.393,103.0,converted
41069516,t,t,-3.391,-3.391,-3.391,103.0,converted
41069516,t,t,4.890,4.89,4.89,103.0,converted
41069516,t,t,5.031,5.031,5.031,103.0,converted
41069516,t,t,6.363,6.363,6.363,103.0,converted
41069516,t,t,5.714,5.714,5.714,103.0,converted
41069516,t,t,6.015,6.015,6.015,103.0,converted
41069516,t,t,5.071,5.071,5.071,103.0,converted
41069516,t,t,5.146,5.146,5.146,103.0,converted
41069516,t,t,-3.389,-3.389,-3.389,103.0,converted
40584525,T,t,8.6353,8.6353,8.6353,91.0,converted
40584525,T,t,6.4569,6.4569,6.4569,91.0,converted
40584525,T,t,5.772,5.772,5.772,91.0,converted
40584525,T,t,-10.3576,-10.3576,-10.3576,91.0,converted
40584525,T,t,5.8137,5.8137,5.8137,91.0,converted
40584525,T,t,-7.5096,-7.5096,-7.5096,91.0,converted
40584525,T,t,-6.3943,-6.3943,-6.3943,91.0,converted
40584525,T,t,-5.6882,-5.6882,-5.6882,91.0,converted
40584525,T,t,-5.9507,-5.9507,-5.9507,91.0,converted
40584525,T,t,-5.3362,-5.3362,-5.3362,91.0,converted
40584525,T,t,-5.3934,-5.3934,-5.3934,91.0,converted
40584525,T,t,-6.6116,-6.6116,-6.6116,91.0,converted
40584525,T,t,-6.1548,-6.1548,-6.1548,91.0,converted
40584525,T,t,-5.386,-5.386,-5.386,91.0,converted
40584525,T,t,-5.297,-5.297,-5.297,91.0,converted
40584525,T,t,-5.283,-5.283,-5.283,91.0,converted
40584525,T,t,-5.9068,-5.9068,-5.9068,91.0,converted
40584525,T,t,-5.421,-5.421,-5.421,91.0,converted
40584525,T,t,-8.0323,-8.0323,-8.0323,91.0,converted
40584525,T,t,-7.4305,-7.4305,-7.4305,91.0,converted
40584525,T,t,-6.8438,-6.8438,-6.8438,91.0,converted
40584525,T,t,-5.5685,-5.5685,-5.5685,91.0,converted
40584525,T,t,-6.6067,-6.6067,-6.6067,91.0,converted
40584525,T,t,-5.8254,-5.8254,-5.8254,91.0,converted
40584525,T,t,-5.5889,-5.5889,-5.5889,91.0,converted
40584525,T,t,-5.8473,-5.8473,-5.8473,91.0,converted
40584525,T,t,-7.296,-7.296,-7.296,91.0,converted
40584525,T,t,-7.6673,-7.6673,-7.6673,91.0,converted
40584525,T,t,-6.7342,-6.7342,-6.7342,91.0,converted
40584525,T,t,-5.8685,-5.8685,-5.8685,91.0,converted
40584525,T,t,-5.9055,-5.9055,-5.9055,91.0,converted
40584525,T,t,-6.2917,-6.2917,-6.2917,91.0,converted
40584525,T,t,-7.0208,-7.0208,-7.0208,91.0,converted
40584525,T,t,-7.4568,-7.4568,-7.4568,91.0,converted
40584525,T,t,-6.2193,-6.2193,-6.2193,91.0,converted
40584525,T,t,-6.6287,-6.6287,-6.6287,91.0,converted
40584525,T,t,-5.637,-5.637,-5.637,91.0,converted
40584525,T,t,-6.5346,-6.5346,-6.5346,91.0,converted
40584525,T,t,-6.5735,-6.5735,-6.5735,91.0,converted
40584525,T,t,-6.1816,-6.1816,-6.1816,91.0,converted
40584525,T,t,-6.3431,-6.3431,-6.3431,91.0,converted
40584525,T,t,-6.2329,-6.2329,-6.2329,91.0,converted
40584525,T,t,-8.1054,-8.1054,-8.1054,91.0,converted
40584525,T,t,-6.5127,-6.5127,-6.5127,91.0,converted
40584525,T,t,-6.6357,-6.6357,-6.6357,91.0,converted
40584525,T,t,-6.5856,-6.5856,-6.5856,91.0,converted
40584525,T,t,-6.2175,-6.2175,-6.2175,91.0,converted
40584525,T,t,-6.3255,-6.3255,-6.3255,91.0,converted
40584525,T,t,-5.7272,-5.7272,-5.7272,91.0,converted
40584525,T,t,-6.6268,-6.6268,-6.6268,91.0,converted
40584525,T,t,-7.1203,-7.1203,-7.1203,91.0,converted
40584525,T,t,-7.4602,-7.4602,-7.4602,91.0,converted
40584525,T,t,-5.9877,-5.9877,-5.9877,91.0,converted
40584525,T,t,-7.5512,-7.5512,-7.5512,91.0,converted
40584525,T,t,-6.5575,-6.5575,-6.5575,91.0,converted
40584525,T,t,-6.108,-6.108,-6.108,91.0,converted
40584525,T,t,-6.223,-6.223,-6.223,91.0,converted
40584525,T,t,-6.0484,-6.0484,-6.0484,91.0,converted
40584525,T,t,-8.2577,-8.2577,-8.2577,91.0,converted
40584525,T,t,-5.45,-5.45,-5.45,91.0,converted
40584525,T,t,-7.2258,-7.2258,-7.2258,91.0,converted
40584525,T,t,-6.21,-6.21,-6.21,91.0,converted
40584525,T,t,-6.5761,-6.5761,-6.5761,91.0,converted
40584525,T,t,-7.2428,-7.2428,-7.2428,91.0,converted
40584525,T,t,-5.4982,-5.4982,-5.4982,91.0,converted
40584525,T,t,-6.7251,-6.7251,-6.7251,91.0,converted
40584525,T,t,-7.6265,-7.6265,-7.6265,91.0,converted
40584525,T,t,-6.2803,-6.2803,-6.2803,91.0,converted
40584525,T,t,-7.7665,-7.7665,-7.7665,91.0,converted
40584525,T,t,-9.6638,-9.6638,-9.6638,91.0,converted
40584525,T,t,-6.9686,-6.9686,-6.9686,91.0,converted
40584525,T,t,-7.6731,-7.6731,-7.6731,91.0,converted
40584525,T,t,-6.3102,-6.3102,-6.3102,91.0,converted
40584525,T,t,-8.8562,-8.8562,-8.8562,91.0,converted
40584525,T,t,-8.1202,-8.1202,-8.1202,91.0,converted
40584525,T,t,-8.9735,-8.9735,-8.9735,91.0,converted
40584525,T,t,-7.2443,-7.2443,-7.2443,91.0,converted
40584525,T,t,-6.898,-6.898,-6.898,91.0,converted
40584525,T,t,-5.5346,-5.5346,-5.5346,91.0,converted
40584525,T,t,-5.1349,-5.1349,-5.1349,91.0,converted
40584525,T,t,-5.4593,-5.4593,-5.4593,91.0,converted
40584525,T,t,-6.1372,-6.1372,-6.1372,91.0,converted
40584525,T,t,-6.1248,-6.1248,-6.1248,91.0,converted
40584525,T,t,-7.9604,-7.9604,-7.9604,91.0,converted
40584525,T,t,-6.0139,-6.0139,-6.0139,91.0,converted
40584525,T,t,-6.677,-6.677,-6.677,91.0,converted
36530615,F,F,-3.92,-3.92,-3.92,32.0,converted
36530615,F,F,-4.45,-4.45,-4.45,32.0,converted
36530615,F,F,-4.00,-4.0,-4.0,32.0,converted
36530615,F,F,3.16,3.16,1.7776388834631178,32.0,converted
36530615,F,F,3.16,3.16,1.7776388834631178,32.0,converted
36530615,F,F,3.16,3.16,1.7776388834631178,32.0,converted
36530615,F,F,3.16,3.16,1.7776388834631178,32.0,converted
36530615,F,F,3.16,3.16,1.7776388834631178,32.0,converted
38245739,T,t,5.85,5.85,5.85,100.0,converted
38245739,T,t,-4.69,-4.69,-4.69,100.0,converted
38245739,T,t,-4.33,-4.33,-4.33,100.0,converted
38245739,T,t,-4.32,-4.32,-4.32,100.0,converted
38245739,T,t,-4.29,-4.29,-4.29,100.0,converted
38245739,T,t,-4.14,-4.14,-4.14,100.0,converted
38245739,T,t,8.71,8.71,8.71,100.0,converted
38245739,T,t,8.71,8.71,8.71,100.0,converted
38245739,T,t,8.71,8.71,8.71,100.0,converted
38245739,T,t,8.71,8.71,8.71,100.0,converted
38245739,T,t,8.71,8.71,8.71,100.0,converted
38245739,T,t,-5.42,-5.42,-5.42,100.0,converted
38245739,T,t,-5.43,-5.43,-5.43,100.0,converted
38245739,T,t,-5.42,-5.42,-5.42,100.0,converted
38245739,T,t,-5.42,-5.42,-5.42,100.0,converted
38245739,T,t,-5.84,-5.84,-5.84,100.0,converted
38245739,T,t,-5.84,-5.84,-5.84,100.0,converted
38245739,T,t,-5.84,-5.84,-5.84,100.0,converted
38245739,T,t,-5.84,-5.84,-5.84,100.0,converted
38245739,t,t,5.85,5.85,5.85,100.0,converted
38245739,t,t,-4.69,-4.69,-4.69,100.0,converted
38245739,t,t,-4.33,-4.33,-4.33,100.0,converted
38245739,t,t,-4.32,-4.32,-4.32,100.0,converted
38245739,t,t,-4.29,-4.29,-4.29,100.0,converted
38245739,t,t,-4.14,-4.14,-4.14,100.0,converted
38245739,t,t,8.71,8.71,8.71,100.0,converted
38245739,t,t,8.71,8.71,8.71,100.0,converted
38245739,t,t,8.71,8.71,8.71,100.0,converted
38245739,t,t,8.71,8.71,8.71,100.0,converted
38245739,t,t,8.71,8.71,8.71,100.0,converted
38245739,t,t,-5.42,-5.42,-5.42,100.0,converted
38245739,t,t,-5.43,-5.43,-5.43,100.0,converted
38245739,t,t,-5.42,-5.42,-5.42,100.0,converted
38245739,t,t,-5.42,-5.42,-5.42,100.0,converted
38245739,t,t,-5.84,-5.84,-5.84,100.0,converted
38245739,t,t,-5.84,-5.84,-5.84,100.0,converted
38245739,t,t,-5.84,-5.84,-5.84,100.0,converted
38245739,t,t,-5.84,-5.84,-5.84,100.0,converted
38245739,t,t,5.85,5.85,5.85,100.0,converted
38245739,t,t,-4.69,-4.69,-4.69,100.0,converted
38245739,t,t,-4.33,-4.33,-4.33,100.0,converted
38245739,t,t,-4.32,-4.32,-4.32,100.0,converted
38245739,t,t,-4.29,-4.29,-4.29,100.0,converted
38245739,t,t,-4.14,-4.14,-4.14,100.0,converted
38245739,t,t,8.71,8.71,8.71,100.0,converted
38245739,t,t,8.71,8.71,8.71,100.0,converted
38245739,t,t,8.71,8.71,8.71,100.0,converted
38245739,t,t,8.71,8.71,8.71,100.0,converted
38245739,t,t,8.71,8.71,8.71,100.0,converted
38245739,t,t,-5.42,-5.42,-5.42,100.0,converted
38245739,t,t,-5.43,-5.43,-5.43,100.0,converted
38245739,t,t,-5.42,-5.42,-5.42,100.0,converted
38245739,t,t,-5.42,-5.42,-5.42,100.0,converted
38245739,t,t,-5.84,-5.84,-5.84,100.0,converted
38245739,t,t,-5.84,-5.84,-5.84,100.0,converted
38245739,t,t,-5.84,-5.84,-5.84,100.0,converted
38245739,t,t,-5.84,-5.84,-5.84,100.0,converted
25220656,t value,t,3.19,3.19,3.19,24.0,converted
25220656,t value,t,4.63,4.63,4.63,24.0,converted
25220656,t value,t,5.04,5.04,5.04,24.0,converted
25220656,t value,t,3.96,3.96,3.96,24.0,converted
25220656,t value,t,3.98,3.98,3.98,24.0,converted
25220656,t value,t,3.41,3.41,3.41,24.0,converted
25220656,t value,t,4.11,4.11,4.11,24.0,converted
25220656,t value,t,3.92,3.92,3.92,24.0,converted
25220656,t value,t,3.88,3.88,3.88,24.0,converted
25220656,t value,t,4.33,4.33,4.33,24.0,converted
25220656,t value,t,4.47,4.47,4.47,24.0,converted
25220656,t value,t,5.36,5.36,5.36,24.0,converted
25220656,t value,t,5.37,5.37,5.37,24.0,converted
25220656,t value,t,5.36,5.36,5.36,24.0,converted
25220656,t value,t,4.69,4.69,4.69,24.0,converted
25220656,t value,t,4.39,4.39,4.39,24.0,converted
25220656,t value,t,3.99,3.99,3.99,24.0,converted
25220656,t value,t,4.81,4.81,4.81,24.0,converted
25220656,t value,t,4.17,4.17,4.17,24.0,converted
25220656,t value,t,4.34,4.34,4.34,24.0,converted
25220656,t value,t,3.99,3.99,3.99,24.0,converted
25220656,t,t,3.19,3.19,3.19,24.0,converted
25220656,t,t,4.63,4.63,4.63,24.0,converted
25220656,t,t,5.04,5.04,5.04,24.0,converted
25220656,t,t,3.96,3.96,3.96,24.0,converted
25220656,t,t,3.98,3.98,3.98,24.0,converted
25220656,t,t,3.41,3.41,3.41,24.0,converted
25220656,t,t,4.11,4.11,4.11,24.0,converted
25220656,t,t,3.92,3.92,3.92,24.0,converted
25220656,t,t,3.88,3.88,3.88,24.0,converted
25220656,t,t,4.33,4.33,4.33,24.0,converted
25220656,t,t,4.47,4.47,4.47,24.0,converted
25220656,t,t,5.36,5.36,5.36,24.0,converted
25220656,t,t,5.37,5.37,5.37,24.0,converted
25220656,t,t,5.36,5.36,5.36,24.0,converted
25220656,t,t,4.69,4.69,4.69,24.0,converted
25220656,t,t,4.39,4.39,4.39,24.0,converted
25220656,t,t,3.99,3.99,3.99,24.0,converted
25220656,t,t,4.81,4.81,4.81,24.0,converted
25220656,t,t,4.17,4.17,4.17,24.0,converted
25220656,t,t,4.34,4.34,4.34,24.0,converted
25220656,t,t,3.99,3.99,3.99,24.0,converted
27242492,T-Value,t,3.97,3.97,3.97,58.0,converted
27242492,T-Value,t,3.76,3.76,3.76,58.0,converted
27242492,T-Value,t,4.18,4.18,4.18,58.0,converted
27242492,T-Value,t,-3.66,-3.66,-3.66,58.0,converted
27242492,T-Value,t,-3.98,-3.98,-3.98,58.0,converted
27242492,t,t,3.97,3.97,3.97,58.0,converted
27242492,t,t,3.76,3.76,3.76,58.0,converted
27242492,t,t,4.18,4.18,4.18,58.0,converted
27242492,t,t,-3.66,-3.66,-3.66,58.0,converted
27242492,t,t,-3.98,-3.98,-3.98,58.0,converted
41999225,Z,z,4.51,4.51,4.6487987860125175,180.0,converted
41999225,Z,z,3.72,3.72,3.7989924743208787,180.0,converted
40329319,T value,t,4.25,4.25,4.25,,converted
40329319,T value,t,3.41,3.41,3.41,,converted
40329319,T value,t,3.41,3.41,3.41,,converted
40329319,T value,t,6.42,6.42,6.42,,converted
40329319,T value,t,4.25,4.25,4.25,,converted
40329319,T value,t,4.25,4.25,4.25,,converted
40329319,T value,t,6.17,6.17,6.17,,converted
40329319,T value,t,5.11,5.11,5.11,,converted
40329319,T value,t,5.64,5.64,5.64,,converted
40329319,T value,t,5.37,5.37,5.37,,converted
40329319,T value,t,9.05,9.05,9.05,,converted
40329319,T value,t,6.44,6.44,6.44,,converted
40329319,T value,t,5.90,5.9,5.9,,converted
40329319,T value,t,4.58,4.58,4.58,,converted
40329319,T value,t,5.37,5.37,5.37,,converted
40329319,T value,t,6.92,6.92,6.92,,converted
40329319,T value,t,8.39,8.39,8.39,,converted
40329319,T value,t,5.14,5.14,5.14,,converted
40329319,T value,t,4.84,4.84,4.84,,converted
40329319,T value,t,5.43,5.43,5.43,,converted
40329319,T value,t,5.65,5.65,5.65,,converted
40329319,T value,t,6.77,6.77,6.77,,converted
40329319,T value,t,6.10,6.1,6.1,,converted
40329319,T value,t,9.16,9.16,9.16,,converted
40329319,T value,t,6.32,6.32,6.32,,converted
40329319,T value,t,2.22,2.22,2.22,,converted
40329319,T value,t,3.10,3.1,3.1,,converted
40329319,T value,t,2.22,2.22,2.22,,converted
40329319,T value,t,2.22,2.22,2.22,,converted
40329319,T value,t,2.22,2.22,2.22,,converted
40329319,T value,t,2.22,2.22,2.22,,converted
40329319,T value,t,1.29,1.29,1.29,,converted
40329319,T value,t,4.92,4.92,4.92,,converted
40329319,T value,t,4.92,4.92,4.92,,converted
40329319,T value,t,4.27,4.27,4.27,,converted
40329319,T value,t,5.58,5.58,5.58,,converted
40329319,T value,t,8.17,8.17,8.17,,converted
40329319,T value,t,8.17,8.17,8.17,,converted
40329319,T value,t,7.50,7.5,7.5,,converted
40329319,T value,t,7.01,7.01,7.01,,converted
40329319,T value,t,9.34,9.34,9.34,,converted
40329319,T value,t,15.75,15.75,15.75,,converted
40329319,T value,t,9.99,9.99,9.99,,converted
40329319,T value,t,9.57,9.57,9.57,,converted
40329319,T value,t,5.72,5.72,5.72,,converted
40329319,T value,t,4.48,4.48,4.48,,converted
40329319,T value,t,4.48,4.48,4.48,,converted
40329319,T value,t,4.48,4.48,4.48,,converted
40329319,T value,t,5.10,5.1,5.1,,converted
40329319,T value,t,4.79,4.79,4.79,,converted
40329319,T value,t,6.64,6.64,6.64,,converted
40329319,T value,t,2.10,2.1,2.1,,converted
40329319,T value,t,3.09,3.09,3.09,,converted
40329319,T value,t,2.10,2.1,2.1,,converted
40329319,T value,t,2.10,2.1,2.1,,converted
40329319,T value,t,2.10,2.1,2.1,,converted
40329319,T value,t,4.16,4.16,4.16,,converted
40329319,T value,t,4.16,4.16,4.16,,converted
40329319,t,t,4.25,4.25,4.25,,converted
40329319,t,t,3.41,3.41,3.41,,converted
40329319,t,t,3.41,3.41,3.41,,converted
40329319,t,t,6.42,6.42,6.42,,converted
40329319,t,t,4.25,4.25,4.25,,converted
40329319,t,t,4.25,4.25,4.25,,converted
40329319,t,t,6.17,6.17,6.17,,converted
40329319,t,t,5.11,5.11,5.11,,converted
40329319,t,t,5.64,5.64,5.64,,converted
40329319,t,t,5.37,5.37,5.37,,converted
40329319,t,t,9.05,9.05,9.05,,converted
40329319,t,t,6.44,6.44,6.44,,converted
40329319,t,t,5.9,5.9,5.9,,converted
40329319,t,t,4.58,4.58,4.58,,converted
40329319,t,t,5.37,5.37,5.37,,converted
40329319,t,t,6.92,6.92,6.92,,converted
40329319,t,t,8.39,8.39,8.39,,converted
40329319,t,t,5.14,5.14,5.14,,converted
40329319,t,t,4.84,4.84,4.84,,converted
40329319,t,t,5.43,5.43,5.43,,converted
40329319,t,t,5.65,5.65,5.65,,converted
40329319,t,t,6.77,6.77,6.77,,converted
40329319,t,t,6.1,6.1,6.1,,converted
40329319,t,t,9.16,9.16,9.16,,converted
40329319,t,t,6.32,6.32,6.32,,converted
40329319,t,t,2.22,2.22,2.22,,converted
40329319,t,t,3.1,3.1,3.1,,converted
40329319,t,t,2.22,2.22,2.22,,converted
40329319,t,t,2.22,2.22,2.22,,converted
40329319,t,t,2.22,2.22,2.22,,converted
40329319,t,t,2.22,2.22,2.22,,converted
40329319,t,t,1.29,1.29,1.29,,converted
40329319,t,t,4.92,4.92,4.92,,converted
40329319,t,t,4.92,4.92,4.92,,converted
40329319,t,t,4.27,4.27,4.27,,converted
40329319,t,t,5.58,5.58,5.58,,converted
40329319,t,t,8.17,8.17,8.17,,converted
40329319,t,t,8.17,8.17,8.17,,converted
40329319,t,t,7.5,7.5,7.5,,converted
40329319,t,t,7.01,7.01,7.01,,converted
40329319,t,t,9.34,9.34,9.34,,converted
40329319,t,t,15.75,15.75,15.75,,converted
40329319,t,t,9.99,9.99,9.99,,converted
40329319,t,t,9.57,9.57,9.57,,converted
40329319,t,t,5.72,5.72,5.72,,converted
40329319,t,t,4.48,4.48,4.48,,converted
40329319,t,t,4.48,4.48,4.48,,converted
40329319,t,t,4.48,4.48,4.48,,converted
40329319,t,t,5.1,5.1,5.1,,converted
40329319,t,t,4.79,4.79,4.79,,converted
40329319,t,t,6.64,6.64,6.64,,converted
40329319,t,t,2.1,2.1,2.1,,converted
40329319,t,t,3.09,3.09,3.09,,converted
40329319,t,t,2.1,2.1,2.1,,converted
40329319,t,t,2.1,2.1,2.1,,converted
40329319,t,t,2.1,2.1,2.1,,converted
40329319,t,t,4.16,4.16,4.16,,converted
40329319,t,t,4.16,4.16,4.16,,converted
34108856,Peak Z Score,z,3.84,3.84,4.368707558296225,34.0,converted
34108856,Peak Z Score,z,-4.04,-4.04,-4.658616811208465,34.0,converted
40772121,t,t,-3.17,-3.17,-3.17,60.0,converted
40772121,t,t,-3.12,-3.12,-3.12,60.0,converted
40772121,t,t,-3.21,-3.21,-3.21,60.0,converted
40772121,t,t,-2.34,-2.34,-2.34,60.0,converted
40772121,t,t,-2.83,-2.83,-2.83,60.0,converted
40772121,t,t,-2.7,-2.7,-2.7,60.0,converted
40772121,t,t,-2.74,-2.74,-2.74,60.0,converted
40772121,t,t,-3.31,-3.31,-3.31,60.0,converted
40772121,t,t,-2.23,-2.23,-2.23,60.0,converted
40772121,t,t,-3.17,-3.17,-3.17,60.0,converted
40772121,t,t,-3.12,-3.12,-3.12,60.0,converted
40772121,t,t,-3.21,-3.21,-3.21,60.0,converted
40772121,t,t,-2.34,-2.34,-2.34,60.0,converted
40772121,t,t,-2.83,-2.83,-2.83,60.0,converted
40772121,t,t,-2.7,-2.7,-2.7,60.0,converted
40772121,t,t,-2.74,-2.74,-2.74,60.0,converted
40772121,t,t,-3.31,-3.31,-3.31,60.0,converted
40772121,t,t,-2.23,-2.23,-2.23,60.0,converted
27857211,t value,t,3.19,3.19,3.19,70.0,converted
27857211,t value,t,3.32,3.32,3.32,70.0,converted
27857211,t value,t,3.28,3.28,3.28,70.0,converted
27857211,t value,t,3.13,3.13,3.13,70.0,converted
27857211,t value,t,3.16,3.16,3.16,70.0,converted
27857211,t value,t,3.19,3.19,3.19,70.0,converted
27857211,t value,t,3.02,3.02,3.02,70.0,converted
27857211,t value,t,3.14,3.14,3.14,70.0,converted
27857211,t value,t,4.12,4.12,4.12,70.0,converted
27857211,t value,t,3.26,3.26,3.26,70.0,converted
27857211,t value,t,3.87,3.87,3.87,70.0,converted
27857211,t value,t,-4.77,-4.77,-4.77,70.0,converted
27857211,t value,t,-3.91,-3.91,-3.91,70.0,converted
27857211,t value,t,-3.25,-3.25,-3.25,70.0,converted
27857211,t value,t,-3.21,-3.21,-3.21,70.0,converted
27857211,t value,t,-3.77,-3.77,-3.77,70.0,converted
27857211,t value,t,-3.78,-3.78,-3.78,70.0,converted
27857211,t value,t,-3.41,-3.41,-3.41,70.0,converted
27857211,t value,t,-3.47,-3.47,-3.47,70.0,converted
27857211,t value,t,-3.23,-3.23,-3.23,70.0,converted
27857211,t value,t,-3.33,-3.33,-3.33,70.0,converted
27857211,t value,t,-3.60,-3.6,-3.6,70.0,converted
27857211,t value,t,-3.22,-3.22,-3.22,70.0,converted
27857211,t value,t,-3.39,-3.39,-3.39,70.0,converted
27857211,t value,t,-3.54,-3.54,-3.54,70.0,converted
27857211,t value,t,-3.14,-3.14,-3.14,70.0,converted
27857211,t value,t,-3.44,-3.44,-3.44,70.0,converted
27857211,t value,t,-3.31,-3.31,-3.31,70.0,converted
27857211,t value,t,-3.89,-3.89,-3.89,70.0,converted
27857211,t value,t,-3.09,-3.09,-3.09,70.0,converted
27857211,t,t,-4.77,-4.77,-4.77,70.0,converted
27857211,t,t,-3.91,-3.91,-3.91,70.0,converted
27857211,t,t,-3.25,-3.25,-3.25,70.0,converted
27857211,t,t,-3.21,-3.21,-3.21,70.0,converted
27857211,t,t,-3.77,-3.77,-3.77,70.0,converted
27857211,t,t,-3.78,-3.78,-3.78,70.0,converted
27857211,t,t,-3.41,-3.41,-3.41,70.0,converted
27857211,t,t,-3.47,-3.47,-3.47,70.0,converted
27857211,t,t,-3.23,-3.23,-3.23,70.0,converted
27857211,t,t,-3.33,-3.33,-3.33,70.0,converted
27857211,t,t,-3.6,-3.6,-3.6,70.0,converted
27857211,t,t,-3.22,-3.22,-3.22,70.0,converted
27857211,t,t,-3.39,-3.39,-3.39,70.0,converted
27857211,t,t,-3.54,-3.54,-3.54,70.0,converted
27857211,t,t,-3.14,-3.14,-3.14,70.0,converted
27857211,t,t,-3.44,-3.44,-3.44,70.0,converted
27857211,t,t,-3.31,-3.31,-3.31,70.0,converted
27857211,t,t,-3.89,-3.89,-3.89,70.0,converted
27857211,t,t,-3.09,-3.09,-3.09,70.0,converted
27857211,t,t,3.19,3.19,3.19,70.0,converted
27857211,t,t,3.32,3.32,3.32,70.0,converted
27857211,t,t,3.28,3.28,3.28,70.0,converted
27857211,t,t,3.13,3.13,3.13,70.0,converted
27857211,t,t,3.16,3.16,3.16,70.0,converted
27857211,t,t,3.19,3.19,3.19,70.0,converted
27857211,t,t,3.02,3.02,3.02,70.0,converted
27857211,t,t,3.14,3.14,3.14,70.0,converted
27857211,t,t,4.12,4.12,4.12,70.0,converted
27857211,t,t,3.26,3.26,3.26,70.0,converted
27857211,t,t,3.87,3.87,3.87,70.0,converted
39877657,F,F,19.52,19.52,-4.418144406874904,27.0,converted
39877657,F,F,18.35,18.35,-4.283689998120779,27.0,converted
39877657,F,F,23.53,23.53,-4.850773134253961,27.0,converted
39877657,F,F,20.13,20.13,-4.486646854834911,27.0,converted
39877657,F,F,12.77,12.77,-3.5735136770411273,27.0,converted
39877657,F,F,18.49,18.49,-4.3,27.0,converted
39877657,F,F,17.39,17.39,-4.170131892398609,27.0,converted
39877657,F,F,16.57,16.57,-4.070626487409524,27.0,converted
39877657,F,F,16.03,16.03,-4.00374824383352,27.0,converted
29951105,t,t,5.1157,5.1157,5.1157,21.0,converted
29951105,t,t,5.0297,5.0297,5.0297,21.0,converted
29951105,t,t,-6.144,-6.144,-6.144,21.0,converted
29951105,t,t,4.7565,4.7565,4.7565,21.0,converted
29951105,t,t,4.3581,4.3581,4.3581,21.0,converted
29951105,t,t,4.0723,4.0723,4.0723,21.0,converted
29951105,t,t,-5.436,-5.436,-5.436,21.0,converted
29951105,t,t,6.7392,6.7392,6.7392,21.0,converted
29951105,t,t,-4.1004,-4.1004,-4.1004,21.0,converted
29951105,t,t,-4.1896,-4.1896,-4.1896,21.0,converted
22916152,T-score,t,3.94,3.94,3.94,36.0,converted
22916152,T-score,t,5.46,5.46,5.46,36.0,converted
22916152,T-score,t,4.05,4.05,4.05,36.0,converted
22916152,T-score,t,3.78,3.78,3.78,36.0,converted
22916152,T-score,t,3.64,3.64,3.64,36.0,converted
22916152,T-score,t,3.37,3.37,3.37,36.0,converted
22916152,T-score,t,3.30,3.3,3.3,36.0,converted
22916152,T-score,t,3.15,3.15,3.15,36.0,converted
22916152,T-score,t,3.28,3.28,3.28,36.0,converted
22916152,T-score,t,-3.19,-3.19,-3.19,36.0,converted
22916152,T-score,t,-3.15,-3.15,-3.15,36.0,converted
22916152,T-score,t,-4.11,-4.11,-4.11,36.0,converted
22916152,T-score,t,-3.19,-3.19,-3.19,36.0,converted
22916152,T-score,t,-4.87,-4.87,-4.87,36.0,converted
22916152,T-score,t,-3.55,-3.55,-3.55,36.0,converted
22916152,T-score,t,-3.89,-3.89,-3.89,36.0,converted
22916152,T-score,t,-3.54,-3.54,-3.54,36.0,converted
22916152,T-score,t,-3.34,-3.34,-3.34,36.0,converted
22916152,T-score,t,-3.24,-3.24,-3.24,36.0,converted
22916152,T-score,t,-3.08,-3.08,-3.08,36.0,converted
22916152,T-score,t,4.77,4.77,4.77,36.0,converted
22916152,T-score,t,4.45,4.45,4.45,36.0,converted
22916152,T-score,t,6.81,6.81,6.81,36.0,converted
22916152,T-score,t,3.78,3.78,3.78,36.0,converted
22916152,T-score,t,4.03,4.03,4.03,36.0,converted
22916152,T-score,t,3.46,3.46,3.46,36.0,converted
22916152,T-score,t,4.35,4.35,4.35,36.0,converted
22916152,T-score,t,5.55,5.55,5.55,36.0,converted
22916152,T-score,t,3.60,3.6,3.6,36.0,converted
22916152,T-score,t,5.98,5.98,5.98,36.0,converted
22916152,T-score,t,4.47,4.47,4.47,36.0,converted
22916152,T-score,t,4.78,4.78,4.78,36.0,converted
22916152,T-score,t,3.41,3.41,3.41,36.0,converted
22916152,T-score,t,3.36,3.36,3.36,36.0,converted
22916152,T-score,t,4.39,4.39,4.39,36.0,converted
22916152,T-score,t,7.35,7.35,7.35,36.0,converted
22916152,T-score,t,4.21,4.21,4.21,36.0,converted
22916152,T-score,t,5.24,5.24,5.24,36.0,converted
22916152,T-score,t,6.09,6.09,6.09,36.0,converted
22916152,T-score,t,3.85,3.85,3.85,36.0,converted
22916152,T-score,t,3.48,3.48,3.48,36.0,converted
22916152,T-score,t,3.85,3.85,3.85,36.0,converted
22916152,T-score,t,4.83,4.83,4.83,36.0,converted
22916152,T-score,t,-3.91,-3.91,-3.91,36.0,converted
22916152,T-score,t,-4.53,-4.53,-4.53,36.0,converted
22916152,T-score,t,-3.69,-3.69,-3.69,36.0,converted
22916152,T-score,t,-5.19,-5.19,-5.19,36.0,converted
22916152,T-score,t,-4.11,-4.11,-4.11,36.0,converted
22916152,T-score,t,-4.56,-4.56,-4.56,36.0,converted
22916152,T-score,t,-5.28,-5.28,-5.28,36.0,converted
22916152,T-score,t,-4.01,-4.01,-4.01,36.0,converted
22916152,T-score,t,-3.64,-3.64,-3.64,36.0,converted
22916152,T-score,t,-4.06,-4.06,-4.06,36.0,converted
22916152,T-score,t,-5.20,-5.2,-5.2,36.0,converted
22916152,T-score,t,-6.06,-6.06,-6.06,36.0,converted
22916152,T-score,t,-5.15,-5.15,-5.15,36.0,converted
22916152,T-score,t,-4.20,-4.2,-4.2,36.0,converted
22916152,T-score,t,-3.88,-3.88,-3.88,36.0,converted
22916152,T-score,t,-4.16,-4.16,-4.16,36.0,converted
22916152,T-score,t,4.14,4.14,4.14,36.0,converted
22916152,T-score,t,4.46,4.46,4.46,36.0,converted
22916152,T-score,t,4.78,4.78,4.78,36.0,converted
22916152,T-score,t,4.89,4.89,4.89,36.0,converted
22916152,T-score,t,3.74,3.74,3.74,36.0,converted
22916152,T-score,t,4.31,4.31,4.31,36.0,converted
22916152,T-score,t,4.37,4.37,4.37,36.0,converted
22916152,T-score,t,3.83,3.83,3.83,36.0,converted
22916152,T-score,t,4.44,4.44,4.44,36.0,converted
22916152,T-score,t,-4.69,-4.69,-4.69,36.0,converted
22916152,T-score,t,-3.59,-3.59,-3.59,36.0,converted
22916152,T-score,t,-4.10,-4.1,-4.1,36.0,converted
22916152,T-score,t,-3.74,-3.74,-3.74,36.0,converted
22916152,T-score,t,-3.44,-3.44,-3.44,36.0,converted
22916152,T-score,t,-4.07,-4.07,-4.07,36.0,converted
22916152,T-score,t,-3.93,-3.93,-3.93,36.0,converted
22916152,T-score,t,-3.40,-3.4,-3.4,36.0,converted
22916152,T-score,t,4.57,4.57,4.57,36.0,converted
22916152,T-score,t,4.51,4.51,4.51,36.0,converted
22916152,T-score,t,5.49,5.49,5.49,36.0,converted
22916152,T-score,t,5.34,5.34,5.34,36.0,converted
22916152,T-score,t,4.65,4.65,4.65,36.0,converted
22916152,T-score,t,4.09,4.09,4.09,36.0,converted
22916152,T-score,t,3.65,3.65,3.65,36.0,converted
22916152,T-score,t,5.54,5.54,5.54,36.0,converted
22916152,T-score,t,3.95,3.95,3.95,36.0,converted
22916152,T-score,t,3.76,3.76,3.76,36.0,converted
22916152,T-score,t,3.37,3.37,3.37,36.0,converted
22916152,T-score,t,4.03,4.03,4.03,36.0,converted
22916152,T-score,t,4.46,4.46,4.46,36.0,converted
22916152,T-score,t,4.26,4.26,4.26,36.0,converted
22916152,T-score,t,3.38,3.38,3.38,36.0,converted
22916152,T-score,t,-4.16,-4.16,-4.16,36.0,converted
22916152,T-score,t,-5.06,-5.06,-5.06,36.0,converted
22916152,T-score,t,-6.67,-6.67,-6.67,36.0,converted
22916152,T-score,t,-4.06,-4.06,-4.06,36.0,converted
22916152,T-score,t,-4.69,-4.69,-4.69,36.0,converted
22916152,T-score,t,-5.17,-5.17,-5.17,36.0,converted
22916152,T-score,t,-4.32,-4.32,-4.32,36.0,converted
22916152,T-score,t,-4.20,-4.2,-4.2,36.0,converted
22916152,T-score,t,-3.86,-3.86,-3.86,36.0,converted
22916152,T-score,t,-3.54,-3.54,-3.54,36.0,converted
22916152,T-score,t,-5.61,-5.61,-5.61,36.0,converted
22916152,T-score,t,-4.39,-4.39,-4.39,36.0,converted
22916152,T-score,t,-3.69,-3.69,-3.69,36.0,converted
22916152,T-score,t,-4.13,-4.13,-4.13,36.0,converted
22916152,T-score,t,-3.99,-3.99,-3.99,36.0,converted
22916152,T-score,t,-4.54,-4.54,-4.54,36.0,converted
22916152,T-score,t,-4.04,-4.04,-4.04,36.0,converted
22916152,T-score,t,-3.72,-3.72,-3.72,36.0,converted
22916152,T-score,t,-4.41,-4.41,-4.41,36.0,converted
22916152,T-score,t,-4.03,-4.03,-4.03,36.0,converted
22916152,T-score,t,-4.30,-4.3,-4.3,36.0,converted
22916152,T-score,t,-4.93,-4.93,-4.93,36.0,converted
22916152,T-score,t,-4.11,-4.11,-4.11,36.0,converted
22916152,T-score,t,-3.83,-3.83,-3.83,36.0,converted
22916152,T-score,t,-3.87,-3.87,-3.87,36.0,converted
22916152,T-score,t,-5.73,-5.73,-5.73,36.0,converted
22916152,T-score,t,-6.66,-6.66,-6.66,36.0,converted
22916152,T-score,t,-3.62,-3.62,-3.62,36.0,converted
22916152,T-score,t,-5.82,-5.82,-5.82,36.0,converted
22916152,T-score,t,4.48,4.48,4.48,36.0,converted
22916152,T-score,t,4.43,4.43,4.43,36.0,converted
22916152,T-score,t,3.50,3.5,3.5,36.0,converted
22916152,T-score,t,3.49,3.49,3.49,36.0,converted
22916152,T-score,t,5.08,5.08,5.08,36.0,converted
22916152,T-score,t,4.47,4.47,4.47,36.0,converted
22916152,T-score,t,4.27,4.27,4.27,36.0,converted
22916152,T-score,t,3.42,3.42,3.42,36.0,converted
22916152,T-score,t,3.34,3.34,3.34,36.0,converted
22916152,T-score,t,3.72,3.72,3.72,36.0,converted
22916152,T-score,t,3.65,3.65,3.65,36.0,converted
22916152,T-score,t,4.71,4.71,4.71,36.0,converted
22916152,T-score,t,4.81,4.81,4.81,36.0,converted
22916152,T-score,t,3.29,3.29,3.29,36.0,converted
22916152,T-score,t,3.50,3.5,3.5,36.0,converted
22916152,T-score,t,4.46,4.46,4.46,36.0,converted
22916152,T-score,t,-3.64,-3.64,-3.64,36.0,converted
22916152,T-score,t,-3.88,-3.88,-3.88,36.0,converted
22916152,T-score,t,-3.68,-3.68,-3.68,36.0,converted
22916152,T-score,t,-4.10,-4.1,-4.1,36.0,converted
22916152,T-score,t,-3.58,-3.58,-3.58,36.0,converted
22916152,T-score,t,-3.95,-3.95,-3.95,36.0,converted
22916152,T-score,t,-3.40,-3.4,-3.4,36.0,converted
22916152,T-score,t,-3.57,-3.57,-3.57,36.0,converted
22916152,T-score,t,-3.95,-3.95,-3.95,36.0,converted
22916152,T-score,t,-3.35,-3.35,-3.35,36.0,converted
32807158,t-value,t,-5.18,-5.18,-5.18,45.0,converted
32807158,t-value,t,-5.83,-5.83,-5.83,45.0,converted
32807158,t-value,t,-5.02,-5.02,-5.02,45.0,converted
32807158,t-value,t,-4.92,-4.92,-4.92,45.0,converted
32807158,t-value,t,-5.09,-5.09,-5.09,45.0,converted
32807158,t-value,t,-4.69,-4.69,-4.69,45.0,converted
32807158,t-value,t,-4.66,-4.66,-4.66,45.0,converted
32807158,t-value,t,-5.40,-5.4,-5.4,45.0,converted
32807158,t-value,t,-5.58,-5.58,-5.58,45.0,converted
32807158,t-value,t,-4.61,-4.61,-4.61,45.0,converted
32807158,t-value,t,-5.09,-5.09,-5.09,45.0,converted
32807158,t-value,t,-5.32,-5.32,-5.32,45.0,converted
32807158,t-value,t,-5.73,-5.73,-5.73,45.0,converted
32807158,t-value,t,-4.59,-4.59,-4.59,45.0,converted
38681626,F-value,F,26.430,26.43,5.141011573610781,28.0,converted
38681626,F-value,F,25.122,25.122,5.012185152206571,28.0,converted
38681626,F-value,F,27.523,27.523,5.246236746468844,28.0,converted
38681626,F-value,F,25.989,25.989,5.097940760738594,28.0,converted
38681626,F-value,F,13.177,13.177,3.63001377407855,28.0,converted
38681626,F-value,F,22.513,22.513,4.744786612693979,28.0,converted
24603951,T-score,t,5.12,5.12,5.12,28.0,converted
24603951,T-score,t,3.51,3.51,3.51,28.0,converted
24603951,T-score,t,3.06,3.06,3.06,28.0,converted
24603951,T-score,t,3.22,3.22,3.22,28.0,converted
24603951,t,t,5.12,5.12,5.12,28.0,converted
24603951,t,t,3.51,3.51,3.51,28.0,converted
24603951,t,t,3.06,3.06,3.06,28.0,converted
24603951,t,t,3.22,3.22,3.22,28.0,converted
33146953,t,t,7.34,7.34,7.34,30.0,converted
33146953,t,t,6.45,6.45,6.45,30.0,converted
33146953,t,t,7.48,7.48,7.48,30.0,converted
33146953,t,t,6.45,6.45,6.45,30.0,converted
33146953,t,t,6.24,6.24,6.24,30.0,converted
33146953,t,t,7.68,7.68,7.68,30.0,converted
33146953,t,t,6.93,6.93,6.93,30.0,converted
33146953,t,t,7.19,7.19,7.19,30.0,converted
33146953,t,t,6.84,6.84,6.84,30.0,converted
33146953,t,t,8.63,8.63,8.63,30.0,converted
33146953,t,t,−4.75,-4.75,-4.75,30.0,converted
33146953,t,t,−4.55,-4.55,-4.55,30.0,converted
33146953,t,t,5.58,5.58,5.58,30.0,converted
35464313,T value,t,-4.09,-4.09,-4.09,115.0,converted
35464313,T value,t,-3.67,-3.67,-3.67,115.0,converted
35464313,T value,t,-3.79,-3.79,-3.79,115.0,converted
35464313,T value,t,3.76,3.76,3.76,115.0,converted
35464313,T value,t,-4.45,-4.45,-4.45,115.0,converted
35464313,T value,t,-4.12,-4.12,-4.12,115.0,converted
39543627,Peak Z Score,z,4.22,4.22,4.556777556822146,65.0,converted
39543627,Peak Z Score,z,4.17,4.17,4.494897760516643,65.0,converted
39543627,Peak Z Score,z,-3.2,-3.2,-3.348717711334858,65.0,converted
39543627,Z,z,4.22,4.22,4.556777556822146,65.0,converted
39543627,Z,z,4.17,4.17,4.494897760516643,65.0,converted
39543627,Z,z,-3.2,-3.2,-3.348717711334858,65.0,converted
36744205,T Score,t,-7.15,-7.15,-7.15,23.0,converted
36744205,T Score,t,-8.10,-8.1,-8.1,23.0,converted
36744205,T Score,t,-6.59,-6.59,-6.59,23.0,converted
36744205,T Score,t,-4.58,-4.58,-4.58,23.0,converted
36744205,T Score,t,-9.21,-9.21,-9.21,23.0,converted
36744205,T Score,t,-5.24,-5.24,-5.24,23.0,converted
36744205,T Score,t,-2.39,-2.39,-2.39,23.0,converted
36744205,T Score,t,-5.11,-5.11,-5.11,23.0,converted
36744205,T Score,t,-6.45,-6.45,-6.45,23.0,converted
36744205,T Score,t,-5.39,-5.39,-5.39,23.0,converted
36744205,T Score,t,-5.35,-5.35,-5.35,23.0,converted
36744205,T Score,t,-5.41,-5.41,-5.41,23.0,converted
36744205,T Score,t,-4.31,-4.31,-4.31,23.0,converted
36744205,T Score,t,4.82,4.82,4.82,23.0,converted
36744205,T Score,t,4.38,4.38,4.38,23.0,converted
28443010,t score,t,-7.0946,-7.0946,-7.0946,38.0,converted
17240066,Z-score,z,-3.30,-3.3,-3.9806802203413736,19.0,converted
17240066,Z-score,z,-3.70,-3.7,-4.679014607889229,19.0,converted
17240066,Z-score,z,-3.42,-3.42,-4.181443107271288,19.0,converted
17240066,Z-score,z,-3.30,-3.3,-3.9806802203413736,19.0,converted
17240066,Z-score,z,-4.33,-4.33,-5.980187226251027,19.0,converted
17240066,Z-score,z,-3.00,-3.0,-3.507497985052232,19.0,converted
17240066,Z-score,z,-4.15,-4.15,-5.579091435391577,19.0,converted
17240066,Z-score,z,2.88,2.88,3.3285969244982665,19.0,converted
17240066,Z-score,z,-3.16,-3.16,-3.7550031901305063,19.0,converted
17240066,Z-score,z,-3.57,-3.57,-4.442668331436995,19.0,converted
17240066,Z-score,z,-4.15,-4.15,-5.579091435391577,19.0,converted
17240066,Z-score,z,-4.08,-4.08,-5.429899152758836,19.0,converted
17240066,Z-score,z,-2.85,-2.85,-3.2847204550789786,19.0,converted
17240066,Z-score,z,3.14,3.14,3.7234760906008457,19.0,converted
17240066,Z-score,z,3.17,3.17,3.7708318987344707,19.0,converted
17240066,Z-score,z,2.83,2.83,3.255651990241913,19.0,converted
17240066,Z-score,z,4.80,4.8,7.163596377981802,19.0,converted
17240066,Z-score,z,3.66,3.66,4.605263682558281,19.0,converted
17240066,Z-score,z,-3.27,-3.27,-3.931567883637428,19.0,converted
17240066,Z-score,z,-3.79,-3.79,-4.848438928772489,19.0,converted
17240066,Z-score,z,-3.37,-3.37,-4.096937288757768,19.0,converted
17240066,Z-score,z,3.37,3.37,4.096937288757768,19.0,converted
17240066,Z-score,z,-3.54,-3.54,-4.389468504498575,19.0,converted
17240066,Z-score,z,-3.95,-3.95,-5.162219214058244,19.0,converted
17240066,Z-score,z,-4.37,-4.37,-6.0729247189488245,19.0,converted
17240066,Z-score,z,-3.66,-3.66,-4.605263682558281,19.0,converted
17240066,Z-score,z,3.96,3.96,5.182391740058121,19.0,converted
17240066,Z-score,z,-3.55,-3.55,-4.40714743726636,19.0,converted
17240066,Z-score,z,2.85,2.85,3.2847204550789786,19.0,converted
17240066,Z,z,-3.3,-3.3,-3.9806802203413736,19.0,converted
17240066,Z,z,-3.7,-3.7,-4.679014607889229,19.0,converted
17240066,Z,z,-3.42,-3.42,-4.181443107271288,19.0,converted
17240066,Z,z,-3.3,-3.3,-3.9806802203413736,19.0,converted
17240066,Z,z,-4.33,-4.33,-5.980187226251027,19.0,converted
17240066,Z,z,-3.0,-3.0,-3.507497985052232,19.0,converted
17240066,Z,z,-4.15,-4.15,-5.579091435391577,19.0,converted
17240066,Z,z,2.88,2.88,3.3285969244982665,19.0,converted
17240066,Z,z,-3.16,-3.16,-3.7550031901305063,19.0,converted
17240066,Z,z,-3.57,-3.57,-4.442668331436995,19.0,converted
17240066,Z,z,-4.15,-4.15,-5.579091435391577,19.0,converted
17240066,Z,z,-4.08,-4.08,-5.429899152758836,19.0,converted
17240066,Z,z,-2.85,-2.85,-3.2847204550789786,19.0,converted
17240066,Z,z,-3.27,-3.27,-3.931567883637428,19.0,converted
17240066,Z,z,-3.79,-3.79,-4.848438928772489,19.0,converted
17240066,Z,z,-3.37,-3.37,-4.096937288757768,19.0,converted
17240066,Z,z,3.37,3.37,4.096937288757768,19.0,converted
17240066,Z,z,-3.54,-3.54,-4.389468504498575,19.0,converted
17240066,Z,z,-3.95,-3.95,-5.162219214058244,19.0,converted
17240066,Z,z,-4.37,-4.37,-6.0729247189488245,19.0,converted
17240066,Z,z,-3.66,-3.66,-4.605263682558281,19.0,converted
17240066,Z,z,3.96,3.96,5.182391740058121,19.0,converted
17240066,Z,z,-3.55,-3.55,-4.40714743726636,19.0,converted
17240066,Z,z,2.85,2.85,3.2847204550789786,19.0,converted
35115998,Z Value,z,-4.16,-4.16,-4.949675686335826,30.0,converted
35115998,Z Value,z,4.97,4.97,6.3759618110248475,30.0,converted
35115998,Z Value,z,-4.65,-4.65,-5.779328178329969,30.0,converted
35115998,Z,z,-4.16,-4.16,-4.949675686335826,30.0,converted
35115998,Z,z,4.97,4.97,6.3759618110248475,30.0,converted
35115998,Z,z,-4.65,-4.65,-5.779328178329969,30.0,converted
30914919,T-value,t,not_reported,,,15.0,failed
30914919,not_reported,unknown,not_reported,,,15.0,failed
30914919,not_reported,unknown,not_reported,,,15.0,failed
30914919,not_reported,unknown,not_reported,,,15.0,failed
30914919,not_reported,unknown,not_reported,,,15.0,failed
30914919,not_reported,unknown,not_reported,,,15.0,failed
30914919,p,p_value,not_reported,,,15.0,failed
30914919,p,p_value,not_reported,,,15.0,failed
30914919,p,p_value,not_reported,,,15.0,failed
30914919,p,p_value,not_reported,,,15.0,failed
30914919,p,p_value,not_reported,,,15.0,failed
30914919,p,p_value,not_reported,,,15.0,failed
26839078,Z,z,5.81,5.81,6.343277306028164,104.0,converted
26839078,Z,z,3.91,3.91,4.071789289898769,104.0,converted
26839078,Z,z,2.84,2.84,2.9044247251164967,104.0,converted
26839078,Z,z,3.41,3.41,3.5185607855422285,104.0,converted
26839078,Z,z,4.34,4.34,4.560322468539661,104.0,converted
26839078,Z,z,3.55,3.55,3.6719866705073505,104.0,converted
26839078,Z,z,4.11,4.11,4.297439745268553,104.0,converted
26839078,Z,z,3.24,3.24,3.3336926642081037,104.0,converted
26839078,Z,z,3.98,3.98,4.150466609608182,104.0,converted
26839078,Z,z,3.58,3.58,3.70500787527849,104.0,converted
26839078,Z,z,4.55,4.55,4.803712572685413,104.0,converted
26839078,Z,z,5.81,5.81,6.343277306028164,104.0,converted
26839078,Z,z,3.91,3.91,4.071789289898769,104.0,converted
26839078,Z,z,2.84,2.84,2.9044247251164967,104.0,converted
26839078,Z,z,3.41,3.41,3.5185607855422285,104.0,converted
26839078,Z,z,4.34,4.34,4.560322468539661,104.0,converted
26839078,Z,z,3.55,3.55,3.6719866705073505,104.0,converted
26839078,Z,z,4.11,4.11,4.297439745268553,104.0,converted
26839078,Z,z,3.24,3.24,3.3336926642081037,104.0,converted
26839078,Z,z,3.98,3.98,4.150466609608182,104.0,converted
26839078,Z,z,3.58,3.58,3.70500787527849,104.0,converted
26839078,Z,z,4.55,4.55,4.803712572685413,104.0,converted
37305743,T,t,5.96,5.96,5.96,41.0,converted
37305743,T,t,4.66,4.66,4.66,41.0,converted
37305743,t,t,5.96,5.96,5.96,41.0,converted
37305743,t,t,4.66,4.66,4.66,41.0,converted
37305743,t,t,4.88,4.88,4.88,41.0,converted
24968124,Z-score,z,6.44,6.44,11.326871399061929,24.0,converted
24968124,Z-score,z,5.98,5.98,9.666059008417967,24.0,converted
24968124,Z-score,z,5.92,5.92,9.47024300432845,24.0,converted
24968124,Z-score,z,5.58,5.58,8.438868795591723,24.0,converted
24968124,Z-score,z,5.52,5.52,8.269634866820004,24.0,converted
24968124,Z-score,z,5.44,5.44,8.04948198546346,24.0,converted
24968124,Z-score,z,4.28,4.28,5.430730511828552,24.0,converted
24968124,Z-score,z,4.66,4.66,6.18636627120222,24.0,converted
24968124,Z-score,z,3.74,3.74,4.486084480836776,24.0,converted
24968124,Z-score,z,-7.11,-7.11,-14.370359718253177,24.0,converted
24968124,Z-score,z,-4.71,-4.71,-6.29232606089647,24.0,converted
24968124,Z-score,z,-5.27,-5.27,-7.601447278512805,24.0,converted
24968124,Z-score,z,-4.82,-4.82,-6.531277663905953,24.0,converted
24968124,Z-score,z,5.11,5.11,7.20273078083824,24.0,converted
24968124,Z-score,z,5.27,5.27,7.601447278512805,24.0,converted
24968124,Z-score,z,3.85,3.85,4.667777183022839,24.0,converted
24968124,Z-score,z,4.71,4.71,6.29232606089647,24.0,converted
24968124,Z-score,z,4.61,4.61,6.08200905317197,24.0,converted
24968124,Z-score,z,4.54,4.54,5.938527065244913,24.0,converted
24968124,Z-score,z,-6.68,-6.68,-12.321309862601755,24.0,converted
24968124,Z-score,z,-4.43,-4.43,-5.718998199624061,24.0,converted
24968124,Z-score,z,-3.84,-3.84,-4.651048912402956,24.0,converted
24968124,Z-score,z,-4.05,-4.05,-5.011660489671604,24.0,converted
24968124,Z-score,z,-4.76,-4.76,-6.399928496052345,24.0,converted
24968124,Z-score,z,-5.11,-5.11,-7.20273078083824,24.0,converted
24968124,Z-score,z,-7.21,-7.21,-14.903221586307193,24.0,converted
24968124,Z,z,6.44,6.44,11.326871399061929,24.0,converted
24968124,Z,z,5.98,5.98,9.666059008417967,24.0,converted
24968124,Z,z,5.92,5.92,9.47024300432845,24.0,converted
24968124,Z,z,5.58,5.58,8.438868795591723,24.0,converted
24968124,Z,z,5.52,5.52,8.269634866820004,24.0,converted
24968124,Z,z,5.44,5.44,8.04948198546346,24.0,converted
24968124,Z,z,4.28,4.28,5.430730511828552,24.0,converted
24968124,Z,z,4.66,4.66,6.18636627120222,24.0,converted
24968124,Z,z,3.74,3.74,4.486084480836776,24.0,converted
24968124,Z,z,-7.11,-7.11,-14.370359718253177,24.0,converted
24968124,Z,z,-4.71,-4.71,-6.29232606089647,24.0,converted
24968124,Z,z,-5.27,-5.27,-7.601447278512805,24.0,converted
24968124,Z,z,-4.82,-4.82,-6.531277663905953,24.0,converted
24968124,Z,z,5.11,5.11,7.20273078083824,24.0,converted
24968124,Z,z,5.27,5.27,7.601447278512805,24.0,converted
24968124,Z,z,3.85,3.85,4.667777183022839,24.0,converted
24968124,Z,z,4.71,4.71,6.29232606089647,24.0,converted
24968124,Z,z,4.61,4.61,6.08200905317197,24.0,converted
24968124,Z,z,4.54,4.54,5.938527065244913,24.0,converted
24968124,Z,z,-6.68,-6.68,-12.321309862601755,24.0,converted
24968124,Z,z,-4.43,-4.43,-5.718998199624061,24.0,converted
24968124,Z,z,-3.84,-3.84,-4.651048912402956,24.0,converted
24968124,Z,z,-4.05,-4.05,-5.011660489671604,24.0,converted
24968124,Z,z,-4.76,-4.76,-6.399928496052345,24.0,converted
24968124,Z,z,-5.11,-5.11,-7.20273078083824,24.0,converted
24968124,Z,z,-7.21,-7.21,-14.903221586307193,24.0,converted
34122321,T-value,t,4.4607,4.4607,4.4607,49.0,converted
34122321,T-value,t,4.9429,4.9429,4.9429,49.0,converted
34122321,t,t,4.4607,4.4607,4.4607,49.0,converted
34122321,t,t,4.9429,4.9429,4.9429,49.0,converted
30034336,Peak intensity,t,4.12,4.12,4.12,35.0,converted
30034336,Peak intensity,t,-5.30,-5.3,-5.3,35.0,converted
30034336,Peak intensity,t,4.42,4.42,4.42,35.0,converted
30034336,Peak intensity,t,4.65,4.65,4.65,35.0,converted
30034336,Peak intensity,t,5.10,5.1,5.1,35.0,converted
30034336,Peak intensity,t,4.31,4.31,4.31,35.0,converted
30034336,Peak intensity,t,4.55,4.55,4.55,35.0,converted
30034336,Peak intensity,t,5.51,5.51,5.51,35.0,converted
30034336,Peak intensity,t,4.29,4.29,4.29,35.0,converted
30034336,Peak intensity,t,4.14,4.14,4.14,35.0,converted
30034336,Peak intensity,t,-4.77,-4.77,-4.77,35.0,converted
30034336,Peak intensity,t,-4.04,-4.04,-4.04,35.0,converted
30034336,Peak intensity,t,-3.95,-3.95,-3.95,35.0,converted
30034336,Peak intensity,t,-5.47,-5.47,-5.47,35.0,converted
30034336,Peak intensity,t,4.42,4.42,4.42,35.0,converted
30034336,Peak intensity,t,-5.70,-5.7,-5.7,35.0,converted
30034336,Peak intensity,t,4.54,4.54,4.54,35.0,converted
30034336,Peak intensity,t,4.82,4.82,4.82,35.0,converted
30034336,Peak intensity,t,3.25,3.25,3.25,35.0,converted
30034336,Peak intensity,t,2.94,2.94,2.94,35.0,converted
30034336,Peak intensity,t,3.54,3.54,3.54,35.0,converted
30034336,Peak intensity,t,3.89,3.89,3.89,35.0,converted
30034336,Peak intensity,t,4.38,4.38,4.38,35.0,converted
30034336,t,t,4.12,4.12,4.12,35.0,converted
30034336,t,t,-5.3,-5.3,-5.3,35.0,converted
30034336,t,t,4.42,4.42,4.42,35.0,converted
30034336,t,t,4.65,4.65,4.65,35.0,converted
30034336,t,t,5.1,5.1,5.1,35.0,converted
30034336,t,t,4.31,4.31,4.31,35.0,converted
30034336,t,t,4.55,4.55,4.55,35.0,converted
30034336,t,t,5.51,5.51,5.51,35.0,converted
30034336,t,t,4.29,4.29,4.29,35.0,converted
30034336,t,t,4.14,4.14,4.14,35.0,converted
30034336,t,t,-4.77,-4.77,-4.77,35.0,converted
30034336,t,t,-4.04,-4.04,-4.04,35.0,converted
30034336,t,t,-3.95,-3.95,-3.95,35.0,converted
30034336,t,t,-5.47,-5.47,-5.47,35.0,converted
30034336,t,t,4.42,4.42,4.42,35.0,converted
30034336,t,t,-5.7,-5.7,-5.7,35.0,converted
30034336,t,t,4.54,4.54,4.54,35.0,converted
30034336,t,t,4.82,4.82,4.82,35.0,converted
30034336,t,t,3.25,3.25,3.25,35.0,converted
30034336,t,t,2.94,2.94,2.94,35.0,converted
30034336,t,t,3.54,3.54,3.54,35.0,converted
30034336,t,t,3.89,3.89,3.89,35.0,converted
30034336,t,t,4.38,4.38,4.38,35.0,converted
37901421,t-max,t,4.29,4.29,4.29,51.0,converted
37901421,t-max,t,4,4.0,4.0,51.0,converted
37901421,t,t,4.29,4.29,4.29,51.0,converted
37901421,t,t,4.0,4.0,4.0,51.0,converted
40995472,t-value,t,5.500,5.5,5.5,46.0,converted
40995472,t-value,t,4.882,4.882,4.882,46.0,converted
40995472,t-value,t,4.864,4.864,4.864,46.0,converted
40995472,t-value,t,7.383,7.383,7.383,46.0,converted
40995472,t-value,t,5.739,5.739,5.739,46.0,converted
40995472,t-value,t,5.287,5.287,5.287,46.0,converted
40995472,t-value,t,6.592,6.592,6.592,46.0,converted
40995472,t-value,t,5.565,5.565,5.565,46.0,converted
40995472,t-value,t,4.523,4.523,4.523,46.0,converted
40995472,t-value,t,5.482,5.482,5.482,46.0,converted
40995472,t-value,t,5.135,5.135,5.135,46.0,converted
40995472,t-value,t,9.999,9.999,9.999,46.0,converted
40995472,t-value,t,4.803,4.803,4.803,46.0,converted
40995472,t-value,t,7.194,7.194,7.194,46.0,converted
40995472,t-value,t,6.735,6.735,6.735,46.0,converted
40995472,t-value,t,6.093,6.093,6.093,46.0,converted
40995472,t,t,5.5,5.5,5.5,46.0,converted
40995472,t,t,4.882,4.882,4.882,46.0,converted
40995472,t,t,4.864,4.864,4.864,46.0,converted
40995472,t,t,7.383,7.383,7.383,46.0,converted
40995472,t,t,5.739,5.739,5.739,46.0,converted
40995472,t,t,5.287,5.287,5.287,46.0,converted
40995472,t,t,6.592,6.592,6.592,46.0,converted
40995472,t,t,5.565,5.565,5.565,46.0,converted
40995472,t,t,4.523,4.523,4.523,46.0,converted
40995472,t,t,5.482,5.482,5.482,46.0,converted
40995472,t,t,5.135,5.135,5.135,46.0,converted
40995472,t,t,9.999,9.999,9.999,46.0,converted
40995472,t,t,4.803,4.803,4.803,46.0,converted
40995472,t,t,7.194,7.194,7.194,46.0,converted
40995472,t,t,6.735,6.735,6.735,46.0,converted
40995472,t,t,6.093,6.093,6.093,46.0,converted
42131703,t,t,-4.498,-4.498,-4.498,98.0,converted
42131703,t,t,-4.532,-4.532,-4.532,98.0,converted
42131703,t,t,4.362,4.362,4.362,98.0,converted
41641330,t-value,t,12.7535,12.7535,12.7535,24.0,converted
41641330,t-value,t,12.7535,12.7535,12.7535,24.0,converted
41641330,t-value,t,10.9052,10.9052,10.9052,24.0,converted
41641330,t-value,t,10.9052,10.9052,10.9052,24.0,converted
41641330,t-value,t,10.4508,10.4508,10.4508,24.0,converted
41641330,t-value,t,10.4508,10.4508,10.4508,24.0,converted
41641330,t-value,t,10.0876,10.0876,10.0876,24.0,converted
41641330,t-value,t,10.0876,10.0876,10.0876,24.0,converted
41641330,t-value,t,10.0314,10.0314,10.0314,24.0,converted
41641330,t-value,t,10.0314,10.0314,10.0314,24.0,converted
41641330,t-value,t,6.8235,6.8235,6.8235,24.0,converted
41641330,t-value,t,4.1526,4.1526,4.1526,24.0,converted
41641330,t-value,t,6.8235,6.8235,6.8235,24.0,converted
41641330,t-value,t,4.1526,4.1526,4.1526,24.0,converted
41641330,t,t,6.8235,6.8235,6.8235,24.0,converted
41641330,t,t,4.1526,4.1526,4.1526,24.0,converted
41641330,t,t,6.8235,6.8235,6.8235,24.0,converted
41641330,t,t,4.1526,4.1526,4.1526,24.0,converted
41641330,t,t,-5.2773,-5.2773,-5.2773,24.0,converted
41641330,t,t,-5.2773,-5.2773,-5.2773,24.0,converted
41351443,t,t,-5.03,-5.03,-5.03,66.0,converted
41351443,t,t,-6.51,-6.51,-6.51,66.0,converted
41351443,t,t,-4.78,-4.78,-4.78,66.0,converted
41351443,t,t,-6.42,-6.42,-6.42,66.0,converted
41351443,t,t,-4.08,-4.08,-4.08,66.0,converted
41351443,t,t,-5.26,-5.26,-5.26,66.0,converted
41351443,t,t,-3.87,-3.87,-3.87,66.0,converted
41351443,t,t,-3.57,-3.57,-3.57,66.0,converted
41351443,t,t,-3.61,-3.61,-3.61,66.0,converted
41351443,t,t,-4.18,-4.18,-4.18,66.0,converted
41351443,t,t,-5.4,-5.4,-5.4,66.0,converted
41351443,t,t,-5.08,-5.08,-5.08,66.0,converted
41351443,t,t,-4.5,-4.5,-4.5,66.0,converted
41351443,t,t,-4.98,-4.98,-4.98,66.0,converted
41351443,t,t,-3.54,-3.54,-3.54,66.0,converted
41351443,t,t,-5.23,-5.23,-5.23,66.0,converted
41351443,t,t,-4.94,-4.94,-4.94,66.0,converted
41351443,t,t,-4.68,-4.68,-4.68,66.0,converted
41351443,t,t,-4.34,-4.34,-4.34,66.0,converted
41351443,t,t,-3.77,-3.77,-3.77,66.0,converted
41351443,t,t,-3.48,-3.48,-3.48,66.0,converted
41351443,t,t,-3.66,-3.66,-3.66,66.0,converted
41351443,t,t,-3.33,-3.33,-3.33,66.0,converted
41351443,t,t,-3.74,-3.74,-3.74,66.0,converted
41351443,t,t,-3.29,-3.29,-3.29,66.0,converted
41351443,t,t,-3.58,-3.58,-3.58,66.0,converted
41351443,t,t,-3.57,-3.57,-3.57,66.0,converted
41351443,t,t,-3.37,-3.37,-3.37,66.0,converted
41351443,t,t,-4.25,-4.25,-4.25,66.0,converted
41351443,t,t,-3.56,-3.56,-3.56,66.0,converted
41351443,t,t,-4.77,-4.77,-4.77,66.0,converted
41351443,t,t,-5.28,-5.28,-5.28,66.0,converted
41351443,t,t,-4.67,-4.67,-4.67,66.0,converted
41351443,t,t,-4.58,-4.58,-4.58,66.0,converted
41351443,t,t,-3.83,-3.83,-3.83,66.0,converted
41351443,t,t,-3.73,-3.73,-3.73,66.0,converted
41351443,t,t,-3.9,-3.9,-3.9,66.0,converted
41351443,t,t,-4.64,-4.64,-4.64,66.0,converted
41351443,t,t,-4.44,-4.44,-4.44,66.0,converted
41351443,t,t,-3.43,-3.43,-3.43,66.0,converted
41351443,t,t,-5.35,-5.35,-5.35,66.0,converted
41351443,t,t,-5.16,-5.16,-5.16,66.0,converted
41351443,t,t,-3.9,-3.9,-3.9,66.0,converted
41351443,t,t,-4.03,-4.03,-4.03,66.0,converted
41351443,t,t,-4.5,-4.5,-4.5,66.0,converted
41351443,t,t,-5.41,-5.41,-5.41,66.0,converted
41351443,t,t,-7.46,-7.46,-7.46,66.0,converted
41351443,t,t,-4.96,-4.96,-4.96,66.0,converted
41351443,t,t,-6.8,-6.8,-6.8,66.0,converted
41351443,t,t,-4.37,-4.37,-4.37,66.0,converted
41351443,t,t,-3.99,-3.99,-3.99,66.0,converted
41351443,t,t,-4.4,-4.4,-4.4,66.0,converted
41351443,t,t,-4.23,-4.23,-4.23,66.0,converted
41351443,t,t,-5.04,-5.04,-5.04,66.0,converted
41351443,t,t,-5.14,-5.14,-5.14,66.0,converted
41351443,t,t,-3.82,-3.82,-3.82,66.0,converted
41351443,t,t,-3.82,-3.82,-3.82,66.0,converted
41351443,t,t,-3.6,-3.6,-3.6,66.0,converted
41351443,t,t,-4.11,-4.11,-4.11,66.0,converted
40974865,t,t,2.8,2.8,2.8,85.0,converted
40974865,t,t,2.9,2.9,2.9,85.0,converted
40974865,t,t,3.07,3.07,3.07,85.0,converted
40974865,t,t,5.86,5.86,5.86,85.0,converted
40974865,t,t,4.32,4.32,4.32,85.0,converted
40974865,t,t,4.31,4.31,4.31,85.0,converted
40974865,t,t,3.44,3.44,3.44,85.0,converted
40974865,t,t,3.35,3.35,3.35,85.0,converted
40974865,t,t,2.7,2.7,2.7,85.0,converted
40974865,t,t,3.25,3.25,3.25,85.0,converted
40974865,t,t,3.19,3.19,3.19,85.0,converted
40974865,t,t,3.23,3.23,3.23,85.0,converted
40974865,t,t,2.95,2.95,2.95,85.0,converted
40974865,t,t,3.05,3.05,3.05,85.0,converted
40974865,t,t,3.84,3.84,3.84,85.0,converted
40974865,t,t,3.39,3.39,3.39,85.0,converted
40974865,t,t,3.12,3.12,3.12,85.0,converted
40974865,t,t,3.8,3.8,3.8,85.0,converted
40974865,t,t,3.17,3.17,3.17,85.0,converted
39468590,t,t,-6.7,-6.7,-6.7,118.0,converted
39468590,t,t,-7.1,-7.1,-7.1,118.0,converted
39468590,t,t,-6.4,-6.4,-6.4,118.0,converted
39468590,t,t,-5.2,-5.2,-5.2,118.0,converted
39468590,t,t,-4.3,-4.3,-4.3,118.0,converted
39468590,t,t,-5.9,-5.9,-5.9,118.0,converted
39468590,t,t,-6.2,-6.2,-6.2,118.0,converted
39468590,t,t,-6.8,-6.8,-6.8,118.0,converted
39468590,t,t,-4.2,-4.2,-4.2,118.0,converted
39468590,t,t,-4.9,-4.9,-4.9,118.0,converted
39468590,t,t,-4.6,-4.6,-4.6,118.0,converted
39468590,t,t,-4.9,-4.9,-4.9,118.0,converted
39468590,t,t,-5.3,-5.3,-5.3,118.0,converted
39468590,t,t,-4.1,-4.1,-4.1,118.0,converted
39468590,t,t,-4.1,-4.1,-4.1,118.0,converted
21080967,Z,z,-3.3,-3.3,-3.5263312825260043,48.0,converted
21080967,Z,z,-3.7,-3.7,-4.0176917557177045,48.0,converted
21080967,Z,z,-3.42,-3.42,-3.671423542376518,48.0,converted
21080967,Z,z,-3.3,-3.3,-3.5263312825260043,48.0,converted
21080967,Z,z,-4.33,-4.33,-4.841933264908976,48.0,converted
21080967,Z,z,-3.0,-3.0,-3.17151458618281,48.0,converted
21080967,Z,z,-4.15,-4.15,-4.599462402876319,48.0,converted
21080967,Z,z,-3.16,-3.16,-3.359392442996325,48.0,converted
21080967,Z,z,-3.57,-3.57,-3.855532675465014,48.0,converted
21080967,Z,z,-4.15,-4.15,-4.599462402876319,48.0,converted
21080967,Z,z,-4.08,-4.08,-4.506744820438622,48.0,converted
21080967,Z,z,-2.85,-2.85,-2.9980266376993976,48.0,converted
21080967,Z,z,-3.27,-3.27,-3.490351193435032,48.0,converted
21080967,Z,z,-3.79,-3.79,-4.131437274991693,48.0,converted
21080967,Z,z,-3.37,-3.37,-3.6107375193559323,48.0,converted
21080967,Z,z,-3.54,-3.54,-3.8184592141403324,48.0,converted
21080967,Z,z,-3.95,-3.95,-4.336791568204917,48.0,converted
21080967,Z,z,-4.37,-4.37,-4.896636680634451,48.0,converted
40963943,T value,t,-8.21,-8.21,-8.21,72.0,converted
40963943,T value,t,-10.84,-10.84,-10.84,72.0,converted
40963943,T value,t,-8.86,-8.86,-8.86,72.0,converted
40963943,T value,t,-8.44,-8.44,-8.44,72.0,converted
40963943,T value,t,-8.18,-8.18,-8.18,72.0,converted
40963943,T value,t,-7.58,-7.58,-7.58,72.0,converted
40963943,T value,t,-7.89,-7.89,-7.89,72.0,converted
40963943,T value,t,-7.74,-7.74,-7.74,72.0,converted
40963943,T value,t,-8.13,-8.13,-8.13,72.0,converted
40963943,T value,t,-6.40,-6.4,-6.4,72.0,converted
40963943,T value,t,-9.56,-9.56,-9.56,72.0,converted
40963943,T value,t,-7.38,-7.38,-7.38,72.0,converted
40963943,T value,t,-6.83,-6.83,-6.83,72.0,converted
40963943,T value,t,-6.11,-6.11,-6.11,72.0,converted
40963943,T value,t,-8.41,-8.41,-8.41,72.0,converted
40963943,T value,t,-6.30,-6.3,-6.3,72.0,converted
40963943,T value,t,-12.04,-12.04,-12.04,72.0,converted
40963943,T value,t,-11.51,-11.51,-11.51,72.0,converted
40963943,T value,t,-8.50,-8.5,-8.5,72.0,converted
40963943,T value,t,-8.04,-8.04,-8.04,72.0,converted
40963943,T value,t,-10.69,-10.69,-10.69,72.0,converted
40963943,T value,t,-9.80,-9.8,-9.8,72.0,converted
40963943,T value,t,-13.17,-13.17,-13.17,72.0,converted
40963943,T value,t,-9.56,-9.56,-9.56,72.0,converted
40963943,T value,t,-9.19,-9.19,-9.19,72.0,converted
40963943,T value,t,-8.14,-8.14,-8.14,72.0,converted
40963943,T value,t,-6.56,-6.56,-6.56,72.0,converted
41601526,Z,z,4.23,4.23,4.265246746160962,573.0,converted
41601526,Z,z,4.27,4.27,4.306224882608786,573.0,converted
41601526,Z,z,5.0,5.0,5.05748542786714,573.0,converted
41601526,Z,z,5.56,5.56,5.638633683282922,573.0,converted
41601526,Z,z,5.4,5.4,5.47212790067083,573.0,converted
41601526,Z,z,5.02,5.02,5.0781645042347305,573.0,converted
41601526,Z,z,5.49,5.49,5.565740286039107,573.0,converted
41601526,Z,z,5.78,5.78,5.86821623410784,573.0,converted
41601526,Z,z,4.31,4.31,4.3472213901757595,573.0,converted
41601526,Z,z,4.34,4.34,4.377980935065093,573.0,converted
41601526,Z,z,4.32,4.32,4.357473408623197,573.0,converted
41601526,Z,z,4.1,4.1,4.132192508985276,573.0,converted
41601526,Z,z,4.7,4.7,4.747937110633644,573.0,converted
41601526,Z,z,4.51,4.51,4.552485796355667,573.0,converted
41601526,Z,z,4.36,4.36,4.398493132992262,573.0,converted
41601526,Z,z,5.08,5.08,5.140234497440365,573.0,converted
41601526,Z,z,4.23,4.23,4.265246746160962,573.0,converted
41601526,Z,z,4.73,4.73,4.778839246097463,573.0,converted
41601526,Z,z,4.82,4.82,4.871614988433028,573.0,converted
41601526,Z,z,4.66,4.66,4.7067520266035565,573.0,converted
41601526,Z,z,4.68,4.68,4.727342040496631,573.0,converted
24915066,t,t,-3.78,-3.78,-3.78,40.0,converted
24915066,t,t,-3.78,-3.78,-3.78,40.0,converted
24915066,t,t,-3.84,-3.84,-3.84,40.0,converted
24915066,t,t,-3.37,-3.37,-3.37,40.0,converted
24915066,t,t,-4.47,-4.47,-4.47,40.0,converted
24915066,t,t,3.56,3.56,3.56,40.0,converted
24915066,t,t,4.2,4.2,4.2,40.0,converted
24915066,t,t,-3.29,-3.29,-3.29,40.0,converted
24915066,t,t,-3.94,-3.94,-3.94,40.0,converted
24915066,t,t,-4.21,-4.21,-4.21,40.0,converted
24915066,t,t,-3.67,-3.67,-3.67,40.0,converted
24915066,t,t,-3.11,-3.11,-3.11,40.0,converted
24915066,t,t,-3.72,-3.72,-3.72,40.0,converted
24915066,t,t,-4.58,-4.58,-4.58,40.0,converted
24915066,t,t,-4.43,-4.43,-4.43,40.0,converted
24915066,t,t,-4.43,-4.43,-4.43,40.0,converted
30719061,T value (peak intensity),t,-5.5874,-5.5874,-5.5874,30.0,converted
29563830,t,t,-5.401,-5.401,-5.401,20.0,converted
29563830,t,t,-5.2592,-5.2592,-5.2592,20.0,converted
29563830,t,t,-4.6164,-4.6164,-4.6164,20.0,converted
29563830,t,t,-6.4421,-6.4421,-6.4421,20.0,converted
29563830,t,t,-6.7245,-6.7245,-6.7245,20.0,converted
29563830,t,t,-5.1631,-5.1631,-5.1631,20.0,converted
28334999,Z,z,4.0,4.0,4.286747553613781,65.0,converted
33776442,mean difference ReHo value,unknown,-0.327±0.078,-0.327,,20.0,failed
33776442,mean difference ReHo value,unknown,-0.313±0.078,-0.313,,20.0,failed
33776442,mean difference ReHo value,unknown,-0.594±0.078,-0.594,,20.0,failed
33776442,mean difference ReHo value,unknown,-0.528±0.078,-0.528,,20.0,failed
33776442,NR,unknown,not_reported,,,20.0,failed
33776442,NR,unknown,not_reported,,,20.0,failed
33776442,NR,unknown,not_reported,,,20.0,failed
33776442,NR,unknown,not_reported,,,20.0,failed
33776442,NR,unknown,not_reported,,,20.0,failed
33776442,NR,unknown,not_reported,,,20.0,failed
34671239,Peak t value,t,-4.84,-4.84,-4.84,50.0,converted
34671239,Peak t value,t,-3.98,-3.98,-3.98,50.0,converted
34671239,Peak t value,t,-3.25,-3.25,-3.25,50.0,converted
29763448,t,t,-6.33,-6.33,-6.33,28.0,converted
29763448,t,t,-6.18,-6.18,-6.18,28.0,converted
29763448,t,t,-5.01,-5.01,-5.01,28.0,converted
29763448,t,t,-5.32,-5.32,-5.32,28.0,converted
29763448,t,t,-6.15,-6.15,-6.15,28.0,converted
29763448,t,t,-7.38,-7.38,-7.38,28.0,converted
29763448,t,t,-6.21,-6.21,-6.21,28.0,converted
29763448,t,t,-6.39,-6.39,-6.39,28.0,converted
29763448,t,t,-5.36,-5.36,-5.36,28.0,converted
29763448,t,t,-5.02,-5.02,-5.02,28.0,converted
29763448,t,t,-4.08,-4.08,-4.08,28.0,converted
29763448,t,t,-4.38,-4.38,-4.38,28.0,converted
29763448,t,t,5.01,5.01,5.01,28.0,converted
29763448,t,t,5.12,5.12,5.12,28.0,converted
29763448,t,t,4.92,4.92,4.92,28.0,converted
29763448,t,t,6.98,6.98,6.98,28.0,converted
29763448,t,t,6.32,6.32,6.32,28.0,converted
29763448,t,t,5.81,5.81,5.81,28.0,converted
29763448,t,t,5.62,5.62,5.62,28.0,converted
19559684,t,t,-16.0,-16.0,-16.0,48.0,converted
19559684,t,t,-17.5,-17.5,-17.5,48.0,converted
19559684,t,t,-19.3,-19.3,-19.3,48.0,converted
19559684,t,t,-22.3,-22.3,-22.3,48.0,converted
19559684,t,t,-6.5,-6.5,-6.5,48.0,converted
19559684,t,t,-9.6,-9.6,-9.6,48.0,converted
19559684,t,t,-10.9,-10.9,-10.9,48.0,converted
19559684,t,t,-10.3,-10.3,-10.3,48.0,converted
19559684,t,t,-14.6,-14.6,-14.6,48.0,converted
19559684,t,t,-10.2,-10.2,-10.2,48.0,converted
19559684,t,t,-14.0,-14.0,-14.0,48.0,converted
19559684,t,t,-21.1,-21.1,-21.1,48.0,converted
19559684,t,t,-11.5,-11.5,-11.5,48.0,converted
19559684,t,t,-19.3,-19.3,-19.3,48.0,converted
19559684,t,t,-22.7,-22.7,-22.7,48.0,converted
19559684,t,t,-22.1,-22.1,-22.1,48.0,converted
19559684,t,t,-24.4,-24.4,-24.4,48.0,converted
19559684,t,t,-23.9,-23.9,-23.9,48.0,converted
19559684,t,t,-5.2,-5.2,-5.2,48.0,converted
19559684,t,t,-4.8,-4.8,-4.8,48.0,converted
19559684,t,t,-11.8,-11.8,-11.8,48.0,converted
19559684,t,t,-10.6,-10.6,-10.6,48.0,converted
19559684,t,t,-8.14,-8.14,-8.14,48.0,converted
19559684,t,t,-7.84,-7.84,-7.84,48.0,converted
19559684,t,t,-13.4,-13.4,-13.4,48.0,converted
19559684,t,t,-15.1,-15.1,-15.1,48.0,converted
19559684,t,t,-9.2,-9.2,-9.2,48.0,converted
19559684,t,t,-13.0,-13.0,-13.0,48.0,converted
19559684,t,t,-9.28,-9.28,-9.28,48.0,converted
39089662,p,p_value,7.88,7.88,7.88,50.0,converted
39089662,p,p_value,6.94,6.94,6.94,50.0,converted
39089662,p,p_value,5.39,5.39,5.39,50.0,converted
39089662,p,p_value,5.83,5.83,5.83,50.0,converted
39089662,p,p_value,4.74,4.74,4.74,50.0,converted
39089662,p,p_value,6.24,6.24,6.24,50.0,converted
39089662,p,p_value,4.8,4.8,4.8,50.0,converted
39089662,p,p_value,9.72,9.72,9.72,50.0,converted
39089662,p,p_value,4.72,4.72,4.72,50.0,converted
39089662,p,p_value,5.07,5.07,5.07,50.0,converted
39089662,p,p_value,5.65,5.65,5.65,50.0,converted
39089662,p,p_value,4.47,4.47,4.47,50.0,converted
39089662,p,p_value,6.98,6.98,6.98,50.0,converted
39089662,p,p_value,6.81,6.81,6.81,50.0,converted
39089662,p,p_value,5.2,5.2,5.2,50.0,converted
39089662,p,p_value,4.31,4.31,4.31,50.0,converted
39089662,p,p_value,6.37,6.37,6.37,50.0,converted
39089662,p,p_value,8.16,8.16,8.16,50.0,converted
39089662,p,p_value,7.59,7.59,7.59,50.0,converted
39089662,p,p_value,4.55,4.55,4.55,50.0,converted
39089662,p,p_value,9.21,9.21,9.21,50.0,converted
39089662,p,p_value,6.36,6.36,6.36,50.0,converted
39089662,p,p_value,6.23,6.23,6.23,50.0,converted
39089662,p,p_value,5.61,5.61,5.61,50.0,converted
39089662,p,p_value,6.58,6.58,6.58,50.0,converted
39089662,p,p_value,6.0,6.0,6.0,50.0,converted
39089662,p,p_value,7.01,7.01,7.01,50.0,converted
39089662,p,p_value,5.72,5.72,5.72,50.0,converted
39089662,p,p_value,6.6,6.6,6.6,50.0,converted
39089662,p,p_value,6.58,6.58,6.58,50.0,converted
39089662,p,p_value,5.9,5.9,5.9,50.0,converted
39089662,p,p_value,8.17,8.17,8.17,50.0,converted
39089662,p,p_value,6.7,6.7,6.7,50.0,converted
36530635,Z,z,-3.89,-3.89,-4.227563495421087,52.0,converted
36530635,Z,z,-3.43,-3.43,-3.6621101794018855,52.0,converted
36530635,Z,z,-3.39,-3.39,-3.6142359757016673,52.0,converted
36530635,Z,z,-2.98,-2.98,-3.134153307863482,52.0,converted
36530635,Z,z,-3.89,-3.89,-4.227563495421087,52.0,converted
36530635,Z,z,-3.89,-3.89,-4.227563495421087,52.0,converted
36530635,Z,z,-3.89,-3.89,-4.227563495421087,52.0,converted
36530635,Z,z,-3.89,-3.89,-4.227563495421087,52.0,converted
36530635,Z,z,-3.89,-3.89,-4.227563495421087,52.0,converted
36530635,Z,z,-3.89,-3.89,-4.227563495421087,52.0,converted
36530635,Z,z,-3.89,-3.89,-4.227563495421087,52.0,converted
36530635,Z,z,-3.89,-3.89,-4.227563495421087,52.0,converted
36530635,Z,z,-3.89,-3.89,-4.227563495421087,52.0,converted
36530635,Z,z,-3.72,-3.72,-4.015263794641556,52.0,converted
36530635,Z,z,-2.96,-2.96,-3.111199818991398,52.0,converted
36530635,Z,z,-3.89,-3.89,-4.227563495421087,52.0,converted
36530635,Z,z,-3.89,-3.89,-4.227563495421087,52.0,converted
36530635,Z,z,-2.99,-2.99,-3.1456454040394566,52.0,converted
36530635,Z,z,-3.89,-3.89,-4.227563495421087,52.0,converted
36530635,Z,z,-3.89,-3.89,-4.227563495421087,52.0,converted
36530635,Z,z,-3.89,-3.89,-4.227563495421087,52.0,converted
36530635,Z,z,-3.89,-3.89,-4.227563495421087,52.0,converted
24734113,t-value,t,6.47,6.47,6.47,18.0,converted
24734113,t-value,t,5.39,5.39,5.39,18.0,converted
29343693,Peak (z-score),z,-5.33,-5.33,-6.337952485765374,47.0,converted
29343693,Peak (z-score),z,-4.91,-4.91,-5.6861367705984796,47.0,converted
29343693,Peak (z-score),z,-4.68,-4.68,-5.347547527279093,47.0,converted
29343693,Peak (z-score),z,4.64,4.64,5.289884573244221,47.0,converted
29343693,Peak (z-score),z,-4.48,-4.48,-5.0626741136814974,47.0,converted
29343693,Peak (z-score),z,-3.98,-3.98,-4.385314776294525,47.0,converted
29343693,Peak (z-score),z,-3.98,-3.98,-4.385314776294525,47.0,converted
29343693,Peak (z-score),z,-3.84,-3.84,-4.203703702542247,47.0,converted
29343693,Peak (z-score),z,-3.74,-3.74,-4.075946774308633,47.0,converted
29343693,Peak (z-score),z,-3.49,-3.49,-3.7632894453432084,47.0,converted
29343693,Peak (z-score),z,-3.48,-3.48,-3.750974199972243,47.0,converted
29343693,Peak (z-score),z,-4.60,-4.6,-5.232570653944221,47.0,converted
29343693,Peak (z-score),z,-4.36,-4.36,-4.89574496159904,47.0,converted
29343693,Peak (z-score),z,-4.22,-4.22,-4.704577748072615,47.0,converted
29343693,Peak (z-score),z,-3.75,-3.75,-4.0886508824153776,47.0,converted
29343693,Peak (z-score),z,-4.06,-4.06,-4.490592458284845,47.0,converted
29343693,Peak (z-score),z,-2.07,-2.07,-2.1325544397959466,47.0,converted
29343693,Peak (z-score),z,-4.50,-4.5,-5.0907806842151135,47.0,converted
29343693,Peak (z-score),z,-3.52,-3.52,-3.800320850855416,47.0,converted
29343693,Peak (z-score),z,-4.04,-4.04,-4.464168214839676,47.0,converted
29343693,Peak (z-score),z,-3.54,-3.54,-3.8250804079029472,47.0,converted
29343693,Peak (z-score),z,-3.34,-3.34,-3.580025013579792,47.0,converted
29343693,Peak (z-score),z,-3.57,-3.57,-3.8623288045546325,47.0,converted
29343693,Peak (z-score),z,-2.84,-2.84,-2.989960295812575,47.0,converted
29343693,Peak (z-score),z,-2.99,-2.99,-3.163842843924773,47.0,converted
29343693,Peak (z-score),z,-3.85,-3.85,-4.216568000530939,47.0,converted
29343693,Peak (z-score),z,-3.42,-3.42,-3.6773786656319265,47.0,converted
29343693,Peak (z-score),z,-3.30,-3.3,-3.531671939500191,47.0,converted
29343693,Peak (z-score),z,-3.20,-3.2,-3.411706052600089,47.0,converted
29343693,Peak (z-score),z,-3.77,-3.77,-4.114106399222117,47.0,converted
29343693,Peak (z-score),z,-3.59,-3.59,-3.8872344404628896,47.0,converted
29343693,Peak (z-score),z,-4.04,-4.04,-4.464168214839676,47.0,converted
29343693,Peak (z-score),z,-3.16,-3.16,-3.364077568717713,47.0,converted
29343693,Peak (z-score),z,-3.55,-3.55,-3.837481941870103,47.0,converted
29343693,Peak (z-score),z,-2.96,-2.96,-3.1288626322085453,47.0,converted
29343693,Peak (z-score),z,-2.84,-2.84,-2.989960295812575,47.0,converted
29343693,Peak (z-score),z,-4.04,-4.04,-4.464168214839676,47.0,converted
29343693,Peak (z-score),z,-3.85,-3.85,-4.216568000530939,47.0,converted
29343693,Peak (z-score),z,-3.77,-3.77,-4.114106399222117,47.0,converted
29343693,Peak (z-score),z,-4.39,-4.39,-4.93720598805272,47.0,converted
29343693,Peak (z-score),z,-4.16,-4.16,-4.623785426009802,47.0,converted
29343693,Peak (z-score),z,-3.80,-3.8,-4.152408828916796,47.0,converted
29343693,Peak (z-score),z,-3.48,-3.48,-3.750974199972243,47.0,converted
29343693,Peak (z-score),z,-3.36,-3.36,-3.604281839795324,47.0,converted
29343693,Peak (z-score),z,-3.33,-3.33,-3.5679167534075966,47.0,converted
29343693,Peak (z-score),z,-3.32,-3.32,-3.5558218567543243,47.0,converted
29343693,Peak (z-score),z,-3.60,-3.6,-3.899709441522544,47.0,converted
29343693,Peak (z-score),z,-3.53,-3.53,-3.8126933964395247,47.0,converted
29343693,Peak (z-score),z,-3.45,-3.45,-3.714113350746533,47.0,converted
29343693,Peak (z-score),z,-3.34,-3.34,-3.580025013579792,47.0,converted
29343693,Peak (z-score),z,-4.25,-4.25,-4.7452262050206935,47.0,converted
29343693,Peak (z-score),z,-3.63,-3.63,-3.937223867857962,47.0,converted
29343693,Peak (z-score),z,-4.03,-4.03,-4.450982460694241,47.0,converted
29343693,Peak (z-score),z,-4.04,-4.04,-4.464168214839676,47.0,converted
29343693,Peak (z-score),z,-3.80,-3.8,-4.152408828916796,47.0,converted
29343693,Peak (z-score),z,-3.53,-3.53,-3.8126933964395247,47.0,converted
29343693,Peak (z-score),z,-3.27,-3.27,-3.4955459528740134,47.0,converted
29343693,Peak (z-score),z,-3.09,-3.09,-3.28120581624012,47.0,converted
29343693,Peak (z-score),z,-3.80,-3.8,-4.152408828916796,47.0,converted
29343693,Peak (z-score),z,-3.29,-3.29,-3.5196168119825435,47.0,converted
29343693,Peak (z-score),z,-3.18,-3.18,-3.3878666656662215,47.0,converted
29343693,Peak (z-score),z,-3.02,-3.02,-3.198927555177895,47.0,converted
29343693,t,t,-3.43,-3.43,-3.43,47.0,converted
29343693,t,t,-7.33,-7.33,-7.33,47.0,converted
29343693,t,t,-4.93,-4.93,-4.93,47.0,converted
29343693,t,t,-5.41,-5.41,-5.41,47.0,converted
29343693,t,t,-10.5,-10.5,-10.5,47.0,converted
29343693,t,t,-7.94,-7.94,-7.94,47.0,converted
29343693,t,t,-6.73,-6.73,-6.73,47.0,converted
29343693,t,t,-9.26,-9.26,-9.26,47.0,converted
29343693,t,t,-4.27,-4.27,-4.27,47.0,converted
29343693,t,t,-7.01,-7.01,-7.01,47.0,converted
29343693,t,t,-5.98,-5.98,-5.98,47.0,converted
29343693,t,t,-8.23,-8.23,-8.23,47.0,converted
29343693,t,t,-7.79,-7.79,-7.79,47.0,converted
29343693,t,t,-5.74,-5.74,-5.74,47.0,converted
29343693,t,t,-4.94,-4.94,-4.94,47.0,converted
29343693,t,t,-6.26,-6.26,-6.26,47.0,converted
29343693,t,t,-3.87,-3.87,-3.87,47.0,converted
29343693,t,t,-4.65,-4.65,-4.65,47.0,converted
29343693,t,t,-4.61,-4.61,-4.61,47.0,converted
29343693,t,t,-5.05,-5.05,-5.05,47.0,converted
29343693,t,t,-6.16,-6.16,-6.16,47.0,converted
29343693,t,t,-7.83,-7.83,-7.83,47.0,converted
29343693,t,t,-5.74,-5.74,-5.74,47.0,converted
29343693,t,t,-6.85,-6.85,-6.85,47.0,converted
29343693,t,t,-4.32,-4.32,-4.32,47.0,converted
29343693,t,t,-8.48,-8.48,-8.48,47.0,converted
29343693,t,t,-7.64,-7.64,-7.64,47.0,converted
29343693,t,t,-11.47,-11.47,-11.47,47.0,converted
29343693,t,t,-6.84,-6.84,-6.84,47.0,converted
29343693,t,t,-13.06,-13.06,-13.06,47.0,converted
29343693,t,t,-9.6,-9.6,-9.6,47.0,converted
29343693,t,t,-6.75,-6.75,-6.75,47.0,converted
29343693,t,t,-3.61,-3.61,-3.61,47.0,converted
29343693,t,t,-7.16,-7.16,-7.16,47.0,converted
29343693,t,t,-7.86,-7.86,-7.86,47.0,converted
29343693,t,t,-5.45,-5.45,-5.45,47.0,converted
29343693,t,t,-4.52,-4.52,-4.52,47.0,converted
29343693,t,t,-3.57,-3.57,-3.57,47.0,converted
29343693,t,t,-3.62,-3.62,-3.62,47.0,converted
29343693,t,t,-6.54,-6.54,-6.54,47.0,converted
29343693,t,t,-6.28,-6.28,-6.28,47.0,converted
29343693,t,t,-4.04,-4.04,-4.04,47.0,converted
29343693,t,t,-5.4,-5.4,-5.4,47.0,converted
29343693,t,t,-6.1,-6.1,-6.1,47.0,converted
29343693,t,t,-3.55,-3.55,-3.55,47.0,converted
29343693,t,t,-5.06,-5.06,-5.06,47.0,converted
29343693,t,t,-4.99,-4.99,-4.99,47.0,converted
29343693,t,t,-3.73,-3.73,-3.73,47.0,converted
29343693,t,t,-3.73,-3.73,-3.73,47.0,converted
29343693,t,t,-4.23,-4.23,-4.23,47.0,converted
29343693,t,t,-4.23,-4.23,-4.23,47.0,converted
29343693,t,t,-3.67,-3.67,-3.67,47.0,converted
29343693,t,t,-3.34,-3.34,-3.34,47.0,converted
29343693,t,t,-5.61,-5.61,-5.61,47.0,converted
29343693,t,t,-5.36,-5.36,-5.36,47.0,converted
29343693,t,t,-6.65,-6.65,-6.65,47.0,converted
29343693,t,t,-4.1,-4.1,-4.1,47.0,converted
29343693,t,t,-3.71,-3.71,-3.71,47.0,converted
29343693,t,t,-4.03,-4.03,-4.03,47.0,converted
29343693,t,t,-5.6,-5.6,-5.6,47.0,converted
29343693,t,t,-5.6,-5.6,-5.6,47.0,converted
29343693,t,t,-4.05,-4.05,-4.05,47.0,converted
29343693,t,t,-3.92,-3.92,-3.92,47.0,converted
29343693,t,t,-5.74,-5.74,-5.74,47.0,converted
29343693,t,t,-3.49,-3.49,-3.49,47.0,converted
29343693,t,t,-5.94,-5.94,-5.94,47.0,converted
29343693,t,t,-5.14,-5.14,-5.14,47.0,converted
29343693,t,t,-5.7,-5.7,-5.7,47.0,converted
29343693,t,t,-3.68,-3.68,-3.68,47.0,converted
29343693,t,t,-6.7,-6.7,-6.7,47.0,converted
29343693,t,t,-3.98,-3.98,-3.98,47.0,converted
29343693,t,t,-6.16,-6.16,-6.16,47.0,converted
29343693,t,t,-9.6,-9.6,-9.6,47.0,converted
29343693,t,t,-6.42,-6.42,-6.42,47.0,converted
29343693,t,t,-6.82,-6.82,-6.82,47.0,converted
29343693,t,t,-8.57,-8.57,-8.57,47.0,converted
29343693,t,t,-8.3,-8.3,-8.3,47.0,converted
29343693,t,t,-8.04,-8.04,-8.04,47.0,converted
29343693,t,t,-8.9,-8.9,-8.9,47.0,converted
29343693,t,t,-7.49,-7.49,-7.49,47.0,converted
29343693,t,t,-4.29,-4.29,-4.29,47.0,converted
29343693,t,t,-3.58,-3.58,-3.58,47.0,converted
29343693,t,t,-3.4,-3.4,-3.4,47.0,converted
29343693,t,t,-4.05,-4.05,-4.05,47.0,converted
29343693,t,t,-3.96,-3.96,-3.96,47.0,converted
29343693,t,t,-3.27,-3.27,-3.27,47.0,converted
29343693,t,t,-4.03,-4.03,-4.03,47.0,converted
29343693,t,t,-4.27,-4.27,-4.27,47.0,converted
29343693,t,t,-5.18,-5.18,-5.18,47.0,converted
29343693,t,t,-5.88,-5.88,-5.88,47.0,converted
29343693,t,t,-5.38,-5.38,-5.38,47.0,converted
29343693,t,t,-4.85,-4.85,-4.85,47.0,converted
29343693,t,t,-4.02,-4.02,-4.02,47.0,converted
29343693,Z,z,-3.85,-3.85,-4.216568000530939,47.0,converted
29343693,Z,z,-3.42,-3.42,-3.6773786656319265,47.0,converted
29343693,Z,z,-3.3,-3.3,-3.531671939500191,47.0,converted
29343693,Z,z,-3.2,-3.2,-3.411706052600089,47.0,converted
29343693,Z,z,-3.77,-3.77,-4.114106399222117,47.0,converted
29343693,Z,z,-3.59,-3.59,-3.8872344404628896,47.0,converted
29343693,Z,z,-4.04,-4.04,-4.464168214839676,47.0,converted
29343693,Z,z,-3.16,-3.16,-3.364077568717713,47.0,converted
29343693,Z,z,-3.55,-3.55,-3.837481941870103,47.0,converted
29343693,Z,z,-2.96,-2.96,-3.1288626322085453,47.0,converted
29343693,Z,z,-2.84,-2.84,-2.989960295812575,47.0,converted
38585348,p,p_value,not_reported,,,68.0,failed
38585348,p,p_value,not_reported,,,68.0,failed
38585348,p,p_value,not_reported,,,68.0,failed
38585348,p,p_value,not_reported,,,68.0,failed
38585348,p,p_value,not_reported,,,68.0,failed
38585348,p,p_value,not_reported,,,68.0,failed
38585348,p,p_value,not_reported,,,68.0,failed
38585348,p,p_value,not_reported,,,68.0,failed
32194493,Z,z,-3.78,-3.78,-4.185112415365853,41.0,converted
32194493,Z,z,-4.05,-4.05,-4.549967656777843,41.0,converted
32194493,Z,z,-3.84,-3.84,-4.264937735352071,41.0,converted
32194493,Z,z,-4.0,-4.0,-4.4812843007754575,41.0,converted
32194493,Z,z,-3.9,-3.9,-4.345465322716577,41.0,converted
32194493,Z,z,-4.33,-4.33,-4.94467654079479,41.0,converted
32194493,Z,z,-3.8,-3.8,-4.211643849216839,41.0,converted
32194493,Z,z,-3.56,-3.56,-3.898164707837162,41.0,converted
32194493,Z,z,-3.74,-3.74,-4.132277532777494,41.0,converted
32194493,Z,z,-4.32,-4.32,-4.930272865152308,41.0,converted
32194493,Z,z,-3.55,-3.55,-3.8853279779753938,41.0,converted
32194493,Z,z,-3.46,-3.46,-3.770570599021021,41.0,converted
32194493,Z,z,-3.3,-3.3,-3.5698744451325783,41.0,converted
32194493,Z,z,-3.45,-3.45,-3.757904412160716,41.0,converted
32194493,Z,z,-3.3,-3.3,-3.5698744451325783,41.0,converted
32194493,Z,z,-3.45,-3.45,-3.757904412160716,41.0,converted
32377180,t value,t,-4.86,-4.86,-4.86,20.0,converted
32377180,t value,t,-7.42,-7.42,-7.42,20.0,converted
32377180,t value,t,-9.56,-9.56,-9.56,20.0,converted
32377180,t,t,-4.86,-4.86,-4.86,20.0,converted
32377180,t,t,-7.42,-7.42,-7.42,20.0,converted
32377180,t,t,-9.56,-9.56,-9.56,20.0,converted
32377180,t,t,-4.86,-4.86,-4.86,20.0,converted
32377180,t,t,-7.42,-7.42,-7.42,20.0,converted
32377180,t,t,-9.56,-9.56,-9.56,20.0,converted
35048524,t,t,4.94,4.94,4.94,60.0,converted
35048524,t,t,4.37,4.37,4.37,60.0,converted
35048524,t,t,4.26,4.26,4.26,60.0,converted
35048524,t,t,4.26,4.26,4.26,60.0,converted
35048524,t,t,4.22,4.22,4.22,60.0,converted
35048524,t,t,4.1,4.1,4.1,60.0,converted
35048524,t,t,3.97,3.97,3.97,60.0,converted
35048524,t,t,3.78,3.78,3.78,60.0,converted
35048524,t,t,3.57,3.57,3.57,60.0,converted
35048524,t,t,3.54,3.54,3.54,60.0,converted
35048524,t,t,3.73,3.73,3.73,60.0,converted
35048524,t,t,4.8,4.8,4.8,60.0,converted
35096130,Peak t,t,-5.3196,-5.3196,-5.3196,20.0,converted
35096130,Peak t,t,-5.7168,-5.7168,-5.7168,20.0,converted
35096130,Peak t,t,-5.4967,-5.4967,-5.4967,20.0,converted
24062782,t,t,-3.2,-3.2,-3.2,59.0,converted
24062782,t,t,-2.91,-2.91,-2.91,59.0,converted
24062782,t,t,-2.78,-2.78,-2.78,59.0,converted
24062782,t,t,-3.29,-3.29,-3.29,59.0,converted
24062782,t,t,-4.55,-4.55,-4.55,59.0,converted
24062782,t,t,-3.2,-3.2,-3.2,59.0,converted
24062782,t,t,-3.01,-3.01,-3.01,59.0,converted
24062782,t,t,-3.2,-3.2,-3.2,59.0,converted
24062782,t,t,-3.3,-3.3,-3.3,59.0,converted
24062782,t,t,-3.53,-3.53,-3.53,59.0,converted
24062782,t,t,-3.71,-3.71,-3.71,59.0,converted
24062782,t,t,-3.62,-3.62,-3.62,59.0,converted
24062782,t,t,-5.02,-5.02,-5.02,59.0,converted
24062782,t,t,-3.99,-3.99,-3.99,59.0,converted
24062782,t,t,-4.84,-4.84,-4.84,59.0,converted
24062782,t,t,-3.52,-3.52,-3.52,59.0,converted
24062782,t,t,-3.68,-3.68,-3.68,59.0,converted
24062782,t,t,-2.95,-2.95,-2.95,59.0,converted
24062782,t,t,-3.02,-3.02,-3.02,59.0,converted
24062782,t,t,-3.07,-3.07,-3.07,59.0,converted
24062782,t,t,-3.06,-3.06,-3.06,59.0,converted
24062782,t,t,-3.08,-3.08,-3.08,59.0,converted
24062782,t,t,-3.26,-3.26,-3.26,59.0,converted
35734477,t,t,-3.6715,-3.6715,-3.6715,105.0,converted
35734477,t,t,3.8422,3.8422,3.8422,105.0,converted
35734477,t,t,-3.5093,-3.5093,-3.5093,105.0,converted
35734477,t,t,-4.0062,-4.0062,-4.0062,105.0,converted
35734477,t,t,-3.4428,-3.4428,-3.4428,105.0,converted
35734477,t,t,-4.8673,-4.8673,-4.8673,105.0,converted
35734477,t,t,-4.7235,-4.7235,-4.7235,105.0,converted
35734477,t,t,-4.4383,-4.4383,-4.4383,105.0,converted
35734477,t,t,-4.0951,-4.0951,-4.0951,105.0,converted
35734477,t,t,-5.0098,-5.0098,-5.0098,105.0,converted
35734477,t,t,-3.5016,-3.5016,-3.5016,105.0,converted
35734477,t,t,-4.8673,-4.8673,-4.8673,105.0,converted
35734477,t,t,-6.9094,-6.9094,-6.9094,105.0,converted
35734477,t,t,-3.8729,-3.8729,-3.8729,105.0,converted
35734477,t,t,-5.2822,-5.2822,-5.2822,105.0,converted
35734477,t,t,-4.3068,-4.3068,-4.3068,105.0,converted
35734477,t,t,-4.0172,-4.0172,-4.0172,105.0,converted
35734477,t,t,-3.8863,-3.8863,-3.8863,105.0,converted
39648209,t,t,-21.57,-21.57,-21.57,35.0,converted
39648209,t,t,-20.61,-20.61,-20.61,35.0,converted
39648209,t,t,-17.5,-17.5,-17.5,35.0,converted
39648209,t,t,-20.18,-20.18,-20.18,35.0,converted
39648209,t,t,-15.54,-15.54,-15.54,35.0,converted
39648209,t,t,-13.85,-13.85,-13.85,35.0,converted
39648209,t,t,-12.48,-12.48,-12.48,35.0,converted
39648209,t,t,-12.92,-12.92,-12.92,35.0,converted
39648209,t,t,-13.34,-13.34,-13.34,35.0,converted
39648209,t,t,-12.88,-12.88,-12.88,35.0,converted
39648209,t,t,-12.63,-12.63,-12.63,35.0,converted
39648209,t,t,-18.25,-18.25,-18.25,35.0,converted
39648209,t,t,-14.97,-14.97,-14.97,35.0,converted
39648209,t,t,-15.75,-15.75,-15.75,35.0,converted
39648209,t,t,-12.41,-12.41,-12.41,35.0,converted
39648209,t,t,-12.86,-12.86,-12.86,35.0,converted
39648209,t,t,-13.52,-13.52,-13.52,35.0,converted
39648209,t,t,-11.45,-11.45,-11.45,35.0,converted
39648209,t,t,-12.22,-12.22,-12.22,35.0,converted
39648209,t,t,-11.33,-11.33,-11.33,35.0,converted
39648209,t,t,-12.64,-12.64,-12.64,35.0,converted
39648209,t,t,-13.95,-13.95,-13.95,35.0,converted
39648209,t,t,-11.22,-11.22,-11.22,35.0,converted
39648209,t,t,-10.85,-10.85,-10.85,35.0,converted
39648209,t,t,-14.91,-14.91,-14.91,35.0,converted
39648209,t,t,-11.66,-11.66,-11.66,35.0,converted
39648209,t,t,-11.0,-11.0,-11.0,35.0,converted
39648209,t,t,-10.4,-10.4,-10.4,35.0,converted
39648209,t,t,-10.39,-10.39,-10.39,35.0,converted
39648209,t,t,11.49,11.49,11.49,35.0,converted
39648209,t,t,-12.31,-12.31,-12.31,35.0,converted
39648209,t,t,-10.7,-10.7,-10.7,35.0,converted
39648209,t,t,-12.13,-12.13,-12.13,35.0,converted
39648209,t,t,-10.86,-10.86,-10.86,35.0,converted
39648209,t,t,-10.01,-10.01,-10.01,35.0,converted
39648209,t,t,-15.45,-15.45,-15.45,35.0,converted
39648209,t,t,-13.0,-13.0,-13.0,35.0,converted
39648209,t,t,-11.76,-11.76,-11.76,35.0,converted
39648209,t,t,-12.98,-12.98,-12.98,35.0,converted
39648209,t,t,-10.91,-10.91,-10.91,35.0,converted
39648209,t,t,-11.23,-11.23,-11.23,35.0,converted
39648209,t,t,-11.06,-11.06,-11.06,35.0,converted
39648209,t,t,-11.85,-11.85,-11.85,35.0,converted
39648209,t,t,-16.07,-16.07,-16.07,35.0,converted
39648209,t,t,-10.36,-10.36,-10.36,35.0,converted
39648209,t,t,-10.44,-10.44,-10.44,35.0,converted
39648209,t,t,-10.93,-10.93,-10.93,35.0,converted
39648209,t,t,-10.97,-10.97,-10.97,35.0,converted
39648209,t,t,-10.66,-10.66,-10.66,35.0,converted
39648209,t,t,-11.23,-11.23,-11.23,35.0,converted
39648209,t,t,-9.83,-9.83,-9.83,35.0,converted
39648209,t,t,-10.19,-10.19,-10.19,35.0,converted
39648209,t,t,-9.99,-9.99,-9.99,35.0,converted
39648209,t,t,-10.66,-10.66,-10.66,35.0,converted
39648209,t,t,-10.97,-10.97,-10.97,35.0,converted
39648209,t,t,-10.02,-10.02,-10.02,35.0,converted
39648209,t,t,-14.44,-14.44,-14.44,35.0,converted
39648209,t,t,-11.9,-11.9,-11.9,35.0,converted
39648209,t,t,-12.76,-12.76,-12.76,35.0,converted
39648209,t,t,-12.81,-12.81,-12.81,35.0,converted
39648209,t,t,-11.26,-11.26,-11.26,35.0,converted
39648209,t,t,-12.5,-12.5,-12.5,35.0,converted
39648209,t,t,-11.8,-11.8,-11.8,35.0,converted
39648209,t,t,-11.43,-11.43,-11.43,35.0,converted
39648209,t,t,-10.74,-10.74,-10.74,35.0,converted
39648209,t,t,-12.91,-12.91,-12.91,35.0,converted
39648209,t,t,-11.13,-11.13,-11.13,35.0,converted
39648209,t,t,-11.96,-11.96,-11.96,35.0,converted
39648209,t,t,-11.38,-11.38,-11.38,35.0,converted
39648209,t,t,-10.99,-10.99,-10.99,35.0,converted
39648209,t,t,10.2,10.2,10.2,35.0,converted
39648209,t,t,-11.34,-11.34,-11.34,35.0,converted
39648209,t,t,-7.59,-7.59,-7.59,35.0,converted
39648209,t,t,-7.67,-7.67,-7.67,35.0,converted
39648209,t,t,-7.1,-7.1,-7.1,35.0,converted
39648209,t,t,-8.26,-8.26,-8.26,35.0,converted
39648209,t,t,-6.42,-6.42,-6.42,35.0,converted
39648209,t,t,-6.44,-6.44,-6.44,35.0,converted
39648209,t,t,-9.68,-9.68,-9.68,35.0,converted
39648209,t,t,-7.96,-7.96,-7.96,35.0,converted
39648209,t,t,-9.01,-9.01,-9.01,35.0,converted
39648209,t,t,-8.23,-8.23,-8.23,35.0,converted
39648209,t,t,-7.42,-7.42,-7.42,35.0,converted
39648209,t,t,-6.85,-6.85,-6.85,35.0,converted
39648209,t,t,-6.62,-6.62,-6.62,35.0,converted
39648209,t,t,-6.95,-6.95,-6.95,35.0,converted
39648209,t,t,-6.47,-6.47,-6.47,35.0,converted
39648209,t,t,-6.85,-6.85,-6.85,35.0,converted
39648209,t,t,-8.67,-8.67,-8.67,35.0,converted
39648209,t,t,-7.25,-7.25,-7.25,35.0,converted
39648209,t,t,-6.59,-6.59,-6.59,35.0,converted
39648209,t,t,-5.81,-5.81,-5.81,35.0,converted
39648209,t,t,-6.48,-6.48,-6.48,35.0,converted
34108856,Peak Z Score,z,-3.51,-3.51,-3.9120600850029774,34.0,converted
34108856,Peak Z Score,z,-3.49,-3.49,-3.8851872649657175,34.0,converted
34108856,Peak Z Score,z,-3.80,-3.8,-4.311965847808561,34.0,converted
34108856,Peak Z Score,z,-3.87,-3.87,-4.411528648345302,34.0,converted
34108856,Z,z,-3.8,-3.8,-4.311965847808561,34.0,converted
34108856,Z,z,-3.87,-3.87,-4.411528648345302,34.0,converted
34431029,t,t,4.3743,4.3743,4.3743,20.0,converted
34431029,t,t,-4.104,-4.104,-4.104,20.0,converted
34431029,t,t,-3.3641,-3.3641,-3.3641,20.0,converted
34431029,t,t,-3.8456,-3.8456,-3.8456,20.0,converted
34431029,t,t,-7.4947,-7.4947,-7.4947,20.0,converted
34431029,t,t,-3.9934,-3.9934,-3.9934,20.0,converted
34431029,t,t,-4.0215,-4.0215,-4.0215,20.0,converted
34431029,t,t,-4.1024,-4.1024,-4.1024,20.0,converted
34431029,t,t,-4.7741,-4.7741,-4.7741,20.0,converted
34431029,t,t,-4.9814,-4.9814,-4.9814,20.0,converted
34431029,t,t,-3.936,-3.936,-3.936,20.0,converted
34431029,t,t,-5.4515,-5.4515,-5.4515,20.0,converted
34431029,t,t,-5.1418,-5.1418,-5.1418,20.0,converted
34431029,t,t,-4.6955,-4.6955,-4.6955,20.0,converted
34431029,t,t,-4.4098,-4.4098,-4.4098,20.0,converted
34431029,t,t,-5.9415,-5.9415,-5.9415,20.0,converted
34431029,t,t,-4.1131,-4.1131,-4.1131,20.0,converted
34431029,t,t,-7.4947,-7.4947,-7.4947,20.0,converted
25228908,Z score,z,5.63,5.63,28.22255064318391,9.0,converted
25228908,Z score,z,5.33,5.33,22.097285153461243,9.0,converted
25228908,Z score,z,5.29,5.29,21.406386263655744,9.0,converted
25228908,Z score,z,4.78,4.78,14.520454118879188,9.0,converted
25228908,Z score,z,5.26,5.26,20.905142901226338,9.0,converted
25228908,Z score,z,5.04,5.04,17.62976955170424,9.0,converted
25228908,Z score,z,3.99,3.99,8.411631439596142,9.0,converted
25228908,Z score,z,4.55,4.55,12.30742456485294,9.0,converted
25228908,Z score,z,4.06,4.06,8.807906535061903,9.0,converted
25228908,Z score,z,5.14,5.14,19.035805010063548,9.0,converted
25228908,Z score,z,4.03,4.03,8.635414753106236,9.0,converted
25228908,Z score,z,4.00,4.0,8.466925103464442,9.0,converted
25228908,Z score,z,4.72,4.72,13.89972813160941,9.0,converted
25228908,Z score,z,4.27,4.27,10.137783666785115,9.0,converted
25228908,Z score,z,4.21,4.21,9.73465016237688,9.0,converted
25228908,Z score,z,3.36,3.36,5.643884130547224,9.0,converted
25228908,Z score,z,3.51,3.51,6.193444245719099,9.0,converted
25228908,Z score,z,4.51,4.51,11.965386491281338,9.0,converted
25228908,Z score,z,4.06,4.06,8.807906535061903,9.0,converted
25228908,Z score,z,3.85,3.85,7.680638716595146,9.0,converted
25228908,Z score,z,4.57,4.57,12.482869510577693,9.0,converted
25228908,Z score,z,3.99,3.99,8.411631439596142,9.0,converted
25228908,Z score,z,3.56,3.56,6.389830331364696,9.0,converted
25228908,Z score,z,4.56,4.56,12.394771987689307,9.0,converted
25228908,Z score,z,4.45,4.45,11.47358904199661,9.0,converted
25228908,Z score,z,3.63,3.63,6.676816617262824,9.0,converted
25228908,Z score,z,3.32,3.32,5.506652822110062,9.0,converted
25228908,Z score,z,4.08,4.08,8.92518241414487,9.0,converted
25228908,Z score,z,3.86,3.86,7.730299925850293,9.0,converted
25228908,Z score,z,4.27,4.27,10.137783666785115,9.0,converted
25228908,Z score,z,4.10,4.1,9.044325022350668,9.0,converted
25228908,Z score,z,3.78,3.78,7.343293543047876,9.0,converted
25228908,Z score,z,3.50,3.5,6.154993335062081,9.0,converted
25228908,Z score,z,3.44,3.44,5.929861887843743,9.0,converted
25228908,Z,z,-5.33,-5.33,-22.097285153461243,9.0,converted
25228908,Z,z,-4.91,-4.91,-15.984215162050408,9.0,converted
25228908,Z,z,-4.68,-4.68,-13.503687794897514,9.0,converted
25228908,Z,z,4.64,4.64,13.121205236325007,9.0,converted
25228908,Z,z,-4.48,-4.48,-11.716373076805358,9.0,converted
25228908,Z,z,-3.98,-3.98,-8.356765623756168,9.0,converted
25228908,Z,z,-3.98,-3.98,-8.356765623756168,9.0,converted
25228908,Z,z,-3.84,-3.84,-7.631351757045571,9.0,converted
25228908,Z,z,-3.74,-3.74,-7.158304820307939,9.0,converted
25228908,Z,z,-3.49,-3.49,-6.116811950380235,9.0,converted
25228908,Z,z,-3.48,-3.48,-6.078897609247402,9.0,converted
25228908,Z,z,-4.6,-4.6,-12.751739236697096,9.0,converted
25228908,Z,z,-4.36,-4.36,-10.780799574002229,9.0,converted
25228908,Z,z,-4.22,-4.22,-9.8004841804528,9.0,converted
25228908,Z,z,-3.75,-3.75,-7.204038108356404,9.0,converted
25228908,Z,z,-4.06,-4.06,-8.807906535061903,9.0,converted
25228908,Z,z,-2.07,-2.07,-2.5437593417437325,9.0,converted
25228908,Z,z,-4.5,-4.5,-11.881678240222161,9.0,converted
25228908,Z,z,-3.52,-3.52,-6.232167189669106,9.0,converted
25228908,Z,z,-4.04,-4.04,-8.692461598014056,9.0,converted
25228908,Z,z,-3.54,-3.54,-6.310439332821333,9.0,converted
25228908,Z,z,-3.34,-3.34,-5.5748032307121305,9.0,converted
25228908,Z,z,-3.57,-3.57,-6.429951942074583,9.0,converted
25228908,Z,z,-2.84,-2.84,-4.110803966329574,9.0,converted
25228908,Z,z,-2.99,-2.99,-4.502556092736987,9.0,converted
25228908,Z,z,-3.85,-3.85,-7.680638716595146,9.0,converted
25228908,Z,z,-3.42,-3.42,-5.856883530009731,9.0,converted
25228908,Z,z,-3.3,-3.3,-5.439416036036669,9.0,converted
25228908,Z,z,-3.2,-3.2,-5.11636858508769,9.0,converted
25228908,Z,z,-3.77,-3.77,-7.296529225716579,9.0,converted
25228908,Z,z,-3.59,-3.59,-6.511060699279156,9.0,converted
25228908,Z,z,-4.04,-4.04,-8.692461598014056,9.0,converted
25228908,Z,z,-3.16,-3.16,-4.992990064197508,9.0,converted
25228908,Z,z,-3.55,-3.55,-6.349993673594283,9.0,converted
25228908,Z,z,-2.96,-2.96,-4.421313946253231,9.0,converted
25228908,Z,z,-2.84,-2.84,-4.110803966329574,9.0,converted
25228908,Z,z,-4.04,-4.04,-8.692461598014056,9.0,converted
25228908,Z,z,-3.85,-3.85,-7.680638716595146,9.0,converted
25228908,Z,z,-3.77,-3.77,-7.296529225716579,9.0,converted
27857211,t value,t,-3.90,-3.9,-3.9,70.0,converted
27857211,t value,t,-3.39,-3.39,-3.39,70.0,converted
27857211,t value,t,-3.59,-3.59,-3.59,70.0,converted
27857211,t value,t,-3.85,-3.85,-3.85,70.0,converted
27857211,t value,t,-4.14,-4.14,-4.14,70.0,converted
27857211,t value,t,-3.94,-3.94,-3.94,70.0,converted
27857211,t value,t,-3.47,-3.47,-3.47,70.0,converted
27857211,t value,t,-3.40,-3.4,-3.4,70.0,converted
27857211,t value,t,-3.30,-3.3,-3.3,70.0,converted
27857211,t value,t,-3.71,-3.71,-3.71,70.0,converted
27857211,t value,t,-3.62,-3.62,-3.62,70.0,converted
27857211,t value,t,-3.10,-3.1,-3.1,70.0,converted
27857211,t value,t,-5.22,-5.22,-5.22,70.0,converted
27857211,t value,t,-4.82,-4.82,-4.82,70.0,converted
27857211,t value,t,-3.69,-3.69,-3.69,70.0,converted
27857211,t value,t,-4.48,-4.48,-4.48,70.0,converted
27857211,t value,t,-3.47,-3.47,-3.47,70.0,converted
27857211,t value,t,-3.73,-3.73,-3.73,70.0,converted
27857211,t value,t,-3.30,-3.3,-3.3,70.0,converted
27857211,t value,t,-3.67,-3.67,-3.67,70.0,converted
27857211,t value,t,-3.43,-3.43,-3.43,70.0,converted
27857211,t value,t,-3.25,-3.25,-3.25,70.0,converted
27857211,t value,t,-3.08,-3.08,-3.08,70.0,converted
27857211,t value,t,-3.48,-3.48,-3.48,70.0,converted
27857211,t,t,-3.9,-3.9,-3.9,70.0,converted
27857211,t,t,-3.39,-3.39,-3.39,70.0,converted
27857211,t,t,-3.59,-3.59,-3.59,70.0,converted
27857211,t,t,-3.85,-3.85,-3.85,70.0,converted
27857211,t,t,-4.14,-4.14,-4.14,70.0,converted
27857211,t,t,-3.94,-3.94,-3.94,70.0,converted
27857211,t,t,-3.47,-3.47,-3.47,70.0,converted
27857211,t,t,-3.4,-3.4,-3.4,70.0,converted
27857211,t,t,-3.3,-3.3,-3.3,70.0,converted
27857211,t,t,-3.71,-3.71,-3.71,70.0,converted
27857211,t,t,-3.62,-3.62,-3.62,70.0,converted
27857211,t,t,-3.1,-3.1,-3.1,70.0,converted
27857211,t,t,-5.22,-5.22,-5.22,70.0,converted
27857211,t,t,-4.82,-4.82,-4.82,70.0,converted
27857211,t,t,-3.69,-3.69,-3.69,70.0,converted
27857211,t,t,-4.48,-4.48,-4.48,70.0,converted
27857211,t,t,-3.47,-3.47,-3.47,70.0,converted
27857211,t,t,-3.73,-3.73,-3.73,70.0,converted
27857211,t,t,-3.3,-3.3,-3.3,70.0,converted
27857211,t,t,-3.67,-3.67,-3.67,70.0,converted
27857211,t,t,-3.43,-3.43,-3.43,70.0,converted
27857211,t,t,-3.25,-3.25,-3.25,70.0,converted
27857211,t,t,-3.48,-3.48,-3.48,70.0,converted
29951105,t value,t,6.24,6.24,6.24,21.0,converted
29951105,t value,t,6.66,6.66,6.66,21.0,converted
29951105,t,t,-6.4773,-6.4773,-6.4773,21.0,converted
29951105,t,t,-6.3792,-6.3792,-6.3792,21.0,converted
24603951,T-score,t,4.33,4.33,4.33,28.0,converted
24603951,T-score,t,3.76,3.76,3.76,28.0,converted
24603951,t,t,4.33,4.33,4.33,28.0,converted
24603951,t,t,3.76,3.76,3.76,28.0,converted
39543627,Peak Z Score,z,-4.86,-4.86,-5.377925037635693,65.0,converted
39543627,Peak Z Score,z,-4.22,-4.22,-4.556777556822146,65.0,converted
39543627,Peak Z Score,z,-4.53,-4.53,-4.9475206729656716,65.0,converted
20838644,not_reported,unknown,not_reported,,,10.0,failed
20838644,not_reported,unknown,not_reported,,,10.0,failed
20838644,not_reported,unknown,not_reported,,,10.0,failed
20838644,not_reported,unknown,not_reported,,,10.0,failed
20838644,not_reported,unknown,not_reported,,,10.0,failed
20838644,not_reported,unknown,not_reported,,,10.0,failed
20838644,not_reported,unknown,not_reported,,,10.0,failed
20838644,not_reported,unknown,not_reported,,,10.0,failed
20838644,NR,unknown,not_reported,,,10.0,failed
26161117,Z,z,-3.6,-3.6,-4.1471543110833196,28.0,converted
26161117,Z,z,-3.46,-3.46,-3.94453556525379,28.0,converted
26161117,Z,z,-3.01,-3.01,-3.328904093188616,28.0,converted
25741269,t,t,-15.45,-15.45,-15.45,45.0,converted
25741269,t,t,-13.0,-13.0,-13.0,45.0,converted
25741269,t,t,-11.76,-11.76,-11.76,45.0,converted
25741269,t,t,-12.98,-12.98,-12.98,45.0,converted
25741269,t,t,-10.91,-10.91,-10.91,45.0,converted
25741269,t,t,-11.23,-11.23,-11.23,45.0,converted
25741269,t,t,-11.06,-11.06,-11.06,45.0,converted
25741269,t,t,-11.85,-11.85,-11.85,45.0,converted
25741269,t,t,-16.07,-16.07,-16.07,45.0,converted
25741269,t,t,-10.36,-10.36,-10.36,45.0,converted
25741269,t,t,-10.44,-10.44,-10.44,45.0,converted
25741269,t,t,-10.93,-10.93,-10.93,45.0,converted
25741269,t,t,-10.97,-10.97,-10.97,45.0,converted
25741269,t,t,-10.66,-10.66,-10.66,45.0,converted
25741269,t,t,-11.23,-11.23,-11.23,45.0,converted
25741269,t,t,-9.83,-9.83,-9.83,45.0,converted
25741269,t,t,-10.19,-10.19,-10.19,45.0,converted
25741269,t,t,-9.99,-9.99,-9.99,45.0,converted
25741269,t,t,-10.66,-10.66,-10.66,45.0,converted
25741269,t,t,-10.97,-10.97,-10.97,45.0,converted
25741269,t,t,-10.02,-10.02,-10.02,45.0,converted
25741269,t,t,-11.41,-11.41,-11.41,45.0,converted
25741269,t,t,-14.44,-14.44,-14.44,45.0,converted
25741269,t,t,-11.9,-11.9,-11.9,45.0,converted
25741269,t,t,-12.76,-12.76,-12.76,45.0,converted
25741269,t,t,-12.81,-12.81,-12.81,45.0,converted
25741269,t,t,-11.26,-11.26,-11.26,45.0,converted
25741269,t,t,-12.5,-12.5,-12.5,45.0,converted
25741269,t,t,-11.8,-11.8,-11.8,45.0,converted
25741269,t,t,-11.43,-11.43,-11.43,45.0,converted
25741269,t,t,-10.74,-10.74,-10.74,45.0,converted
25741269,t,t,-13.62,-13.62,-13.62,45.0,converted
25741269,t,t,-12.91,-12.91,-12.91,45.0,converted
25741269,t,t,-11.13,-11.13,-11.13,45.0,converted
25741269,t,t,-11.96,-11.96,-11.96,45.0,converted
25741269,t,t,-11.38,-11.38,-11.38,45.0,converted
25741269,t,t,-10.99,-10.99,-10.99,45.0,converted
25741269,t,t,-11.34,-11.34,-11.34,45.0,converted
25741269,t,t,-16.54,-16.54,-16.54,45.0,converted
25741269,t,t,-11.78,-11.78,-11.78,45.0,converted
25741269,t,t,-13.82,-13.82,-13.82,45.0,converted
25741269,t,t,-13.15,-13.15,-13.15,45.0,converted
25741269,t,t,-10.71,-10.71,-10.71,45.0,converted
25741269,t,t,-14.02,-14.02,-14.02,45.0,converted
25741269,t,t,-10.46,-10.46,-10.46,45.0,converted
25741269,t,t,15.1,15.1,15.1,45.0,converted
25741269,t,t,-9.79,-9.79,-9.79,45.0,converted
25741269,t,t,-9.76,-9.76,-9.76,45.0,converted
25741269,t,t,-11.89,-11.89,-11.89,45.0,converted
30105065,T value,t,-2.65,-2.65,-2.65,49.0,converted
30105065,T value,t,-2.66,-2.66,-2.66,49.0,converted
30105065,T value,t,-2.67,-2.67,-2.67,49.0,converted
30105065,T value,t,-2.68,-2.68,-2.68,49.0,converted
30105065,T value,t,-2.70,-2.7,-2.7,49.0,converted
30105065,T value,t,-2.69,-2.69,-2.69,49.0,converted
30105065,T value,t,-3.52,-3.52,-3.52,49.0,converted
30105065,T value,t,-4.04,-4.04,-4.04,49.0,converted
30105065,T value,t,-4.10,-4.1,-4.1,49.0,converted
30105065,t,t,-4.04,-4.04,-4.04,49.0,converted
30105065,t,t,-4.1,-4.1,-4.1,49.0,converted
35585920,T,t,-3.74,-3.74,-3.74,33.0,converted
35585920,T,t,-4.86,-4.86,-4.86,33.0,converted
35585920,T,t,-4.42,-4.42,-4.42,33.0,converted
35585920,T,t,-5.51,-5.51,-5.51,33.0,converted
35585920,t,t,-3.74,-3.74,-3.74,33.0,converted
35585920,t,t,-4.86,-4.86,-4.86,33.0,converted
35585920,t,t,-4.42,-4.42,-4.42,33.0,converted
35585920,t,t,-5.51,-5.51,-5.51,33.0,converted
29904344,T-Value,t,-3.89,-3.89,-3.89,20.0,converted
29904344,T-Value,t,-5.16,-5.16,-5.16,20.0,converted
29904344,T-Value,t,-5.89,-5.89,-5.89,20.0,converted
29904344,T-Value,t,-4.66,-4.66,-4.66,20.0,converted
29904344,t,t,-3.89,-3.89,-3.89,20.0,converted
29904344,t,t,-5.16,-5.16,-5.16,20.0,converted
29904344,t,t,-5.89,-5.89,-5.89,20.0,converted
29904344,t,t,-4.66,-4.66,-4.66,20.0,converted
26839078,Z,z,3.74,3.74,3.88201233822426,104.0,converted
26839078,Z,z,3.72,3.72,3.859803163352068,104.0,converted
26839078,Z,z,3.29,3.29,3.3879070927294603,104.0,converted
26839078,Z,z,3.74,3.74,3.88201233822426,104.0,converted
26839078,Z,z,3.72,3.72,3.859803163352068,104.0,converted
26839078,Z,z,3.29,3.29,3.3879070927294603,104.0,converted
24821143,Peak z Value,z,-4.93,-4.93,-6.09601329269494,34.0,converted
24821143,Peak z Value,z,-3.76,-3.76,-4.255621428988553,34.0,converted
24821143,Peak z Value,z,-3.82,-3.82,-4.340286619119114,34.0,converted
24821143,Peak z Value,z,-3.79,-3.79,-4.297842760352681,34.0,converted
24821143,Peak z Value,z,-3.80,-3.8,-4.311965847808561,34.0,converted
24821143,Z,z,-4.93,-4.93,-6.09601329269494,34.0,converted
24821143,Z,z,-3.76,-3.76,-4.255621428988553,34.0,converted
24821143,Z,z,-3.82,-3.82,-4.340286619119114,34.0,converted
24821143,Z,z,-3.79,-3.79,-4.297842760352681,34.0,converted
24821143,Z,z,-3.8,-3.8,-4.311965847808561,34.0,converted
35832324,T Value,t,-5.5733,-5.5733,-5.5733,24.0,converted
35832324,T Value,t,-8.0823,-8.0823,-8.0823,24.0,converted
35832324,T Value,t,-3.7076,-3.7076,-3.7076,24.0,converted
35832324,T value,t,-5.2652,-5.2652,-5.2652,24.0,converted
35832324,T value,t,-4.461,-4.461,-4.461,24.0,converted
35832324,T value,t,-5.0606,-5.0606,-5.0606,24.0,converted
35832324,T value,t,-6.4883,-6.4883,-6.4883,24.0,converted
35832324,T value,t,-7.2867,-7.2867,-7.2867,24.0,converted
35832324,t,t,-4.461,-4.461,-4.461,24.0,converted
35832324,t,t,-5.0606,-5.0606,-5.0606,24.0,converted
35832324,NR,unknown,not_reported,,,24.0,failed
35832324,t,t,-6.4883,-6.4883,-6.4883,24.0,converted
35832324,t,t,-7.2867,-7.2867,-7.2867,24.0,converted
35832324,t,t,-3.7076,-3.7076,-3.7076,24.0,converted
37305743,T,t,6.12,6.12,6.12,41.0,converted
37305743,T,t,5.95,5.95,5.95,41.0,converted
37305743,T,t,4.47,4.47,4.47,41.0,converted
37305743,T,t,4.88,4.88,4.88,41.0,converted
36051643,Z-score,z,3.63,3.63,4.0751655251444205,34.0,converted
36051643,Z-score,z,3.44,3.44,3.8183839001747977,34.0,converted
36051643,Z-score,z,3.52,3.52,3.925529332355399,34.0,converted
36051643,Z-score,z,3.22,3.22,3.5306109383633157,34.0,converted
36051643,Z-score,z,3.54,3.54,3.9525339790132903,34.0,converted
36051643,Z-score,z,3.52,3.52,3.925529332355399,34.0,converted
36051643,Z-score,z,3.33,3.33,3.673271563934167,34.0,converted
36051643,Z-score,z,3.27,3.27,3.5951603335460947,34.0,converted
36051643,Z-score,z,3.66,3.66,4.116454795798531,34.0,converted
36051643,Z,z,3.63,3.63,4.0751655251444205,34.0,converted
36051643,Z,z,3.44,3.44,3.8183839001747977,34.0,converted
36051643,Z,z,3.52,3.52,3.925529332355399,34.0,converted
36051643,Z,z,3.22,3.22,3.5306109383633157,34.0,converted
36051643,Z,z,3.54,3.54,3.9525339790132903,34.0,converted
36051643,Z,z,3.52,3.52,3.925529332355399,34.0,converted
36051643,Z,z,3.33,3.33,3.673271563934167,34.0,converted
36051643,Z,z,3.27,3.27,3.5951603335460947,34.0,converted
36051643,Z,z,3.66,3.66,4.116454795798531,34.0,converted
36051643,Z,z,3.33,3.33,3.673271563934167,34.0,converted
36051643,Z,z,3.27,3.27,3.5951603335460947,34.0,converted
36051643,Z,z,3.66,3.66,4.116454795798531,34.0,converted
16407533,Z score,z,4.00,4.0,5.618583148662343,16.0,converted
16407533,Z,z,4.0,4.0,5.618583148662343,16.0,converted
37901421,t-max,t,5.09,5.09,5.09,51.0,converted
37901421,t-max,t,3.92,3.92,3.92,51.0,converted
37901421,t-max,t,4.63,4.63,4.63,51.0,converted
37901421,t-max,t,3.97,3.97,3.97,51.0,converted
37901421,t,t,5.09,5.09,5.09,51.0,converted
37901421,t,t,3.92,3.92,3.92,51.0,converted
37901421,t,t,4.63,4.63,4.63,51.0,converted
37901421,t,t,3.97,3.97,3.97,51.0,converted
40642213,not_reported,unknown,not_reported,,,51.0,failed
40642213,NR,unknown,not_reported,,,51.0,failed
26211895,z-score (cluster peak),z,6.25,6.25,23.67352682946348,12.0,converted
26211895,z-score (cluster peak),z,5.83,5.83,18.146022556432683,12.0,converted
26211895,z-score (cluster peak),z,5.78,5.78,17.597468296914123,12.0,converted
26211895,z-score (cluster peak),z,5.68,5.68,16.559364591289302,12.0,converted
26211895,z-score (cluster peak),z,5.22,5.22,12.640234365290944,12.0,converted
26211895,z-score (cluster peak),z,4.90,4.9,10.564989108405456,12.0,converted
26211895,z-score (cluster peak),z,4.33,4.33,7.7865132676917295,12.0,converted
26211895,z-score (cluster peak),z,4.26,4.26,7.507859133011705,12.0,converted
26211895,z-score (cluster peak),z,3.86,3.86,6.1152681923954155,12.0,converted
26211895,z-score (cluster peak),z,3.81,3.81,5.962121603477212,12.0,converted
26211895,z-score (cluster peak),z,3.46,3.46,4.996421975811312,12.0,converted
26211895,z-score (cluster peak),z,3.05,3.05,4.059495332143139,12.0,converted
26211895,z-score (cluster peak),z,4.78,4.78,9.893718910728955,12.0,converted
26211895,z-score (cluster peak),z,4.51,4.51,8.559460264495042,12.0,converted
26211895,z-score (cluster peak),z,4.46,4.46,8.336172732455363,12.0,converted
26211895,z-score (cluster peak),z,4.29,4.29,7.625862806745168,12.0,converted
26211895,z-score (cluster peak),z,4.19,4.19,7.240504049811172,12.0,converted
26211895,z-score (cluster peak),z,4.06,4.06,6.771957947140438,12.0,converted
26211895,z-score (cluster peak),z,3.53,3.53,5.175863146903428,12.0,converted
26211895,z-score (cluster peak),z,3.47,3.47,5.021671706026858,12.0,converted
26211895,z-score (cluster peak),z,3.05,3.05,4.059495332143139,12.0,converted
26211895,z-score (cluster peak),z,4.51,4.51,8.559460264495042,12.0,converted
26211895,z-score (cluster peak),z,4.19,4.19,7.240504049811172,12.0,converted
26211895,z-score (cluster peak),z,4.16,4.16,7.12923340382343,12.0,converted
26211895,z-score (cluster peak),z,4.02,4.02,6.634667910220904,12.0,converted
26211895,z-score (cluster peak),z,3.97,3.97,6.46735714731886,12.0,converted
26211895,z-score (cluster peak),z,3.46,3.46,4.996421975811312,12.0,converted
26211895,z-score (cluster peak),z,3.28,3.28,4.562549210929706,12.0,converted
26211895,z-score (cluster peak),z,3.20,3.2,4.38145378880069,12.0,converted
26211895,z-score (cluster peak),z,2.95,2.95,3.856616064456972,12.0,converted
26211895,z-score (cluster peak),z,2.51,2.51,3.0586077867315393,12.0,converted
26211895,z-score (cluster peak),z,2.48,2.48,3.0090803041673833,12.0,converted
26211895,z-score (cluster peak),z,3.67,3.67,5.554566886525751,12.0,converted
26211895,z-score (cluster peak),z,3.46,3.46,4.996421975811312,12.0,converted
26211895,z-score (cluster peak),z,3.42,3.42,4.896670923112979,12.0,converted
26211895,Z,z,4.78,4.78,9.893718910728955,12.0,converted
26211895,Z,z,4.51,4.51,8.559460264495042,12.0,converted
26211895,Z,z,4.46,4.46,8.336172732455363,12.0,converted
26211895,Z,z,4.29,4.29,7.625862806745168,12.0,converted
26211895,Z,z,4.19,4.19,7.240504049811172,12.0,converted
26211895,Z,z,4.06,4.06,6.771957947140438,12.0,converted
26211895,Z,z,3.53,3.53,5.175863146903428,12.0,converted
26211895,Z,z,3.47,3.47,5.021671706026858,12.0,converted
26211895,Z,z,3.05,3.05,4.059495332143139,12.0,converted
42131703,T-value,t,−4.498,-4.498,-4.498,98.0,converted
42131703,T-value,t,−4.532,-4.532,-4.532,98.0,converted
41641330,t-value,t,-5.2773,-5.2773,-5.2773,24.0,converted
41641330,t-value,t,-5.2773,-5.2773,-5.2773,24.0,converted
41641330,t-value,t,-6.8288,-6.8288,-6.8288,24.0,converted
41641330,t-value,t,-4.9947,-4.9947,-4.9947,24.0,converted
41641330,t-value,t,-6.27,-6.27,-6.27,24.0,converted
41641330,t-value,t,-6.27,-6.27,-6.27,24.0,converted
41641330,t-value,t,-5.5739,-5.5739,-5.5739,24.0,converted
41641330,t-value,t,-5.5739,-5.5739,-5.5739,24.0,converted
41641330,t,t,-6.8288,-6.8288,-6.8288,24.0,converted
41641330,t,t,-4.9947,-4.9947,-4.9947,24.0,converted
41641330,t,t,-6.27,-6.27,-6.27,24.0,converted
41641330,t,t,-6.27,-6.27,-6.27,24.0,converted
41641330,t,t,-5.5739,-5.5739,-5.5739,24.0,converted
41641330,t,t,-5.5739,-5.5739,-5.5739,24.0,converted
23840533,t,t,-6.62,-6.62,-6.62,18.0,converted
23840533,t,t,-6.33,-6.33,-6.33,18.0,converted
23840533,t,t,-5.38,-5.38,-5.38,18.0,converted
23840533,t,t,-4.64,-4.64,-4.64,18.0,converted
23840533,t,t,-6.22,-6.22,-6.22,18.0,converted
23840533,t,t,-6.20,-6.2,-6.2,18.0,converted
23840533,t,t,-5.94,-5.94,-5.94,18.0,converted
23840533,t,t,-4.89,-4.89,-4.89,18.0,converted
23840533,t,t,-5.87,-5.87,-5.87,18.0,converted
23840533,t,t,-6.68,-6.68,-6.68,18.0,converted
23840533,t,t,-4.71,-4.71,-4.71,18.0,converted
23840533,t,t,-5.25,-5.25,-5.25,18.0,converted
23840533,t,t,-6.28,-6.28,-6.28,18.0,converted
23840533,t,t,-4.87,-4.87,-4.87,18.0,converted
23840533,t,t,-6.39,-6.39,-6.39,18.0,converted
23840533,t,t,-5.49,-5.49,-5.49,18.0,converted
23840533,t,t,-6.27,-6.27,-6.27,18.0,converted
23840533,t,t,-5.15,-5.15,-5.15,18.0,converted
23840533,t,t,-4.64,-4.64,-4.64,18.0,converted
23840533,t,t,-5.25,-5.25,-5.25,18.0,converted
23840533,t,t,-5.15,-5.15,-5.15,18.0,converted
23840533,t,t,-4.64,-4.64,-4.64,18.0,converted
23840533,t,t,-5.77,-5.77,-5.77,18.0,converted
23840533,t,t,-5.34,-5.34,-5.34,18.0,converted
23840533,t,t,-5.64,-5.64,-5.64,18.0,converted
23840533,t,t,-4.5,-4.5,-4.5,18.0,converted
23840533,t,t,-7.22,-7.22,-7.22,18.0,converted
23840533,t,t,-6.89,-6.89,-6.89,18.0,converted
23840533,t,t,-6.62,-6.62,-6.62,18.0,converted
23840533,t,t,-6.33,-6.33,-6.33,18.0,converted
23840533,t,t,-5.38,-5.38,-5.38,18.0,converted
23840533,t,t,-4.64,-4.64,-4.64,18.0,converted
23840533,t,t,-6.22,-6.22,-6.22,18.0,converted
23840533,t,t,-6.2,-6.2,-6.2,18.0,converted
23840533,t,t,-5.94,-5.94,-5.94,18.0,converted
23840533,t,t,-4.89,-4.89,-4.89,18.0,converted
23840533,t,t,-5.82,-5.82,-5.82,18.0,converted
23840533,t,t,-5.37,-5.37,-5.37,18.0,converted
23840533,t,t,-5.45,-5.45,-5.45,18.0,converted
23840533,t,t,-5.87,-5.87,-5.87,18.0,converted
23840533,t,t,-6.68,-6.68,-6.68,18.0,converted
23840533,t,t,-4.71,-4.71,-4.71,18.0,converted
23840533,t,t,-5.25,-5.25,-5.25,18.0,converted
23840533,t,t,-6.28,-6.28,-6.28,18.0,converted
23840533,t,t,-4.87,-4.87,-4.87,18.0,converted
23840533,t,t,-6.39,-6.39,-6.39,18.0,converted
23840533,t,t,-5.15,-5.15,-5.15,18.0,converted
23840533,t,t,-4.64,-4.64,-4.64,18.0,converted
23840533,t,t,-5.49,-5.49,-5.49,18.0,converted
23840533,t,t,-6.27,-6.27,-6.27,18.0,converted
23840533,t,t,-5.25,-5.25,-5.25,18.0,converted
23840533,t,t,-5.15,-5.15,-5.15,18.0,converted
23840533,t,t,-5.77,-5.77,-5.77,18.0,converted
23840533,t,t,-5.34,-5.34,-5.34,18.0,converted
23840533,t,t,-5.64,-5.64,-5.64,18.0,converted
23840533,t,t,-4.5,-4.5,-4.5,18.0,converted
23840533,t,t,-7.22,-7.22,-7.22,18.0,converted
23840533,t,t,-6.89,-6.89,-6.89,18.0,converted
40963943,T value,t,-7.36,-7.36,-7.36,72.0,converted
40963943,T value,t,-9.37,-9.37,-9.37,72.0,converted
40963943,T value,t,-9.50,-9.5,-9.5,72.0,converted
40963943,T value,t,-8.73,-8.73,-8.73,72.0,converted
40963943,T value,t,-6.97,-6.97,-6.97,72.0,converted
40963943,T value,t,-9.31,-9.31,-9.31,72.0,converted
40963943,T value,t,-8.49,-8.49,-8.49,72.0,converted
40963943,T value,t,-8.82,-8.82,-8.82,72.0,converted
40963943,T value,t,-11.24,-11.24,-11.24,72.0,converted
40963943,T value,t,10.47,10.47,10.47,72.0,converted
40963943,T value,t,-24.24,-24.24,-24.24,72.0,converted
40963943,T value,t,-14.96,-14.96,-14.96,72.0,converted
19559684,t*,t,-20.2,-20.2,-20.2,48.0,converted
19559684,t*,t,-20.8,-20.8,-20.8,48.0,converted
19559684,t*,t,-9.5,-9.5,-9.5,48.0,converted
19559684,t*,t,-11.3,-11.3,-11.3,48.0,converted
19559684,t*,t,-25.6,-25.6,-25.6,48.0,converted
19559684,t*,t,-35.5,-35.5,-35.5,48.0,converted
19559684,t*,t,-13,-13.0,-13.0,48.0,converted
19559684,t*,t,-20.4,-20.4,-20.4,48.0,converted
19559684,t*,t,-26,-26.0,-26.0,48.0,converted
19559684,t*,t,-25.8,-25.8,-25.8,48.0,converted
19559684,t*,t,-14.3,-14.3,-14.3,48.0,converted
19559684,t*,t,-13.6,-13.6,-13.6,48.0,converted
19559684,t*,t,-12.7,-12.7,-12.7,48.0,converted
19559684,t*,t,-12.7,-12.7,-12.7,48.0,converted
19559684,t*,t,-7.9,-7.9,-7.9,48.0,converted
19559684,t*,t,-11.6,-11.6,-11.6,48.0,converted
19559684,t*,t,-20.2,-20.2,-20.2,48.0,converted
19559684,t*,t,-18.6,-18.6,-18.6,48.0,converted
19559684,t*,t,-7.9,-7.9,-7.9,48.0,converted
19559684,t*,t,-6.5,-6.5,-6.5,48.0,converted
19559684,t*,t,15.4,15.4,15.4,48.0,converted
19559684,t*,t,6.7,6.7,6.7,48.0,converted
19559684,t*,t,19.8,19.8,19.8,48.0,converted
19559684,t*,t,13.3,13.3,13.3,48.0,converted
19559684,t*,t,7.4,7.4,7.4,48.0,converted
19559684,t*,t,7.8,7.8,7.8,48.0,converted
19559684,t*,t,7.4,7.4,7.4,48.0,converted
19559684,t*,t,6.2,6.2,6.2,48.0,converted
19559684,t,t,-20.2,-20.2,-20.2,48.0,converted
19559684,t,t,-4.8,-4.8,-4.8,48.0,converted
19559684,t,t,-20.8,-20.8,-20.8,48.0,converted
19559684,t,t,-6.1,-6.1,-6.1,48.0,converted
19559684,t,t,-9.5,-9.5,-9.5,48.0,converted
19559684,t,t,-7.3,-7.3,-7.3,48.0,converted
19559684,t,t,-11.3,-11.3,-11.3,48.0,converted
19559684,t,t,-8.0,-8.0,-8.0,48.0,converted
19559684,t,t,-25.6,-25.6,-25.6,48.0,converted
19559684,t,t,-19.0,-19.0,-19.0,48.0,converted
19559684,t,t,-35.5,-35.5,-35.5,48.0,converted
19559684,t,t,-15.6,-15.6,-15.6,48.0,converted
19559684,t,t,-13.0,-13.0,-13.0,48.0,converted
19559684,t,t,-20.4,-20.4,-20.4,48.0,converted
19559684,t,t,-26.0,-26.0,-26.0,48.0,converted
19559684,t,t,-7.6,-7.6,-7.6,48.0,converted
19559684,t,t,-25.8,-25.8,-25.8,48.0,converted
19559684,t,t,-18.7,-18.7,-18.7,48.0,converted
19559684,t,t,-14.3,-14.3,-14.3,48.0,converted
19559684,t,t,4.8,4.8,4.8,48.0,converted
19559684,t,t,-13.6,-13.6,-13.6,48.0,converted
19559684,t,t,-7.0,-7.0,-7.0,48.0,converted
19559684,t,t,-12.7,-12.7,-12.7,48.0,converted
19559684,t,t,-12.7,-12.7,-12.7,48.0,converted
19559684,t,t,-5.0,-5.0,-5.0,48.0,converted
19559684,t,t,-7.9,-7.9,-7.9,48.0,converted
19559684,t,t,-11.6,-11.6,-11.6,48.0,converted
19559684,t,t,5.9,5.9,5.9,48.0,converted
19559684,t,t,-20.2,-20.2,-20.2,48.0,converted
19559684,t,t,5.9,5.9,5.9,48.0,converted
19559684,t,t,-18.6,-18.6,-18.6,48.0,converted
19559684,t,t,5.8,5.8,5.8,48.0,converted
19559684,t,t,-7.9,-7.9,-7.9,48.0,converted
19559684,t,t,11.0,11.0,11.0,48.0,converted
19559684,t,t,-6.5,-6.5,-6.5,48.0,converted
19559684,t,t,9.3,9.3,9.3,48.0,converted
19559684,t,t,15.4,15.4,15.4,48.0,converted
19559684,t,t,17.09,17.09,17.09,48.0,converted
19559684,t,t,6.7,6.7,6.7,48.0,converted
19559684,t,t,7.4,7.4,7.4,48.0,converted
19559684,t,t,19.8,19.8,19.8,48.0,converted
19559684,t,t,15.7,15.7,15.7,48.0,converted
19559684,t,t,13.3,13.3,13.3,48.0,converted
19559684,t,t,13.0,13.0,13.0,48.0,converted
19559684,t,t,7.8,7.8,7.8,48.0,converted
19559684,t,t,11.0,11.0,11.0,48.0,converted
19559684,t,t,10.0,10.0,10.0,48.0,converted
19559684,t,t,7.4,7.4,7.4,48.0,converted
19559684,t,t,6.9,6.9,6.9,48.0,converted
19559684,t,t,6.2,6.2,6.2,48.0,converted
19559684,t,t,7.6,7.6,7.6,48.0,converted
24062782,t,t,-3.64,-3.64,-3.64,59.0,converted
24062782,t,t,-3.19,-3.19,-3.19,59.0,converted
24062782,t,t,-3.78,-3.78,-3.78,59.0,converted
24062782,t,t,-3.45,-3.45,-3.45,59.0,converted
24062782,t,t,-3.08,-3.08,-3.08,59.0,converted
24062782,t,t,-3.29,-3.29,-3.29,59.0,converted
24062782,t,t,-2.77,-2.77,-2.77,59.0,converted
24062782,t,t,2.90,2.9,2.9,59.0,converted
24062782,t,t,-3.44,-3.44,-3.44,59.0,converted
24062782,t,t,-2.72,-2.72,-2.72,59.0,converted
24062782,t,t,-3.34,-3.34,-3.34,59.0,converted
24062782,t,t,2.95,2.95,2.95,59.0,converted
24062782,t,t,-3.23,-3.23,-3.23,59.0,converted
24062782,t,t,-3.80,-3.8,-3.8,59.0,converted
24062782,t,t,-4.16,-4.16,-4.16,59.0,converted
24062782,t,t,-5.25,-5.25,-5.25,59.0,converted
24062782,t,t,-3.50,-3.5,-3.5,59.0,converted
24062782,t,t,-4.45,-4.45,-4.45,59.0,converted
24062782,t,t,-4.86,-4.86,-4.86,59.0,converted
24062782,t,t,-3.46,-3.46,-3.46,59.0,converted
24062782,t,t,-3.95,-3.95,-3.95,59.0,converted
24062782,t,t,-3.32,-3.32,-3.32,59.0,converted
24062782,t,t,-3.74,-3.74,-3.74,59.0,converted
24062782,t,t,-3.01,-3.01,-3.01,59.0,converted
24062782,t,t,-4.36,-4.36,-4.36,59.0,converted
24062782,t,t,2.94,2.94,2.94,59.0,converted
24062782,t,t,4.52,4.52,4.52,59.0,converted
24062782,t,t,4.33,4.33,4.33,59.0,converted
24062782,t,t,3.70,3.7,3.7,59.0,converted
24062782,t,t,3.84,3.84,3.84,59.0,converted
24062782,t,t,-4.08,-4.08,-4.08,59.0,converted
24062782,t,t,-4.07,-4.07,-4.07,59.0,converted
24062782,t,t,2.81,2.81,2.81,59.0,converted
24062782,t,t,3.57,3.57,3.57,59.0,converted
24062782,t,t,3.41,3.41,3.41,59.0,converted
24062782,t,t,3.48,3.48,3.48,59.0,converted
24062782,t,t,2.87,2.87,2.87,59.0,converted
24062782,t,t,2.72,2.72,2.72,59.0,converted
24062782,t,t,-2.88,-2.88,-2.88,59.0,converted
24062782,t,t,-3.48,-3.48,-3.48,59.0,converted
24062782,t,t,-2.99,-2.99,-2.99,59.0,converted
24062782,t,t,-4.20,-4.2,-4.2,59.0,converted
24062782,t,t,2.61,2.61,2.61,59.0,converted
24062782,t,t,3.71,3.71,3.71,59.0,converted
24062782,t,t,-2.95,-2.95,-2.95,59.0,converted
24062782,t,t,3.31,3.31,3.31,59.0,converted
24062782,t,t,-2.91,-2.91,-2.91,59.0,converted
24062782,t,t,-2.62,-2.62,-2.62,59.0,converted
24062782,t,t,-3.16,-3.16,-3.16,59.0,converted
24062782,t,t,-3.92,-3.92,-3.92,59.0,converted
24062782,t,t,-2.56,-2.56,-2.56,59.0,converted
24062782,t,t,-3.65,-3.65,-3.65,59.0,converted
24062782,t,t,3.03,3.03,3.03,59.0,converted
24062782,t,t,2.50,2.5,2.5,59.0,converted
24062782,t,t,-2.75,-2.75,-2.75,59.0,converted
24062782,t,t,3.12,3.12,3.12,59.0,converted
24062782,t,t,4.02,4.02,4.02,59.0,converted
24062782,t,t,3.69,3.69,3.69,59.0,converted
24062782,t,t,3.61,3.61,3.61,59.0,converted
24062782,t,t,3.10,3.1,3.1,59.0,converted
24062782,t,t,2.98,2.98,2.98,59.0,converted
24062782,t,t,2.96,2.96,2.96,59.0,converted
24062782,t,t,3.19,3.19,3.19,59.0,converted
24062782,t,t,4.47,4.47,4.47,59.0,converted
24062782,t,t,2.65,2.65,2.65,59.0,converted
24062782,t,t,3.55,3.55,3.55,59.0,converted
24062782,t,t,3.67,3.67,3.67,59.0,converted
24062782,t,t,3.00,3.0,3.0,59.0,converted
24062782,t,t,-2.85,-2.85,-2.85,59.0,converted
24062782,t,t,-4.02,-4.02,-4.02,59.0,converted
24062782,t,t,-3.92,-3.92,-3.92,59.0,converted
24062782,t,t,2.90,2.9,2.9,59.0,converted
24062782,t,t,-3.65,-3.65,-3.65,59.0,converted
24062782,t,t,2.50,2.5,2.5,59.0,converted
24062782,t,t,2.79,2.79,2.79,59.0,converted
24062782,t,t,-3.90,-3.9,-3.9,59.0,converted
24062782,t,t,3.55,3.55,3.55,59.0,converted
24062782,t,t,3.14,3.14,3.14,59.0,converted
24062782,t,t,3.76,3.76,3.76,59.0,converted
24062782,t,t,-3.54,-3.54,-3.54,59.0,converted
24062782,t,t,-3.73,-3.73,-3.73,59.0,converted
24062782,t,t,-2.93,-2.93,-2.93,59.0,converted
24062782,t,t,-3.83,-3.83,-3.83,59.0,converted
24062782,t,t,-3.46,-3.46,-3.46,59.0,converted
24062782,t,t,-3.38,-3.38,-3.38,59.0,converted
24062782,t,t,-3.40,-3.4,-3.4,59.0,converted
24062782,t,t,-2.79,-2.79,-2.79,59.0,converted
24062782,t,t,-3.66,-3.66,-3.66,59.0,converted
24062782,t,t,-3.37,-3.37,-3.37,59.0,converted
24062782,t,t,-2.96,-2.96,-2.96,59.0,converted
24062782,t,t,-2.69,-2.69,-2.69,59.0,converted
24062782,t,t,-2.59,-2.59,-2.59,59.0,converted
24062782,t,t,-2.79,-2.79,-2.79,59.0,converted
24062782,t,t,4.69,4.69,4.69,59.0,converted
24062782,t,t,2.90,2.9,2.9,59.0,converted
24062782,t,t,3.87,3.87,3.87,59.0,converted
24062782,t,t,5.48,5.48,5.48,59.0,converted
24062782,t,t,3.56,3.56,3.56,59.0,converted
24062782,t,t,5.17,5.17,5.17,59.0,converted
24062782,t,t,4.70,4.7,4.7,59.0,converted
24062782,t,t,3.89,3.89,3.89,59.0,converted
24062782,t,t,4.00,4.0,4.0,59.0,converted
24062782,t,t,4.64,4.64,4.64,59.0,converted
24062782,t,t,3.44,3.44,3.44,59.0,converted
24062782,t,t,3.44,3.44,3.44,59.0,converted
24062782,t,t,3.46,3.46,3.46,59.0,converted
24062782,t,t,3.63,3.63,3.63,59.0,converted
24062782,t,t,4.03,4.03,4.03,59.0,converted
24062782,t,t,3.00,3.0,3.0,59.0,converted
24062782,t,t,3.72,3.72,3.72,59.0,converted
24062782,t,t,3.79,3.79,3.79,59.0,converted
24062782,t,t,3.08,3.08,3.08,59.0,converted
24062782,t,t,3.02,3.02,3.02,59.0,converted
24062782,t,t,3.55,3.55,3.55,59.0,converted
24062782,t,t,3.18,3.18,3.18,59.0,converted
24062782,t,t,3.01,3.01,3.01,59.0,converted
24062782,t,t,3.86,3.86,3.86,59.0,converted
24062782,t,t,2.77,2.77,2.77,59.0,converted
24062782,t,t,3.38,3.38,3.38,59.0,converted
24062782,t,t,4.07,4.07,4.07,59.0,converted
24062782,t,t,-4.01,-4.01,-4.01,59.0,converted
24062782,t,t,-2.91,-2.91,-2.91,59.0,converted
24062782,t,t,-3.05,-3.05,-3.05,59.0,converted
24062782,t,t,-3.02,-3.02,-3.02,59.0,converted
24062782,t,t,-3.19,-3.19,-3.19,59.0,converted
24062782,t,t,-3.33,-3.33,-3.33,59.0,converted
24062782,t,t,-4.53,-4.53,-4.53,59.0,converted
24062782,t,t,-3.00,-3.0,-3.0,59.0,converted
24062782,t,t,-8.18,-8.18,-8.18,59.0,converted
24062782,t,t,-3.96,-3.96,-3.96,59.0,converted
24062782,t,t,-3.95,-3.95,-3.95,59.0,converted
24062782,t,t,3.02,3.02,3.02,59.0,converted
24062782,t,t,3.08,3.08,3.08,59.0,converted
24062782,t,t,3.55,3.55,3.55,59.0,converted
24062782,t,t,-5.38,-5.38,-5.38,59.0,converted
24062782,t,t,-5.31,-5.31,-5.31,59.0,converted
24062782,t,t,-4.28,-4.28,-4.28,59.0,converted
24062782,t,t,3.38,3.38,3.38,59.0,converted
21080967,Z score,z,4.32,4.32,4.828305013454568,48.0,converted
23152865,Z,z,4.06,4.06,4.563767533226277,41.0,converted
23152865,Z,z,2.85,2.85,3.0260797329970908,41.0,converted
23152865,Z,z,3.27,3.27,3.5326986330296597,41.0,converted
23152865,Z,z,2.96,2.96,3.1563881339640876,41.0,converted
23152865,Z,z,3.07,3.07,3.2883344734217514,41.0,converted
23152865,Z,z,2.85,2.85,3.0260797329970908,41.0,converted
23152865,Z,z,2.73,2.73,2.885700890591913,41.0,converted
23152865,Z,z,2.84,2.84,3.0143120013704077,41.0,converted
23152865,Z,z,3.16,3.16,3.397565310345919,41.0,converted
23152865,Z,z,2.62,2.62,2.7585658781864257,41.0,converted
23152865,Z,z,2.71,2.71,2.8624778412465504,41.0,converted
23152865,Z,z,2.7,2.7,2.85088447234627,41.0,converted
23152865,Z,z,3.09,3.09,3.312506975866267,41.0,converted
23152865,Z,z,2.47,2.47,2.5874450904289943,41.0,converted
23152865,Z,z,3.59,3.59,3.936779818975243,41.0,converted
23152865,Z,z,2.94,2.94,3.1325761998640402,41.0,converted
23152865,Z,z,2.55,2.55,2.678396308202348,41.0,converted
23152865,Z,z,3.21,3.21,3.4587629721432496,41.0,converted
23152865,Z,z,2.79,2.79,2.9556645996334336,41.0,converted
23152865,Z,z,3.42,3.42,3.720005618590462,41.0,converted
23152865,Z,z,2.88,2.88,3.0614604754469417,41.0,converted
23152865,Z,z,3.57,3.57,3.9110188773327024,41.0,converted
23152865,Z,z,2.94,2.94,3.1325761998640402,41.0,converted
23152865,Z,z,2.78,2.78,2.9439729667439467,41.0,converted
23152865,Z,z,2.86,2.86,3.0378603503417936,41.0,converted
23152865,Z,z,2.61,2.61,2.747078765858857,41.0,converted
23152865,Z,z,3.36,3.36,3.6446508623441844,41.0,converted
23152865,Z,z,4.06,4.06,4.563767533226277,41.0,converted
23152865,Z,z,2.85,2.85,3.0260797329970908,41.0,converted
23152865,Z,z,3.27,3.27,3.5326986330296597,41.0,converted
23152865,Z,z,2.96,2.96,3.1563881339640876,41.0,converted
23152865,Z,z,3.07,3.07,3.2883344734217514,41.0,converted
23152865,Z,z,2.85,2.85,3.0260797329970908,41.0,converted
23152865,Z,z,2.73,2.73,2.885700890591913,41.0,converted
23152865,Z,z,2.84,2.84,3.0143120013704077,41.0,converted
23152865,Z,z,3.16,3.16,3.397565310345919,41.0,converted
23152865,Z,z,2.62,2.62,2.7585658781864257,41.0,converted
23152865,Z,z,2.71,2.71,2.8624778412465504,41.0,converted
23152865,Z,z,2.7,2.7,2.85088447234627,41.0,converted
23152865,Z,z,3.09,3.09,3.312506975866267,41.0,converted
23152865,Z,z,2.47,2.47,2.5874450904289943,41.0,converted
23152865,Z,z,3.59,3.59,3.936779818975243,41.0,converted
23152865,Z,z,2.94,2.94,3.1325761998640402,41.0,converted
23152865,Z,z,2.55,2.55,2.678396308202348,41.0,converted
23152865,Z,z,3.21,3.21,3.4587629721432496,41.0,converted
23152865,Z,z,2.79,2.79,2.9556645996334336,41.0,converted
23152865,Z,z,3.42,3.42,3.720005618590462,41.0,converted
23152865,Z,z,2.88,2.88,3.0614604754469417,41.0,converted
23152865,Z,z,3.57,3.57,3.9110188773327024,41.0,converted
23152865,Z,z,2.94,2.94,3.1325761998640402,41.0,converted
23152865,Z,z,2.78,2.78,2.9439729667439467,41.0,converted
23152865,Z,z,2.86,2.86,3.0378603503417936,41.0,converted
23152865,Z,z,2.61,2.61,2.747078765858857,41.0,converted
23152865,Z,z,3.36,3.36,3.6446508623441844,41.0,converted
28334999,r (Pearson),r,r = 0.37,0.37,3.1611233335520157,65.0,converted
28334999,r (Pearson),r,r = 0.26,0.26,2.137186834969645,65.0,converted
28334999,r (Pearson),r,r = 0.46,0.46,4.1120160261223155,65.0,converted
28334999,r (Pearson),r,r = 0.05,0.05,0.3973597071195132,65.0,converted
28334999,r (Pearson),r,r = -0.01,-0.01,-0.07937650825657615,65.0,converted
28334999,r (Pearson),r,r = 0.56,0.56,5.364999234223319,65.0,converted
28334999,r (Pearson),r,r = 0.09,0.09,0.7172636782885041,65.0,converted
28334999,r (Pearson),r,r = 0.33,0.33,2.774731680622492,65.0,converted
28334999,Z,z,3.69,3.69,3.9155852351734826,65.0,converted
28334999,Z,z,3.15,3.15,3.292104524338234,65.0,converted
28334999,Z,z,3.06,3.06,3.190730732422602,65.0,converted
28334999,Z,z,3.01,3.01,3.134699187339298,65.0,converted
28334999,Z,z,2.82,2.82,2.9235704557953,65.0,converted
28334999,Z,z,2.83,2.83,2.93461396055994,65.0,converted
28334999,Z,z,3.49,3.49,3.6814553761897715,65.0,converted
28334999,Z,z,3.38,3.38,3.5543392205585476,65.0,converted
28334999,Z,z,2.88,2.88,2.9899436795848544,65.0,converted
28334999,Z,z,3.7,3.7,3.927397626052735,65.0,converted
34671239,Peak t value,t,7.03,7.03,7.03,50.0,converted
34671239,Peak t value,t,-5.93,-5.93,-5.93,50.0,converted
34671239,t,t,7.03,7.03,7.03,50.0,converted
34671239,t,t,-5.93,-5.93,-5.93,50.0,converted
32194493,Z,z,-3.36,-3.36,-3.6446508623441844,41.0,converted
32194493,Z,z,-3.79,-3.79,-4.198368569958356,41.0,converted
32194493,Z,z,-3.44,-3.44,-3.745254898734749,41.0,converted
32194493,Z,z,-3.48,-3.48,-3.7959532678278616,41.0,converted
32194493,Z,z,-3.46,-3.46,-3.770570599021021,41.0,converted
34949986,Pearson r,r,r = 0.65 (VAS after AAS); r = -0.53 (change in VAS),0.65,5.132023220686198,38.0,converted
34949986,Pearson r,r,r = 0.48,0.48,3.2829174186303827,38.0,converted
34949986,Pearson r,r,r = -0.48,-0.48,-3.2829174186303827,38.0,converted
34949986,Pearson r,r,r = -0.48,-0.48,-3.2829174186303827,38.0,converted
32807158,t-value,t,-5.42,-5.42,-5.42,45.0,converted
32807158,t-value,t,-6.25,-6.25,-6.25,45.0,converted
32807158,t-value,t,-7.53,-7.53,-7.53,45.0,converted
32807158,t-value,t,-5.56,-5.56,-5.56,45.0,converted
32807158,t-value,t,-5.67,-5.67,-5.67,45.0,converted
32807158,t-value,t,-5.81,-5.81,-5.81,45.0,converted
32807158,t-value,t,-7.08,-7.08,-7.08,45.0,converted
32807158,t-value,t,-6.76,-6.76,-6.76,45.0,converted
32807158,t-value,t,-5.03,-5.03,-5.03,45.0,converted
32807158,t-value,t,-7.07,-7.07,-7.07,45.0,converted
32807158,t-value,t,-6.15,-6.15,-6.15,45.0,converted
32807158,t-value,t,-5.49,-5.49,-5.49,45.0,converted
32807158,t-value,t,-5.89,-5.89,-5.89,45.0,converted
37721727,not_reported,unknown,not_reported,,,57.0,failed
41520025,T-statistic,t,T = 4.32,4.32,4.32,44.0,converted
41520025,T-statistic,t,T = 4.66,4.66,4.66,44.0,converted
41520025,T-statistic,t,T = 4.63,4.63,4.63,44.0,converted
41520025,T-statistic,t,T = 4.67,4.67,4.67,44.0,converted
39368604,NR,unknown,-0.32,-0.32,,36.0,failed
39368604,NR,unknown,-0.32,-0.32,,36.0,failed
39368604,NR,unknown,0.12,0.12,,36.0,failed
39368604,NR,unknown,-0.65,-0.65,,36.0,failed
26839078,Z,z,3.73,3.73,3.8709047163737385,104.0,converted
26839078,Z,z,3.13,3.13,3.2148710294404554,104.0,converted
26839078,Z,z,3.77,3.77,3.9153718103479918,104.0,converted
26839078,Z,z,3.88,3.88,4.038167153333974,104.0,converted
26839078,Z,z,4.21,4.21,4.411278359240758,104.0,converted
26839078,Z,z,3.76,3.76,3.9042458658253167,104.0,converted
26839078,Z,z,4.71,4.71,4.991436285440929,104.0,converted
26839078,Z,z,4.57,4.57,4.827067691334858,104.0,converted
26839078,Z,z,3.57,3.57,3.693995050566023,104.0,converted
26839078,Z,z,4.25,4.25,4.457009450383265,104.0,converted
26839078,Z,z,3.73,3.73,3.8709047163737385,104.0,converted
26839078,Z,z,3.13,3.13,3.2148710294404554,104.0,converted
26839078,Z,z,3.77,3.77,3.9153718103479918,104.0,converted
26839078,Z,z,3.88,3.88,4.038167153333974,104.0,converted
26839078,Z,z,4.21,4.21,4.411278359240758,104.0,converted
26839078,Z,z,3.76,3.76,3.9042458658253167,104.0,converted
26839078,Z,z,4.71,4.71,4.991436285440929,104.0,converted
26839078,Z,z,4.57,4.57,4.827067691334858,104.0,converted
26839078,Z,z,3.57,3.57,3.693995050566023,104.0,converted
26839078,Z,z,4.25,4.25,4.457009450383265,104.0,converted
16407533,Z score,z,3.69,3.69,4.923482051132207,16.0,converted
16407533,Z score,z,3.15,3.15,3.8902778531358355,16.0,converted
16407533,Z score,z,3.06,3.06,3.736108135345771,16.0,converted
16407533,Z score,z,3.01,3.01,3.6523854089816936,16.0,converted
16407533,Z score,z,2.82,2.82,3.345965049962036,16.0,converted
16407533,Z score,z,2.83,2.83,3.36165129941629,16.0,converted
16407533,Z score,z,3.49,3.49,4.517214634473194,16.0,converted
16407533,Z score,z,3.38,3.38,4.306157644550633,16.0,converted
16407533,Z score,z,2.88,2.88,3.440797837029177,16.0,converted
16407533,Z score,z,3.70,3.7,4.944610287125557,16.0,converted
16407533,Z,z,3.69,3.69,4.923482051132207,16.0,converted
16407533,Z,z,3.15,3.15,3.8902778531358355,16.0,converted
16407533,Z,z,3.06,3.06,3.736108135345771,16.0,converted
16407533,Z,z,3.01,3.01,3.6523854089816936,16.0,converted
16407533,Z,z,2.82,2.82,3.345965049962036,16.0,converted
16407533,Z,z,2.83,2.83,3.36165129941629,16.0,converted
16407533,Z,z,3.49,3.49,4.517214634473194,16.0,converted
16407533,Z,z,3.38,3.38,4.306157644550633,16.0,converted
16407533,Z,z,2.88,2.88,3.440797837029177,16.0,converted
16407533,Z,z,3.7,3.7,4.944610287125557,16.0,converted
37901421,t-max,t,4.05,4.05,4.05,51.0,converted
37901421,t-max,t,5.3,5.3,5.3,51.0,converted
37901421,t-max,t,3.5,3.5,3.5,51.0,converted
37901421,t-max,t,4.49,4.49,4.49,51.0,converted
37901421,t-max,t,5.79,5.79,5.79,51.0,converted
37901421,t-max,t,4.08,4.08,4.08,51.0,converted
37901421,t-max,t,3.97,3.97,3.97,51.0,converted
37901421,t-max,t,3.94,3.94,3.94,51.0,converted
37901421,t-max,t,4.22,4.22,4.22,51.0,converted
37901421,t-max,t,5.37,5.37,5.37,51.0,converted
37901421,t-max,t,6.01,6.01,6.01,51.0,converted
37901421,t-max,t,4.77,4.77,4.77,51.0,converted
37901421,t-max,t,3.78,3.78,3.78,51.0,converted
37901421,t-max,t,3.85,3.85,3.85,51.0,converted
37901421,t-max,t,4.27,4.27,4.27,51.0,converted
37901421,t-max,t,4.26,4.26,4.26,51.0,converted
37901421,t-max,t,3.89,3.89,3.89,51.0,converted
37901421,t,t,4.05,4.05,4.05,51.0,converted
37901421,t,t,3.5,3.5,3.5,51.0,converted
37901421,t,t,4.49,4.49,4.49,51.0,converted
37901421,t,t,4.08,4.08,4.08,51.0,converted
37901421,t,t,3.97,3.97,3.97,51.0,converted
37901421,t,t,3.94,3.94,3.94,51.0,converted
37901421,t,t,4.22,4.22,4.22,51.0,converted
37901421,t,t,5.3,5.3,5.3,51.0,converted
37901421,t,t,5.79,5.79,5.79,51.0,converted
37901421,t,t,5.37,5.37,5.37,51.0,converted
37901421,t,t,6.01,6.01,6.01,51.0,converted
37901421,t,t,4.27,4.27,4.27,51.0,converted
37901421,t,t,4.77,4.77,4.77,51.0,converted
37901421,t,t,3.78,3.78,3.78,51.0,converted
37901421,t,t,3.85,3.85,3.85,51.0,converted
37901421,t,t,4.26,4.26,4.26,51.0,converted
37901421,t,t,3.89,3.89,3.89,51.0,converted
39468590,t,t,12.8,12.8,12.8,118.0,converted
39468590,t,t,13.5,13.5,13.5,118.0,converted
39468590,t,t,8.8,8.8,8.8,118.0,converted
39468590,t,t,9.6,9.6,9.6,118.0,converted
39468590,t,t,6.3,6.3,6.3,118.0,converted
39468590,t,t,7.5,7.5,7.5,118.0,converted
39468590,t,t,5.7,5.7,5.7,118.0,converted
39468590,t,t,5.8,5.8,5.8,118.0,converted
39468590,t,t,4.8,4.8,4.8,118.0,converted
28480365,not_reported,unknown,highest peak score,,,45.0,failed
33776442,F-value,F,29.25,29.25,5.408326913195984,20.0,converted
33776442,F-value,F,29.06,29.06,5.390732788777422,20.0,converted
33776442,F-value,F,16.94,16.94,4.115823125451335,20.0,converted
33776442,F-value,F,14.35,14.35,3.788139384975162,20.0,converted
33776442,F-value,F,18.43,18.43,4.293017586733136,20.0,converted
33776442,F,F,29.25,29.25,5.408326913195984,20.0,converted
33776442,F,F,29.06,29.06,5.390732788777422,20.0,converted
33776442,F,F,16.94,16.94,4.115823125451335,20.0,converted
33776442,F,F,14.35,14.35,3.788139384975162,20.0,converted
33776442,F,F,18.43,18.43,4.293017586733136,20.0,converted
33776442,F,F,29.25,29.25,5.408326913195984,20.0,converted
33776442,F,F,29.06,29.06,5.390732788777422,20.0,converted
33776442,F,F,16.94,16.94,4.115823125451335,20.0,converted
33776442,F,F,14.35,14.35,3.788139384975162,20.0,converted
33776442,F,F,18.43,18.43,4.293017586733136,20.0,converted
29343693,Peak (z-score),z,5.57,5.57,6.731987745898324,47.0,converted
29343693,Peak (z-score),z,5.24,5.24,6.194387411612386,47.0,converted
29343693,Peak (z-score),z,5.09,5.09,5.959925670501586,47.0,converted
29343693,Peak (z-score),z,4.91,4.91,5.6861367705984796,47.0,converted
29343693,Peak (z-score),z,4.87,4.87,5.626368138241627,47.0,converted
29343693,Peak (z-score),z,4.77,4.77,5.4785912724137775,47.0,converted
29343693,Peak (z-score),z,4.65,4.65,5.304267395904864,47.0,converted
29343693,Peak (z-score),z,4.64,4.64,5.289884573244221,47.0,converted
29343693,Peak (z-score),z,4.62,4.62,5.261184293693191,47.0,converted
29343693,Peak (z-score),z,4.36,4.36,4.89574496159904,47.0,converted
29343693,Peak (z-score),z,4.24,4.24,4.731657848524497,47.0,converted
29343693,Peak (z-score),z,3.82,3.82,4.178023924532452,47.0,converted
29343693,Peak (z-score),z,3.69,3.69,4.012660346585133,47.0,converted
29343693,Peak (z-score),z,3.53,3.53,3.8126933964395247,47.0,converted
29343693,Peak (z-score),z,3.49,3.49,3.7632894453432084,47.0,converted
29343693,Peak (z-score),z,3.48,3.48,3.750974199972243,47.0,converted
29343693,Peak (z-score),z,3.40,3.4,3.6529582305394515,47.0,converted
29343693,Peak (z-score),z,3.19,3.19,3.3997800469847292,47.0,converted
24734108,t,t,4.98,4.98,4.98,17.0,converted
24734108,t,t,5.2,5.2,5.2,17.0,converted
24734108,t,t,7.06,7.06,7.06,17.0,converted
24734108,t,t,6.91,6.91,6.91,17.0,converted
24734108,t,t,6.31,6.31,6.31,17.0,converted
24734108,t,t,3.69,3.69,3.69,17.0,converted
24734108,t,t,3.86,3.86,3.86,17.0,converted
24734108,t,t,5.82,5.82,5.82,17.0,converted
24734108,t,t,6.03,6.03,6.03,17.0,converted
24734108,t,t,5.19,5.19,5.19,17.0,converted
24734108,t,t,3.6,3.6,3.6,17.0,converted
24734108,t,t,4.95,4.95,4.95,17.0,converted
24734108,t,t,4.16,4.16,4.16,17.0,converted
24734108,t,t,3.74,3.74,3.74,17.0,converted
24734108,t,t,4.32,4.32,4.32,17.0,converted
20423216,t-value,t,5.21,5.21,5.21,15.0,converted
20423216,t-value,t,4.82,4.82,4.82,15.0,converted
20423216,t-value,t,5.6,5.6,5.6,15.0,converted
20423216,t-value,t,4.45,4.45,4.45,15.0,converted
20423216,t-value,t,4.17,4.17,4.17,15.0,converted
20423216,t-value,t,3.78,3.78,3.78,15.0,converted
20423216,t-value,t,5,5.0,5.0,15.0,converted
20423216,t-value,t,4.21,4.21,4.21,15.0,converted
20423216,t-value,t,5.22,5.22,5.22,15.0,converted
23691237,Z value,z,5.54,5.54,7.77257045351692,28.0,converted
23691237,Z value,z,4.94,4.94,6.448931001694778,28.0,converted
23691237,Z value,z,5.57,5.57,7.845071145336657,28.0,converted
23691237,Z value,z,3.19,3.19,3.5690478344621894,28.0,converted
23691237,Z value,z,3.71,3.71,4.310469319521149,28.0,converted
23691237,Z value,z,2.75,2.75,2.9948467718913743,28.0,converted
23691237,Z value,z,3.14,3.14,3.5015656991132307,28.0,converted
23691237,Z value,z,3.36,3.36,3.803207988108692,28.0,converted
23691237,Z value,z,2.21,2.21,2.3421559827591,28.0,converted
23691237,Z value,z,2.27,2.27,2.4122742364198624,28.0,converted
23691237,Z value,z,2.43,2.43,2.602022842474971,28.0,converted
23691237,Z value,z,2.00,2.0,2.100850968865175,28.0,converted
23691237,Z value,z,2.40,2.4,2.5661275615962595,28.0,converted
23691237,Z value,z,1.52,1.52,1.5699811654070703,28.0,converted
23691237,Z value,z,2.41,2.41,2.5780759593650466,28.0,converted
23691237,Z value,z,2.10,2.1,2.21498698067372,28.0,converted
23691237,Z,z,5.54,5.54,7.77257045351692,28.0,converted
23691237,Z,z,4.94,4.94,6.448931001694778,28.0,converted
23691237,Z,z,5.57,5.57,7.845071145336657,28.0,converted
23691237,Z,z,3.19,3.19,3.5690478344621894,28.0,converted
23691237,Z,z,3.71,3.71,4.310469319521149,28.0,converted
23691237,Z,z,2.75,2.75,2.9948467718913743,28.0,converted
23691237,Z,z,3.14,3.14,3.5015656991132307,28.0,converted
23691237,Z,z,3.36,3.36,3.803207988108692,28.0,converted
23691237,Z,z,2.21,2.21,2.3421559827591,28.0,converted
23691237,Z,z,2.27,2.27,2.4122742364198624,28.0,converted
23691237,Z,z,2.43,2.43,2.602022842474971,28.0,converted
23691237,Z,z,2.0,2.0,2.100850968865175,28.0,converted
23691237,Z,z,2.4,2.4,2.5661275615962595,28.0,converted
23691237,Z,z,1.52,1.52,1.5699811654070703,28.0,converted
23691237,Z,z,2.41,2.41,2.5780759593650466,28.0,converted
23691237,Z,z,2.1,2.1,2.21498698067372,28.0,converted
23691237,Z,z,5.54,5.54,7.77257045351692,28.0,converted
23691237,Z,z,4.94,4.94,6.448931001694778,28.0,converted
23691237,Z,z,5.57,5.57,7.845071145336657,28.0,converted
23691237,Z,z,3.19,3.19,3.5690478344621894,28.0,converted
23691237,Z,z,3.71,3.71,4.310469319521149,28.0,converted
23691237,Z,z,2.75,2.75,2.9948467718913743,28.0,converted
23691237,Z,z,3.14,3.14,3.5015656991132307,28.0,converted
23691237,Z,z,3.36,3.36,3.803207988108692,28.0,converted
23691237,Z,z,2.21,2.21,2.3421559827591,28.0,converted
23691237,Z,z,2.27,2.27,2.4122742364198624,28.0,converted
23691237,Z,z,2.43,2.43,2.602022842474971,28.0,converted
23691237,Z,z,2.0,2.0,2.100850968865175,28.0,converted
23691237,Z,z,2.4,2.4,2.5661275615962595,28.0,converted
23691237,Z,z,1.52,1.52,1.5699811654070703,28.0,converted
23691237,Z,z,2.41,2.41,2.5780759593650466,28.0,converted
23691237,Z,z,2.1,2.1,2.21498698067372,28.0,converted
25452777,T,t,8.93,8.93,8.93,20.0,converted
25452777,T,t,8.03,8.03,8.03,20.0,converted
25452777,T,t,7.68,7.68,7.68,20.0,converted
25452777,T,t,7.32,7.32,7.32,20.0,converted
25452777,T,t,7.26,7.26,7.26,20.0,converted
25452777,T,t,6.35,6.35,6.35,20.0,converted
25452777,T,t,9.40,9.4,9.4,20.0,converted
25452777,T,t,6.42,6.42,6.42,20.0,converted
25452777,T,t,5.21,5.21,5.21,20.0,converted
25452777,t,t,8.93,8.93,8.93,20.0,converted
25452777,t,t,8.03,8.03,8.03,20.0,converted
25452777,t,t,7.68,7.68,7.68,20.0,converted
25452777,t,t,7.32,7.32,7.32,20.0,converted
25452777,t,t,7.26,7.26,7.26,20.0,converted
25452777,t,t,6.35,6.35,6.35,20.0,converted
25452777,t,t,9.4,9.4,9.4,20.0,converted
25452777,t,t,6.42,6.42,6.42,20.0,converted
25452777,t,t,5.21,5.21,5.21,20.0,converted
25452777,t,t,8.93,8.93,8.93,20.0,converted
25452777,t,t,8.03,8.03,8.03,20.0,converted
25452777,t,t,7.68,7.68,7.68,20.0,converted
25452777,t,t,7.32,7.32,7.32,20.0,converted
25452777,t,t,7.26,7.26,7.26,20.0,converted
25452777,t,t,6.35,6.35,6.35,20.0,converted
25452777,t,t,9.4,9.4,9.4,20.0,converted
25452777,t,t,6.42,6.42,6.42,20.0,converted
25452777,t,t,5.21,5.21,5.21,20.0,converted
35734477,t,t,3.974,3.974,3.974,105.0,converted
35734477,t,t,3.9274,3.9274,3.9274,105.0,converted
35734477,t,t,4.2434,4.2434,4.2434,105.0,converted
35734477,t,t,4.9586,4.9586,4.9586,105.0,converted
35734477,t,t,3.9919,3.9919,3.9919,105.0,converted
35734477,t,t,3.7882,3.7882,3.7882,105.0,converted
35734477,t,t,4.7224,4.7224,4.7224,105.0,converted
35734477,t,t,3.7627,3.7627,3.7627,105.0,converted
39648209,t,t,8.74,8.74,8.74,35.0,converted
39648209,t,t,9.16,9.16,9.16,35.0,converted
39648209,t,t,8.37,8.37,8.37,35.0,converted
39648209,t,t,6.79,6.79,6.79,35.0,converted
39648209,t,t,-6.88,-6.88,-6.88,35.0,converted
39648209,t,t,-7.41,-7.41,-7.41,35.0,converted
39648209,t,t,-7.29,-7.29,-7.29,35.0,converted
39648209,t,t,-7.66,-7.66,-7.66,35.0,converted
33560579,t,t,3.1301,3.1301,3.1301,12.0,converted
39877657,F,F,13.58,13.58,3.6851051545376556,27.0,converted
39877657,t,t,7.57,7.57,7.57,27.0,converted
39877657,t,t,6.48,6.48,6.48,27.0,converted
39877657,t,t,6.35,6.35,6.35,27.0,converted
39877657,t,t,6.35,6.35,6.35,27.0,converted
39877657,t,t,5.74,5.74,5.74,27.0,converted
39877657,t,t,4.89,4.89,4.89,27.0,converted
39877657,t,t,4.57,4.57,4.57,27.0,converted
39877657,t,t,4.57,4.57,4.57,27.0,converted
39877657,t,t,4.56,4.56,4.56,27.0,converted
39877657,t,t,4.47,4.47,4.47,27.0,converted
39877657,t,t,4.35,4.35,4.35,27.0,converted
39877657,t,t,4.35,4.35,4.35,27.0,converted
39877657,t,t,4.3,4.3,4.3,27.0,converted
39877657,t,t,4.3,4.3,4.3,27.0,converted
39877657,t,t,4.3,4.3,4.3,27.0,converted
39877657,t,t,4.24,4.24,4.24,27.0,converted
39877657,t,t,4.15,4.15,4.15,27.0,converted
39877657,t,t,3.8,3.8,3.8,27.0,converted
39877657,t,t,3.78,3.78,3.78,27.0,converted
29951105,t value,t,6.68,6.68,6.68,21.0,converted
29951105,t value,t,6.37,6.37,6.37,21.0,converted
41022570,T value,t,14.322,14.322,14.322,30.0,converted
41022570,T value,t,13.343,13.343,13.343,30.0,converted
34483822,NR,unknown,not_reported,,,17.0,failed
34483822,NR,unknown,not_reported,,,17.0,failed
34483822,NR,unknown,not_reported,,,17.0,failed
34483822,NR,unknown,not_reported,,,17.0,failed
34483822,NR,unknown,not_reported,,,17.0,failed
34483822,NR,unknown,not_reported,,,17.0,failed
34483822,NR,unknown,not_reported,,,17.0,failed
34483822,NR,unknown,not_reported,,,17.0,failed
34483822,NR,unknown,not_reported,,,17.0,failed
34483822,NR,unknown,not_reported,,,17.0,failed
34483822,NR,unknown,not_reported,,,17.0,failed
34483822,NR,unknown,not_reported,,,17.0,failed
34483822,NR,unknown,not_reported,,,17.0,failed
34483822,NR,unknown,not_reported,,,17.0,failed
34483822,NR,unknown,not_reported,,,17.0,failed
34483822,NR,unknown,not_reported,,,17.0,failed
34483822,NR,unknown,not_reported,,,17.0,failed
34483822,NR,unknown,not_reported,,,17.0,failed
34483822,NR,unknown,not_reported,,,17.0,failed
34483822,NR,unknown,not_reported,,,17.0,failed
34483822,NR,unknown,not_reported,,,17.0,failed
34483822,NR,unknown,not_reported,,,17.0,failed
34483822,NR,unknown,not_reported,,,17.0,failed
34483822,NR,unknown,not_reported,,,17.0,failed
34483822,NR,unknown,not_reported,,,17.0,failed
34483822,NR,unknown,not_reported,,,17.0,failed
34483822,NR,unknown,not_reported,,,17.0,failed
34483822,NR,unknown,not_reported,,,17.0,failed
34483822,NR,unknown,not_reported,,,17.0,failed
34483822,NR,unknown,not_reported,,,17.0,failed
34483822,NR,unknown,not_reported,,,17.0,failed
34483822,NR,unknown,not_reported,,,17.0,failed
34483822,NR,unknown,not_reported,,,17.0,failed
34483822,NR,unknown,not_reported,,,17.0,failed
34483822,NR,unknown,not_reported,,,17.0,failed
34483822,NR,unknown,not_reported,,,17.0,failed
34483822,NR,unknown,not_reported,,,17.0,failed
34483822,NR,unknown,not_reported,,,17.0,failed
34483822,NR,unknown,not_reported,,,17.0,failed
34483822,NR,unknown,not_reported,,,17.0,failed
34483822,NR,unknown,not_reported,,,17.0,failed
34483822,NR,unknown,not_reported,,,17.0,failed
34483822,NR,unknown,not_reported,,,17.0,failed
34483822,NR,unknown,not_reported,,,17.0,failed
34483822,NR,unknown,not_reported,,,17.0,failed
34483822,NR,unknown,not_reported,,,17.0,failed
34483822,NR,unknown,not_reported,,,17.0,failed
34483822,NR,unknown,not_reported,,,17.0,failed
23316257,t-value,t,3.9,3.9,3.9,22.0,converted
23316257,t-value,t,4.1,4.1,4.1,22.0,converted
23316257,t-value,t,3.9,3.9,3.9,22.0,converted
23316257,t-value,t,4.2,4.2,4.2,22.0,converted
23316257,t-value,t,4.3,4.3,4.3,22.0,converted
23316257,t-value,t,4.5,4.5,4.5,22.0,converted
23316257,t-value,t,4.1,4.1,4.1,22.0,converted
23316257,t-value,t,4.0,4.0,4.0,22.0,converted
23316257,t-value,t,4.0,4.0,4.0,22.0,converted
23316257,t-value,t,5.3,5.3,5.3,22.0,converted
23316257,t-value,t,4.1,4.1,4.1,22.0,converted
23316257,t-value,t,4.4,4.4,4.4,22.0,converted
23316257,t-value,t,4.3,4.3,4.3,22.0,converted
23316257,t-value,t,4.3,4.3,4.3,22.0,converted
23316257,t-value,t,4.2,4.2,4.2,22.0,converted
23316257,t-value,t,4.0,4.0,4.0,22.0,converted
23316257,t-value,t,4.4,4.4,4.4,22.0,converted
23316257,t-value,t,4.3,4.3,4.3,22.0,converted
23316257,t-value,t,3.8,3.8,3.8,22.0,converted
23316257,t-value,t,3.9,3.9,3.9,22.0,converted
23316257,t-value,t,4.5,4.5,4.5,22.0,converted
23316257,t-value,t,4.9,4.9,4.9,22.0,converted
23316257,t-value,t,5.0,5.0,5.0,22.0,converted
23316257,t-value,t,4.1,4.1,4.1,22.0,converted
23316257,t-value,t,4.4,4.4,4.4,22.0,converted
23316257,t-value,t,4.5,4.5,4.5,22.0,converted
23316257,t-value,t,5.8,5.8,5.8,22.0,converted
23316257,t-value,t,4.5,4.5,4.5,22.0,converted
23316257,t-value,t,6.4,6.4,6.4,22.0,converted
23316257,t-value,t,5.0,5.0,5.0,22.0,converted
23316257,t-value,t,5.4,5.4,5.4,22.0,converted
23316257,t-value,t,5.3,5.3,5.3,22.0,converted
23316257,t-value,t,5.7,5.7,5.7,22.0,converted
23316257,t-value,t,5.1,5.1,5.1,22.0,converted
23316257,t-value,t,4.4,4.4,4.4,22.0,converted
23316257,t-value,t,3.9,3.9,3.9,22.0,converted
23316257,t-value,t,6.4,6.4,6.4,22.0,converted
23316257,t-value,t,4.9,4.9,4.9,22.0,converted
23316257,t-value,t,4.5,4.5,4.5,22.0,converted
23316257,t-value,t,3.7,3.7,3.7,22.0,converted
23316257,t-value,t,4.0,4.0,4.0,22.0,converted
23316257,t-value,t,4.5,4.5,4.5,22.0,converted
23316257,t-value,t,3.9,3.9,3.9,22.0,converted
23316257,t-value,t,4.3,4.3,4.3,22.0,converted
23316257,t-value,t,6.6,6.6,6.6,22.0,converted
23316257,t-value,t,5.7,5.7,5.7,22.0,converted
23316257,t-value,t,4.1,4.1,4.1,22.0,converted
23316257,t-value,t,4.0,4.0,4.0,22.0,converted
23316257,t-value,t,5.5,5.5,5.5,22.0,converted
23316257,t-value,t,5.7,5.7,5.7,22.0,converted
23316257,t-value,t,4.0,4.0,4.0,22.0,converted
23316257,t-value,t,5.7,5.7,5.7,22.0,converted
23316257,t-value,t,5.3,5.3,5.3,22.0,converted
23316257,t-value,t,4.9,4.9,4.9,22.0,converted
23316257,t-value,t,4.3,4.3,4.3,22.0,converted
23316257,t-value,t,4.0,4.0,4.0,22.0,converted
23316257,t-value,t,4.6,4.6,4.6,22.0,converted
23316257,t-value,t,4.1,4.1,4.1,22.0,converted
23316257,t-value,t,4.1,4.1,4.1,22.0,converted
23316257,t-value,t,3.9,3.9,3.9,22.0,converted
20838644,not_reported,unknown,not_reported,,,10.0,failed
20838644,not_reported,unknown,not_reported,,,10.0,failed
20838644,not_reported,unknown,not_reported,,,10.0,failed
20838644,not_reported,unknown,not_reported,,,10.0,failed
20838644,not_reported,unknown,not_reported,,,10.0,failed
20838644,not_reported,unknown,not_reported,,,10.0,failed
20838644,NR,unknown,not_reported,,,10.0,failed
28443010,not_reported,unknown,not_reported,,,38.0,failed
28443010,NR,unknown,not_reported,,,38.0,failed
26161117,Peak Z-score,z,3.02,3.02,3.3420464800280842,28.0,converted
26161117,Peak Z-score,z,5.87,5.87,8.608157404181433,28.0,converted
26161117,Peak Z-score,z,-3.49,-3.49,-3.987476824218313,28.0,converted
26161117,Peak Z-score,z,-3.59,-3.59,-4.1324906623713495,28.0,converted
26161117,Peak Z-score,z,-2.88,-2.88,-3.1600774664551907,28.0,converted
26161117,Peak Z-score,z,-5.94,-5.94,-8.796804163063682,28.0,converted
26161117,Peak Z-score,z,-2.62,-2.62,-2.8329838707946005,28.0,converted
26161117,Peak Z-score,z,4.51,4.51,5.626733544052858,28.0,converted
26161117,Peak Z-score,z,-2.74,-2.74,-2.982279051451521,28.0,converted
26161117,Peak Z-score,z,2.70,2.7,2.932205377596809,28.0,converted
26161117,Peak Z-score,z,2.47,2.47,2.650119507627758,28.0,converted
26161117,Peak Z-score,z,2.42,2.42,2.590041022772526,28.0,converted
26161117,Z,z,3.02,3.02,3.3420464800280842,28.0,converted
26161117,Z,z,5.87,5.87,8.608157404181433,28.0,converted
26161117,Z,z,-3.49,-3.49,-3.987476824218313,28.0,converted
26161117,Z,z,-3.59,-3.59,-4.1324906623713495,28.0,converted
26161117,Z,z,-2.88,-2.88,-3.1600774664551907,28.0,converted
26161117,Z,z,-5.94,-5.94,-8.796804163063682,28.0,converted
26161117,Z,z,-2.62,-2.62,-2.8329838707946005,28.0,converted
26161117,Z,z,4.51,4.51,5.626733544052858,28.0,converted
26161117,Z,z,-2.74,-2.74,-2.982279051451521,28.0,converted
26161117,Z,z,2.7,2.7,2.932205377596809,28.0,converted
26161117,Z,z,2.47,2.47,2.650119507627758,28.0,converted
26161117,Z,z,2.42,2.42,2.590041022772526,28.0,converted
25741269,T-value,t,8.74,8.74,8.74,45.0,converted
25741269,T-value,t,−6.88,-6.88,-6.88,45.0,converted
25741269,T-value,t,−7.41,-7.41,-7.41,45.0,converted
25741269,T-value,t,−7.29,-7.29,-7.29,45.0,converted
25741269,T-value,t,9.16,9.16,9.16,45.0,converted
25741269,T-value,t,8.37,8.37,8.37,45.0,converted
25741269,T-value,t,−7.66,-7.66,-7.66,45.0,converted
25741269,T-value,t,6.79,6.79,6.79,45.0,converted
25741269,T-value,t,52.90,52.9,52.9,45.0,converted
25741269,T-value,t,22.59,22.59,22.59,45.0,converted
25741269,T-value,t,19.38,19.38,19.38,45.0,converted
25741269,T-value,t,13.82,13.82,13.82,45.0,converted
25741269,T-value,t,13.74,13.74,13.74,45.0,converted
25741269,T-value,t,13.86,13.86,13.86,45.0,converted
25741269,T-value,t,10.89,10.89,10.89,45.0,converted
25741269,T-value,t,12.30,12.3,12.3,45.0,converted
25741269,T-value,t,14.58,14.58,14.58,45.0,converted
25741269,T-value,t,−10.96,-10.96,-10.96,45.0,converted
25741269,T-value,t,11.29,11.29,11.29,45.0,converted
25741269,T-value,t,−11.05,-11.05,-11.05,45.0,converted
25741269,T-value,t,−10.61,-10.61,-10.61,45.0,converted
25741269,T-value,t,10.16,10.16,10.16,45.0,converted
25741269,T-value,t,−10.27,-10.27,-10.27,45.0,converted
25741269,T-value,t,11.75,11.75,11.75,45.0,converted
25741269,T-value,t,11.44,11.44,11.44,45.0,converted
25741269,T-value,t,11.95,11.95,11.95,45.0,converted
25741269,T-value,t,11.91,11.91,11.91,45.0,converted
25741269,T-value,t,15.53,15.53,15.53,45.0,converted
25741269,T-value,t,−11.65,-11.65,-11.65,45.0,converted
25741269,T-value,t,11.08,11.08,11.08,45.0,converted
25741269,T-value,t,10.41,10.41,10.41,45.0,converted
25741269,T-value,t,−9.84,-9.84,-9.84,45.0,converted
25741269,T-value,t,−10.63,-10.63,-10.63,45.0,converted
25741269,T-value,t,10.11,10.11,10.11,45.0,converted
25741269,T-value,t,10.59,10.59,10.59,45.0,converted
25741269,T-value,t,11.09,11.09,11.09,45.0,converted
25741269,T-value,t,9.81,9.81,9.81,45.0,converted
25741269,T-value,t,11.04,11.04,11.04,45.0,converted
25741269,T-value,t,10.82,10.82,10.82,45.0,converted
25741269,T-value,t,−7.79,-7.79,-7.79,45.0,converted
25741269,T-value,t,−8.45,-8.45,-8.45,45.0,converted
25741269,T-value,t,−6.03,-6.03,-6.03,45.0,converted
38651018,NR,unknown,not_reported,,,81.0,failed
38651018,NR,unknown,not_reported,,,81.0,failed
38651018,NR,unknown,not_reported,,,81.0,failed
38651018,NR,unknown,not_reported,,,81.0,failed
38651018,NR,unknown,not_reported,,,81.0,failed
38651018,NR,unknown,not_reported,,,81.0,failed
38651018,NR,unknown,not_reported,,,81.0,failed
38651018,NR,unknown,not_reported,,,81.0,failed
38651018,NR,unknown,not_reported,,,81.0,failed
38651018,NR,unknown,not_reported,,,81.0,failed
38651018,NR,unknown,not_reported,,,81.0,failed
38651018,NR,unknown,not_reported,,,81.0,failed
38651018,NR,unknown,not_reported,,,81.0,failed
38651018,NR,unknown,not_reported,,,81.0,failed
38651018,NR,unknown,not_reported,,,81.0,failed
38651018,NR,unknown,not_reported,,,81.0,failed
38651018,NR,unknown,not_reported,,,81.0,failed
38651018,NR,unknown,not_reported,,,81.0,failed
38651018,NR,unknown,not_reported,,,81.0,failed
38651018,NR,unknown,not_reported,,,81.0,failed
38651018,NR,unknown,not_reported,,,81.0,failed
38651018,NR,unknown,not_reported,,,81.0,failed
38651018,NR,unknown,not_reported,,,81.0,failed
38651018,NR,unknown,not_reported,,,81.0,failed
38651018,NR,unknown,not_reported,,,81.0,failed
38651018,NR,unknown,not_reported,,,81.0,failed
38651018,NR,unknown,not_reported,,,81.0,failed
38651018,NR,unknown,not_reported,,,81.0,failed
38651018,NR,unknown,not_reported,,,81.0,failed
38651018,NR,unknown,not_reported,,,81.0,failed
38651018,NR,unknown,not_reported,,,81.0,failed
38651018,NR,unknown,not_reported,,,81.0,failed
38651018,NR,unknown,not_reported,,,81.0,failed
38651018,NR,unknown,not_reported,,,81.0,failed
38651018,NR,unknown,not_reported,,,81.0,failed
38651018,NR,unknown,not_reported,,,81.0,failed
38651018,NR,unknown,not_reported,,,81.0,failed
38651018,NR,unknown,not_reported,,,81.0,failed
37901421,NR,unknown,not_reported,,,51.0,failed
37901421,NR,unknown,not_reported,,,51.0,failed
37901421,NR,unknown,not_reported,,,51.0,failed
37901421,NR,unknown,not_reported,,,51.0,failed
37901421,NR,unknown,not_reported,,,51.0,failed
37901421,NR,unknown,not_reported,,,51.0,failed
37901421,NR,unknown,not_reported,,,51.0,failed
31636536,NR,unknown,not_reported,,,43.0,failed
31636536,NR,unknown,not_reported,,,43.0,failed
31636536,NR,unknown,not_reported,,,43.0,failed
31636536,NR,unknown,not_reported,,,43.0,failed
31636536,NR,unknown,not_reported,,,43.0,failed
31636536,NR,unknown,not_reported,,,43.0,failed
31636536,NR,unknown,not_reported,,,43.0,failed
31636536,NR,unknown,not_reported,,,43.0,failed
31636536,NR,unknown,not_reported,,,43.0,failed
26211895,z-score (cluster peak),z,6.72,6.72,32.455463438353924,12.0,converted
26211895,z-score (cluster peak),z,5.64,5.64,16.16498360024146,12.0,converted
26211895,z-score (cluster peak),z,5.59,5.59,15.687882872236667,12.0,converted
26211895,z-score (cluster peak),z,5.51,5.51,14.95948842871962,12.0,converted
26211895,z-score (cluster peak),z,4.92,4.92,10.6820831356329,12.0,converted
26211895,z-score (cluster peak),z,4.79,4.79,9.947679540148306,12.0,converted
26211895,z-score (cluster peak),z,4.73,4.73,9.629070763204401,12.0,converted
26211895,z-score (cluster peak),z,4.66,4.66,9.272507527626955,12.0,converted
26211895,z-score (cluster peak),z,4.47,4.47,8.380282778329791,12.0,converted
26211895,z-score (cluster peak),z,3.74,3.74,5.75454587887609,12.0,converted
26211895,z-score (cluster peak),z,3.51,3.51,5.12394664464349,12.0,converted
26211895,z-score (cluster peak),z,3.45,3.45,4.97129795975176,12.0,converted
26211895,z-score (cluster peak),z,3.40,3.4,4.847531260556989,12.0,converted
26211895,z-score (cluster peak),z,3.29,3.29,4.585672800905391,12.0,converted
26211895,z-score (cluster peak),z,3.13,3.13,4.22845472910496,12.0,converted
26211895,z-score (cluster peak),z,3.01,3.01,3.9772667120610268,12.0,converted
26211895,z-score (cluster peak),z,2.93,2.93,3.8170963053224396,12.0,converted
26211895,z-score (cluster peak),z,2.87,2.87,3.700557921046965,12.0,converted
26211895,z-score (cluster peak),z,2.75,2.75,3.4761431646385392,12.0,converted
26211895,Z,z,6.72,6.72,32.455463438353924,12.0,converted
26211895,Z,z,5.64,5.64,16.16498360024146,12.0,converted
26211895,Z,z,5.59,5.59,15.687882872236667,12.0,converted
26211895,Z,z,5.51,5.51,14.95948842871962,12.0,converted
26211895,Z,z,4.92,4.92,10.6820831356329,12.0,converted
26211895,Z,z,4.79,4.79,9.947679540148306,12.0,converted
26211895,Z,z,4.73,4.73,9.629070763204401,12.0,converted
26211895,Z,z,4.66,4.66,9.272507527626955,12.0,converted
26211895,Z,z,4.47,4.47,8.380282778329791,12.0,converted
26211895,Z,z,3.74,3.74,5.75454587887609,12.0,converted
26211895,Z,z,3.51,3.51,5.12394664464349,12.0,converted
26211895,Z,z,3.45,3.45,4.97129795975176,12.0,converted
26211895,Z,z,3.4,3.4,4.847531260556989,12.0,converted
26211895,Z,z,3.29,3.29,4.585672800905391,12.0,converted
26211895,Z,z,3.13,3.13,4.22845472910496,12.0,converted
26211895,Z,z,3.01,3.01,3.9772667120610268,12.0,converted
26211895,Z,z,2.93,2.93,3.8170963053224396,12.0,converted
26211895,Z,z,2.87,2.87,3.700557921046965,12.0,converted
26211895,Z,z,2.75,2.75,3.4761431646385392,12.0,converted
26211895,Z,z,4.51,4.51,8.559460264495042,12.0,converted
26211895,Z,z,4.19,4.19,7.240504049811172,12.0,converted
26211895,Z,z,4.16,4.16,7.12923340382343,12.0,converted
26211895,Z,z,4.02,4.02,6.634667910220904,12.0,converted
26211895,Z,z,3.97,3.97,6.46735714731886,12.0,converted
26211895,Z,z,3.46,3.46,4.996421975811312,12.0,converted
26211895,Z,z,3.28,3.28,4.562549210929706,12.0,converted
26211895,Z,z,3.2,3.2,4.38145378880069,12.0,converted
26211895,Z,z,2.95,2.95,3.856616064456972,12.0,converted
26211895,Z,z,2.51,2.51,3.0586077867315393,12.0,converted
26211895,Z,z,2.48,2.48,3.0090803041673833,12.0,converted
